district_id,year,month,species,temp_c,rh,lambda_import,lambda_local_i1_mean,lambda_local_i1_p2_5,lambda_local_i1_p97_5,p_establishment_mean,p_establishment_p2_5,p_establishment_p97_5,q_extinction_mean,q_extinction_p2_5,q_extinction_p97_5,q_import_month,p_month_major_mean,p_month_major_p2_5,p_month_major_p97_5
TUR.10.4_1,2025,1,aegypti,2.7727157944429885,76.6627035987201,9.743674345105856e-4,0,0,0,0,0,0,1,1,1,9.42891771906762e-5,0,0,0
TUR.10.4_1,2025,2,aegypti,3.4530387025408666,78.01872972929112,7.288563279005163e-4,0,0,0,0,0,0,1,1,1,7.808870033665372e-5,0,0,0
TUR.10.4_1,2025,3,aegypti,3.8387143799268144,80.33849302445594,8.947319176980554e-4,0,0,0,0,0,0,1,1,1,8.658321123466983e-5,0,0,0
TUR.10.4_1,2025,4,aegypti,8.20473734070273,78.41148624138377,0.0011831183965598066,0,0,0,0,0,0,1,1,1,1.1830484108632522e-4,0,0,0
TUR.10.4_1,2025,5,aegypti,13.103286630967084,84.1166521144556,0.0016536866821037998,0,0,0,0,0,0,1,1,1,1.600213902536174e-4,0,0,0
TUR.10.4_1,2025,6,aegypti,17.328715885386746,85.52858339148244,0.0018600185588174033,0.0036561611435169854,0.0036561611435169854,0.0036561611435169854,0,0,0,1,1,1,1.859845586089648e-4,0,0,0
TUR.10.4_1,2025,7,aegypti,20.174097117255716,89.0994218122265,0.0021842835273149603,0.02873442349403186,0.02873442349403186,0.02873442349403186,0,0,0,1,1,1,2.1135993717757984e-4,0,0,0
TUR.10.4_1,2025,8,aegypti,21.26083469390869,91.83991493396837,0.0025936990027107935,0.04821220091652802,0.04821220091652802,0.04821220091652802,0,0,0,1,1,1,2.5097163064458083e-4,0,0,0
TUR.10.4_1,2025,9,aegypti,16.832815703223734,89.47135575471722,0.0020673033541503912,0.0022060239385891414,0.0022060239385891414,0.0022060239385891414,0,0,0,1,1,1,2.0670896817165385e-4,0,0,0
TUR.10.4_1,2025,10,aegypti,14.24745183832505,84.5692496184529,0.002037241177953561,0,0,0,0,0,0,1,1,1,1.9713293880829763e-4,0,0,0
TUR.10.4_1,2025,11,aegypti,8.906155396910275,82.83230937593409,0.0011817009308276337,0,0,0,0,0,0,1,1,1,1.1816311127232915e-4,0,0,0
TUR.10.4_1,2025,12,aegypti,4.970334209501743,70.2164687695517,9.719675696141759e-4,0,0,0,0,0,0,1,1,1,9.405695407194159e-5,0,0,0
TUR.10.4_1,2026,1,aegypti,1.8115797676693868,80.1125327002826,0.001108895228430962,0,0,0,0,0,0,1,1,1,1.073066836869696e-4,0,0,0
TUR.10.4_1,2026,2,aegypti,3.0632181268267553,77.09554247343175,8.294871889130389e-4,0,0,0,0,0,0,1,1,1,8.886967823973357e-5,0,0,0
TUR.10.4_1,2026,3,aegypti,6.078476447721615,72.78224149857704,0.0010182646906283473,0,0,0,0,0,0,1,1,1,9.853688917615955e-5,0,0,0
TUR.10.4_1,2026,4,aegypti,11.10763279129477,72.5617624254658,0.0013464677678529362,0,0,0,0,0,0,1,1,1,1.3463771231492228e-4,0,0,0
TUR.10.4_1,2026,5,aegypti,17.62525261149687,75.90224323994389,0.001882005910866483,0.0042274059682902414,0.0042274059682902414,0.0042274059682902414,0,0,0,1,1,1,1.821130196878462e-4,0,0,0
TUR.10.4_1,2026,6,aegypti,16.925881946788113,87.71531282263479,0.002116825369581095,0.0024161926518545566,0.0024161926518545566,0.0024161926518545566,0,0,0,1,1,1,2.1166013379070314e-4,0,0,0
TUR.10.4_1,2026,7,aegypti,21.25227170832017,81.73313458078118,0.002485860564702192,0.04107961160405329,0.04107961160405329,0.04107961160405329,0,0,0,1,1,1,2.4053821746583548e-4,0,0,0
TUR.10.4_1,2026,8,aegypti,19.769139289855957,83.774881974984,0.0029518027247460283,0.021491134574140303,0.021491134574140303,0.021491134574140303,0,0,0,1,1,1,2.856175317457188e-4,0,0,0
TUR.10.4_1,2026,9,aegypti,22.450978812049417,74.76035721956097,0.002352729313339738,0.055549959714147605,0.055549959714147605,0.055549959714147605,0,0,0,1,1,1,2.352452568282759e-4,0,0,0
TUR.10.4_1,2026,10,aegypti,13.548200663398292,83.82819126884353,0.0023185165486677953,0,0,0,0,0,0,1,1,1,2.2434739958354655e-4,0,0,0
TUR.10.4_1,2026,11,aegypti,11.63870077273425,75.7367817270083,0.0013448545971627025,0,0,0,0,0,0,1,1,1,1.3447641695218948e-4,0,0,0
TUR.10.4_1,2026,12,aegypti,6.568831123411655,70.75977321291107,0.0011061640218673475,0,0,0,0,0,0,1,1,1,1.0704240170167356e-4,0,0,0
TUR.10.4_1,2027,1,aegypti,2.6312952512491714,82.39309605477479,0.0010556501373488653,0,0,0,0,0,0,1,1,1,1.0215447258765664e-4,0,0,0
TUR.10.4_1,2027,2,aegypti,4.10417414718198,76.04988817655675,7.896582494490282e-4,0,0,0,0,0,0,1,1,1,8.460266200527311e-5,0,0,0
TUR.10.4_1,2027,3,aegypti,5.848443526884212,74.95265165482704,9.693713463266454e-4,0,0,0,0,0,0,1,1,1,9.380573025696837e-5,0,0,0
TUR.10.4_1,2027,4,aegypti,10.344501649632173,68.8018976183369,0.0012818153127784574,0,0,0,0,0,0,1,1,1,1.2817331637637874e-4,0,0,0
TUR.10.4_1,2027,5,aegypti,14.772794611313763,81.68725453144779,0.0017916388738625276,1.4626906099461383e-6,1.4626906099461383e-6,1.4626906099461383e-6,0,0,0,1,1,1,1.733693769403466e-4,0,0,0
TUR.10.4_1,2027,6,aegypti,16.155334079966824,90.16433320837697,0.0020151831614459593,8.107926992077577e-4,8.107926992077577e-4,8.107926992077577e-4,0,0,0,1,1,1,2.0149801269253587e-4,0,0,0
TUR.10.4_1,2027,7,aegypti,20.839901026557474,91.30192883126946,0.00236649863691011,0.040306890371612204,0.040306890371612204,0.040306890371612204,0,0,0,1,1,1,2.2898977495866557e-4,0,0,0
TUR.10.4_1,2027,8,aegypti,21.258151054382324,90.72874702625353,0.0028100679594536657,0.047509443248132374,0.047509443248132374,0.047509443248132374,0,0,0,1,1,1,2.7190508770169597e-4,0,0,0
TUR.10.4_1,2027,9,aegypti,20.6839461887584,89.09328110872113,0.002239759861070071,0.036432111928215286,0.036432111928215286,0.036432111928215286,0,0,0,1,1,1,2.2395090535831663e-4,0,0,0
TUR.10.4_1,2027,10,aegypti,13.879729327033546,86.98307560722243,0.0022071898681626932,0,0,0,0,0,0,1,1,1,2.135762088532056e-4,0,0,0
TUR.10.4_1,2027,11,aegypti,8.96229581973132,80.0199848520083,0.001280279600641683,0,0,0,0,0,0,1,1,1,1.280197648346748e-4,0,0,0
TUR.10.4_1,2027,12,aegypti,5.528267063200474,73.32498164796966,0.0010530500733301146,0,0,0,0,0,0,1,1,1,1.0190287916145291e-4,0,0,0
TUR.10.4_1,2028,1,aegypti,3.0632868880022537,78.05544957039979,0.0010027408839224422,0,0,0,0,0,0,1,1,1,9.703473220534775e-5,0,0,0
TUR.10.4_1,2028,2,aegypti,4.153016577296726,79.47307543241612,7.768691169545937e-4,0,0,0,0,0,0,1,1,1,8.036254147736344e-5,0,0,0
TUR.10.4_1,2028,3,aegypti,7.739366073270931,67.88737455521766,9.207863915082671e-4,0,0,0,0,0,0,1,1,1,8.910439043652296e-5,0,0,0
TUR.10.4_1,2028,4,aegypti,10.642464792027193,76.00086459831736,0.0012175706460747834,0,0,0,0,0,0,1,1,1,1.2174965251687819e-4,0,0,0
TUR.10.4_1,2028,5,aegypti,15.21073330149931,73.89347706562748,0.0017018418171748945,4.7953882420833736e-5,4.7953882420833736e-5,4.7953882420833736e-5,0,0,0,1,1,1,1.6468080803089258e-4,0,0,0
TUR.10.4_1,2028,6,aegypti,17.909264171824734,86.30735383825979,0.0019141820505500973,0.006471298397840606,0.006471298397840606,0.006471298397840606,0,0,0,1,1,1,1.9139988575933575e-4,0,0,0
TUR.10.4_1,2028,7,aegypti,20.41263204462388,88.21127636544915,0.0022478895715733593,0.03166464385400996,0.03166464385400996,0.03166464385400996,0,0,0,1,1,1,2.1751404086489678e-4,0,0,0
TUR.10.4_1,2028,8,aegypti,20.729853630065918,88.99398292713244,0.002669227170870439,0.0367888577914477,0.0367888577914477,0.0367888577914477,0,0,0,1,1,1,2.582789471069491e-4,0,0,0
TUR.10.4_1,2028,9,aegypti,18.396689947913675,85.1749156302055,0.002127502951407467,0.00934747725784234,0.00934747725784234,0.00934747725784234,0,0,0,1,1,1,2.1272766540159083e-4,0,0,0
TUR.10.4_1,2028,10,aegypti,13.963743265937355,84.63095616142165,0.0020965653686593508,0,0,0,0,0,0,1,1,1,2.028728412949432e-4,0,0,0
TUR.10.4_1,2028,11,aegypti,9.696109105558957,78.15791667573878,0.0012161119039300167,0,0,0,0,0,0,1,1,1,1.2160379605197225e-4,0,0,0
TUR.10.4_1,2028,12,aegypti,3.9012750759720802,76.00812526369232,0.0010002711352811312,0,0,0,0,0,0,1,1,1,9.679574743581831e-5,0,0,0
TUR.10.4_1,2029,1,aegypti,-0.06905628502478489,81.89533909676697,9.467095423083084e-4,0,0,0,0,0,0,1,1,1,9.161285576742006e-5,0,0,0
TUR.10.4_1,2029,2,aegypti,1.2513954032294672,74.52103380643956,7.081673875336355e-4,0,0,0,0,0,0,1,1,1,7.587219879490181e-5,0,0,0
TUR.10.4_1,2029,3,aegypti,4.555977363248958,74.16633573685829,8.693345182641761e-4,0,0,0,0,0,0,1,1,1,8.412560817139259e-5,0,0,0
TUR.10.4_1,2029,4,aegypti,7.5291644685408645,80.99514255241893,0.0011495350070543698,0,0,0,0,0,0,1,1,1,1.1494689380497913e-4,0,0,0
TUR.10.4_1,2029,5,aegypti,15.89919651255888,82.47756062275639,0.0016067459835849276,4.389945917767205e-4,4.389945917767205e-4,4.389945917767205e-4,0,0,0,1,1,1,1.5547945861449364e-4,0,0,0
TUR.10.4_1,2029,6,aegypti,18.625439251170437,88.45271669226369,0.001807221029905893,0.011588576962487529,0.011588576962487529,0.011588576962487529,0,0,0,1,1,1,1.8070577373507923e-4,0,0,0
TUR.10.4_1,2029,7,aegypti,20.593732889960794,87.38492901437493,0.0021222815800023102,0.034082487449779354,0.034082487449779354,0.034082487449779354,0,0,0,1,1,1,2.0536099892998205e-4,0,0,0
TUR.10.4_1,2029,8,aegypti,23.094706535339355,87.40546669178087,0.0025200755985602214,0.08316560570123038,0.08316560570123038,0.08316560570123038,5.1885162832832066e-12,5.1885162832832066e-12,5.1885162832832066e-12,0.9999999999948115,0.9999999999948115,0.9999999999948115,2.4384854784031962e-4,1.2652121611244624e-15,1.2652121611244624e-15,1.2652121611244624e-15
TUR.10.4_1,2029,9,aegypti,20.609277304481058,82.10453446565472,0.0020086219457890607,0.031541640803524444,0.031541640803524444,0.031541640803524444,0,0,0,1,1,1,2.0084202311887456e-4,0,0,0
TUR.10.4_1,2029,10,aegypti,15.26201539881089,82.56282566825759,0.0019794130990439026,7.084093780175675e-5,7.084093780175675e-5,7.084093780175675e-5,0,0,0,1,1,1,1.9153776065961026e-4,0,0,0
TUR.10.4_1,2029,11,aegypti,8.696533967466916,78.67714274995753,0.0011481577767744834,0,0,0,0,0,0,1,1,1,1.1480918659834138e-4,0,0,0
TUR.10.4_1,2029,12,aegypti,2.803877867758274,84.50752254152435,9.443777987409313e-4,0,0,0,0,0,0,1,1,1,9.138722381141218e-5,0,0,0
TUR.10.4_1,2030,1,aegypti,2.0812694007147323,81.11514195321229,0.001118426643710194,0,0,0,0,0,0,1,1,1,1.0822897930951036e-4,0,0,0
TUR.10.4_1,2030,2,aegypti,3.3394844632677954,79.3242183157169,8.366169759872602e-4,0,0,0,0,0,0,1,1,1,8.963351581781076e-5,0,0,0
TUR.10.4_1,2030,3,aegypti,6.097055930753841,81.20865598832313,0.0010270170987745075,0,0,0,0,0,0,1,1,1,9.938381259599893e-5,0,0,0
TUR.10.4_1,2030,4,aegypti,9.553248559727388,75.92681369499705,0.0013580412178295096,0,0,0,0,0,0,1,1,1,1.357949008206072e-4,0,0,0
TUR.10.4_1,2030,5,aegypti,14.085527307846966,82.1176286769556,0.0018981825337200404,0,0,0,0,0,0,1,1,1,1.8367821299947185e-4,0,0,0
TUR.10.4_1,2030,6,aegypti,16.334979618296902,87.55794130163869,0.0021350203632592973,0.00105779310239354,0.00105779310239354,0.00105779310239354,0,0,0,1,1,1,2.1347924638814852e-4,0,0,0
TUR.10.4_1,2030,7,aegypti,21.730730112861185,88.12659771554681,0.002507227569231527,0.0544563799985588,0.0544563799985588,0.0544563799985588,0,0,0,1,1,1,2.4260549258159347e-4,0,0,0
TUR.10.4_1,2030,8,aegypti,21.35123348236084,88.89104713611681,0.002977174695758774,0.04780610173204675,0.04780610173204675,0.04780610173204675,0,0,0,1,1,1,2.8807217947413033e-4,0,0,0
TUR.10.4_1,2030,9,aegypti,17.787962492774515,89.38860734163129,0.002372951999442187,0.006045524741408642,0.006045524741408642,0.006045524741408642,0,0,0,1,1,1,2.3726704766513507e-4,0,0,0
TUR.10.4_1,2030,10,aegypti,15.952996310065773,89.45556401054274,0.0023384451618410993,5.485424815091425e-4,5.485424815091425e-4,5.485424815091425e-4,0,0,0,1,1,1,2.2627554052168097e-4,0,0,0
TUR.10.4_1,2030,11,aegypti,8.339932252379025,80.52697337739893,0.0013564141812668553,0,0,0,0,0,0,1,1,1,1.3563221924539626e-4,0,0,0
TUR.10.4_1,2030,12,aegypti,7.568289913237095,68.54917903566498,0.001115671961291238,0,0,0,0,0,0,1,1,1,1.0796242595634276e-4,0,0,0
TUR.10.4_1,2031,1,aegypti,7.0872639292467605,75.07182988045838,0.0010699069054101512,0,0,0,0,0,0,1,1,1,1.0353401792650985e-4,0,0,0
TUR.10.4_1,2031,2,aegypti,-0.005418528980739801,82.81417040311925,8.003227434056613e-4,0,0,0,0,0,0,1,1,1,8.574518903603501e-5,0,0,0
TUR.10.4_1,2031,3,aegypti,4.4884350487195395,71.35575834428016,9.824629019101485e-4,0,0,0,0,0,0,1,1,1,9.507253534357663e-5,0,0,0
TUR.10.4_1,2031,4,aegypti,9.802941953434663,78.92804202751658,0.0012991264871582392,0,0,0,0,0,0,1,1,1,1.2990421043312939e-4,0,0,0
TUR.10.4_1,2031,5,aegypti,15.473847277024213,84.3760515285181,0.0018158353182814988,1.535666984979778e-4,1.535666984979778e-4,1.535666984979778e-4,0,0,0,1,1,1,1.7571055963438997e-4,0,0,0
TUR.10.4_1,2031,6,aegypti,18.34330996345071,82.86524568396291,0.0020423986165643525,0.008572107147951218,0.008572107147951218,0.008572107147951218,0,0,0,1,1,1,2.0421900611578003e-4,0,0,0
TUR.10.4_1,2031,7,aegypti,19.880952891181497,89.76913769357415,0.0023984586783955468,0.024959903370232964,0.024959903370232964,0.024959903370232964,0,0,0,1,1,1,2.3208196917312574e-4,0,0,0
TUR.10.4_1,2031,8,aegypti,22.842034339904785,86.93377174549181,0.002848018494121329,0.07656336403989276,0.07656336403989276,0.07656336403989276,4.979350265443827e-13,4.979350265443827e-13,4.979350265443827e-13,0.9999999999995021,0.9999999999995021,0.9999999999995021,2.7557671473921186e-4,1.3721929876868325e-16,1.3721929876868325e-16,1.3721929876868325e-16
TUR.10.4_1,2031,9,aegypti,18.73101573831895,87.38796647249066,0.002270008269820764,0.012204370651389133,0.012204370651389133,0.012204370651389133,0,0,0,1,1,1,2.269750642437396e-4,0,0,0
TUR.10.4_1,2031,10,aegypti,17.133945521186376,80.60846470634353,0.0022369984125888247,0.002753941309755112,0.002753941309755112,0.002753941309755112,0,0,0,1,1,1,2.1646028643818038e-4,0,0,0
TUR.10.4_1,2031,11,aegypti,7.03617220065173,83.1657596933169,0.0012975700349192583,0,0,0,0,0,0,1,1,1,1.2974858541603407e-4,0,0,0
TUR.10.4_1,2031,12,aegypti,6.346404708921909,68.79244990968841,0.001067271727002316,0,0,0,0,0,0,1,1,1,1.0327902703166636e-4,0,0,0
TUR.10.4_1,2032,1,aegypti,3.420297610162593,80.62798222420838,9.436807622012001e-4,0,0,0,0,0,0,1,1,1,9.131977482468301e-5,0,0,0
TUR.10.4_1,2032,2,aegypti,2.7858077388338964,84.3694072195255,7.311125457960161e-4,0,0,0,0,0,0,1,1,1,7.562947227102157e-5,0,0,0
TUR.10.4_1,2032,3,aegypti,3.038943547865047,83.96775022660438,8.665532818049753e-4,0,0,0,0,0,0,1,1,1,8.385647886233194e-5,0,0,0
TUR.10.4_1,2032,4,aegypti,8.550466691746431,76.36912784294627,0.0011458573333791879,0,0,0,0,0,0,1,1,1,1.1457916864354711e-4,0,0,0
TUR.10.4_1,2032,5,aegypti,15.885250933030072,78.6175066066431,0.0016016055682254366,3.94926340705283e-4,3.94926340705283e-4,3.94926340705283e-4,0,0,0,1,1,1,1.5498207628461547e-4,0,0,0
TUR.10.4_1,2032,6,aegypti,19.066153133616726,82.75570283728322,0.001801439240603146,0.014113624462475813,0.014113624462475813,0.014113624462475813,0,0,0,1,1,1,1.801276991179046e-4,0,0,0
TUR.10.4_1,2032,7,aegypti,21.228212412665872,90.21097881906243,0.0021154918267105873,0.04644301752382957,0.04644301752382957,0.04644301752382957,0,0,0,1,1,1,2.0470406075212555e-4,0,0,0
TUR.10.4_1,2032,8,aegypti,19.789685249328613,89.79706062488634,0.002512013194517353,0.023848110460661535,0.023848110460661535,0.023848110460661535,0,0,0,1,1,1,2.430685051453274e-4,0,0,0
TUR.10.4_1,2032,9,aegypti,19.41162639505723,85.7099726980766,0.002002195820435688,0.018202974954987707,0.018202974954987707,0.018202974954987707,0,0,0,1,1,1,2.0019953944072633e-4,0,0,0
TUR.10.4_1,2032,10,aegypti,14.348957117866066,86.99229191581618,0.0019730804206983185,0,0,0,0,0,0,1,1,1,1.9092503801387828e-4,0,0,0
TUR.10.4_1,2032,11,aegypti,3.6267109408098115,88.24026836030909,0.0011444845092317933,0,0,0,0,0,0,1,1,1,1.1444190194909165e-4,0,0,0
TUR.10.4_1,2032,12,aegypti,4.711878456175327,72.46118159914154,9.413564785127152e-4,0,0,0,0,0,0,1,1,1,9.109486466041261e-5,0,0,0
TUR.10.4_1,2033,1,aegypti,2.293148683904506,79.93535527108338,0.0010881121453231366,0,0,0,0,0,0,1,1,1,1.0529563137973152e-4,0,0,0
TUR.10.4_1,2033,2,aegypti,2.1726217370562475,80.64141039335362,8.139408137983681e-4,0,0,0,0,0,0,1,1,1,8.720414183327474e-5,0,0,0
TUR.10.4_1,2033,3,aegypti,5.702783126493587,74.81544462357704,9.99180218850939e-4,0,0,0,0,0,0,1,1,1,9.669018509150806e-5,0,0,0
TUR.10.4_1,2033,4,aegypti,9.368114625706392,76.47416171745799,0.0013212320640607108,0,0,0,0,0,0,1,1,1,1.321144785195738e-4,0,0,0
TUR.10.4_1,2033,5,aegypti,14.300975687363568,79.99907551533451,0.001846733069706997,0,0,0,0,0,0,1,1,1,1.7870013474852176e-4,0,0,0
TUR.10.4_1,2033,6,aegypti,19.336762035594266,80.08948884802541,0.0020771515063947527,0.016091425035954742,0.016091425035954742,0.016091425035954742,0,0,0,1,1,1,2.076935793411394e-4,0,0,0
TUR.10.4_1,2033,7,aegypti,20.741363581489114,91.57211620919915,0.0024392701877341406,0.03898936008814681,0.03898936008814681,0.03898936008814681,0,0,0,1,1,1,2.3603054567145065e-4,0,0,0
TUR.10.4_1,2033,8,aegypti,20.70390224456787,90.51702369861681,0.0028964795889137042,0.037457833898544235,0.037457833898544235,0.037457833898544235,0,0,0,1,1,1,2.8026519471713307e-4,0,0,0
TUR.10.4_1,2033,9,aegypti,17.630489882300882,87.16402085481488,0.0023086341025428223,0.005058083598897134,0.005058083598897134,0.005058083598897134,0,0,0,1,1,1,2.308367633477859e-4,0,0,0
TUR.10.4_1,2033,10,aegypti,14.004682596992042,85.539853561324,0.0022750625587123936,0,0,0,0,0,0,1,1,1,2.2014310934037606e-4,0,0,0
TUR.10.4_1,2033,11,aegypti,11.30773382327136,79.33322490327784,0.0013196491276610237,0,0,0,0,0,0,1,1,1,1.3195620577999279e-4,0,0,0
TUR.10.4_1,2033,12,aegypti,7.527955211699009,74.3264312329306,0.0010854321274485351,0,0,0,0,0,0,1,1,1,1.0503630208669179e-4,0,0,0
TUR.10.4_1,2034,1,aegypti,2.9014723175753128,75.78351506112244,0.0011076159297379955,0,0,0,0,0,0,1,1,1,1.0718289386490998e-4,0,0,0
TUR.10.4_1,2034,2,aegypti,3.471599112086765,77.9221187063419,8.285302347758024e-4,0,0,0,0,0,0,1,1,1,8.876715654593248e-5,0,0,0
TUR.10.4_1,2034,3,aegypti,4.95432950939764,74.93074003373329,0.0010170899496299054,0,0,0,0,0,0,1,1,1,9.84232157590359e-5,0,0,0
TUR.10.4_1,2034,4,aegypti,8.342322026982027,78.83771762566111,0.0013449143889480845,0,0,0,0,0,0,1,1,1,1.3448239532665163e-4,0,0,0
TUR.10.4_1,2034,5,aegypti,14.842333681443158,74.5702882838892,0.0018798346978968561,3.7834406701124254e-6,3.7834406701124254e-6,3.7834406701124254e-6,0,0,0,1,1,1,1.8190294054676315e-4,0,0,0
TUR.10.4_1,2034,6,aegypti,17.752832973704617,85.54352937536916,0.0021143832525450474,0.005506344696599309,0.005506344696599309,0.005506344696599309,0,0,0,1,1,1,2.1141597374718657e-4,0,0,0
TUR.10.4_1,2034,7,aegypti,21.009687479804544,94.78009350412103,0.0024829927029874116,0.04560438322715604,0.04560438322715604,0.04560438322715604,0,0,0,1,1,1,0.00024026074918048757,0,0,0
TUR.10.4_1,2034,8,aegypti,22.404242515563965,94.62647499256212,0.002948397319734948,0.07595395123734797,0.07595395123734797,0.07595395123734797,3.9690473130349346e-13,3.9690473130349346e-13,3.9690473130349346e-13,0.9999999999996031,0.9999999999996031,0.9999999999996031,2.852880704945493e-4,1.132321849637312e-16,1.132321849637312e-16,1.132321849637312e-16
TUR.10.4_1,2034,9,aegypti,19.345094260047464,84.39038499055707,0.0023500150410998635,0.01713817731583935,0.01713817731583935,0.01713817731583935,0,0,0,1,1,1,2.349738934194212e-4,0,0,0
TUR.10.4_1,2034,10,aegypti,15.88297658808091,80.50563572685134,0.0023158417466537864,4.091450817604911e-4,4.091450817604911e-4,4.091450817604911e-4,0,0,0,1,1,1,2.2408860581490941e-4,0,0,0
TUR.10.4_1,2034,11,aegypti,10.381844808073605,78.50331462495753,0.0013433030793238037,0,0,0,0,0,0,1,1,1,1.343212860205334e-4,0,0,0
TUR.10.4_1,2034,12,aegypti,5.088896907866001,79.13405604982513,0.0011048878740843114,0,0,0,0,0,0,1,1,1,1.0691891674108334e-4,0,0,0
TUR.10.4_1,2035,1,aegypti,3.25796352565179,75.98173436043885,0.0010714504373884784,0,0,0,0,0,0,1,1,1,1.0368337651245341e-4,0,0,0
TUR.10.4_1,2035,2,aegypti,5.037542114787571,74.83914141142003,8.014773520367323e-4,0,0,0,0,0,0,1,1,1,8.586888648864921e-5,0,0,0
TUR.10.4_1,2035,3,aegypti,3.5717179962598222,82.28731504594032,9.83880280281061e-4,0,0,0,0,0,0,1,1,1,9.520968794229923e-5,0,0,0
TUR.10.4_1,2035,4,aegypti,10.434493219151216,75.82954654411814,0.0013010007093608258,0,0,0,0,0,0,1,1,1,1.3009160828880706e-4,0,0,0
TUR.10.4_1,2035,5,aegypti,12.896180040696088,83.75161610371342,0.0018184549853450262,0,0,0,0,0,0,1,1,1,1.7596403122432935e-4,0,0,0
TUR.10.4_1,2035,6,aegypti,18.266579235301297,83.48253999548635,0.0020453451416883772,0.008272278829715114,0.008272278829715114,0.008272278829715114,0,0,0,1,1,1,2.0451359841111572e-4,0,0,0
TUR.10.4_1,2035,7,aegypti,20.77722173578599,90.08864147775384,0.0024019188838116253,0.038473507625391395,0.038473507625391395,0.038473507625391395,0,0,0,1,1,1,2.324167499910823e-4,0,0,0
TUR.10.4_1,2035,8,aegypti,20.23568820953369,86.94066871814806,0.0028521272699394066,0.028655278171284323,0.028655278171284323,0.028655278171284323,0,0,0,1,1,1,2.75974228550635e-4,0,0,0
TUR.10.4_1,2035,9,aegypti,20.56753688700059,82.38528092561566,0.002273283162559392,0.031147640968043205,0.031147640968043205,0.031147640968043205,0,0,0,1,1,1,2.2730247913216317e-4,0,0,0
TUR.10.4_1,2035,10,aegypti,13.552136477302101,82.61310337821853,0.002240225682707223,0,0,0,0,0,0,1,1,1,2.1677253524843287e-4,0,0,0
TUR.10.4_1,2035,11,aegypti,7.138646413298215,81.64822734468409,0.0012994420116612432,0,0,0,0,0,0,1,1,1,1.2993575878406105e-4,0,0,0
TUR.10.4_1,2035,12,aegypti,7.958253063261509,73.49933620119232,0.001068811457264699,0,0,0,0,0,0,1,1,1,1.0342801778584487e-4,0,0,0
TUR.10.4_1,2036,1,aegypti,5.890565740465022,74.74159916756776,0.001183952796833043,0,0,0,0,0,0,1,1,1,1.1456951352484257e-4,0,0,0
TUR.10.4_1,2036,2,aegypti,5.360874901347629,80.88906816923253,9.17262254425789e-4,0,0,0,0,0,0,1,1,1,9.488469689611367e-5,0,0,0
TUR.10.4_1,2036,3,aegypti,4.9154653736554526,79.58031431351844,0.0010871877680379272,0,0,0,0,0,0,1,1,1,1.0520618492870781e-4,0,0,0
TUR.10.4_1,2036,4,aegypti,12.149442827000337,76.59858188347361,0.001437605860970911,0,0,0,0,0,0,1,1,1,1.4375025303925426e-4,0,0,0
TUR.10.4_1,2036,5,aegypti,15.228549845078412,80.93826924092045,0.002009392866609684,5.9589662453905765e-5,5.9589662453905765e-5,5.9589662453905765e-5,0,0,0,1,1,1,1.9443846857836178e-4,0,0,0
TUR.10.4_1,2036,6,aegypti,20.13701685737161,81.74438844519338,0.002260106502819811,0.025227454532323744,0.025227454532323744,0.025227454532323744,0,0,0,1,1,1,2.259851117989431e-4,0,0,0
TUR.10.4_1,2036,7,aegypti,21.111814554999857,85.72367413156243,0.002654120509004754,0.04121185026167823,0.04121185026167823,0.04121185026167823,0,0,0,1,1,1,2.568173886063896e-4,0,0,0
TUR.10.4_1,2036,8,aegypti,20.531723976135254,90.99512733631212,0.0031516008023656466,0.03494051710195997,0.03494051710195997,0.03494051710195997,0,0,0,1,1,1,3.04947120207566e-4,0,0,0
TUR.10.4_1,2036,9,aegypti,17.962399061988382,88.61554368196332,0.0025119780293951276,0.006923767574971478,0.006923767574971478,0.006923767574971478,0,0,0,1,1,1,2.511662554129934e-4,0,0,0
TUR.10.4_1,2036,10,aegypti,17.38527971155503,81.76816319267165,0.0024754495121987355,0.0037114729032334715,0.0037114729032334715,0.0037114729032334715,0,0,0,1,1,1,2.3953093809581105e-4,0,0,0
TUR.10.4_1,2036,11,aegypti,12.881497670622434,77.77126659028956,0.0014358834999204683,0,0,0,0,0,0,1,1,1,1.43578041678305e-4,0,0,0
TUR.10.4_1,2036,12,aegypti,6.8016873970627785,76.49552913332123,0.00118103672363982,0,0,0,0,0,0,1,1,1,1.1428734518503791e-4,0,0,0
TUR.10.4_1,2037,1,aegypti,3.854436981080867,80.03665837166932,0.0011809812143385758,0,0,0,0,0,0,1,1,1,1.1428197393104078e-4,0,0,0
TUR.10.4_1,2037,2,aegypti,8.924288998179904,69.39387468778722,8.83409687880897e-4,0,0,0,0,0,0,1,1,1,9.464655871904704e-5,0,0,0
TUR.10.4_1,2037,3,aegypti,7.742962379118099,75.23202482377235,0.0010844590544031082,0,0,0,0,0,0,1,1,1,1.0494214361411736e-4,0,0,0
TUR.10.4_1,2037,4,aegypti,11.686494027867036,77.23005923943064,0.001433997639070653,0,0,0,0,0,0,1,1,1,1.433894826523563e-4,0,0,0
TUR.10.4_1,2037,5,aegypti,16.63603676066679,84.2167726588892,0.002004349526467326,0.0015736946470951238,0.0015736946470951238,0.0015736946470951238,0,0,0,1,1,1,1.9395049818282661e-4,0,0,0
TUR.10.4_1,2037,6,aegypti,18.7235990412095,87.66440950232229,0.002254433900890599,0.012213342089242303,0.012213342089242303,0.012213342089242303,0,0,0,1,1,1,2.254179796375988e-4,0,0,0
TUR.10.4_1,2037,7,aegypti,22.28196912653306,88.15729839914056,0.002647458978187088,0.06547287979963566,0.06547287979963566,0.06547287979963566,5.773159728050814e-15,5.773159728050814e-15,5.773159728050814e-15,0.9999999999999942,0.9999999999999942,0.9999999999999942,2.561728896869342e-4,1.4789270101590122e-18,1.4789270101590122e-18,1.4789270101590122e-18
TUR.10.4_1,2037,8,aegypti,22.94688129425049,93.72557319812853,0.0031436906544282375,0.08883530617322612,0.08883530617322612,0.08883530617322612,3.342326415634034e-11,3.342326415634034e-11,3.342326415634034e-11,0.9999999999665767,0.9999999999665767,0.9999999999665767,3.0418185516356555e-4,1.0166750496697508e-14,1.0166750496697508e-14,1.0166750496697508e-14
TUR.10.4_1,2037,9,aegypti,20.16096263773301,78.94185288606488,0.0025056732595102097,0.024357913267642087,0.024357913267642087,0.024357913267642087,0,0,0,1,1,1,2.505359365804205e-4,0,0,0
TUR.10.4_1,2037,10,aegypti,17.191452082465673,78.19503544608962,0.0024692364246026214,0.002824165231789375,0.002824165231789375,0.002824165231789375,0,0,0,1,1,1,2.389298153954167e-4,0,0,0
TUR.10.4_1,2037,11,aegypti,8.993366528959836,80.02847636812159,0.0014322796009441985,0,0,0,0,0,0,1,1,1,1.432177034598192e-4,0,0,0
TUR.10.4_1,2037,12,aegypti,7.296200908720493,73.2163238110556,0.0011780724601466478,0,0,0,0,0,0,1,1,1,1.1400051371979192e-4,0,0,0
TUR.10.4_1,2038,1,aegypti,3.6935728663195144,84.1640463721576,0.0010908692051408604,0,0,0,0,0,0,1,1,1,1.0556241549031231e-4,0,0,0
TUR.10.4_1,2038,2,aegypti,4.017627964549534,78.79652361356847,8.16003177977809e-4,0,0,0,0,0,0,1,1,1,8.742509013026645e-5,0,0,0
TUR.10.4_1,2038,3,aegypti,5.156195897718563,76.2446591011161,0.0010017119428500684,0,0,0,0,0,0,1,1,1,9.693516692022008e-5,0,0,0
TUR.10.4_1,2038,4,aegypti,13.207946931614595,67.31465396599314,0.001324579803399314,0,0,0,0,0,0,1,1,1,1.324492081690165e-4,0,0,0
TUR.10.4_1,2038,5,aegypti,13.743536836960736,81.89726124531498,0.0018514123241041064,0,0,0,0,0,0,1,1,1,1.7915288479575242e-4,0,0,0
TUR.10.4_1,2038,6,aegypti,17.909786785350125,89.68525300818166,0.0020824145952943853,0.00667437353676889,0.00667437353676889,0.00667437353676889,0,0,0,1,1,1,2.0821977878171527e-4,0,0,0
TUR.10.4_1,2038,7,aegypti,20.775335367988138,92.6561616193554,0.002445450813369173,0.039917617087166075,0.039917617087166075,0.039917617087166075,0,0,0,1,1,1,2.3662852937833545e-4,0,0,0
TUR.10.4_1,2038,8,aegypti,22.73649501800537,87.36932624988634,0.0029038186922605196,0.07469438384581706,0.07469438384581706,0.07469438384581706,2.468025783741723e-13,2.468025783741723e-13,2.468025783741723e-13,0.9999999999997532,0.9999999999997532,0.9999999999997532,2.809752312183944e-4,6.934541152397897e-17,6.934541152397897e-17,6.934541152397897e-17
TUR.10.4_1,2038,9,aegypti,18.774436529944925,85.32510789094769,0.002314483722313455,0.012211360866320013,0.012211360866320013,0.012211360866320013,0,0,0,1,1,1,2.3142159012312646e-4,0,0,0
TUR.10.4_1,2038,10,aegypti,15.576826151679542,85.469785201949,0.0022808271148662736,2.0989231754202286e-4,2.0989231754202286e-4,2.0989231754202286e-4,0,0,0,1,1,1,2.207008466487137e-4,0,0,0
TUR.10.4_1,2038,11,aegypti,6.997642327757443,79.11803783052393,0.0013229928561535387,0,0,0,0,0,0,1,1,1,1.322905344507408e-4,0,0,0
TUR.10.4_1,2038,12,aegypti,4.791427053511143,72.12359614992279,0.0010881823966338554,0,0,0,0,0,0,1,1,1,1.053024291777227e-4,0,0,0
TUR.10.4_1,2039,1,aegypti,6.804651128648616,71.53470524666932,0.0012055403235819665,0,0,0,0,0,0,1,1,1,1.1665838748575741e-4,0,0,0
TUR.10.4_1,2039,2,aegypti,4.156183252864353,79.3109126516544,9.017806448173185e-4,0,0,0,0,0,0,1,1,1,9.661468730226552e-5,0,0,0
TUR.10.4_1,2039,3,aegypti,7.7016263195477865,80.02722135697547,0.001107010935892592,0,0,0,0,0,0,1,1,1,1.0712435234705442e-4,0,0,0
TUR.10.4_1,2039,4,aegypti,12.568567430271822,76.57256564812205,0.001463818354459784,0,0,0,0,0,0,1,1,1,1.463711221478814e-4,0,0,0
TUR.10.4_1,2039,5,aegypti,14.855802423813763,79.74120960957279,0.0020460310014855537,4.874747979664973e-6,4.874747979664973e-6,4.874747979664973e-6,0,0,0,1,1,1,1.9798339884347094e-4,0,0,0
TUR.10.4_1,2039,6,aegypti,19.435989940867703,80.9596518118926,0.0023013160085666173,0.01714440395158048,0.01714440395158048,0.01714440395158048,0,0,0,1,1,1,2.301051226110129e-4,0,0,0
TUR.10.4_1,2039,7,aegypti,21.0403709972606,85.82603771798821,0.0027025142436504826,0.04010606531395936,0.04010606531395936,0.04010606531395936,0,0,0,1,1,1,2.614994395421233e-4,0,0,0
TUR.10.4_1,2039,8,aegypti,21.18917751312256,92.67400612049181,0.00320906531176584,0.04735214802005552,0.04735214802005552,0.04735214802005552,0,0,0,1,1,1,3.1050649046848733e-4,0,0,0
TUR.10.4_1,2039,9,aegypti,18.952447470496683,85.66840012727582,0.002557780018331957,0.013752116100857366,0.013752116100857366,0.013752116100857366,0,0,0,1,1,1,2.557452934288662e-4,0,0,0
TUR.10.4_1,2039,10,aegypti,13.515142496894386,93.81210850517165,0.002520585460779745,0,0,0,0,0,0,1,1,1,2.4389787731238233e-4,0,0,0
TUR.10.4_1,2039,11,aegypti,9.556710530729855,66.75461925142237,0.0014620645888505214,0,0,0,0,0,0,1,1,1,1.4619577124164174e-4,0,0,0
TUR.10.4_1,2039,12,aegypti,7.755565799772739,67.19875331545013,0.0012025710803567722,0,0,0,0,0,0,1,1,1,1.1637107484729903e-4,0,0,0
TUR.10.4_1,2040,1,aegypti,5.892771112321712,72.42417057870057,0.0010208391918327105,0,0,0,0,0,0,1,1,1,9.878600987300867e-5,0,0,0
TUR.10.4_1,2040,2,aegypti,2.7685369353823583,82.59032396757237,7.908907019024654e-4,0,0,0,0,0,0,1,1,1,8.181293264664102e-5,0,0,0
TUR.10.4_1,2040,3,aegypti,2.7572186180554765,76.59444395219032,9.374055160501068e-4,0,0,0,0,0,0,1,1,1,9.071254821146901e-5,0,0,0
TUR.10.4_1,2040,4,aegypti,9.3718701951644,79.42784366325877,0.0012395463815897923,0,0,0,0,0,0,1,1,1,1.239469561001849e-4,0,0,0
TUR.10.4_1,2040,5,aegypti,14.99155891642851,83.42489491230717,0.0017325580846729533,1.7425074987227518e-5,1.7425074987227518e-5,1.7425074987227518e-5,0,0,0,1,1,1,1.676528561088686e-4,0,0,0
TUR.10.4_1,2040,6,aegypti,19.70697077582864,84.95318971472463,0.0019487308125509533,0.021157919974740556,0.021157919974740556,0.021157919974740556,0,0,0,1,1,1,1.9485409472952409e-4,0,0,0
TUR.10.4_1,2040,7,aegypti,22.51120954401353,83.53991253488275,0.002288461366607262,0.06540107019149416,0.06540107019149416,0.06540107019149416,5.662137425588298e-15,5.662137425588298e-15,5.662137425588298e-15,0.9999999999999943,0.9999999999999943,0.9999999999999943,2.214394818779164e-4,1.2538207778438322e-18,1.2538207778438322e-18,1.2538207778438322e-18
TUR.10.4_1,2040,8,aegypti,21.204779624938965,86.35434211902697,0.002717403620036347,0.04337276108141128,0.04337276108141128,0.04337276108141128,0,0,0,1,1,1,2.629399690999845e-4,0,0,0
TUR.10.4_1,2040,9,aegypti,19.93745189554551,82.87814744172894,0.0021659019078197755,0.0230963549466185,0.0230963549466185,0.0230963549466185,0,0,0,1,1,1,2.16566736819912e-4,0,0,0
TUR.10.4_1,2040,10,aegypti,13.954187449286964,85.9249396208943,0.002134405937648195,0,0,0,0,0,0,1,1,1,2.0653408222015557e-4,0,0,0
TUR.10.4_1,2040,11,aegypti,7.973475743742551,79.70072520845362,0.0012380613108441667,0,0,0,0,0,0,1,1,1,1.2379846742160971e-4,0,0,0
TUR.10.4_1,2040,12,aegypti,4.404608644545078,78.40757747316498,0.0010183248670979262,0,0,0,0,0,0,1,1,1,9.85427121316107e-5,0,0,0
TUR.10.4_1,2041,1,aegypti,5.987971174119807,75.8693915259662,0.0012213928100552893,0,0,0,0,0,0,1,1,1,1.1819231893639426e-4,0,0,0
TUR.10.4_1,2041,2,aegypti,3.0517129998736303,78.23828844511144,9.136387844367344e-4,0,0,0,0,0,0,1,1,1,9.788507870411856e-5,0,0,0
TUR.10.4_1,2041,3,aegypti,7.097349185606136,78.93125883256141,0.0011215677910585108,0,0,0,0,0,0,1,1,1,1.0853292836510153e-4,0,0,0
TUR.10.4_1,2041,4,aegypti,12.937622224583345,71.4874216051533,0.0014830671180304014,0,0,0,0,0,0,1,1,1,1.482957149062658e-4,0,0,0
TUR.10.4_1,2041,5,aegypti,16.930980570176068,80.08009968525639,0.0020729356832623336,0.0021486838686138525,0.0021486838686138525,0.0021486838686138525,0,0,0,1,1,1,2.005865588510236e-4,0,0,0
TUR.10.4_1,2041,6,aegypti,19.567211712107937,88.22448335486135,0.002331577610093348,0.020626118452643203,0.020626118452643203,0.020626118452643203,0,0,0,1,1,1,2.331305818509266e-4,0,0,0
TUR.10.4_1,2041,7,aegypti,19.959877070258646,89.357600523164,0.002738051479239698,0.02595802151883395,0.02595802151883395,0.02595802151883395,0,0,0,1,1,1,2.6493762162560497e-4,0,0,0
TUR.10.4_1,2041,8,aegypti,20.458674430847168,91.71843208484728,0.0032512635389438612,0.03438783632986624,0.03438783632986624,0.03438783632986624,0,0,0,1,1,1,3.145889135219848e-4,0,0,0
TUR.10.4_1,2041,9,aegypti,19.124118384192972,86.03018601594769,0.0025914140431332728,0.015463979088511989,0.015463979088511989,0.015463979088511989,0,0,0,1,1,1,2.5910783007987437e-4,0,0,0
TUR.10.4_1,2041,10,aegypti,14.181480463813331,86.00967167655837,0.0025537303885272812,0,0,0,0,0,0,1,1,1,2.471046635019736e-4,0,0,0
TUR.10.4_1,2041,11,aegypti,9.624919225187863,78.46233714693018,0.0014812902909398643,0,0,0,0,0,0,1,1,1,1.4811805853109927e-4,0,0,0
TUR.10.4_1,2041,12,aegypti,8.17857662588358,77.0649795117392,0.001218384522189992,0,0,0,0,0,0,1,1,1,1.1790122867061381e-4,0,0,0
TUR.10.4_1,2042,1,aegypti,5.831909047960139,69.6482001197162,0.0011648561610060016,0,0,0,0,0,0,1,1,1,1.1272166201725664e-4,0,0,0
TUR.10.4_1,2042,2,aegypti,3.949947605662815,79.05977587186925,8.713476600021807e-4,0,0,0,0,0,0,1,1,1,9.335432007162581e-5,0,0,0
TUR.10.4_1,2042,3,aegypti,5.662358779569759,76.59156767045204,0.0010696519093978112,0,0,0,0,0,0,1,1,1,1.0350934344771634e-4,0,0,0
TUR.10.4_1,2042,4,aegypti,10.852123414768892,73.2645212145283,0.0014144179132223043,0,0,0,0,0,0,1,1,1,1.414317889036898e-4,0,0,0
TUR.10.4_1,2042,5,aegypti,12.4747475455789,80.54989491230717,0.0019769822469382385,0,0,0,0,0,0,1,1,1,1.913025619377784e-4,0,0,0
TUR.10.4_1,2042,6,aegypti,16.674857700572293,87.37337861853322,0.002223651982901341,0.0017249665969903958,0.0017249665969903958,0.0017249665969903958,0,0,0,1,1,1,2.2234047698188597e-4,0,0,0
TUR.10.4_1,2042,7,aegypti,22.280277308295755,88.93337566964837,0.0026113107171472387,0.06669255921383391,0.06669255921383391,0.06669255921383391,9.769962616701378e-15,9.769962616701378e-15,9.769962616701378e-15,0.9999999999999902,0.9999999999999902,0.9999999999999902,2.526755609082443e-4,2.4686307842275986e-18,2.4686307842275986e-18,2.4686307842275986e-18
TUR.10.4_1,2042,8,aegypti,21.680819511413574,92.33387245349962,0.003100766873043484,0.05716055377647809,0.05716055377647809,0.05716055377647809,1.1102230246251565e-16,1.1102230246251565e-16,1.1102230246251565e-16,0.9999999999999999,0.9999999999999999,0.9999999999999999,3.0002919575655707e-4,3.3309932118869797e-20,3.3309932118869797e-20,3.3309932118869797e-20
TUR.10.4_1,2042,9,aegypti,19.359744604896097,89.59570725618207,0.0024714609329693207,0.018704338056799573,0.018704338056799573,0.018704338056799573,0,0,0,1,1,1,2.4711555521705897e-4,0,0,0
TUR.10.4_1,2042,10,aegypti,12.411654528449562,83.91597508232009,0.0024355216046257843,0,0,0,0,0,0,1,1,1,2.356678651223021e-4,0,0,0
TUR.10.4_1,2042,11,aegypti,8.001762677641477,85.04095042818018,0.0014127233330950796,0,0,0,0,0,0,1,1,1,1.4126235484335226e-4,0,0,0
TUR.10.4_1,2042,12,aegypti,7.741344131529331,69.82649989748138,0.001161987122785765,0,0,0,0,0,0,1,1,1,1.1244404441568268e-4,0,0,0
TUR.10.4_1,2043,1,aegypti,2.310440319179393,84.65299900887635,0.0010566555733684405,0,0,0,0,0,0,1,1,1,1.0225176290323823e-4,0,0,0
TUR.10.4_1,2043,2,aegypti,3.067262182765476,80.84480242216222,7.90410346018773e-4,0,0,0,0,0,0,1,1,1,8.468323695998148e-5,0,0,0
TUR.10.4_1,2043,3,aegypti,4.6736602970563315,76.65299955521766,9.702946075790794e-4,0,0,0,0,0,0,1,1,1,9.389506973478401e-5,0,0,0
TUR.10.4_1,2043,4,aegypti,7.7265826814314895,74.71355685905955,0.0012830361559729147,0,0,0,0,0,0,1,1,1,1.2829538504044447e-4,0,0,0
TUR.10.4_1,2043,5,aegypti,15.423251993515912,82.07185993916264,0.0017933452898370248,1.2520565559848222e-4,1.2520565559848222e-4,1.2520565559848222e-4,0,0,0,1,1,1,1.7353448532675397e-4,0,0,0
TUR.10.4_1,2043,6,aegypti,16.849011028514187,86.92971406775197,0.002017102488375284,0.0021586822885467658,0.0021586822885467658,0.0021586822885467658,0,0,0,1,1,1,2.0168990669300335e-4,0,0,0
TUR.10.4_1,2043,7,aegypti,20.921310480903177,90.91431744210931,0.0023687525682891185,0.041607266918189036,0.041607266918189036,0.041607266918189036,0,0,0,1,1,1,2.2920784737856525e-4,0,0,0
TUR.10.4_1,2043,8,aegypti,20.198615074157715,88.054178849984,0.0028127443608900204,0.028666502370401612,0.028666502370401612,0.028666502370401612,0,0,0,1,1,1,2.721640238335654e-4,0,0,0
TUR.10.4_1,2043,9,aegypti,18.459789809058694,89.16775162874066,0.002241893082257513,0.010305784606369453,0.010305784606369453,0.010305784606369453,0,0,0,1,1,1,2.241641796806304e-4,0,0,0
TUR.10.4_1,2043,10,aegypti,14.392417010139015,84.87241123954665,0.002209292068614318,0,0,0,0,0,0,1,1,1,2.1377960413615504e-4,0,0,0
TUR.10.4_1,2043,11,aegypti,9.620744992704953,83.19612468355128,0.001281498981173234,0,0,0,0,0,0,1,1,1,1.2814168726982267e-4,0,0,0
TUR.10.4_1,2043,12,aegypti,5.568717636168003,78.02710719728607,0.001054053032962935,0,0,0,0,0,0,1,1,1,1.019999298755847e-4,0,0,0
TUR.10.4_1,2044,1,aegypti,4.791505205034114,70.25363072274354,0.0011208246576717715,0,0,0,0,0,0,1,1,1,1.0846102003359004e-4,0,0,0
TUR.10.4_1,2044,2,aegypti,1.804423044257633,78.83223680936925,8.683540045363819e-4,0,0,0,0,0,0,1,1,1,8.982569003834762e-5,0,0,0
TUR.10.4_1,2044,3,aegypti,5.1730687805615805,77.22808042679969,0.0010292191219071739,0,0,0,0,0,0,1,1,1,9.959689040750508e-5,0,0,0
TUR.10.4_1,2044,4,aegypti,9.049358522190767,75.04535159782908,0.0013609529884128265,0,0,0,0,0,0,1,1,1,1.3608603829617927e-4,0,0,0
TUR.10.4_1,2044,5,aegypti,14.482842333176556,81.70277271992435,0.001902252419074688,0,0,0,0,0,0,1,1,1,1.840720004515628e-4,0,0,0
TUR.10.4_1,2044,6,aegypti,16.919324482188504,87.72608552771291,0.002139598051629064,0.0024180282957331147,0.0024180282957331147,0.0024180282957331147,0,0,0,1,1,1,2.139369173961292e-4,0,0,0
TUR.10.4_1,2044,7,aegypti,20.10303502924302,85.26228649728509,0.0025126033055390285,0.026127809163518874,0.026127809163518874,0.026127809163518874,0,0,0,1,1,1,2.4312559878092443e-4,0,0,0
TUR.10.4_1,2044,8,aegypti,23.539246559143066,81.77674354724962,0.002983558043765222,0.08493498583151704,0.08493498583151704,0.08493498583151704,9.409251156000664e-12,9.409251156000664e-12,9.409251156000664e-12,0.9999999999905907,0.9999999999905907,0.9999999999905907,2.886897446841008e-4,2.716354313894412e-15,2.716354313894412e-15,2.716354313894412e-15
TUR.10.4_1,2044,9,aegypti,20.68144184000352,73.59814103303754,0.002378039836053392,0.028487026442209767,0.028487026442209767,0.028487026442209767,0,0,0,1,1,1,2.3777571047922663e-4,0,0,0
TUR.10.4_1,2044,10,aegypti,17.167261179755712,78.93321751396071,0.002343459012483889,0.002771386420965851,0.002771386420965851,0.002771386420965851,0,0,0,1,1,1,2.2676064196514023e-4,0,0,0
TUR.10.4_1,2044,11,aegypti,9.920946408720578,75.62371410005518,0.0013593224633277779,0,0,0,0,0,0,1,1,1,1.35923007963612e-4,0,0,0
TUR.10.4_1,2044,12,aegypti,5.140431322157383,77.98712154054779,0.0011180640689495839,0,0,0,0,0,0,1,1,1,1.0819389522631617e-4,0,0,0
TUR.10.4_1,2045,1,aegypti,4.546238052247859,79.39589604256776,0.0011654638551312024,0,0,0,0,0,0,1,1,1,1.127804644953656e-4,0,0,0
TUR.10.4_1,2045,2,aegypti,1.6255006592802923,82.3585200735294,8.71802233598232e-4,0,0,0,0,0,0,1,1,1,9.340301983751242e-5,0,0,0
TUR.10.4_1,2045,3,aegypti,5.06007434811224,77.6747128120536,0.001070209936391281,0,0,0,0,0,0,1,1,1,1.0356334046868199e-4,0,0,0
TUR.10.4_1,2045,4,aegypti,12.315851365818697,72.58278903679393,0.0014151558012854121,0,0,0,0,0,0,1,1,1,1.4150556727121621e-4,0,0,0
TUR.10.4_1,2045,5,aegypti,17.018821604111615,77.28944264179935,0.0019780136193405214,0.0022819200606417895,0.0022819200606417895,0.0022819200606417895,0,0,0,1,1,1,1.914023530713571e-4,0,0,0
TUR.10.4_1,2045,6,aegypti,17.96116122077493,87.50107179480275,0.0022248120405047914,0.006803825931141141,0.006803825931141141,0.006803825931141141,0,0,0,1,1,1,2.224564569427434e-4,0,0,0
TUR.10.4_1,2045,7,aegypti,21.174924906562357,87.76990063302728,0.0026126730125404433,0.04386011326256989,0.04386011326256989,0.04386011326256989,0,0,0,1,1,1,2.5280736262611736e-4,0,0,0
TUR.10.4_1,2045,8,aegypti,21.061800956726074,85.69317115955431,0.0031023845129508343,0.04045418082532846,0.04045418082532846,0.04045418082532846,0,0,0,1,1,1,3.0018569457346267e-4,0,0,0
TUR.10.4_1,2045,9,aegypti,19.931500967811136,82.9072383230766,0.0024727502700908513,0.023172950952891305,0.023172950952891305,0.023172950952891305,0,0,0,1,1,1,2.4724445705937015e-4,0,0,0
TUR.10.4_1,2045,10,aegypti,14.643073138068702,82.56518315116774,0.0024367921925494062,0,0,0,0,0,0,1,1,1,2.3579079625857258e-4,0,0,0
TUR.10.4_1,2045,11,aegypti,11.294345189543332,75.88692058198878,0.0014134603371122232,0,0,0,0,0,0,1,1,1,1.4133604483124174e-4,0,0,0
TUR.10.4_1,2045,12,aegypti,8.820604957640171,69.51581569337982,0.001162593320161642,0,0,0,0,0,0,1,1,1,1.12502702079742e-4,0,0,0
TUR.10.4_1,2046,1,aegypti,5.682974683641292,71.61332615731385,0.0011826611733865395,0,0,0,0,0,0,1,1,1,1.1444453202036353e-4,0,0,0
TUR.10.4_1,2046,2,aegypti,4.256691227488987,75.62467913114659,8.846663480886936e-4,0,0,0,0,0,0,1,1,1,9.478118813166514e-5,0,0,0
TUR.10.4_1,2046,3,aegypti,4.015217561384334,82.24013487015907,0.001086001709593954,0,0,0,0,0,0,1,1,1,1.0509141714820647e-4,0,0,0
TUR.10.4_1,2046,4,aegypti,16.025674974217132,68.81082400993846,0.0014360375168259185,4.4768138271862926e-4,4.4768138271862926e-4,4.4768138271862926e-4,0,0,0,1,1,1,1.4359344115744133e-4,0,0,0
TUR.10.4_1,2046,5,aegypti,17.219714052536908,77.18155537373295,0.0020072007361913997,0.002870457505638946,0.002870457505638946,0.002870457505638946,0,0,0,1,1,1,1.942263681509182e-4,0,0,0
TUR.10.4_1,2046,6,aegypti,20.643328273997586,87.45701204138479,0.002257640858447463,0.034903682473700265,0.034903682473700265,0.034903682473700265,0,0,0,1,1,1,2.2573860305130644e-4,0,0,0
TUR.10.4_1,2046,7,aegypti,20.67845350153306,86.72917492501946,0.0026512250183327894,0.03485252149911293,0.03485252149911293,0.03485252149911293,0,0,0,1,1,1,2.5653725175489583e-4,0,0,0
TUR.10.4_1,2046,8,aegypti,23.74122905731201,81.71060432605822,0.0031481625897094977,0.08916010535884539,0.08916010535884539,0.08916010535884539,3.704614393029715e-11,3.704614393029715e-11,3.704614393029715e-11,0.9999999999629539,0.9999999999629539,0.9999999999629539,3.0461449136032215e-4,1.1284792290188751e-14,1.1284792290188751e-14,1.1284792290188751e-14
TUR.10.4_1,2046,9,aegypti,21.2878337467418,83.69868882356488,0.0025092376078778614,0.042817618030055474,0.042817618030055474,0.042817618030055474,0,0,0,1,1,1,2.508922820538828e-4,0,0,0
TUR.10.4_1,2046,10,aegypti,16.467497881721044,81.31351994315993,0.0024727489411631802,0.0011812596430355712,0.0011812596430355712,0.0011812596430355712,0,0,0,1,1,1,2.3926965507792275e-4,0,0,0
TUR.10.4_1,2046,11,aegypti,9.81525163790759,80.69488109224268,0.0014343170347709236,0,0,0,0,0,0,1,1,1,1.4342141764212002e-4,0,0,0
TUR.10.4_1,2046,12,aegypti,5.817888416349888,74.25966640138763,0.0011797482814590887,0,0,0,0,0,0,1,1,1,1.1416267147446035e-4,0,0,0
TUR.10.4_1,2047,1,aegypti,6.123067247270442,73.90483769295838,0.0011746922784039266,0,0,0,0,0,0,1,1,1,1.1367343659529627e-4,0,0,0
TUR.10.4_1,2047,2,aegypti,4.362630615764133,80.07871965849034,8.787053734822613e-4,0,0,0,0,0,0,1,1,1,9.414257261153303e-5,0,0,0
TUR.10.4_1,2047,3,aegypti,7.96004821743597,69.84600797806922,0.0010786841162126553,0,0,0,0,0,0,1,1,1,1.0438333712026182e-4,0,0,0
TUR.10.4_1,2047,4,aegypti,9.61833826233359,79.62661227898143,0.0014263613454759201,0,0,0,0,0,0,1,1,1,1.42625962497811e-4,0,0,0
TUR.10.4_1,2047,5,aegypti,14.488978273728314,79.16493855244389,0.0019936760071856013,0,0,0,0,0,0,1,1,1,1.9291777676422317e-4,0,0,0
TUR.10.4_1,2047,6,aegypti,19.518051708445828,81.99565492468557,0.002242428637640461,0.018179550679420255,0.018179550679420255,0.018179550679420255,0,0,0,1,1,1,2.242177232123499e-4,0,0,0
TUR.10.4_1,2047,7,aegypti,21.59464650995591,87.39705975167962,0.002633360786191075,0.051255211384311786,0.051255211384311786,0.051255211384311786,0,0,0,1,1,1,2.548088971028317e-4,0,0,0
TUR.10.4_1,2047,8,aegypti,23.33021640777588,88.73481239490587,0.003126949940110333,0.09048137066177131,0.09048137066177131,0.09048137066177131,5.6079474397563445e-11,5.6079474397563445e-11,5.6079474397563445e-11,0.9999999999439205,0.9999999999439205,0.9999999999439205,3.0256227751979115e-4,1.6967533495839612e-14,1.6967533495839612e-14,1.6967533495839612e-14
TUR.10.4_1,2047,9,aegypti,18.587653693030862,83.46596940217816,0.0024923301017944887,0.010374108476954661,0.010374108476954661,0.010374108476954661,0,0,0,1,1,1,2.4920195421285207e-4,0,0,0
TUR.10.4_1,2047,10,aegypti,13.33553605921128,79.74790715019118,0.0024560872995417924,0,0,0,0,0,0,1,1,1,2.3765762264960077e-4,0,0,0
TUR.10.4_1,2047,11,aegypti,11.284985829802121,72.51421702974268,0.0014246524562093964,0,0,0,0,0,0,1,1,1,1.424550979297612e-4,0,0,0
TUR.10.4_1,2047,12,aegypti,4.636336721479893,78.16733546877045,0.0011717990138476854,0,0,0,0,0,0,1,1,1,1.1339347503980246e-4,0,0,0
TUR.10.4_1,2048,1,aegypti,4.177883016465999,78.54442509530213,0.0012210147301203182,0,0,0,0,0,0,1,1,1,1.1815573487938824e-4,0,0,0
TUR.10.4_1,2048,2,aegypti,4.151038895183079,66.03780703031651,9.459758252466855e-4,0,0,0,0,0,0,1,1,1,9.785478003765391e-5,0,0,0
TUR.10.4_1,2048,3,aegypti,8.108744163175716,75.21511045609657,0.0011212206117775965,0,0,0,0,0,0,1,1,1,1.0849933401602119e-4,0,0,0
TUR.10.4_1,2048,4,aegypti,13.985577737583833,75.01838931755564,0.0014826080372867404,0,0,0,0,0,0,1,1,1,1.4824981363881218e-4,0,0,0
TUR.10.4_1,2048,5,aegypti,13.963672525742474,83.1049333644556,0.00207229400977132,0,0,0,0,0,0,1,1,1,2.0052447387031158e-4,0,0,0
TUR.10.4_1,2048,6,aegypti,17.09903677772073,87.57450471716604,0.002330855874461742,0.002943738619167272,0.002943738619167272,0.002943738619167272,0,0,0,1,1,1,2.3305842511101016e-4,0,0,0
TUR.10.4_1,2048,7,aegypti,19.840261515449075,87.12301190011712,0.0027372039203571704,0.02350033454816055,0.02350033454816055,0.02350033454816055,0,0,0,1,1,1,2.648556215255615e-4,0,0,0
TUR.10.4_1,2048,8,aegypti,24.038689613342285,88.07184089832384,0.003250257116196603,0.10682508593337726,0.10682508593337726,0.10682508593337726,5.887398124571064e-9,5.887398124571064e-9,5.887398124571064e-9,0.9999999941126019,0.9999999941126019,0.9999999941126019,3.1449154840712534e-4,1.8515369522855597e-12,1.8515369522855597e-12,1.8515369522855597e-12
TUR.10.4_1,2048,9,aegypti,19.69151264078477,87.75143082795941,0.0025906118756038386,0.021931607183668933,0.021931607183668933,0.021931607183668933,0,0,0,1,1,1,2.590276341084552e-4,0,0,0
TUR.10.4_1,2048,10,aegypti,14.66466146356919,86.65420292655837,0.002552939885904964,0,0,0,0,0,0,1,1,1,2.4702818214883404e-4,0,0,0
TUR.10.4_1,2048,11,aegypti,11.678969670744504,77.59734691255518,0.001480831760209815,0,0,0,0,0,0,1,1,1,1.4807221224866218e-4,0,0,0
TUR.10.4_1,2048,12,aegypti,6.889374412596226,74.80134578371185,0.0012180073734650882,0,0,0,0,0,0,1,1,1,1.1786473470942749e-4,0,0,0
TUR.10.4_1,2049,1,aegypti,2.744171130060054,85.76081761239197,0.0011093110512432926,0,0,0,0,0,0,1,1,1,1.0734692028535608e-4,0,0,0
TUR.10.4_1,2049,2,aegypti,5.542537937694065,75.10995439970128,8.297982369605394e-4,0,0,0,0,0,0,1,1,1,8.890300185393496e-5,0,0,0
TUR.10.4_1,2049,3,aegypti,7.258277911802425,69.92799345170204,0.0010186465280431886,0,0,0,0,0,0,1,1,1,9.857383754219295e-5,0,0,0
TUR.10.4_1,2049,4,aegypti,14.080051576389986,69.2081247301533,0.0013469726776041788,0,0,0,0,0,0,1,1,1,1.3468819649076202e-4,0,0,0
TUR.10.4_1,2049,5,aegypti,14.684603578904095,83.28656636006107,0.0018827116411921393,2.8305226900052568e-8,2.8305226900052568e-8,2.8305226900052568e-8,0,0,0,1,1,1,1.821813037310438e-4,0,0,0
TUR.10.4_1,2049,6,aegypti,17.99259432624368,83.242587908084,0.002117619154472421,0.0065669353158236046,0.0065669353158236046,0.0065669353158236046,0,0,0,1,1,1,2.1173949547537152e-4,0,0,0
TUR.10.4_1,2049,7,aegypti,20.1407070720897,87.47848827951165,0.0024867927334991835,0.027607439164490627,0.027607439164490627,0.027607439164490627,0,0,0,1,1,1,2.4062840564642585e-4,0,0,0
TUR.10.4_1,2049,8,aegypti,21.12576961517334,88.28323616199572,0.0029529096164333394,0.04345008996861748,0.04345008996861748,0.04345008996861748,0,0,0,1,1,1,2.857246196954488e-4,0,0,0
TUR.10.4_1,2049,9,aegypti,18.344798621009378,92.75571091829144,0.0023536115594660107,0.009985547942568984,0.009985547942568984,0.009985547942568984,0,0,0,1,1,1,2.353334606826074e-4,0,0,0
TUR.10.4_1,2049,10,aegypti,11.762816485236671,88.85805271903884,0.002319385965405268,0,0,0,0,0,0,1,1,1,2.244315178075995e-4,0,0,0
TUR.10.4_1,2049,11,aegypti,9.533127118559445,80.19608653657862,0.0013453589019936998,0,0,0,0,0,0,1,1,1,1.345268406522937e-4,0,0,0
TUR.10.4_1,2049,12,aegypti,6.722820438444614,79.13894649171966,0.0011065788205089854,0,0,0,0,0,0,1,1,1,1.0708253920810318e-4,0,0,0
TUR.10.4_1,2050,1,aegypti,2.2046765857923996,74.99188145516541,0.0011332907999920209,0,0,0,0,0,0,1,1,1,1.096672893281525e-4,0,0,0
TUR.10.4_1,2050,2,aegypti,4.4509091477923315,81.79011492216222,8.477358147140015e-4,0,0,0,0,0,0,1,1,1,9.082471247678914e-5,0,0,0
TUR.10.4_1,2050,3,aegypti,4.806846637388363,73.96897092972938,0.001040666400448555,0,0,0,0,0,0,1,1,1,1.0070458060962295e-4,0,0,0
TUR.10.4_1,2050,4,aegypti,12.940330659641939,67.81885776237986,0.0013760899088299462,0,0,0,0,0,0,1,1,1,1.3759952320013813e-4,0,0,0
TUR.10.4_1,2050,5,aegypti,18.22032917247099,72.41872273213139,0.0019234098313629607,0.006684886534046087,0.006684886534046087,0.006684886534046087,0,0,0,1,1,1,1.8611911298171968e-4,0,0,0
TUR.10.4_1,2050,6,aegypti,20.62088450263528,85.35872255163869,0.00216339529202449,0.033326388667363496,0.033326388667363496,0.033326388667363496,0,0,0,1,1,1,2.1631612949390977e-4,0,0,0
TUR.10.4_1,2050,7,aegypti,21.56177526361802,90.24228985421868,0.0025405492203498634,0.052914377052869145,0.052914377052869145,0.052914377052869145,0,0,0,1,1,1,2.4582938097417184e-4,0,0,0
TUR.10.4_1,2050,8,aegypti,21.92168140411377,89.87708534412462,0.0030167420560366525,0.059663094340232946,0.059663094340232946,0.059663094340232946,4.440892098500626e-16,4.440892098500626e-16,4.440892098500626e-16,0.9999999999999996,0.9999999999999996,0.9999999999999996,2.919001684699163e-4,1.2962971517090529e-19,1.2962971517090529e-19,1.2962971517090529e-19
TUR.10.4_1,2050,9,aegypti,18.328105505775003,85.37971909700238,0.002404489096280272,0.008814625413432517,0.008814625413432517,0.008814625413432517,0,0,0,1,1,1,2.4042000410573472e-4,0,0,0
TUR.10.4_1,2050,10,aegypti,15.585946139167335,83.62553166190993,0.0023695236545947965,2.0593290723670043e-4,2.0593290723670043e-4,2.0593290723670043e-4,0,0,0,1,1,1,2.2928245152742388e-4,0,0,0
TUR.10.4_1,2050,11,aegypti,10.01558237216052,80.68423045747706,0.0013744412485641377,0,0,0,0,0,0,1,1,1,1.3743467984539404e-4,0,0,0
TUR.10.4_1,2050,12,aegypti,4.476719059050083,80.06167598390716,0.0011304995071880995,0,0,0,0,0,0,1,1,1,1.0939719380553825e-4,0,0,0
TUR.10.4_1,2051,1,aegypti,4.910858499406673,78.91498478768494,0.0011689676094478044,0,0,0,0,0,0,1,1,1,1.1311949919545761e-4,0,0,0
TUR.10.4_1,2051,2,aegypti,2.287320504718296,81.36679796659581,8.744231478597464e-4,0,0,0,0,0,0,1,1,1,9.368380581176172e-5,0,0,0
TUR.10.4_1,2051,3,aegypti,9.01811649288763,68.7116772285575,0.0010734273271904827,0,0,0,0,0,0,1,1,1,1.0387466857464389e-4,0,0,0
TUR.10.4_1,2051,4,aegypti,8.585365449681001,80.18598422722361,0.0014194102088550572,0,0,0,0,0,0,1,1,1,1.419309477354025e-4,0,0,0
TUR.10.4_1,2051,5,aegypti,13.900779611924115,82.89748249775639,0.0019839601561863866,0,0,0,0,0,0,1,1,1,1.9197771406687103e-4,0,0,0
TUR.10.4_1,2051,6,aegypti,17.0895019419053,85.19678102331838,0.002231500531749051,0.0028365394705373893,0.0028365394705373893,0.0028365394705373893,0,0,0,1,1,1,2.2312515705369407e-4,0,0,0
TUR.10.4_1,2051,7,aegypti,21.692049082587747,91.22411663644525,0.0026205275369903048,0.05622697683014448,0.05622697683014448,0.05622697683014448,1.1102230246251565e-16,1.1102230246251565e-16,1.1102230246251565e-16,0.9999999999999999,0.9999999999999999,0.9999999999999999,2.5356728544390084e-4,2.81516238591518e-20,2.81516238591518e-20,2.81516238591518e-20
TUR.10.4_1,2051,8,aegypti,22.109200477600098,87.80630745105822,0.0031117112656263058,0.06179975232580076,0.06179975232580076,0.06179975232580076,1.1102230246251565e-15,1.1102230246251565e-15,1.1102230246251565e-15,0.9999999999999989,0.9999999999999989,0.9999999999999989,3.010880121905313e-4,3.3427484357254763e-19,3.3427484357254763e-19,3.3427484357254763e-19
TUR.10.4_1,2051,9,aegypti,17.968427237342386,87.79074509797894,0.002480184142359446,0.0068805450135059655,0.0068805450135059655,0.0068805450135059655,0,0,0,1,1,1,2.4798766021161267e-4,0,0,0
TUR.10.4_1,2051,10,aegypti,12.715895708869484,87.94758366386306,0.0024441179634222794,0,0,0,0,0,0,1,1,1,2.3649957441285174e-4,0,0,0
TUR.10.4_1,2051,11,aegypti,12.084749509306516,63.787582050494635,0.001417709647578351,0,0,0,0,0,0,1,1,1,1.4176091572948302e-4,0,0,0
TUR.10.4_1,2051,12,aegypti,7.008337177336216,66.84191890382904,0.0011660884447388946,0,0,0,0,0,0,1,1,1,1.1284090183216744e-4,0,0,0
TUR.10.4_1,2052,1,aegypti,1.2383111590136062,78.715781296474,0.0011288010891739087,0,0,0,0,0,0,1,1,1,1.0923284873920469e-4,0,0,0
TUR.10.4_1,2052,2,aegypti,3.4635837178759497,76.26094774686925,8.745337099786039e-4,0,0,0,0,0,0,1,1,1,9.046491228359432e-5,0,0,0
TUR.10.4_1,2052,3,aegypti,2.3686285206281084,78.14643064652626,0.0010365436358446486,0,0,0,0,0,0,1,1,1,1.0030564348906257e-4,0,0,0
TUR.10.4_1,2052,4,aegypti,12.694177781834322,71.70600375847361,0.0013706383109254963,0,0,0,0,0,0,1,1,1,1.3705443827483066e-4,0,0,0
TUR.10.4_1,2052,5,aegypti,14.786558992722455,84.29434834248295,0.0019157899389861807,1.9935676442758932e-6,1.9935676442758932e-6,1.9935676442758932e-6,0,0,0,1,1,1,1.853818410161301e-4,0,0,0
TUR.10.4_1,2052,6,aegypti,17.994158352122586,85.2808188040801,0.00215482465927381,0.006803018870410374,0.006803018870410374,0.006803018870410374,0,0,0,1,1,1,2.1545925124832888e-4,0,0,0
TUR.10.4_1,2052,7,aegypti,21.097490366767435,92.402766538789,0.0025304844326372727,0.04561492766844686,0.04561492766844686,0.04561492766844686,0,0,0,1,1,1,2.44855608226513e-4,0,0,0
TUR.10.4_1,2052,8,aegypti,23.144875526428223,91.186991349984,0.003004790755060294,0.09007125686004938,0.09007125686004938,0.09007125686004938,4.934141983881091e-11,4.934141983881091e-11,4.934141983881091e-11,0.9999999999506586,0.9999999999506586,0.9999999999506586,2.907439278926338e-4,1.434571821173541e-14,1.434571821173541e-14,1.434571821173541e-14
TUR.10.4_1,2052,9,aegypti,21.589953955482034,84.76312668977582,0.002394963332277177,0.04903697938366301,0.04903697938366301,0.04903697938366301,0,0,0,1,1,1,2.3946765627025357e-4,0,0,0
TUR.10.4_1,2052,10,aegypti,14.371481951545265,88.80312870780837,0.0023601364117213147,0,0,0,0,0,0,1,1,1,2.2837421654620105e-4,0,0,0
TUR.10.4_1,2052,11,aegypti,10.31683855197009,76.76313365571924,0.0013689961820881884,0,0,0,0,0,0,1,1,1,1.3689024788365867e-4,0,0,0
TUR.10.4_1,2052,12,aegypti,7.944414772093296,72.13643642091888,0.0011260208545180797,0,0,0,0,0,0,1,1,1,1.0896382312597375e-4,0,0,0
TUR.10.4_1,2053,1,aegypti,5.806358444093562,74.46935948250916,0.001175068027405472,0,0,0,0,0,0,1,1,1,1.1370979526781344e-4,0,0,0
TUR.10.4_1,2053,2,aegypti,3.7844657998614233,76.91165117704503,8.789864451065569e-4,0,0,0,0,0,0,1,1,1,9.417268459288586e-5,0,0,0
TUR.10.4_1,2053,3,aegypti,4.7515247055493735,82.25579038773719,0.0010790291550684485,0,0,0,0,0,0,1,1,1,1.0441672449124084e-4,0,0,0
TUR.10.4_1,2053,4,aegypti,12.631423150791841,73.28645572380564,0.0014268175959010392,0,0,0,0,0,0,1,1,1,1.426715810319834e-4,0,0,0
TUR.10.4_1,2053,5,aegypti,16.1865395377664,84.11311970478764,0.001994313724639676,7.661290781505118e-4,7.661290781505118e-4,7.661290781505118e-4,0,0,0,1,1,1,1.9297947944885152e-4,0,0,0
TUR.10.4_1,2053,6,aegypti,20.18153818915872,82.72470460730275,0.0022431459236370755,0.0261199618649256,0.0261199618649256,0.0261199618649256,0,0,0,1,1,1,2.242894357266101e-4,0,0,0
TUR.10.4_1,2053,7,aegypti,21.474435862372903,88.50159008615228,0.0026342031197147653,0.049819536726859126,0.049819536726859126,0.049819536726859126,0,0,0,1,1,1,2.5489039247594825e-4,0,0,0
TUR.10.4_1,2053,8,aegypti,21.572413444519043,90.68126167469103,0.0031279501580733513,0.05354780122652152,0.05354780122652152,0.05354780122652152,0,0,0,1,1,1,3.026590435152299e-4,0,0,0
TUR.10.4_1,2053,9,aegypti,19.627774771522073,84.65356858430707,0.002493127323811257,0.020247390719889027,0.020247390719889027,0.020247390719889027,0,0,0,1,1,1,2.4928165654447554e-4,0,0,0
TUR.10.4_1,2053,10,aegypti,14.098039683173683,82.68687962333571,0.0024568729285677745,0,0,0,0,0,0,1,1,1,2.3773363319334884e-4,0,0,0
TUR.10.4_1,2053,11,aegypti,9.218790341826047,73.73382915132471,0.0014251081600118402,0,0,0,0,0,0,1,1,1,1.42500661817202e-4,0,0,0
TUR.10.4_1,2053,12,aegypti,8.67806164175272,68.54963679933685,0.001172173837380248,0,0,0,0,0,0,1,1,1,1.1342974417105633e-4,0,0,0
TUR.10.4_1,2054,1,aegypti,4.325222837327815,72.0123129737201,0.00115012770928806,0,0,0,0,0,0,1,1,1,1.1129648763030797e-4,0,0,0
TUR.10.4_1,2054,2,aegypti,5.577967415385715,77.86731676542394,8.603303323959978e-4,0,0,0,0,0,0,1,1,1,9.217400161520839e-5,0,0,0
TUR.10.4_1,2054,3,aegypti,4.5744006821118735,77.45203367387,0.0010561272210886864,0,0,0,0,0,0,1,1,1,1.0220063726440465e-4,0,0,0
TUR.10.4_1,2054,4,aegypti,12.456504022373872,72.88399753288768,0.0013965340004773218,0,0,0,0,0,0,1,1,1,1.3964364896557058e-4,0,0,0
TUR.10.4_1,2054,5,aegypti,15.329851038315716,81.95988331562748,0.0019519852657263173,8.993105864527508e-5,8.993105864527508e-5,8.993105864527508e-5,0,0,0,1,1,1,1.8888395908744915e-4,0,0,0
TUR.10.4_1,2054,6,aegypti,17.679906452403348,85.14113984900197,0.00219553610734175,0.00513650252242276,0.00513650252242276,0.00513650252242276,0,0,0,1,1,1,2.195295106039996e-4,0,0,0
TUR.10.4_1,2054,7,aegypti,21.022003229926614,89.20886547677728,0.0025782932810847203,0.04197535021569609,0.04197535021569609,0.04197535021569609,0,0,0,1,1,1,2.4948112741474127e-4,0,0,0
TUR.10.4_1,2054,8,aegypti,22.451924324035645,91.9208551805504,0.00306156074896824,0.07393613138166859,0.07393613138166859,0.07393613138166859,1.8474111129762605e-13,1.8474111129762605e-13,1.8474111129762605e-13,0.9999999999998153,0.9999999999998153,0.9999999999998153,2.9623618587448775e-4,5.472700218502298e-17,5.472700218502298e-17,5.472700218502298e-17
TUR.10.4_1,2054,9,aegypti,20.11357074625352,84.08672745881879,0.002440211758828729,0.025828534030745455,0.025828534030745455,0.025828534030745455,0,0,0,1,1,1,2.4399140513731155e-4,0,0,0
TUR.10.4_1,2054,10,aegypti,15.268835123847511,81.23399113456618,0.0024047268476742006,7.084765179990713e-5,7.084765179990713e-5,7.084765179990713e-5,0,0,0,1,1,1,2.3268842523593847e-4,0,0,0
TUR.10.4_1,2054,11,aegypti,12.164639760466184,74.07009471528956,0.0013948608466363816,0,0,0,0,0,0,1,1,1,1.3947635693201121e-4,0,0,0
TUR.10.4_1,2054,12,aegypti,3.3532987013459206,88.74571223878998,0.0011472949472127398,0,0,0,0,0,0,1,1,1,1.1102237983806607e-4,0,0,0
TUR.10.4_1,2055,1,aegypti,2.1953276866663467,78.68354710457947,0.0011293774031886001,0,0,0,0,0,0,1,1,1,1.0928861496950493e-4,0,0,0
TUR.10.4_1,2055,2,aegypti,1.647558699183933,78.80936388456456,8.44808475475502e-4,0,0,0,0,0,0,1,1,1,9.051109742441721e-5,0,0,0
TUR.10.4_1,2055,3,aegypti,5.168873090406551,77.45703092728797,0.0010370728474390614,0,0,0,0,0,0,1,1,1,1.0035685237597125e-4,0,0,0
TUR.10.4_1,2055,4,aegypti,9.970926439060884,77.41385135368846,0.0013713380959232567,0,0,0,0,0,0,1,1,1,1.3712440718127716e-4,0,0,0
TUR.10.4_1,2055,5,aegypti,13.499915964463177,80.68870411640873,0.0019167680533781954,0,0,0,0,0,0,1,1,1,1.854764796955788e-4,0,0,0
TUR.10.4_1,2055,6,aegypti,19.059170330272,83.60580812292775,0.002155924813820304,0.014199602664004964,0.014199602664004964,0.014199602664004964,0,0,0,1,1,1,2.1556924299304114e-4,0,0,0
TUR.10.4_1,2055,7,aegypti,20.785207804511575,86.3458588849804,0.002531776381818111,0.036458617855209645,0.036458617855209645,0.036458617855209645,0,0,0,1,1,1,2.449806049451553e-4,0,0,0
TUR.10.4_1,2055,8,aegypti,22.028481483459473,89.53886665515978,0.0030063248632747224,0.061901195299586854,0.061901195299586854,0.061901195299586854,1.2212453270876722e-15,1.2212453270876722e-15,1.2212453270876722e-15,0.9999999999999988,0.9999999999999988,0.9999999999999988,2.908923468024627e-4,3.552509192180741e-19,3.552509192180741e-19,3.552509192180741e-19
TUR.10.4_1,2055,9,aegypti,20.570376929114847,78.52292283235394,0.002396186090605727,0.02923569815909544,0.02923569815909544,0.02923569815909544,0,0,0,1,1,1,2.3958990281458536e-4,0,0,0
TUR.10.4_1,2055,10,aegypti,13.296262797187355,88.68383549491774,0.0023613413890230766,0,0,0,0,0,0,1,1,1,0.00022849080061515536,0,0,0
TUR.10.4_1,2055,11,aegypti,12.426512052031125,76.77507365816065,0.001369695128690352,0,0,0,0,0,0,1,1,1,1.3696013297359588e-4,0,0,0
TUR.10.4_1,2055,12,aegypti,6.52710834890604,74.4474258008017,0.0011265957490725921,0,0,0,0,0,0,1,1,1,1.0901945201913232e-4,0,0,0
TUR.10.4_1,2056,1,aegypti,5.374619352220393,70.91954716561463,0.0012480522056676677,0,0,0,0,0,0,1,1,1,1.2077195219029058e-4,0,0,0
TUR.10.4_1,2056,2,aegypti,5.853422890239231,73.62709001981847,9.66922991249319e-4,0,0,0,0,0,0,1,1,1,1.0002151385091196e-4,0,0,0
TUR.10.4_1,2056,3,aegypti,10.499303836485042,75.31175199662391,0.0011460483015067234,0,0,0,0,0,0,1,1,1,1.1090175009198511e-4,0,0,0
TUR.10.4_1,2056,4,aegypti,12.207888757481294,85.39891299919627,0.0015154380904921544,0,0,0,0,0,0,1,1,1,1.5153232686615503e-4,0,0,0
TUR.10.4_1,2056,5,aegypti,15.31730354533476,79.8888917995142,0.0021181817433374743,8.18265900668022e-5,8.18265900668022e-5,8.18265900668022e-5,0,0,0,1,1,1,2.049643219431685e-4,0,0,0
TUR.10.4_1,2056,6,aegypti,18.248791301951687,81.77658449011525,0.0023824690590987085,0.007943992999189584,0.007943992999189584,0.007943992999189584,0,0,0,1,1,1,2.3821852736949367e-4,0,0,0
TUR.10.4_1,2056,7,aegypti,19.723825510810403,87.62380535714837,0.0027978150516065644,0.022193787918742058,0.022193787918742058,0.022193787918742058,0,0,0,1,1,1,2.7071964413893923e-4,0,0,0
TUR.10.4_1,2056,8,aegypti,22.25673770904541,83.20373787098009,0.0033222290139419356,0.06004858995352838,0.06004858995352838,0.06004858995352838,4.440892098500626e-16,4.440892098500626e-16,4.440892098500626e-16,0.9999999999999996,0.9999999999999996,0.9999999999999996,3.2145435608077477e-4,1.4275441099477194e-19,1.4275441099477194e-19,1.4275441099477194e-19
TUR.10.4_1,2056,9,aegypti,19.383657034705667,82.52746995149457,0.002647976953609417,0.01702415668473694,0.01702415668473694,0.01702415668473694,0,0,0,1,1,1,2.647626395455571e-4,0,0,0
TUR.10.4_1,2056,10,aegypti,15.433898981879738,83.60331486503493,0.0026094707761852207,1.3363923064964387e-4,1.3363923064964387e-4,1.3363923064964387e-4,0,0,0,1,1,1,2.5249754708078775e-4,0,0,0
TUR.10.4_1,2056,11,aegypti,11.926452924223508,74.651256214313,0.001513622480517068,0,0,0,0,0,0,1,1,1,1.5135079336459079e-4,0,0,0
TUR.10.4_1,2056,12,aegypti,5.855698741972446,75.39104457521576,0.0012449782557682923,0,0,0,0,0,0,1,1,1,1.2047450905072754e-4,0,0,0
TUR.10.4_1,2057,1,aegypti,1.9466652744997512,86.454550827724,0.0010728118817961497,0,0,0,0,0,0,1,1,1,1.0381511552781664e-4,0,0,0
TUR.10.4_1,2057,2,aegypti,0.9485670726828497,76.04878954374425,8.024957536545106e-4,0,0,0,0,0,0,1,1,1,8.597799157217256e-5,0,0,0
TUR.10.4_1,2057,3,aegypti,3.4044101425610918,79.547004376995,9.851304531856256e-4,0,0,0,0,0,0,1,1,1,9.533066089073561e-5,0,0,0
TUR.10.4_1,2057,4,aegypti,8.914041673435884,77.27136478142283,0.0013026538330876247,0,0,0,0,0,0,1,1,1,1.302568991421449e-4,0,0,0
TUR.10.4_1,2057,5,aegypti,15.763732797959271,81.85770283467045,0.001820765615201536,3.172449069805947e-4,3.172449069805947e-4,3.172449069805947e-4,0,0,0,1,1,1,1.7618760119308963e-4,0,0,0
TUR.10.4_1,2057,6,aegypti,18.883507335887234,89.01582704382619,0.0020479440707734187,0.013794380105879335,0.013794380105879335,0.013794380105879335,0,0,0,1,1,1,2.0477343813418702e-4,0,0,0
TUR.10.4_1,2057,7,aegypti,21.13063627130845,96.16282971017571,0.002404970895288718,0.048993476845112266,0.048993476845112266,0.048993476845112266,0,0,0,1,1,1,2.327120372511704e-4,0,0,0
TUR.10.4_1,2057,8,aegypti,21.919480323791504,91.15138496570665,0.002855751341185381,0.060859937701175496,0.060859937701175496,0.060859937701175496,6.661338147750939e-16,6.661338147750939e-16,6.661338147750939e-16,0.9999999999999993,0.9999999999999993,0.9999999999999993,2.763248482726688e-4,1.8406932529702188e-19,1.8406932529702188e-19,1.8406932529702188e-19
TUR.10.4_1,2057,9,aegypti,19.57012897379258,85.24813492952191,0.002276171722347807,0.019723331324734677,0.019723331324734677,0.019723331324734677,0,0,0,1,1,1,2.275912694116311e-4,0,0,0
TUR.10.4_1,2057,10,aegypti,13.015881594489601,81.13139103690993,0.002243072237826541,0,0,0,0,0,0,1,1,1,2.1704794857158038e-4,0,0,0
TUR.10.4_1,2057,11,aegypti,8.700299550505246,82.8404423105044,0.0013010931548202134,0,0,0,0,0,0,1,1,1,1.3010085163212004e-4,0,0,0
TUR.10.4_1,2057,12,aegypti,6.467215694487095,73.59035487795013,0.0010701695484377212,0,0,0,0,0,0,1,1,1,1.0355943236184384e-4,0,0,0
TUR.10.4_1,2058,1,aegypti,4.620248901246883,78.18450077889588,0.0011593802501642407,0,0,0,0,0,0,1,1,1,1.1219179475541186e-4,0,0,0
TUR.10.4_1,2058,2,aegypti,6.510394344859592,61.50279573881261,8.672515129772742e-4,0,0,0,0,0,0,1,1,1,9.291548805046013e-5,0,0,0
TUR.10.4_1,2058,3,aegypti,4.691343564649715,79.80326048051063,0.0010646235473702429,0,0,0,0,0,0,1,1,1,1.0302277801843562e-4,0,0,0
TUR.10.4_1,2058,4,aegypti,13.271644746556001,75.22178134636424,0.0014077688292881076,0,0,0,0,0,0,1,1,1,1.4076697432841012e-4,0,0,0
TUR.10.4_1,2058,5,aegypti,14.930692560532513,81.83877430683842,0.0019676885857272024,1.0627084139992752e-5,1.0627084139992752e-5,1.0627084139992752e-5,0,0,0,1,1,1,1.904033470195854e-4,0,0,0
TUR.10.4_1,2058,6,aegypti,18.561749065623562,89.68761049109182,0.0022131987437726953,0.011131189416765044,0.011131189416765044,0.011131189416765044,0,0,0,1,1,1,2.2129538494053413e-4,0,0,0
TUR.10.4_1,2058,7,aegypti,21.029869135688333,89.26227123849603,0.002599035120257333,0.04241923630038333,0.04241923630038333,0.04241923630038333,0,0,0,1,1,1,2.5148789938223004e-4,0,0,0
TUR.10.4_1,2058,8,aegypti,23.09745693206787,86.50961555652697,0.0030861903755270803,0.08198895522368663,0.08198895522368663,0.08198895522368663,3.466782416694514e-12,3.466782416694514e-12,3.466782416694514e-12,0.9999999999965332,0.9999999999965332,0.9999999999965332,2.986189891998059e-4,1.0352470610489761e-15,1.0352470610489761e-15,1.0352470610489761e-15
TUR.10.4_1,2058,9,aegypti,20.26889949686387,86.1843379324516,0.002459842760553812,0.02855821267128483,0.02855821267128483,0.02855821267128483,0,0,0,1,1,1,2.459540244038605e-4,0,0,0
TUR.10.4_1,2058,10,aegypti,16.528930720160986,81.87045811454665,0.0024240723805871744,0.0013023135595980043,0.0013023135595980043,0.0013023135595980043,0,0,0,1,1,1,2.345601362030436e-4,0,0,0
TUR.10.4_1,2058,11,aegypti,11.245210935087766,71.54885448091456,0.0014060822152686323,0,0,0,0,0,0,1,1,1,1.405983366541408e-4,0,0,0
TUR.10.4_1,2058,12,aegypti,4.868043817579746,82.47068782472748,0.0011565246991006347,0,0,0,0,0,0,1,1,1,1.119154820694579e-4,0,0,0
TUR.10.4_1,2059,1,aegypti,1.0719667547930252,78.94610508797791,0.00111187711490583,0,0,0,0,0,0,1,1,1,1.0759522233871888e-4,0,0,0
TUR.10.4_1,2059,2,aegypti,2.892023096614353,69.2277827688419,8.317177302358615e-4,0,0,0,0,0,0,1,1,1,8.910864354283454e-5,0,0,0
TUR.10.4_1,2059,3,aegypti,4.67778994526495,84.29059568558876,0.0010210028660943167,0,0,0,0,0,0,1,1,1,9.88018477527941e-5,0,0,0
TUR.10.4_1,2059,4,aegypti,14.537258302464204,73.2185235948994,0.0013500885012846127,0,0,0,0,0,0,1,1,1,1.349997368438327e-4,0,0,0
TUR.10.4_1,2059,5,aegypti,15.120917208054486,78.82420979267826,0.0018870667388215052,3.447754383494993e-5,3.447754383494993e-5,3.447754383494993e-5,0,0,0,1,1,1,1.8260268792080758e-4,0,0,0
TUR.10.4_1,2059,6,aegypti,19.466988170848172,81.87155519324025,0.0021225176412920503,0.017738032215608424,0.017738032215608424,0.017738032215608424,0,0,0,1,1,1,2.1222924031716328e-4,0,0,0
TUR.10.4_1,2059,7,aegypti,21.458732661078958,90.48371441476556,0.0024925451944185465,0.05101282713451721,0.05101282713451721,0.05101282713451721,0,0,0,1,1,1,2.4118496130254297e-4,0,0,0
TUR.10.4_1,2059,8,aegypti,23.302992820739746,93.26199592762072,0.0029597403011695947,0.09737751361003855,0.09737751361003855,0.09737751361003855,4.4222614459243914e-10,4.4222614459243914e-10,4.4222614459243914e-10,0.9999999995577739,0.9999999995577739,0.9999999995577739,2.8638546461001724e-4,1.2664713988180234e-13,1.2664713988180234e-13,1.2664713988180234e-13
TUR.10.4_1,2059,9,aegypti,19.38981014139512,86.07462723909222,0.0023590559450526365,0.017970936254901742,0.017970936254901742,0.017970936254901742,0,0,0,1,1,1,2.358777709684512e-4,0,0,0
TUR.10.4_1,2059,10,aegypti,13.792715128730324,85.75330113212478,0.0023247511801829943,0,0,0,0,0,0,1,1,1,2.2495061547811446e-4,0,0,0
TUR.10.4_1,2059,11,aegypti,9.13406210085925,73.89660228364893,0.001348470992680625,0,0,0,0,0,0,1,1,1,1.348380078066702e-4,0,0,0
TUR.10.4_1,2059,12,aegypti,4.204693473875523,78.97478480959076,0.0011091385639622386,0,0,0,0,0,0,1,1,1,1.0733022975961681e-4,0,0,0
TUR.10.4_1,2060,1,aegypti,2.5457653874147903,78.60943516610291,0.0011507122472816664,0,0,0,0,0,0,1,1,1,1.113530495258086e-4,0,0,0
TUR.10.4_1,2060,2,aegypti,0.8761251371436041,81.81523851835362,8.915092839514539e-4,0,0,0,0,0,0,1,1,1,9.222084573612399e-5,0,0,0
TUR.10.4_1,2060,3,aegypti,4.645073194166317,82.24256864701454,0.001056663984512281,0,0,0,0,0,0,1,1,1,1.0225257680163136e-4,0,0,0
TUR.10.4_1,2060,4,aegypti,10.842535173191743,76.03555545525096,0.001397243771380196,0,0,0,0,0,0,1,1,1,1.3971461614181724e-4,0,0,0
TUR.10.4_1,2060,5,aegypti,14.041817552903119,77.42324696308842,0.001952977337773241,0,0,0,0,0,0,1,1,1,1.8897994792088646e-4,0,0,0
TUR.10.4_1,2060,6,aegypti,23.752512539134305,67.97224794226369,0.0021966519610514836,0.06951695454498746,0.06951695454498746,0.06951695454498746,3.197442310920451e-14,3.197442310920451e-14,3.197442310920451e-14,0.999999999999968,0.999999999999968,0.999999999999968,2.1964107147243173e-4,7.02289655141856e-18,7.02289655141856e-18,7.02289655141856e-18
TUR.10.4_1,2060,7,aegypti,22.3872891033397,88.99963696115228,0.002579603666330883,0.06925275733289356,0.06925275733289356,0.06925275733289356,2.8754776337791554e-14,2.8754776337791554e-14,2.8754776337791554e-14,0.9999999999999712,0.9999999999999712,0.9999999999999712,2.496079072451529e-4,7.177419544978592e-18,7.177419544978592e-18,7.177419544978592e-18
TUR.10.4_1,2060,8,aegypti,23.88759136199951,87.41950477771837,0.003063116748848126,0.10203750275437597,0.10203750275437597,0.10203750275437597,1.6375508726795829e-9,1.6375508726795829e-9,1.6375508726795829e-9,0.9999999983624491,0.9999999983624491,0.9999999983624491,2.963867218892524e-4,4.853483350803861e-13,4.853483350803861e-13,4.853483350803861e-13
TUR.10.4_1,2060,9,aegypti,19.06123119242051,83.61545212922894,0.0024414519658717917,0.014296643997343044,0.014296643997343044,0.014296643997343044,0,0,0,1,1,1,2.441153955740072e-4,0,0,0
TUR.10.4_1,2060,10,aegypti,12.652136858771827,83.83005284110915,0.0024059490199559042,0,0,0,0,0,0,1,1,1,2.3280667244474085e-4,0,0,0
TUR.10.4_1,2060,11,aegypti,11.250525762053098,77.47270549409815,0.001395569767179786,0,0,0,0,0,0,1,1,1,1.395472390960384e-4,0,0,0
TUR.10.4_1,2060,12,aegypti,7.682226337492466,79.02307887697357,0.0011478780454905247,0,0,0,0,0,0,1,1,1,1.1107880243721446e-4,0,0,0
TUR.10.4_1,2061,1,aegypti,0.8031257265795242,83.32779606698182,0.0010737469566399456,0,0,0,0,0,0,1,1,1,1.0390559724338111e-4,0,0,0
TUR.10.4_1,2061,2,aegypti,1.7011683087878149,85.749900383588,8.031952179354607e-4,0,0,0,0,0,0,1,1,1,8.605292772745354e-5,0,0,0
TUR.10.4_1,2061,3,aegypti,5.426769275327816,82.80480924760047,9.85989103914856e-4,0,0,0,0,0,0,1,1,1,9.541374819765913e-5,0,0,0
TUR.10.4_1,2061,4,aegypti,9.6474091165206,75.58205661491893,0.0013037892407487099,0,0,0,0,0,0,1,1,1,1.30370425112325e-4,0,0,0
TUR.10.4_1,2061,5,aegypti,13.033696062424603,80.01424275166264,0.0018223526148909623,0,0,0,0,0,0,1,1,1,1.7634115473730283e-4,0,0,0
TUR.10.4_1,2061,6,aegypti,18.660416210398953,82.49221406775197,0.0020497290817474536,0.01080945039357998,0.01080945039357998,0.01080945039357998,0,0,0,1,1,1,2.0495190266345276e-4,0,0,0
TUR.10.4_1,2061,7,aegypti,22.3332176769481,83.33117230050775,0.002407067094839081,0.061737660951765666,0.061737660951765666,0.061737660951765666,1.1102230246251565e-15,1.1102230246251565e-15,1.1102230246251565e-15,0.9999999999999989,0.9999999999999989,0.9999999999999989,2.329148480441079e-4,2.585874270756382e-19,2.585874270756382e-19,2.585874270756382e-19
TUR.10.4_1,2061,8,aegypti,23.849696159362793,80.1812311571129,0.0028582404460178214,0.08906299940461797,0.08906299940461797,0.08906299940461797,3.592515174233313e-11,3.592515174233313e-11,3.592515174233313e-11,0.9999999999640748,0.9999999999640748,0.9999999999640748,2.7656566279499195e-4,9.935663402629022e-15,9.935663402629022e-15,9.935663402629022e-15
TUR.10.4_1,2061,9,aegypti,20.743558462928323,85.79331620393597,0.002278155659097429,0.03551662483922365,0.03551662483922365,0.03551662483922365,0,0,0,1,1,1,2.2778961791414254e-4,0,0,0
TUR.10.4_1,2061,10,aegypti,11.544933375190285,84.67476414482009,0.0022450273246949833,0,0,0,0,0,0,1,1,1,2.1723710944276942e-4,0,0,0
TUR.10.4_1,2061,11,aegypti,10.678685475798215,80.11764873140284,0.0013022272021766526,0,0,0,0,0,0,1,1,1,1.302142416073071e-4,0,0,0
TUR.10.4_1,2061,12,aegypti,6.4483267441391945,74.79234309816498,0.0010711023201941871,0,0,0,0,0,0,1,1,1,1.0364969124410095e-4,0,0,0
TUR.10.4_1,2062,1,aegypti,3.220569598077632,80.7165366065326,0.0011580785431789433,0,0,0,0,0,0,1,1,1,1.1206583723677443e-4,0,0,0
TUR.10.4_1,2062,2,aegypti,4.229481230311863,75.30707506620519,8.662777967592409e-4,0,0,0,0,0,0,1,1,1,9.28111710010171e-5,0,0,0
TUR.10.4_1,2062,3,aegypti,5.103153724332943,77.05306974564735,0.0010634282295199277,0,0,0,0,0,0,1,1,1,1.0290711400806618e-4,0,0,0
TUR.10.4_1,2062,4,aegypti,9.80679336716147,77.69178256706736,0.0014061882412812747,0,0,0,0,0,0,1,1,1,1.4060893776468575e-4,0,0,0
TUR.10.4_1,2062,5,aegypti,13.347086794236127,83.47538624531498,0.0019654793416275483,0,0,0,0,0,0,1,1,1,1.9018958988847867e-4,0,0,0
TUR.10.4_1,2062,6,aegypti,19.003491008982937,84.19871888952932,0.0022107138504305736,0.013917727526666049,0.013917727526666049,0.013917727526666049,0,0,0,1,1,1,2.210469505650181e-4,0,0,0
TUR.10.4_1,2062,7,aegypti,22.61170202143052,81.45350201242181,0.0025961170248605956,0.06519054945406307,0.06519054945406307,0.06519054945406307,5.10702591327572e-15,5.10702591327572e-15,5.10702591327572e-15,0.9999999999999949,0.9999999999999949,0.9999999999999949,2.512055740329089e-4,1.282913376145368e-18,1.282913376145368e-18,1.282913376145368e-18
TUR.10.4_1,2062,8,aegypti,21.8856840133667,91.12570442371447,0.0030827253211851485,0.05986283156025988,0.05986283156025988,0.05986283156025988,4.440892098500626e-16,4.440892098500626e-16,4.440892098500626e-16,0.9999999999999996,0.9999999999999996,0.9999999999999996,2.982837614393663e-4,1.3246459992871276e-19,1.3246459992871276e-19,1.3246459992871276e-19
TUR.10.4_1,2062,9,aegypti,19.98427158243516,87.86271317659222,0.0024570809449168006,0.025664613464721868,0.025664613464721868,0.025664613464721868,0,0,0,1,1,1,2.4567791073004663e-4,0,0,0
TUR.10.4_1,2062,10,aegypti,15.491068896125343,84.43868016044509,0.002421350726539479,1.605763816038728e-4,1.605763816038728e-4,1.605763816038728e-4,0,0,0,1,1,1,2.3429681207254305e-4,0,0,0
TUR.10.4_1,2062,11,aegypti,11.334734250517453,76.0507923471255,0.0014045035209263243,0,0,0,0,0,0,1,1,1,1.4044048940364817e-4,0,0,0
TUR.10.4_1,2062,12,aegypti,7.047413982450962,72.29238887453216,0.0011552261982168436,0,0,0,0,0,0,1,1,1,1.1178983474913196e-4,0,0,0
TUR.10.4_1,2063,1,aegypti,5.804126130937434,69.33418187020447,0.0012668433722612545,0,0,0,0,0,0,1,1,1,1.2259023090621657e-4,0,0,0
TUR.10.4_1,2063,2,aegypti,5.7134940724902075,72.90719561063878,9.47637180418732e-4,0,0,0,0,0,0,1,1,1,1.0152740078939182e-4,0,0,0
TUR.10.4_1,2063,3,aegypti,7.0032901951276205,78.85399595414344,0.0011633036570600508,0,0,0,0,0,0,1,1,1,1.125714366241315e-4,0,0,0
TUR.10.4_1,2063,4,aegypti,14.171672975315767,69.33916721062205,0.001538255124500336,0,0,0,0,0,0,1,1,1,1.5381368191247358e-4,0,0,0
TUR.10.4_1,2063,5,aegypti,12.170320398667279,84.28568897968998,0.0021500739236756,0,0,0,0,0,0,1,1,1,2.080500246244288e-4,0,0,0
TUR.10.4_1,2063,6,aegypti,18.537737453685086,89.76021943884572,0.0024183404535726596,0.011054224863859223,0.011054224863859223,0.011054224863859223,0,0,0,1,1,1,2.4180480586155628e-4,0,0,0
TUR.10.4_1,2063,7,aegypti,22.023504313300638,86.0779145490429,0.0028399400592737383,0.05843024845340116,0.05843024845340116,0.05843024845340116,2.220446049250313e-16,2.220446049250313e-16,2.220446049250313e-16,0.9999999999999998,0.9999999999999998,0.9999999999999998,2.747951458575981e-4,6.101677959726673e-20,6.101677959726673e-20,6.101677959726673e-20
TUR.10.4_1,2063,8,aegypti,24.307610511779785,77.71859230213244,0.003372249805203334,0.09412362465216402,0.09412362465216402,0.09412362465216402,1.7027856902274152e-10,1.7027856902274152e-10,1.7027856902274152e-10,0.9999999998297214,0.9999999998297214,0.9999999998297214,3.262935100322162e-4,5.556079196969333e-14,5.556079196969333e-14,5.556079196969333e-14
TUR.10.4_1,2063,9,aegypti,19.189137991736917,85.51389725862347,0.002687845939734588,0.015917768078329335,0.015917768078329335,0.015917768078329335,0,0,0,1,1,1,2.6874847463065343e-4,0,0,0
TUR.10.4_1,2063,10,aegypti,13.186873492072609,83.54641484062087,0.002648759998105357,0,0,0,0,0,0,1,1,1,2.562987625789326e-4,0,0,0
TUR.10.4_1,2063,11,aegypti,11.712119389982785,81.25872386568018,0.0015364121779848743,0,0,0,0,0,0,1,1,1,1.5362941559105003e-4,0,0,0
TUR.10.4_1,2063,12,aegypti,5.609474815428257,82.43569179201263,0.0012637231397589583,0,0,0,0,0,0,1,1,1,1.222883098935812e-4,0,0,0
TUR.10.4_1,2064,1,aegypti,3.5065717571962844,80.79074772713807,0.0011471119983191822,0,0,0,0,0,0,1,1,1,1.1100467707192418e-4,0,0,0
TUR.10.4_1,2064,2,aegypti,0.00549770408200434,81.92565111600987,8.887200068040405e-4,0,0,0,0,0,0,1,1,1,9.193232639270743e-5,0,0,0
TUR.10.4_1,2064,3,aegypti,6.408894080778255,79.59079710160438,0.0010533579856207929,0,0,0,0,0,0,1,1,1,1.0193267408808993e-4,0,0,0
TUR.10.4_1,2064,4,aegypti,11.380170022740083,76.67766818718455,0.0013928721959058474,0,0,0,0,0,0,1,1,1,1.392775195762086e-4,0,0,0
TUR.10.4_1,2064,5,aegypti,17.06659973368925,85.64032612568607,0.0019468670311777532,0.002762974157359235,0.002762974157359235,0.002762974157359235,0,0,0,1,1,1,1.8838873950055568e-4,0,0,0
TUR.10.4_1,2064,6,aegypti,18.579031551585476,90.03725038366994,0.0021897792663683456,0.01141993493168578,0.01141993493168578,0.01141993493168578,0,0,0,1,1,1,2.1895395272064633e-4,0,0,0
TUR.10.4_1,2064,7,aegypti,22.260028895209818,86.86757977121087,0.0025715328254710002,0.06394624063448845,0.06394624063448845,0.06394624063448845,2.9976021664879227e-15,2.9976021664879227e-15,2.9976021664879227e-15,0.999999999999997,0.999999999999997,0.999999999999997,2.4882705278073125e-4,7.458845124963247e-19,7.458845124963247e-19,7.458845124963247e-19
TUR.10.4_1,2064,8,aegypti,22.889344215393066,83.55590309314806,0.003053533134071226,0.07353176044266298,0.07353176044266298,0.07353176044266298,1.580957587066223e-13,1.580957587066223e-13,1.580957587066223e-13,0.9999999999998419,0.9999999999998419,0.9999999999998419,2.9545954975085387e-4,4.671090168497826e-17,4.671090168497826e-17,4.671090168497826e-17
TUR.10.4_1,2064,9,aegypti,21.32544475443223,85.79832108674847,0.0024338133621045603,0.04503812871839938,0.04503812871839938,0.04503812871839938,0,0,0,1,1,1,2.4335172137568417e-4,0,0,0
TUR.10.4_1,2064,10,aegypti,16.9849920833812,80.89677189628493,0.0023984214947354605,0.002313611166702173,0.002313611166702173,0.002313611166702173,0,0,0,1,1,1,2.3207837158956135e-4,0,0,0
TUR.10.4_1,2064,11,aegypti,10.589646626921262,80.54485667818018,0.0013912034291850071,0,0,0,0,0,0,1,1,1,1.3911066613236933e-4,0,0,0
TUR.10.4_1,2064,12,aegypti,3.860228218138218,87.17893977785248,0.001144286663933495,0,0,0,0,0,0,1,1,1,1.1073128792871145e-4,0,0,0
TUR.10.4_1,2065,1,aegypti,4.463959085344173,75.0035239112201,0.0011928537089145792,0,0,0,0,0,0,1,1,1,1.1543079305464943e-4,0,0,0
TUR.10.4_1,2065,2,aegypti,4.894226799540989,71.3424067922794,8.922906731162371e-4,0,0,0,0,0,0,1,1,1,9.559800233938098e-5,0,0,0
TUR.10.4_1,2065,3,aegypti,6.148935813566341,83.27875486527626,0.0010953612043145356,0,0,0,0,0,0,1,1,1,1.05997079104303e-4,0,0,0
TUR.10.4_1,2065,4,aegypti,11.665424501194673,75.38906345085643,0.0014484137271380685,0,0,0,0,0,0,1,1,1,1.448308837086465e-4,0,0,0
TUR.10.4_1,2065,5,aegypti,16.610569841721478,79.13485584980717,0.0020244994057308386,0.0014081838522416509,0.0014081838522416509,0.0014081838522416509,0,0,0,1,1,1,1.9590010639658484e-4,0,0,0
TUR.10.4_1,2065,6,aegypti,21.576466167674344,81.5798681815215,0.002277097897519261,0.046249485049924904,0.046249485049924904,0.046249485049924904,0,0,0,1,1,1,2.2768386584548495e-4,0,0,0
TUR.10.4_1,2065,7,aegypti,21.536741312812357,89.75788433664056,0.0026740740860119166,0.05199511475461368,0.05199511475461368,0.05199511475461368,0,0,0,1,1,1,2.5874788215363154e-4,0,0,0
TUR.10.4_1,2065,8,aegypti,21.864428520202637,86.64784492664415,0.003175294417290999,0.05563427269405995,0.05563427269405995,0.05563427269405995,0,0,0,1,1,1,3.0723934883369886e-4,0,0,0
TUR.10.4_1,2065,9,aegypti,19.826085623572855,89.72741349397504,0.002530862984648584,0.024399233842034473,0.024399233842034473,0.024399233842034473,0,0,0,1,1,1,2.5305427482924525e-4,0,0,0
TUR.10.4_1,2065,10,aegypti,14.280652102302101,88.75192021171462,0.002494059847449685,0,0,0,0,0,0,1,1,1,2.4133150526461922e-4,0,0,0
TUR.10.4_1,2065,11,aegypti,11.61285905978259,77.52653087251612,0.001446678417442778,0,0,0,0,0,0,1,1,1,1.4465737785662736e-4,0,0,0
TUR.10.4_1,2065,12,aegypti,9.683054126799107,68.33802028322357,0.0011899157127940358,0,0,0,0,0,0,1,1,1,1.151465036286492e-4,0,0,0
TUR.10.4_1,2066,1,aegypti,5.207663642762996,79.71762760995057,0.0011642831197706364,0,0,0,0,0,0,1,1,1,1.1266621266325938e-4,0,0,0
TUR.10.4_1,2066,2,aegypti,2.388411889605991,87.72085527860753,8.70919007816413e-4,0,0,0,0,0,0,1,1,1,9.330839733812102e-5,0,0,0
TUR.10.4_1,2066,3,aegypti,5.0316598602734945,78.4499584785575,0.0010691257030969038,0,0,0,0,0,0,1,1,1,1.0345842552694773e-4,0,0,0
TUR.10.4_1,2066,4,aegypti,13.409875070347505,74.43076572136424,0.0014137221021724526,0,0,0,0,0,0,1,1,1,1.413622176372753e-4,0,0,0
TUR.10.4_1,2066,5,aegypti,15.150275118210736,74.89351521260014,0.001976009687074622,3.72702017258836e-5,3.72702017258836e-5,3.72702017258836e-5,0,0,0,1,1,1,1.9120846124209834e-4,0,0,0
TUR.10.4_1,2066,6,aegypti,17.99692782233743,87.70190797644338,0.0022225580759264204,0.007050289767323351,0.007050289767323351,0.007050289767323351,0,0,0,1,1,1,2.2223111060037937e-4,0,0,0
TUR.10.4_1,2066,7,aegypti,20.946243342231302,85.90150768869134,0.0026100261047037727,0.03880311481158586,0.03880311481158586,0.03880311481158586,0,0,0,1,1,1,2.5255127497925134e-4,0,0,0
TUR.10.4_1,2066,8,aegypti,23.325989723205566,97.98711647205431,0.003099241476742215,0.10569482870312703,0.10569482870312703,0.10569482870312703,4.377176732184296e-9,4.377176732184296e-9,4.377176732184296e-9,0.9999999956228233,0.9999999956228233,0.9999999956228233,2.998816210387778e-4,1.3126348540206469e-12,1.3126348540206469e-12,1.3126348540206469e-12
TUR.10.4_1,2066,9,aegypti,19.717254217933206,88.70843918977582,0.002470245118456254,0.022539900828422655,0.022539900828422655,0.022539900828422655,0,0,0,1,1,1,2.4699400380301384e-4,0,0,0
TUR.10.4_1,2066,10,aegypti,14.326100405524757,86.42952488700759,0.0024343234701643857,0,0,0,0,0,0,1,1,1,2.3555194394464518e-4,0,0,0
TUR.10.4_1,2066,11,aegypti,12.636295606108273,75.92590678804346,0.0014120283556797331,0,0,0,0,0,0,1,1,1,1.411928669168283e-4,0,0,0
TUR.10.4_1,2066,12,aegypti,5.84885660558939,82.04274745607513,0.0011614154929497304,0,0,0,0,0,0,1,1,1,1.1238873161811824e-4,0,0,0
TUR.10.4_1,2067,1,aegypti,6.937866556047298,75.71359928963807,0.0012075380321581106,0,0,0,0,0,0,1,1,1,1.168516915502904e-4,0,0,0
TUR.10.4_1,2067,2,aegypti,4.774099360042087,75.12752489530675,9.03274991288119e-4,0,0,0,0,0,0,1,1,1,9.677478037106724e-5,0,0,0
TUR.10.4_1,2067,3,aegypti,9.15013029064764,75.95615354691688,0.0011088453707905862,0,0,0,0,0,0,1,1,1,1.0730185927176894e-4,0,0,0
TUR.10.4_1,2067,4,aegypti,10.078478967442232,79.19377383904002,0.001466244057211835,0,0,0,0,0,0,1,1,1,1.4661365688839467e-4,0,0,0
TUR.10.4_1,2067,5,aegypti,15.962274439194623,82.88214741474857,0.002049421492536554,5.05673563098282e-4,5.05673563098282e-4,5.05673563098282e-4,0,0,0,1,1,1,1.9831144586612837e-4,0,0,0
TUR.10.4_1,2067,6,aegypti,18.524572933421414,79.89311586218557,0.002305129534034659,0.009425335937758262,0.009425335937758262,0.009425335937758262,0,0,0,1,1,1,2.304863873339169e-4,0,0,0
TUR.10.4_1,2067,7,aegypti,19.879207667182474,86.85386974923821,0.0027069925972783818,0.023857359784490433,0.023857359784490433,0.023857359784490433,0,0,0,1,1,1,2.6193271517793715e-4,0,0,0
TUR.10.4_1,2067,8,aegypti,21.27428150177002,90.55946602039415,0.003214383074406639,0.04762419124238285,0.04762419124238285,0.04762419124238285,0,0,0,1,1,1,3.110209527336094e-4,0,0,0
TUR.10.4_1,2067,9,aegypti,19.90142017252305,85.31891282258832,0.0025620185319499248,0.02360925240903573,0.02360925240903573,0.02360925240903573,0,0,0,1,1,1,2.561690363028779e-4,0,0,0
TUR.10.4_1,2067,10,aegypti,16.790314730475927,80.97912358085524,0.0025247623390586425,0.0018381392014545296,0.0018381392014545296,0.0018381392014545296,0,0,0,1,1,1,2.4430199267078123e-4,0,0,0
TUR.10.4_1,2067,11,aegypti,10.122801114531125,83.6129032480044,0.0014644873854263714,0,0,0,0,0,0,1,1,1,1.4643801544955704e-4,0,0,0
TUR.10.4_1,2067,12,aegypti,5.334245599806309,80.55841060304779,0.001204563868580988,0,0,0,0,0,0,1,1,1,1.1656390285974538e-4,0,0,0
TUR.10.4_1,2068,1,aegypti,2.4212602847803604,83.84030827401307,0.0011587134555592318,0,0,0,0,0,0,1,1,1,1.1212727348275386e-4,0,0,0
TUR.10.4_1,2068,2,aegypti,5.141266356044285,76.97501329862706,8.977081850921423e-4,0,0,0,0,0,0,1,1,1,9.286205202774234e-5,0,0,0
TUR.10.4_1,2068,3,aegypti,5.099586028715267,79.93540922318641,0.0010640112502074688,0,0,0,0,0,0,1,1,1,1.0296352955718735e-4,0,0,0
TUR.10.4_1,2068,4,aegypti,12.104847108616548,70.16984042839549,0.001406959178907798,0,0,0,0,0,0,1,1,1,1.406860206842886e-4,0,0,0
TUR.10.4_1,2068,5,aegypti,17.173683054306927,77.0463396144556,0.001966556908580628,0.002727220755100269,0.002727220755100269,0.002727220755100269,0,0,0,1,1,1,1.9029385072277805e-4,0,0,0
TUR.10.4_1,2068,6,aegypti,19.492884243235867,82.42823396521291,0.002211925866317735,0.018116047750964055,0.018116047750964055,0.018116047750964055,0,0,0,1,1,1,2.2116812535522e-4,0,0,0
TUR.10.4_1,2068,7,aegypti,22.129186686347513,87.44145519845696,0.002597540336646718,0.061794736447311996,0.061794736447311996,0.061794736447311996,1.1102230246251565e-15,1.1102230246251565e-15,1.1102230246251565e-15,0.9999999999999989,0.9999999999999989,0.9999999999999989,2.513432792726755e-4,2.7904709573331524e-19,2.7904709573331524e-19,2.7904709573331524e-19
TUR.10.4_1,2068,8,aegypti,20.671406745910645,91.60323585681994,0.0030844154142129292,0.03752773358419716,0.03752773358419716,0.03752773358419716,0,0,0,1,1,1,2.984472700292562e-4,0,0,0
TUR.10.4_1,2068,9,aegypti,20.149207648108987,82.57867844758832,0.0024584280306740552,0.025657251242317117,0.025657251242317117,0.025657251242317117,0,0,0,1,1,1,2.458125862017102e-4,0,0,0
TUR.10.4_1,2068,10,aegypti,13.303202685187843,86.77152775565993,0.002422678223333505,0,0,0,0,0,0,1,1,1,2.3442524939654152e-4,0,0,0
TUR.10.4_1,2068,11,aegypti,10.751750279875363,81.37627757661768,0.0014052735349109951,0,0,0,0,0,0,1,1,1,1.4051747998511388e-4,0,0,0
TUR.10.4_1,2068,12,aegypti,9.050165332853794,70.05879207277435,0.0011558595468093044,0,0,0,0,0,0,1,1,1,1.1185111969469475e-4,0,0,0
TUR.10.4_1,2069,1,aegypti,6.92438780009637,70.3831396949115,0.0012264349112912738,0,0,0,0,0,0,1,1,1,1.1868020642680221e-4,0,0,0
TUR.10.4_1,2069,2,aegypti,3.4986219506792944,82.22660784208409,9.174104287483162e-4,0,0,0,0,0,0,1,1,1,9.828914381426745e-5,0,0,0
TUR.10.4_1,2069,3,aegypti,9.110956687589779,75.67306486283485,0.00112619779894703,0,0,0,0,0,0,1,1,1,1.0898094491440524e-4,0,0,0
TUR.10.4_1,2069,4,aegypti,13.22974315811606,69.43039951042674,0.001489189451883448,0,0,0,0,0,0,1,1,1,1.489078573125857e-4,0,0,0
TUR.10.4_1,2069,5,aegypti,13.633471376755658,85.42509327656498,0.002081493087141451,0,0,0,0,0,0,1,1,1,2.0141452825450656e-4,0,0,0
TUR.10.4_1,2069,6,aegypti,17.88234385322122,88.68856416540822,0.0023412027284441866,0.006526914573216542,0.006526914573216542,0.006526914573216542,0,0,0,1,1,1,2.340928688320254e-4,0,0,0
TUR.10.4_1,2069,7,aegypti,21.739738520453958,88.33703930490228,0.002749354585524595,0.05465988214001079,0.05465988214001079,0.05465988214001079,0,0,0,1,1,1,2.660311802211712e-4,0,0,0
TUR.10.4_1,2069,8,aegypti,23.0169038772583,85.99398292713244,0.0032646852651676125,0.07925739681042376,0.07925739681042376,0.07925739681042376,1.3277157151492247e-12,1.3277157151492247e-12,1.3277157151492247e-12,0.9999999999986723,0.9999999999986723,0.9999999999986723,3.158873807977969e-4,4.1940863970256236e-16,4.1940863970256236e-16,4.1940863970256236e-16
TUR.10.4_1,2069,9,aegypti,21.298177298377542,76.92404587922894,0.002602111807064959,0.03845620212639775,0.03845620212639775,0.03845620212639775,0,0,0,1,1,1,2.6017732871352894e-4,0,0,0
TUR.10.4_1,2069,10,aegypti,14.083567675422218,83.77514408866774,0.002564272588417734,0,0,0,0,0,0,1,1,1,2.4812462377499234e-4,0,0,0
TUR.10.4_1,2069,11,aegypti,10.212823201628293,72.35261119478174,0.0014874052897717812,0,0,0,0,0,0,1,1,1,0.00014872946765309702,0,0,0
TUR.10.4_1,2069,12,aegypti,7.505540050566196,67.54269786501068,0.0012234142047414724,0,0,0,0,0,0,1,1,1,1.1838791463714138e-4,0,0,0
TUR.10.4_1,2070,1,aegypti,6.1684030169237625,78.0617743384662,0.0011463550538613647,0,0,0,0,0,0,1,1,1,1.1093143251117432e-4,0,0,0
TUR.10.4_1,2070,2,aegypti,2.2776178222231787,84.10919908964269,8.575082719664886e-4,0,0,0,0,0,0,1,1,1,9.187166582214079e-5,0,0,0
TUR.10.4_1,2070,3,aegypti,8.661026973386898,71.02550474320594,0.0010526629065958314,0,0,0,0,0,0,1,1,1,1.0186541523038439e-4,0,0,0
TUR.10.4_1,2070,4,aegypti,10.824186479344087,75.72075900749705,0.0013919530817385441,0,0,0,0,0,0,1,1,1,1.3918562095638354e-4,0,0,0
TUR.10.4_1,2070,5,aegypti,15.7758950065164,79.93396626240482,0.0019455823526010178,3.1582173970058993e-4,3.1582173970058993e-4,3.1582173970058993e-4,0,0,0,1,1,1,1.882644391808519e-4,0,0,0
TUR.10.4_1,2070,6,aegypti,19.015791500315945,88.50101838904104,0.002188334297366234,0.014974217487156764,0.014974217487156764,0.014974217487156764,0,0,0,1,1,1,2.188094874481239e-4,0,0,0
TUR.10.4_1,2070,7,aegypti,21.251083430121927,86.13904888742181,0.0025698359488598344,0.04395973062009096,0.04395973062009096,0.04395973062009096,0,0,0,1,1,1,2.486628797625512e-4,0,0,0
TUR.10.4_1,2070,8,aegypti,23.8300199508667,80.91068519764025,0.0030515182000578223,0.08951657138868302,0.08951657138868302,0.08951657138868302,4.145694898483043e-11,4.145694898483043e-11,4.145694898483043e-11,0.999999999958543,0.999999999958543,0.999999999958543,2.952646137303061e-4,1.2240770028442964e-14,1.2240770028442964e-14,1.2240770028442964e-14
TUR.10.4_1,2070,9,aegypti,19.273648794959573,88.64545853792035,0.002432207362395285,0.017528487706059616,0.017528487706059616,0.017528487706059616,0,0,0,1,1,1,2.4319116047410994e-4,0,0,0
TUR.10.4_1,2070,10,aegypti,15.85339551813462,81.03061436454665,0.0023968388490473234,3.871407320470308e-4,3.871407320470308e-4,3.871407320470308e-4,0,0,0,1,1,1,2.3192524786264102e-4,0,0,0
TUR.10.4_1,2070,11,aegypti,8.270619203062619,80.89660228364893,0.0013902854161863105,0,0,0,0,0,0,1,1,1,1.390188775988177e-4,0,0,0
TUR.10.4_1,2070,12,aegypti,3.79810444265604,82.91923518800873,0.00114353158382825,0,0,0,0,0,0,1,1,1,1.1065822374911605e-4,0,0,0
TUR.10.4_1,2071,1,aegypti,2.9078993672121536,80.85910710213807,0.0012165101430735043,0,0,0,0,0,0,1,1,1,1.1771985851294353e-4,0,0,0
TUR.10.4_1,2071,2,aegypti,3.504395971827976,77.19139818632237,9.099864017721882e-4,0,0,0,0,0,0,1,1,1,9.74937902185058e-5,0,0,0
TUR.10.4_1,2071,3,aegypti,7.6929216572247885,67.98519102250282,0.0011170841867862808,0,0,0,0,0,0,1,1,1,1.0809907817543873e-4,0,0,0
TUR.10.4_1,2071,4,aegypti,11.148471986546236,75.50271854118846,0.0014771383760324444,0,0,0,0,0,0,1,1,1,1.4770292845145416e-4,0,0,0
TUR.10.4_1,2071,5,aegypti,14.630234606125775,79.00540028340092,0.002064648869607707,0,0,0,0,0,0,1,1,1,1.9978476968129932e-4,0,0,0
TUR.10.4_1,2071,6,aegypti,18.354361141429226,89.11999116736135,0.0023222568437366534,0.009499445278467328,0.009499445278467328,0.009499445278467328,0,0,0,1,1,1,2.32198722076582e-4,0,0,0
TUR.10.4_1,2071,7,aegypti,20.139463480781107,90.23948223703118,0.0027271057839301717,0.02880232687216431,0.02880232687216431,0.02880232687216431,0,0,0,1,1,1,2.6387864086641066e-4,0,0,0
TUR.10.4_1,2071,8,aegypti,24.22739887237549,95.48379768543322,0.003238266215724017,0.12774974280115736,0.12774974280115736,0.12774974280115736,8.172993507526982e-7,8.172993507526982e-7,8.172993507526982e-7,0.9999991827006492,0.9999991827006492,0.9999991827006492,3.1333150294998724e-4,2.560856339313917e-10,2.560856339313917e-10,2.560856339313917e-10
TUR.10.4_1,2071,9,aegypti,20.371503409217386,81.83852799592816,0.0025810545488900018,0.028147259617455612,0.028147259617455612,0.028147259617455612,0,0,0,1,1,1,2.5807214854167704e-4,0,0,0
TUR.10.4_1,2071,10,aegypti,16.973084505866552,78.49229954521071,0.0025435215392972956,0.0022170477247701946,0.0022170477247701946,0.0022170477247701946,0,0,0,1,1,1,2.4611695399057165e-4,0,0,0
TUR.10.4_1,2071,11,aegypti,9.766081143828,72.96542705171534,0.001475368652025285,0,0,0,0,0,0,1,1,1,1.475259821744901e-4,0,0,0
TUR.10.4_1,2071,12,aegypti,4.203987039625645,79.97747035646576,0.0012135138812064863,0,0,0,0,0,0,1,1,1,1.1742993177921157e-4,0,0,0
TUR.10.4_1,2072,1,aegypti,3.3282666081179153,74.1665869605365,0.001227822399250101,0,0,0,0,0,0,1,1,1,1.1881446351058589e-4,0,0,0
TUR.10.4_1,2072,2,aegypti,5.708653221660129,81.26158861600987,9.51250037149451e-4,0,0,0,0,0,0,1,1,1,9.840033462626963e-5,0,0,0
TUR.10.4_1,2072,3,aegypti,5.008580703397884,77.20501676713172,0.001127471886850848,0,0,0,0,0,0,1,1,1,1.0910423029897309e-4,0,0,0
TUR.10.4_1,2072,4,aegypti,11.933913385166841,78.11239871696971,0.0014908741987981662,0,0,0,0,0,0,1,1,1,1.490763069027512e-4,0,0,0
TUR.10.4_1,2072,5,aegypti,15.433032877304974,80.38716755635014,0.0020838479178529727,1.258461005668504e-4,1.258461005668504e-4,1.258461005668504e-4,0,0,0,1,1,1,2.0164236917186162e-4,0,0,0
TUR.10.4_1,2072,6,aegypti,18.88742502997903,86.4004477103301,0.002343851373362056,0.01334670086813699,0.01334670086813699,0.01334670086813699,0,0,0,1,1,1,2.343576712858786e-4,0,0,0
TUR.10.4_1,2072,7,aegypti,20.780235346625833,90.45547039621087,0.002752464980007695,0.03878628883872835,0.03878628883872835,0.03878628883872835,0,0,0,1,1,1,2.6633210601656465e-4,0,0,0
TUR.10.4_1,2072,8,aegypti,21.84437084197998,89.30284370594103,0.003268378662553057,0.057672504426066064,0.057672504426066064,0.057672504426066064,1.1102230246251565e-16,1.1102230246251565e-16,1.1102230246251565e-16,0.9999999999999999,0.9999999999999999,0.9999999999999999,0.00031624469338120687,3.511021400073387e-20,3.511021400073387e-20,3.511021400073387e-20
TUR.10.4_1,2072,9,aegypti,19.554383810828714,83.88367112336957,0.002605055623134271,0.019192878350997075,0.019192878350997075,0.019192878350997075,0,0,0,1,1,1,2.6047163368569937e-4,0,0,0
TUR.10.4_1,2072,10,aegypti,15.634148653815773,82.26033543388259,0.002567173596295791,2.3188545535122573e-4,2.3188545535122573e-4,2.3188545535122573e-4,0,0,0,1,1,1,2.484052967742789e-4,0,0,0
TUR.10.4_1,2072,11,aegypti,10.862242986174191,78.53650249116846,0.001489088018231689,0,0,0,0,0,0,1,1,1,1.488977154577853e-4,0,0,0
TUR.10.4_1,2072,12,aegypti,5.432387746870518,80.42169948244232,0.0012247982753204399,0,0,0,0,0,0,1,1,1,1.1852184108518404e-4,0,0,0
TUR.10.4_1,2073,1,aegypti,3.3519208306063186,80.34854802010682,0.0011600907542393894,0,0,0,0,0,0,1,1,1,1.1226054549784426e-4,0,0,0
TUR.10.4_1,2073,2,aegypti,4.813407431178562,69.60511736356847,8.677829915271821e-4,0,0,0,0,0,0,1,1,1,9.297242688821594e-5,0,0,0
TUR.10.4_1,2073,3,aegypti,4.739240903516903,85.03142515336219,0.00106527598160724,0,0,0,0,0,0,1,1,1,1.0308591030883107e-4,0,0,0
TUR.10.4_1,2073,4,aegypti,10.760949289097505,75.10031375603221,0.0014086315535668198,0,0,0,0,0,0,1,1,1,1.4085323460821808e-4,0,0,0
TUR.10.4_1,2073,5,aegypti,15.21225918040556,79.57155476338139,0.0019688944461501174,5.432622227017498e-5,5.432622227017498e-5,5.432622227017498e-5,0,0,0,1,1,1,1.9052002096342502e-4,0,0,0
TUR.10.4_1,2073,6,aegypti,19.798643673167508,80.58181367712697,0.0022145550604137122,0.02085091887390776,0.02085091887390776,0.02085091887390776,0,0,0,1,1,1,2.2143098658078397e-4,0,0,0
TUR.10.4_1,2073,7,aegypti,22.957237299750833,80.0582612287304,0.002600627889363185,0.07029650193697337,0.07029650193697337,0.07029650193697337,4.39648317751562e-14,4.39648317751562e-14,4.39648317751562e-14,0.999999999999956,0.999999999999956,0.999999999999956,2.5164199955196587e-4,1.1063398177866111e-17,1.1063398177866111e-17,1.1063398177866111e-17
TUR.10.4_1,2073,8,aegypti,23.25210475921631,87.1430231493004,0.003088081688440324,0.08607152651912964,0.08607152651912964,0.08607152651912964,1.3698042700127644e-11,1.3698042700127644e-11,1.3698042700127644e-11,0.999999999986302,0.999999999986302,0.999999999986302,2.988019648086926e-4,4.093002072831509e-15,4.093002072831509e-15,4.093002072831509e-15
TUR.10.4_1,2073,9,aegypti,19.462539252112894,86.61496384797894,0.002461350228276632,0.01898243215009459,0.01898243215009459,0.01898243215009459,0,0,0,1,1,1,2.4610473408803735e-4,0,0,0
TUR.10.4_1,2073,10,aegypti,15.218552645514992,80.8700537566365,0.0024255579271148277,5.690768393661656e-5,5.690768393661656e-5,5.690768393661656e-5,0,0,0,1,1,1,2.3470386503887664e-4,0,0,0
TUR.10.4_1,2073,11,aegypti,8.722639371367062,81.48308147066065,0.0014069439059381092,0,0,0,0,0,0,1,1,1,1.4068449360216118e-4,0,0,0
TUR.10.4_1,2073,12,aegypti,5.850619949400425,77.46593471193451,0.0011572334532057736,0,0,0,0,0,0,1,1,1,1.1198406349777201e-4,0,0,0
TUR.10.4_1,2074,1,aegypti,2.5758630508173477,84.37765416024354,0.0012039156138694065,0,0,0,0,0,0,1,1,1,1.1650117584338648e-4,0,0,0
TUR.10.4_1,2074,2,aegypti,3.5908086400561254,74.19820360624425,9.005653127843924e-4,0,0,0,0,0,0,1,1,1,9.648448572807666e-5,0,0,0
TUR.10.4_1,2074,3,aegypti,4.740022201200619,86.52326933060829,0.0011055190144825216,0,0,0,0,0,0,1,1,1,1.0697998831188382e-4,0,0,0
TUR.10.4_1,2074,4,aegypti,11.116593515171724,71.82428226189158,0.0014618455627983253,0,0,0,0,0,0,1,1,1,1.4617387183823993e-4,0,0,0
TUR.10.4_1,2074,5,aegypti,16.65050781474394,76.93807087666264,0.002043273560381937,0.0014375366738357646,0.0014375366738357646,0.0014375366738357646,0,0,0,1,1,1,1.9771660250045286e-4,0,0,0
TUR.10.4_1,2074,6,aegypti,18.11477907966165,88.99695955115041,0.002298214519219767,0.007914822060026357,0.007914822060026357,0.007914822060026357,0,0,0,1,1,1,2.2979504499509584e-4,0,0,0
TUR.10.4_1,2074,7,aegypti,21.287967737983255,82.25519116037103,0.002698872058437677,0.04194118484293033,0.04194118484293033,0.04194118484293033,0,0,0,1,1,1,2.611470621138867e-4,0,0,0
TUR.10.4_1,2074,8,aegypti,23.062222480773926,91.6519571702965,0.0032047404464102176,0.08821184085770267,0.08821184085770267,0.08821184085770267,2.740152549307595e-11,2.740152549307595e-11,2.740152549307595e-11,0.9999999999725985,0.9999999999725985,0.9999999999725985,3.1008808498189655e-4,8.49688656573054e-15,8.49688656573054e-15,8.49688656573054e-15
TUR.10.4_1,2074,9,aegypti,21.15386730081895,82.30703385530316,0.0025543328917970033,0.039949783146365395,0.039949783146365395,0.039949783146365395,0,0,0,1,1,1,2.554006688746391e-4,0,0,0
TUR.10.4_1,2074,10,aegypti,16.582259234260107,79.078916061324,0.0025171884614431338,0.001340489677211528,0.001340489677211528,0.001340489677211528,0,0,0,1,1,1,2.4356921556656363e-4,0,0,0
TUR.10.4_1,2074,11,aegypti,11.590704251738156,77.6738392221255,0.0014600941607433656,0,0,0,0,0,0,1,1,1,1.4599875721832412e-4,0,0,0
TUR.10.4_1,2074,12,aegypti,7.015386737883091,78.22384639406341,0.001200950372300741,0,0,0,0,0,0,1,1,1,1.1621425037178224e-4,0,0,0
TUR.10.4_1,2075,1,aegypti,2.3700359338511,82.0866766822162,0.0011660416792935607,0,0,0,0,0,0,1,1,1,1.1283637665460144e-4,0,0,0
TUR.10.4_1,2075,2,aegypti,4.211895237498752,75.34452776395909,8.722344635581342e-4,0,0,0,0,0,0,1,1,1,9.34493258637481e-5,0,0,0
TUR.10.4_1,2075,3,aegypti,9.224422950407162,76.43164030228797,0.0010707405347082687,0,0,0,0,0,0,1,1,1,1.0361468337383162e-4,0,0,0
TUR.10.4_1,2075,4,aegypti,13.443673288120943,75.08203372673533,0.0014158574199687234,0,0,0,0,0,0,1,1,1,1.415757192086975e-4,0,0,0
TUR.10.4_1,2075,5,aegypti,14.24503792033476,83.38404713398685,0.001978994296740079,0,0,0,0,0,0,1,1,1,1.9149723916644934e-4,0,0,0
TUR.10.4_1,2075,6,aegypti,18.19212588141946,87.32709108191213,0.002225915077847433,0.00816976958326757,0.00816976958326757,0.00816976958326757,0,0,0,1,1,1,2.2256673613307854e-4,0,0,0
TUR.10.4_1,2075,7,aegypti,22.201515253852396,82.79909832589837,0.002613968347087577,0.05881191081339615,0.05881191081339615,0.05881191081339615,2.220446049250313e-16,2.220446049250313e-16,2.220446049250313e-16,0.9999999999999998,0.9999999999999998,0.9999999999999998,2.529326858837777e-4,5.616233830969046e-20,5.616233830969046e-20,5.616233830969046e-20
TUR.10.4_1,2075,8,aegypti,21.118979454040527,95.02932228260119,0.0031039226410743415,0.04800284617710716,0.04800284617710716,0.04800284617710716,0,0,0,1,1,1,3.0033450098809755e-4,0,0,0
TUR.10.4_1,2075,9,aegypti,19.751397665809183,84.51572068391644,0.002473976232481058,0.021527535554439464,0.021527535554439464,0.021527535554439464,0,0,0,1,1,1,2.4736702297967206e-4,0,0,0
TUR.10.4_1,2075,10,aegypti,13.71269899256089,81.90504978935134,0.002438000327320212,0,0,0,0,0,0,1,1,1,2.3590768495218573e-4,0,0,0
TUR.10.4_1,2075,11,aegypti,10.18556242129382,81.76584972017237,0.0014141611152030432,0,0,0,0,0,0,1,1,1,1.4140611273338877e-4,0,0,0
TUR.10.4_1,2075,12,aegypti,6.465035118162632,77.30117030763763,0.0011631697211443306,0,0,0,0,0,0,1,1,1,1.1255847654290108e-4,0,0,0
TUR.39.3_1,2025,1,albopictus,3.038676060845747,84.85223834026375,7.634753700334275e-5,0,0,0,0,0,0,1,1,1,7.38844402825567e-6,0,0,0
TUR.39.3_1,2025,2,albopictus,2.2854359347154114,74.93686600789113,5.7110268153056414e-5,0,0,0,0,0,0,1,1,1,6.118938581378686e-6,0,0,0
TUR.39.3_1,2025,3,albopictus,2.686109091648284,66.40634629585922,7.010761625960517e-5,0,0,0,0,0,0,1,1,1,6.784585009689259e-6,0,0,0
TUR.39.3_1,2025,4,albopictus,7.556056836072138,67.8055806651712,9.270442787946446e-5,0,0,0,0,0,0,1,1,1,9.270399817573605e-6,0,0,0
TUR.39.3_1,2025,5,albopictus,13.225726071526022,64.72263501550103,1.29576277574662e-4,5.83639682065849e-4,5.83639682065849e-4,5.83639682065849e-4,0,0,0,1,1,1,1.2539561144331302e-5,0,0,0
TUR.39.3_1,2025,6,albopictus,18.889152807347912,52.487647724084916,1.4574361859450382e-4,0.023485680668537998,0.023485680668537998,0.023485680668537998,0,0,0,1,1,1,1.45742556539874e-5,0,0,0
TUR.39.3_1,2025,7,albopictus,23.620483174043542,41.54791948001824,1.7115172523313556e-4,0.05355182400845911,0.05355182400845911,0.05355182400845911,0,0,0,1,1,1,1.656293301699474e-5,0,0,0
TUR.39.3_1,2025,8,albopictus,23.358649253845215,44.1953295077004,2.032318851917091e-4,0.05437451711242822,0.05437451711242822,0.05437451711242822,0,0,0,1,1,1,1.9667408386769836e-5,0,0,0
TUR.39.3_1,2025,9,albopictus,18.988064597634708,41.077852647698975,1.6198562650794016e-4,0.0206464839448098,0.0206464839448098,0.0206464839448098,0,0,0,1,1,1,1.6198431454839124e-5,0,0,0
TUR.39.3_1,2025,10,albopictus,15.505147302851958,46.54894869656002,1.5963007455875036e-4,0.004375474269530916,0.004375474269530916,0.004375474269530916,0,0,0,1,1,1,1.54479524105966e-5,0,0,0
TUR.39.3_1,2025,11,albopictus,6.714477793697049,76.67091548154326,9.259336093120133e-5,0,0,0,0,0,0,1,1,1,9.259293225594156e-6,0,0,0
TUR.39.3_1,2025,12,albopictus,4.455477696788662,79.33135967271612,7.615949318384289e-5,0,0,0,0,0,0,1,1,1,7.370246373539224e-6,0,0,0
TUR.39.3_1,2026,1,albopictus,-0.7554688080049612,80.34730212200203,8.688859714198846e-5,0,0,0,0,0,0,1,1,1,8.40853856498569e-6,0,0,0
TUR.39.3_1,2026,2,albopictus,0.9601254213382217,81.09450455769581,6.499530013659233e-5,0,0,0,0,0,0,1,1,1,6.9637579104275815e-6,0,0,0
TUR.39.3_1,2026,3,albopictus,5.778465892681304,65.35070512154282,7.978715050754347e-5,0,0,0,0,0,0,1,1,1,7.721307336394645e-6,0,0,0
TUR.39.3_1,2026,4,albopictus,13.515141823712518,44.18923621326691,1.0550383160290603e-4,6.21741433830923e-4,6.21741433830923e-4,6.21741433830923e-4,0,0,0,1,1,1,1.0550327505187695e-5,0,0,0
TUR.39.3_1,2026,5,albopictus,17.89760965459487,37.10948346520806,1.4746645960367176e-4,0.01314660863529718,0.01314660863529718,0.01314660863529718,0,0,0,1,1,1,1.427084587413141e-5,0,0,0
TUR.39.3_1,2026,6,albopictus,18.962459844701428,42.9601170539189,1.6586597366617092e-4,0.02088364887163261,0.02088364887163261,0.02088364887163261,0,0,0,1,1,1,1.6586459809730947e-5,0,0,0
TUR.39.3_1,2026,7,albopictus,26.177306904512292,29.563746658973315,1.947820962880192e-4,0.04941141289957144,0.04941141289957144,0.04941141289957144,0,0,0,1,1,1,1.884970262810981e-5,0,0,0
TUR.39.3_1,2026,8,albopictus,24.835566520690918,32.0654466952004,2.312914612825835e-4,0.04965275137427451,0.04965275137427451,0.04965275137427451,0,0,0,1,1,1,2.2382794141795337e-5,0,0,0
TUR.39.3_1,2026,9,albopictus,22.000366996316348,38.33268968383179,1.8435046364134554e-4,0.040480107279578396,0.040480107279578396,0.040480107279578396,0,0,0,1,1,1,1.84348764397102e-5,0,0,0
TUR.39.3_1,2026,10,albopictus,14.488361681208891,57.39178316921627,1.8166968817178168e-4,0.0022704132907212567,0.0022704132907212567,0.0022704132907212567,0,0,0,1,1,1,1.758078302127597e-5,0,0,0
TUR.39.3_1,2026,11,albopictus,7.796659247401883,74.15059840390654,1.0537742999648614e-4,0,0,0,0,0,0,1,1,1,1.0537687477829571e-5,0,0,0
TUR.39.3_1,2026,12,albopictus,3.147067767513149,82.55438213365362,8.66745907140293e-5,0,0,0,0,0,0,1,1,1,8.38782843948227e-6,0,0,0
TUR.39.3_1,2027,1,albopictus,2.9246712700628184,75.33536211956063,8.271652465921034e-5,0,0,0,0,0,0,1,1,1,8.004792928506532e-6,0,0,0
TUR.39.3_1,2027,2,albopictus,4.8565421301652405,78.99774094685597,6.187446366173638e-5,0,0,0,0,0,0,1,1,1,6.629384846412734e-6,0,0,0
TUR.39.3_1,2027,3,albopictus,7.095434810527983,63.59045884468735,7.595606350578387e-5,0,0,0,0,0,0,1,1,1,7.350559775409771e-6,0,0,0
TUR.39.3_1,2027,4,albopictus,8.702277520123651,64.70724539905792,1.0043792368015706e-4,0,0,0,0,0,0,1,1,1,1.004374192925539e-5,0,0,0
TUR.39.3_1,2027,5,albopictus,13.990723553825827,63.945405706418995,1.4038565983842986e-4,0.001522575050156293,0.001522575050156293,0.001522575050156293,0,0,0,1,1,1,1.3585616731259798e-5,0,0,0
TUR.39.3_1,2027,6,albopictus,18.690201086156506,54.816741657190384,1.5790169656510324e-4,0.022745383190634835,0.022745383190634835,0.022745383190634835,0,0,0,1,1,1,1.579004499241421e-5,0,0,0
TUR.39.3_1,2027,7,albopictus,22.780988468843347,48.59056016605339,1.8542937279159648e-4,0.05413447486392309,0.05413447486392309,0.05413447486392309,0,0,0,1,1,1,1.7944617005549723e-5,0,0,0
TUR.39.3_1,2027,8,albopictus,24.187220573425293,37.66640647303243,2.2018569167806662e-4,0.052786173528330746,0.052786173528330746,0.052786173528330746,0,0,0,1,1,1,2.1308065722980274e-5,0,0,0
TUR.39.3_1,2027,9,albopictus,20.2778881297392,57.014219682611085,1.7549862897207828e-4,0.037922927172352454,0.037922927172352454,0.037922927172352454,0,0,0,1,1,1,1.7549708899222694e-5,0,0,0
TUR.39.3_1,2027,10,albopictus,13.240960443721098,60.252668789333455,1.7294657453078468e-4,5.493758440116357e-4,5.493758440116357e-4,5.493758440116357e-4,0,0,0,1,1,1,1.673662521828323e-5,0,0,0
TUR.39.3_1,2027,11,albopictus,7.149535433772733,75.89412867734404,1.0031759141633528e-4,0,0,0,0,0,0,1,1,1,1.003170882374338e-5,0,0,0
TUR.39.3_1,2027,12,albopictus,3.62534425867831,83.64125804918096,8.251279403680674e-5,0,0,0,0,0,0,1,1,1,7.985077219441195e-6,0,0,0
TUR.39.3_1,2028,1,albopictus,1.50291124742259,80.24771563518563,7.857076707257458e-5,0,0,0,0,0,0,1,1,1,7.6035937124352415e-6,0,0,0
TUR.39.3_1,2028,2,albopictus,5.0727451044846985,78.90694352253956,6.0872358365750245e-5,0,0,0,0,0,0,1,1,1,6.297120693665725e-6,0,0,0
TUR.39.3_1,2028,3,albopictus,4.991666461834136,75.01091477730454,7.214914067110904e-5,0,0,0,0,0,0,1,1,1,6.982150528300757e-6,0,0,0
TUR.39.3_1,2028,4,albopictus,7.920952656689813,73.48682456165558,9.540396842395555e-5,0,0,0,0,0,0,1,1,1,9.540351332937291e-6,0,0,0
TUR.39.3_1,2028,5,albopictus,15.104499760796042,55.16075681115532,1.3334952145220195e-4,0.0037230315014290783,0.0037230315014290783,0.0037230315014290783,0,0,0,1,1,1,1.2904709132177672e-5,0,0,0
TUR.39.3_1,2028,6,albopictus,18.58864240085377,58.87212343209273,1.4998765328083256e-4,0.023277952892591536,0.023277952892591536,0.023277952892591536,0,0,0,1,1,1,1.4998652847153515e-5,0,0,0
TUR.39.3_1,2028,7,albopictus,21.4702527663287,55.866297928504565,1.761356405875045e-4,0.04861008345100426,0.04861008345100426,0.04861008345100426,0,0,0,1,1,1,1.70452393012388e-5,0,0,0
TUR.39.3_1,2028,8,albopictus,23.542160987854004,42.842584451548056,2.091499705146855e-4,0.05414273622756588,0.05414273622756588,0.05414273622756588,0,0,0,1,1,1,2.024011489332178e-5,0,0,0
TUR.39.3_1,2028,9,albopictus,19.147995780496036,45.735811632073975,1.6670262629301562e-4,0.023180176164061192,0.023180176164061192,0.023180176164061192,0,0,0,1,1,1,1.6670123681228333e-5,0,0,0
TUR.39.3_1,2028,10,albopictus,14.292600000605864,47.471785000270955,1.6427848098602246e-4,0.0016151888696485947,0.0016151888696485947,0.0016151888696485947,0,0,0,1,1,1,1.589779114352652e-5,0,0,0
TUR.39.3_1,2028,11,albopictus,6.866156355861356,75.4463900298831,9.528966722100959e-5,0,0,0,0,0,0,1,1,1,9.528921321666495e-6,0,0,0
TUR.39.3_1,2028,12,albopictus,1.8219987870577503,80.42610912339971,7.837724744219392e-5,0,0,0,0,0,0,1,1,1,7.584866148491187e-6,0,0,0
TUR.39.3_1,2029,1,albopictus,-3.5620581730104544,80.24252764690438,7.418037513651736e-5,0,0,0,0,0,0,1,1,1,7.1787202138295925e-6,0,0,0
TUR.39.3_1,2029,2,albopictus,0.45912556832327567,70.91599198445363,5.548916549273016e-5,0,0,0,0,0,0,1,1,1,5.945250058259077e-6,0,0,0
TUR.39.3_1,2029,3,albopictus,3.8119486826745903,74.95317551949204,6.811757756948747e-5,0,0,0,0,0,0,1,1,1,6.592001908445333e-6,0,0,0
TUR.39.3_1,2029,4,albopictus,7.76525292677038,67.86325125843292,9.007296773193613e-5,0,0,0,0,0,0,1,1,1,9.00725620767151e-6,0,0,0
TUR.39.3_1,2029,5,albopictus,14.097742978264304,67.91945050622368,1.2589819209048072e-4,0.001835331586220074,0.001835331586220074,0.001835331586220074,0,0,0,1,1,1,1.2183621787786869e-5,0,0,0
TUR.39.3_1,2029,6,albopictus,19.951455396764416,55.232207965784134,1.416066152942228e-4,0.03381533969249572,0.03381533969249572,0.03381533969249572,0,0,0,1,1,1,1.416056126768428e-5,0,0,0
TUR.39.3_1,2029,7,albopictus,23.136731877046472,39.652430741004565,1.6629350050284222e-4,0.04877476150877389,0.04877476150877389,0.04877476150877389,0,0,0,1,1,1,1.60927899132135e-5,0,0,0
TUR.39.3_1,2029,8,albopictus,24.22445774078369,44.395521005503134,1.9746304956193335e-4,0.06012229752874924,0.06012229752874924,0.06012229752874924,5.551115123125783e-16,5.551115123125783e-16,5.551115123125783e-16,0.9999999999999994,0.9999999999999994,0.9999999999999994,1.9109144794970945e-5,1.0607706266136355e-20,1.0607706266136355e-20,1.0607706266136355e-20
TUR.39.3_1,2029,9,albopictus,18.744843314675723,62.71185533324585,1.57387585935571e-4,0.025936795710037753,0.025936795710037753,0.025936795710037753,0,0,0,1,1,1,1.573863473991466e-5,0,0,0
TUR.39.3_1,2029,10,albopictus,12.975101793513579,63.82520907253658,1.5509889747091488e-4,3.8497839229804264e-4,3.8497839229804264e-4,3.8497839229804264e-4,0,0,0,1,1,1,1.5009458079973115e-5,0,0,0
TUR.39.3_1,2029,11,albopictus,7.905499712947537,81.02021205136748,8.996505347286757e-5,0,0,0,0,0,0,1,1,1,8.996464878840982e-6,0,0,0
TUR.39.3_1,2029,12,albopictus,2.0222745956305195,78.19955425279424,7.399766903203632e-5,0,0,0,0,0,0,1,1,1,7.161039104697231e-6,0,0,0
TUR.39.3_1,2030,1,albopictus,3.8611424342893503,82.42170397747078,8.763544074015415e-5,0,0,0,0,0,0,1,1,1,8.480813141531485e-6,0,0,0
TUR.39.3_1,2030,2,albopictus,3.8417387205888245,73.35660477742238,6.555396174944527e-5,0,0,0,0,0,0,1,1,1,7.023614093215613e-6,0,0,0
TUR.39.3_1,2030,3,albopictus,5.722291614422026,74.40066239693344,8.04729542209475e-5,0,0,0,0,0,0,1,1,1,7.78767492304322e-6,0,0,0
TUR.39.3_1,2030,4,albopictus,9.459913590375116,63.77918296009308,1.0641068087664698e-4,0,0,0,0,0,0,1,1,1,1.0641011471745898e-5,0,0,0
TUR.39.3_1,2030,5,albopictus,18.13627332799575,44.89811490441704,1.4873399510225034e-4,0.016080240446225184,0.016080240446225184,0.016080240446225184,0,0,0,1,1,1,1.4393508841692437e-5,0,0,0
TUR.39.3_1,2030,6,albopictus,22.649252218358654,26.765662860803666,1.6729166063385976e-4,0.03629514901220008,0.03629514901220008,0.03629514901220008,0,0,0,1,1,1,1.672902613170102e-5,0,0,0
TUR.39.3_1,2030,7,albopictus,25.09173370810116,33.50698777835808,1.9645632934546262e-4,0.051962576162693536,0.051962576162693536,0.051962576162693536,0,0,0,1,1,1,1.9011722114825602e-5,0,0,0
TUR.39.3_1,2030,8,albopictus,25.67725658416748,36.2823770846047,2.3327950750327468e-4,0.056329873149076753,0.056329873149076753,0.056329873149076753,1.1102230246251565e-16,1.1102230246251565e-16,1.1102230246251565e-16,0.9999999999999999,0.9999999999999999,0.9999999999999999,2.257518138670811e-5,2.5063486160612613e-21,2.5063486160612613e-21,2.5063486160612613e-21
TUR.39.3_1,2030,9,albopictus,19.73227388718549,48.45392076293335,1.8593503248142508e-4,0.02875407458870262,0.02875407458870262,0.02875407458870262,0,0,0,1,1,1,1.8593330390004326e-5,0,0,0
TUR.39.3_1,2030,10,albopictus,14.380889261470122,68.94588320583736,1.8323121463272957e-4,0.0024569363954517363,0.0024569363954517363,0.0024569363954517363,0,0,0,1,1,1,1.7731895816996968e-5,0,0,0
TUR.39.3_1,2030,11,albopictus,7.735607401851346,72.09882533261748,1.0628319279589493e-4,0,0,0,0,0,0,1,1,1,1.062826279918383e-5,0,0,0
TUR.39.3_1,2030,12,albopictus,4.916375380885952,75.24192028062627,8.741959483801836e-5,0,0,0,0,0,0,1,1,1,8.459925005421809e-6,0,0,0
TUR.39.3_1,2031,1,albopictus,5.7461243049405955,81.4720732401661,8.38336280111443e-5,0,0,0,0,0,0,1,1,1,8.112898833290139e-6,0,0,0
TUR.39.3_1,2031,2,albopictus,-0.47614560539231576,71.1941825972466,6.27100907754288e-5,0,0,0,0,0,0,1,1,1,6.718915725345553e-6,0,0,0
TUR.39.3_1,2031,3,albopictus,6.906087066539946,63.60898301460922,7.698186546605244e-5,0,0,0,0,0,0,1,1,1,7.449830198180685e-6,0,0,0
TUR.39.3_1,2031,4,albopictus,7.257548668805292,73.66799216419464,1.0179435810080822e-4,0,0,0,0,0,0,1,1,1,1.0179383999830982e-5,0,0,0
TUR.39.3_1,2031,5,albopictus,15.713993016411276,60.04774640466118,1.4228159649455857e-4,0.006060378082131397,0.006060378082131397,0.006060378082131397,0,0,0,1,1,1,1.3769091962712032e-5,0,0,0
TUR.39.3_1,2031,6,albopictus,21.085920614354748,42.296764087610306,1.6003419083073726e-4,0.03623112020174536,0.03623112020174536,0.03623112020174536,0,0,0,1,1,1,1.6003291029020872e-5,0,0,0
TUR.39.3_1,2031,7,albopictus,25.06067444296444,28.297347275428393,1.8793363387782967e-4,0.04658797178201521,0.04658797178201521,0.04658797178201521,0,0,0,1,1,1,1.818696047439783e-5,0,0,0
TUR.39.3_1,2031,8,albopictus,23.944334983825684,46.872552713266806,2.2315934386225666e-4,0.06108769730069634,0.06108769730069634,0.06108769730069634,7.771561172376096e-16,7.771561172376096e-16,7.771561172376096e-16,0.9999999999999992,0.9999999999999992,0.9999999999999992,2.1595832341736454e-5,1.6783333211218296e-20,1.6783333211218296e-20,1.6783333211218296e-20
TUR.39.3_1,2031,9,albopictus,20.797015021829043,40.44309846679077,1.7786877335969911e-4,0.033042913411679684,0.033042913411679684,0.033042913411679684,0,0,0,1,1,1,1.7786719150425512e-5,0,0,0
TUR.39.3_1,2031,10,albopictus,14.985124910579009,64.18797915310299,1.7528225290834966e-4,0.003827231621905716,0.003827231621905716,0.003827231621905716,0,0,0,1,1,1,1.6962654801111476e-5,0,0,0
TUR.39.3_1,2031,11,albopictus,5.923679129604031,76.48933589169951,1.0167240072548888e-4,0,0,0,0,0,0,1,1,1,1.016718838631192e-5,0,0,0
TUR.39.3_1,2031,12,albopictus,3.120321852100246,79.40985088365362,8.362714596558656e-5,0,0,0,0,0,0,1,1,1,8.092916861768273e-6,0,0,0
TUR.39.3_1,2032,1,albopictus,2.6136358157895945,83.5338408182911,7.394305203528031e-5,0,0,0,0,0,0,1,1,1,7.155753626642003e-6,0,0,0
TUR.39.3_1,2032,2,albopictus,1.305413534097812,71.50522538289113,5.72870563678132e-5,0,0,0,0,0,0,1,1,1,5.926229650343728e-6,0,0,0
TUR.39.3_1,2032,3,albopictus,0.6429102975217735,74.87025163033188,6.789965099891143e-5,0,0,0,0,0,0,1,1,1,6.5709123791002355e-6,0,0,0
TUR.39.3_1,2032,4,albopictus,8.979707100812128,66.13584952503449,8.978479992474417e-5,0,0,0,0,0,0,1,1,1,8.97843968605816e-6,0,0,0
TUR.39.3_1,2032,5,albopictus,15.739634457756491,62.09759686852837,1.2549540969241296e-4,0.006346180557831805,0.006346180557831805,0.006346180557831805,0,0,0,1,1,1,1.2144643320222137e-5,0,0,0
TUR.39.3_1,2032,6,albopictus,19.977514547460217,50.493751239709916,1.4115357739794018e-4,0.03150726267230497,0.03150726267230497,0.03150726267230497,0,0,0,1,1,1,1.411525811856329e-5,0,0,0
TUR.39.3_1,2032,7,albopictus,24.26323486776913,38.09077378910027,1.6576148257785504e-4,0.05314876070271305,0.05314876070271305,0.05314876070271305,0,0,0,1,1,1,1.6041305134772976e-5,0,0,0
TUR.39.3_1,2032,8,albopictus,24.39074993133545,40.287698587290244,1.9683131181167906e-4,0.05641980918091719,0.05641980918091719,0.05641980918091719,1.1102230246251565e-16,1.1102230246251565e-16,1.1102230246251565e-16,0.9999999999999999,0.9999999999999999,0.9999999999999999,1.9048010050037867e-5,2.114753933084342e-21,2.114753933084342e-21,2.114753933084342e-21
TUR.39.3_1,2032,9,albopictus,18.095815490273868,66.8884071520935,1.5688406044218135e-4,0.02177912541311383,0.02177912541311383,0.02177912541311383,0,0,0,1,1,1,1.5688282981818347e-5,0,0,0
TUR.39.3_1,2032,10,albopictus,13.714664781794829,73.42074435085689,1.5460269411148858e-4,0.0012978249410984378,0.0012978249410984378,0.0012978249410984378,0,0,0,1,1,1,1.4961439119609565e-5,0,0,0
TUR.39.3_1,2032,11,albopictus,3.936726467136075,70.23415553281279,8.967723091260355e-5,0,0,0,0,0,0,1,1,1,8.967682881388939e-6,0,0,0
TUR.39.3_1,2032,12,albopictus,5.222636205089443,79.49614696519659,7.37609304570874e-5,0,0,0,0,0,0,1,1,1,7.138129083816835e-6,0,0,0
TUR.39.3_1,2033,1,albopictus,1.3281095997594736,78.34138171184578,8.526011783283003e-5,0,0,0,0,0,0,1,1,1,8.250945105925389e-6,0,0,0
TUR.39.3_1,2033,2,albopictus,0.062005420379778964,72.71224137410206,6.37771483313328e-5,0,0,0,0,0,0,1,1,1,6.833242545911666e-6,0,0,0
TUR.39.3_1,2033,3,albopictus,5.36505189121646,70.71142289498032,7.829176759180925e-5,0,0,0,0,0,0,1,1,1,7.576593967661971e-6,0,0,0
TUR.39.3_1,2033,4,albopictus,10.650405266705683,63.423546363413394,1.0352646273686826e-4,7.402721766984275e-13,7.402721766984275e-13,7.402721766984275e-13,0,0,0,1,1,1,1.0352592685225481e-5,0,0,0
TUR.39.3_1,2033,5,albopictus,13.243318501640768,68.54688428307915,1.4470262077834247e-4,6.449273305425724e-4,6.449273305425724e-4,6.449273305425724e-4,0,0,0,1,1,1,1.4003381381910707e-5,0,0,0
TUR.39.3_1,2033,6,albopictus,21.758247655980725,36.819190692834916,1.627572883484948e-4,0.037716169076031085,0.037716169076031085,0.037716169076031085,0,0,0,1,1,1,1.627559638583964e-5,0,0,0
TUR.39.3_1,2033,7,albopictus,24.758744969087488,38.335570542029956,1.9113146060010272e-4,0.05618964293068439,0.05618964293068439,0.05618964293068439,1.1102230246251565e-16,1.1102230246251565e-16,1.1102230246251565e-16,0.9999999999999999,0.9999999999999999,0.9999999999999999,1.8496421900326965e-5,2.053515346692399e-21,2.053515346692399e-21,2.053515346692399e-21
TUR.39.3_1,2033,8,albopictus,24.85313320159912,33.01519568812032,2.26956561520441e-4,0.05052240813514675,0.05052240813514675,0.05052240813514675,0,0,0,1,1,1,2.1963297014870875e-5,0,0,0
TUR.39.3_1,2033,9,albopictus,20.998253654031192,45.97537843505249,1.8089533919983677e-4,0.03772436256090315,0.03772436256090315,0.03772436256090315,0,0,0,1,1,1,1.8089370305340857e-5,0,0,0
TUR.39.3_1,2033,10,albopictus,15.044810617671294,56.33233492702877,1.7826480723204737e-4,0.0035969328640799315,0.0035969328640799315,0.0035969328640799315,0,0,0,1,1,1,1.725128415286381e-5,0,0,0
TUR.39.3_1,2033,11,albopictus,11.380444304469755,64.86517512509795,1.0340243016858995e-4,1.6620405157672774e-6,1.6620405157672774e-6,1.6620405157672774e-6,0,0,0,1,1,1,1.034018955670124e-5,0,0,0
TUR.39.3_1,2033,12,albopictus,6.139152270686977,84.33904247300909,8.505012234590827e-5,0,0,0,0,0,0,1,1,1,8.230623129490411e-6,0,0,0
TUR.39.3_1,2034,1,albopictus,2.3922730759881876,76.07913653362313,8.678835641057626e-5,0,0,0,0,0,0,1,1,1,8.398837930578829e-6,0,0,0
TUR.39.3_1,2034,2,albopictus,2.52482416217818,75.38134690388722,6.492031703595139e-5,0,0,0,0,0,0,1,1,1,6.955724062729374e-6,0,0,0
TUR.39.3_1,2034,3,albopictus,3.6798757571069634,74.20530412056625,7.969510249909073e-5,0,0,0,0,0,0,1,1,1,7.712399533343905e-6,0,0,0
TUR.39.3_1,2034,4,albopictus,9.031765797558954,66.16787772327667,1.0538211504176298e-4,0,0,0,0,0,0,1,1,1,1.0538155977402042e-5,0,0,0
TUR.39.3_1,2034,5,albopictus,17.023892346550436,45.44343350793267,1.4729633203508776e-4,0.01015168630365795,0.01015168630365795,0.01015168630365795,0,0,0,1,1,1,1.4254382150635792e-5,0,0,0
TUR.39.3_1,2034,6,albopictus,23.278124136083264,30.717910480432572,1.6567461913791762e-4,0.042364402303674116,0.042364402303674116,0.042364402303674116,0,0,0,1,1,1,1.656732467414379e-5,0,0,0
TUR.39.3_1,2034,7,albopictus,22.300525440889245,48.124667374305346,1.94557382108712e-4,0.05023400614260705,0.05023400614260705,0.05023400614260705,0,0,0,1,1,1,1.882795650420821e-5,0,0,0
TUR.39.3_1,2034,8,albopictus,25.22535991668701,40.303460916391806,2.310246273594799e-4,0.059872027293769996,0.059872027293769996,0.059872027293769996,4.440892098500626e-16,4.440892098500626e-16,4.440892098500626e-16,0.9999999999999996,0.9999999999999996,0.9999999999999996,2.2356972081749582e-5,9.928490066424081e-21,9.928490066424081e-21,9.928490066424081e-21
TUR.39.3_1,2034,9,albopictus,20.93284876206342,45.43720475951538,1.8413778411929745e-4,0.036779292184551546,0.036779292184551546,0.036779292184551546,0,0,0,1,1,1,1.8413608879330745e-5,0,0,0
TUR.39.3_1,2034,10,albopictus,14.294191683039946,64.05765383572017,1.8146010137884487e-4,0.002101070815900362,0.002101070815900362,0.002101070815900362,0,0,0,1,1,1,1.7560500784719046e-5,0,0,0
TUR.39.3_1,2034,11,albopictus,7.040498988155057,72.33254420468779,1.0525585926103134e-4,0,0,0,0,0,0,1,1,1,1.0525530532268235e-5,0,0,0
TUR.39.3_1,2034,12,albopictus,2.4664828599814106,76.62902812974737,8.657459687532305e-5,0,0,0,0,0,0,1,1,1,8.378151697518987e-6,0,0,0
TUR.39.3_1,2035,1,albopictus,2.729211844613447,85.30159441936532,8.395457300648929e-5,0,0,0,0,0,0,1,1,1,8.124603092629634e-6,0,0,0
TUR.39.3_1,2035,2,albopictus,4.06986023967757,81.67488022908253,6.280056129205619e-5,0,0,0,0,0,0,1,1,1,6.7286089298068674e-06,0,0,0
TUR.39.3_1,2035,3,albopictus,6.220610286602202,70.2296800360936,7.709292556903643e-5,0,0,0,0,0,0,1,1,1,7.46057786993326e-6,0,0,0
TUR.39.3_1,2035,4,albopictus,8.132410862866571,70.68402915149933,1.0194121466014752e-4,0,0,0,0,0,0,1,1,1,1.0194069506086478e-5,0,0,0
TUR.39.3_1,2035,5,albopictus,14.979211751152487,53.67225049401665,1.4248686313318506e-4,0.0032977527241156756,0.0032977527241156756,0.0032977527241156756,0,0,0,1,1,1,1.3788956202409608e-5,0,0,0
TUR.39.3_1,2035,6,albopictus,19.88872842227711,53.88001222603804,1.602650687603252e-4,0.0323364036886301,0.0323364036886301,0.0323364036886301,0,0,0,1,1,1,1.6026378452216328e-5,0,0,0
TUR.39.3_1,2035,7,albopictus,24.1275899550494,41.03329393070183,1.882047617415969e-4,0.05616341251171895,0.05616341251171895,0.05616341251171895,1.1102230246251565e-16,1.1102230246251565e-16,1.1102230246251565e-16,0.9999999999999999,0.9999999999999999,0.9999999999999999,1.821319817718603e-5,2.022071196837286e-21,2.022071196837286e-21,2.022071196837286e-21
TUR.39.3_1,2035,8,albopictus,24.94136905670166,32.64251883875509,2.2348129110997712e-4,0.05076786151140946,0.05076786151140946,0.05076786151140946,0,0,0,1,1,1,2.1626987853684554e-5,0,0,0
TUR.39.3_1,2035,9,albopictus,21.67973596909467,43.92799989501343,1.781253808628737e-4,0.041940591936872045,0.041940591936872045,0.041940591936872045,0,0,0,1,1,1,1.7812379443982174e-5,0,0,0
TUR.39.3_1,2035,10,albopictus,14.20350583861856,51.18565600246822,1.7553512889338088e-4,0.001577248477415158,0.001577248477415158,0.001577248477415158,0,0,0,1,1,1,1.6987126255196827e-5,0,0,0
TUR.39.3_1,2035,11,albopictus,7.345043913844754,60.50899684140654,1.0181908133951196e-4,0,0,0,0,0,0,1,1,1,1.0181856298530079e-5,0,0,0
TUR.39.3_1,2035,12,albopictus,5.8053920091513325,87.60089092271612,8.374779307366801e-5,0,0,0,0,0,0,1,1,1,8.104592293722845e-6,0,0,0
TUR.39.3_1,2036,1,albopictus,3.510778702905073,84.27315203655282,9.276980814924791e-5,0,0,0,0,0,0,1,1,1,8.977683069621989e-6,0,0,0
TUR.39.3_1,2036,2,albopictus,3.8242573935319397,83.54271622761769,7.187300337753815e-5,0,0,0,0,0,0,1,1,1,7.435110639830711e-6,0,0,0
TUR.39.3_1,2036,3,albopictus,3.8217405337182915,70.82374284126938,8.518768732408359e-5,0,0,0,0,0,0,1,1,1,8.243935759599808e-6,0,0,0
TUR.39.3_1,2036,4,albopictus,12.352871277753046,56.17479758411652,1.1264504824284196e-4,8.64608007182102e-5,8.64608007182102e-5,8.64608007182102e-5,0,0,0,1,1,1,1.1264441379998935e-5,0,0,0
TUR.39.3_1,2036,5,albopictus,15.693674031425925,59.39323590661431,1.5744799220921533e-4,0.005942601216812359,0.005942601216812359,0.005942601216812359,0,0,0,1,1,1,1.5236786390815382e-5,0,0,0
TUR.39.3_1,2036,6,albopictus,19.27857140933766,66.35414094918258,1.7709291048115017e-4,0.03256165073703724,0.03256165073703724,0.03256165073703724,0,0,0,1,1,1,1.7709134239596303e-5,0,0,0
TUR.39.3_1,2036,7,albopictus,25.19955040426815,36.887389389686206,2.0796627288180363e-4,0.05577198989818716,0.05577198989818716,0.05577198989818716,1.1102230246251565e-16,1.1102230246251565e-16,1.1102230246251565e-16,0.9999999999999999,0.9999999999999999,0.9999999999999999,2.0125565821538238e-5,2.2343866558680856e-21,2.2343866558680856e-21,2.2343866558680856e-21
TUR.39.3_1,2036,8,albopictus,25.15156078338623,34.51114638697286,2.4694683992516154e-4,0.053148486073589414,0.053148486073589414,0.053148486073589414,0,0,0,1,1,1,2.3897795726202098e-5,0,0,0
TUR.39.3_1,2036,9,albopictus,21.491719077615176,39.328436296380616,1.9682855641327875e-4,0.037555762249262215,0.037555762249262215,0.037555762249262215,0,0,0,1,1,1,1.968266193519419e-5,0,0,0
TUR.39.3_1,2036,10,albopictus,14.505827272639555,74.50150149197017,1.9396632783343133e-4,0.0029689344337749226,0.0029689344337749226,0.0029689344337749226,0,0,0,1,1,1,1.877075877876333e-5,0,0,0
TUR.39.3_1,2036,11,albopictus,10.534226195338896,76.66934382626982,1.1251009091629925e-4,6.402738606536807e-16,6.402738606536807e-16,6.402738606536807e-16,0,0,0,1,1,1,1.1250945799234913e-5,0,0,0
TUR.39.3_1,2036,12,albopictus,5.873877269161098,75.76330547349737,9.254131631122188e-5,0,0,0,0,0,0,1,1,1,8.955571154545261e-6,0,0,0
TUR.39.3_1,2037,1,albopictus,1.684697844197645,77.75888506877938,9.253696682428225e-5,0,0,0,0,0,0,1,1,1,8.95515024024185e-6,0,0,0
TUR.39.3_1,2037,2,albopictus,7.027753134422443,73.34605332478566,6.922045159326955e-5,0,0,0,0,0,0,1,1,1,7.4164494544559645e-6,0,0,0
TUR.39.3_1,2037,3,albopictus,6.302281524547759,70.15292069771469,8.497387623205903e-5,0,0,0,0,0,0,1,1,1,8.223244533978047e-6,0,0,0
TUR.39.3_1,2037,4,albopictus,9.335618832532099,71.8461308971048,1.123623223990902e-4,0,0,0,0,0,0,1,1,1,1.1236169113693073e-5,0,0,0
TUR.39.3_1,2037,5,albopictus,15.960389081169577,54.19816373254204,1.5705281623709088e-4,0.006478797049016564,0.006478797049016564,0.006478797049016564,0,0,0,1,1,1,1.519854413678523e-5,0,0,0
TUR.39.3_1,2037,6,albopictus,20.33488492404713,46.71455736153609,1.7664842807096648e-4,0.03262865088184998,0.03262865088184998,0.03262865088184998,0,0,0,1,1,1,1.766468678465749e-5,0,0,0
TUR.39.3_1,2037,7,albopictus,26.654964222627527,30.125811783485034,2.0744430195729696e-4,0.04995883055399165,0.04995883055399165,0.04995883055399165,0,0,0,1,1,1,2.007505352152883e-5,0,0,0
TUR.39.3_1,2037,8,albopictus,24.622553825378418,41.20379432093282,2.463270323546667e-4,0.05842345575693581,0.05842345575693581,0.05842345575693581,2.220446049250313e-16,2.220446049250313e-16,2.220446049250313e-16,0.9999999999999998,0.9999999999999998,0.9999999999999998,2.383781578008115e-5,5.293058387163796e-21,5.293058387163796e-21,5.293058387163796e-21
TUR.39.3_1,2037,9,albopictus,20.408966849831973,48.19661561766968,1.9633453984926243e-4,0.03406010741529632,0.03406010741529632,0.03406010741529632,0,0,0,1,1,1,1.963326124998499e-5,0,0,0
TUR.39.3_1,2037,10,albopictus,13.120787943110747,78.43380587429439,1.934794951270534e-4,6.367693211734444e-4,6.367693211734444e-4,6.367693211734444e-4,0,0,0,1,1,1,1.8723646819429618e-5,0,0,0
TUR.39.3_1,2037,11,albopictus,7.034056441310574,76.02379023740264,1.1222770379958977e-4,0,0,0,0,0,0,1,1,1,1.1222707404945353e-5,0,0,0
TUR.39.3_1,2037,12,albopictus,2.6222156108740498,82.88895397203252,9.230904847393901e-5,0,0,0,0,0,0,1,1,1,8.933093822993676e-6,0,0,0
TUR.39.3_1,2038,1,albopictus,2.812281765153303,82.31548754680672,8.547615001842934e-5,0,0,0,0,0,0,1,1,1,8.27185127372232e-6,0,0,0
TUR.39.3_1,2038,2,albopictus,2.776223202400348,72.18121262654347,6.393874694385552e-5,0,0,0,0,0,0,1,1,1,6.8505565645748945e-6,0,0,0
TUR.39.3_1,2038,3,albopictus,3.7054077643243706,74.86973283150375,7.849014336347372e-5,0,0,0,0,0,0,1,1,1,7.595791477355007e-6,0,0,0
TUR.39.3_1,2038,4,albopictus,11.614455559674433,65.00188498646027,1.037887782084028e-4,6.956832701030671e-6,6.956832701030671e-6,6.956832701030671e-6,0,0,0,1,1,1,1.0378823960488504e-5,0,0,0
TUR.39.3_1,2038,5,albopictus,16.65229601018569,49.52811215783501,1.4506926844695095e-4,0.00893747922083637,0.00893747922083637,0.00893747922083637,0,0,0,1,1,1,1.4038862916843087e-5,0,0,0
TUR.39.3_1,2038,6,albopictus,18.5668108884026,56.46424837105757,1.631696829547641e-4,0.022317918439882557,0.022317918439882557,0.022317918439882557,0,0,0,1,1,1,1.631683517444582e-5,0,0,0
TUR.39.3_1,2038,7,albopictus,23.881944431978113,44.076632706336596,1.916157497169813e-4,0.0578192228298061,0.0578192228298061,0.0578192228298061,2.220446049250313e-16,2.220446049250313e-16,2.220446049250313e-16,0.9999999999999998,0.9999999999999998,0.9999999999999998,1.8543287721106694e-5,4.11743699604432e-21,4.11743699604432e-21,4.11743699604432e-21
TUR.39.3_1,2038,8,albopictus,25.331835746765137,43.63094504725118,2.2753162431964446e-4,0.06444618711430833,0.06444618711430833,0.06444618711430833,3.6637359812630166e-15,3.6637359812630166e-15,3.6637359812630166e-15,0.9999999999999963,0.9999999999999963,0.9999999999999963,2.201894702968943e-5,8.067160850219758e-20,8.067160850219758e-20,8.067160850219758e-20
TUR.39.3_1,2038,9,albopictus,18.913737128762637,60.43294374266968,1.8135369202042155e-4,0.02656848020305305,0.02656848020305305,0.02656848020305305,0,0,0,1,1,1,1.8135204757241397e-5,0,0,0
TUR.39.3_1,2038,10,albopictus,16.47678216765909,50.835302761501424,1.7871649480767667e-4,0.008340633610237222,0.008340633610237222,0.008340633610237222,0,0,0,1,1,1,1.729499509861565e-5,0,0,0
TUR.39.3_1,2038,11,albopictus,5.6899545354878205,58.52655970761748,1.0366443136625894e-4,0,0,0,0,0,0,1,1,1,1.0366389405214171e-5,0,0,0
TUR.39.3_1,2038,12,albopictus,2.37149505032336,79.58647136705206,8.52656224446989e-5,0,0,0,0,0,0,1,1,1,8.251477805809593e-6,0,0,0
TUR.39.3_1,2039,1,albopictus,5.145792521645918,83.6450468729786,9.446132044625108e-5,0,0,0,0,0,0,1,1,1,9.141376325016992e-6,0,0,0
TUR.39.3_1,2039,2,albopictus,2.992544193916461,75.07095261677784,7.065992633843565e-5,0,0,0,0,0,0,1,1,1,7.570677735713183e-6,0,0,0
TUR.39.3_1,2039,3,albopictus,7.34559502781314,70.64429185249985,8.674095151139469e-5,0,0,0,0,0,0,1,1,1,8.394250398224834e-6,0,0,0
TUR.39.3_1,2039,4,albopictus,10.017027237836054,72.91054587513214,1.1469895444466078e-4,0,0,0,0,0,0,1,1,1,1.146982966548915e-5,0,0,0
TUR.39.3_1,2039,5,albopictus,16.13835329167983,53.34855435754204,1.6031880999221518e-4,0.00717222844904509,0.00717222844904509,0.00717222844904509,0,0,0,1,1,1,1.5514603194932697e-5,0,0,0
TUR.39.3_1,2039,6,albopictus,26.536363882177014,21.024673175745072,1.803219226109265e-4,0.040755270922485085,0.040755270922485085,0.040755270922485085,0,0,0,1,1,1,1.8032029682091277e-5,0,0,0
TUR.39.3_1,2039,7,albopictus,25.10377098532284,35.827391831092456,2.11758212468178e-4,0.05437060714824031,0.05437060714824031,0.05437060714824031,0,0,0,1,1,1,2.0492520264259184e-5,0,0,0
TUR.39.3_1,2039,8,albopictus,25.33400821685791,34.41489203821798,2.514495291596533e-4,0.053494243830103025,0.053494243830103025,0.053494243830103025,0,0,0,1,1,1,2.4333529337394744e-5,0,0,0
TUR.39.3_1,2039,9,albopictus,21.496256660012637,46.13191835204468,2.0041741716675594e-4,0.04203980855288496,0.04203980855288496,0.04203980855288496,0,0,0,1,1,1,2.0041540882309583e-5,0,0,0
TUR.39.3_1,2039,10,albopictus,12.889632547602934,57.67999117702877,1.9750300032721246e-4,2.9572353329898376e-4,2.9572353329898376e-4,2.9572353329898376e-4,0,0,0,1,1,1,1.9113010924165508e-5,0,0,0
TUR.39.3_1,2039,11,albopictus,8.292425887111357,79.67789637753935,1.145615363824329e-4,0,0,0,0,0,0,1,1,1,1.145608801678133e-5,0,0,0
TUR.39.3_1,2039,12,albopictus,5.418048125636928,73.26428203599737,9.42286624170741e-5,0,0,0,0,0,0,1,1,1,9.118861237444875e-6,0,0,0
TUR.39.3_1,2040,1,albopictus,3.2917127982877634,83.43328539836922,7.998887813000246e-5,0,0,0,0,0,0,1,1,1,7.740829213509492e-6,0,0,0
TUR.39.3_1,2040,2,albopictus,2.938802500419757,75.73752518757863,6.197103370909322e-5,0,0,0,0,0,0,1,1,1,6.41077604146556e-6,0,0,0
TUR.39.3_1,2040,3,albopictus,4.123346712001982,64.0860032782811,7.345134883302137e-5,0,0,0,0,0,0,1,1,1,7.1081697852193315e-6,0,0,0
TUR.39.3_1,2040,4,albopictus,8.375168660107782,65.66138510853058,9.712589920795239e-5,0,0,0,0,0,0,1,1,1,9.712542753725906e-6,0,0,0
TUR.39.3_1,2040,5,albopictus,14.400333348442526,68.32802747155571,1.3575632538093807e-4,0.002474471616490317,0.002474471616490317,0.002474471616490317,0,0,0,1,1,1,1.3137622608461186e-5,0,0,0
TUR.39.3_1,2040,6,albopictus,21.111574453466076,49.109344196252884,1.526947561578955e-4,0.04058570026119586,0.04058570026119586,0.04058570026119586,0,0,0,1,1,1,1.526935903795046e-5,0,0,0
TUR.39.3_1,2040,7,albopictus,25.98183609457577,32.46940919559441,1.793146842551521e-4,0.052317969605892176,0.052317969605892176,0.052317969605892176,0,0,0,1,1,1,1.7352883397103724e-5,0,0,0
TUR.39.3_1,2040,8,albopictus,25.103035926818848,31.004617532602744,2.1292488447948905e-4,0.04938305558529303,0.04938305558529303,0.04938305558529303,0,0,0,1,1,1,2.060542168724755e-5,0,0,0
TUR.39.3_1,2040,9,albopictus,20.53854830124799,47.752996843255616,1.697114150124898e-4,0.03486586289451564,0.03486586289451564,0.03486586289451564,0,0,0,1,1,1,1.6970997492204987e-5,0,0,0
TUR.39.3_1,2040,10,albopictus,12.394110048518462,58.26586764187252,1.6724351669922285e-4,1.0105636188697007e-4,1.0105636188697007e-4,1.0105636188697007e-4,0,0,0,1,1,1,1.618472548070571e-5,0,0,0
TUR.39.3_1,2040,11,albopictus,5.192835108760526,78.18501460263701,9.700953500109526e-5,0,0,0,0,0,0,1,1,1,9.700906446030721e-6,0,0,0
TUR.39.3_1,2040,12,albopictus,1.959281128776424,76.86097698228643,7.979186569513614e-5,0,0,0,0,0,0,1,1,1,7.721763641388435e-6,0,0,0
TUR.39.3_1,2041,1,albopictus,4.97037962835063,84.64101092327157,9.570345791385324e-5,0,0,0,0,0,0,1,1,1,9.261582070707597e-6,0,0,0
TUR.39.3_1,2041,2,albopictus,4.409233351402423,62.49486466511769,7.158908275450462e-5,0,0,0,0,0,0,1,1,1,7.670229450140731e-6,0,0,0
TUR.39.3_1,2041,3,albopictus,8.006633426555815,70.05931565621079,8.788156848920915e-5,0,0,0,0,0,0,1,1,1,8.504631753725178e-6,0,0,0
TUR.39.3_1,2041,4,albopictus,11.265618660870722,55.29410987049347,1.1620721060853237e-4,4.3569048631921005e-7,4.3569048631921005e-7,4.3569048631921005e-7,0,0,0,1,1,1,1.1620653540544978e-5,0,0,0
TUR.39.3_1,2041,5,albopictus,17.239255849052878,48.94463513757134,1.6242695330115857e-4,0.011832063791851906,0.011832063791851906,0.011832063791851906,0,0,0,1,1,1,1.5718613877502285e-5,0,0,0
TUR.39.3_1,2041,6,albopictus,22.174467367284436,39.25708742135054,1.8269310073173775e-4,0.04242317579411009,0.04242317579411009,0.04242317579411009,0,0,0,1,1,1,1.8269143190363657e-5,0,0,0
TUR.39.3_1,2041,7,albopictus,23.922385945039636,32.866698471717456,2.145427681840686e-4,0.04722074550570137,0.04722074550570137,0.04722074550570137,0,0,0,1,1,1,2.0761987839623686e-5,0,0,0
TUR.39.3_1,2041,8,albopictus,23.60299015045166,42.92981894861837,2.547560135482327e-4,0.054890178332847955,0.054890178332847955,0.054890178332847955,0,0,0,1,1,1,2.4653503860161408e-5,0,0,0
TUR.39.3_1,2041,9,albopictus,21.563957999734317,41.03403703490601,2.0305284489364792e-4,0.03914149407653431,0.03914149407653431,0.03914149407653431,0,0,0,1,1,1,2.0305078338500593e-5,0,0,0
TUR.39.3_1,2041,10,albopictus,15.445329035029692,65.81143038601314,2.0010010436420148e-4,0.00545676362877764,0.00545676362877764,0.00545676362877764,0,0,0,1,1,1,1.9364338737615228e-5,0,0,0
TUR.39.3_1,2041,11,albopictus,9.451115386012724,78.7642611236331,1.1606798554082318e-4,0,0,0,0,0,0,1,1,1,1.1606731195490383e-5,0,0,0
TUR.39.3_1,2041,12,albopictus,5.988832694423549,86.86766796129034,9.546774050276403e-5,0,0,0,0,0,0,1,1,1,9.23877091929537e-6,0,0,0
TUR.39.3_1,2042,1,albopictus,5.658981122186079,78.0134550761036,9.127347210721184e-5,0,0,0,0,0,0,1,1,1,8.83287764541496e-6,0,0,0
TUR.39.3_1,2042,2,albopictus,4.696444769554279,73.42285081013722,6.827531930827259e-5,0,0,0,0,0,0,1,1,1,7.315186026923826e-6,0,0,0
TUR.39.3_1,2042,3,albopictus,5.845423843273345,66.65633103707016,8.381364754299822e-5,0,0,0,0,0,0,1,1,1,8.110965255214708e-6,0,0,0
TUR.39.3_1,2042,4,albopictus,10.700324395123651,64.19514517933136,1.1082813335420186e-4,1.5334923857159007e-11,1.5334923857159007e-11,1.5334923857159007e-11,0,0,0,1,1,1,1.1082751921298595e-5,0,0,0
TUR.39.3_1,2042,5,albopictus,17.01508611791274,39.269677862180714,1.5490842561757337e-4,0.009244623692698465,0.009244623692698465,0.009244623692698465,0,0,0,1,1,1,1.4991025596433616e-5,0,0,0
TUR.39.3_1,2042,6,albopictus,21.190424245946545,38.70785112374312,1.742364800321867e-4,0.03483378084629629,0.03483378084629629,0.03483378084629629,0,0,0,1,1,1,1.7423496212365386e-5,0,0,0
TUR.39.3_1,2042,7,albopictus,26.66588379355038,35.624720780067065,2.0461186872975114e-4,0.0568917832766694,0.0568917832766694,0.0568917832766694,1.1102230246251565e-16,1.1102230246251565e-16,1.1102230246251565e-16,0.9999999999999999,0.9999999999999999,0.9999999999999999,1.9800952545279138e-5,2.1983473425278996e-21,2.1983473425278996e-21,2.1983473425278996e-21
TUR.39.3_1,2042,8,albopictus,25.42639446258545,35.43726523768087,2.429636964389483e-4,0.05455517407775124,0.05455517407775124,0.05455517407775124,0,0,0,1,1,1,2.351233936503938e-5,0,0,0
TUR.39.3_1,2042,9,albopictus,21.842642615823184,38.370184343255616,1.9365379870989652e-4,0.039380311630478636,0.039380311630478636,0.039380311630478636,0,0,0,1,1,1,1.9365192363229866e-5,0,0,0
TUR.39.3_1,2042,10,albopictus,12.661200845942778,55.464331081813924,1.9083773661319716e-4,1.7363500518483173e-4,1.7363500518483173e-4,1.7363500518483173e-4,0,0,0,1,1,1,1.846799752380779e-5,0,0,0
TUR.39.3_1,2042,11,albopictus,7.2644784612690705,78.20099818417998,1.1069535282974454e-4,0,0,0,0,0,0,1,1,1,1.1069474015856784e-5,0,0,0
TUR.39.3_1,2042,12,albopictus,4.053095799816005,85.9386060716419,9.104866574164038e-5,0,0,0,0,0,0,1,1,1,8.81112238260151e-6,0,0,0
TUR.39.3_1,2043,1,albopictus,0.8073820249341868,78.56431262004891,8.279530660633849e-5,0,0,0,0,0,0,1,1,1,8.012416926828081e-6,0,0,0
TUR.39.3_1,2043,2,albopictus,2.6125627953340027,71.92646714314503,6.193339494233436e-5,0,0,0,0,0,0,1,1,1,6.635698870383067e-6,0,0,0
TUR.39.3_1,2043,3,albopictus,5.305766250499907,72.04633805611313,7.602840656666353e-5,0,0,0,0,0,0,1,1,1,7.357560665277596e-6,0,0,0
TUR.39.3_1,2043,4,albopictus,8.818152764264276,61.72615103870636,1.0053358407238983e-4,0,0,0,0,0,0,1,1,1,1.0053307872404105e-5,0,0,0
TUR.39.3_1,2043,5,albopictus,14.751578274895163,65.04491589929009,1.40519367772564e-4,0.0032150542209168852,0.0032150542209168852,0.0032150542209168852,0,0,0,1,1,1,1.3598556032889952e-5,0,0,0
TUR.39.3_1,2043,6,albopictus,21.204956335179943,37.49142045968062,1.580520873505175e-4,0.03451160464091664,0.03451160464091664,0.03451160464091664,0,0,0,1,1,1,1.580508383336454e-5,0,0,0
TUR.39.3_1,2043,7,albopictus,26.0105302474078,29.09370347660027,1.856059818440616e-4,0.04887272417689935,0.04887272417689935,0.04887272417689935,0,0,0,1,1,1,1.7961707897362622e-5,0,0,0
TUR.39.3_1,2043,8,albopictus,24.767457008361816,35.41361029993673,2.2039540379534457e-4,0.05276076662099554,0.05276076662099554,0.05276076662099554,0,0,0,1,1,1,2.1328360011341196e-5,0,0,0
TUR.39.3_1,2043,9,albopictus,20.47733003952924,46.64384691039429,1.7566577965648754e-4,0.033896078615211024,0.033896078615211024,0.033896078615211024,0,0,0,1,1,1,1.7566423674231224e-5,0,0,0
TUR.39.3_1,2043,10,albopictus,15.085729921565337,54.940161159938924,1.7311129455434483e-4,0.0036273243941146666,0.0036273243941146666,0.0036273243941146666,0,0,0,1,1,1,1.6752565598854297e-5,0,0,0
TUR.39.3_1,2043,11,albopictus,8.73621441555374,71.63092219541045,1.004131372001499e-4,0,0,0,0,0,0,1,1,1,1.0041263306170833e-5,0,0,0
TUR.39.3_1,2043,12,albopictus,3.086292606723659,77.20223979966924,8.259138194416848e-5,0,0,0,0,0,0,1,1,1,7.992682440005616e-6,0,0,0
TUR.39.3_1,2044,1,albopictus,4.797730721642866,81.49134509075203,8.7823339527799975e-05,0,0,0,0,0,0,1,1,1,8.498996740824438e-6,0,0,0
TUR.39.3_1,2044,2,albopictus,0.03922333305372916,75.87487717732472,6.804074843351306e-5,0,0,0,0,0,0,1,1,1,7.038673342285584e-6,0,0,0
TUR.39.3_1,2044,3,albopictus,5.85600009144229,70.45164964058579,8.064549595073953e-5,0,0,0,0,0,0,1,1,1,7.804372379682789e-6,0,0,0
TUR.39.3_1,2044,4,albopictus,8.909206726971796,66.4310918346048,1.0663883557936105e-4,0,0,0,0,0,0,1,1,1,1.0663826698897871e-5,0,0,0
TUR.39.3_1,2044,5,albopictus,14.222782078911276,62.56908582116509,1.4905289504872627e-4,0.0019029925565014223,0.0019029925565014223,0.0019029925565014223,0,0,0,1,1,1,1.4424369682131122e-5,0,0,0
TUR.39.3_1,2044,6,albopictus,20.164984029882092,44.58002443306929,1.6765034999458955e-4,0.030407525376193706,0.030407525376193706,0.030407525376193706,0,0,0,1,1,1,1.676489446700291e-5,0,0,0
TUR.39.3_1,2044,7,albopictus,25.147237553316003,30.506201950721362,1.9687755055228936e-4,0.0488459247133135,0.0488459247133135,0.0488459247133135,0,0,0,1,1,1,1.905248468159204e-5,0,0,0
TUR.39.3_1,2044,8,albopictus,27.406733512878418,30.131984552256064,2.337796811347675e-4,0.04901058448769803,0.04901058448769803,0.04901058448769803,0,0,0,1,1,1,2.2623584192693613e-5,0,0,0
TUR.39.3_1,2044,9,albopictus,21.06046755173627,50.850096147454835,1.8633369501896779e-4,0.04124721563323843,0.04124721563323843,0.04124721563323843,0,0,0,1,1,1,1.8633195901784916e-5,0,0,0
TUR.39.3_1,2044,10,albopictus,17.016440714106842,54.21151583523189,1.8362407992555604e-4,0.011569050408238813,0.011569050408238813,0.011569050408238813,0,0,0,1,1,1,1.776991436408526e-5,0,0,0
TUR.39.3_1,2044,11,albopictus,7.482957617763211,69.16324794003935,1.0651107415194e-4,0,0,0,0,0,0,1,1,1,1.065105069231187e-5,0,0,0
TUR.39.3_1,2044,12,albopictus,3.6795003236654926,80.54486827867315,8.760703083135416e-5,0,0,0,0,0,0,1,1,1,8.47806381887306e-6,0,0,0
TUR.39.3_1,2045,1,albopictus,2.7630363480352305,72.439457578545,9.132108858952356e-5,0,0,0,0,0,0,1,1,1,8.837485651391752e-6,0,0,0
TUR.39.3_1,2045,2,albopictus,0.5688642758656951,71.6107856856255,6.831093787804004e-5,0,0,0,0,0,0,1,1,1,7.319002274353004e-6,0,0,0
TUR.39.3_1,2045,3,albopictus,7.37923588932437,65.14327714302719,8.385737230741852e-5,0,0,0,0,0,0,1,1,1,8.115196649782774e-6,0,0,0
TUR.39.3_1,2045,4,albopictus,9.896007874432733,68.66075186878449,1.1088595131302017e-4,0,0,0,0,0,0,1,1,1,1.1088533653058619e-5,0,0,0
TUR.39.3_1,2045,5,albopictus,15.557900372673483,61.62493298913384,1.5498923983596634e-4,0.005564336729941393,0.005564336729941393,0.005564336729941393,0,0,0,1,1,1,1.4998846210034777e-5,0,0,0
TUR.39.3_1,2045,6,albopictus,20.13641766940846,52.06689424508101,1.743273775085067e-4,0.033646886463970564,0.033646886463970564,0.033646886463970564,0,0,0,1,1,1,1.743258580155782e-5,0,0,0
TUR.39.3_1,2045,7,albopictus,25.759881748872644,33.838980881385424,2.0471861275080355e-4,0.05347991530239636,0.05347991530239636,0.05347991530239636,0,0,0,1,1,1,1.9811282407244946e-5,0,0,0
TUR.39.3_1,2045,8,albopictus,25.65562152862549,36.16772635828634,2.430904482353551e-4,0.05657890311444993,0.05657890311444993,0.05657890311444993,1.1102230246251565e-16,1.1102230246251565e-16,1.1102230246251565e-16,0.9999999999999999,0.9999999999999999,0.9999999999999999,2.352460537946577e-5,2.6117558537503714e-21,2.6117558537503714e-21,2.6117558537503714e-21
TUR.39.3_1,2045,9,albopictus,21.870549033669864,45.82044450560913,1.9375482601244107e-4,0.044669479171626184,0.044669479171626184,0.044669479171626184,0,0,0,1,1,1,1.937529489781653e-5,0,0,0
TUR.39.3_1,2045,10,albopictus,13.79583581756143,68.79360812038814,1.9093729480354601e-4,0.0013158065261748145,0.0013158065261748145,0.0013158065261748145,0,0,0,1,1,1,1.8477632009350486e-5,0,0,0
TUR.39.3_1,2045,11,albopictus,9.36466147137039,75.62995326230498,1.1075310151825522e-4,0,0,0,0,0,0,1,1,1,1.1075248820824335e-5,0,0,0
TUR.39.3_1,2045,12,albopictus,6.1127135576132465,86.20293407457159,9.109616494465854e-5,0,0,0,0,0,0,1,1,1,8.81571903921241e-6,0,0,0
TUR.39.3_1,2046,1,albopictus,3.7733223811887644,77.91954485881844,9.266860169941839e-5,0,0,0,0,0,0,1,1,1,8.967888984967587e-6,0,0,0
TUR.39.3_1,2046,2,albopictus,3.1571748453904602,73.95794602498097,6.931891846348425e-5,0,0,0,0,0,0,1,1,1,7.426999397930345e-6,0,0,0
TUR.39.3_1,2046,3,albopictus,3.990752841839019,74.33010575630844,8.509475252584204e-5,0,0,0,0,0,0,1,1,1,8.234942143525714e-6,0,0,0
TUR.39.3_1,2046,4,albopictus,11.943386414471796,69.3812642589212,1.1252215906530705e-4,3.3090074514155456e-5,3.3090074514155456e-5,3.3090074514155456e-5,0,0,0,1,1,1,1.125215260056045e-5,0,0,0
TUR.39.3_1,2046,5,albopictus,13.658737126518698,75.84770368005181,1.5727622563297487e-4,0.001252554828958811,0.001252554828958811,0.001252554828958811,0,0,0,1,1,1,1.5220164072071718e-5,0,0,0
TUR.39.3_1,2046,6,albopictus,20.452690405004162,48.066009235315384,1.7689971244487808e-4,0.03435624213776646,0.03435624213776646,0.03435624213776646,0,0,0,1,1,1,1.7689814777899215e-5,0,0,0
TUR.39.3_1,2046,7,albopictus,24.41991974325741,35.25956269901238,2.07739393807862e-4,0.05150440228102043,0.05150440228102043,0.05150440228102043,0,0,0,1,1,1,2.0103610223753954e-5,0,0,0
TUR.39.3_1,2046,8,albopictus,26.224568367004395,37.72073539148946,2.4667743532614335e-4,0.058877150824342195,0.058877150824342195,0.058877150824342195,3.3306690738754696e-16,3.3306690738754696e-16,3.3306690738754696e-16,0.9999999999999997,0.9999999999999997,0.9999999999999997,2.3871724936119776e-5,7.950881598479601e-21,7.950881598479601e-21,7.950881598479601e-21
TUR.39.3_1,2046,9,albopictus,24.234415839700137,41.36657182494507,1.966138279383895e-4,0.05688705602996169,0.05688705602996169,0.05688705602996169,1.1102230246251565e-16,1.1102230246251565e-16,1.1102230246251565e-16,0.9999999999999999,0.9999999999999999,0.9999999999999999,1.966118951013396e-5,2.1828305285669323e-21,2.1828305285669323e-21,2.1828305285669323e-21
TUR.39.3_1,2046,10,albopictus,12.094140375361723,67.09876101345455,1.937547218829813e-4,5.38990748787041e-5,5.38990748787041e-5,5.38990748787041e-5,0,0,0,1,1,1,1.8750281167712046e-5,0,0,0
TUR.39.3_1,2046,11,albopictus,9.129924075130155,77.81791102597685,1.1238734896933611e-4,0,0,0,0,0,0,1,1,1,1.123867174257498e-5,0,0,0
TUR.39.3_1,2046,12,albopictus,2.920191508663051,82.31210308091924,9.24403591326607e-5,0,0,0,0,0,0,1,1,1,8.945801192483671e-6,0,0,0
TUR.39.3_1,2047,1,albopictus,5.013659514596357,82.72641436565438,9.204419094531063e-5,0,0,0,0,0,0,1,1,1,8.907462677898437e-6,0,0,0
TUR.39.3_1,2047,2,albopictus,3.1932938296128723,75.77088852986378,6.885184032312217e-5,0,0,0,0,0,0,1,1,1,7.376955681870356e-6,0,0,0
TUR.39.3_1,2047,3,albopictus,6.645353462108794,73.04431626656235,8.452137516154748e-5,0,0,0,0,0,0,1,1,1,8.179454466961111e-6,0,0,0
TUR.39.3_1,2047,4,albopictus,9.302573063794306,60.48207144886261,1.1176397296011796e-4,0,0,0,0,0,0,1,1,1,1.1176334840268254e-5,0,0,0
TUR.39.3_1,2047,5,albopictus,16.20668596379897,48.98135159875298,1.5621648193500423e-4,0.007023612645774901,0.007023612645774901,0.007023612645774901,0,0,0,1,1,1,1.5117609786008401e-5,0,0,0
TUR.39.3_1,2047,6,albopictus,25.097652715795178,25.367576312952103,1.7570774363534066e-4,0.04398064611819779,0.04398064611819779,0.04398064611819779,0,0,0,1,1,1,1.7570619998408255e-5,0,0,0
TUR.39.3_1,2047,7,albopictus,24.81138016195858,34.66947099369011,2.0633962399190856e-4,0.05209930624018359,0.05209930624018359,0.05209930624018359,0,0,0,1,1,1,1.9968151342752982e-5,0,0,0
TUR.39.3_1,2047,8,albopictus,26.232632637023926,36.50354941736837,2.450152969039734e-4,0.05775169101703839,0.05775169101703839,0.05775169101703839,1.1102230246251565e-16,1.1102230246251565e-16,1.1102230246251565e-16,0.9999999999999999,0.9999999999999999,0.9999999999999999,2.3710876657645485e-5,2.6324361199365193e-21,2.6324361199365193e-21,2.6324361199365193e-21
TUR.39.3_1,2047,9,albopictus,21.766789268044864,39.61165086547241,1.9528902335172663e-4,0.039652286067848146,0.039652286067848146,0.039652286067848146,0,0,0,1,1,1,1.9528711647454067e-5,0,0,0
TUR.39.3_1,2047,10,albopictus,13.512182558284087,46.594396999782674,1.924491822526833e-4,6.369305484669716e-4,6.369305484669716e-4,6.369305484669716e-4,0,0,0,1,1,1,1.862394098384179e-5,0,0,0
TUR.39.3_1,2047,11,albopictus,9.511683718684843,71.43773829648467,1.1163007122870787e-4,0,0,0,0,0,0,1,1,1,1.1162944816733855e-5,0,0,0
TUR.39.3_1,2047,12,albopictus,1.5592274041298557,75.68620281236456,9.181748630089788e-5,0,0,0,0,0,0,1,1,1,8.885523713919596e-6,0,0,0
TUR.39.3_1,2048,1,albopictus,2.4248337821267985,81.95646349895516,9.567383308157432e-5,0,0,0,0,0,0,1,1,1,9.258715177984378e-6,0,0,0
TUR.39.3_1,2048,2,albopictus,3.250898142509601,71.3173286543755,7.412288400070125e-5,0,0,0,0,0,0,1,1,1,7.667855153603576e-6,0,0,0
TUR.39.3_1,2048,3,albopictus,9.170210506328765,65.39761063912094,8.785436490865259e-5,0,0,0,0,0,0,1,1,1,8.501999171572905e-6,0,0,0
TUR.39.3_1,2048,4,albopictus,12.1942237405216,55.14343314319855,1.1617123887669612e-4,5.39773024418686e-5,5.39773024418686e-5,5.39773024418686e-5,0,0,0,1,1,1,1.1617056409174431e-5,0,0,0
TUR.39.3_1,2048,5,albopictus,14.405930463005514,63.131372198118214,1.6237667433157888e-4,0.0023171761783631153,0.0023171761783631153,0.0023171761783631153,0,0,0,1,1,1,1.571374824727023e-5,0,0,0
TUR.39.3_1,2048,6,albopictus,23.12842969333424,21.90561265938765,1.8263654841288042e-4,0.035368078701061956,0.035368078701061956,0.035368078701061956,0,0,0,1,1,1,1.8263488061776023e-5,0,0,0
TUR.39.3_1,2048,7,albopictus,25.797452702241785,27.61333772342644,2.1447635685826439e-4,0.04724694518231664,0.04724694518231664,0.04724694518231664,0,0,0,1,1,1,2.07555610705068e-5,0,0,0
TUR.39.3_1,2048,8,albopictus,27.072314262390137,34.053989251963095,2.546771542850679e-4,0.05403916137422027,0.05403916137422027,0.05403916137422027,0,0,0,1,1,1,2.464587250661232e-5,0,0,0
TUR.39.3_1,2048,9,albopictus,19.66050417283002,53.682920854486085,2.0298999025281412e-4,0.030306105300447635,0.030306105300447635,0.030306105300447635,0,0,0,1,1,1,2.0298793002027082e-5,0,0,0
TUR.39.3_1,2048,10,albopictus,14.57893022368936,59.087683132595174,2.0003816373885734e-4,0.002539413557400886,0.002539413557400886,0.002539413557400886,0,0,0,1,1,1,1.9358344599540445e-5,0,0,0
TUR.39.3_1,2048,11,albopictus,7.461299197200467,79.60379969785185,1.160320569058548e-4,0,0,0,0,0,0,1,1,1,1.160313837367255e-5,0,0,0
TUR.39.3_1,2048,12,albopictus,5.454227191341274,80.93093090074346,9.543818863638332e-5,0,0,0,0,0,0,1,1,1,9.23591108770161e-6,0,0,0
TUR.39.3_1,2049,1,albopictus,1.8416361735366724,79.65618578899422,8.692117935525506e-5,0,0,0,0,0,0,1,1,1,8.411691655885178e-6,0,0,0
TUR.39.3_1,2049,2,albopictus,5.294872542076251,76.28590317830128,6.501967261813806e-5,0,0,0,0,0,0,1,1,1,6.966369229588487e-6,0,0,0
TUR.39.3_1,2049,3,albopictus,6.036163474926177,69.18710801460922,7.9817069760924e-5,0,0,0,0,0,0,1,1,1,7.724202725656326e-6,0,0,0
TUR.39.3_1,2049,4,albopictus,11.043308594647577,62.17528586536652,1.0554339431256872e-4,4.588369206218295e-8,4.588369206218295e-8,4.588369206218295e-8,0,0,0,1,1,1,1.05542837344208e-5,0,0,0
TUR.39.3_1,2049,5,albopictus,14.171646062065573,65.3620087947979,1.4752175781073827e-4,0.0018935443530095528,0.0018935443530095528,0.0018935443530095528,0,0,0,1,1,1,1.427619723715079e-5,0,0,0
TUR.39.3_1,2049,6,albopictus,21.05060223972096,49.86945314400679,1.6592817147699333e-4,0.040563560980894864,0.040563560980894864,0.040563560980894864,0,0,0,1,1,1,1.6592679487725803e-5,0,0,0
TUR.39.3_1,2049,7,albopictus,25.63512207480038,26.113692490272143,1.9485513730848128e-4,0.04558493412977496,0.04558493412977496,0.04558493412977496,0,0,0,1,1,1,1.8856770980679727e-5,0,0,0
TUR.39.3_1,2049,8,albopictus,25.818875312805176,31.82560523401876,2.3137819289025275e-4,0.05135150085810636,0.05135150085810636,0.05135150085810636,0,0,0,1,1,1,2.2391187335268903e-5,0,0,0
TUR.39.3_1,2049,9,albopictus,18.872355292825137,61.0865501574646,1.8441959292090265e-4,0.026405297695507354,0.026405297695507354,0.026405297695507354,0,0,0,1,1,1,1.8441789240153383e-5,0,0,0
TUR.39.3_1,2049,10,albopictus,10.520379389033598,67.07362978786861,1.817378121917197e-4,3.9992078003131725e-18,3.9992078003131725e-18,3.9992078003131725e-18,0,0,0,1,1,1,1.758737555235257e-5,0,0,0
TUR.39.3_1,2049,11,albopictus,7.179111258510281,73.20891749570342,1.054169453070167e-4,0,0,0,0,0,0,1,1,1,1.0541638967187517e-5,0,0,0
TUR.39.3_1,2049,12,albopictus,5.263550740611904,83.93550090806768,8.670709267737467e-5,0,0,0,0,0,0,1,1,1,8.3909737643717e-6,0,0,0
TUR.39.3_1,2050,1,albopictus,1.0012714044355295,78.81084887493172,8.880013660493364e-5,0,0,0,0,0,0,1,1,1,8.593524682409814e-6,0,0,0
TUR.39.3_1,2050,2,albopictus,4.265680809669635,75.77575608357472,6.642518950301903e-5,0,0,0,0,0,0,1,1,1,7.116959263919753e-6,0,0,0
TUR.39.3_1,2050,3,albopictus,3.54247584522647,68.25247666695297,8.154245893520611e-5,0,0,0,0,0,0,1,1,1,7.891174567897785e-6,0,0,0
TUR.39.3_1,2050,4,albopictus,14.135809281293085,41.509457160532534,1.0782490415137073e-4,0.0012470265592542575,0.0012470265592542575,0.0012470265592542575,0,0,0,1,1,1,1.0782432284250909e-5,0,0,0
TUR.39.3_1,2050,5,albopictus,16.53670877568862,55.40712140466118,1.5071070529603327e-4,0.00922958557899573,0.00922958557899573,0.00922958557899573,0,0,0,1,1,1,1.4584800604899861e-5,0,0,0
TUR.39.3_1,2050,6,albopictus,22.155954641454358,37.99531526558882,1.6951500661930506e-4,0.04124655332736009,0.04124655332736009,0.04124655332736009,0,0,0,1,1,1,1.6951356986094623e-5,0,0,0
TUR.39.3_1,2050,7,albopictus,24.32202698202694,43.13510820072136,1.990672807193122e-4,0.059355515804261315,0.059355515804261315,0.059355515804261315,3.3306690738754696e-16,3.3306690738754696e-16,3.3306690738754696e-16,0.9999999999999997,0.9999999999999997,0.9999999999999997,1.926438999277913e-5,6.416330797602553e-21,6.416330797602553e-21,6.416330797602553e-21
TUR.39.3_1,2050,8,albopictus,25.63438129425049,36.496236642710166,2.3637984767880328e-4,0.05647805881612556,0.05647805881612556,0.05647805881612556,1.1102230246251565e-16,1.1102230246251565e-16,1.1102230246251565e-16,0.9999999999999999,0.9999999999999999,0.9999999999999999,2.2875207488670668e-5,2.539658204699998e-21,2.539658204699998e-21,2.539658204699998e-21
TUR.39.3_1,2050,9,albopictus,21.38741190293256,33.00034181395874,1.884061533158699e-4,0.033069497957794,0.033069497957794,0.033069497957794,0,0,0,1,1,1,1.8840437848277602e-5,0,0,0
TUR.39.3_1,2050,10,albopictus,13.081695879206938,66.52831881374752,1.856664010844533e-4,4.8674679603213526e-4,4.8674679603213526e-4,4.8674679603213526e-4,0,0,0,1,1,1,1.796755481553447e-5,0,0,0
TUR.39.3_1,2050,11,albopictus,7.549099699977567,76.80555140683623,1.0769572172368315e-4,0,0,0,0,0,0,1,1,1,1.0769514180775097e-5,0,0,0
TUR.39.3_1,2050,12,albopictus,1.9449040116194416,78.96419506089971,8.858142205938687e-5,0,0,0,0,0,0,1,1,1,8.57235894025088e-6,0,0,0
TUR.39.3_1,2051,1,albopictus,4.347423590829267,81.05720965374032,9.159562877104323e-5,0,0,0,0,0,0,1,1,1,8.864053820945017e-6,0,0,0
TUR.39.3_1,2051,2,albopictus,2.368860264473102,73.90428086384816,6.851630224211495e-5,0,0,0,0,0,0,1,1,1,7.341005437755399e-6,0,0,0
TUR.39.3_1,2051,3,albopictus,7.501685287365142,69.31792924263657,8.410947418849139e-5,0,0,0,0,0,0,1,1,1,8.139593407729961e-6,0,0,0
TUR.39.3_1,2051,4,albopictus,9.94802127164953,58.864498664438784,1.1121930968261094e-4,0,0,0,0,0,0,1,1,1,1.1121869119778971e-5,0,0,0
TUR.39.3_1,2051,5,albopictus,15.110880795647116,60.195947393430714,1.5545518669112725e-4,0.003992035661306438,0.003992035661306438,0.003992035661306438,0,0,0,1,1,1,1.5043937163783383e-5,0,0,0
TUR.39.3_1,2051,6,albopictus,21.59840039645924,37.259673786096634,1.748514609442633e-4,0.036779401225968684,0.036779401225968684,0.036779401225968684,0,0,0,1,1,1,1.7484993230176826e-5,0,0,0
TUR.39.3_1,2051,7,albopictus,26.411742939668542,35.3805763403698,2.0533406188717648e-4,0.056241840247885186,0.056241840247885186,0.056241840247885186,1.1102230246251565e-16,1.1102230246251565e-16,1.1102230246251565e-16,0.9999999999999999,0.9999999999999999,0.9999999999999999,1.987084081933599e-5,2.2061064996288225e-21,2.2061064996288225e-21,2.2061064996288225e-21
TUR.39.3_1,2051,8,albopictus,26.19419574737549,37.28092749964376,2.4382125529005645e-4,0.05842773367129453,0.05842773367129453,0.05842773367129453,2.220446049250313e-16,2.220446049250313e-16,2.220446049250313e-16,0.9999999999999998,0.9999999999999998,0.9999999999999998,2.3595326976488806e-5,5.2392150565713905e-21,5.2392150565713905e-21,5.2392150565713905e-21
TUR.39.3_1,2051,9,albopictus,21.33793337204877,37.68882219115601,1.9433731452550364e-4,0.035243603472530007,0.035243603472530007,0.035243603472530007,0,0,0,1,1,1,1.9433542618796373e-5,0,0,0
TUR.39.3_1,2051,10,albopictus,14.289914453730864,46.907873562282674,1.9151131292338973e-4,0.0016040126117746328,0.0016040126117746328,0.0016040126117746328,0,0,0,1,1,1,1.8533181121993536e-5,0,0,0
TUR.39.3_1,2051,11,albopictus,10.015064017299345,71.24025141904326,1.1108606049919071e-4,0,0,0,0,0,0,1,1,1,1.1108544349602845e-5,0,0,0
TUR.39.3_1,2051,12,albopictus,5.395660144222133,79.61903362291143,9.137002893430134e-5,0,0,0,0,0,0,1,1,1,8.842221771887537e-6,0,0,0
TUR.39.3_1,2052,1,albopictus,0.8101636544965647,70.78315417278328,8.844834081344938e-5,0,0,0,0,0,0,1,1,1,8.559480220382554e-6,0,0,0
TUR.39.3_1,2052,2,albopictus,1.8448987800408814,75.72672196492238,6.852496544776168e-5,0,0,0,0,0,0,1,1,1,7.088764403695436e-6,0,0,0
TUR.39.3_1,2052,3,albopictus,2.4577732342569267,71.396405194785,8.121941558215016e-5,0,0,0,0,0,0,1,1,1,7.859912554142312e-6,0,0,0
TUR.39.3_1,2052,4,albopictus,10.142834046307733,76.01911215931183,1.0739773873307408e-4,0,0,0,0,0,0,1,1,1,1.0739716202134986e-5,0,0,0
TUR.39.3_1,2052,5,albopictus,14.114400807548972,73.17617200280571,1.5011364099093373e-4,0.0020133981273543506,0.0020133981273543506,0.0020133981273543506,0,0,0,1,1,1,1.4527021029331344e-5,0,0,0
TUR.39.3_1,2052,6,albopictus,20.94770459567799,48.66878480904585,1.6884344609921926e-4,0.03909100848364284,0.03909100848364284,0.03909100848364284,0,0,0,1,1,1,1.6884202070133192e-5,0,0,0
TUR.39.3_1,2052,7,albopictus,24.569247975068933,35.48810121219597,1.9827864418949653e-4,0.052073083022771534,0.052073083022771534,0.052073083022771534,0,0,0,1,1,1,1.918807179590587e-5,0,0,0
TUR.39.3_1,2052,8,albopictus,25.031987190246582,44.35477240931173,2.3544339151122942e-4,0.06434961246534615,0.06434961246534615,0.06434961246534615,3.552713678800501e-15,3.552713678800501e-15,3.552713678800501e-15,0.9999999999999964,0.9999999999999964,0.9999999999999964,2.2784584767232552e-5,8.094710596833661e-20,8.094710596833661e-20,8.094710596833661e-20
TUR.39.3_1,2052,9,albopictus,21.287304709939395,49.951685350335694,1.8765975252911055e-4,0.04276865418135133,0.04276865418135133,0.04276865418135133,0,0,0,1,1,1,1.8765799173148245e-5,0,0,0
TUR.39.3_1,2052,10,albopictus,16.28536447356729,53.13964312405025,1.8493085425965358e-4,0.0077573645303067665,0.0077573645303067665,0.0077573645303067665,0,0,0,1,1,1,1.7896374141179727e-5,0,0,0
TUR.39.3_1,2052,11,albopictus,9.6642472906147745,69.65411555478545,1.0726906808201357e-4,0,0,0,0,0,0,1,1,1,1.072684927516665e-5,0,0,0
TUR.39.3_1,2052,12,albopictus,7.067363006008022,79.20841197984502,8.82304927401807e-5,0,0,0,0,0,0,1,1,1,8.538398328927777e-6,0,0,0
TUR.39.3_1,2053,1,albopictus,3.8955972568296335,74.80306689250985,9.207363313496455e-5,0,0,0,0,0,0,1,1,1,8.91031189664826e-6,0,0,0
TUR.39.3_1,2053,2,albopictus,2.867312093429706,78.09683915242238,6.887386397198036e-5,0,0,0,0,0,0,1,1,1,7.379315341116133e-6,0,0,0
TUR.39.3_1,2053,3,albopictus,6.335875656017485,69.54299638130844,8.454841102694821e-5,0,0,0,0,0,0,1,1,1,8.182070819651166e-6,0,0,0
TUR.39.3_1,2053,4,albopictus,11.596901276532343,59.64453940540558,1.117997229195078e-4,5.202838249629315e-6,5.202838249629315e-6,5.202838249629315e-6,0,0,0,1,1,1,1.1179909796266152e-5,0,0,0
TUR.39.3_1,2053,5,albopictus,16.142783108879538,69.44002698327446,1.5626645092534422e-4,0.008971748582733077,0.008971748582733077,0.008971748582733077,0,0,0,1,1,1,1.5122445421678066e-5,0,0,0
TUR.39.3_1,2053,6,albopictus,19.07623414432301,63.562835407190384,1.7576394729858807e-4,0.0293642096334464,0.0293642096334464,0.0293642096334464,0,0,0,1,1,1,1.7576240265992915e-5,0,0,0
TUR.39.3_1,2053,7,albopictus,23.063884510713464,51.629237381629565,2.064056258794834e-4,0.05962813239162657,0.05962813239162657,0.05962813239162657,4.440892098500626e-16,4.440892098500626e-16,4.440892098500626e-16,0.9999999999999996,0.9999999999999996,0.9999999999999996,1.9974538494560434e-5,8.870477017169003e-21,8.870477017169003e-21,8.870477017169003e-21
TUR.39.3_1,2053,8,albopictus,24.129117012023926,39.487073739878134,2.450936699850497e-4,0.054266837045201265,0.054266837045201265,0.054266837045201265,0,0,0,1,1,1,2.3718460969490707e-5,0,0,0
TUR.39.3_1,2053,9,albopictus,21.683462928323184,45.32901613036499,1.953514904819583e-4,0.0429480579871523,0.0429480579871523,0.0429480579871523,0,0,0,1,1,1,1.9534958238365263e-5,0,0,0
TUR.39.3_1,2053,10,albopictus,15.98548539947061,38.54623644680416,1.9251074100250153e-4,0.005280780491437471,0.005280780491437471,0.005280780491437471,0,0,0,1,1,1,1.8629898171251824e-5,0,0,0
TUR.39.3_1,2053,11,albopictus,8.984294669154814,72.66110408017607,1.1166577835693009e-4,0,0,0,0,0,0,1,1,1,1.1166515489713369e-5,0,0,0
TUR.39.3_1,2053,12,albopictus,5.4487941087607075,83.84282665269659,9.184685597450199e-5,0,0,0,0,0,0,1,1,1,8.888365915171725e-6,0,0,0
TUR.39.3_1,2054,1,albopictus,4.369834937264814,78.5938765238575,9.011940950956117e-5,0,0,0,0,0,0,1,1,1,8.721195148497785e-6,0,0,0
TUR.39.3_1,2054,2,albopictus,0.8548889916171046,80.64121934041066,6.741204556030142e-5,0,0,0,0,0,0,1,1,1,7.222693083397402e-6,0,0,0
TUR.39.3_1,2054,3,albopictus,5.318655158886138,71.46674821236313,8.275390703385627e-5,0,0,0,0,0,0,1,1,1,8.008410548709932e-6,0,0,0
TUR.39.3_1,2054,4,albopictus,9.585876801434686,68.6573873057962,1.0942682144485224e-4,0,0,0,0,0,0,1,1,1,1.0942622273524272e-5,0,0,0
TUR.39.3_1,2054,5,albopictus,16.25235647313735,45.69936917687798,1.5294976209860258e-4,0.006831997161652494,0.006831997161652494,0.006831997161652494,0,0,0,1,1,1,1.4801480337500728e-5,0,0,0
TUR.39.3_1,2054,6,albopictus,19.48614053165211,55.41282625191695,1.7203343242033227e-4,0.02952840595628418,0.02952840595628418,0.02952840595628418,0,0,0,1,1,1,1.72031952653251e-5,0,0,0
TUR.39.3_1,2054,7,albopictus,24.57134033651913,35.20218583744011,2.0202475443153485e-4,0.05199059836245752,0.05199059836245752,0.05199059836245752,0,0,0,1,1,1,1.9550591571659837e-5,0,0,0
TUR.39.3_1,2054,8,albopictus,26.96569538116455,32.22303183924337,2.3989166128816775e-4,0.052401835232588304,0.052401835232588304,0.052401835232588304,0,0,0,1,1,1,2.3215052586622598e-5,0,0,0
TUR.39.3_1,2054,9,albopictus,23.8195083842558,30.099165361322022,1.912052383470175e-4,0.04428806186421775,0.04428806186421775,0.04428806186421775,0,0,0,1,1,1,1.9120341038680877e-5,0,0,0
TUR.39.3_1,2054,10,albopictus,14.588361109004301,51.998518398708455,1.8842478256465495e-4,0.0023180986732663435,0.0023180986732663435,0.0023180986732663435,0,0,0,1,1,1,1.823449012683387e-5,0,0,0
TUR.39.3_1,2054,11,albopictus,9.486846224788358,75.10880458066435,1.0929571979853374e-4,0,0,0,0,0,0,1,1,1,1.0929512252344509e-5,0,0,0
TUR.39.3_1,2054,12,albopictus,3.0745518030050922,75.7427824022083,8.989744559768661e-5,0,0,0,0,0,0,1,1,1,8.699714956983406e-6,0,0,0
TUR.39.3_1,2055,1,albopictus,2.639208890607252,78.72925250042,8.84934984757478e-5,0,0,0,0,0,0,1,1,1,8.563850279252883e-6,0,0,0
TUR.39.3_1,2055,2,albopictus,-0.7161828082273988,75.34892960652394,6.619581490272265e-5,0,0,0,0,0,0,1,1,1,7.092383588536144e-6,0,0,0
TUR.39.3_1,2055,3,albopictus,3.763075258144561,73.49162766792954,8.12608824870938e-5,0,0,0,0,0,0,1,1,1,7.863925448936548e-6,0,0,0
TUR.39.3_1,2055,4,albopictus,9.228858807507685,66.87331442981964,1.074525710880139e-4,0,0,0,0,0,0,1,1,1,1.0745199378714432e-5,0,0,0
TUR.39.3_1,2055,5,albopictus,15.179688397575827,53.60300610925103,1.5019028212454814e-4,0.0038456193454381193,0.0038456193454381193,0.0038456193454381193,0,0,0,1,1,1,1.4534437805413525e-5,0,0,0
TUR.39.3_1,2055,6,albopictus,22.8992026272942,38.68369646065718,1.6892964981146677e-4,0.04659857798775616,0.04659857798775616,0.04659857798775616,0,0,0,1,1,1,1.68928222957776e-5,0,0,0
TUR.39.3_1,2055,7,albopictus,23.500108494478113,45.64088365238152,1.9837987616256637e-4,0.056843791926055494,0.056843791926055494,0.056843791926055494,1.1102230246251565e-16,1.1102230246251565e-16,1.1102230246251565e-16,0.9999999999999999,0.9999999999999999,0.9999999999999999,1.919786825044234e-5,2.1313915355361357e-21,2.1313915355361357e-21,2.1313915355361357e-21
TUR.39.3_1,2055,8,albopictus,23.74911594390869,48.1103800142922,2.35563598098108e-4,0.06116904830961508,0.06116904830961508,0.06116904830961508,8.881784197001252e-16,8.881784197001252e-16,8.881784197001252e-16,0.9999999999999991,0.9999999999999991,0.9999999999999991,2.279621739753601e-5,2.0247108343284036e-20,2.0247108343284036e-20,2.0247108343284036e-20
TUR.39.3_1,2055,9,albopictus,24.207232306985293,35.261969011224366,1.877555629835948e-4,0.05056425629114223,0.05056425629114223,0.05056425629114223,0,0,0,1,1,1,1.8775380038693612e-5,0,0,0
TUR.39.3_1,2055,10,albopictus,14.59443601439981,55.46096651882564,1.8502527146396078e-4,0.0024513226404657244,0.0024513226404657244,0.0024513226404657244,0,0,0,1,1,1,1.7905511126459217e-5,0,0,0
TUR.39.3_1,2055,11,albopictus,10.083677069667509,80.22765528867217,1.0732383474362603e-4,0,0,0,0,0,0,1,1,1,1.073232588255646e-5,0,0,0
TUR.39.3_1,2055,12,albopictus,5.967073184383266,82.04557018297002,8.827553917925397e-5,0,0,0,0,0,0,1,1,1,8.542757624518948e-6,0,0,0
TUR.39.3_1,2056,1,albopictus,4.617027320077314,81.99161211956063,9.779238157951862e-5,0,0,0,0,0,0,1,1,1,9.46373408117207e-6,0,0,0
TUR.39.3_1,2056,2,albopictus,4.8449337679673645,73.49483414753956,7.576422018955337e-5,0,0,0,0,0,0,1,1,1,7.83764723610858e-6,0,0,0
TUR.39.3_1,2056,3,albopictus,10.440313960918608,61.11561295845688,8.979976342379708e-5,6.861606881080248e-35,6.861606881080248e-35,6.861606881080248e-35,0,0,0,1,1,1,8.69026192562572e-6,0,0,0
TUR.39.3_1,2056,4,albopictus,10.587110856000116,63.705483008921206,1.1874367060331783e-4,9.186946690824264e-15,9.186946690824264e-15,9.186946690824264e-15,0,0,0,1,1,1,1.1874296560354658e-5,0,0,0
TUR.39.3_1,2056,5,albopictus,15.849996510673972,56.49656842614556,1.6597225369143428e-4,0.0062696256933456335,0.0062696256933456335,0.0062696256933456335,0,0,0,1,1,1,1.60617020118492e-5,0,0,0
TUR.39.3_1,2056,6,albopictus,22.53495816623463,35.03267259591109,1.866807512303837e-4,0.04149992174423709,0.04149992174423709,0.04149992174423709,0,0,0,1,1,1,1.8667900875568577e-5,0,0,0
TUR.39.3_1,2056,7,albopictus,26.286311878877527,23.39658090274773,2.1922560280181536e-4,0.04304940631018851,0.04304940631018851,0.04304940631018851,0,0,0,1,1,1,2.121515587172329e-5,0,0,0
TUR.39.3_1,2056,8,albopictus,26.377062797546387,33.86614783655782,2.6031658447504813e-4,0.05446135730783378,0.05446135730783378,0.05446135730783378,0,0,0,1,1,1,2.5191610215857807e-5,0,0,0
TUR.39.3_1,2056,9,albopictus,20.398287604836856,57.74394838134155,2.0748488844071422e-4,0.03938894032942943,0.03938894032942943,0.03938894032942943,0,0,0,1,1,1,2.0748273595661004e-5,0,0,0
TUR.39.3_1,2056,10,albopictus,14.706768358454985,69.50591128200924,2.044676983113789e-4,0.0032738848588814945,0.0032738848588814945,0.0032738848588814945,0,0,0,1,1,1,1.9787000845483682e-5,0,0,0
TUR.39.3_1,2056,11,albopictus,9.299568430904081,83.02932917783232,1.186014066638152e-4,0,0,0,0,0,0,1,1,1,1.1860070335156792e-5,0,0,0
TUR.39.3_1,2056,12,albopictus,2.198582154643886,81.02564983384893,9.755151915393185e-5,0,0,0,0,0,0,1,1,1,9.440425034479283e-6,0,0,0
TUR.39.3_1,2057,1,albopictus,1.9446376935743235,77.76952044475594,8.406125034771724e-5,0,0,0,0,0,0,1,1,1,8.134926622327399e-6,0,0,0
TUR.39.3_1,2057,2,albopictus,2.1941191155244324,74.05914231404347,6.288035917162782e-5,0,0,0,0,0,0,1,1,1,6.737158645075958e-6,0,0,0
TUR.39.3_1,2057,3,albopictus,6.615147735485259,66.92677018501938,7.719088412010372e-5,0,0,0,0,0,0,1,1,1,7.470057658998108e-6,0,0,0
TUR.39.3_1,2057,4,albopictus,10.02603469175451,63.876732398569644,1.0207074682679498e-4,0,0,0,0,0,0,1,1,1,1.0207022590691395e-5,0,0,0
TUR.39.3_1,2057,5,albopictus,16.467321339775534,51.67083905602837,1.4266791485168746e-4,0.008446666657757637,0.008446666657757637,0.008446666657757637,0,0,0,1,1,1,1.3806477094702174e-5,0,0,0
TUR.39.3_1,2057,6,albopictus,21.52365140353932,44.16434831612593,1.604687104538604e-4,0.04074133999436026,0.04074133999436026,0.04074133999436026,0,0,0,1,1,1,1.6046742295050542e-5,0,0,0
TUR.39.3_1,2057,7,albopictus,23.32977844687069,49.59202500980339,1.8844390516011542e-4,0.05985811293049712,0.05985811293049712,0.05985811293049712,4.440892098500626e-16,4.440892098500626e-16,4.440892098500626e-16,0.9999999999999996,0.9999999999999996,0.9999999999999996,1.8236340666888395e-5,8.098562117315031e-21,8.098562117315031e-21,8.098562117315031e-21
TUR.39.3_1,2057,8,albopictus,24.441227912902832,45.558519204966025,2.237652588450993e-4,0.0627193760614787,0.0627193760614787,0.0627193760614787,1.6653345369377348e-15,1.6653345369377348e-15,1.6653345369377348e-15,0.9999999999999983,0.9999999999999983,0.9999999999999983,2.1654468007503702e-5,3.606193345190917e-20,3.606193345190917e-20,3.606193345190917e-20
TUR.39.3_1,2057,9,albopictus,21.095282386330997,47.88621751586304,1.7835171686048752e-4,0.03964678590721046,0.03964678590721046,0.03964678590721046,0,0,0,1,1,1,1.7835012640299297e-5,0,0,0
TUR.39.3_1,2057,10,albopictus,14.358762109980864,40.350683620876424,1.7575817357304359e-4,0.001546205842165226,0.001546205842165226,0.001546205842165226,0,0,0,1,1,1,1.700871085730249e-5,0,0,0
TUR.39.3_1,2057,11,albopictus,6.205123679164578,76.29064356992217,1.0194845831678195e-4,0,0,0,0,0,0,1,1,1,1.0194793864437557e-5,0,0,0
TUR.39.3_1,2057,12,albopictus,4.411242705715053,80.28086071031377,8.385420766883388e-5,0,0,0,0,0,0,1,1,1,8.114890396870855e-6,0,0,0
TUR.39.3_1,2058,1,albopictus,2.9017768875860117,76.64179675090828,9.084440162434176e-5,0,0,0,0,0,0,1,1,1,8.791355061377182e-6,0,0,0
TUR.39.3_1,2058,2,albopictus,3.5801627833177063,82.94673081502003,6.79543616022997e-5,0,0,0,0,0,0,1,1,1,7.280797952202711e-6,0,0,0
TUR.39.3_1,2058,3,albopictus,4.7560254591791065,72.46809861519516,8.341964519607165e-5,0,0,0,0,0,0,1,1,1,8.072836304440223e-6,0,0,0
TUR.39.3_1,2058,4,albopictus,12.007171967450311,65.02166037708527,1.1030713771772579e-4,3.7091726042795405e-5,3.7091726042795405e-5,3.7091726042795405e-5,0,0,0,1,1,1,1.1030652933619045e-5,0,0,0
TUR.39.3_1,2058,5,albopictus,13.962351742912741,69.4338090267315,1.541802114777376e-4,0.0016106509329435424,0.0016106509329435424,0.0016106509329435424,0,0,0,1,1,1,1.4920554314290513e-5,0,0,0
TUR.39.3_1,2058,6,albopictus,21.922750753514904,42.735564899377884,1.7341740600229573e-4,0.042813236104958546,0.042813236104958546,0.042813236104958546,0,0,0,1,1,1,1.734159023314419e-5,0,0,0
TUR.39.3_1,2058,7,albopictus,26.373733296113855,28.771094528846362,2.036500020308082e-4,0.04825911715501512,0.04825911715501512,0.04825911715501512,0,0,0,1,1,1,1.9707870509977354e-5,0,0,0
TUR.39.3_1,2058,8,albopictus,26.35104465484619,38.44609626185079,2.4182154036507278e-4,0.059943689548106964,0.059943689548106964,0.059943689548106964,4.440892098500626e-16,4.440892098500626e-16,4.440892098500626e-16,0.9999999999999996,0.9999999999999996,0.9999999999999996,2.3401810724799077e-5,1.0392491633836743e-20,1.0392491633836743e-20,1.0392491633836743e-20
TUR.39.3_1,2058,9,albopictus,19.37964708664838,55.263922136224366,1.9274344516462456e-4,0.028674984751023064,0.028674984751023064,0.028674984751023064,0,0,0,1,1,1,1.9274158767457195e-5,0,0,0
TUR.39.3_1,2058,10,albopictus,15.05954488585977,75.69483034939205,1.899406211873451e-4,0.0047809724326402115,0.0047809724326402115,0.0047809724326402115,0,0,0,1,1,1,1.8381181501547772e-5,0,0,0
TUR.39.3_1,2058,11,albopictus,8.799193636897733,81.48279750058623,1.1017498138562612e-4,0,0,0,0,0,0,1,1,1,1.1017437446136924e-5,0,0,0
TUR.39.3_1,2058,12,albopictus,1.2607093424919773,75.42766551988409,9.062065205844715e-5,0,0,0,0,0,0,1,1,1,8.769702067756846e-6,0,0,0
TUR.39.3_1,2059,1,albopictus,-1.105582438299761,82.89332262981453,8.712224584566675e-5,0,0,0,0,0,0,1,1,1,8.431149539522842e-6,0,0,0
TUR.39.3_1,2059,2,albopictus,1.2534052628804657,74.45046921834034,6.517007643775967e-5,0,0,0,0,0,0,1,1,1,6.982483812145723e-6,0,0,0
TUR.39.3_1,2059,3,albopictus,5.333993579754058,68.51431748726547,8.000170299083203e-5,0,0,0,0,0,0,1,1,1,7.742070319505245e-6,0,0,0
TUR.39.3_1,2059,4,albopictus,12.985699990216425,63.130287696421206,1.0578753780024316e-4,3.8682133613776804e-4,3.8682133613776804e-4,3.8682133613776804e-4,0,0,0,1,1,1,1.0578697825169847e-5,0,0,0
TUR.39.3_1,2059,5,albopictus,19.149256650139304,42.898740514768605,1.478630058508867e-4,0.022280235080356738,0.022280235080356738,0.022280235080356738,0,0,0,1,1,1,1.4309220768948805e-5,0,0,0
TUR.39.3_1,2059,6,albopictus,21.634582800023693,46.51094026558882,1.663119973218194e-4,0.04342156231525458,0.04342156231525458,0.04342156231525458,0,0,0,1,1,1,1.6631061434568828e-5,0,0,0
TUR.39.3_1,2059,7,albopictus,20.462558521943933,67.25440904300652,1.953058771498861e-4,0.04604904797323645,0.04604904797323645,0.04604904797323645,0,0,0,1,1,1,1.890039014185163e-5,0,0,0
TUR.39.3_1,2059,8,albopictus,24.81008815765381,45.177774270883994,2.319134180396045e-4,0.06423128300645481,0.06423128300645481,0.06423128300645481,3.3306690738754696e-15,3.3306690738754696e-15,3.3306690738754696e-15,0.9999999999999967,0.9999999999999967,0.9999999999999967,2.244298215636764e-5,7.47501465937527e-20,7.47501465937527e-20,7.47501465937527e-20
TUR.39.3_1,2059,9,albopictus,19.578369926003848,53.60506288329468,1.848461932108068e-4,0.02970095257184894,0.02970095257184894,0.02970095257184894,0,0,0,1,1,1,1.848444848151498e-5,0,0,0
TUR.39.3_1,2059,10,albopictus,16.05041631530313,42.76643984646236,1.8215820897353444e-4,0.005871542165248506,0.005871542165248506,0.005871542165248506,0,0,0,1,1,1,1.7628058395557922e-5,0,0,0
TUR.39.3_1,2059,11,albopictus,7.2707321805989045,73.26407038876982,1.0566079629224293e-4,0,0,0,0,0,0,1,1,1,1.0566023808444847e-5,0,0,0
TUR.39.3_1,2059,12,albopictus,4.908521634471767,84.19391613023565,8.690766394145276e-5,0,0,0,0,0,0,1,1,1,8.410383723678194e-6,0,0,0
TUR.39.3_1,2060,1,albopictus,3.245902575662031,82.00755755413094,9.016521156997092e-5,0,0,0,0,0,0,1,1,1,8.725627567263139e-6,0,0,0
TUR.39.3_1,2060,2,albopictus,1.451445837669513,69.27051468953175,6.985510356213341e-5,0,0,0,0,0,0,1,1,1,7.226363913370726e-6,0,0,0
TUR.39.3_1,2060,3,albopictus,5.20065226734561,72.31052872994125,8.279596566994513e-5,0,0,0,0,0,0,1,1,1,8.012480706698355e-6,0,0,0
TUR.39.3_1,2060,4,albopictus,10.095120766583612,62.75524954944855,1.094824362553968e-4,0,0,0,0,0,0,1,1,1,1.0948183693737512e-5,0,0,0
TUR.39.3_1,2060,5,albopictus,16.411550465752097,49.21880124474907,1.5302749689825808e-4,0.007888854599746793,0.007888854599746793,0.007888854599746793,0,0,0,1,1,1,1.4809002948701355e-5,0,0,0
TUR.39.3_1,2060,6,albopictus,22.968210500829358,39.192447376184525,1.7212086625625162e-4,0.04735955728145885,0.04735955728145885,0.04735955728145885,0,0,0,1,1,1,1.7211938498462587e-5,0,0,0
TUR.39.3_1,2060,7,albopictus,24.437198414522058,41.78894349735222,2.0212743098098286e-4,0.058329286619023674,0.058329286619023674,0.058329286619023674,2.220446049250313e-16,2.220446049250313e-16,2.220446049250313e-16,0.9999999999999998,0.9999999999999998,0.9999999999999998,1.9560527817596984e-5,4.343309671383407e-21,4.343309671383407e-21,4.343309671383407e-21
TUR.39.3_1,2060,8,albopictus,26.691821098327637,34.64531501185079,2.4001358321843684e-4,0.0554943282419338,0.0554943282419338,0.0554943282419338,0,0,0,1,1,1,2.3226851209146027e-5,0,0,0
TUR.39.3_1,2060,9,albopictus,21.847830604104434,35.6639427355896,1.9130241601301738e-4,0.03761422116814753,0.03761422116814753,0.03761422116814753,0,0,0,1,1,1,1.9130058619420964e-5,0,0,0
TUR.39.3_1,2060,10,albopictus,13.215714777217192,49.79826968044674,1.8852054709885116e-4,4.352061580098176e-4,4.352061580098176e-4,4.352061580098176e-4,0,0,0,1,1,1,1.82437574933747e-5,0,0,0
TUR.39.3_1,2060,11,albopictus,9.796418444636991,77.21489894101592,1.0935126797830966e-4,0,0,0,0,0,0,1,1,1,1.0935067009554267e-5,0,0,0
TUR.39.3_1,2060,12,albopictus,3.8331885160330463,81.70582561509893,8.994313484772002e-5,0,0,0,0,0,0,1,1,1,8.70413645892576e-6,0,0,0
TUR.39.3_1,2061,1,albopictus,0.6085425988935373,62.08404223430672,8.413451907438958e-5,0,0,0,0,0,0,1,1,1,8.142017086654185e-6,0,0,0
TUR.39.3_1,2061,2,albopictus,-0.20311627799973764,75.64863511189503,6.29351663964805e-5,0,0,0,0,0,0,1,1,1,6.743030808165074e-6,0,0,0
TUR.39.3_1,2061,3,albopictus,5.43185630024356,78.87737748482407,7.725816455867438e-5,0,0,0,0,0,0,1,1,1,7.476568620545798e-6,0,0,0
TUR.39.3_1,2061,4,albopictus,11.130277970257929,55.00423102527863,1.0215971283217272e-4,1.0976178046251519e-7,1.0976178046251519e-7,1.0976178046251519e-7,0,0,0,1,1,1,1.0215919100331483e-5,0,0,0
TUR.39.3_1,2061,5,albopictus,16.25013059728286,45.253144964231495,1.4279226580310615e-4,0.006806349599962942,0.006806349599962942,0.006806349599962942,0,0,0,1,1,1,1.3818510891550062e-5,0,0,0
TUR.39.3_1,2061,6,albopictus,21.83852033054127,39.91502351754195,1.6060857677796425e-4,0.04018256375000404,0.04018256375000404,0.04018256375000404,0,0,0,1,1,1,1.606072870286024e-5,0,0,0
TUR.39.3_1,2061,7,albopictus,25.010358586030847,45.39962693851433,1.8860815497704215e-4,0.06530689398386397,0.06530689398386397,0.06530689398386397,5.440092820663267e-15,5.440092820663267e-15,5.440092820663267e-15,0.9999999999999946,0.9999999999999946,0.9999999999999946,1.825223552043287e-5,9.929385541576192e-20,9.929385541576192e-20,9.929385541576192e-20
TUR.39.3_1,2061,8,albopictus,27.400370597839355,35.71249564539571,2.239602951492379e-4,0.056427971581215,0.056427971581215,0.056427971581215,1.1102230246251565e-16,1.1102230246251565e-16,1.1102230246251565e-16,0.9999999999999999,0.9999999999999999,0.9999999999999999,2.1673342079697733e-5,2.4062243397457697e-21,2.4062243397457697e-21,2.4062243397457697e-21
TUR.39.3_1,2061,9,albopictus,19.06712801316205,66.54387132445679,1.7850717021313385e-4,0.030543301211774065,0.030543301211774065,0.030543301211774065,0,0,0,1,1,1,1.785055769820687e-5,0,0,0
TUR.39.3_1,2061,10,albopictus,12.867227876887602,46.08804552883541,1.7591136636433191e-4,2.2792454719116264e-4,2.2792454719116264e-4,2.2792454719116264e-4,0,0,0,1,1,1,1.7023535713867055e-5,0,0,0
TUR.39.3_1,2061,11,albopictus,9.690350787166288,77.11110865781279,1.0203731773412563e-4,0,0,0,0,0,0,1,1,1,1.020367971549252e-5,0,0,0
TUR.39.3_1,2061,12,albopictus,4.695873481166713,78.95947246568487,8.392729593478995e-5,0,0,0,0,0,0,1,1,1,8.121963397500487e-6,0,0,0
TUR.39.3_1,2062,1,albopictus,0.6001699344419382,81.092777891045,9.074240506872264e-5,0,0,0,0,0,0,1,1,1,8.781484513664672e-6,0,0,0
TUR.39.3_1,2062,2,albopictus,3.8385811049272034,70.55318375691456,6.787806509201621e-5,0,0,0,0,0,0,1,1,1,7.272623385623511e-6,0,0,0
TUR.39.3_1,2062,3,albopictus,5.779544498333159,73.32382676460922,8.332598486776488e-5,0,0,0,0,0,0,1,1,1,8.06377247486445e-6,0,0,0
TUR.39.3_1,2062,4,albopictus,11.563617089215448,48.660587836802065,1.1018328916012356e-4,3.0074510842977524e-6,3.0074510842977524e-6,3.0074510842977524e-6,0,0,0,1,1,1,1.1018268214479932e-5,0,0,0
TUR.39.3_1,2062,5,albopictus,15.823498669792624,55.943731054319386,1.540071039418392e-4,0.006172717798054061,0.006172717798054061,0.006172717798054061,0,0,0,1,1,1,1.4903802221910567e-5,0,0,0
TUR.39.3_1,2062,6,albopictus,19.300854963414807,52.33150453560835,1.732226996937025e-4,0.026946830659575368,0.026946830659575368,0.026946830659575368,0,0,0,1,1,1,1.7322119939766623e-5,0,0,0
TUR.39.3_1,2062,7,albopictus,24.537732853608972,41.74471971195183,2.0342135174099878e-4,0.05905304773145376,0.05905304773145376,0.05905304773145376,3.3306690738754696e-16,3.3306690738754696e-16,3.3306690738754696e-16,0.9999999999999997,0.9999999999999997,0.9999999999999997,1.9685743498421004e-5,6.5566697066435934e-21,6.5566697066435934e-21,6.5566697066435934e-21
TUR.39.3_1,2062,8,albopictus,25.488947868347168,38.298379739633994,2.4155003255885992e-4,0.0584721219597066,0.0584721219597066,0.0584721219597066,2.220446049250313e-16,2.220446049250313e-16,2.220446049250313e-16,0.9999999999999998,0.9999999999999998,0.9999999999999998,2.33755363903132e-5,5.190411742697787e-21,5.190411742697787e-21,5.190411742697787e-21
TUR.39.3_1,2062,9,albopictus,19.672573874978458,60.32276384154663,1.9252704033203788e-4,0.03348969714562983,0.03348969714562983,0.03348969714562983,0,0,0,1,1,1,1.9252518701051713e-5,0,0,0
TUR.39.3_1,2062,10,albopictus,14.098779047236723,68.00204317898189,1.8972736325634592e-4,0.0018276657123554522,0.0018276657123554522,0.0018276657123554522,0,0,0,1,1,1,1.836054401638254e-5,0,0,0
TUR.39.3_1,2062,11,albopictus,8.58916212749832,78.19657313535185,1.1005128120800589e-4,0,0,0,0,0,0,1,1,1,1.1005067564573423e-5,0,0,0
TUR.39.3_1,2062,12,albopictus,4.950824242961757,80.90559368150518,9.051890672012524e-5,0,0,0,0,0,0,1,1,1,8.759855830930974e-6,0,0,0
TUR.39.3_1,2063,1,albopictus,4.756161250283613,80.27681414592782,9.926478227357554e-5,0,0,0,0,0,0,1,1,1,9.606223112190726e-6,0,0,0
TUR.39.3_1,2063,2,albopictus,4.421740790062091,74.27089615925831,7.4253061150492e-5,0,0,0,0,0,0,1,1,1,7.955653476887647e-6,0,0,0
TUR.39.3_1,2063,3,albopictus,6.324669982799712,74.55773637154282,9.115182410435052e-5,0,0,0,0,0,0,1,1,1,8.82110536193359e-6,0,0,0
TUR.39.3_1,2063,4,albopictus,14.431875565472772,42.864262153208315,1.205315221740358e-4,0.0017332085598577827,0.0017332085598577827,0.0017332085598577827,0,0,0,1,1,1,1.2053079578411285e-5,0,0,0
TUR.39.3_1,2063,5,albopictus,16.26756185643813,40.08209393884087,1.6847119744944824e-4,0.0064112132139774545,0.0064112132139774545,0.0064112132139774545,0,0,0,1,1,1,1.63035313652804e-5,0,0,0
TUR.39.3_1,2063,6,albopictus,21.155737203710217,39.691558551721634,1.894914903006371e-4,0.035310065317348455,0.035310065317348455,0.035310065317348455,0,0,0,1,1,1,1.894896949605762e-5,0,0,0
TUR.39.3_1,2063,7,albopictus,26.936361088472253,28.268065659217456,2.2252635000222964e-4,0.047648966839875906,0.047648966839875906,0.047648966839875906,0,0,0,1,1,1,2.1534576192472343e-5,0,0,0
TUR.39.3_1,2063,8,albopictus,26.55073642730713,36.693136056772666,2.642360137134487e-4,0.057704426952445445,0.057704426952445445,0.057704426952445445,1.1102230246251565e-16,1.1102230246251565e-16,1.1102230246251565e-16,0.9999999999999999,0.9999999999999999,0.9999999999999999,2.5570900192506407e-5,2.838940215411246e-21,2.838940215411246e-21,2.838940215411246e-21
TUR.39.3_1,2063,9,albopictus,21.856932471780215,32.49775926390991,2.1060886281184678e-4,0.035640903723496396,0.035640903723496396,0.035640903723496396,0,0,0,1,1,1,2.1060664502248194e-5,0,0,0
TUR.39.3_1,2063,10,albopictus,14.23602136443643,44.229170254177205,2.0754624467709035e-4,0.0014785814724313324,0.0014785814724313324,0.0014785814724313324,0,0,0,1,1,1,2.0084918747942382e-5,0,0,0
TUR.39.3_1,2063,11,albopictus,8.358047263148954,79.28714167783232,1.2038711625251083e-4,0,0,0,0,0,0,1,1,1,1.2038639160216746e-5,0,0,0
TUR.39.3_1,2063,12,albopictus,5.0691859544638325,80.27982311265752,9.902029332824482e-5,0,0,0,0,0,0,1,1,1,9.582563118670784e-6,0,0,0
TUR.39.3_1,2064,1,albopictus,3.0276431218885325,79.87252490032235,8.988311045375024e-5,0,0,0,0,0,0,1,1,1,8.698327697120867e-6,0,0,0
TUR.39.3_1,2064,2,albopictus,-0.7916425269316224,69.81671067341847,6.963654695537277e-5,0,0,0,0,0,0,1,1,1,7.203754772366899e-6,0,0,0
TUR.39.3_1,2064,3,albopictus,6.814259673961821,73.31712052681625,8.253692081298348e-5,0,0,0,0,0,0,1,1,1,7.987412050103337e-6,0,0,0
TUR.39.3_1,2064,4,albopictus,11.083588936749628,65.68386130481964,1.0913989707718794e-4,9.389763353053098e-8,9.389763353053098e-8,9.389763353053098e-8,0,0,0,1,1,1,1.0913930150402429e-5,0,0,0
TUR.39.3_1,2064,5,albopictus,17.560059491325827,56.64551709557915,1.5254871770020834e-4,0.015174302471146846,0.015174302471146846,0.015174302471146846,0,0,0,1,1,1,1.4762670162982161e-5,0,0,0
TUR.39.3_1,2064,6,albopictus,20.24460057651295,54.192413043909134,1.7158234937540256e-4,0.035837835843679354,0.035837835843679354,0.035837835843679354,0,0,0,1,1,1,1.7158087735835714e-5,0,0,0
TUR.39.3_1,2064,7,albopictus,23.644614948945886,49.596949783973315,2.014950321554746e-4,0.06236236392466377,0.06236236392466377,0.06236236392466377,1.4432899320127035e-15,1.4432899320127035e-15,1.4432899320127035e-15,0.9999999999999986,0.9999999999999986,0.9999999999999986,1.9499329126482223e-5,2.814318540925386e-20,2.814318540925386e-20,2.814318540925386e-20
TUR.39.3_1,2064,8,albopictus,27.104331016540527,33.07237990748067,2.3926264947630833e-4,0.05284215694633268,0.05284215694633268,0.05284215694633268,0,0,0,1,1,1,2.315418188714169e-5,0,0,0
TUR.39.3_1,2064,9,albopictus,20.42666513779584,51.5987571887146,1.9070388555816336e-4,0.03608379279224334,0.03608379279224334,0.03608379279224334,0,0,0,1,1,1,1.9070206717097804e-5,0,0,0
TUR.39.3_1,2064,10,albopictus,15.439786279902739,66.27046053738033,1.8793072031487196e-4,0.00554175231222301,0.00554175231222301,0.00554175231222301,0,0,0,1,1,1,1.8186678521825428e-5,0,0,0
TUR.39.3_1,2064,11,albopictus,8.872543589595487,76.45295130917998,1.0900913918806236e-4,0,0,0,0,0,0,1,1,1,1.0900854504058977e-5,0,0,0
TUR.39.3_1,2064,12,albopictus,2.568983060253017,76.00962047593877,8.96617285459421e-5,0,0,0,0,0,0,1,1,1,8.676903827664617e-6,0,0,0
TUR.39.3_1,2065,1,albopictus,2.6683345214628122,83.82110278118172,9.346724803736355e-5,0,0,0,0,0,0,1,1,1,9.045176644129072e-6,0,0,0
TUR.39.3_1,2065,2,albopictus,5.391113539390704,73.17478867634816,6.991633009337753e-5,0,0,0,0,0,0,1,1,1,7.491007309456954e-6,0,0,0
TUR.39.3_1,2065,3,albopictus,6.087661411174956,72.45496842720688,8.582812511630748e-5,0,0,0,0,0,0,1,1,1,8.305913097639284e-6,0,0,0
TUR.39.3_1,2065,4,albopictus,10.016270020428827,71.65623526722199,1.1349190942980136e-4,0,0,0,0,0,0,1,1,1,1.134912654110476e-5,0,0,0
TUR.39.3_1,2065,5,albopictus,14.587486210991354,64.48679517175103,1.5863168022432647e-4,0.0027764525130741366,0.0027764525130741366,0.0027764525130741366,0,0,0,1,1,1,1.535133509200648e-5,0,0,0
TUR.39.3_1,2065,6,albopictus,21.106684011571545,55.25459260933882,1.7842428824441277e-4,0.04451530872118572,0.04451530872118572,0.04451530872118572,0,0,0,1,1,1,1.784226964929303e-5,0,0,0
TUR.39.3_1,2065,7,albopictus,26.500993504243738,30.300555435828784,2.0952975540897633e-4,0.050020634676719126,0.050020634676719126,0.050020634676719126,0,0,0,1,1,1,2.0276867525592657e-5,0,0,0
TUR.39.3_1,2065,8,albopictus,26.09110927581787,35.023004373423056,2.4880337687229885e-4,0.05545934132545084,0.05545934132545084,0.05545934132545084,0,0,0,1,1,1,2.4077456282300957e-5,0,0,0
TUR.39.3_1,2065,9,albopictus,21.890374015359317,40.11837617675171,1.9830830601179027e-4,0.04081519230243097,0.04081519230243097,0.04081519230243097,0,0,0,1,1,1,1.98306339715959e-5,0,0,0
TUR.39.3_1,2065,10,albopictus,12.125799501643462,72.89539950222408,1.9542455930637685e-4,6.672532459245759e-5,6.672532459245759e-5,6.672532459245759e-5,0,0,0,1,1,1,1.8911875294680414e-5,0,0,0
TUR.39.3_1,2065,11,albopictus,8.314047591212919,77.8107699126956,1.1335593749921234e-4,0,0,0,0,0,0,1,1,1,1.1335529502276565e-5,0,0,0
TUR.39.3_1,2065,12,albopictus,5.543576461208217,87.217315483263,9.323703840639252e-5,0,0,0,0,0,0,1,1,1,9.022898494026599e-6,0,0,0
TUR.39.3_1,2066,1,albopictus,4.5269260780118845,70.36125628459969,9.122857088681806e-5,0,0,0,0,0,0,1,1,1,8.828532404470124e-6,0,0,0
TUR.39.3_1,2066,2,albopictus,3.3066761690904114,65.00424882039113,6.82417318365906e-5,0,0,0,0,0,0,1,1,1,7.31158739553095e-6,0,0,0
TUR.39.3_1,2066,3,albopictus,4.996766712078276,72.32261369087875,8.377241612083959e-5,0,0,0,0,0,0,1,1,1,8.106975149968498e-6,0,0,0
TUR.39.3_1,2066,4,albopictus,8.988985875073602,78.57563834339386,1.1077361238193375e-4,0,0,0,0,0,0,1,1,1,1.1077299884476588e-5,0,0,0
TUR.39.3_1,2066,5,albopictus,14.374454442192526,63.792329534543995,1.5483221971459928e-4,0.002250583214824763,0.002250583214824763,0.002250583214824763,0,0,0,1,1,1,1.498365094221299e-5,0,0,0
TUR.39.3_1,2066,6,albopictus,21.249052328221936,42.25041551583296,1.7415076585467217e-4,0.03734390075161995,0.03734390075161995,0.03734390075161995,0,0,0,1,1,1,1.741492494389263e-5,0,0,0
TUR.39.3_1,2066,7,albopictus,24.632629170137292,40.93443605106316,2.0451121163409222e-4,0.058147446837290485,0.058147446837290485,0.058147446837290485,2.220446049250313e-16,2.220446049250313e-16,2.220446049250313e-16,0.9999999999999998,0.9999999999999998,0.9999999999999998,1.9791211728903413e-5,4.394531789332004e-21,4.394531789332004e-21,4.394531789332004e-21
TUR.39.3_1,2066,8,albopictus,25.214953422546387,48.76086600672384,2.4284417248275782e-4,0.07067988061999812,0.07067988061999812,0.07067988061999812,5.129230373768223e-14,5.129230373768223e-14,5.129230373768223e-14,0.9999999999999487,0.9999999999999487,0.9999999999999487,2.3500772802442782e-5,1.2054087766531569e-18,1.2054087766531569e-18,1.2054087766531569e-18
TUR.39.3_1,2066,9,albopictus,20.189303229836856,53.86710206786499,1.9355853234503473e-4,0.03510561047468463,0.03510561047468463,0.03510561047468463,0,0,0,1,1,1,1.9355665911158226e-5,0,0,0
TUR.39.3_1,2066,10,albopictus,13.461046541438384,69.14514010281002,1.9074385558650567e-4,8.805885520659764e-4,8.805885520659764e-4,8.805885520659764e-4,0,0,0,1,1,1,1.845891243090758e-5,0,0,0
TUR.39.3_1,2066,11,albopictus,9.757081286433866,79.78676783750029,1.1064089717774373e-4,0,0,0,0,0,0,1,1,1,1.106402851092092e-5,0,0,0
TUR.39.3_1,2066,12,albopictus,4.196112138164394,80.68688182847784,9.100387511285589e-5,0,0,0,0,0,0,1,1,1,8.806787843873565e-6,0,0,0
TUR.39.3_1,2067,1,albopictus,5.381303586175337,82.65573565471688,9.461785290416894e-5,0,0,0,0,0,0,1,1,1,9.156524488851403e-6,0,0,0
TUR.39.3_1,2067,2,albopictus,3.2032435137559387,78.59918137654347,7.077701735403652e-5,0,0,0,0,0,0,1,1,1,7.58322310656645e-6,0,0,0
TUR.39.3_1,2067,3,albopictus,7.198743011364165,71.80935380318344,8.688469049660121e-5,0,0,0,0,0,0,1,1,1,8.408160505735118e-6,0,0,0
TUR.39.3_1,2067,4,albopictus,8.896150925580194,56.789494086802065,1.1488902281523843e-4,0,0,0,0,0,0,1,1,1,1.1488836284323511e-5,0,0,0
TUR.39.3_1,2067,5,albopictus,13.892891827751608,65.87553571130181,1.6058447531702743e-4,0.0014353873962151054,0.0014353873962151054,0.0014353873962151054,0,0,0,1,1,1,1.5540312343298446e-5,0,0,0
TUR.39.3_1,2067,6,albopictus,22.138847631566662,35.34474534981734,1.8062073522152116e-4,0.03937897150560969,0.03937897150560969,0.03937897150560969,0,0,0,1,1,1,1.8061910403877057e-5,0,0,0
TUR.39.3_1,2067,7,albopictus,25.24329735251034,29.273444382361987,2.1210911835563905e-4,0.04778418305105688,0.04778418305105688,0.04778418305105688,0,0,0,1,1,1,2.052647820205422e-5,0,0,0
TUR.39.3_1,2067,8,albopictus,26.66023540496826,30.904739221445517,2.5186620778171474e-4,0.051040481703959896,0.051040481703959896,0.051040481703959896,0,0,0,1,1,1,2.4373852092973713e-5,0,0,0
TUR.39.3_1,2067,9,albopictus,22.711937736062442,30.74562684813843,2.007495301498315e-4,0.03931307830773533,0.03931307830773533,0.03931307830773533,0,0,0,1,1,1,2.0074751514442823e-5,0,0,0
TUR.39.3_1,2067,10,albopictus,16.531723345027252,50.04701845974361,1.97830283811514e-4,0.008482286683861064,0.008482286683861064,0.008482286683861064,0,0,0,1,1,1,1.9144682913529998e-5,0,0,0
TUR.39.3_1,2067,11,albopictus,9.3469851179158,75.13247859189482,1.1475137703666124e-4,0,0,0,0,0,0,1,1,1,1.1475071864497366e-5,0,0,0
TUR.39.3_1,2067,12,albopictus,4.471730214488857,78.92366008775518,9.438480933588463e-5,0,0,0,0,0,0,1,1,1,9.133972091679432e-6,0,0,0
TUR.39.3_1,2068,1,albopictus,1.7891236619256876,80.76733080852547,9.079215426469441e-5,0,0,0,0,0,0,1,1,1,8.786298909768675e-6,0,0,0
TUR.39.3_1,2068,2,albopictus,4.918709536247394,83.78784104451222,7.034082467457649e-5,0,0,0,0,0,0,1,1,1,7.276610560658092e-6,0,0,0
TUR.39.3_1,2068,3,albopictus,5.498428489574614,74.13030717232407,8.337166803813695e-5,0,0,0,0,0,0,1,1,1,8.068193391164158e-6,0,0,0
TUR.39.3_1,2068,4,albopictus,9.802583077374628,68.0052114024759,1.1024369675061103e-4,0,0,0,0,0,0,1,1,1,1.1024308906870672e-5,0,0,0
TUR.39.3_1,2068,5,albopictus,15.151178303886862,70.39827130700493,1.5409153778056368e-4,0.004762607920567081,0.004762607920567081,0.004762607920567081,0,0,0,1,1,1,1.491197311676018e-5,0,0,0
TUR.39.3_1,2068,6,albopictus,21.296375555150647,44.8010479926396,1.733176684134239e-4,0.03936196080224586,0.03936196080224586,0.03936196080224586,0,0,0,1,1,1,1.7331616647187076e-5,0,0,0
TUR.39.3_1,2068,7,albopictus,25.474950566011316,37.158297745399096,2.0353287676267898e-4,0.056844159924688525,0.056844159924688525,0.056844159924688525,1.1102230246251565e-16,1.1102230246251565e-16,1.1102230246251565e-16,0.9999999999999999,0.9999999999999999,0.9999999999999999,1.9696536029956135e-5,2.1867547805816274e-21,2.1867547805816274e-21,2.1867547805816274e-21
TUR.39.3_1,2068,8,albopictus,24.426899909973145,40.16677268396993,2.4168246149214258e-4,0.05646375751347597,0.05646375751347597,0.05646375751347597,1.1102230246251565e-16,1.1102230246251565e-16,1.1102230246251565e-16,0.9999999999999999,0.9999999999999999,0.9999999999999999,2.3388351793940387e-5,2.5966286669665703e-21,2.5966286669665703e-21,2.5966286669665703e-21
TUR.39.3_1,2068,9,albopictus,22.366648505715762,37.28990403930054,1.9263259258681982e-4,0.04226165324312341,0.04226165324312341,0.04226165324312341,0,0,0,1,1,1,1.926307372324132e-5,0,0,0
TUR.39.3_1,2068,10,albopictus,12.04766687224893,61.17394869656002,1.898313805982788e-4,3.877023780785286e-5,3.877023780785286e-5,3.877023780785286e-5,0,0,0,1,1,1,1.837061002585294e-5,0,0,0
TUR.39.3_1,2068,11,albopictus,8.788262621883085,77.22155177304717,1.101116164256102e-4,0,0,0,0,0,0,1,1,1,1.1011101019975378e-5,0,0,0
TUR.39.3_1,2068,12,albopictus,5.454644423854702,83.11052684800909,9.056853338393426e-5,0,0,0,0,0,0,1,1,1,8.764658369297962e-6,0,0,0
TUR.39.3_1,2069,1,albopictus,4.555774249246015,85.97359148967782,9.609853681022695e-5,0,0,0,0,0,0,1,1,1,9.29981515740419e-6,0,0,0
TUR.39.3_1,2069,2,albopictus,2.4026547867585633,74.6790458784966,7.188461372510461e-5,0,0,0,0,0,0,1,1,1,7.701893239397961e-6,0,0,0
TUR.39.3_1,2069,3,albopictus,8.301117565044585,62.4465989814061,8.824435739827408e-5,0,0,0,0,0,0,1,1,1,8.539740058655099e-6,0,0,0
TUR.39.3_1,2069,4,albopictus,10.245132782879999,69.95054679065949,1.1668693221440383e-4,0,0,0,0,0,0,1,1,1,1.1668625142458033e-5,0,0,0
TUR.39.3_1,2069,5,albopictus,12.821155491997214,65.76513837243462,1.6309747725975295e-4,3.0062157417235863e-4,3.0062157417235863e-4,3.0062157417235863e-4,0,0,0,1,1,1,1.5783502270827476e-5,0,0,0
TUR.39.3_1,2069,6,albopictus,22.009880346410412,43.26124544137007,1.8344728652800395e-4,0.04385562862967325,0.04385562862967325,0.04385562862967325,0,0,0,1,1,1,1.8344560389293996e-5,0,0,0
TUR.39.3_1,2069,7,albopictus,26.541436924653894,33.34579393070183,2.1542843440686506e-4,0.05366849857420133,0.05366849857420133,0.05366849857420133,0,0,0,1,1,1,2.0847695690884294e-5,0,0,0
TUR.39.3_1,2069,8,albopictus,26.206686973571777,39.81736548792501,2.558076863599696e-4,0.06148188698816479,0.06148188698816479,0.06148188698816479,9.992007221626409e-16,9.992007221626409e-16,9.992007221626409e-16,0.999999999999999,0.999999999999999,0.999999999999999,2.4755276134103e-5,2.4735489790531306e-20,2.4735489790531306e-20,2.4735489790531306e-20
TUR.39.3_1,2069,9,albopictus,23.165247748879825,41.49903337279663,2.038910789095843e-4,0.050901476829436285,0.050901476829436285,0.050901476829436285,0,0,0,1,1,1,2.03889000345292e-5,0,0,0
TUR.39.3_1,2069,10,albopictus,14.880514467463774,52.49758379787838,2.00926149003755e-4,0.002983679775744361,0.002983679775744361,0.002983679775744361,0,0,0,1,1,1,1.9444276990188136e-5,0,0,0
TUR.39.3_1,2069,11,albopictus,9.48038126659744,70.73973262021514,1.1654713240376167e-4,0,0,0,0,0,0,1,1,1,1.1654645324488122e-5,0,0,0
TUR.39.3_1,2069,12,albopictus,5.4857909501913715,77.1661680223255,9.586184632066536e-5,0,0,0,0,0,0,1,1,1,9.276909838984437e-6,0,0,0
TUR.39.3_1,2070,1,albopictus,4.862348593881025,83.39820544231453,8.982379931202298e-5,0,0,0,0,0,0,1,1,1,8.69258795910266e-6,0,0,0
TUR.39.3_1,2070,2,albopictus,1.248076548032901,74.32901688679738,6.71909201866113e-5,0,0,0,0,0,0,1,1,1,7.199001249902359e-6,0,0,0
TUR.39.3_1,2070,3,albopictus,7.070691730388823,76.51222703316391,8.248245719925941e-5,0,0,0,0,0,0,1,1,1,7.982141419837774e-6,0,0,0
TUR.39.3_1,2070,4,albopictus,10.884471276227167,61.255150367319644,1.0906787896532059e-4,2.571491912993249e-9,2.571491912993249e-9,2.571491912993249e-9,0,0,0,1,1,1,1.0906728417747757e-5,0,0,0
TUR.39.3_1,2070,5,albopictus,13.048664990593405,74.51555798913384,1.5244805542261077e-4,5.272300952783023e-4,5.272300952783023e-4,5.272300952783023e-4,0,0,0,1,1,1,1.4752928796046838e-5,0,0,0
TUR.39.3_1,2070,6,albopictus,20.437658590428967,48.89192171090132,1.7146912738085515e-4,0.03457854325720717,0.03457854325720717,0.03457854325720717,0,0,0,1,1,1,1.7146765730613467e-5,0,0,0
TUR.39.3_1,2070,7,albopictus,25.865737690645105,34.764315811805346,2.013620716877162e-4,0.05476935522528083,0.05476935522528083,0.05476935522528083,0,0,0,1,1,1,1.948646223526307e-5,0,0,0
TUR.39.3_1,2070,8,albopictus,27.070630073547363,35.88895972620626,2.3910476730198784e-4,0.056919915900674946,0.056919915900674946,0.056919915900674946,1.1102230246251565e-16,1.1102230246251565e-16,1.1102230246251565e-16,0.9999999999999999,0.9999999999999999,0.9999999999999999,2.313890332061863e-5,2.5689343231126295e-21,2.5689343231126295e-21,2.5689343231126295e-21
TUR.39.3_1,2070,9,albopictus,20.72178919175092,41.06989900390015,1.9057804584114444e-4,0.03294563306261967,0.03294563306261967,0.03294563306261967,0,0,0,1,1,1,1.9057622985263478e-5,0,0,0
TUR.39.3_1,2070,10,albopictus,15.146803224787993,57.74903719753658,1.878067105255886e-4,0.003986601706431346,0.003986601706431346,0.003986601706431346,0,0,0,1,1,1,1.817467779263726e-5,0,0,0
TUR.39.3_1,2070,11,albopictus,7.381479994777371,57.683084365820605,1.0893720735936495e-4,0,0,0,0,0,0,1,1,1,1.0893661399613563e-5,0,0,0
TUR.39.3_1,2070,12,albopictus,1.450573596117251,75.10450725572393,8.96025634874294e-5,0,0,0,0,0,0,1,1,1,8.67117822644925e-6,0,0,0
TUR.39.3_1,2071,1,albopictus,2.846786476781263,79.49580065715828,9.532087164827873e-5,0,0,0,0,0,0,1,1,1,9.224557935616495e-6,0,0,0
TUR.39.3_1,2071,2,albopictus,3.629726906471393,79.39235612019581,7.130289664980184e-5,0,0,0,0,0,0,1,1,1,7.639566887984728e-6,0,0,0
TUR.39.3_1,2071,3,albopictus,8.442193176159087,60.57448289253891,8.75302511822485e-5,0,0,0,0,0,0,1,1,1,8.470633593216093e-6,0,0,0
TUR.39.3_1,2071,4,albopictus,12.076182702008417,58.0417981639505,1.157426580865162e-4,3.922651858312333e-5,3.922651858312333e-5,3.922651858312333e-5,0,0,0,1,1,1,1.1574198827135618e-5,0,0,0
TUR.39.3_1,2071,5,albopictus,15.177708569694968,58.03364728356743,1.6177763171083451e-4,0.004070668600358912,0.004070668600358912,0.004070668600358912,0,0,0,1,1,1,1.565577729001344e-5,0,0,0
TUR.39.3_1,2071,6,albopictus,19.5524704877068,53.47530336373335,1.8196276274104467e-4,0.029348336892291584,0.029348336892291584,0.029348336892291584,0,0,0,1,1,1,1.819611072284566e-5,0,0,0
TUR.39.3_1,2071,7,albopictus,24.9473035475787,34.57022782962761,2.1368510725650373e-4,0.05218985805306992,0.05218985805306992,0.05218985805306992,0,0,0,1,1,1,2.0678990114819662e-5,0,0,0
TUR.39.3_1,2071,8,albopictus,26.426337242126465,37.73643287073751,2.537375952592739e-4,0.05909049469865674,0.05909049469865674,0.05909049469865674,3.3306690738754696e-16,3.3306690738754696e-16,3.3306690738754696e-16,0.9999999999999997,0.9999999999999997,0.9999999999999997,2.455494967645855e-5,8.178441149794896e-21,8.178441149794896e-21,8.178441149794896e-21
TUR.39.3_1,2071,9,albopictus,22.98122293808881,45.59205095092163,2.0224111633821717e-4,0.053530245869410555,0.053530245869410555,0.053530245869410555,0,0,0,1,1,1,2.022390712785871e-5,0,0,0
TUR.39.3_1,2071,10,albopictus,17.306035364375397,47.488779476589315,1.9930017974978807e-4,0.011969742792000398,0.011969742792000398,0.011969742792000398,0,0,0,1,1,1,1.9286928174100382e-5,0,0,0
TUR.39.3_1,2071,11,albopictus,8.337557093623808,73.06897914121123,1.15603989588025e-4,0,0,0,0,0,0,1,1,1,1.1560332137672269e-5,0,0,0
TUR.39.3_1,2071,12,albopictus,4.182797175777309,67.06249980943487,9.508609654633911e-5,0,0,0,0,0,0,1,1,1,9.201837973815685e-6,0,0,0
TUR.39.3_1,2072,1,albopictus,1.1076408402227305,76.64366595256844,9.620725482001087e-5,0,0,0,0,0,0,1,1,1,9.310336157253296e-6,0,0,0
TUR.39.3_1,2072,2,albopictus,5.1155212122727844,76.01225968464894,7.45361501610303e-5,0,0,0,0,0,0,1,1,1,7.710606496624806e-6,0,0,0
TUR.39.3_1,2072,3,albopictus,5.8234435576288135,67.7300233588475,8.834418983307947e-5,0,0,0,0,0,0,1,1,1,8.549401179447358e-6,0,0,0
TUR.39.3_1,2072,4,albopictus,9.899937012616327,73.75764517933136,1.1681894224763871e-4,0,0,0,0,0,0,1,1,1,1.1681825991649575e-5,0,0,0
TUR.39.3_1,2072,5,albopictus,15.920655194450827,56.48957990075493,1.6328199238055518e-4,0.0064852596825309625,0.0064852596825309625,0.0064852596825309625,0,0,0,1,1,1,1.580135829082341e-5,0,0,0
TUR.39.3_1,2072,6,albopictus,25.46842984592213,22.59713335030562,1.8365482375545382e-4,0.04192493379717317,0.04192493379717317,0.04192493379717317,0,0,0,1,1,1,1.8365313731116828e-5,0,0,0
TUR.39.3_1,2072,7,albopictus,25.345128788667566,32.53861543338738,2.156721524843404e-4,0.05135663791228739,0.05135663791228739,0.05135663791228739,0,0,0,1,1,1,2.0871280819290128e-5,0,0,0
TUR.39.3_1,2072,8,albopictus,25.474207878112793,38.99421866785665,2.5609708621424e-4,0.058971140377203496,0.058971140377203496,0.058971140377203496,3.3306690738754696e-16,3.3306690738754696e-16,3.3306690738754696e-16,0.9999999999999997,0.9999999999999997,0.9999999999999997,2.478328187782708e-5,8.254491049961703e-21,8.254491049961703e-21,8.254491049961703e-21
TUR.39.3_1,2072,9,albopictus,23.45743257859174,26.58736268798218,2.041217445684748e-4,0.0398294987899362,0.0398294987899362,0.0398294987899362,0,0,0,1,1,1,2.0411966129785242e-5,0,0,0
TUR.39.3_1,2072,10,albopictus,18.029756868586823,42.69335406155025,2.0115346038391028e-4,0.015119236799870815,0.015119236799870815,0.015119236799870815,0,0,0,1,1,1,1.946627443771831e-5,0,0,0
TUR.39.3_1,2072,11,albopictus,10.24267079067581,73.56398951718779,1.1667898427894662e-4,0,0,0,0,0,0,1,1,1,1.166783035821961e-5,0,0,0
TUR.39.3_1,2072,12,albopictus,1.1824668170336414,72.17982463853643,9.597029655822491e-5,0,0,0,0,0,0,1,1,1,9.28740492578406e-6,0,0,0
TUR.39.3_1,2073,1,albopictus,2.693842746426954,75.74168841350594,9.090007388333477e-5,0,0,0,0,0,0,1,1,1,8.796742651973055e-6,0,0,0
TUR.39.3_1,2073,2,albopictus,3.7723343569566223,86.26747819050831,6.799600613681349e-5,0,0,0,0,0,0,1,1,1,7.285259834177715e-6,0,0,0
TUR.39.3_1,2073,3,albopictus,5.180543090709868,69.06945512154282,8.347076733468911e-5,0,0,0,0,0,0,1,1,1,8.077783568261054e-6,0,0,0
TUR.39.3_1,2073,4,albopictus,9.618162491742304,67.27592520862824,1.103747373433493e-4,0,0,0,0,0,0,1,1,1,1.1037412821601755e-5,0,0,0
TUR.39.3_1,2073,5,albopictus,17.632044736076804,52.810735448850636,1.5427469787988795e-4,0.014854061485114709,0.014854061485114709,0.014854061485114709,0,0,0,1,1,1,1.4929698023191662e-5,0,0,0
TUR.39.3_1,2073,6,albopictus,22.751505178563733,35.44238252633101,1.7352368155222755e-4,0.0432250455227519,0.0432250455227519,0.0432250455227519,0,0,0,1,1,1,1.735221760379435e-5,0,0,0
TUR.39.3_1,2073,7,albopictus,27.68596435995663,23.554530350379565,2.0377480505063398e-4,0.041399307346077246,0.041399307346077246,0.041399307346077246,0,0,0,1,1,1,1.9719947983554142e-5,0,0,0
TUR.39.3_1,2073,8,albopictus,27.11533260345459,35.04868110071798,2.4196973608417677e-4,0.055885392087237966,0.055885392087237966,0.055885392087237966,1.1102230246251565e-16,1.1102230246251565e-16,1.1102230246251565e-16,0.9999999999999999,0.9999999999999999,0.9999999999999999,2.3416151910260474e-5,2.599715099889152e-21,2.599715099889152e-21,2.599715099889152e-21
TUR.39.3_1,2073,9,albopictus,22.252692054299747,38.12677995482788,1.928615643090797e-4,0.041899658984628475,0.041899658984628475,0.041899658984628475,0,0,0,1,1,1,1.9285970454197e-5,0,0,0
TUR.39.3_1,2073,10,albopictus,12.654972398982329,70.55563967556392,1.9005702267457995e-4,2.37979979607776e-4,2.37979979607776e-4,2.37979979607776e-4,0,0,0,1,1,1,1.8392445954473757e-5,0,0,0
TUR.39.3_1,2073,11,albopictus,7.978385226253201,79.05716120908232,1.1024250002176194e-4,0,0,0,0,0,0,1,1,1,1.1024189235375736e-5,0,0,0
TUR.39.3_1,2073,12,albopictus,3.746896010768764,80.90577678697393,9.067618719678594e-5,0,0,0,0,0,0,1,1,1,8.775076388856107e-6,0,0,0
TUR.39.3_1,2074,1,albopictus,1.0344853774808787,76.66613451946297,9.433401468817053e-5,0,0,0,0,0,0,1,1,1,9.12905652550311e-6,0,0,0
TUR.39.3_1,2074,2,albopictus,4.806061525993488,79.90275498494191,7.056469777878886e-5,0,0,0,0,0,0,1,1,1,7.560474752921209e-6,0,0,0
TUR.39.3_1,2074,3,albopictus,5.8593250769464404,75.27285477974594,8.662405051385814e-5,0,0,0,0,0,0,1,1,1,8.382937493389697e-6,0,0,0
TUR.39.3_1,2074,4,albopictus,11.433520653668573,54.10978369861847,1.1454437437656898e-4,1.6544571347316827e-6,1.6544571347316827e-6,1.6544571347316827e-6,0,0,0,1,1,1,1.145437183580622e-5,0,0,0
TUR.39.3_1,2074,5,albopictus,15.260130826164694,67.34897778893853,1.6010274793057754e-4,0.0049152316413937575,0.0049152316413937575,0.0049152316413937575,0,0,0,1,1,1,1.5493694287327386e-5,0,0,0
TUR.39.3_1,2074,6,albopictus,21.759142202489514,45.35310716622359,1.8007890230432822e-4,0.04354411522110098,0.04354411522110098,0.04354411522110098,0,0,0,1,1,1,1.8007728089353137e-5,0,0,0
TUR.39.3_1,2074,7,albopictus,26.57307030172909,34.77379151981316,2.1147282539502794e-4,0.055190396995466684,0.055190396995466684,0.055190396995466684,0,0,0,1,1,1,2.0464902726002876e-5,0,0,0
TUR.39.3_1,2074,8,albopictus,26.353474617004395,40.44831260096212,2.511106499996178e-4,0.06257140342530794,0.06257140342530794,0.06257140342530794,1.5543122344752192e-15,1.5543122344752192e-15,1.5543122344752192e-15,0.9999999999999984,0.9999999999999984,0.9999999999999984,2.430073537751376e-5,3.777093030401442e-20,3.777093030401442e-20,3.777093030401442e-20
TUR.39.3_1,2074,9,albopictus,23.470207999734317,34.95290223876343,2.0014731411182907e-4,0.04654218105471275,0.04654218105471275,0.04654218105471275,0,0,0,1,1,1,2.0014531117773515e-5,0,0,0
TUR.39.3_1,2074,10,albopictus,16.709356630549713,58.50349276394283,1.9723682503915746e-4,0.010514028750115941,0.010514028750115941,0.010514028750115941,0,0,0,1,1,1,1.908725251731358e-5,0,0,0
TUR.39.3_1,2074,11,albopictus,9.20582415294998,74.66258418271514,1.1440714151300764e-4,0,0,0,0,0,0,1,1,1,1.1440648706617651e-5,0,0,0
TUR.39.3_1,2074,12,albopictus,4.7633764566305805,80.53849773423956,9.410167021280202e-5,0,0,0,0,0,0,1,1,1,9.106571781325457e-6,0,0,0
TUR.39.3_1,2075,1,albopictus,1.5883611218236826,75.54417101848641,9.136636458095612e-5,0,0,0,0,0,0,1,1,1,8.841867160214179e-6,0,0,0
TUR.39.3_1,2075,2,albopictus,2.535043259315631,81.37780686482472,6.834480568980057e-5,0,0,0,0,0,0,1,1,1,7.32263094183061e-6,0,0,0
TUR.39.3_1,2075,3,albopictus,7.779777194866362,75.28071305611313,8.389894787039952e-5,0,0,0,0,0,0,1,1,1,8.11922005872212e-6,0,0,0
TUR.39.3_1,2075,4,albopictus,11.371129372540643,63.98588614612824,1.1094092734822937e-4,1.4098299333420024e-6,1.4098299333420024e-6,1.4098299333420024e-6,0,0,0,1,1,1,1.1094031195590937e-5,0,0,0
TUR.39.3_1,2075,5,albopictus,13.74244779698989,60.7487275447979,1.5506608179660582e-4,0.0011074895400480088,0.0011074895400480088,0.0011074895400480088,0,0,0,1,1,1,1.5006282417240335e-5,0,0,0
TUR.39.3_1,2075,6,albopictus,22.44043378268971,34.28862352364546,1.7441380710513592e-4,0.04052130498677286,0.04052130498677286,0.04052130498677286,0,0,0,1,1,1,1.7441228610470816e-5,0,0,0
TUR.39.3_1,2075,7,albopictus,27.39425255270565,28.581664292029956,2.048201099876428e-4,0.047556610651288696,0.047556610651288696,0.047556610651288696,0,0,0,1,1,1,1.9821104525807876e-5,0,0,0
TUR.39.3_1,2075,8,albopictus,24.13158893585205,41.3088663424172,2.4321096980623906e-4,0.055947015744602896,0.055947015744602896,0.055947015744602896,1.1102230246251565e-16,1.1102230246251565e-16,1.1102230246251565e-16,0.9999999999999999,0.9999999999999999,0.9999999999999999,2.353626848283774e-5,2.613050718340586e-21,2.613050718340586e-21,2.613050718340586e-21
TUR.39.3_1,2075,9,albopictus,20.36984140732709,52.00612489501343,1.9385088752438807e-4,0.03591471486707401,0.03591471486707401,0.03591471486707401,0,0,0,1,1,1,1.938490086283995e-5,0,0,0
TUR.39.3_1,2075,10,albopictus,14.904224718318266,41.94314425320064,1.9103195941450502e-4,0.0025913987068123985,0.0025913987068123985,0.0025913987068123985,0,0,0,1,1,1,1.8486792931482476e-5,0,0,0
TUR.39.3_1,2075,11,albopictus,8.181303278926542,79.53362452695342,1.1080801168799716e-4,0,0,0,0,0,0,1,1,1,1.108073977695856e-5,0,0,0
TUR.39.3_1,2075,12,albopictus,3.543315392864101,79.6224210740833,9.114132942142152e-5,0,0,0,0,0,0,1,1,1,8.820089756444993e-6,0,0,0
TUR.40.25_1,2025,1,albopictus,8.364152789115906,78.00742967574693,0.20442355541753904,0,0,0,0,0,0,1,1,1,0.019588526693676056,0,0,0
TUR.40.25_1,2025,2,albopictus,7.557945409241845,76.56355332795209,0.1529150058394901,0,0,0,0,0,0,1,1,1,0.016250266965253446,0,0,0
TUR.40.25_1,2025,3,albopictus,6.97595580886392,69.08456531056709,0.18771592038403895,0,0,0,0,0,0,1,1,1,0.018002048630244127,0,0,0
TUR.40.25_1,2025,4,albopictus,10.251871389501236,73.77602778784416,0.24821977884157828,0,0,0,0,0,0,1,1,1,0.024516445781909812,0,0,0
TUR.40.25_1,2025,5,albopictus,15.728926490334903,71.92201376493414,0.34694561736055196,0.00725540891561124,0.00725540891561124,0.00725540891561124,0,0,0,1,1,1,0.033017984868842776,0,0,0
TUR.40.25_1,2025,6,albopictus,22.053119883817786,67.26616697219458,0.39023431353393584,0.06544694456016074,0.06544694456016074,0.06544694456016074,5.773159728050814e-15,5.773159728050814e-15,5.773159728050814e-15,0.9999999999999942,0.9999999999999942,0.9999999999999942,0.038271825710363694,2.2094936291005141e-16,2.2094936291005141e-16,2.2094936291005141e-16
TUR.40.25_1,2025,7,albopictus,25.10621171839097,62.846451356714546,0.45826552579517305,0.09144986197679085,0.09144986197679085,0.09144986197679085,7.569012083763482e-11,7.569012083763482e-11,7.569012083763482e-11,0.9999999999243099,0.9999999999243099,0.9999999999243099,0.043379269252687314,3.2833821315841995e-12,3.2833821315841995e-12,3.2833821315841995e-12
TUR.40.25_1,2025,8,albopictus,23.897754052106073,72.49150305831103,0.5441614251849314,0.09568370279819273,0.09568370279819273,0.09568370279819273,2.7024238402617584e-10,2.7024238402617584e-10,2.7024238402617584e-10,0.9999999997297576,0.9999999997297576,0.9999999997297576,0.05129822640284476,1.3862954999419286e-11,1.3862954999419286e-11,1.3862954999419286e-11
TUR.40.25_1,2025,9,albopictus,20.046708892373477,70.30748666814661,0.43372293327341865,0.04311804961343532,0.04311804961343532,0.04311804961343532,0,0,0,1,1,1,0.042445167575542175,0,0,0
TUR.40.25_1,2025,10,albopictus,18.261514383203846,75.24035784013337,0.42741584959627243,0.02593283525920024,0.02593283525920024,0.02593283525920024,0,0,0,1,1,1,0.04051905607574824,0,0,0
TUR.40.25_1,2025,11,albopictus,11.279716113034418,77.21592807514882,0.24792239268683788,1.1244720318647955e-6,1.1244720318647955e-6,1.1244720318647955e-6,0,0,0,1,1,1,0.024487435820233716,0,0,0
TUR.40.25_1,2025,12,albopictus,10.22014690847958,76.9353400748403,0.20392006064003532,0,0,0,0,0,0,1,1,1,0.019540754685644313,0,0,0
TUR.40.25_1,2026,1,albopictus,3.0299044847488403,77.57790239303209,0.2326476616034099,0,0,0,0,0,0,1,1,1,0.022262734608328283,0,0,0
TUR.40.25_1,2026,2,albopictus,5.280383744660546,81.29277085724897,0.17402749140120313,0,0,0,0,0,0,1,1,1,0.01847304507276948,0,0,0
TUR.40.25_1,2026,3,albopictus,9.061631048426907,71.83297839650459,0.21363325686160925,0,0,0,0,0,0,1,1,1,0.02046194034766613,0,0,0
TUR.40.25_1,2026,4,albopictus,14.19011620914235,73.2318993698754,0.2824906894572783,0.0021687744646570607,0.0021687744646570607,0.0021687744646570607,0,0,0,1,1,1,0.02785379478539285,0,0,0
TUR.40.25_1,2026,5,albopictus,17.370907615212833,71.18054342802007,0.39484728859949475,0.017050356053625808,0.017050356053625808,0.017050356053625808,0,0,0,1,1,1,0.03749019699228495,0,0,0
TUR.40.25_1,2026,6,albopictus,21.907657847684973,64.96641950515357,0.4441127165391859,0.061082501619075524,0.061082501619075524,0.061082501619075524,7.771561172376096e-16,7.771561172376096e-16,7.771561172376096e-16,0.9999999999999992,0.9999999999999992,0.9999999999999992,0.043439529643172325,3.375929619211585e-17,3.375929619211585e-17,3.375929619211585e-17
TUR.40.25_1,2026,7,albopictus,25.05054765589097,65.15324838430243,0.521536780592345,0.09532522256794383,0.09532522256794383,0.09532522256794383,2.432031243060351e-10,2.432031243060351e-10,2.432031243060351e-10,0.9999999997567969,0.9999999997567969,0.9999999997567969,0.049218785579669966,1.1970162427524561e-11,1.1970162427524561e-11,1.1970162427524561e-11
TUR.40.25_1,2026,8,albopictus,25.706578591290643,64.15572959029345,0.6192920519627719,0.09856722189796135,0.09856722189796135,0.09856722189796135,6.216148706883473e-10,6.216148706883473e-10,6.216148706883473e-10,0.9999999993783851,0.9999999993783851,0.9999999993783851,0.05817094288099556,3.615992313678929e-11,3.615992313678929e-11,3.615992313678929e-11
TUR.40.25_1,2026,9,albopictus,23.143297027139102,72.63515390447473,0.49360567085203566,0.08582876172360643,0.08582876172360643,0.08582876172360643,1.2647660696529783e-11,1.2647660696529783e-11,1.2647660696529783e-11,0.9999999999873523,0.9999999999873523,0.9999999999873523,0.04816213358757615,6.091383240366038e-13,6.091383240366038e-13,6.091383240366038e-13
TUR.40.25_1,2026,10,albopictus,16.80104036892162,78.83833452470368,0.486427788312873,0.014391323994669292,0.014391323994669292,0.014391323994669292,0,0,0,1,1,1,0.045982874973567456,0,0,0
TUR.40.25_1,2026,11,albopictus,11.691443064633539,77.61600589497304,0.2821522441477236,1.4812828069867296e-5,1.4812828069867296e-5,1.4812828069867296e-5,0,0,0,1,1,1,0.027820892396277386,0,0,0
TUR.40.25_1,2026,12,albopictus,9.171535267549404,80.25923839026999,0.23207465091304932,0,0,0,0,0,0,1,1,1,0.02220851498515075,0,0,0
TUR.40.25_1,2027,1,albopictus,7.634817004203796,81.16039140670397,0.22147677222223913,0,0,0,0,0,0,1,1,1,0.021205176475711185,0,0,0
TUR.40.25_1,2027,2,albopictus,7.977473416749169,83.70935868683881,0.16567132808399146,0,0,0,0,0,0,1,1,1,0.017593887339164227,0,0,0
TUR.40.25_1,2027,3,albopictus,10.380368078456204,71.76090350636787,0.20337536961661104,0,0,0,0,0,0,1,1,1,0.019489071321899365,0,0,0
TUR.40.25_1,2027,4,albopictus,11.978947919957779,74.96816645971916,0.26892652026946445,4.442337010089395e-5,4.442337010089395e-5,4.442337010089395e-5,0,0,0,1,1,1,0.02653426451082941,0,0,0
TUR.40.25_1,2027,5,albopictus,16.862898658303653,73.50525045927007,0.3758881666680688,0.013932660989626477,0.013932660989626477,0.013932660989626477,0,0,0,1,1,1,0.03572260748608602,0,0,0
TUR.40.25_1,2027,6,albopictus,20.539432750028723,70.82931547072974,0.42278804903538075,0.049500758993690934,0.049500758993690934,0.049500758993690934,0,0,0,1,1,1,0.04139751976014028,0,0,0
TUR.40.25_1,2027,7,albopictus,24.90397554285386,69.87087304860907,0.4964944928510629,0.1029246678570774,0.1029246678570774,0.1029246678570774,2.0858053062511317e-9,2.0858053062511317e-9,2.0858053062511317e-9,0.9999999979141947,0.9999999979141947,0.9999999979141947,0.04691182323540555,9.784892983032403e-11,9.784892983032403e-11,9.784892983032403e-11
TUR.40.25_1,2027,8,albopictus,26.74345526975744,64.88645773970751,0.5895559138067502,0.10550085563883613,0.10550085563883613,0.10550085563883613,4.158641542240105e-9,4.158641542240105e-9,4.158641542240105e-9,0.9999999958413585,0.9999999958413585,0.9999999958413585,0.0554567466425232,2.3062473038508143e-10,2.3062473038508143e-10,2.3062473038508143e-10
TUR.40.25_1,2027,9,albopictus,22.048898528603946,72.12284769109583,0.46990453279200084,0.07054871915607458,0.07054871915607458,0.07054871915607458,4.873879078104437e-14,4.873879078104437e-14,4.873879078104437e-14,0.9999999999999513,0.9999999999999513,0.9999999999999513,0.04590349396014748,2.237280788242562e-15,2.237280788242562e-15,2.237280788242562e-15
TUR.40.25_1,2027,10,albopictus,16.416986184961658,76.08329149491853,0.46307130590629886,0.011396203661601432,0.011396203661601432,0.011396203661601432,0,0,0,1,1,1,0.043824066672001005,0,0,0
TUR.40.25_1,2027,11,albopictus,11.392483332577875,73.17818546040273,0.2686043258651995,2.318904289805756e-6,2.318904289805756e-6,2.318904289805756e-6,0,0,0,1,1,1,0.02650289948427842,0,0,0
TUR.40.25_1,2027,12,albopictus,8.703906788545497,83.25244059974264,0.2209312754084081,0,0,0,0,0,0,1,1,1,0.021153504519167976,0,0,0
TUR.40.25_1,2028,1,albopictus,6.410178065299988,80.63519914596178,0.21037634201815528,0,0,0,0,0,0,1,1,1,0.0201531556835558,0,0,0
TUR.40.25_1,2028,2,albopictus,7.885035672608544,80.31953477326459,0.16298815144792964,0,0,0,0,0,0,1,1,1,0.016719494768799414,0,0,0
TUR.40.25_1,2028,3,albopictus,8.701782072291653,77.03797259816474,0.19318218288643046,0,0,0,0,0,0,1,1,1,0.018521381441449214,0,0,0
TUR.40.25_1,2028,4,albopictus,10.765489858739517,74.85396205298088,0.2554479056123804,3.6154764782384754e-10,3.6154764782384754e-10,3.6154764782384754e-10,0,0,0,1,1,1,0.02522128289789316,0,0,0
TUR.40.25_1,2028,5,albopictus,17.24514658310834,74.4964919143482,0.3570486273485547,0.016810221258874457,0.016810221258874457,0.016810221258874457,0,0,0,1,1,1,0.03396295145037487,0,0,0
TUR.40.25_1,2028,6,albopictus,20.925659404081458,81.23207120803443,0.401597884566446,0.06324568701003253,0.06324568701003253,0.06324568701003253,2.1094237467877974e-15,2.1094237467877974e-15,2.1094237467877974e-15,0.9999999999999979,0.9999999999999979,0.9999999999999979,0.03936407164436606,8.303550749688195e-17,8.303550749688195e-17,8.303550749688195e-17
TUR.40.25_1,2028,7,albopictus,23.513684328864603,70.20819909841376,0.47161015663238726,0.0871654072273176,0.0871654072273176,0.0871654072273176,1.9566903652901146e-11,1.9566903652901146e-11,1.9566903652901146e-11,0.9999999999804331,0.9999999999804331,0.9999999999804331,0.044613867101437665,8.729552391571669e-13,8.729552391571669e-13,8.729552391571669e-13
TUR.40.25_1,2028,8,albopictus,24.818492272320917,70.16904288375048,0.5600073331273737,0.10210562094033092,0.10210562094033092,0.10210562094033092,1.6683906478576205e-9,1.6683906478576205e-9,1.6683906478576205e-9,0.9999999983316094,0.9999999983316094,0.9999999983316094,0.05275192193150691,8.801081320704143e-11,8.801081320704143e-11,8.801081320704143e-11
TUR.40.25_1,2028,9,albopictus,20.59458334305707,66.45402063421106,0.4463528870979497,0.04695853973677528,0.04695853973677528,0.04695853973677528,0,0,0,1,1,1,0.04365379150345783,0,0,0
TUR.40.25_1,2028,10,albopictus,17.00980158413158,74.77667375810212,0.4398621419874349,0.015093339999381044,0.015093339999381044,0.015093339999381044,0,0,0,1,1,1,0.041674035880983173,0,0,0
TUR.40.25_1,2028,11,albopictus,12.226839640561273,81.16471194966054,0.25514185961257707,1.0592112129763744e-4,1.0592112129763744e-4,1.0592112129763744e-4,0,0,0,1,1,1,0.025191449728673154,0,0,0
TUR.40.25_1,2028,12,albopictus,7.1941440245684465,77.84285655433249,0.2098581855400521,0,0,0,0,0,0,1,1,1,0.02010402083972418,0,0,0
TUR.40.25_1,2029,1,albopictus,3.6785258054733276,76.724485950161,0.1986208936504363,0,0,0,0,0,0,1,1,1,0.019037824068529607,0,0,0
TUR.40.25_1,2029,2,albopictus,5.558358827058007,78.70096635285444,0.148574439234097,0,0,0,0,0,0,1,1,1,0.015792657218279493,0,0,0
TUR.40.25_1,2029,3,albopictus,7.3378208525040565,76.59189715871162,0.18238751294065922,0,0,0,0,0,0,1,1,1,0.017495548517633686,0,0,0
TUR.40.25_1,2029,4,albopictus,10.881088537328385,70.6576806198754,0.24117394003116913,4.786978687804846e-9,4.786978687804846e-9,4.786978687804846e-9,0,0,0,1,1,1,0.023828893602739765,0,0,0
TUR.40.25_1,2029,5,albopictus,17.23234827378217,78.29174948270757,0.33709739774119396,0.01751234428628232,0.01751234428628232,0.01751234428628232,0,0,0,1,1,1,0.0320959599639693,0,0,0
TUR.40.25_1,2029,6,albopictus,23.43710921792423,68.88652830031958,0.3791573232784349,0.08445924437003768,0.08445924437003768,0.08445924437003768,8.027911668762044e-12,8.027911668762044e-12,8.027911668762044e-12,0.9999999999919721,0.9999999999919721,0.9999999999919721,0.037205930112088725,2.986859204939822e-13,2.986859204939822e-13,2.986859204939822e-13
TUR.40.25_1,2029,7,albopictus,24.295640047858743,65.52362878591376,0.44525743658411565,0.08870629588972118,0.08870629588972118,0.08870629588972118,3.2081115541870986e-11,3.2081115541870986e-11,3.2081115541870986e-11,0.9999999999679189,0.9999999999679189,0.9999999999679189,0.042174271492537385,1.3529976766463276e-12,1.3529976766463276e-12,1.3529976766463276e-12
TUR.40.25_1,2029,8,albopictus,26.006940224591425,68.03130560958056,0.5287151392097007,0.10794554944546106,0.10794554944546106,0.10794554944546106,7.871951646087894e-9,7.871951646087894e-9,7.871951646087894e-9,0.9999999921280484,0.9999999921280484,0.9999999921280484,0.04987904478554417,3.9264542870485617e-10,3.9264542870485617e-10,3.9264542870485617e-10
TUR.40.25_1,2029,9,albopictus,21.718431304482852,71.06227792791223,0.4214114974543869,0.06504205040999766,0.06504205040999766,0.06504205040999766,4.773959005888173e-15,4.773959005888173e-15,4.773959005888173e-15,0.9999999999999952,0.9999999999999952,0.9999999999999952,0.04126555410150001,1.9700006363582164e-16,1.9700006363582164e-16,1.9700006363582164e-16
TUR.40.25_1,2029,10,albopictus,15.926255899317125,78.42101427323884,0.41528344340638756,0.00887215427596771,0.00887215427596771,0.00887215427596771,0,0,0,1,1,1,0.03939186423900232,0,0,0
TUR.40.25_1,2029,11,albopictus,11.841483691159418,78.96166324360586,0.24088499532666505,2.837456828837315e-5,2.837456828837315e-5,2.837456828837315e-5,0,0,0,1,1,1,0.023800687248049512,0,0,0
TUR.40.25_1,2029,12,albopictus,6.783790840822109,76.53063884193014,0.19813169081638982,0,0,0,0,0,0,1,1,1,0.018991382052118144,0,0,0
TUR.40.25_1,2030,1,albopictus,6.227589964866638,80.86552293746568,0.2346473649294147,0,0,0,0,0,0,1,1,1,0.022451927700950836,0,0,0
TUR.40.25_1,2030,2,albopictus,6.329198995057275,78.85411118928022,0.17552333000526568,0,0,0,0,0,0,1,1,1,0.0186303402437914,0,0,0
TUR.40.25_1,2030,3,albopictus,8.17478164504556,80.94757190236396,0.21546952347760323,0,0,0,0,0,0,1,1,1,0.02063599195063981,0,0,0
TUR.40.25_1,2030,4,albopictus,12.293720525853775,73.33591090551994,0.2849188143194834,1.073966339515913e-4,1.073966339515913e-4,1.073966339515913e-4,0,0,0,1,1,1,0.028089815366919124,0,0,0
TUR.40.25_1,2030,5,albopictus,18.36820108750287,71.57586050565679,0.3982411651200435,0.02564198241863264,0.02564198241863264,0.02564198241863264,0,0,0,1,1,1,0.03780627147934712,0,0,0
TUR.40.25_1,2030,6,albopictus,22.417654261869544,66.22322873977271,0.44793004988465646,0.06891750488231499,0.06891750488231499,0.06891750488231499,2.4980018054066022e-14,2.4980018054066022e-14,2.4980018054066022e-14,0.999999999999975,0.999999999999975,0.999999999999975,0.04380461097492716,1.0942399730050191e-15,1.0942399730050191e-15,1.0942399730050191e-15
TUR.40.25_1,2030,7,albopictus,25.691445406745462,68.19551904470282,0.526019605941186,0.10633625981048075,0.10633625981048075,0.10633625981048075,5.1812156787178765e-9,5.1812156787178765e-9,5.1812156787178765e-9,0.9999999948187843,0.9999999948187843,0.9999999948187843,0.04963116574885418,2.5714977413100894e-10,2.5714977413100894e-10,2.5714977413100894e-10
TUR.40.25_1,2030,8,albopictus,25.25410971922033,69.66840964400438,0.6246151244903153,0.10565340506696573,0.10565340506696573,0.10565340506696573,4.329600344910034e-9,4.329600344910034e-9,4.329600344910034e-9,0.9999999956703997,0.9999999956703997,0.9999999956703997,0.058655988039396534,2.539569860464101e-10,2.539569860464101e-10,2.539569860464101e-10
TUR.40.25_1,2030,9,albopictus,20.957340072183047,72.51697458318567,0.49784841670615165,0.05610534819840567,0.05610534819840567,0.05610534819840567,1.1102230246251565e-16,1.1102230246251565e-16,1.1102230246251565e-16,0.9999999999999999,0.9999999999999999,0.9999999999999999,0.04856588854618693,5.39189676753559e-18,5.39189676753559e-18,5.39189676753559e-18
TUR.40.25_1,2030,10,albopictus,16.646251397974353,81.24731584794587,0.49060883728386406,0.01381973070478455,0.01381973070478455,0.01381973070478455,0,0,0,1,1,1,0.046368809050327586,0,0,0
TUR.40.25_1,2030,11,albopictus,12.712228396359613,77.07310580952382,0.2845774599318553,3.0218823200578687e-4,3.0218823200578687e-4,3.0218823200578687e-4,0,0,0,1,1,1,0.02805663822007365,0,0,0
TUR.40.25_1,2030,12,albopictus,11.142168774324306,79.11920085364889,0.23406942897406136,3.3875426594275095e-7,3.3875426594275095e-7,3.3875426594275095e-7,0,0,0,1,1,1,0.02239725260627934,0,0,0
TUR.40.25_1,2031,1,albopictus,10.019174456596375,78.20597703902818,0.22446786070962801,0,0,0,0,0,0,1,1,1,0.021488457596511634,0,0,0
TUR.40.25_1,2031,2,albopictus,4.008350530091454,72.27468156281537,0.16790875279065642,0,0,0,0,0,0,1,1,1,0.017829365510476536,0,0,0
TUR.40.25_1,2031,3,albopictus,8.316811407313626,74.18106952199287,0.20612199501021347,0,0,0,0,0,0,1,1,1,0.019749658902350142,0,0,0
TUR.40.25_1,2031,4,albopictus,10.723464292638443,76.77691279760978,0.2725584271762727,4.717531193088711e-11,4.717531193088711e-11,4.717531193088711e-11,0,0,0,1,1,1,0.02688775400772292,0,0,0
TUR.40.25_1,2031,5,albopictus,18.407959769753848,72.90706778104742,0.38096461218687194,0.02639080157259936,0.02639080157259936,0.02639080157259936,0,0,0,1,1,1,0.036196210657634564,0,0,0
TUR.40.25_1,2031,6,albopictus,23.500465617460364,63.24831037429419,0.42849788692667157,0.07757837454255759,0.07757837454255759,0.07757837454255759,7.235323451482145e-13,7.235323451482145e-13,7.235323451482145e-13,0.9999999999992765,0.9999999999992765,0.9999999999992765,0.041944710003330665,3.034835439527161e-14,3.034835439527161e-14,3.034835439527161e-14
TUR.40.25_1,2031,7,albopictus,23.85792070276597,66.44738443166571,0.5031997511348915,0.08566096037018918,0.08566096037018918,0.08566096037018918,1.196742704934195e-11,1.196742704934195e-11,1.196742704934195e-11,0.9999999999880326,0.9999999999880326,0.9999999999880326,0.04753007769254003,5.68812737435028e-13,5.68812737435028e-13,5.68812737435028e-13
TUR.40.25_1,2031,8,albopictus,26.670583107892206,69.45115119063524,0.5975179853538736,0.1156782607205722,0.1156782607205722,0.1156782607205722,5.362168697953251e-8,5.362168697953251e-8,5.362168697953251e-8,0.999999946378313,0.999999946378313,0.999999946378313,0.05618425867535082,3.0126947318667457e-9,3.0126947318667457e-9,3.0126947318667457e-9
TUR.40.25_1,2031,9,albopictus,20.821567367104922,67.32996286443567,0.47625068830123696,0.05027755802315443,0.05027755802315443,0.05027755802315443,0,0,0,1,1,1,0.046508786355664244,0,0,0
TUR.40.25_1,2031,10,albopictus,18.177524286157947,78.88386675126618,0.4693251773079762,0.02637694046969647,0.02637694046969647,0.02637694046969647,0,0,0,1,1,1,0.04440258204247627,0,0,0
TUR.40.25_1,2031,11,albopictus,10.10513363165014,79.0017633412621,0.2722318814715819,0,0,0,0,0,0,1,1,1,0.026855976926481118,0,0,0
TUR.40.25_1,2031,12,albopictus,8.257212414461025,80.29456248694967,0.22391499685128305,0,0,0,0,0,0,1,1,1,0.021436102937885337,0,0,0
TUR.40.25_1,2032,1,albopictus,5.840969920158386,78.37835557906725,0.19798545164350595,0,0,0,0,0,0,1,1,1,0.018977498545276084,0,0,0
TUR.40.25_1,2032,2,albopictus,3.8776017813121575,75.98045396271772,0.15338836328931746,0,0,0,0,0,0,1,1,1,0.01574253203512266,0,0,0
TUR.40.25_1,2032,3,albopictus,3.2968686468460975,75.26194873341865,0.18180400591311546,0,0,0,0,0,0,1,1,1,0.017440066475153504,0,0,0
TUR.40.25_1,2032,4,albopictus,11.0100014630486,78.10376368872306,0.24040235930944293,5.690070342777081e-8,5.690070342777081e-8,5.690070342777081e-8,0,0,0,1,1,1,0.023753571216231784,0,0,0
TUR.40.25_1,2032,5,albopictus,16.96327288010541,74.35986471708257,0.336018931911065,0.014719498686024261,0.014719498686024261,0.014719498686024261,0,0,0,1,1,1,0.03199493681157406,0,0,0
TUR.40.25_1,2032,6,albopictus,22.917608485502356,68.28986387160865,0.3779442963605799,0.07730548257505042,0.07730548257505042,0.07730548257505042,6.546985176214548e-13,6.546985176214548e-13,6.546985176214548e-13,0.9999999999993453,0.9999999999993453,0.9999999999993453,0.0370891335160487,2.42822007328213e-14,2.42822007328213e-14,2.42822007328213e-14
TUR.40.25_1,2032,7,albopictus,24.83995729334214,67.84578378469305,0.443832937510007,0.09834957562028096,0.09834957562028096,0.09834957562028096,5.842673012068644e-10,5.842673012068644e-10,5.842673012068644e-10,0.9999999994157327,0.9999999994157327,0.9999999994157327,0.04204222156539983,2.4563895330757193e-11,2.4563895330757193e-11,2.4563895330757193e-11
TUR.40.25_1,2032,8,albopictus,25.27290854734533,67.62088614546923,0.5270236363522764,0.10143314900118097,0.10143314900118097,0.10143314900118097,1.3869102533092814e-9,1.3869102533092814e-9,1.3869102533092814e-9,0.9999999986130897,0.9999999986130897,0.9999999986130897,0.04972350312199847,6.896203631035575e-11,6.896203631035575e-11,6.896203631035575e-11
TUR.40.25_1,2032,9,albopictus,21.321533034829532,81.22654642156458,0.42006328799482606,0.06963446679349207,0.06963446679349207,0.06963446679349207,3.3639757646142243e-14,3.3639757646142243e-14,3.3639757646142243e-14,0.9999999999999664,0.9999999999999664,0.9999999999999664,0.041136287902883484,1.3838147555149333e-15,1.3838147555149333e-15,1.3838147555149333e-15
TUR.40.25_1,2032,10,albopictus,16.931596475489002,83.7015699983365,0.41395483925063575,0.01634814940333858,0.01634814940333858,0.01634814940333858,0,0,0,1,1,1,0.03926834649585165,0,0,0
TUR.40.25_1,2032,11,albopictus,8.20970306676977,79.47518253071523,0.240114339017268,0,0,0,0,0,0,1,1,1,0.02372545293313666,0,0,0
TUR.40.25_1,2032,12,albopictus,10.053551449495204,79.62380900794577,0.19749781390175639,0,0,0,0,0,0,1,1,1,0.01893120226607936,0,0,0
TUR.40.25_1,2033,1,albopictus,3.8195213079452515,81.40643175094225,0.22828734372848639,0,0,0,0,0,0,1,1,1,0.02185007542691564,0,0,0
TUR.40.25_1,2033,2,albopictus,4.635153928223779,82.83985948029584,0.17076584167622844,0,0,0,0,0,0,1,1,1,0.018129978297215854,0,0,0
TUR.40.25_1,2033,3,albopictus,8.46541770766763,77.82552447804756,0.20962930985370964,0,0,0,0,0,0,1,1,1,0.020082316628574293,0,0,0
TUR.40.25_1,2033,4,albopictus,11.526158613317154,73.57880793921134,0.2771962059698845,5.524132321247907e-6,5.524132321247907e-6,5.524132321247907e-6,0,0,0,1,1,1,0.02733895730440805,0,0,0
TUR.40.25_1,2033,5,albopictus,16.369870017556583,71.62274313505132,0.3874470006340805,0.010491116252088914,0.010491116252088914,0.010491116252088914,0,0,0,1,1,1,0.036800642070374034,0,0,0
TUR.40.25_1,2033,6,albopictus,23.60907195596134,62.60722761062232,0.4357890884267842,0.07774546269808444,0.07774546269808444,0.07774546269808444,7.690514891578459e-13,7.690514891578459e-13,7.690514891578459e-13,0.999999999999231,0.999999999999231,0.999999999999231,0.04264299282312012,3.2794657132767864e-14,3.2794657132767864e-14,3.2794657132767864e-14
TUR.40.25_1,2033,7,albopictus,23.295496996711282,75.89650018483954,0.5117620588901195,0.09305572095166886,0.09305572095166886,0.09305572095166886,1.2353984502055937e-10,1.2353984502055937e-10,1.2353984502055937e-10,0.9999999998764602,0.9999999998764602,0.9999999998764602,0.048318977312085676,5.969318968686988e-12,5.969318968686988e-12,5.969318968686988e-12
TUR.40.25_1,2033,8,albopictus,25.080039360943964,65.95978385054735,0.6076851860894561,0.09640112422394319,0.09640112422394319,0.09640112422394319,3.333004983119281e-10,3.333004983119281e-10,3.333004983119281e-10,0.9999999996666995,0.9999999996666995,0.9999999996666995,0.05711244365639878,1.903560593048963e-11,1.903560593048963e-11,1.903560593048963e-11
TUR.40.25_1,2033,9,albopictus,21.17495329239789,70.31344522527552,0.48435443825873886,0.056920132849951795,0.056920132849951795,0.056920132849951795,1.1102230246251565e-16,1.1102230246251565e-16,1.1102230246251565e-16,0.9999999999999999,0.9999999999999999,0.9999999999999999,0.04728115879594408,5.249263112621536e-18,5.249263112621536e-18,5.249263112621536e-18
TUR.40.25_1,2033,10,albopictus,18.69938440883861,73.52973314530915,0.4773110846863576,0.029687462757944618,0.029687462757944618,0.029687462757944618,0,0,0,1,1,1,0.04514081085322097,0,0,0
TUR.40.25_1,2033,11,albopictus,14.354230502072504,78.18788242085195,0.2768641038538214,0.0027430546335709093,0.0027430546335709093,0.0027430546335709093,0,0,0,1,1,1,0.027306654488970294,0,0,0
TUR.40.25_1,2033,12,albopictus,10.851973309236415,80.58264842444967,0.22772507249167748,4.262446938086732e-9,4.262446938086732e-9,4.262446938086732e-9,0,0,0,1,1,1,0.021796849569036048,0,0,0
TUR.40.25_1,2034,1,albopictus,7.329784274101257,75.39334733932115,0.23237926307325116,0,0,0,0,0,0,1,1,1,0.02223733848061482,0,0,0
TUR.40.25_1,2034,2,albopictus,6.273553052369286,76.68079423371381,0.17382672117820847,0,0,0,0,0,0,1,1,1,0.0184519311257908,0,0,0
TUR.40.25_1,2034,3,albopictus,7.084213102565092,73.10027423390693,0.21338679467179178,0,0,0,0,0,0,1,1,1,0.020438576930800312,0,0,0
TUR.40.25_1,2034,4,albopictus,10.580030721776627,77.64432155005119,0.2821647885420862,1.1406428458066846e-14,1.1406428458066846e-14,1.1406428458066846e-14,0,0,0,1,1,1,0.027822111935324245,0,0,0
TUR.40.25_1,2034,5,albopictus,18.45533068039838,66.64090872343023,0.3943917652937074,0.024685138349184284,0.024685138349184284,0.024685138349184284,0,0,0,1,1,1,0.03744776583311349,0,0,0
TUR.40.25_1,2034,6,albopictus,22.083019480985755,68.54928617385474,0.4436003572078159,0.06699971621928412,0.06699971621928412,0.06699971621928412,1.1213252548714081e-14,1.1213252548714081e-14,1.1213252548714081e-14,0.9999999999999888,0.9999999999999888,0.9999999999999888,0.04339051811930672,4.865488378913406e-16,4.865488378913406e-16,4.865488378913406e-16
TUR.40.25_1,2034,7,albopictus,23.249159869025736,72.29919488698798,0.5209350994734806,0.08713546941219816,0.08713546941219816,0.08713546941219816,1.937816573871487e-11,1.937816573871487e-11,1.937816573871487e-11,0.9999999999806218,0.9999999999806218,0.9999999999806218,0.04916342263513984,9.52696952106226e-13,9.52696952106226e-13,9.52696952106226e-13
TUR.40.25_1,2034,8,albopictus,25.777219155255487,70.35714179122118,0.6185775935609972,0.11194461234470945,0.11194461234470945,0.11194461234470945,2.1624634749528582e-8,2.1624634749528582e-8,2.1624634749528582e-8,0.9999999783753653,0.9999999783753653,0.9999999783753653,0.05810582149913568,1.2565171667401144e-9,1.2565171667401144e-9,1.2565171667401144e-9
TUR.40.25_1,2034,9,albopictus,23.092782805947696,68.72382654241419,0.49303621300482736,0.08007526340268939,0.08007526340268939,0.08007526340268939,1.776023772492863e-12,1.776023772492863e-12,1.776023772492863e-12,0.999999999998224,0.999999999998224,0.999999999998224,0.04810792888999649,8.544082535402995e-14,8.544082535402995e-14,8.544082535402995e-14
TUR.40.25_1,2034,10,albopictus,16.403392511255603,80.61494585282868,0.4858666113704024,0.011962043910995066,0.011962043910995066,0.011962043910995066,0,0,0,1,1,1,0.04593106333315733,0,0,0
TUR.40.25_1,2034,11,albopictus,11.469560244504144,83.17710971577382,0.2818267336865897,5.345345574914306e-6,5.345345574914306e-6,5.345345574914306e-6,0,0,0,1,1,1,0.027789246434263504,0,0,0
TUR.40.25_1,2034,12,albopictus,8.204138531404384,79.01888194495749,0.2318069134478933,0,0,0,0,0,0,1,1,1,0.022183180004002656,0,0,0
TUR.40.25_1,2035,1,albopictus,8.01801860332489,83.19784410445787,0.22479169572682436,0,0,0,0,0,0,1,1,1,0.021519122564602533,0,0,0
TUR.40.25_1,2035,2,albopictus,8.045773663941553,78.5880436843974,0.16815099118360716,0,0,0,0,0,0,1,1,1,0.017854856547830367,0,0,0
TUR.40.25_1,2035,3,albopictus,8.962128484950345,74.80388751515693,0.20641936283644774,0,0,0,0,0,0,1,1,1,0.019777867681597172,0,0,0
TUR.40.25_1,2035,4,albopictus,11.77612237369313,75.60683833471916,0.27295164143274847,2.0531590382562432e-05,2.0531590382562432e-05,2.0531590382562432e-05,0,0,0,1,1,1,0.02692601741625955,0,0,0
TUR.40.25_1,2035,5,albopictus,17.053337882546817,71.81432486112554,0.38151422174500077,0.01492460148153044,0.01492460148153044,0.01492460148153044,0,0,0,1,1,1,0.036247472111289314,0,0,0
TUR.40.25_1,2035,6,albopictus,23.133360133451575,68.58206205276099,0.4291160717311368,0.08039350689206605,0.08039350689206605,0.08039350689206605,1.9872992140790302e-12,1.9872992140790302e-12,1.9872992140790302e-12,0.9999999999980127,0.9999999999980127,0.9999999999980127,0.0420039336949638,8.347438442022926e-14,8.347438442022926e-14,8.347438442022926e-14
TUR.40.25_1,2035,7,albopictus,24.69200044519761,71.5342336443122,0.5039257067329305,0.10380858863592286,0.10380858863592286,0.10380858863592286,2.648510744052146e-9,2.648510744052146e-9,2.648510744052146e-9,0.9999999973514893,0.9999999973514893,0.9999999973514893,0.047596989942615964,1.2606113924756031e-10,1.2606113924756031e-10,1.2606113924756031e-10
TUR.40.25_1,2035,8,albopictus,25.041758873883417,66.65827399336962,0.5983800118660455,0.09787971326600467,0.09787971326600467,0.09787971326600467,5.108579115287171e-10,5.108579115287171e-10,5.108579115287171e-10,0.9999999994891421,0.9999999994891421,0.9999999994891421,0.056262990313103334,2.874239372771241e-11,2.874239372771241e-11,2.874239372771241e-11
TUR.40.25_1,2035,9,albopictus,22.341590713052188,76.00712503484583,0.476937765058454,0.07906882192018938,0.07906882192018938,0.07906882192018938,1.241007296926e-12,1.241007296926e-12,1.241007296926e-12,0.999999999998759,0.999999999998759,0.999999999998759,0.04657429627023213,5.779904152055146e-14,5.779904152055146e-14,5.779904152055146e-14
TUR.40.25_1,2035,10,albopictus,17.900451379663807,70.45274492509431,0.47000226277751167,0.02113261038932172,0.02113261038932172,0.02113261038932172,0,0,0,1,1,1,0.04446519493883605,0,0,0
TUR.40.25_1,2035,11,albopictus,12.506323435727289,76.43519687397695,0.27262462462750203,1.9356323068773452e-4,1.9356323068773452e-4,1.9356323068773452e-4,0,0,0,1,1,1,0.026894195741446025,0,0,0
TUR.40.25_1,2035,12,albopictus,10.862317814546474,81.99856486732077,0.22423803426352829,4.884479481747247e-9,4.884479481747247e-9,4.884479481747247e-9,0,0,0,1,1,1,0.021466694016075594,0,0,0
TUR.40.25_1,2036,1,albopictus,8.860301852226257,83.0589357182274,0.24839483710446247,0,0,0,0,0,0,1,1,1,0.023751593447740138,0,0,0
TUR.40.25_1,2036,2,albopictus,8.432949223939112,79.00968980256147,0.19244281434160546,0,0,0,0,0,0,1,1,1,0.019711024030305335,0,0,0
TUR.40.25_1,2036,3,albopictus,8.05086406539468,74.59124103078193,0.22809340817142965,0,0,0,0,0,0,1,1,1,0.021831717378789084,0,0,0
TUR.40.25_1,2036,4,albopictus,14.52108601962819,74.96564875952384,0.30161157996457366,0.0030207737895521763,0.0030207737895521763,0.0030207737895521763,0,0,0,1,1,1,0.029710848907869347,0,0,0
TUR.40.25_1,2036,5,albopictus,17.57430155137006,71.92083883817632,0.4215732376455257,0.018820941485941604,0.018820941485941604,0.018820941485941604,0,0,0,1,1,1,0.039976398661382695,0,0,0
TUR.40.25_1,2036,6,albopictus,23.02625297097599,78.3929522505149,0.47417328470218556,0.09277760641950128,0.09277760641950128,0.09277760641950128,1.1356315887667279e-10,1.1356315887667279e-10,1.1356315887667279e-10,0.9999999998864368,0.9999999998864368,0.9999999998864368,0.04631068717189002,5.259187924989239e-12,5.259187924989239e-12,5.259187924989239e-12
TUR.40.25_1,2036,7,albopictus,26.609984453986673,62.21379525930244,0.5568379358141056,0.09912242154523797,0.09912242154523797,0.09912242154523797,7.275786639837634e-10,7.275786639837634e-10,7.275786639837634e-10,0.9999999992724213,0.9999999992724213,0.9999999992724213,0.05246134135349967,3.816975265277544e-11,3.816975265277544e-11,3.816975265277544e-11
TUR.40.25_1,2036,8,albopictus,25.97572837156408,65.93115454756884,0.6612099485857303,0.10360833486144322,0.10360833486144322,0.10360833486144322,2.5094916145107504e-9,2.5094916145107504e-9,2.5094916145107504e-9,0.9999999974905084,0.9999999974905084,0.9999999974905084,0.061983800191745875,1.5554782681669612e-10,1.5554782681669612e-10,1.5554782681669612e-10
TUR.40.25_1,2036,9,albopictus,22.15902120926801,66.54926599553919,0.5270162586638835,0.06582057262095581,0.06582057262095581,0.06582057262095581,6.772360450213455e-15,6.772360450213455e-15,6.772360450213455e-15,0.9999999999999932,0.9999999999999932,0.9999999999999932,0.051336973233171546,3.476724871579977e-16,3.476724871579977e-16,3.476724871579977e-16
TUR.40.25_1,2036,10,albopictus,17.436889367945057,85.45457597978181,0.519352528232285,0.02117879421175508,0.02117879421175508,0.02117879421175508,0,0,0,1,1,1,0.04901778890700936,0,0,0
TUR.40.25_1,2036,11,albopictus,13.65938625616186,81.62592410786367,0.3012502263753898,0.0013914373715092942,0.0013914373715092942,0.0013914373715092942,0,0,0,1,1,1,0.029675786527648018,0,0,0
TUR.40.25_1,2036,12,albopictus,10.882262959199794,79.99801555091452,0.2477830411546976,6.9621326756252446e-9,6.9621326756252446e-9,6.9621326756252446e-9,0,0,0,1,1,1,0.02369379191526033,0,0,0
TUR.40.25_1,2037,1,albopictus,5.702842593193054,76.92491777389147,0.24777139523107855,0,0,0,0,0,0,1,1,1,0.02369269159326659,0,0,0
TUR.40.25_1,2037,2,albopictus,10.676847615662744,76.66093491974897,0.1853405018381179,1.0094105177391372e-11,1.0094105177391372e-11,1.0094105177391372e-11,0,0,0,1,1,1,0.019662041261702234,0,0,0
TUR.40.25_1,2037,3,albopictus,9.787122572169583,70.37909808644599,0.2275209205007736,0,0,0,0,0,0,1,1,1,0.02177752336644856,0,0,0
TUR.40.25_1,2037,4,albopictus,11.861802381627701,76.09258662573478,0.3008545703155836,2.8500940925701305e-5,2.8500940925701305e-5,2.8500940925701305e-5,0,0,0,1,1,1,0.02963739430264345,0,0,0
TUR.40.25_1,2037,5,albopictus,18.1533706889433,72.32895041044195,0.4205151383222466,0.023974986324277095,0.023974986324277095,0.023974986324277095,0,0,0,1,1,1,0.03987809037119028,0,0,0
TUR.40.25_1,2037,6,albopictus,22.639883265775794,68.9575045576438,0.47298316543735147,0.07467204358483608,0.07467204358483608,0.07467204358483608,2.44804176929847e-13,2.44804176929847e-13,2.44804176929847e-13,0.9999999999997552,0.9999999999997552,0.9999999999997552,0.046197180015284944,1.1309262630121808e-14,1.1309262630121808e-14,1.1309262630121808e-14
TUR.40.25_1,2037,7,albopictus,25.91009813196519,66.83108194143134,0.5554403379818722,0.10509285537677604,0.10509285537677604,0.10509285537677604,3.732687270385782e-9,3.732687270385782e-9,3.732687270385782e-9,0.9999999962673127,0.9999999962673127,0.9999999962673127,0.05233317675338234,1.9534338268619936e-10,1.9534338268619936e-10,1.9534338268619936e-10
TUR.40.25_1,2037,8,albopictus,25.611371376935175,68.80636054122118,0.6595503892573171,0.10685878453039584,0.10685878453039584,0.10685878453039584,5.939347014205509e-9,5.939347014205509e-9,5.939347014205509e-9,0.999999994060653,0.999999994060653,0.999999994060653,0.06183314033248111,3.672484774126719e-10,3.672484774126719e-10,3.672484774126719e-10
TUR.40.25_1,2037,9,albopictus,22.082750152139102,70.01689065984583,0.5256935097394886,0.06886125093785246,0.06886125093785246,0.06886125093785246,2.4424906541753444e-14,2.4424906541753444e-14,2.4424906541753444e-14,0.9999999999999756,0.9999999999999756,0.9999999999999756,0.05121148063376757,1.2508356283445892e-15,1.2508356283445892e-15,1.2508356283445892e-15
TUR.40.25_1,2037,10,albopictus,17.7336098727058,76.7398771882779,0.5180490143713603,0.02145446740164869,0.02145446740164869,0.02145446740164869,0,0,0,1,1,1,0.04889781826019879,0,0,0
TUR.40.25_1,2037,11,albopictus,11.839385607663324,77.60247897846914,0.30049412368147665,2.7854314249219238e-5,2.7854314249219238e-5,2.7854314249219238e-5,0,0,0,1,1,1,0.02960241727877111,0,0,0
TUR.40.25_1,2037,12,albopictus,7.915386929231532,77.13404002601217,0.24716113481730745,0,0,0,0,0,0,1,1,1,0.023635031661433437,0,0,0
TUR.40.25_1,2038,1,albopictus,6.8493412733078,76.706419543911,0.22886577846519435,0,0,0,0,0,0,1,1,1,0.0219048283357971,0,0,0
TUR.40.25_1,2038,2,albopictus,6.694483914796044,73.07373856965131,0.1711985283642219,0,0,0,0,0,0,1,1,1,0.01817549603723667,0,0,0
TUR.40.25_1,2038,3,albopictus,6.833567465052885,75.95654407033271,0.21016046884251338,0,0,0,0,0,0,1,1,1,0.02013268553587233,0,0,0
TUR.40.25_1,2038,4,albopictus,14.691451353185318,75.63330470434806,0.2778985660385502,0.003570340171084491,0.003570340171084491,0.003570340171084491,0,0,0,1,1,1,0.027407270733022404,0,0,0
TUR.40.25_1,2038,5,albopictus,18.35087854721967,67.12993765409429,0.3884287142943289,0.02392946990412532,0.02392946990412532,0.02392946990412532,0,0,0,1,1,1,0.03689214604306701,0,0,0
TUR.40.25_1,2038,6,albopictus,21.007192836088294,71.16222410110083,0.4368932913252338,0.05558314750040046,0.05558314750040046,0.05558314750040046,0,0,0,1,1,1,0.04274869862519759,0,0,0
TUR.40.25_1,2038,7,albopictus,22.771607455085306,75.42993219167548,0.513058762189376,0.08456574587661449,0.08456574587661449,0.08456574587661449,8.319123168121223e-12,8.319123168121223e-12,8.319123168121223e-12,0.9999999999916809,0.9999999999916809,0.9999999999916809,0.04843839381174264,4.029649641858479e-13,4.029649641858479e-13,4.029649641858479e-13
TUR.40.25_1,2038,8,albopictus,26.395169594708612,68.444498358604,0.6092249395198305,0.111401371741443,0.111401371741443,0.111401371741443,1.889525491627353e-8,1.889525491627353e-8,1.889525491627353e-8,0.9999999811047451,0.9999999811047451,0.9999999811047451,0.05725293135205489,1.081808732600986e-9,1.081808732600986e-9,1.081808732600986e-9
TUR.40.25_1,2038,9,albopictus,21.688878844766055,68.46816934636927,0.4855816960970041,0.062028571661908484,0.062028571661908484,0.062028571661908484,1.2212453270876722e-15,1.2212453270876722e-15,1.2212453270876722e-15,0.9999999999999988,0.9999999999999988,0.9999999999999988,0.04739807478804703,5.788467734785444e-17,5.788467734785444e-17,5.788467734785444e-17
TUR.40.25_1,2038,10,albopictus,18.78129931057201,74.75945421464509,0.4785204960671598,0.03108602981076638,0.03108602981076638,0.03108602981076638,0,0,0,1,1,1,0.04525256085256668,0,0,0
TUR.40.25_1,2038,11,albopictus,10.594828226987055,73.85797977192617,0.2775656224417596,4.797208257035094e-14,4.797208257035094e-14,4.797208257035094e-14,0,0,0,1,1,1,0.027374888341800463,0,0,0
TUR.40.25_1,2038,12,albopictus,8.483798756318935,76.43052592689108,0.22830208254487253,0,0,0,0,0,0,1,1,1,0.021851470597417766,0,0,0
TUR.40.25_1,2039,1,albopictus,9.19841182231903,86.89681871383287,0.2529239283018738,0,0,0,0,0,0,1,1,1,0.024179388534741997,0,0,0
TUR.40.25_1,2039,2,albopictus,7.721834340516259,77.24202012482709,0.18919475250409187,0,0,0,0,0,0,1,1,1,0.02006679356544272,0,0,0
TUR.40.25_1,2039,3,albopictus,10.050323332057278,76.91934314259834,0.23225233457738517,0,0,0,0,0,0,1,1,1,0.022225328154211743,0,0,0
TUR.40.25_1,2039,4,albopictus,12.844099325292252,77.50166713110588,0.30711099520113266,3.905692096824714e-4,3.905692096824714e-4,3.905692096824714e-4,0,0,0,1,1,1,0.0302443045038715,0,0,0
TUR.40.25_1,2039,5,albopictus,19.524533103494083,67.6506667190357,0.42925996600889166,0.035672940961417536,0.035672940961417536,0.035672940961417536,0,0,0,1,1,1,0.04069027252865687,0,0,0
TUR.40.25_1,2039,6,albopictus,25.050960765165442,63.58534650710669,0.48281909262165174,0.09280546785802414,0.09280546785802414,0.09280546785802414,1.1452649939514004e-10,1.1452649939514004e-10,1.1452649939514004e-10,0.9999999998854735,0.9999999998854735,0.9999999998854735,0.04713487229459301,5.398191923336709e-12,5.398191923336709e-12,5.398191923336709e-12
TUR.40.25_1,2039,7,albopictus,23.92307191736558,71.38904626638251,0.5669910043032858,0.0940705630500979,0.0940705630500979,0.0940705630500979,1.6760048904274072e-10,1.6760048904274072e-10,1.6760048904274072e-10,0.9999999998323995,0.9999999998323995,0.9999999998323995,0.053391892980588884,8.948507374464372e-12,8.948507374464372e-12,8.948507374464372e-12
TUR.40.25_1,2039,8,albopictus,24.817717888775995,70.93858939253954,0.6732660774195234,0.10379717142777864,0.10379717142777864,0.10379717142777864,2.6403895736493155e-9,2.6403895736493155e-9,2.6403895736493155e-9,0.9999999973596104,0.9999999973596104,0.9999999973596104,0.06307756627999228,1.6654934833686527e-10,1.6654934833686527e-10,1.6654934833686527e-10
TUR.40.25_1,2039,9,albopictus,22.773118804482852,70.4004050641427,0.5366255755314617,0.0781137941656945,0.0781137941656945,0.0781137941656945,8.79296635503124e-13,8.79296635503124e-13,8.79296635503124e-13,0.9999999999991207,0.9999999999991207,0.9999999999991207,0.05224813574307041,4.594160997019233e-14,4.594160997019233e-14,4.594160997019233e-14
TUR.40.25_1,2039,10,albopictus,16.439477640039783,76.74896379716462,0.5288221089666904,0.011669926562605897,0.011669926562605897,0.011669926562605897,0,0,0,1,1,1,0.049888880303121996,0,0,0
TUR.40.25_1,2039,11,albopictus,14.163431742612055,76.78032016499257,0.306743052894651,0.0022307638098048722,0.0022307638098048722,0.0022307638098048722,0,0,0,1,1,1,0.030208622432695842,0,0,0
TUR.40.25_1,2039,12,albopictus,11.74702335806454,77.37958445960592,0.2523009772102268,1.9025661229239746e-5,1.9025661229239746e-5,1.9025661229239746e-5,0,0,0,1,1,1,0.024120558840646122,0,0,0
TUR.40.25_1,2040,1,albopictus,6.899595141410828,77.81082017867662,0.21417339056372448,0,0,0,0,0,0,1,1,1,0.020513140446790534,0,0,0
TUR.40.25_1,2040,2,albopictus,7.085092702332665,76.12118577424116,0.1659298982121498,0,0,0,0,0,0,1,1,1,0.017018679819723936,0,0,0
TUR.40.25_1,2040,3,albopictus,8.15115817855386,72.7130595732624,0.1966688968368779,0,0,0,0,0,0,1,1,1,0.0188524999480143,0,0,0
TUR.40.25_1,2040,4,albopictus,11.958428663365982,75.58618556372306,0.26005844351397817,4.215428189788093e-5,4.215428189788093e-5,4.215428189788093e-5,0,0,0,1,1,1,0.02567060473125371,0,0,0
TUR.40.25_1,2040,5,albopictus,17.081637214211856,76.33883047635992,0.36349294023167494,0.016041223483771523,0.016041223483771523,0.016041223483771523,0,0,0,1,1,1,0.03456522604774814,0,0,0
TUR.40.25_1,2040,6,albopictus,23.954696879667395,66.95272092727271,0.40884625978234884,0.08756437991537039,0.08756437991537039,0.08756437991537039,2.22587503984073e-11,2.22587503984073e-11,2.22587503984073e-11,0.9999999999777412,0.9999999999777412,0.9999999999777412,0.04006012431680406,8.916883080969084e-13,8.916883080969084e-13,8.916883080969084e-13
TUR.40.25_1,2040,7,albopictus,26.480446871589212,62.327896669214546,0.4801221720146213,0.09869507495628582,0.09869507495628582,0.09869507495628582,6.446139177995747e-10,6.446139177995747e-10,6.446139177995747e-10,0.9999999993553861,0.9999999993553861,0.9999999993553861,0.04540053609468886,2.926581744219839e-11,2.926581744219839e-11,2.926581744219839e-11
TUR.40.25_1,2040,8,albopictus,25.56899009031408,62.88572913252977,0.5701148148401981,0.09502745254414034,0.09502745254414034,0.09502745254414034,2.2274060373916882e-10,2.2274060373916882e-10,2.2274060373916882e-10,0.9999999997772594,0.9999999997772594,0.9999999997772594,0.05367801338028799,1.1956273107844529e-11,1.1956273107844529e-11,1.1956273107844529e-11
TUR.40.25_1,2040,9,albopictus,22.017030547646915,74.20180429509973,0.45440903811049854,0.07233270173753152,0.07233270173753152,0.07233270173753152,9.903189379656396e-14,9.903189379656396e-14,9.903189379656396e-14,0.999999999999901,0.999999999999901,0.999999999999901,0.0444239281925245,4.39938573878827e-15,4.39938573878827e-15,4.39938573878827e-15
TUR.40.25_1,2040,10,albopictus,16.145648675806385,81.07734056718415,0.4478011425920761,0.01044473918111043,0.01044473918111043,0.01044473918111043,0,0,0,1,1,1,0.04241002573800212,0,0,0
TUR.40.25_1,2040,11,albopictus,9.42222748083227,83.00851535542226,0.2597468737394609,0,0,0,0,0,0,1,1,1,0.025640247099331215,0,0,0
TUR.40.25_1,2040,12,albopictus,7.378891720491298,78.92935100013327,0.21364588196321682,0,0,0,0,0,0,1,1,1,0.020463137130889653,0,0,0
TUR.40.25_1,2041,1,albopictus,8.485793948173523,81.23016221969225,0.25624980058814617,0,0,0,0,0,0,1,1,1,0.024493414260094104,0,0,0
TUR.40.25_1,2041,2,albopictus,7.247332730714013,77.25593614045209,0.1916826056237481,0,0,0,0,0,0,1,1,1,0.020327965528818548,0,0,0
TUR.40.25_1,2041,3,albopictus,10.201903188929837,74.98739734181709,0.235306381729741,0,0,0,0,0,0,1,1,1,0.022514269642275986,0,0,0
TUR.40.25_1,2041,4,albopictus,13.486146253698013,71.11954890600822,0.3111494108409922,9.407725764651828e-4,9.407725764651828e-4,9.407725764651828e-4,0,0,0,1,1,1,0.030635853093506027,0,0,0
TUR.40.25_1,2041,5,albopictus,18.808184455422793,67.8567214065357,0.4349046032487942,0.02858629855407015,0.02858629855407015,0.02858629855407015,0,0,0,1,1,1,0.04121415737134004,0,0,0
TUR.40.25_1,2041,6,albopictus,21.99218963174259,69.38394193557349,0.48916801599246446,0.06684330234070818,0.06684330234070818,0.06684330234070818,1.0436096431476471e-14,1.0436096431476471e-14,1.0436096431476471e-14,0.9999999999999896,0.9999999999999896,0.9999999999999896,0.04773964705869871,4.982155603092318e-16,4.982155603092318e-16,4.982155603092318e-16
TUR.40.25_1,2041,7,albopictus,23.35569673426011,67.54564721853095,0.5744467625640358,0.0814120685424964,0.0814120685424964,0.0814120685424964,2.8387292516640628e-12,2.8387292516640628e-12,2.8387292516640628e-12,0.9999999999971613,0.9999999999971613,0.9999999999971613,0.05407464804631479,1.5350328518251276e-13,1.5350328518251276e-13,1.5350328518251276e-13
TUR.40.25_1,2041,8,albopictus,23.479001381817987,71.099527655479,0.6821193203815904,0.08813951088705387,0.08813951088705387,0.08813951088705387,2.6774693573372588e-11,2.6774693573372588e-11,2.6774693573372588e-11,0.9999999999732253,0.9999999999732253,0.9999999999732253,0.06387994527422414,1.7103659602011617e-12,1.7103659602011617e-12,1.7103659602011617e-12
TUR.40.25_1,2041,9,albopictus,22.859775374917422,70.38214029363489,0.5436820376928231,0.07933631922613474,0.07933631922613474,0.07933631922613474,1.365685342591405e-12,1.365685342591405e-12,1.365685342591405e-12,0.9999999999986343,0.9999999999986343,0.9999999999986343,0.05291667735524885,7.226753064270187e-14,7.226753064270187e-14,7.226753064270187e-14
TUR.40.25_1,2041,10,albopictus,16.579162317163807,79.75568529374665,0.5357759579298507,0.013067439540965502,0.013067439540965502,0.013067439540965502,0,0,0,1,1,1,0.050528045462445936,0,0,0
TUR.40.25_1,2041,11,albopictus,12.907512286130121,83.45500278218007,0.31077663020573587,4.797490670867937e-4,4.797490670867937e-4,4.797490670867937e-4,0,0,0,1,1,1,0.030599716401709443,0,0,0
TUR.40.25_1,2041,12,albopictus,10.816540493684657,81.53170695716452,0.2556186578802083,1.8512987643429049e-9,1.8512987643429049e-9,1.8512987643429049e-9,0,0,0,1,1,1,0.024433830130643597,0,0,0
TUR.40.25_1,2042,1,albopictus,9.968113780021667,80.61681230514147,0.24438833806312435,0,0,0,0,0,0,1,1,1,0.02337300344778659,0,0,0
TUR.40.25_1,2042,2,albopictus,9.421793141785791,77.81257676545209,0.18280987269640078,0,0,0,0,0,0,1,1,1,0.019396197529431336,0,0,0
TUR.40.25_1,2042,3,albopictus,9.572913015589993,67.8282939482624,0.22441436221448788,0,0,0,0,0,0,1,1,1,0.02148339156130108,0,0,0
TUR.40.25_1,2042,4,albopictus,13.867657941930435,68.99641810766838,0.2967467183592725,0.0014651006924264836,0.0014651006924264836,0.0014651006924264836,0,0,0,1,1,1,0.029238701826952096,0,0,0
TUR.40.25_1,2042,5,albopictus,18.877177070168887,61.07975912626226,0.41477344747206774,0.02647578024057353,0.02647578024057353,0.02647578024057353,0,0,0,1,1,1,0.0393444527873793,0,0,0
TUR.40.25_1,2042,6,albopictus,22.536342845243567,63.89416913894263,0.4665250789957661,0.06737141782607435,0.06737141782607435,0.06737141782607435,1.3100631690576847e-14,1.3100631690576847e-14,1.3100631690576847e-14,0.9999999999999869,0.9999999999999869,0.9999999999999869,0.045581006965790816,5.971399843444432e-16,5.971399843444432e-16,5.971399843444432e-16
TUR.40.25_1,2042,7,albopictus,24.81072145349839,75.17224176198798,0.5478563857866319,0.11229542162631886,0.11229542162631886,0.11229542162631886,2.358423867310222e-8,2.358423867310222e-8,2.358423867310222e-8,0.9999999764157613,0.9999999764157613,0.9999999764157613,0.0516373995341205,1.2178287550710352e-9,1.2178287550710352e-9,1.2178287550710352e-9
TUR.40.25_1,2042,8,albopictus,25.046466210309198,69.54267340743212,0.6505449240787279,0.10333025497660278,0.10333025497660278,0.10333025497660278,2.3280282146487252e-9,2.3280282146487252e-9,2.3280282146487252e-9,0.9999999976719718,0.9999999976719718,0.9999999976719718,0.06101517470035356,1.4204504822414416e-10,1.4204504822414416e-10,1.4204504822414416e-10
TUR.40.25_1,2042,9,albopictus,22.402284453896915,72.86994089177942,0.5185157191207912,0.07640582268786343,0.07640582268786343,0.07640582268786343,4.696243394164412e-13,4.696243394164412e-13,4.696243394164412e-13,0.9999999999995304,0.9999999999995304,0.9999999999995304,0.05053021563079607,2.3730219136182937e-14,2.3730219136182937e-14,2.3730219136182937e-14
TUR.40.25_1,2042,10,albopictus,15.307927804834703,74.46146532304353,0.5109756012770597,0.005609011747364461,0.005609011747364461,0.005609011747364461,0,0,0,1,1,1,0.04824654325386357,0,0,0
TUR.40.25_1,2042,11,albopictus,12.483885386410883,79.72575473530507,0.296391193243923,1.9580799876925043e-4,1.9580799876925043e-4,1.9580799876925043e-4,0,0,0,1,1,1,0.02920418821118187,0,0,0
TUR.40.25_1,2042,12,albopictus,9.649729504304775,77.44347300941061,0.2437864101118847,0,0,0,0,0,0,1,1,1,0.02331611220173402,0,0,0
TUR.40.25_1,2043,1,albopictus,5.6528133153915405,82.5908189579735,0.2216877140072236,0,0,0,0,0,0,1,1,1,0.02122515711633932,0,0,0
TUR.40.25_1,2043,2,albopictus,8.180149236146143,75.65657090607709,0.16582911892280555,0,0,0,0,0,0,1,1,1,0.017610495914974433,0,0,0
TUR.40.25_1,2043,3,albopictus,8.913567388758938,70.46402850636787,0.2035690710285395,0,0,0,0,0,0,1,1,1,0.019507451119111674,0,0,0
TUR.40.25_1,2043,4,albopictus,12.591725629918717,65.88570414892814,0.26918265475998515,1.9034718282909436e-4,1.9034718282909436e-4,1.9034718282909436e-4,0,0,0,1,1,1,0.026559198006531504,0,0,0
TUR.40.25_1,2043,5,albopictus,17.23629648545209,73.23359060819585,0.3762461749595746,0.016542307557655043,0.016542307557655043,0.016542307557655043,0,0,0,1,1,1,0.03575601522689309,0,0,0
TUR.40.25_1,2043,6,albopictus,22.222952113432044,66.88024930862036,0.4231907263222076,0.06702041116842784,0.06702041116842784,0.06702041116842784,1.1324274851176597e-14,1.1324274851176597e-14,1.1324274851176597e-14,0.9999999999999887,0.9999999999999887,0.9999999999999887,0.04143611972755745,4.692340085611213e-16,4.692340085611213e-16,4.692340085611213e-16
TUR.40.25_1,2043,7,albopictus,25.161389406989603,64.74418695241766,0.49696737058675555,0.09566327117897334,0.09566327117897334,0.09566327117897334,2.686265654361364e-10,2.686265654361364e-10,2.686265654361364e-10,0.9999999997313734,0.9999999997313734,0.9999999997313734,0.04695543780314937,1.2613477985610137e-11,1.2613477985610137e-11,1.2613477985610137e-11
TUR.40.25_1,2043,8,albopictus,24.369956353131464,68.9133704289165,0.59011742631011,0.09507874778363973,0.09507874778363973,0.09507874778363973,2.2614332628734246e-10,2.2614332628734246e-10,2.2614332628734246e-10,0.9999999997738567,0.9999999997738567,0.9999999997738567,0.05550807165253391,1.255277995930016e-11,1.255277995930016e-11,1.255277995930016e-11
TUR.40.25_1,2043,9,albopictus,21.74436361649457,71.07567514470911,0.4703520853724582,0.06519414833591317,0.06519414833591317,0.06519414833591317,5.10702591327572e-15,5.10702591327572e-15,5.10702591327572e-15,0.9999999999999949,0.9999999999999949,0.9999999999999949,0.04594619383994669,2.3464840255699704e-16,2.3464840255699704e-16,2.3464840255699704e-16
TUR.40.25_1,2043,10,albopictus,17.26113672817455,79.0339445710904,0.4635123502960236,0.01802078277562582,0.01802078277562582,0.01802078277562582,0,0,0,1,1,1,0.04386487702987174,0,0,0
TUR.40.25_1,2043,11,albopictus,13.203760722104242,80.6591348622582,0.2688601534871395,7.478663767369691e-4,7.478663767369691e-4,7.478663767369691e-4,0,0,0,1,1,1,0.02652780391053411,0,0,0
TUR.40.25_1,2043,12,albopictus,9.037928356843837,81.59160533362936,0.22114169764422964,0,0,0,0,0,0,1,1,1,0.021173437000230444,0,0,0
TUR.40.25_1,2044,1,albopictus,9.898720622062683,80.42725999801256,0.23515047137838269,0,0,0,0,0,0,1,1,1,0.022499521130012634,0,0,0
TUR.40.25_1,2044,2,albopictus,5.118515649262597,74.08553361359662,0.18218179988491448,0,0,0,0,0,0,1,1,1,0.018669910252621325,0,0,0
TUR.40.25_1,2044,3,albopictus,8.927410925135892,76.40140643605537,0.21593151079568046,0,0,0,0,0,0,1,1,1,0.020679776818775086,0,0,0
TUR.40.25_1,2044,4,albopictus,11.65243367587819,74.15810023657463,0.28552970757609236,1.0919725088992095e-5,1.0919725088992095e-5,1.0919725088992095e-5,0,0,0,1,1,1,0.028149186891199718,0,0,0
TUR.40.25_1,2044,5,albopictus,16.881535361794864,74.64574575956304,0.3990950323623911,0.01420339669369081,0.01420339669369081,0.01420339669369081,0,0,0,1,1,1,0.037885776488548406,0,0,0
TUR.40.25_1,2044,6,albopictus,21.796142802518958,65.83392362502661,0.4488904548602303,0.06080893660451177,0.06080893660451177,0.06080893660451177,6.661338147750939e-16,6.661338147750939e-16,6.661338147750939e-16,0.9999999999999993,0.9999999999999993,0.9999999999999993,0.043896440046125806,2.9240903062971983e-17,2.9240903062971983e-17,2.9240903062971983e-17
TUR.40.25_1,2044,7,albopictus,25.16977029688218,62.400364473169624,0.5271474424123614,0.09163596059165827,0.09163596059165827,0.09163596059165827,8.014888752683191e-11,8.014888752683191e-11,8.014888752683191e-11,0.9999999999198511,0.9999999999198511,0.9999999999198511,0.049734888536605903,3.986195987479949e-12,3.986195987479949e-12,3.986195987479949e-12
TUR.40.25_1,2044,8,albopictus,24.662564614239862,71.8811324223247,0.6259543592068377,0.10390781962820077,0.10390781962820077,0.10390781962820077,2.7201126906462036e-9,2.7201126906462036e-9,2.7201126906462036e-9,0.9999999972798873,0.9999999972798873,0.9999999972798873,0.058777981480395036,1.5988273335539007e-10,1.5988273335539007e-10,1.5988273335539007e-10
TUR.40.25_1,2044,9,albopictus,22.278035949258243,68.2880126386056,0.4989158514464851,0.06931663289831413,0.06931663289831413,0.06931663289831413,2.9531932455029164e-14,2.9531932455029164e-14,2.9531932455029164e-14,0.9999999999999705,0.9999999999999705,0.9999999999999705,0.048667442508349534,1.4372436249155937e-15,1.4372436249155937e-15,1.4372436249155937e-15
TUR.40.25_1,2044,10,albopictus,19.614127832300525,76.94293352372712,0.4916607496717677,0.04176544550746148,0.04176544550746148,0.04176544550746148,0,0,0,1,1,1,0.04646588183158773,0,0,0
TUR.40.25_1,2044,11,albopictus,11.131095507565668,73.75331210835195,0.2851876212919273,2.3152292088734775e-7,2.3152292088734775e-7,2.3152292088734775e-7,0,0,0,1,1,1,0.028115940639206638,0,0,0
TUR.40.25_1,2044,12,albopictus,7.754013790803798,78.64617839271139,0.2345712962729271,0,0,0,0,0,0,1,1,1,0.022444731471059076,0,0,0
TUR.40.25_1,2045,1,albopictus,7.828082919120789,79.87739427535631,0.24451583308120475,0,0,0,0,0,0,1,1,1,0.02338505321957096,0,0,0
TUR.40.25_1,2045,2,albopictus,5.854957261506249,74.80857896271772,0.18290524282825496,0,0,0,0,0,0,1,1,1,0.019406217511874324,0,0,0
TUR.40.25_1,2045,3,albopictus,9.964303816066067,73.48667254933662,0.22453143700371395,0,0,0,0,0,0,1,1,1,0.021494477913886922,0,0,0
TUR.40.25_1,2045,4,albopictus,12.496879858129166,77.1166649948754,0.29690152823490884,1.940102503256719e-4,1.940102503256719e-4,1.940102503256719e-4,0,0,0,1,1,1,0.02925373005421017,0,0,0
TUR.40.25_1,2045,5,albopictus,19.734297584084903,65.16477346952398,0.4149898307438877,0.03669199606433332,0.03669199606433332,0.03669199606433332,0,0,0,1,1,1,0.03936456900808738,0,0,0
TUR.40.25_1,2045,6,albopictus,22.06880210427677,72.81436948684302,0.46676846059021104,0.07159556169231944,0.07159556169231944,0.07159556169231944,7.405187574249794e-14,7.405187574249794e-14,7.405187574249794e-14,0.999999999999926,0.999999999999926,0.999999999999926,0.045604235484749234,3.3770791794482657e-15,3.3770791794482657e-15,3.3770791794482657e-15
TUR.40.25_1,2045,7,albopictus,25.216097887824564,64.86488015920477,0.5481421971324798,0.09619278590034122,0.09619278590034122,0.09619278590034122,3.1366076402861154e-10,3.1366076402861154e-10,3.1366076402861154e-10,0.9999999996863392,0.9999999996863392,0.9999999996863392,0.05166363008663777,1.6204853685466366e-11,1.6204853685466366e-11,1.6204853685466366e-11
TUR.40.25_1,2045,8,albopictus,25.961741784039667,67.3263114079204,0.6508843070358481,0.10633647480904089,0.10633647480904089,0.10633647480904089,5.1815075563510504e-9,5.1815075563510504e-9,5.1815075563510504e-9,0.9999999948184924,0.9999999948184924,0.9999999948184924,0.06104601375327756,3.1631038154771785e-10,3.1631038154771785e-10,3.1631038154771785e-10
TUR.40.25_1,2045,9,albopictus,22.023759673623477,72.83872903875208,0.5187862237263228,0.07103210046729921,0.07103210046729921,0.07103210046729921,5.917488721252084e-14,5.917488721252084e-14,5.917488721252084e-14,0.9999999999999408,0.9999999999999408,0.9999999999999408,0.0505558988783712,2.9916396140552246e-15,2.9916396140552246e-15,2.9916396140552246e-15
TUR.40.25_1,2045,10,albopictus,17.314506250269275,76.7648024202115,0.5112421722764772,0.017864129849476326,0.017864129849476326,0.017864129849476326,0,0,0,1,1,1,0.0482710955052531,0,0,0
TUR.40.25_1,2045,11,albopictus,13.269350626889398,79.64449405415273,0.2965458176455659,7.973628168658081e-4,7.973628168658081e-4,7.973628168658081e-4,0,0,0,1,1,1,0.029219198967281645,0,0,0
TUR.40.25_1,2045,12,albopictus,11.231607212739833,81.67901530677389,0.24391359111000974,8.986929805345546e-7,8.986929805345546e-7,8.986929805345546e-7,0,0,0,1,1,1,0.023328132995343087,0,0,0
TUR.40.25_1,2046,1,albopictus,7.42998206615448,77.42290361373522,0.24812385282497706,0,0,0,0,0,0,1,1,1,0.02372599169549472,0,0,0
TUR.40.25_1,2046,2,albopictus,7.995963254395654,80.56687211457319,0.1856041507846352,0,0,0,0,0,0,1,1,1,0.019689733556650046,0,0,0
TUR.40.25_1,2046,3,albopictus,7.215888822779935,74.24006762990302,0.2278445715668157,0,0,0,0,0,0,1,1,1,0.021808161862184483,0,0,0
TUR.40.25_1,2046,4,albopictus,14.612807554357193,81.14040004126213,0.30128253932253013,0.0036130814125704346,0.0036130814125704346,0.0036130814125704346,0,0,0,1,1,1,0.029678921926084234,0,0,0
TUR.40.25_1,2046,5,albopictus,18.670517753152286,74.88841391141851,0.4211133258317964,0.030056964375059177,0.030056964375059177,0.030056964375059177,0,0,0,1,1,1,0.03993366936898002,0,0,0
TUR.40.25_1,2046,6,albopictus,23.235004649442786,70.55651883987036,0.4736559893050504,0.0843340932532194,0.0843340932532194,0.0843340932532194,7.698397475053298e-12,7.698397475053298e-12,7.698397475053298e-12,0.9999999999923016,0.9999999999923016,0.9999999999923016,0.04626135198667547,3.561382753267743e-13,3.561382753267743e-13,3.561382753267743e-13
TUR.40.25_1,2046,7,albopictus,24.16565233118394,68.89851434499579,0.5562304581040787,0.09323588174512205,0.09323588174512205,0.09323588174512205,1.3044720859056724e-10,1.3044720859056724e-10,1.3044720859056724e-10,0.9999999998695528,0.9999999998695528,0.9999999998695528,0.05240563565662848,6.836168885821484e-12,6.836168885821484e-12,6.836168885821484e-12
TUR.40.25_1,2046,8,albopictus,27.832982399884393,65.26152258956103,0.6604886070973373,0.10787782922148191,0.10787782922148191,0.10787782922148191,7.735672213904365e-9,7.735672213904365e-9,7.735672213904365e-9,0.9999999922643278,0.9999999922643278,0.9999999922643278,0.06191831758344657,4.789798088619737e-10,4.789798088619737e-10,4.789798088619737e-10
TUR.40.25_1,2046,9,albopictus,23.8480146632475,66.00392831853723,0.5264413146642581,0.08483074257534878,0.08483074257534878,0.08483074257534878,9.088285679581531e-12,9.088285679581531e-12,9.088285679581531e-12,0.9999999999909117,0.9999999999909117,0.9999999999909117,0.051282428853697715,4.660693637652197e-13,4.660693637652197e-13,4.660693637652197e-13
TUR.40.25_1,2046,10,albopictus,14.329317766077379,84.7081617952115,0.5187859449155684,0.0029273618527138503,0.0029273618527138503,0.0029273618527138503,0,0,0,1,1,1,0.04896564451082508,0,0,0
TUR.40.25_1,2046,11,albopictus,12.387810328427484,83.17613315327382,0.3009215799490359,1.6866243443085875e-4,1.6866243443085875e-4,1.6866243443085875e-4,0,0,0,1,1,1,0.029643896645109802,0,0,0
TUR.40.25_1,2046,12,albopictus,8.743160023408779,79.50363078528952,0.24751272430890997,0,0,0,0,0,0,1,1,1,0.023668251708810262,0,0,0
TUR.40.25_1,2047,1,albopictus,8.907557368278503,79.98033006637193,0.24645196829005006,0,0,0,0,0,0,1,1,1,0.02356802239233413,0,0,0
TUR.40.25_1,2047,2,albopictus,7.228053250733544,81.73971604767866,0.18435353055694606,0,0,0,0,0,0,1,1,1,0.019558368057618014,0,0,0
TUR.40.25_1,2047,3,albopictus,10.29783614944009,75.39383044728584,0.2263093309551913,0,0,0,0,0,0,1,1,1,0.021662819468551087,0,0,0
TUR.40.25_1,2047,4,albopictus,11.657979292028092,73.87763606421134,0.2992524659845501,1.1303318804630447e-5,1.1303318804630447e-5,1.1303318804630447e-5,0,0,0,1,1,1,0.0294819196353181,0,0,0
TUR.40.25_1,2047,5,albopictus,17.851637671975528,70.90745688016851,0.4182758200906354,0.020868291620366262,0.020868291620366262,0.020868291620366262,0,0,0,1,1,1,0.03967000151858069,0,0,0
TUR.40.25_1,2047,6,albopictus,23.089346156400794,65.23323087600318,0.47046444558856115,0.07553908966533193,0.07553908966533193,0.07553908966533193,3.397282455352979e-13,3.397282455352979e-13,3.397282455352979e-13,0.9999999999996603,0.9999999999996603,0.9999999999996603,0.04595691354890652,1.5612861610187373e-14,1.5612861610187373e-14,1.5612861610187373e-14
TUR.40.25_1,2047,7,albopictus,25.377366122077493,68.91538675100165,0.5524825189592858,0.10496735464299226,0.10496735464299226,0.10496735464299226,3.6103247058605348e-9,3.6103247058605348e-9,3.6103247058605348e-9,0.9999999963896753,0.9999999963896753,0.9999999963896753,0.05206187725352984,1.879602816818974e-10,1.879602816818974e-10,1.879602816818974e-10
TUR.40.25_1,2047,8,albopictus,25.919394829693964,71.5464041813579,0.6560381656136623,0.1149436889287212,0.1149436889287212,0.1149436889287212,4.496509320439657e-8,4.496509320439657e-8,4.496509320439657e-8,0.9999999550349068,0.9999999550349068,0.9999999550349068,0.06151421015136327,2.765992192850887e-9,2.765992192850887e-9,2.765992192850887e-9
TUR.40.25_1,2047,9,albopictus,22.510459731606876,66.29239191106653,0.5228940978912111,0.06964629092677377,0.06964629092677377,0.06964629092677377,3.375077994860476e-14,3.375077994860476e-14,3.375077994860476e-14,0.9999999999999662,0.9999999999999662,0.9999999999999662,0.050945838471149085,1.7194617835369155e-15,1.7194617835369155e-15,1.7194617835369155e-15
TUR.40.25_1,2047,10,albopictus,16.26283236110912,82.21811052568025,0.5152903108265167,0.011346542051885617,0.011346542051885617,0.011346542051885617,0,0,0,1,1,1,0.04864386736675008,0,0,0
TUR.40.25_1,2047,11,albopictus,13.742910960141351,78.98502444966054,0.2988939387931593,0.0014645743597331692,0.0014645743597331692,0.0014645743597331692,0,0,0,1,1,1,0.029447123299395472,0,0,0
TUR.40.25_1,2047,12,albopictus,7.840252651887782,73.22788157874655,0.2458449576219981,0,0,0,0,0,0,1,1,1,0.023510662195302845,0,0,0
TUR.40.25_1,2048,1,albopictus,7.7305744886398315,81.73588426559068,0.2561704789259053,0,0,0,0,0,0,1,1,1,0.024485925960006982,0,0,0
TUR.40.25_1,2048,2,albopictus,8.084385075989893,76.10518693390912,0.19846695885633803,0,0,0,0,0,0,1,1,1,0.020321737418601216,0,0,0
TUR.40.25_1,2048,3,albopictus,11.615430677638333,75.08541980275459,0.23523354306492308,9.575979781245364e-6,9.575979781245364e-6,9.575979781245364e-6,0,0,0,1,1,1,0.022507379415848794,0,0,0
TUR.40.25_1,2048,4,albopictus,15.267771047704361,69.85170375219963,0.3110530951037056,0.005155656909717381,0.005155656909717381,0.005155656909717381,0,0,0,1,1,1,0.030626516546292448,0,0,0
TUR.40.25_1,2048,5,albopictus,17.772066901711856,67.39985800321539,0.434769979315559,0.019221559015516965,0.019221559015516965,0.019221559015516965,0,0,0,1,1,1,0.04120166611049414,0,0,0
TUR.40.25_1,2048,6,albopictus,22.43770431069767,64.6229098310813,0.4890165949179717,0.06726098431558854,0.06726098431558854,0.06726098431558854,1.2545520178264269e-14,1.2545520178264269e-14,1.2545520178264269e-14,0.9999999999999875,0.9999999999999875,0.9999999999999875,0.04772522772094545,5.987378073853785e-16,5.987378073853785e-16,5.987378073853785e-16
TUR.40.25_1,2048,7,albopictus,25.17393403894761,65.02974374563055,0.5742689436078029,0.09622632552822868,0.09622632552822868,0.09622632552822868,3.1674551870253254e-10,3.1674551870253254e-10,3.1674551870253254e-10,0.9999999996832545,0.9999999996832545,0.9999999996832545,0.0540583701521844,1.712274649406715e-11,1.712274649406715e-11,1.712274649406715e-11
TUR.40.25_1,2048,8,albopictus,25.8506539849674,69.68430167281298,0.6819081715798542,0.11035718335334256,0.11035718335334256,0.11035718335334256,1.4549003446440167e-8,1.4549003446440167e-8,1.4549003446440167e-8,0.9999999854509966,0.9999999854509966,0.9999999854509966,0.06386081663093457,9.291112412559506e-10,9.291112412559506e-10,9.291112412559506e-10
TUR.40.25_1,2048,9,albopictus,20.18985922196332,76.18707193425989,0.5435137419015236,0.04865482920893387,0.04865482920893387,0.04865482920893387,0,0,0,1,1,1,0.052900738207403486,0,0,0
TUR.40.25_1,2048,10,albopictus,17.511777597315174,79.69127794511384,0.5356101094512405,0.020396601933163193,0.020396601933163193,0.020396601933163193,0,0,0,1,1,1,0.05051280645507594,0,0,0
TUR.40.25_1,2048,11,albopictus,12.849991419736078,84.13175296528554,0.31068042986202066,4.431792514773985e-4,4.431792514773985e-4,4.431792514773985e-4,0,0,0,1,1,1,0.03059039069280478,0,0,0
TUR.40.25_1,2048,12,albopictus,10.040267719941982,77.42675700599264,0.255539531587051,0,0,0,0,0,0,1,1,1,0.02442635981803387,0,0,0
TUR.40.25_1,2049,1,albopictus,6.600338339805603,80.20012529342272,0.23273490177042455,0,0,0,0,0,0,1,1,1,0.022270989214998815,0,0,0
TUR.40.25_1,2049,2,albopictus,9.135600247803858,81.96962022248334,0.17409274968624386,0,0,0,0,0,0,1,1,1,0.018479907845113108,0,0,0
TUR.40.25_1,2049,3,albopictus,9.836882436976712,75.5105449248249,0.21371336684801545,0,0,0,0,0,0,1,1,1,0.02046953426474374,0,0,0
TUR.40.25_1,2049,4,albopictus,13.191941541783951,74.2791863571801,0.28259662017997933,6.574557704438174e-4,6.574557704438174e-4,6.574557704438174e-4,0,0,0,1,1,1,0.027864092745858215,0,0,0
TUR.40.25_1,2049,5,albopictus,17.60312540390912,70.92785788114507,0.3949953517399763,0.018741730501363154,0.018741730501363154,0.018741730501363154,0,0,0,1,1,1,0.0375039883990439,0,0,0
TUR.40.25_1,2049,6,albopictus,24.16910956887638,66.33638029006568,0.4442792536421044,0.08868298776385274,0.08868298776385274,0.08868298776385274,3.184419394841598e-11,3.184419394841598e-11,3.184419394841598e-11,0.9999999999681558,0.9999999999681558,0.9999999999681558,0.043455459791473916,1.3838040897172875e-12,1.3838040897172875e-12,1.3838040897172875e-12
TUR.40.25_1,2049,7,albopictus,26.429884966681986,58.887772157495796,0.5217323508187104,0.09193432545014331,0.09193432545014331,0.09193432545014331,8.782963245579367e-11,8.782963245579367e-11,8.782963245579367e-11,0.9999999999121704,0.9999999999121704,0.9999999999121704,0.04923678003816023,4.324448294058372e-12,4.324448294058372e-12,4.324448294058372e-12
TUR.40.25_1,2049,8,albopictus,25.474322655621698,65.27794104659228,0.6195242792788418,0.09928944218455552,0.09928944218455552,0.09928944218455552,7.627183329361742e-10,7.627183329361742e-10,7.627183329361742e-10,0.9999999992372817,0.9999999992372817,0.9999999992372817,0.0581921089432329,4.4384188323222834e-11,4.4384188323222834e-11,4.4384188323222834e-11
TUR.40.25_1,2049,9,albopictus,20.362125228433047,72.01271738103723,0.49379076723713455,0.04817095730388914,0.04817095730388914,0.04817095730388914,0,0,0,1,1,1,0.048179751599351506,0,0,0
TUR.40.25_1,2049,10,albopictus,14.716689782984117,78.64808794267243,0.4866101930755106,0.0038026285646245864,0.0038026285646245864,0.0038026285646245864,0,0,0,1,1,1,0.045999715205635394,0,0,0
TUR.40.25_1,2049,11,albopictus,12.106350520077875,80.85995578510976,0.28225804795737014,7.516632666304667e-5,7.516632666304667e-5,7.516632666304667e-5,0,0,0,1,1,1,0.02783117836718696,0,0,0
TUR.40.25_1,2049,12,albopictus,8.6227185866412,82.42780223304342,0.23216167620772016,0,0,0,0,0,0,1,1,1,0.022216749717453466,0,0,0
TUR.40.25_1,2050,1,albopictus,6.3122323751449585,75.88892991988756,0.2377658842556885,0,0,0,0,0,0,1,1,1,0.02274689956497955,0,0,0
TUR.40.25_1,2050,2,albopictus,8.416078725281885,79.44165086213178,0.17785607683580437,0,0,0,0,0,0,1,1,1,0.018875590340035164,0,0,0
TUR.40.25_1,2050,3,albopictus,6.91412719558267,75.18435779103584,0.21833316472663253,0,0,0,0,0,0,1,1,1,0.020907362137725705,0,0,0
TUR.40.25_1,2050,4,albopictus,15.403351110570572,66.7032128464379,0.2887054531728181,0.005417234500418846,0.005417234500418846,0.005417234500418846,0,0,0,1,1,1,0.028457772983100482,0,0,0
TUR.40.25_1,2050,5,albopictus,19.43869669297162,71.26713705594976,0.4035338849863767,0.03669573792253798,0.03669573792253798,0.03669573792253798,0,0,0,1,1,1,0.03829897966009288,0,0,0
TUR.40.25_1,2050,6,albopictus,23.302398906034583,71.03971128371802,0.4538831468555271,0.0857252894447953,0.0857252894447953,0.0857252894447953,1.2223888568030361e-11,1.2223888568030361e-11,1.2223888568030361e-11,0.9999999999877761,0.9999999999877761,0.9999999999877761,0.04437367396116065,5.424188458553382e-13,5.424188458553382e-13,5.424188458553382e-13
TUR.40.25_1,2050,7,albopictus,25.084147509406595,68.07625634939032,0.5330105316974585,0.10091411692136891,0.10091411692136891,0.10091411692136891,1.201483246227042e-9,1.201483246227042e-9,1.201483246227042e-9,0.9999999987985168,0.9999999987985168,0.9999999987985168,0.050273911975862284,6.040326296129158e-11,6.040326296129158e-11,6.040326296129158e-11
TUR.40.25_1,2050,8,albopictus,26.015050270978143,69.14378195845751,0.6329164081539604,0.11073576996362826,0.11073576996362826,0.11073576996362826,1.6000279323691302e-8,1.6000279323691302e-8,1.6000279323691302e-8,0.9999999839997207,0.9999999839997207,0.9999999839997207,0.05941191310462868,9.506072048289344e-10,9.506072048289344e-10,9.506072048289344e-10
TUR.40.25_1,2050,9,albopictus,22.891679595498477,68.74775613836145,0.5044649406527127,0.07775824773258985,0.07775824773258985,0.07775824773258985,7.726042028366464e-13,7.726042028366464e-13,7.726042028366464e-13,0.9999999999992274,0.9999999999992274,0.9999999999992274,0.04919519898904856,3.800841749832406e-14,3.800841749832406e-14,3.800841749832406e-14
TUR.40.25_1,2050,10,albopictus,17.951673227197986,79.7271818757779,0.4971291454968742,0.0243934126017405,0.0243934126017405,0.0243934126017405,0,0,0,1,1,1,0.04697035820555373,0,0,0
TUR.40.25_1,2050,11,albopictus,12.204581835690668,83.73745822651601,0.2883595621041356,1.080065863994985e-4,1.080065863994985e-4,1.080065863994985e-4,0,0,0,1,1,1,0.02842416762399691,0,0,0
TUR.40.25_1,2050,12,albopictus,7.466406597810634,77.3579474967153,0.237180267393939,0,0,0,0,0,0,1,1,1,0.022691514521992473,0,0,0
TUR.40.25_1,2051,1,albopictus,8.72996985912323,80.38119371383287,0.24525092529523088,0,0,0,0,0,0,1,1,1,0.023454525139800952,0,0,0
TUR.40.25_1,2051,2,albopictus,6.256593862000634,78.30072068635053,0.18345511405014409,0,0,0,0,0,0,1,1,1,0.019463987270970762,0,0,0
TUR.40.25_1,2051,3,albopictus,10.980899656520169,69.85699573048896,0.225206449779229,2.5825177707269637e-8,2.5825177707269637e-8,2.5825177707269637e-8,0,0,0,1,1,1,0.02155839554183636,0,0,0
TUR.40.25_1,2051,4,albopictus,11.574065488927506,70.38421260229728,0.2977941084780273,6.584341708125369e-6,6.584341708125369e-6,6.584341708125369e-6,0,0,0,1,1,1,0.029340373081523374,0,0,0
TUR.40.25_1,2051,5,albopictus,16.89505655625287,66.63295889432867,0.4162374219106263,0.012831629054188014,0.012831629054188014,0.012831629054188014,0,0,0,1,1,1,0.03948054396925227,0,0,0
TUR.40.25_1,2051,6,albopictus,22.291181788725012,63.199104594264895,0.4681717147550195,0.06397070853557933,0.06397070853557933,0.06397070853557933,2.9976021664879227e-15,2.9976021664879227e-15,2.9976021664879227e-15,0.999999999999997,0.999999999999997,0.999999999999997,0.04573815207172227,1.3710478374134874e-16,1.3710478374134874e-16,1.3710478374134874e-16
TUR.40.25_1,2051,7,albopictus,24.808632906745462,70.96122033864813,0.5497900865808388,0.10366401218175327,0.10366401218175327,0.10366401218175327,2.5474230502808837e-9,2.5474230502808837e-9,2.5474230502808837e-9,0.999999997452577,0.999999997452577,0.999999997452577,0.05181485223781235,1.319943489375012e-10,1.319943489375012e-10,1.319943489375012e-10
TUR.40.25_1,2051,8,albopictus,25.549075463238886,68.1345389469829,0.6528410718813169,0.10494795560401894,0.10494795560401894,0.10494795560401894,3.5917582241751234e-9,3.5917582241751234e-9,3.5917582241751234e-9,0.9999999964082418,0.9999999964082418,0.9999999964082418,0.06122380132122063,2.1990109191075799e-10,2.1990109191075799e-10,2.1990109191075799e-10
TUR.40.25_1,2051,9,albopictus,21.42706091263715,67.69016183904505,0.5203458597997814,0.05784459366578086,0.05784459366578086,0.05784459366578086,2.220446049250313e-16,2.220446049250313e-16,2.220446049250313e-16,0.9999999999999998,0.9999999999999998,0.9999999999999998,0.05070396605850935,1.1258542111593906e-17,1.1258542111593906e-17,1.1258542111593906e-17
TUR.40.25_1,2051,10,albopictus,17.26176233852611,69.89550157792634,0.5127791285364729,0.015978044899406373,0.015978044899406373,0.015978044899406373,0,0,0,1,1,1,0.04841264294900505,0,0,0
TUR.40.25_1,2051,11,albopictus,13.599428751889398,83.79476260884023,0.29743732850973503,0.0013283947404048222,0.0013283947404048222,0.0013283947404048222,0,0,0,1,1,1,0.029305741272638852,0,0,0
TUR.40.25_1,2051,12,albopictus,10.184887661653407,79.04952159339499,0.244646872793493,0,0,0,0,0,0,1,1,1,0.023397437851525926,0,0,0
TUR.40.25_1,2052,1,albopictus,6.962451338768005,78.46737535445787,0.23682393708491087,0,0,0,0,0,0,1,1,1,0.02265781284724322,0,0,0
TUR.40.25_1,2052,2,albopictus,6.11108175796621,75.55412339631147,0.1834783101265223,0,0,0,0,0,0,1,1,1,0.018801519134729938,0,0,0
TUR.40.25_1,2052,3,albopictus,6.895332182154935,76.16590991505927,0.21746820334899425,0,0,0,0,0,0,1,1,1,0.020825402838157925,0,0,0
TUR.40.25_1,2052,4,albopictus,13.727592748754166,82.5821419846215,0.28756170083990656,0.0015203734422647845,0.0015203734422647845,0.0015203734422647845,0,0,0,1,1,1,0.02834664625928196,0,0,0
TUR.40.25_1,2052,5,albopictus,16.861475776223575,75.38140249784429,0.40193522165220774,0.014270167806554676,0.014270167806554676,0.014270167806554676,0,0,0,1,1,1,0.03815018400586756,0,0,0
TUR.40.25_1,2052,6,albopictus,22.600877986234778,70.9687579145774,0.4520850169539957,0.07666752527997274,0.07666752527997274,0.07666752527997274,5.174749517777855e-13,5.174749517777855e-13,5.174749517777855e-13,0.9999999999994825,0.9999999999994825,0.9999999999994825,0.044201824484085495,2.2873336993392277e-14,2.2873336993392277e-14,2.2873336993392277e-14
TUR.40.25_1,2052,7,albopictus,25.70828920252183,65.77828653127509,0.5308989261410145,0.10168445493469701,0.10168445493469701,0.10168445493469701,1.486293976782349e-9,1.486293976782349e-9,1.486293976782349e-9,0.999999998513706,0.999999998513706,0.999999998513706,0.050079816639992614,7.443332983038548e-11,7.443332983038548e-11,7.443332983038548e-11
TUR.40.25_1,2052,8,albopictus,24.901099541608026,76.61664038741259,0.6304090096604144,0.11585683788939231,0.11585683788939231,0.11585683788939231,5.5956101863152696e-8,5.5956101863152696e-8,5.5956101863152696e-8,0.9999999440438981,0.9999999440438981,0.9999999440438981,0.05918365033236217,3.3116863666308685e-9,3.3116863666308685e-9,3.3116863666308685e-9
TUR.40.25_1,2052,9,albopictus,22.61982328751508,72.92218698552942,0.5024664229717938,0.07922409083568512,0.07922409083568512,0.07922409083568512,1.31206157050201e-12,1.31206157050201e-12,1.31206157050201e-12,0.9999999999986879,0.9999999999986879,0.9999999999986879,0.049005159979272794,6.429778716510691e-14,6.429778716510691e-14,6.429778716510691e-14
TUR.40.25_1,2052,10,albopictus,17.22976656521068,73.47367235429353,0.4951596897291648,0.016472079694249,0.016472079694249,0.016472079694249,0,0,0,1,1,1,0.0467887005988642,0,0,0
TUR.40.25_1,2052,11,albopictus,14.768803217831781,76.42987918598867,0.287217180073421,0.0038313387861805596,0.0038313387861805596,0.0038313387861805596,0,0,0,1,1,1,0.02831317020680657,0,0,0
TUR.40.25_1,2052,12,albopictus,11.574892773347743,84.52996745521139,0.2362406402370179,1.0032339825698272e-5,1.0032339825698272e-5,1.0032339825698272e-5,0,0,0,1,1,1,0.022602642198143785,0,0,0
TUR.40.25_1,2053,1,albopictus,9.496500849723816,79.14652116744615,0.24653080091942572,0,0,0,0,0,0,1,1,1,0.023575471528455072,0,0,0
TUR.40.25_1,2053,2,albopictus,6.054391541901757,77.95768022004194,0.18441249974939894,0,0,0,0,0,0,1,1,1,0.019564562593543666,0,0,0
TUR.40.25_1,2053,3,albopictus,8.788111532435696,75.18878283986396,0.22638172055603412,0,0,0,0,0,0,1,1,1,0.021669673132091893,0,0,0
TUR.40.25_1,2053,4,albopictus,13.749267858617447,71.3290673386254,0.2993481879173242,0.0013046204210244027,0.0013046204210244027,0.0013046204210244027,0,0,0,1,1,1,0.029491209577499955,0,0,0
TUR.40.25_1,2053,5,albopictus,17.876232932595645,81.79588461454351,0.41840961404217414,0.02434060828621441,0.02434060828621441,0.02434060828621441,0,0,0,1,1,1,0.03968243560052975,0,0,0
TUR.40.25_1,2053,6,albopictus,21.990776286405676,79.31132535842505,0.4706149331238438,0.0781241047633525,0.0781241047633525,0.0781241047633525,8.826273045769994e-13,8.826273045769994e-13,8.826273045769994e-13,0.9999999999991174,0.9999999999991174,0.9999999999991174,0.04597127060014172,4.057549865778295e-14,4.057549865778295e-14,4.057549865778295e-14
TUR.40.25_1,2053,7,albopictus,24.71842866785386,74.41926629812079,0.5526592416284365,0.10904460137746783,0.10904460137746783,0.10904460137746783,1.0433968578027475e-8,1.0433968578027475e-8,1.0433968578027475e-8,0.9999999895660314,0.9999999895660314,0.9999999895660314,0.052078088936376665,5.433811435658744e-10,5.433811435658744e-10,5.433811435658744e-10
TUR.40.25_1,2053,8,albopictus,26.11644110960119,66.83573752486376,0.6562480126435926,0.10645801863940348,0.10645801863940348,0.10645801863940348,5.349087284223231e-9,5.349087284223231e-9,5.349087284223231e-9,0.9999999946509127,0.9999999946509127,0.9999999946509127,0.06153326851806851,3.2914682418669386e-10,3.2914682418669386e-10,3.2914682418669386e-10
TUR.40.25_1,2053,9,albopictus,22.428504775552188,64.1649199872384,0.5230613561075191,0.06669400398676024,0.06669400398676024,0.06669400398676024,9.880984919163893e-15,9.880984919163893e-15,9.880984919163893e-15,0.9999999999999901,0.9999999999999901,0.9999999999999901,0.05096171204902311,5.035519082111703e-16,5.035519082111703e-16,5.035519082111703e-16
TUR.40.25_1,2053,10,albopictus,18.093017297632557,71.96356340653962,0.5154551368182753,0.02330984550722608,0.02330984550722608,0.02330984550722608,0,0,0,1,1,1,0.048659042234569516,0,0,0
TUR.40.25_1,2053,11,albopictus,13.147136309567621,74.67318057759023,0.2989895460437851,6.104902125302512e-4,6.104902125302512e-4,6.104902125302512e-4,0,0,0,1,1,1,0.029456402444250518,0,0,0
TUR.40.25_1,2053,12,albopictus,10.887752308565029,80.17753520423483,0.24592359608677714,8.145142163506944e-9,8.145142163506944e-9,8.145142163506944e-9,0,0,0,1,1,1,0.023518093420806796,0,0,0
TUR.40.25_1,2054,1,albopictus,9.181223750114441,76.97882707564928,0.24129828973090608,0,0,0,0,0,0,1,1,1,0.023080912232877893,0,0,0
TUR.40.25_1,2054,2,albopictus,4.880136170808007,75.38156175080366,0.18049842303102176,0,0,0,0,0,0,1,1,1,0.019153315705425,0,0,0
TUR.40.25_1,2054,3,albopictus,7.757024610743803,74.25166430959052,0.22157686501154206,0,0,0,0,0,0,1,1,1,0.021214657426958272,0,0,0
TUR.40.25_1,2054,4,albopictus,11.689473432653092,78.68510829321525,0.2929946501983095,1.510126094578085e-5,1.510126094578085e-5,1.510126094578085e-5,0,0,0,1,1,1,0.028874397230565174,0,0,0
TUR.40.25_1,2054,5,albopictus,18.34552843430463,70.65401602323492,0.40952904829260106,0.024989135715395717,0.024989135715395717,0.024989135715395717,0,0,0,1,1,1,0.038856774737905386,0,0,0
TUR.40.25_1,2054,6,albopictus,22.124878154081458,72.24801664260474,0.46062633172446016,0.07151620949243358,0.07151620949243358,0.07151620949243358,7.172040739078511e-14,7.172040739078511e-14,7.172040739078511e-14,0.9999999999999283,0.9999999999999283,0.9999999999999283,0.04501785324396168,3.228698774515509e-15,3.228698774515509e-15,3.228698774515509e-15
TUR.40.25_1,2054,7,albopictus,25.066712435554056,71.3433156755622,0.5409292847448554,0.10714219034324546,0.10714219034324546,0.10714219034324546,6.394015206190318e-9,6.394015206190318e-9,6.394015206190318e-9,0.9999999936059848,0.9999999936059848,0.9999999936059848,0.05100143766338139,3.261039679572282e-10,3.261039679572282e-10,3.261039679572282e-10
TUR.40.25_1,2054,8,albopictus,26.06864295286291,71.37608557784228,0.6423194282403655,0.11583884774088948,0.11583884774088948,0.11583884774088948,5.571658301395388e-8,5.571658301395388e-8,5.571658301395388e-8,0.999999944283417,0.999999944283417,0.999999944283417,0.06026743044405425,3.35789529137384e-9,3.35789529137384e-9,3.35789529137384e-9
TUR.40.25_1,2054,9,albopictus,23.22512228348676,64.03065027288294,0.51195960173075306,0.07530217853846585,0.07530217853846585,0.07530217853846585,3.107514245925813e-13,3.107514245925813e-13,3.107514245925813e-13,0.9999999999996892,0.9999999999996892,0.9999999999996892,0.04990752799597664,1.5508835422643877e-14,1.5508835422643877e-14,1.5508835422643877e-14
TUR.40.25_1,2054,10,albopictus,16.86764498317943,74.91536852128571,0.5045148212044747,0.014158151050311893,0.014158151050311893,0.014158151050311893,0,0,0,1,1,1,0.047651285917055586,0,0,0
TUR.40.25_1,2054,11,albopictus,13.752402880612543,77.39244174702382,0.2926436203456982,0.001442097933387246,0.001442097933387246,0.001442097933387246,0,0,0,1,1,1,0.02884030722451747,0,0,0
TUR.40.25_1,2054,12,albopictus,6.9095370909746965,79.48701396400045,0.2407039725620654,0,0,0,0,0,0,1,1,1,0.023024723540953418,0,0,0
TUR.40.25_1,2055,1,albopictus,7.323602557182312,78.18649156539537,0.23694484851498077,0,0,0,0,0,0,1,1,1,0.02266924876499954,0,0,0
TUR.40.25_1,2055,2,albopictus,6.509697595063378,76.0378956741435,0.17724191725508326,0,0,0,0,0,0,1,1,1,0.018811027470555852,0,0,0
TUR.40.25_1,2055,3,albopictus,7.395387495265287,77.32877460011787,0.21757923263000917,0,0,0,0,0,0,1,1,1,0.020835923786620136,0,0,0
TUR.40.25_1,2055,4,albopictus,11.823645872228287,75.46896754614494,0.28770851664286073,2.437907168118836e-5,2.437907168118836e-5,2.437907168118836e-5,0,0,0,1,1,1,0.028360911561295388,0,0,0
TUR.40.25_1,2055,5,albopictus,16.22824556687299,71.40873861844976,0.4021404313241844,0.00966513060042031,0.00966513060042031,0.00966513060042031,0,0,0,1,1,1,0.03816928519219176,0,0,0
TUR.40.25_1,2055,6,albopictus,23.641477809232825,68.24555234817115,0.4523158308091571,0.085899715813709,0.085899715813709,0.085899715813709,1.294631069015395e-11,1.294631069015395e-11,1.294631069015395e-11,0.9999999999870537,0.9999999999870537,0.9999999999870537,0.04422388537565125,5.725361599989367e-13,5.725361599989367e-13,5.725361599989367e-13
TUR.40.25_1,2055,7,albopictus,25.222250994514017,65.87654931814032,0.5311699787599873,0.0979531217148884,0.0979531217148884,0.0979531217148884,5.217110077282427e-10,5.217110077282427e-10,5.217110077282427e-10,0.999999999478289,0.999999999478289,0.999999999478289,0.05010473357321199,2.6140191044435545e-11,2.6140191044435545e-11,2.6140191044435545e-11
TUR.40.25_1,2055,8,albopictus,25.205241539899042,68.14708548628954,0.6307308675596843,0.1023197230156654,0.1023197230156654,0.1023197230156654,1.7690020559513187e-9,1.7690020559513187e-9,1.7690020559513187e-9,0.9999999982309979,0.9999999982309979,0.9999999982309979,0.05921295398959492,1.0474783734654425e-10,1.0474783734654425e-10,1.0474783734654425e-10
TUR.40.25_1,2055,9,albopictus,23.974830459145938,65.8135024457345,0.5027229592599386,0.08597373301681897,0.08597373301681897,0.08597373301681897,1.3265166742826295e-11,1.3265166742826295e-11,1.3265166742826295e-11,0.9999999999867348,0.9999999999867348,0.9999999999867348,0.04902955613497684,6.503852374572296e-13,6.503852374572296e-13,6.503852374572296e-13
TUR.40.25_1,2055,10,albopictus,16.63462610805736,69.529084646774,0.4954124955347563,0.011759171184560878,0.011759171184560878,0.011759171184560878,0,0,0,1,1,1,0.046812020702351576,0,0,0
TUR.40.25_1,2055,11,albopictus,14.132360079709223,81.34704684956289,0.2873638199798882,0.0023077355860370193,0.0023077355860370193,0.0023077355860370193,0,0,0,1,1,1,0.028327418908918545,0,0,0
TUR.40.25_1,2055,12,albopictus,10.753595127778896,80.03263774329733,0.23636125386249546,2.551589454594215e-10,2.551589454594215e-10,2.551589454594215e-10,0,0,0,1,1,1,0.022614050593387502,0,0,0
TUR.40.25_1,2056,1,albopictus,10.14433753490448,80.06633623092272,0.2618429764716388,0,0,0,0,0,0,1,1,1,0.02502128879514054,0,0,0
TUR.40.25_1,2056,2,albopictus,9.045560994568994,76.626640791331,0.202861701536065,0,0,0,0,0,0,1,1,1,0.020767025901498815,0,0,0
TUR.40.25_1,2056,3,albopictus,11.546322668299954,74.66170611867256,0.24044242467105043,6.286175751623619e-6,6.286175751623619e-6,6.286175751623619e-6,0,0,0,1,1,1,0.022999994922536238,0,0,0
TUR.40.25_1,2056,4,albopictus,13.153954786412857,74.28772364966056,0.31794088297827533,6.143044691522166e-4,6.143044691522166e-4,6.143044691522166e-4,0,0,0,1,1,1,0.031293970548351924,0,0,0
TUR.40.25_1,2056,5,albopictus,19.762482474831973,65.09619665677984,0.4443972855179238,0.03693009523355312,0.03693009523355312,0.03693009523355312,0,0,0,1,1,1,0.042094538352627775,0,0,0
TUR.40.25_1,2056,6,albopictus,24.260198817533606,64.12225370315161,0.49984510820383515,0.08641435614703159,0.08641435614703159,0.08641435614703159,1.532551863192566e-11,1.532551863192566e-11,1.532551863192566e-11,0.9999999999846745,0.9999999999846745,0.9999999999846745,0.04875584162176583,7.472085591895888e-13,7.472085591895888e-13,7.472085591895888e-13
TUR.40.25_1,2056,7,albopictus,25.45442300684312,59.55477197439033,0.5869852377993301,0.08866004574773621,0.08866004574773621,0.08866004574773621,3.161271244778163e-11,3.161271244778163e-11,3.161271244778163e-11,0.9999999999683873,0.9999999999683873,0.9999999999683873,0.05522173857171775,1.7457089423342849e-12,1.7457089423342849e-12,1.7457089423342849e-12
TUR.40.25_1,2056,8,albopictus,26.631610253277948,62.795294104453596,0.697007969362647,0.10068015980153198,0.10068015980153198,0.10068015980153198,1.1259241317063129e-9,1.1259241317063129e-9,1.1259241317063129e-9,0.9999999988740759,0.9999999988740759,0.9999999988740759,0.065227770452432,7.344152080979319e-11,7.344152080979319e-11,7.344152080979319e-11
TUR.40.25_1,2056,9,albopictus,20.67550833085004,75.10433877996302,0.5555490098993656,0.054352084950468484,0.054352084950468484,0.054352084950468484,0,0,0,1,1,1,0.054039911900486626,0,0,0
TUR.40.25_1,2056,10,albopictus,18.14348955715404,77.48839708573884,0.5474703637790275,0.025508500470185227,0.025508500470185227,0.025508500470185227,0,0,0,1,1,1,0.05160197092060059,0,0,0
TUR.40.25_1,2056,11,albopictus,13.446518519345453,80.18134402973867,0.31755996564338396,0.0010252548537404483,0.0010252548537404483,0.0010252548537404483,0,0,0,1,1,1,0.0312570701536532,0,0,0
TUR.40.25_1,2056,12,albopictus,6.767702355104335,73.59989848548483,0.2611980577835247,0,0,0,0,0,0,1,1,1,0.024960437026103066,0,0,0
TUR.40.25_1,2057,1,albopictus,6.8428486585617065,81.86781175582506,0.22507732853480028,0,0,0,0,0,0,1,1,1,0.02154616924632946,0,0,0
TUR.40.25_1,2057,2,albopictus,4.967754044953515,75.51822709504194,0.16836465316796295,0,0,0,0,0,0,1,1,1,0.017877339906224643,0,0,0
TUR.40.25_1,2057,3,albopictus,8.369532430873196,72.63060107716865,0.206681650738307,0,0,0,0,0,0,1,1,1,0.01980274805032478,0,0,0
TUR.40.25_1,2057,4,albopictus,11.70717648898854,76.62439357153556,0.2732984689413536,1.5440173804453076e-5,1.5440173804453076e-5,1.5440173804453076e-5,0,0,0,1,1,1,0.0269597657135211,0,0,0
TUR.40.25_1,2057,5,albopictus,18.761399100808536,73.04622793729742,0.3819989948950383,0.030071359216215406,0.030071359216215406,0.030071359216215406,0,0,0,1,1,1,0.03629268408450936,0,0,0
TUR.40.25_1,2057,6,albopictus,23.959465251249426,69.75472288039771,0.42966133043439914,0.0918526103976126,0.0918526103976126,0.0918526103976126,8.565836928653425e-11,8.565836928653425e-11,8.565836928653425e-11,0.9999999999143416,0.9999999999143416,0.9999999999143416,0.04205616784017918,3.602462755630534e-12,3.602462755630534e-12,3.602462755630534e-12
TUR.40.25_1,2057,7,albopictus,24.73125368006089,70.4216619280036,0.5045660227115077,0.1018657548068328,0.1018657548068328,0.1018657548068328,1.562207585514841e-9,1.562207585514841e-9,1.562207585514841e-9,0.9999999984377924,0.9999999984377924,0.9999999984377924,0.0476560047785306,7.444857216035201e-11,7.444857216035201e-11,7.444857216035201e-11
TUR.40.25_1,2057,8,albopictus,26.311707833234003,71.16361075484423,0.5991403467283869,0.11733509806299708,0.11733509806299708,0.11733509806299708,7.940203117229316e-8,7.940203117229316e-8,7.940203117229316e-8,0.9999999205979688,0.9999999205979688,0.9999999205979688,0.05633242867608579,4.472909257749545e-9,4.472909257749545e-9,4.472909257749545e-9
TUR.40.25_1,2057,9,albopictus,22.70269567826215,74.51599039129114,0.47754378866009517,0.08263777587036267,0.08263777587036267,0.08263777587036267,4.333200465111986e-12,4.333200465111986e-12,4.333200465111986e-12,0.9999999999956668,0.9999999999956668,0.9999999999956668,0.04663207436735706,2.0206612633776832e-13,2.0206612633776832e-13,2.0206612633776832e-13
TUR.40.25_1,2057,10,albopictus,16.394332605249744,76.14022203691071,0.47059947374492805,0.011248784695470613,0.011248784695470613,0.011248784695470613,0,0,0,1,1,1,0.04452041810418106,0,0,0
TUR.40.25_1,2057,11,albopictus,10.548694231930902,78.39014529926992,0.2729710366104,4.422856491721822e-16,4.422856491721822e-16,4.422856491721822e-16,0,0,0,1,1,1,0.02692790470870543,0,0,0
TUR.40.25_1,2057,12,albopictus,9.469638600068935,81.99623790198874,0.22452296355851223,0,0,0,0,0,0,1,1,1,0.021493675528436507,0,0,0
TUR.40.25_1,2058,1,albopictus,6.9809077978134155,85.39610155074693,0.24323948484433378,0,0,0,0,0,0,1,1,1,0.0232644166630257,0,0,0
TUR.40.25_1,2058,2,albopictus,8.368458905640772,80.81231736603803,0.1819504957214663,0,0,0,0,0,0,1,1,1,0.01930590319437242,0,0,0
TUR.40.25_1,2058,3,albopictus,8.881110037074368,75.37114825734443,0.22335940531917828,0,0,0,0,0,0,1,1,1,0.021383487154226333,0,0,0
TUR.40.25_1,2058,4,albopictus,12.899871152990006,77.33928309790275,0.29535173189938446,4.276908016390967e-4,4.276908016390967e-4,4.276908016390967e-4,0,0,0,1,1,1,0.02910327249439404,0,0,0
TUR.40.25_1,2058,5,albopictus,17.2285660014433,75.61700583036382,0.41282362525888966,0.016966423370853457,0.016966423370853457,0.016966423370853457,0,0,0,1,1,1,0.03916316721412816,0,0,0
TUR.40.25_1,2058,6,albopictus,22.69464324502384,68.03407316115943,0.4643319758268564,0.0741088943835003,0.0741088943835003,0.0741088943835003,1.9739765377835283e-13,1.9739765377835283e-13,1.9739765377835283e-13,0.9999999999998026,0.9999999999998026,0.9999999999998026,0.045371670079951354,8.956261221787887e-15,8.956261221787887e-15,8.956261221787887e-15
TUR.40.25_1,2058,7,albopictus,23.922669466804056,66.20037896901923,0.5452809495885127,0.08623325443258673,0.08623325443258673,0.08623325443258673,1.4443890528070824e-11,1.4443890528070824e-11,1.4443890528070824e-11,0.9999999999855561,0.9999999999855561,0.9999999999855561,0.05140100420172511,7.42430477722626e-13,7.42430477722626e-13,7.42430477722626e-13
TUR.40.25_1,2058,8,albopictus,25.930409768048456,71.73774176680712,0.6474867559356855,0.11559777899399512,0.11559777899399512,0.11559777899399512,5.260042401644682e-8,5.260042401644682e-8,5.260042401644682e-8,0.999999947399576,0.999999947399576,0.999999947399576,0.06073723936696063,3.1948045442905554e-9,3.1948045442905554e-9,3.1948045442905554e-9
TUR.40.25_1,2058,9,albopictus,21.71608335831586,73.00337900213098,0.5160782114327134,0.0667397753504372,0.0667397753504372,0.0667397753504372,9.992007221626409e-15,9.992007221626409e-15,9.992007221626409e-15,0.99999999999999,0.99999999999999,0.99999999999999,0.0502987534324979,5.025855075363251e-16,5.025855075363251e-16,5.025855075363251e-16
TUR.40.25_1,2058,10,albopictus,19.138095575220447,78.56182237870759,0.5085735391782578,0.036890351000559346,0.036890351000559346,0.036890351000559346,0,0,0,1,1,1,0.04802527519140842,0,0,0
TUR.40.25_1,2058,11,albopictus,13.623316386166742,80.39635562641836,0.2949978780838047,0.0012837184908732614,0.0012837184908732614,0.0012837184908732614,0,0,0,1,1,1,0.02906891633538844,0,0,0
TUR.40.25_1,2058,12,albopictus,7.706561817842372,79.49379649573874,0.24264038651610206,0,0,0,0,0,0,1,1,1,0.023207786570919042,0,0,0
TUR.40.25_1,2059,1,albopictus,6.301433444023132,80.52757127730943,0.23327326526528738,0,0,0,0,0,0,1,1,1,0.02232192726940796,0,0,0
TUR.40.25_1,2059,2,albopictus,7.706661382142236,78.34584855500287,0.17449546187267742,0,0,0,0,0,0,1,1,1,0.01852225729957291,0,0,0
TUR.40.25_1,2059,3,albopictus,8.95429881881265,76.87450519093818,0.2142077296367505,0,0,0,0,0,0,1,1,1,0.02051639540952399,0,0,0
TUR.40.25_1,2059,4,albopictus,14.686140340917252,74.64040767065666,0.2832503240418375,0.0034908138717692824,0.0034908138717692824,0.0034908138717692824,0,0,0,1,1,1,0.027927639568477658,0,0,0
TUR.40.25_1,2059,5,albopictus,21.487715552834903,58.71025229032476,0.3959090568886225,0.051262287635724095,0.051262287635724095,0.051262287635724095,0,0,0,1,1,1,0.037589091497225335,0,0,0
TUR.40.25_1,2059,6,albopictus,22.166778788847083,70.98813657668677,0.44530696254982016,0.07083988450699506,0.07083988450699506,0.07083988450699506,5.473399511402022e-14,5.473399511402022e-14,5.473399511402022e-14,0.9999999999999453,0.9999999999999453,0.9999999999999453,0.04355375967466402,2.383871269230271e-15,2.383871269230271e-15,2.383871269230271e-15
TUR.40.25_1,2059,7,albopictus,24.108386095832376,76.76756341726141,0.5229392246035749,0.10587487056677676,0.10587487056677676,0.10587487056677676,4.589861712922527e-9,4.589861712922527e-9,4.589861712922527e-9,0.9999999954101383,0.9999999954101383,0.9999999954101383,0.049347817218858614,2.264996568691382e-10,2.264996568691382e-10,2.264996568691382e-10
TUR.40.25_1,2059,8,albopictus,27.16900000852697,68.27327567183642,0.6209573658232653,0.1143783583296841,0.1143783583296841,0.1143783583296841,3.923336955313772e-8,3.923336955313772e-8,3.923336955313772e-8,0.9999999607666304,0.9999999607666304,0.9999999607666304,0.058322715262155156,2.288196641222559e-9,2.288196641222559e-9,2.288196641222559e-9
TUR.40.25_1,2059,9,albopictus,23.23328955033246,67.7961684613595,0.49493300641638327,0.08050113314372762,0.08050113314372762,0.08050113314372762,2.0640156250806285e-12,2.0640156250806285e-12,2.0640156250806285e-12,0.999999999997936,0.999999999997936,0.999999999997936,0.04828846602827186,9.966814839352823e-14,9.966814839352823e-14,9.966814839352823e-14
TUR.40.25_1,2059,10,albopictus,19.1794106539558,70.06708666093415,0.4877358221160506,0.03322423581880399,0.03322423581880399,0.03322423581880399,0,0,0,1,1,1,0.04610363055458244,0,0,0
TUR.40.25_1,2059,11,albopictus,13.355823138180902,75.39859103901601,0.2829109686323335,8.417762912396833e-4,8.417762912396833e-4,8.417762912396833e-4,0,0,0,1,1,1,0.027894651207347798,0,0,0
TUR.40.25_1,2059,12,albopictus,10.033917202669032,79.45709147864889,0.23269871371445253,0,0,0,0,0,0,1,1,1,0.02226756513363204,0,0,0
TUR.40.25_1,2060,1,albopictus,6.7071861028671265,82.51799638717272,0.24142092656245176,0,0,0,0,0,0,1,1,1,0.02309250631842641,0,0,0
TUR.40.25_1,2060,2,albopictus,6.146512666169335,75.19997453156537,0.18703980763133832,0,0,0,0,0,0,1,1,1,0.01916295626642861,0,0,0
TUR.40.25_1,2060,3,albopictus,8.221543157801907,72.39880481252021,0.22168947867614425,0,0,0,0,0,0,1,1,1,0.021225324266023082,0,0,0
TUR.40.25_1,2060,4,albopictus,12.50899819766774,72.50476466528556,0.2931435610571483,1.819791234416067e-4,1.819791234416067e-4,1.819791234416067e-4,0,0,0,1,1,1,0.02888885823764964,0,0,0
TUR.40.25_1,2060,5,albopictus,17.588539908914004,69.2948088699146,0.4097371862987366,0.018257053317336222,0.018257053317336222,0.018257053317336222,0,0,0,1,1,1,0.03887613426240055,0,0,0
TUR.40.25_1,2060,6,albopictus,22.577797160429114,74.30958585647193,0.46086043928449383,0.08052395360346613,0.08052395360346613,0.08052395360346613,2.080668970450006e-12,2.080668970450006e-12,2.080668970450006e-12,0.9999999999979193,0.9999999999979193,0.9999999999979193,0.04504020983629353,9.371376702893309e-14,9.371376702893309e-14,9.371376702893309e-14
TUR.40.25_1,2060,7,albopictus,26.391379412482767,67.0814519670661,0.5412042052743185,0.1084885446299347,0.1084885446299347,0.1084885446299347,9.051242644275703e-9,9.051242644275703e-9,9.051242644275703e-9,0.9999999909487574,0.9999999909487574,0.9999999909487574,0.05102668563595647,4.618549130242197e-10,4.618549130242197e-10,4.618549130242197e-10
TUR.40.25_1,2060,8,albopictus,27.292159417096308,64.48963385665087,0.6426458790395299,0.10580006464716032,0.10580006464716032,0.10580006464716032,4.500313788291521e-9,4.500313788291521e-9,4.500313788291521e-9,0.9999999954996862,0.9999999954996862,0.9999999954996862,0.06029711801849358,2.7135595161286776e-10,2.7135595161286776e-10,2.7135595161286776e-10
TUR.40.25_1,2060,9,albopictus,22.792299102334415,65.8221465497384,0.5122197987819036,0.07270627192053598,0.07270627192053598,0.07270627192053598,1.1468603844377867e-13,1.1468603844377867e-13,1.1468603844377867e-13,0.9999999999998853,0.9999999999998853,0.9999999999998853,0.04993224880031477,5.7265318054972215e-15,5.7265318054972215e-15,5.7265318054972215e-15
TUR.40.25_1,2060,10,albopictus,15.452525812036852,78.74220415360993,0.5047712345392288,0.006598244253936428,0.006598244253936428,0.006598244253936428,0,0,0,1,1,1,0.04767491738930418,0,0,0
TUR.40.25_1,2060,11,albopictus,13.455492594662836,80.70556735737539,0.29279235279801386,0.0010533112589119168,0.0010533112589119168,0.0010533112589119168,0,0,0,1,1,1,0.028854751413370794,0,0,0
TUR.40.25_1,2060,12,albopictus,8.178184284883388,85.64461436683249,0.24082630733935867,0,0,0,0,0,0,1,1,1,0.023036289735668736,0,0,0
TUR.40.25_1,2061,1,albopictus,6.154404997825623,77.04897172896959,0.22527350845356597,0,0,0,0,0,0,1,1,1,0.021564745166095522,0,0,0
TUR.40.25_1,2061,2,albopictus,5.61186996978872,78.27736710969037,0.16851140168411305,0,0,0,0,0,0,1,1,1,0.01789278175372555,0,0,0
TUR.40.25_1,2061,3,albopictus,7.745378339991849,80.13184466847724,0.20686179677840863,0,0,0,0,0,0,1,1,1,0.019819836158157855,0,0,0
TUR.40.25_1,2061,4,albopictus,13.276553434484146,72.91214381567619,0.27353667894582073,7.228559304325308e-4,7.228559304325308e-4,7.228559304325308e-4,0,0,0,1,1,1,0.026982944229307915,0,0,0
TUR.40.25_1,2061,5,albopictus,18.512213538674747,65.43316793973882,0.38233194949457494,0.0248980513380586,0.0248980513380586,0.0248980513380586,0,0,0,1,1,1,0.03632373559554569,0,0,0
TUR.40.25_1,2061,6,albopictus,24.084900126737708,60.43287687209693,0.4300358280590604,0.07941938525604113,0.07941938525604113,0.07941938525604113,1.4068746168049984e-12,1.4068746168049984e-12,1.4068746168049984e-12,0.9999999999985931,0.9999999999985931,0.9999999999985931,0.04209204193740701,5.921822537122941e-14,5.921822537122941e-14,5.921822537122941e-14
TUR.40.25_1,2061,7,albopictus,25.731682833503275,71.88948114187079,0.5050058081043407,0.11431216309238529,0.11431216309238529,0.11431216309238529,3.861003317062739e-8,3.861003317062739e-8,3.861003317062739e-8,0.9999999613899668,0.9999999613899668,0.9999999613899668,0.047696535559069164,1.8415648200596693e-9,1.8415648200596693e-9,1.8415648200596693e-9
TUR.40.25_1,2061,8,albopictus,25.94754348081701,69.60396796309618,0.5996625641605715,0.1109722982386467,0.1109722982386467,0.1109722982386467,1.6976498984355715e-8,1.6976498984355715e-8,1.6976498984355715e-8,0.999999983023501,0.999999983023501,0.999999983023501,0.0563801177603237,9.571370118959908e-10,9.571370118959908e-10,9.571370118959908e-10
TUR.40.25_1,2061,9,albopictus,20.244733642129336,80.95542062810755,0.4779600211712781,0.05299896534578096,0.05299896534578096,0.05299896534578096,0,0,0,1,1,1,0.046671755814092664,0,0,0
TUR.40.25_1,2061,10,albopictus,15.919471460230211,76.18583818681306,0.47100965351350554,0.008638338425007455,0.008638338425007455,0.008638338425007455,0,0,0,1,1,1,0.04455834493792188,0,0,0
TUR.40.25_1,2061,11,albopictus,13.579720118466547,81.13533878071523,0.27320896122118254,0.0012297920955303627,0.0012297920955303627,0.0012297920955303627,0,0,0,1,1,1,0.02695105621324223,0,0,0
TUR.40.25_1,2061,12,albopictus,10.48568703146542,80.34650340491842,0.22471866028655976,1.479835992285819e-21,1.479835992285819e-21,1.479835992285819e-21,0,0,0,1,1,1,0.02151220669032261,0,0,0
TUR.40.25_1,2062,1,albopictus,5.045476794242859,80.43137987105943,0.24296638502529064,0,0,0,0,0,0,1,1,1,0.023238602162766187,0,0,0
TUR.40.25_1,2062,2,albopictus,7.606206098023583,73.91008042756147,0.18174620879211292,0,0,0,0,0,0,1,1,1,0.019284437639562113,0,0,0
TUR.40.25_1,2062,3,albopictus,8.152247274623196,78.1100322295124,0.22310862607906728,0,0,0,0,0,0,1,1,1,0.021359736862276768,0,0,0
TUR.40.25_1,2062,4,albopictus,11.603207868688248,73.30202113501213,0.2950201224791975,8.320231826144798e-6,8.320231826144798e-6,8.320231826144798e-6,0,0,0,1,1,1,0.029071076110478766,0,0,0
TUR.40.25_1,2062,5,albopictus,17.575024436501895,72.07096243436773,0.4123601229725438,0.018863780745229167,0.018863780745229167,0.018863780745229167,0,0,0,1,1,1,0.0391200678537682,0,0,0
TUR.40.25_1,2062,6,albopictus,22.090030894559973,67.82507352737036,0.46381064197081984,0.06651759210198448,0.06651759210198448,0.06651759210198448,9.103828801926284e-15,9.103828801926284e-15,9.103828801926284e-15,0.9999999999999909,0.9999999999999909,0.9999999999999909,0.045321900775809554,4.1260282564086017e-16,4.1260282564086017e-16,4.1260282564086017e-16
TUR.40.25_1,2062,7,albopictus,25.036894854377298,71.10340936452704,0.5446687293778196,0.10634418238793386,0.10634418238793386,0.10634418238793386,5.191982843655296e-9,5.191982843655296e-9,5.191982843655296e-9,0.9999999948080172,0.9999999948080172,0.9999999948080172,0.05134480078095072,2.665813247655952e-10,2.665813247655952e-10,2.665813247655952e-10
TUR.40.25_1,2062,8,albopictus,25.737855294171503,66.87785178267626,0.6467597830266941,0.1039152583170633,0.1039152583170633,0.1039152583170633,2.7255545598237063e-9,2.7255545598237063e-9,2.7255545598237063e-9,0.9999999972744454,0.9999999972744454,0.9999999972744454,0.060671157824941035,1.6536255085955178e-10,1.6536255085955178e-10,1.6536255085955178e-10
TUR.40.25_1,2062,9,albopictus,22.193633864907657,70.79982675603723,0.5154987789189314,0.07090954599332715,0.07090954599332715,0.07090954599332715,5.6288307348495437e-14,5.6288307348495437e-14,5.6288307348495437e-14,0.9999999999999437,0.9999999999999437,0.9999999999999437,0.05024372306012992,2.8281341259412804e-15,2.8281341259412804e-15,2.8281341259412804e-15
TUR.40.25_1,2062,10,albopictus,16.870637613184314,75.37400957353181,0.5080025326181651,0.01421531451939909,0.01421531451939909,0.01421531451939909,0,0,0,1,1,1,0.0479726688528227,0,0,0
TUR.40.25_1,2062,11,albopictus,12.531821825925043,80.46131229145742,0.2946666659568988,2.2033282116124816e-4,2.2033282116124816e-4,2.2033282116124816e-4,0,0,0,1,1,1,0.0290367573878898,0,0,0
TUR.40.25_1,2062,12,albopictus,10.574114575105556,77.65755381995749,0.24236795934132613,9.281206405351836e-15,9.281206405351836e-15,9.281206405351836e-15,0,0,0,1,1,1,0.02318203415954545,0,0,0
TUR.40.25_1,2063,1,albopictus,10.110528826713562,79.53822954146959,0.26578538767038107,0,0,0,0,0,0,1,1,1,0.02539319529566919,0,0,0
TUR.40.25_1,2063,2,albopictus,9.92702118438833,78.75873612824506,0.1988155133328653,0,0,0,0,0,0,1,1,1,0.02107638417166291,0,0,0
TUR.40.25_1,2063,3,albopictus,9.970604742274563,75.07628741750068,0.24406262071544793,0,0,0,0,0,0,1,1,1,0.023342218670187154,0,0,0
TUR.40.25_1,2063,4,albopictus,15.965143484227799,63.333183396975016,0.3227279263982745,0.007452416200460649,0.007452416200460649,0.007452416200460649,0,0,0,1,1,1,0.03175758335518675,0,0,0
TUR.40.25_1,2063,5,albopictus,17.38158113816205,63.55889273221929,0.4510883064447589,0.015483430747177425,0.015483430747177425,0.015483430747177425,0,0,0,1,1,1,0.04271459875721206,0,0,0
TUR.40.25_1,2063,6,albopictus,21.629644618314856,68.3543780317649,0.5073709734333453,0.061309488608379946,0.061309488608379946,0.061309488608379946,8.881784197001252e-16,8.881784197001252e-16,8.881784197001252e-16,0.9999999999999991,0.9999999999999991,0.9999999999999991,0.04947146583705053,4.3939488347400275e-17,4.3939488347400275e-17,4.3939488347400275e-17
TUR.40.25_1,2063,7,albopictus,25.196513232062845,71.52487237722235,0.5958231192127623,0.10872333998625346,0.10872333998625346,0.10872333998625346,9.612152518378991e-9,9.612152518378991e-9,9.612152518378991e-9,0.9999999903878475,0.9999999903878475,0.9999999903878475,0.05602944197825843,5.385635418146864e-10,5.385635418146864e-10,5.385635418146864e-10
TUR.40.25_1,2063,8,albopictus,27.088096001568964,69.70576315962938,0.7075023964466041,0.11726179323828223,0.11726179323828223,0.11726179323828223,7.804510915310203e-8,7.804510915310203e-8,7.804510915310203e-8,0.9999999219548908,0.9999999219548908,0.9999999219548908,0.06617663360785897,5.164762593310194e-9,5.164762593310194e-9,5.164762593310194e-9
TUR.40.25_1,2063,9,albopictus,22.513931106118594,64.36309351018762,0.5639135750581896,0.06777390064474145,0.06777390064474145,0.06777390064474145,1.554312234475219e-14,1.554312234475219e-14,1.554312234475219e-14,0.9999999999999845,0.9999999999999845,0.9999999999999845,0.054830835547208356,8.52242385175247e-16,8.52242385175247e-16,8.52242385175247e-16
TUR.40.25_1,2063,10,albopictus,17.065326410181385,69.18763872392243,0.5557132936533589,0.014496779483398111,0.014496779483398111,0.014496779483398111,0,0,0,1,1,1,0.0523582091034831,0,0,0
TUR.40.25_1,2063,11,albopictus,12.439026453915766,81.79995822651601,0.32234127382164734,1.8416588669838724e-4,1.8416588669838724e-4,1.8416588669838724e-4,0,0,0,1,1,1,0.03172014528889566,0,0,0
TUR.40.25_1,2063,12,albopictus,9.605428471284755,77.36614146644186,0.26513075883196024,0,0,0,0,0,0,1,1,1,0.025331450850819448,0,0,0
TUR.40.25_1,2064,1,albopictus,7.008845686912537,76.59975297896959,0.2406655896461795,0,0,0,0,0,0,1,1,1,0.023021094583259516,0,0,0
TUR.40.25_1,2064,2,albopictus,5.089796224061181,75.21586656037397,0.18645461365694657,0,0,0,0,0,0,1,1,1,0.019103577235207614,0,0,0
TUR.40.25_1,2064,3,albopictus,9.323411787257474,76.79318347462959,0.2209958758075879,0,0,0,0,0,0,1,1,1,0.02115962390723436,0,0,0
TUR.40.25_1,2064,4,albopictus,13.473227781407974,77.34309016577384,0.292226398835187,0.001042636093578346,0.001042636093578346,0.001042636093578346,0,0,0,1,1,1,0.028799787507841734,0,0,0
TUR.40.25_1,2064,5,albopictus,20.360253165749942,68.25204611356695,0.408455236025462,0.04549073151779077,0.04549073151779077,0.04549073151779077,0,0,0,1,1,1,0.038756890123695986,0,0,0
TUR.40.25_1,2064,6,albopictus,24.350551829618567,64.14737729934302,0.4594185389985591,0.08730317322828367,0.08730317322828367,0.08730317322828367,2.045896785318746e-11,2.045896785318746e-11,2.045896785318746e-11,0.999999999979541,0.999999999979541,0.999999999979541,0.04490250422919506,9.186588905527157e-13,9.186588905527157e-13,9.186588905527157e-13
TUR.40.25_1,2064,7,albopictus,25.403227862189798,72.11472375661688,0.5395109323617082,0.11165099421181574,0.11165099421181574,0.11165099421181574,2.0105600739839247e-8,2.0105600739839247e-8,2.0105600739839247e-8,0.9999999798943993,0.9999999798943993,0.9999999798943993,0.050871169267869276,1.02279541846856e-9,1.02279541846856e-9,1.02279541846856e-9
TUR.40.25_1,2064,8,albopictus,26.68052802366369,69.43086463057665,0.6406352241910024,0.11520272515421252,0.11520272515421252,0.11520272515421252,4.785219664960039e-8,4.785219664960039e-8,4.785219664960039e-8,0.9999999521478034,0.9999999521478034,0.9999999521478034,0.06011425330990239,2.87659907082934e-9,2.87659907082934e-9,2.87659907082934e-9
TUR.40.25_1,2064,9,albopictus,23.298410247353946,70.03992380193567,0.5106172097736744,0.08452886058934815,0.08452886058934815,0.08452886058934815,8.217093672158171e-12,8.217093672158171e-12,8.217093672158171e-12,0.9999999999917829,0.9999999999917829,0.9999999999917829,0.04977997978589366,4.0904675689882843e-13,4.0904675689882843e-13,4.0904675689882843e-13
TUR.40.25_1,2064,10,albopictus,19.01700945461498,76.71493669755525,0.5031919499546293,0.03457629943350767,0.03457629943350767,0.03457629943350767,0,0,0,1,1,1,0.047529358622311446,0,0,0
TUR.40.25_1,2064,11,albopictus,13.376745799008539,77.22331332905507,0.29187628940608024,8.96270602819279e-4,8.96270602819279e-4,8.96270602819279e-4,0,0,0,1,1,1,0.02876578427740817,0,0,0
TUR.40.25_1,2064,12,albopictus,8.329290165620693,75.68630137855124,0.24007283081628727,0,0,0,0,0,0,1,1,1,0.022965049794565928,0,0,0
TUR.40.25_1,2065,1,albopictus,8.516727328300476,78.17655809371568,0.25026226003930274,0,0,0,0,0,0,1,1,1,0.023928003506782702,0,0,0
TUR.40.25_1,2065,2,albopictus,8.899572530213526,79.48340653840131,0.1872037440947013,0,0,0,0,0,0,1,1,1,0.019857729632805854,0,0,0
TUR.40.25_1,2065,3,albopictus,10.45426925490884,70.25959125050849,0.22980820573594618,5.004028683676479e-29,5.004028683676479e-29,5.004028683676479e-29,0,0,0,1,1,1,0.02199402912901305,0,0,0
TUR.40.25_1,2065,4,albopictus,13.470423025243424,77.48889552466056,0.3038790843475347,0.0010236149653843783,0.0010236149653843783,0.0010236149653843783,0,0,0,1,1,1,0.029930837455961035,0,0,0
TUR.40.25_1,2065,5,albopictus,17.60105593064252,73.7044768386646,0.4247426092068317,0.019546152463870183,0.019546152463870183,0.019546152463870183,0,0,0,1,1,1,0.04027080559047391,0,0,0
TUR.40.25_1,2065,6,albopictus,22.75066016702091,79.90465574172583,0.47773810141602496,0.09067104497635924,0.09067104497635924,0.09067104497635924,5.948741499395283e-11,5.948741499395283e-11,5.948741499395283e-11,0.9999999999405126,0.9999999999405126,0.9999999999405126,0.046650599342279,2.7751235627907734e-12,2.7751235627907734e-12,2.7751235627907734e-12
TUR.40.25_1,2065,7,albopictus,24.283551272223978,68.94920022756415,0.5610242222299181,0.09447897112764594,0.09447897112764594,0.09447897112764594,1.8930346179502067e-10,1.8930346179502067e-10,1.8930346179502067e-10,0.9999999998106965,0.9999999998106965,0.9999999998106965,0.05284513472379848,1.0003766942239305e-11,1.0003766942239305e-11,1.0003766942239305e-11
TUR.40.25_1,2065,8,albopictus,24.80461249631994,72.60993796431688,0.6661808998225882,0.10713381717631812,0.10713381717631812,0.10713381717631812,6.380115213922011e-9,6.380115213922011e-9,6.380115213922011e-9,0.9999999936198848,0.9999999936198848,0.9999999936198848,0.06243493355475438,3.9834206945289826e-10,3.9834206945289826e-10,3.9834206945289826e-10
TUR.40.25_1,2065,9,albopictus,22.242799590615665,66.21677316717005,0.530978346845486,0.06671431400999006,0.06671431400999006,0.06671431400999006,9.880984919163893e-15,9.880984919163893e-15,9.880984919163893e-15,0.9999999999999901,0.9999999999999901,0.9999999999999901,0.051712767438434115,5.109730751873971e-16,5.109730751873971e-16,5.109730751873971e-16
TUR.40.25_1,2065,10,albopictus,14.901817994959215,78.5964445710904,0.5232570007800795,0.0043723786183155755,0.0043723786183155755,0.0043723786183155755,0,0,0,1,1,1,0.04937705173216089,0,0,0
TUR.40.25_1,2065,11,albopictus,13.438649752560785,81.3612832997582,0.30351501411581555,0.0010455365276920896,0.0010455365276920896,0.0010455365276920896,0,0,0,1,1,1,0.02989551948257474,0,0,0
TUR.40.25_1,2065,12,albopictus,11.170239224153407,80.45996013099264,0.24964586463086413,4.814846156378952e-7,4.814846156378952e-7,4.814846156378952e-7,0,0,0,1,1,1,0.023869777935000225,0,0,0
TUR.40.25_1,2066,1,albopictus,9.628571391105652,78.65371568648912,0.24426811326641498,0,0,0,0,0,0,1,1,1,0.023361640660835237,0,0,0
TUR.40.25_1,2066,2,albopictus,7.710962453309228,74.93580674592084,0.18271994091014793,0,0,0,0,0,0,1,1,1,0.019386748828385203,0,0,0
TUR.40.25_1,2066,3,albopictus,8.484157407985013,68.92774310597724,0.2243039634479603,0,0,0,0,0,0,1,1,1,0.02147293727707522,0,0,0
TUR.40.25_1,2066,4,albopictus,12.970756811254166,81.88858424536369,0.2966007362957597,5.296439797066924e-4,5.296439797066924e-4,5.296439797066924e-4,0,0,0,1,1,1,0.029224530349764688,0,0,0
TUR.40.25_1,2066,5,albopictus,17.175833533791934,71.49430990751226,0.41456940314737545,0.01565580770580379,0.01565580770580379,0.01565580770580379,0,0,0,1,1,1,0.039325483279537665,0,0,0
TUR.40.25_1,2066,6,albopictus,22.51639960793888,70.44741086867896,0.4662955758892489,0.07469298052194884,0.07469298052194884,0.07469298052194884,2.466915560717098e-13,2.466915560717098e-13,2.466915560717098e-13,0.9999999999997533,0.9999999999997533,0.9999999999997533,0.04555910250205253,1.1239045889461865e-14,1.1239045889461865e-14,1.1239045889461865e-14
TUR.40.25_1,2066,7,albopictus,25.688509997199564,68.43580301076727,0.5475868724247049,0.10649207482433046,0.10649207482433046,0.10649207482433046,5.396968982829264e-9,5.396968982829264e-9,5.396968982829264e-9,0.999999994603031,0.999999994603031,0.999999994603031,0.05161266407676268,2.7855194714347443e-10,2.7855194714347443e-10,2.7855194714347443e-10
TUR.40.25_1,2066,8,albopictus,24.883969643536737,77.98256903731493,0.650224893950173,0.11844017709590159,0.11844017709590159,0.11844017709590159,1.0281319695604196e-7,1.0281319695604196e-7,1.0281319695604196e-7,0.999999897186803,0.999999897186803,0.999999897186803,0.060986093272502484,6.2701752192053435e-9,6.2701752192053435e-9,6.2701752192053435e-9
TUR.40.25_1,2066,9,albopictus,22.381933043984805,73.54686655095911,0.5182606396541687,0.07639826446553119,0.07639826446553119,0.07639826446553119,4.68292071786891e-13,4.68292071786891e-13,4.68292071786891e-13,0.9999999999995317,0.9999999999995317,0.9999999999995317,0.05050599629728747,2.3651557643717797e-14,2.3651557643717797e-14,2.3651557643717797e-14
TUR.40.25_1,2066,10,albopictus,17.779426294214588,72.46510454423493,0.510724231108279,0.02062621203392856,0.02062621203392856,0.02062621203392856,0,0,0,1,1,1,0.048223390479314565,0,0,0
TUR.40.25_1,2066,11,albopictus,14.329791644040277,81.46243381245351,0.29624538607801404,0.0028245379104299834,0.0028245379104299834,0.0028245379104299834,0,0,0,1,1,1,0.029190033209387733,0,0,0
TUR.40.25_1,2066,12,albopictus,7.908216252046474,83.28372111732077,0.24366648142859118,0,0,0,0,0,0,1,1,1,0.023304776741181144,0,0,0
TUR.40.25_1,2067,1,albopictus,9.07247245311737,79.20179613082506,0.25334305016017833,0,0,0,0,0,0,1,1,1,0.024218967191566465,0,0,0
TUR.40.25_1,2067,2,albopictus,7.003317990723779,81.96057938996381,0.18950826833781853,0,0,0,0,0,0,1,1,1,0.02009970993147292,0,0,0
TUR.40.25_1,2067,3,albopictus,9.7181537992814,76.91278186330146,0.23263720140559394,0,0,0,0,0,0,1,1,1,0.0222617448666782,0,0,0
TUR.40.25_1,2067,4,albopictus,11.25576619540944,76.61794673315666,0.30761991079436524,9.169920049452653e-7,9.169920049452653e-7,9.169920049452653e-7,0,0,0,1,1,1,0.030293655627589344,0,0,0
TUR.40.25_1,2067,5,albopictus,16.506651710061465,77.94748831327398,0.42997129544243845,0.012323079297345975,0.012323079297345975,0.012323079297345975,0,0,0,1,1,1,0.04075630753753867,0,0,0
TUR.40.25_1,2067,6,albopictus,22.724260554594153,72.89379148391333,0.48361917522626385,0.08054187104217413,0.08054187104217413,0.08054187104217413,2.0938806244430452e-12,2.0938806244430452e-12,2.0938806244430452e-12,0.9999999999979061,0.9999999999979061,0.9999999999979061,0.04721110632619807,9.885442079494662e-14,9.885442079494662e-14,9.885442079494662e-14
TUR.40.25_1,2067,7,albopictus,25.01740556604722,63.6709523943122,0.567930568720781,0.09253855379221114,0.09253855379221114,0.09253855379221114,1.0561151952970249e-10,1.0561151952970249e-10,1.0561151952970249e-10,0.9999999998943885,0.9999999998943885,0.9999999998943885,0.053477959967167865,5.647888613481197e-12,5.647888613481197e-12,5.647888613481197e-12
TUR.40.25_1,2067,8,albopictus,25.387507775250604,70.27030020796923,0.6743817509400005,0.1077915407663413,0.1077915407663413,0.1077915407663413,7.565307935664123e-9,7.565307935664123e-9,7.565307935664123e-9,0.9999999924346921,0.9999999924346921,0.9999999924346921,0.06317871884022563,4.779664630070514e-10,4.779664630070514e-10,4.779664630070514e-10
TUR.40.25_1,2067,9,albopictus,23.13028128006879,66.79654230169153,0.5375148212028401,0.0776906489749443,0.0776906489749443,0.0776906489749443,7.538414337204813e-13,7.538414337204813e-13,7.538414337204813e-13,0.9999999999992462,0.9999999999992462,0.9999999999992462,0.052332410420253384,3.945033930125246e-14,3.945033930125246e-14,3.945033930125246e-14
TUR.40.25_1,2067,10,albopictus,18.755382257349353,75.86257311112946,0.5296984234637437,0.03124168051099782,0.03124168051099782,0.03124168051099782,0,0,0,1,1,1,0.04996945070747649,0,0,0
TUR.40.25_1,2067,11,albopictus,13.500159838620355,82.2966852162621,0.30725135876833554,0.0011497338882519316,0.0011497338882519316,0.0011497338882519316,0,0,0,1,1,1,0.030257916245215122,0,0,0
TUR.40.25_1,2067,12,albopictus,9.60821892233456,77.55747142249655,0.2527190667722954,0,0,0,0,0,0,1,1,1,0.024160042397513792,0,0,0
TUR.40.25_1,2068,1,albopictus,5.797420382499695,75.37016923873522,0.24309959046869956,0,0,0,0,0,0,1,1,1,0.023251193365652623,0,0,0
TUR.40.25_1,2068,2,albopictus,7.7923919348155755,82.57196092072553,0.18834034515545817,0,0,0,0,0,0,1,1,1,0.01929490760173902,0,0,0
TUR.40.25_1,2068,3,albopictus,8.949978674159329,74.96434131154365,0.22323094457782638,0,0,0,0,0,0,1,1,1,0.021371321226727025,0,0,0
TUR.40.25_1,2068,4,albopictus,13.15812043582692,75.76749812475822,0.29518186619623604,6.354597050439776e-4,6.354597050439776e-4,6.354597050439776e-4,0,0,0,1,1,1,0.02908678014878996,0,0,0
TUR.40.25_1,2068,5,albopictus,19.271996329812442,75.46977377469976,0.41258619792122037,0.036959213890039644,0.036959213890039644,0.036959213890039644,0,0,0,1,1,1,0.039141089967160037,0,0,0
TUR.40.25_1,2068,6,albopictus,22.83646796731388,68.67886381057349,0.46406492448078546,0.07688291390844404,0.07688291390844404,0.07688291390844404,5.603295605283165e-13,5.603295605283165e-13,5.603295605283165e-13,0.9999999999994397,0.9999999999994397,0.9999999999994397,0.04534617626149462,2.5408803016242858e-14,2.5408803016242858e-14,2.5408803016242858e-14
TUR.40.25_1,2068,7,albopictus,26.297417696784525,65.09034021169501,0.5449673420422843,0.10386450960114667,0.10386450960114667,0.10386450960114667,2.6886356474520312e-9,2.6886356474520312e-9,2.6886356474520312e-9,0.9999999973113644,0.9999999973113644,0.9999999973113644,0.051372214622591006,1.3812116752285468e-10,1.3812116752285468e-10,1.3812116752285468e-10
TUR.40.25_1,2068,8,albopictus,25.028626778546503,69.76377326094774,0.6471143667427426,0.10354668911969431,0.10354668911969431,0.10354668911969431,2.468127369148476e-9,2.468127369148476e-9,2.468127369148476e-9,0.9999999975318726,0.9999999975318726,0.9999999975318726,0.060703389921417994,1.498236980651435e-10,1.498236980651435e-10,1.498236980651435e-10
TUR.40.25_1,2068,9,albopictus,24.229858230142032,66.25255502752161,0.5157813992633692,0.08942128362669799,0.08942128362669799,0.08942128362669799,4.023070765413195e-11,4.023070765413195e-11,4.023070765413195e-11,0.9999999999597693,0.9999999999597693,0.9999999999597693,0.050270564725440114,2.0224203930772992e-12,2.0224203930772992e-12,2.0224203930772992e-12
TUR.40.25_1,2068,10,albopictus,15.366494851953844,75.88951250321931,0.5082810431726321,0.006007393874489983,0.006007393874489983,0.006007393874489983,0,0,0,1,1,1,0.04799832815153138,0,0,0
TUR.40.25_1,2068,11,albopictus,13.709045985165766,77.72677707417226,0.294828215892675,0.0013751103482759345,0.0013751103482759345,0.0013751103482759345,0,0,0,1,1,1,0.0290524431661362,0,0,0
TUR.40.25_1,2068,12,albopictus,11.027230038362392,79.80171122962545,0.2425008367000143,8.306017168797876e-8,8.306017168797876e-8,8.306017168797876e-8,0,0,0,1,1,1,0.023194595077934643,0,0,0
TUR.40.25_1,2069,1,albopictus,9.193631052970886,77.86673601119615,0.2573076399872563,0,0,0,0,0,0,1,1,1,0.024593273274499117,0,0,0
TUR.40.25_1,2069,2,albopictus,7.044779935303857,79.70424699250287,0.19247390150724727,0,0,0,0,0,0,1,1,1,0.020411020270299396,0,0,0
TUR.40.25_1,2069,3,albopictus,10.627118910060208,71.64056506642646,0.23627776340841722,3.6600278040840557e-13,3.6600278040840557e-13,3.6600278040840557e-13,0,0,0,1,1,1,0.022606153555349895,0,0,0
TUR.40.25_1,2069,4,albopictus,12.94720677768483,77.57432185522697,0.31243388444855025,4.6405112770978957e-4,4.6405112770978957e-4,4.6405112770978957e-4,0,0,0,1,1,1,0.030760357363493918,0,0,0
TUR.40.25_1,2069,5,albopictus,16.602612327126895,73.77938986356695,0.4366999577158611,0.012208519266391374,0.012208519266391374,0.012208519266391374,0,0,0,1,1,1,0.041380726169679694,0,0,0
TUR.40.25_1,2069,6,albopictus,24.195722804350012,64.83848218825904,0.4911873783448007,0.08681202957723953,0.08681202957723953,0.08681202957723953,1.744693278737941e-11,1.744693278737941e-11,1.744693278737941e-11,0.9999999999825531,0.9999999999825531,0.9999999999825531,0.04793192351488862,8.362650479340724e-13,8.362650479340724e-13,8.362650479340724e-13
TUR.40.25_1,2069,7,albopictus,26.021212633918314,66.5714650896247,0.5768181689680085,0.10514926973304328,0.10514926973304328,0.10514926973304328,3.788980573737888e-9,3.788980573737888e-9,3.788980573737888e-9,0.9999999962110194,0.9999999962110194,0.9999999962110194,0.05429170443950826,2.0571021343641583e-10,2.0571021343641583e-10,2.0571021343641583e-10
TUR.40.25_1,2069,8,albopictus,25.21918235105627,75.50851660811571,0.6849352160050706,0.11748516211830747,0.11748516211830747,0.11748516211830747,8.225074232814933e-8,8.225074232814933e-8,8.225074232814933e-8,0.9999999177492577,0.9999999177492577,0.9999999177492577,0.06413500887737911,5.275152089386879e-9,5.275152089386879e-9,5.275152089386879e-9
TUR.40.25_1,2069,9,albopictus,23.492196868447696,70.03814615300989,0.5459264424835386,0.0868284738391732,0.0868284738391732,0.0868284738391732,1.7540413566052848e-11,1.7540413566052848e-11,1.7540413566052848e-11,0.9999999999824596,0.9999999999824596,0.9999999999824596,0.05312921733772391,9.319084445443827e-13,9.319084445443827e-13,9.319084445443827e-13
TUR.40.25_1,2069,10,albopictus,16.903293329126697,75.9585051179654,0.5379877251823258,0.01456260993557571,0.01456260993557571,0.01456260993557571,0,0,0,1,1,1,0.050731250583119225,0,0,0
TUR.40.25_1,2069,11,albopictus,13.396193125668695,78.78688144428945,0.3120595649163181,9.407385025930677e-4,9.407385025930677e-4,9.407385025930677e-4,0,0,0,1,1,1,0.030724076151494528,0,0,0
TUR.40.25_1,2069,12,albopictus,11.373419537263759,79.48010173255514,0.2566738918231527,2.5353077027369876e-6,2.5353077027369876e-6,2.5353077027369876e-6,0,0,0,1,1,1,0.024533449289454667,0,0,0
TUR.40.25_1,2070,1,albopictus,8.501780390739441,80.02073533980943,0.24050678171414067,0,0,0,0,0,0,1,1,1,0.02300607975824187,0,0,0
TUR.40.25_1,2070,2,albopictus,5.3485843328868645,77.82453965607709,0.17990635108139505,0,0,0,0,0,0,1,1,1,0.019091092466627435,0,0,0
TUR.40.25_1,2070,3,albopictus,10.45418437789468,77.62146869191474,0.22085004732384947,8.882909054442552e-26,8.882909054442552e-26,8.882909054442552e-26,0,0,0,1,1,1,0.021145809989644326,0,0,0
TUR.40.25_1,2070,4,albopictus,13.613359731786392,70.93182765356681,0.2920335674871143,0.0011170800074231794,0.0011170800074231794,0.0011170800074231794,0,0,0,1,1,1,0.028781059542652976,0,0,0
TUR.40.25_1,2070,5,albopictus,16.03966791489545,81.24987936552007,0.4081857087886892,0.00986055490657482,0.00986055490657482,0.00986055490657482,0,0,0,1,1,1,0.038731817422585135,0,0,0
TUR.40.25_1,2070,6,albopictus,22.653427348417395,71.70097379592505,0.4591153826220039,0.07822900367419415,0.07822900367419415,0.07822900367419415,9.168221737354543e-13,9.168221737354543e-13,9.168221737354543e-13,0.9999999999990832,0.9999999999990832,0.9999999999990832,0.044873549400697765,4.1141065104773015e-14,4.1141065104773015e-14,4.1141065104773015e-14
TUR.40.25_1,2070,7,albopictus,25.144036349128275,69.5779233720954,0.53915492544104,0.10426918486719045,0.10426918486719045,0.10426918486719045,2.99692082261771e-9,2.99692082261771e-9,2.99692082261771e-9,0.9999999970030792,0.9999999970030792,0.9999999970030792,0.0508384690498308,1.5235886648544393e-10,1.5235886648544393e-10,1.5235886648544393e-10
TUR.40.25_1,2070,8,albopictus,28.092524865094354,64.68953543746142,0.6402124884135504,0.10628244694600371,0.10628244694600371,0.10628244694600371,5.10864672786937e-9,5.10864672786937e-9,5.10864672786937e-9,0.9999999948913533,0.9999999948913533,0.9999999948913533,0.06007580187836836,3.0690604869005513e-10,3.0690604869005513e-10,3.0690604869005513e-10
TUR.40.25_1,2070,9,albopictus,21.973857711343204,66.11589731267786,0.5102802689452542,0.06330115044573341,0.06330115044573341,0.06330115044573341,2.220446049250313e-15,2.220446049250313e-15,2.220446049250313e-15,0.9999999999999978,0.9999999999999978,0.9999999999999978,0.04974796245442015,1.1046266669017012e-16,1.1046266669017012e-16,1.1046266669017012e-16
TUR.40.25_1,2070,10,albopictus,19.307624536402088,75.26052232987946,0.5028599088302278,0.037247206520291586,0.037247206520291586,0.037247206520291586,0,0,0,1,1,1,0.04749875237999257,0,0,0
TUR.40.25_1,2070,11,albopictus,12.524934390011957,70.26537418110586,0.2916836890846139,1.807132166587554e-4,1.807132166587554e-4,1.807132166587554e-4,0,0,0,1,1,1,0.02874707809505117,0,0,0
TUR.40.25_1,2070,12,albopictus,7.040949597078212,77.91599955970358,0.23991441402784364,0,0,0,0,0,0,1,1,1,0.022950071092103452,0,0,0
TUR.40.25_1,2071,1,albopictus,6.307525992393494,76.73686082809068,0.255225410702992,0,0,0,0,0,0,1,1,1,0.024396703103950812,0,0,0
TUR.40.25_1,2071,2,albopictus,8.294267812195947,74.63199662629194,0.19091633098895702,0,0,0,0,0,0,1,1,1,0.02024753031656079,0,0,0
TUR.40.25_1,2071,3,albopictus,11.726480329737942,69.97419848927802,0.23436571572023415,1.3827569356931688e-5,1.3827569356931688e-5,1.3827569356931688e-5,0,0,0,1,1,1,0.02242528292091317,0,0,0
TUR.40.25_1,2071,4,albopictus,14.804474157445572,70.44076930395744,0.3099055530564958,0.0036256880217179917,0.0036256880217179917,0.0036256880217179917,0,0,0,1,1,1,0.030515270480266365,0,0,0
TUR.40.25_1,2071,5,albopictus,18.134024451760684,67.28527975614507,0.43316601896286494,0.02221469956263313,0.02221469956263313,0.02221469956263313,0,0,0,1,1,1,0.041052827993469654,0,0,0
TUR.40.25_1,2071,6,albopictus,22.038137660307044,68.1107027998313,0.48721250708446334,0.06582643728589799,0.06582643728589799,0.06582643728589799,6.772360450213455e-15,6.772360450213455e-15,6.772360450213455e-15,0.9999999999999932,0.9999999999999932,0.9999999999999932,0.047553413489930696,3.2204885679185365e-16,3.2204885679185365e-16,3.2204885679185365e-16
TUR.40.25_1,2071,7,albopictus,25.279873904059915,64.41857202321845,0.5721503414476894,0.09584510998170503,0.09584510998170503,0.09584510998170503,2.8334046220379605e-10,2.8334046220379605e-10,2.8334046220379605e-10,0.9999999997166595,0.9999999997166595,0.9999999997166595,0.05386440762592348,1.5261966153062837e-11,1.5261966153062837e-11,1.5261966153062837e-11
TUR.40.25_1,2071,8,albopictus,27.580167153302362,64.85862952315478,0.6793924650604803,0.10703560514624438,0.10703560514624438,0.10703560514624438,6.219229353732203e-9,6.219229353732203e-9,6.219229353732203e-9,0.9999999937807706,0.9999999937807706,0.9999999937807706,0.06363288068141981,3.957474793964249e-10,3.957474793964249e-10,3.957474793964249e-10
TUR.40.25_1,2071,9,albopictus,23.341312240151797,71.01451028875208,0.5415086023228276,0.0865507487815893,0.0865507487815893,0.0865507487815893,1.6023404825205034e-11,1.6023404825205034e-11,1.6023404825205034e-11,0.9999999999839766,0.9999999999839766,0.9999999999839766,0.05271081254518939,8.446066880770657e-13,8.446066880770657e-13,8.446066880770657e-13
TUR.40.25_1,2071,10,albopictus,19.588838296778064,72.097444021774,0.5336341280796326,0.03883489466871343,0.03883489466871343,0.03883489466871343,0,0,0,1,1,1,0.050331224351585546,0,0,0
TUR.40.25_1,2071,11,albopictus,12.598861315671137,78.22545718891836,0.30953426265737344,2.441655370428727e-4,2.441655370428727e-4,2.441655370428727e-4,0,0,0,1,1,1,0.030479273774792204,0,0,0
TUR.40.25_1,2071,12,albopictus,10.187837376314052,77.7658835929067,0.25459679106513894,0,0,0,0,0,0,1,1,1,0.024337351293062026,0,0,0
TUR.40.25_1,2072,1,albopictus,8.46046245098114,80.47842271773912,0.2575987367661475,0,0,0,0,0,0,1,1,1,0.02462075073484815,0,0,0
TUR.40.25_1,2072,2,albopictus,9.457031407777002,77.83882951203412,0.199573495375316,0,0,0,0,0,0,1,1,1,0.020433874080486247,0,0,0
TUR.40.25_1,2072,3,albopictus,9.822485769496243,70.19439807423896,0.23654506870823347,0,0,0,0,0,0,1,1,1,0.02263143670141321,0,0,0
TUR.40.25_1,2072,4,albopictus,11.617658895604752,78.33102809301994,0.31278734654312285,1.0201415553694309e-5,1.0201415553694309e-5,1.0201415553694309e-5,0,0,0,1,1,1,0.030794615705461936,0,0,0
TUR.40.25_1,2072,5,albopictus,19.213616202859317,67.7604079299732,0.43719400426278554,0.032425714677303125,0.032425714677303125,0.032425714677303125,0,0,0,1,1,1,0.04142655757811864,0,0,0
TUR.40.25_1,2072,6,albopictus,23.87528060464298,61.043152140651614,0.49174306749447083,0.0783172083543538,0.0783172083543538,0.0783172083543538,9.46687173097871e-13,9.46687173097871e-13,9.46687173097871e-13,0.9999999999990533,0.9999999999990533,0.9999999999990533,0.04798482743495336,4.5426620635985157e-14,4.5426620635985157e-14,4.5426620635985157e-14
TUR.40.25_1,2072,7,albopictus,24.658894594977884,65.0937696245368,0.5774707337772027,0.0918176923061959,0.0918176923061959,0.0918176923061959,8.474643209410715e-11,8.474643209410715e-11,8.474643209410715e-11,0.9999999999152536,0.9999999999152536,0.9999999999152536,0.054351425387961005,4.606089380858769e-12,4.606089380858769e-12,4.606089380858769e-12
TUR.40.25_1,2072,8,albopictus,25.77928290647619,67.54523306929735,0.6857100955816665,0.10577731918309058,0.10577731918309058,0.10577731918309058,4.473420411876816e-9,4.473420411876816e-9,4.473420411876816e-9,0.9999999955265796,0.9999999955265796,0.9999999955265796,0.06420518521402052,2.8721678608473096e-10,2.8721678608473096e-10,2.8721678608473096e-10
TUR.40.25_1,2072,9,albopictus,23.76710302689496,65.45465387395716,0.5465440589248007,0.0834419106491451,0.0834419106491451,0.0834419106491451,5.6987747854009285e-12,5.6987747854009285e-12,5.6987747854009285e-12,0.9999999999943012,0.9999999999943012,0.9999999999943012,0.05318769582815375,3.031046998790567e-13,3.031046998790567e-13,3.031046998790567e-13
TUR.40.25_1,2072,10,albopictus,18.63368959987865,74.04447313554353,0.5385963604093689,0.02908609742134038,0.02908609742134038,0.02908609742134038,0,0,0,1,1,1,0.05078716103984071,0,0,0
TUR.40.25_1,2072,11,albopictus,14.162154772702387,72.95721530659414,0.3124126035364454,0.002128561852563132,0.002128561852563132,0.002128561852563132,0,0,0,1,1,1,0.030758294730934832,0,0,0
TUR.40.25_1,2072,12,albopictus,5.34306885214413,79.18232646400045,0.25696427163130325,0,0,0,0,0,0,1,1,1,0.024560860754935243,0,0,0
TUR.40.25_1,2073,1,albopictus,7.903380274772644,79.9999986454735,0.24338854952366948,0,0,0,0,0,0,1,1,1,0.023278506572029123,0,0,0
TUR.40.25_1,2073,2,albopictus,8.443867841187647,81.74617814484662,0.18206200061269334,0,0,0,0,0,0,1,1,1,0.019317619430306077,0,0,0
TUR.40.25_1,2073,3,albopictus,8.38048347304849,74.3725825835163,0.22349628687092069,0,0,0,0,0,0,1,1,1,0.02139645041160909,0,0,0
TUR.40.25_1,2073,4,albopictus,11.692389768712662,73.68782435766838,0.29553273257546714,1.338130746267378e-5,1.338130746267378e-5,1.338130746267378e-5,0,0,0,1,1,1,0.029120845631764536,0,0,0
TUR.40.25_1,2073,5,albopictus,17.89464838364545,70.40513754423101,0.41307661634444803,0.0210191449251528,0.0210191449251528,0.0210191449251528,0,0,0,1,1,1,0.03918669110229189,0,0,0
TUR.40.25_1,2073,6,albopictus,23.450247035307044,68.09124021438208,0.4646165328227169,0.0835753739077762,0.0835753739077762,0.0835753739077762,5.962341731446941e-12,5.962341731446941e-12,5.962341731446941e-12,0.9999999999940377,0.9999999999940377,0.9999999999940377,0.045398834310433456,2.7068336436814257e-13,2.7068336436814257e-13,2.7068336436814257e-13
TUR.40.25_1,2073,7,albopictus,25.883008059333353,66.54624231130438,0.5456151146191216,0.10415618333881699,0.10415618333881699,0.10415618333881699,2.9075748475548835e-9,2.9075748475548835e-9,2.9075748475548835e-9,0.9999999970924252,0.9999999970924252,0.9999999970924252,0.051431680023052095,1.4954145920251724e-10,1.4954145920251724e-10,1.4954145920251724e-10
TUR.40.25_1,2073,8,albopictus,25.70685324949377,70.10183936202196,0.6478835558454923,0.11030778127389484,0.11030778127389484,0.11030778127389484,1.4369221368326635e-8,1.4369221368326635e-8,1.4369221368326635e-8,0.9999999856307786,0.9999999856307786,0.9999999856307786,0.0607733063562802,8.732650923185223e-10,8.732650923185223e-10,8.732650923185223e-10
TUR.40.25_1,2073,9,albopictus,22.94717008927289,64.21179880193567,0.5163944801221846,0.07248834638485101,0.07248834638485101,0.07248834638485101,1.0524914273446484e-13,1.0524914273446484e-13,1.0524914273446484e-13,0.9999999999998948,0.9999999999998948,0.9999999999998948,0.05032878903439353,5.297061900733653e-15,5.297061900733653e-15,5.297061900733653e-15
TUR.40.25_1,2073,10,albopictus,15.631812768823961,77.03633257157868,0.5088852087724636,0.007262322573568636,0.007262322573568636,0.007262322573568636,0,0,0,1,1,1,0.04805398781415615,0,0,0
TUR.40.25_1,2073,11,albopictus,12.098606684628656,78.70877933247304,0.29517866190732506,6.956081298900448e-5,6.956081298900448e-5,6.956081298900448e-5,0,0,0,1,1,1,0.02908646904009371,0,0,0
TUR.40.25_1,2073,12,albopictus,8.41199089499081,78.73410716468405,0.24278908404945307,0,0,0,0,0,0,1,1,1,0.0232218425916626,0,0,0
TUR.40.25_1,2074,1,albopictus,6.288762927055359,79.3486085697899,0.25258306209042275,0,0,0,0,0,0,1,1,1,0.02414719855786196,0,0,0
TUR.40.25_1,2074,2,albopictus,9.345359960023096,78.34252213898725,0.18893977426243053,0,0,0,0,0,0,1,1,1,0.020040022309126493,0,0,0
TUR.40.25_1,2074,3,albopictus,8.234028661952298,75.13399615773506,0.23193932752455476,0,0,0,0,0,0,1,1,1,0.022195709928047203,0,0,0
TUR.40.25_1,2074,4,albopictus,13.826342863195084,73.37150966040275,0.30669710094394625,0.0014816225292685141,0.0014816225292685141,0.0014816225292685141,0,0,0,1,1,1,0.03020416604189924,0,0,0
TUR.40.25_1,2074,5,albopictus,18.573496650247012,79.30776358182867,0.4286814512779073,0.03067954756809966,0.03067954756809966,0.03067954756809966,0,0,0,1,1,1,0.04063656378564817,0,0,0
TUR.40.25_1,2074,6,albopictus,23.982662425321692,67.29290800002661,0.4821683961216284,0.08861851888671969,0.08861851888671969,0.08861851888671969,3.119771108117675e-11,3.119771108117675e-11,3.119771108117675e-11,0.9999999999688023,0.9999999999688023,0.9999999999688023,0.047072867676946295,1.4685657255478343e-12,1.4685657255478343e-12,1.4685657255478343e-12
TUR.40.25_1,2074,7,albopictus,27.80033021814683,62.17386682302314,0.5662268691071368,0.10104774472158298,0.10104774472158298,0.10104774472158298,1.246803327248358e-9,1.246803327248358e-9,1.246803327248358e-9,0.9999999987531967,0.9999999987531967,0.9999999987531967,0.053321890078939393,6.648190996559284e-11,6.648190996559284e-11,6.648190996559284e-11
TUR.40.25_1,2074,8,albopictus,25.640033104840448,73.83786994063524,0.6723587150412409,0.11769429543783945,0.11769429543783945,0.11769429543783945,8.638475568201187e-8,8.638475568201187e-8,8.638475568201187e-8,0.9999999136152443,0.9999999136152443,0.9999999136152443,0.06299529219998756,5.441832925812874e-9,5.441832925812874e-9,5.441832925812874e-9
TUR.40.25_1,2074,9,albopictus,23.100646804360782,70.10732187322473,0.5359023638996985,0.08189500510691633,0.08189500510691633,0.08189500510691633,3.3560931811393857e-12,3.3560931811393857e-12,3.3560931811393857e-12,0.9999999999966439,0.9999999999966439,0.9999999999966439,0.05217959074724776,1.75119568701482e-13,1.75119568701482e-13,1.75119568701482e-13
TUR.40.25_1,2074,10,albopictus,19.454704004175525,76.6261076570279,0.528109414086355,0.03967691095697575,0.03967691095697575,0.03967691095697575,0,0,0,1,1,1,0.04982334843061187,0,0,0
TUR.40.25_1,2074,11,albopictus,14.433196642819574,75.61591434223867,0.3063296545142323,0.0028228035075709658,0.0028228035075709658,0.0028228035075709658,0,0,0,1,1,1,0.030168530585523268,0,0,0
TUR.40.25_1,2074,12,albopictus,10.087771191316493,73.60688701087545,0.2519609505515217,0,0,0,0,0,0,1,1,1,0.024088446213044068,0,0,0
TUR.40.25_1,2075,1,albopictus,7.9254902601242065,80.32070024459459,0.24463706134221982,0,0,0,0,0,0,1,1,1,0.023396510571558116,0,0,0
TUR.40.25_1,2075,2,albopictus,7.643505254212548,79.54627274933881,0.18299592523617594,0,0,0,0,0,0,1,1,1,0.01941574488759623,0,0,0
TUR.40.25_1,2075,3,albopictus,11.069866979823392,72.63011279591865,0.2246427572209292,1.0508149113686174e-7,1.0508149113686174e-7,1.0508149113686174e-7,0,0,0,1,1,1,0.021505019222970767,0,0,0
TUR.40.25_1,2075,4,albopictus,14.40090207492604,68.71853267065666,0.2970487287474772,0.0024888574319533834,0.0024888574319533834,0.0024888574319533834,0,0,0,1,1,1,0.02926801938389101,0,0,0
TUR.40.25_1,2075,5,albopictus,17.087984870461856,68.92460775907476,0.41519557813818136,0.01461098919169972,0.01461098919169972,0.01461098919169972,0,0,0,1,1,1,0.03938369606638881,0,0,0
TUR.40.25_1,2075,6,albopictus,22.363455043119544,68.5752032270774,0.4669998792597547,0.07090623669793582,0.07090623669793582,0.07090623669793582,5.617728504603292e-14,5.617728504603292e-14,5.617728504603292e-14,0.9999999999999438,0.9999999999999438,0.9999999999999438,0.04562632172899406,2.5631628813717048e-15,2.5631628813717048e-15,2.5631628813717048e-15
TUR.40.25_1,2075,7,albopictus,24.581345614264993,69.07234246999579,0.5484139600057055,0.09775654729202836,0.09775654729202836,0.09775654729202836,4.93134533208206e-10,4.93134533208206e-10,4.93134533208206e-10,0.9999999995068655,0.9999999995068655,0.9999999995068655,0.05168857065706001,2.548941916316866e-11,2.548941916316866e-11,2.548941916316866e-11
TUR.40.25_1,2075,8,albopictus,24.913737633649042,72.48700171553759,0.6512070083172729,0.10773839417218664,0.10773839417218664,0.10773839417218664,7.462177764594458e-9,7.462177764594458e-9,7.462177764594458e-9,0.9999999925378222,0.9999999925378222,0.9999999925378222,0.06107533603618398,4.557550145343467e-10,4.557550145343467e-10,4.557550145343467e-10
TUR.40.25_1,2075,9,albopictus,22.431033919839297,71.56706155828333,0.5190434322307718,0.0748767513560708,0.0748767513560708,0.0748767513560708,2.645661467681748e-13,2.645661467681748e-13,2.645661467681748e-13,0.9999999999997354,0.9999999999997354,0.9999999999997354,0.050580319074046476,1.338184011972529e-14,1.338184011972529e-14,1.338184011972529e-14
TUR.40.25_1,2075,10,albopictus,17.24148340786205,72.29438921220368,0.511495640523182,0.016401122991124752,0.016401122991124752,0.016401122991124752,0,0,0,1,1,1,0.04829444035346209,0,0,0
TUR.40.25_1,2075,11,albopictus,12.258991816464594,79.12310886128164,0.2966928418007359,1.1260517423252501e-4,1.1260517423252501e-4,1.1260517423252501e-4,0,0,0,1,1,1,0.0292334716850724,0,0,0
TUR.40.25_1,2075,12,albopictus,8.916844143587001,77.8462287467153,0.2440345207860785,0,0,0,0,0,0,1,1,1,0.02333956279418825,0,0,0
TUR.59.4_1,2025,1,albopictus,6.417662176139214,77.05788846229612,0.06320792421232822,0,0,0,0,0,0,1,1,1,0.0060982257709665255,0,0,0
TUR.59.4_1,2025,2,albopictus,5.300040262586931,68.47041050694055,0.0472814401466033,0,0,0,0,0,0,1,1,1,0.005053058715036474,0,0,0
TUR.59.4_1,2025,3,albopictus,6.994823834475349,58.27931918354798,0.058041910311397375,0,0,0,0,0,0,1,1,1,0.005601213442467334,0,0,0
TUR.59.4_1,2025,4,albopictus,10.657383764491362,64.13983739791068,0.0767497509617878,1.5082423414530885e-12,1.5082423414530885e-12,1.5082423414530885e-12,0,0,0,1,1,1,0.0076455976798393,0,0,0
TUR.59.4_1,2025,5,albopictus,16.234515330370733,59.7750282703888,0.10727585792710304,0.008308235667487238,0.008308235667487238,0.008308235667487238,0,0,0,1,1,1,0.010327832504898882,0,0,0
TUR.59.4_1,2025,6,albopictus,21.487884605632107,47.428368130794134,0.12066075685124628,0.04273124428323191,0.04273124428323191,0.04273124428323191,0,0,0,1,1,1,0.011993572496537874,0,0,0
TUR.59.4_1,2025,7,albopictus,25.958779839908377,40.96706828441224,0.1416960612216161,0.0627244328219024,0.0627244328219024,0.0627244328219024,1.6653345369377348e-15,1.6653345369377348e-15,1.6653345369377348e-15,0.9999999999999983,0.9999999999999983,0.9999999999999983,0.013618933689051205,2.2680080628641804e-17,2.2680080628641804e-17,2.2680080628641804e-17
TUR.59.4_1,2025,8,albopictus,25.377353556015912,42.28030934382277,0.16825514091127397,0.06273968740770854,0.06273968740770854,0.06273968740770854,1.6653345369377348e-15,1.6653345369377348e-15,1.6653345369377348e-15,0.9999999999999983,0.9999999999999983,0.9999999999999983,0.016150908090942773,2.6896665046754097e-17,2.6896665046754097e-17,2.6896665046754097e-17
TUR.59.4_1,2025,9,albopictus,21.183403127333698,43.32588875491181,0.1341074722993631,0.03744880390551173,0.03744880390551173,0.03744880390551173,0,0,0,1,1,1,0.013321223798181014,0,0,0
TUR.59.4_1,2025,10,albopictus,18.190073574290558,45.872029949045135,0.13215731706284153,0.01683041846270141,0.01683041846270141,0.01683041846270141,0,0,0,1,1,1,0.012707980723908663,0,0,0
TUR.59.4_1,2025,11,albopictus,10.09295647284564,66.42916255672243,0.07665779892870517,0,0,0,0,0,0,1,1,1,0.00763647273740331,0,0,0
TUR.59.4_1,2025,12,albopictus,7.740716204923742,74.32426846659918,0.06305224323088378,0,0,0,0,0,0,1,1,1,0.006083251632005626,0,0,0
TUR.59.4_1,2026,1,albopictus,2.8997087802957084,72.41125912880003,0.07193484005680319,0,0,0,0,0,0,1,1,1,0.006937261467330091,0,0,0
TUR.59.4_1,2026,2,albopictus,4.302268045790056,74.9658328702218,0.053809437297386326,0,0,0,0,0,0,1,1,1,0.0057487094218527934,0,0,0
TUR.59.4_1,2026,3,albopictus,8.54355849939234,63.77552737446595,0.06605557114668446,0,0,0,0,0,0,1,1,1,0.006372086228409679,0,0,0
TUR.59.4_1,2026,4,albopictus,15.596580351100249,49.54158986983451,0.08734634349467939,0.004873403348946922,0.004873403348946922,0.004873403348946922,0,0,0,1,1,1,0.008696598255212185,0,0,0
TUR.59.4_1,2026,5,albopictus,18.480006358202765,43.922531169558724,0.12208709237183561,0.018160414273587024,0.018160414273587024,0.018160414273587024,0,0,0,1,1,1,0.011745358279264928,0,0,0
TUR.59.4_1,2026,6,albopictus,22.286838615641873,37.911591092219915,0.1373200014616887,0.04199141938088523,0.04199141938088523,0.04199141938088523,0,0,0,1,1,1,0.013638146323552314,0,0,0
TUR.59.4_1,2026,7,albopictus,27.534585503970877,35.40584239329896,0.16125958299810617,0.05516203858469819,0.05516203858469819,0.05516203858469819,0,0,0,1,1,1,0.015484627103110715,0,0,0
TUR.59.4_1,2026,8,albopictus,27.121551401474896,37.074731493480975,0.19148558983727393,0.058230187346949035,0.058230187346949035,0.058230187346949035,2.220446049250313e-16,2.220446049250313e-16,2.220446049250313e-16,0.9999999999999998,0.9999999999999998,0.9999999999999998,0.018360222747052957,4.076788406204947e-18,4.076788406204947e-18,4.076788406204947e-18
TUR.59.4_1,2026,9,albopictus,22.613407247206744,50.90537178713837,0.1526232618851811,0.055384601252274686,0.055384601252274686,0.055384601252274686,0,0,0,1,1,1,0.015146447165027332,0,0,0
TUR.59.4_1,2026,10,albopictus,17.39845522712259,55.6581665762424,0.1504038549552229,0.013928566752254885,0.013928566752254885,0.013928566752254885,0,0,0,1,1,1,0.014449796740799159,0,0,0
TUR.59.4_1,2026,11,albopictus,10.190421987982358,66.23319392879274,0.08724169593861542,0,0,0,0,0,0,1,1,1,0.008686224453101632,0,0,0
TUR.59.4_1,2026,12,albopictus,6.471782908720129,75.98585904277105,0.0717576647003958,0,0,0,0,0,0,1,1,1,0.006920234265423986,0,0,0
TUR.59.4_1,2027,1,albopictus,6.255280050284722,71.1998028299719,0.06848079226888,0,0,0,0,0,0,1,1,1,0.00660526216145052,0,0,0
TUR.59.4_1,2027,2,albopictus,7.112601297743181,75.08722416660852,0.05122570502357207,0,0,0,0,0,0,1,1,1,0.005473434270068411,0,0,0
TUR.59.4_1,2027,3,albopictus,10.56432094293482,59.05619754048158,0.06288382433778014,3.968234197193026e-15,3.968234197193026e-15,3.968234197193026e-15,0,0,0,1,1,1,0.00606705204593283,0,0,0
TUR.59.4_1,2027,4,albopictus,11.157049024806303,65.97464574752006,0.08315229170707909,2.296298131243822e-7,2.296298131243822e-7,2.296298131243822e-7,0,0,0,1,1,1,0.008280753277124964,0,0,0
TUR.59.4_1,2027,5,albopictus,16.187619349535773,62.69681171765443,0.1162249169501912,0.008326164599375938,0.008326164599375938,0.008326164599375938,0,0,0,1,1,1,0.011184555149061914,0,0,0
TUR.59.4_1,2027,6,albopictus,21.943180168376248,45.77225927459296,0.13072639748742787,0.045302684631416054,0.045302684631416054,0.045302684631416054,0,0,0,1,1,1,0.012987563919140244,0,0,0
TUR.59.4_1,2027,7,albopictus,25.373445062076346,44.05104884471498,0.15351648792072514,0.06510197516699537,0.06510197516699537,0.06510197516699537,4.884981308350689e-15,4.884981308350689e-15,4.884981308350689e-15,0.9999999999999951,0.9999999999999951,0.9999999999999951,0.0147466219738277,7.203697270346186e-17,7.203697270346186e-17,7.203697270346186e-17
TUR.59.4_1,2027,8,albopictus,26.711963541367474,40.92135396052199,0.18229115251768957,0.06360821434004589,0.06360821434004589,0.06360821434004589,2.55351295663786e-15,2.55351295663786e-15,2.55351295663786e-15,0.9999999999999974,0.9999999999999974,0.9999999999999974,0.017486386422219558,4.4651714293913994e-17,4.4651714293913994e-17,4.4651714293913994e-17
TUR.59.4_1,2027,9,albopictus,21.83529483570772,55.48732292849579,0.14529485134469955,0.05195252423628257,0.05195252423628257,0.05195252423628257,0,0,0,1,1,1,0.014424441523910314,0,0,0
TUR.59.4_1,2027,10,albopictus,16.65587195228128,53.68662421784396,0.14318201221402843,0.009566769619264653,0.009566769619264653,0.009566769619264653,0,0,0,1,1,1,0.013760766773891486,0,0,0
TUR.59.4_1,2027,11,albopictus,10.150300909491147,72.06481319148806,0.08305266894371988,0,0,0,0,0,0,1,1,1,0.008270873446728721,0,0,0
TUR.59.4_1,2027,12,albopictus,6.829115615171545,77.06677640116949,0.06831212422474842,0,0,0,0,0,0,1,1,1,0.00658904713097086,0,0,0
TUR.59.4_1,2028,1,albopictus,4.59037164116607,73.47684903358518,0.06504853051396203,0,0,0,0,0,0,1,1,1,0.006275246959759118,0,0,0
TUR.59.4_1,2028,2,albopictus,7.685531156904558,75.59496037266321,0.050396064696095734,0,0,0,0,0,0,1,1,1,0.005199819891599788,0,0,0
TUR.59.4_1,2028,3,albopictus,8.019368073519537,74.52022494526673,0.05973208297897545,0,0,0,0,0,0,1,1,1,0.005763849075191452,0,0,0
TUR.59.4_1,2028,4,albopictus,9.957483137355132,72.48682226119193,0.07898469344771016,0,0,0,0,0,0,1,1,1,0.007867358399277324,0,0,0
TUR.59.4_1,2028,5,albopictus,16.85551466661341,58.456501048709114,0.11039971656625905,0.011281046492871356,0.011281046492871356,0.011281046492871356,0,0,0,1,1,1,0.010626973990927602,0,0,0
TUR.59.4_1,2028,6,albopictus,20.495103920207303,59.068607846370305,0.12417438195740017,0.04104305707924829,0.04104305707924829,0.04104305707924829,0,0,0,1,1,1,0.012340659935081932,0,0,0
TUR.59.4_1,2028,7,albopictus,25.057899026309745,46.22402629222474,0.1458222315784387,0.06665924028224843,0.06665924028224843,0.06665924028224843,9.658940314238862e-15,9.658940314238862e-15,9.658940314238862e-15,0.9999999999999903,0.9999999999999903,0.9999999999999903,0.014012723738070165,1.3534806222593781e-16,1.3534806222593781e-16,1.3534806222593781e-16
TUR.59.4_1,2028,8,albopictus,25.530485041001263,44.11815037775832,0.1731547081174879,0.06565354026618013,0.06565354026618013,0.06565354026618013,6.328271240363392e-15,6.328271240363392e-15,6.328271240363392e-15,0.9999999999999937,0.9999999999999937,0.9999999999999937,0.016617291199194417,1.0515872598860574e-16,1.0515872598860574e-16,1.0515872598860574e-16
TUR.59.4_1,2028,9,albopictus,21.07515537037569,48.437926413603215,0.13801266396142764,0.039938651393775434,0.039938651393775434,0.039938651393775434,0,0,0,1,1,1,0.013706465544138347,0,0,0
TUR.59.4_1,2028,10,albopictus,17.175505245433136,51.90083472809787,0.13600572046517065,0.011954424547598498,0.011954424547598498,0.011954424547598498,0,0,0,1,1,1,0.013075605614656372,0,0,0
TUR.59.4_1,2028,11,albopictus,10.42558472296771,65.35962825496462,0.07889006378371892,3.0654245461545733e-49,3.0654245461545733e-49,3.0654245461545733e-49,0,0,0,1,1,1,0.007857969837004597,0,0,0
TUR.59.4_1,2028,12,albopictus,4.972931132597082,71.95366299784918,0.06488831612315381,0,0,0,0,0,0,1,1,1,0.006259839517160692,0,0,0
TUR.59.4_1,2029,1,albopictus,2.6733973350595024,68.04183621620237,0.06141373662736199,0,0,0,0,0,0,1,1,1,0.005925638572925718,0,0,0
TUR.59.4_1,2029,2,albopictus,4.728497522718767,67.83862034580774,0.04593933353627717,0,0,0,0,0,0,1,1,1,0.00490997790653247,0,0,0
TUR.59.4_1,2029,3,albopictus,7.293135067995856,69.89474429341126,0.056394362536554915,0,0,0,0,0,0,1,1,1,0.0054426537532454855,0,0,0
TUR.59.4_1,2029,4,albopictus,10.806597555384917,65.56421483931693,0.0745711720566759,7.207317957001269e-10,7.207317957001269e-10,7.207317957001269e-10,0,0,0,1,1,1,0.0074293818918077514,0,0,0
TUR.59.4_1,2029,5,albopictus,15.983557841357062,69.0475120960724,0.10423078067044683,0.008107901418851465,0.008107901418851465,0.008107901418851465,0,0,0,1,1,1,0.010036148089954233,0,0,0
TUR.59.4_1,2029,6,albopictus,21.874994362101834,57.586552182307805,0.1172357427468769,0.05405397728153189,0.05405397728153189,0.05405397728153189,0,0,0,1,1,1,0.011655120944838893,0,0,0
TUR.59.4_1,2029,7,albopictus,25.59605553570916,39.865086167713024,0.13767394980045267,0.06027616016270262,0.06027616016270262,0.06027616016270262,5.551115123125783e-16,5.551115123125783e-16,5.551115123125783e-16,0.9999999999999994,0.9999999999999994,0.9999999999999994,0.01323492335661558,7.34685831983194e-18,7.34685831983194e-18,7.34685831983194e-18
TUR.59.4_1,2029,8,albopictus,25.725791818955365,49.409299517162616,0.16347913713181633,0.07396577498264705,0.07396577498264705,0.07396577498264705,1.8685053504441385e-13,1.8685053504441385e-13,1.8685053504441385e-13,0.9999999999998131,0.9999999999998131,0.9999999999998131,0.015696073925534515,2.9328198110827974e-15,2.9328198110827974e-15,2.9328198110827974e-15
TUR.59.4_1,2029,9,albopictus,20.289888494154987,64.2427588720993,0.1303007666552662,0.04205399548471391,0.04205399548471391,0.04205399548471391,0,0,0,1,1,1,0.012945552732631538,0,0,0
TUR.59.4_1,2029,10,albopictus,15.03213747809915,63.00077216706271,0.12840596752096956,0.0039048170716273756,0.0039048170716273756,0.0039048170716273756,0,0,0,1,1,1,0.012349495256908649,0,0,0
TUR.59.4_1,2029,11,albopictus,10.895360876532163,72.9936309405115,0.07448183012664958,6.707844810205221e-9,6.707844810205221e-9,6.707844810205221e-9,0,0,0,1,1,1,0.0074205140347233245,0,0,0
TUR.59.4_1,2029,12,albopictus,5.674996600431554,71.5629693332984,0.06126247472608201,0,0,0,0,0,0,1,1,1,0.005911086958879985,0,0,0
TUR.59.4_1,2030,1,albopictus,7.195159467704156,77.26526303505003,0.07255314989893016,0,0,0,0,0,0,1,1,1,0.006996681024915796,0,0,0
TUR.59.4_1,2030,2,albopictus,6.82963468397365,66.56789128086633,0.05427195177095735,0,0,0,0,0,0,1,1,1,0.005797978445246987,0,0,0
TUR.59.4_1,2030,3,albopictus,9.07008733468897,70.61622561665345,0.06662334622945468,0,0,0,0,0,0,1,1,1,0.006426680583782374,0,0,0
TUR.59.4_1,2030,4,albopictus,12.007130468592925,63.278959407188026,0.0880971216129586,3.541906216505832e-5,3.541906216505832e-5,3.541906216505832e-5,0,0,0,1,1,1,0.008771020351713732,0,0,0
TUR.59.4_1,2030,5,albopictus,20.079735896166632,47.90231327405091,0.12313648166290182,0.03112983735258637,0.03112983735258637,0.03112983735258637,0,0,0,1,1,1,0.011845714199983925,0,0,0
TUR.59.4_1,2030,6,albopictus,24.8749924547532,30.31835226165351,0.13850032393627276,0.048060384519145447,0.048060384519145447,0.048060384519145447,0,0,0,1,1,1,0.013754561959414269,0,0,0
TUR.59.4_1,2030,7,albopictus,26.819861916934745,39.53799495067201,0.16264567612386116,0.06167148324301654,0.06167148324301654,0.06167148324301654,9.992007221626409e-16,9.992007221626409e-16,9.992007221626409e-16,0.999999999999999,0.999999999999999,0.999999999999999,0.015616679213136364,1.5604197147548157e-17,1.5604197147548157e-17,1.5604197147548157e-17
TUR.59.4_1,2030,8,albopictus,26.972995645859662,46.57293858576613,0.1931314880519413,0.07203846559033021,0.07203846559033021,0.07203846559033021,8.826273045769994e-14,8.826273045769994e-14,8.826273045769994e-14,0.9999999999999117,0.9999999999999117,0.9999999999999117,0.01851656634291643,1.6343227041269517e-15,1.6343227041269517e-15,1.6343227041269517e-15
TUR.59.4_1,2030,9,albopictus,21.951080434462604,52.63967049319306,0.1539351222422294,0.05065624607379125,0.05065624607379125,0.05065624607379125,0,0,0,1,1,1,0.015275637724189606,0,0,0
TUR.59.4_1,2030,10,albopictus,16.465268696055695,68.27641456208224,0.15169663858745475,0.010539054376803194,0.010539054376803194,0.010539054376803194,0,0,0,1,1,1,0.014573089335108591,0,0,0
TUR.59.4_1,2030,11,albopictus,10.941055227728452,64.6989303179529,0.08799157456766499,1.1146919936290642e-8,1.1146919936290642e-8,1.1146919936290642e-8,0,0,0,1,1,1,0.008760558167500099,0,0,0
TUR.59.4_1,2030,12,albopictus,8.374376521391028,74.21261227763434,0.07237445164671091,0,0,0,0,0,0,1,1,1,0.006979508493442088,0,0,0
TUR.59.4_1,2031,1,albopictus,8.560750993735649,74.24206967567503,0.0694056391831071,0,0,0,0,0,0,1,1,1,0.006694168317417759,0,0,0
TUR.59.4_1,2031,2,albopictus,2.4961679157088787,65.18835179112024,0.051917518503681113,0,0,0,0,0,0,1,1,1,0.00554714870426809,0,0,0
TUR.59.4_1,2031,3,albopictus,9.82572116571314,68.9900659486847,0.06373308307102094,0,0,0,0,0,0,1,1,1,0.006148736389506304,0,0,0
TUR.59.4_1,2031,4,albopictus,9.716750944361968,71.77193273482474,0.08427528018090187,0,0,0,0,0,0,1,1,1,0.008392115952391643,0,0,0
TUR.59.4_1,2031,5,albopictus,17.590237757738898,58.629020732547005,0.11779455789966563,0.015822099479065363,0.015822099479065363,0.015822099479065363,0,0,0,1,1,1,0.01133474553663305,0,0,0
TUR.59.4_1,2031,6,albopictus,22.97547539542703,43.925316372981634,0.13249188385694255,0.05176518273509781,0.05176518273509781,0.05176518273509781,0,0,0,1,1,1,0.013161804237986519,0,0,0
TUR.59.4_1,2031,7,albopictus,26.34832146588494,34.39331111278138,0.1555897590589883,0.05500599069994143,0.05500599069994143,0.05500599069994143,0,0,0,1,1,1,0.014944282536767939,0,0,0
TUR.59.4_1,2031,8,albopictus,24.976657755234662,52.31123890925246,0.1847530313060502,0.07445298288415017,0.07445298288415017,0.07445298288415017,2.2515322939398175e-13,2.2515322939398175e-13,2.2515322939398175e-13,0.9999999999997748,0.9999999999997748,0.9999999999997748,0.017720438806942296,3.989814023661495e-15,3.989814023661495e-15,3.989814023661495e-15
TUR.59.4_1,2031,9,albopictus,22.222978704115924,44.85099709231415,0.14725708762245207,0.04678896158218499,0.04678896158218499,0.04678896158218499,0,0,0,1,1,1,0.0146178157625233,0,0,0
TUR.59.4_1,2031,10,albopictus,16.749125087962433,65.97405402741427,0.14511571417309801,0.011841239241036085,0.011841239241036085,0.011841239241036085,0,0,0,1,1,1,0.013945306868317076,0,0,0
TUR.59.4_1,2031,11,albopictus,9.238947798224057,68.52346950252321,0.08417431199202657,0,0,0,0,0,0,1,1,1,0.008382103816633735,0,0,0
TUR.59.4_1,2031,12,albopictus,6.84458516625797,73.32184231913824,0.0692346932430141,0,0,0,0,0,0,1,1,1,0.006677735768669479,0,0,0
TUR.59.4_1,2032,1,albopictus,5.725435289389947,77.83890958046018,0.06121725745873905,0,0,0,0,0,0,1,1,1,0.00590673695089694,0,0,0
TUR.59.4_1,2032,2,albopictus,4.3122837718795335,65.51645390293665,0.04742780264261271,0,0,0,0,0,0,1,1,1,0.004894308061758945,0,0,0
TUR.59.4_1,2032,3,albopictus,4.329008004244636,66.7117685243683,0.0562139417044301,0,0,0,0,0,0,1,1,1,0.005425288550291674,0,0,0
TUR.59.4_1,2032,4,albopictus,11.193022573695464,66.77574743209037,0.07433259869029965,3.304406948194625e-7,3.304406948194625e-7,3.304406948194625e-7,0,0,0,1,1,1,0.007405701517960717,0,0,0
TUR.59.4_1,2032,5,albopictus,17.475461146410773,64.04978565564271,0.10389731818704007,0.01626042785054886,0.01626042785054886,0.01626042785054886,0,0,0,1,1,1,0.010004200883717784,0,0,0
TUR.59.4_1,2032,6,albopictus,21.776640022502225,55.10413793670234,0.11686067386924835,0.051080213257525243,0.051080213257525243,0.051080213257525243,0,0,0,1,1,1,0.011618050509195177,0,0,0
TUR.59.4_1,2032,7,albopictus,25.541677026187674,42.556202500720836,0.13723349356568615,0.06372855429887729,0.06372855429887729,0.06372855429887729,2.6645352591003757e-15,2.6645352591003757e-15,2.6645352591003757e-15,0.9999999999999973,0.9999999999999973,0.9999999999999973,0.013192861799196653,3.5152845432397904e-17,3.5152845432397904e-17,3.5152845432397904e-17
TUR.59.4_1,2032,8,albopictus,27.543941385605756,38.873986864574725,0.16295612311712207,0.06000370370417091,0.06000370370417091,0.06000370370417091,4.440892098500626e-16,4.440892098500626e-16,4.440892098500626e-16,0.9999999999999996,0.9999999999999996,0.9999999999999996,0.015646252850388787,6.948332065443446e-18,6.948332065443446e-18,6.948332065443446e-18
TUR.59.4_1,2032,9,albopictus,20.64843951954561,62.488028647489934,0.12988389922935628,0.04486898457355733,0.04486898457355733,0.04486898457355733,0,0,0,1,1,1,0.012904404790309076,0,0,0
TUR.59.4_1,2032,10,albopictus,16.831442440257355,63.49275367341037,0.12799516207042638,0.011905154347561377,0.011905154347561377,0.011905154347561377,0,0,0,1,1,1,0.012310230068937389,0,0,0
TUR.59.4_1,2032,11,albopictus,7.822435785742368,65.27548366267946,0.07424354258929301,0,0,0,0,0,0,1,1,1,0.007396861820788914,0,0,0
TUR.59.4_1,2032,12,albopictus,8.678735003751868,72.81363309062262,0.06106647948522898,0,0,0,0,0,0,1,1,1,0.00589223161593988,0,0,0
TUR.59.4_1,2033,1,albopictus,4.679573329932549,73.61863370155393,0.0705866263383944,0,0,0,0,0,0,1,1,1,0.006807685839596234,0,0,0
TUR.59.4_1,2033,2,albopictus,3.890354650862077,67.96537510654993,0.05280093263557144,0,0,0,0,0,0,1,1,1,0.00564127071790943,0,0,0
TUR.59.4_1,2033,3,albopictus,8.105534932192633,67.72436465473939,0.06481754758081619,0,0,0,0,0,0,1,1,1,0.006253033796183138,0,0,0
TUR.59.4_1,2033,4,albopictus,13.345885122523589,60.45696844039115,0.08570928503372523,6.541845382494254e-4,6.541845382494254e-4,6.541845382494254e-4,0,0,0,1,1,1,0.00853430280909806,0,0,0
TUR.59.4_1,2033,5,albopictus,14.590162417467901,71.36043171277161,0.1197989175090518,0.0030323632775526173,0.0030323632775526173,0.0030323632775526173,0,0,0,1,1,1,0.011526498619791381,0,0,0
TUR.59.4_1,2033,6,albopictus,24.21713455985574,36.76844457732734,0.13474632909880624,0.052327295458400556,0.052327295458400556,0.052327295458400556,0,0,0,1,1,1,0.013384256429222696,0,0,0
TUR.59.4_1,2033,7,albopictus,26.460094003116385,41.009571641345836,0.1582372313552687,0.06381853146720183,0.06381853146720183,0.06381853146720183,2.7755575615628914e-15,2.7755575615628914e-15,2.7755575615628914e-15,0.9999999999999972,0.9999999999999972,0.9999999999999972,0.015196628375674703,4.217911679836512e-17,4.217911679836512e-17,4.217911679836512e-17
TUR.59.4_1,2033,8,albopictus,27.30202091441435,35.67865147639113,0.18789673777487476,0.05591406583016155,0.05591406583016155,0.05591406583016155,1.1102230246251565e-16,1.1102230246251565e-16,1.1102230246251565e-16,0.9999999999999999,0.9999999999999999,0.9999999999999999,0.018019231929003676,2.0005366173640655e-18,2.0005366173640655e-18,2.0005366173640655e-18
TUR.59.4_1,2033,9,albopictus,22.956344716689166,54.68854057986298,0.1497627734867998,0.061793215831822686,0.061793215831822686,0.061793215831822686,1.1102230246251565e-15,1.1102230246251565e-15,1.1102230246251565e-15,0.9999999999999989,0.9999999999999989,0.9999999999999989,0.014864690652687917,1.6503121816544472e-17,1.6503121816544472e-17,1.6503121816544472e-17
TUR.59.4_1,2033,10,albopictus,17.84483965705423,55.23642890534396,0.14758496301924198,0.01675448353529857,0.01675448353529857,0.01675448353529857,0,0,0,1,1,1,0.014180905919154774,0,0,0
TUR.59.4_1,2033,11,albopictus,14.531035353155698,61.22723537166384,0.08560659879808086,0.0025273177090065395,0.0025273177090065395,0.0025273177090065395,0,0,0,1,1,1,0.008524121768804016,0,0,0
TUR.59.4_1,2033,12,albopictus,9.042431578916663,78.21169675029059,0.07041277162947693,0,0,0,0,0,0,1,1,1,0.0067909755867009425,0,0,0
TUR.59.4_1,2034,1,albopictus,5.310144933707574,70.66432614540159,0.07185185102005386,0,0,0,0,0,0,1,1,1,0.006929285952713138,0,0,0
TUR.59.4_1,2034,2,albopictus,5.243433493025163,70.52864567539758,0.053747358986434256,0,0,0,0,0,0,1,1,1,0.005742096388348106,0,0,0
TUR.59.4_1,2034,3,albopictus,6.553789994295905,71.63712252827455,0.06597936484363214,0,0,0,0,0,0,1,1,1,0.00636475839075179,0,0,0
TUR.59.4_1,2034,4,albopictus,11.786911810145659,62.82121099410209,0.08724557467522451,1.4947000755683222e-5,1.4947000755683222e-5,1.4947000755683222e-5,0,0,0,1,1,1,0.008686608957530262,0,0,0
TUR.59.4_1,2034,5,albopictus,18.40182985978968,47.00336841931458,0.12194624420719849,0.018312505821862262,0.018312505821862262,0.018312505821862262,0,0,0,1,1,1,0.011731887814640074,0,0,0
TUR.59.4_1,2034,6,albopictus,25.08255204032449,29.477028409114446,0.13716157955321262,0.04788377781958603,0.04788377781958603,0.04788377781958603,0,0,0,1,1,1,0.013622520067044785,0,0,0
TUR.59.4_1,2034,7,albopictus,26.28534653607537,37.150730698963024,0.16107354272264238,0.058108538355170526,0.058108538355170526,0.058108538355170526,2.220446049250313e-16,2.220446049250313e-16,2.220446049250313e-16,0.9999999999999998,0.9999999999999998,0.9999999999999998,0.015466901829564783,3.434342106159956e-18,3.434342106159956e-18,3.434342106159956e-18
TUR.59.4_1,2034,8,albopictus,27.92215145335478,37.35867848444777,0.19126467873718078,0.057002801157240136,0.057002801157240136,0.057002801157240136,1.1102230246251565e-16,1.1102230246251565e-16,1.1102230246251565e-16,0.9999999999999999,0.9999999999999999,0.9999999999999999,0.018339236543073345,2.036064266416709e-18,2.036064266416709e-18,2.036064266416709e-18
TUR.59.4_1,2034,9,albopictus,22.72773753895479,50.53306877810517,0.15244718507067245,0.05571166227408424,0.05571166227408424,0.05571166227408424,1.1102230246251565e-16,1.1102230246251565e-16,1.1102230246251565e-16,0.9999999999999999,0.9999999999999999,0.9999999999999999,0.015129106024725059,1.6796681850644933e-18,1.6796681850644933e-18,1.6796681850644933e-18
TUR.59.4_1,2034,10,albopictus,17.06417330573587,58.05936591706271,0.150230338602976,0.012389303400538525,0.012389303400538525,0.012389303400538525,0,0,0,1,1,1,0.014433247336410382,0,0,0
TUR.59.4_1,2034,11,albopictus,10.436241079779233,67.32919460017946,0.08714104784786264,1.0679172181435828e-37,1.0679172181435828e-37,1.0679172181435828e-37,0,0,0,1,1,1,0.0086762470190066,0,0,0
TUR.59.4_1,2034,12,albopictus,6.067804560941808,69.61938107646246,0.07167488006546556,0,0,0,0,0,0,1,1,1,0.006912278258148441,0,0,0
TUR.59.4_1,2035,1,albopictus,6.0161075916360405,78.84298367713987,0.06950576922527586,0,0,0,0,0,0,1,1,1,0.006703793408346592,0,0,0
TUR.59.4_1,2035,2,albopictus,7.342825907118181,74.99605290196008,0.05199241880541822,0,0,0,0,0,0,1,1,1,0.005555129188527519,0,0,0
TUR.59.4_1,2035,3,albopictus,9.177217862185309,69.53432406636048,0.06382502943691508,0,0,0,0,0,0,1,1,1,0.0061575796738972954,0,0,0
TUR.59.4_1,2035,4,albopictus,10.399212682948393,68.6319791215435,0.08439686233845588,5.570073927953378e-122,5.570073927953378e-122,5.570073927953378e-122,0,0,0,1,1,1,0.008404172061700077,0,0,0
TUR.59.4_1,2035,5,albopictus,17.124526164110968,57.72093586316224,0.11796449760757073,0.012662415101847634,0.012662415101847634,0.012662415101847634,0,0,0,1,1,1,0.011351004772408246,0,0,0
TUR.59.4_1,2035,6,albopictus,22.21811112235574,53.30980352508124,0.1326830270849822,0.05387164365834256,0.05387164365834256,0.05387164365834256,0,0,0,1,1,1,0.013180666801542507,0,0,0
TUR.59.4_1,2035,7,albopictus,26.232743768131034,43.90683039989076,0.1558142251012144,0.0670880835120123,0.0670880835120123,0.0670880835120123,1.1657341758564144e-14,1.1657341758564144e-14,1.1657341758564144e-14,0.9999999999999883,0.9999999999999883,0.9999999999999883,0.01496568019709743,1.7446004870694034e-16,1.7446004870694034e-16,1.7446004870694034e-16
TUR.59.4_1,2035,8,albopictus,27.258832819321576,37.41323628474074,0.18501957058201127,0.058581755844978184,0.058581755844978184,0.058581755844978184,2.220446049250313e-16,2.220446049250313e-16,2.220446049250313e-16,0.9999999999999998,0.9999999999999998,0.9999999999999998,0.01774577552046519,3.940353714529985e-18,3.940353714529985e-18,3.940353714529985e-18
TUR.59.4_1,2035,9,albopictus,22.87452518238741,47.42442619998017,0.14746953229649917,0.05392595081595688,0.05392595081595688,0.05392595081595688,0,0,0,1,1,1,0.014638749459854106,0,0,0
TUR.59.4_1,2035,10,albopictus,17.71794184516458,51.9626099356174,0.14532506953313107,0.015282975013147106,0.015282975013147106,0.015282975013147106,0,0,0,1,1,1,0.013965284327422722,0,0,0
TUR.59.4_1,2035,11,albopictus,11.092541624518002,58.22340541560915,0.08429574848491804,7.278928925180003e-8,7.278928925180003e-8,7.278928925180003e-8,0,0,0,1,1,1,0.008394145603478065,0,0,0
TUR.59.4_1,2035,12,albopictus,8.366823897642249,79.62677395976324,0.06933457666510427,0,0,0,0,0,0,1,1,1,0.006687337311973129,0,0,0
TUR.59.4_1,2036,1,albopictus,6.28377345467315,78.70344205116331,0.07680387911443894,0,0,0,0,0,0,1,1,1,0.007405079750402055,0,0,0
TUR.59.4_1,2036,2,albopictus,6.149423616773943,78.14406315586633,0.05950346964304737,0,0,0,0,0,0,1,1,1,0.006136624872344787,0,0,0
TUR.59.4_1,2036,3,albopictus,7.3462547274196845,66.19903506489564,0.07052666131152907,0,0,0,0,0,0,1,1,1,0.006801922261214788,0,0,0
TUR.59.4_1,2036,4,albopictus,15.076245153651518,56.827562465049354,0.09325853788729122,0.0037170606542310516,0.0037170606542310516,0.0037170606542310516,0,0,0,1,1,1,0.009282502880361032,0,0,0
TUR.59.4_1,2036,5,albopictus,17.708962580736944,58.4549713551056,0.13035077684965257,0.016585380906392538,0.016585380906392538,0.016585380906392538,0,0,0,1,1,1,0.012535360854282196,0,0,0
TUR.59.4_1,2036,6,albopictus,21.30921562980203,62.73762945281562,0.14661475279475053,0.05253794025785661,0.05253794025785661,0.05253794025785661,0,0,0,1,1,1,0.014554519200112526,0,0,0
TUR.59.4_1,2036,7,albopictus,28.612756280338065,33.367874711414196,0.17217472797397343,0.04946657055673691,0.04946657055673691,0.04946657055673691,0,0,0,1,1,1,0.016524025919216423,0,0,0
TUR.59.4_1,2036,8,albopictus,28.098705179551068,36.66263737727004,0.2044466364616339,0.05590921824132018,0.05590921824132018,0.05590921824132018,1.1102230246251565e-16,1.1102230246251565e-16,1.1102230246251565e-16,0.9999999999999999,0.9999999999999999,0.9999999999999999,0.019590716586757373,2.1750064623523994e-18,2.1750064623523994e-18,2.1750064623523994e-18
TUR.59.4_1,2036,9,albopictus,24.16974651112276,45.73515618044892,0.16295384193006485,0.06141009530349721,0.06141009530349721,0.06141009530349721,8.881784197001252e-16,8.881784197001252e-16,8.881784197001252e-16,0.9999999999999991,0.9999999999999991,0.9999999999999991,0.01616333266974146,1.4355923267698375e-17,1.4355923267698375e-17,1.4355923267698375e-17
TUR.59.4_1,2036,10,albopictus,16.93783911536722,67.67202155671114,0.16058421044941296,0.013260762052543718,0.013260762052543718,0.013260762052543718,0,0,0,1,1,1,0.015420278420589573,0,0,0
TUR.59.4_1,2036,11,albopictus,13.209840704413022,70.54690700252321,0.09314680707313759,6.28332830944009e-4,6.28332830944009e-4,6.28332830944009e-4,0,0,0,1,1,1,0.009271433451266353,0,0,0
TUR.59.4_1,2036,12,albopictus,9.153597579282874,69.2964898411109,0.07661471132530052,0,0,0,0,0,0,1,1,1,0.007386908585376162,0,0,0
TUR.59.4_1,2037,1,albopictus,5.6356144275735405,69.29817624305784,0.07661111039655243,0,0,0,0,0,0,1,1,1,0.0073865626825078134,0,0,0
TUR.59.4_1,2037,2,albopictus,9.925355928785661,66.29150120518274,0.05730742902759197,0,0,0,0,0,0,1,1,1,0.006121269901647186,0,0,0
TUR.59.4_1,2037,3,albopictus,9.552280804690191,68.24858798237611,0.07034964767322596,0,0,0,0,0,0,1,1,1,0.006784908282716939,0,0,0
TUR.59.4_1,2037,4,albopictus,12.301904524073882,69.39222539839896,0.09302446990807214,1.0143139111007133e-4,1.0143139111007133e-4,1.0143139111007133e-4,0,0,0,1,1,1,0.009259313084709841,0,0,0
TUR.59.4_1,2037,5,albopictus,17.81860651689417,55.078598064089974,0.13002361170619178,0.01646089425274512,0.01646089425274512,0.01646089425274512,0,0,0,1,1,1,0.012504096100281803,0,0,0
TUR.59.4_1,2037,6,albopictus,23.209358299479764,41.46614126311835,0.1462467669814639,0.05098201182930554,0.05098201182930554,0.05098201182930554,0,0,0,1,1,1,0.014518255537220748,0,0,0
TUR.59.4_1,2037,7,albopictus,27.14369156781365,36.808628648181774,0.17174258962436548,0.057937616753009215,0.057937616753009215,0.057937616753009215,2.220446049250313e-16,2.220446049250313e-16,2.220446049250313e-16,0.9999999999999998,0.9999999999999998,0.9999999999999998,0.016482896251044488,3.659938186083453e-18,3.659938186083453e-18,3.659938186083453e-18
TUR.59.4_1,2037,8,albopictus,25.859962351181927,47.04718174982863,0.20393349941124878,0.07109992120889311,0.07109992120889311,0.07109992120889311,6.072919944699606e-14,6.072919944699606e-14,6.072919944699606e-14,0.9999999999999393,0.9999999999999393,0.9999999999999393,0.019542029797797178,1.1867718251895649e-15,1.1867718251895649e-15,1.1867718251895649e-15
TUR.59.4_1,2037,9,albopictus,22.602426641127643,47.64091789919892,0.16254484692166515,0.05202795439328921,0.05202795439328921,0.05202795439328921,0,0,0,1,1,1,0.016123093418262457,0,0,0
TUR.59.4_1,2037,10,albopictus,15.229851330027861,71.48273627839083,0.16018116293777585,0.005095429217162033,0.005095429217162033,0.005095429217162033,0,0,0,1,1,1,0.015381874535489337,0,0,0
TUR.59.4_1,2037,11,albopictus,10.07116406104144,70.17233424861696,0.09291301952514204,0,0,0,0,0,0,1,1,1,0.009248271180284706,0,0,0
TUR.59.4_1,2037,12,albopictus,5.699844584745519,73.19826138652105,0.07642241739635172,0,0,0,0,0,0,1,1,1,0.00736843678725263,0,0,0
TUR.59.4_1,2038,1,albopictus,6.600513490683892,73.98286862587034,0.070765478814201,0,0,0,0,0,0,1,1,1,0.006824876165441585,0,0,0
TUR.59.4_1,2038,2,albopictus,6.119874971754411,65.67590061924524,0.05293471970001474,0,0,0,0,0,0,1,1,1,0.005655524080259489,0,0,0
TUR.59.4_1,2038,3,albopictus,6.938528916415046,72.81607760639955,0.064981782358165735,0,0,0,0,0,0,1,1,1,0.006268827975030478,0,0,0
TUR.59.4_1,2038,4,albopictus,13.647615278468413,66.0179654496685,0.08592645531969989,0.001069792940335465,0.001069792940335465,0.001069792940335465,0,0,0,1,1,1,0.008555834264196926,0,0,0
TUR.59.4_1,2038,5,albopictus,18.965596339281866,49.18839268078919,0.1201024641453895,0.022996403758072412,0.022996403758072412,0.022996403758072412,0,0,0,1,1,1,0.011555535077804824,0,0,0
TUR.59.4_1,2038,6,albopictus,21.961881721720975,46.51257375823554,0.13508774950399233,0.046007504484613694,0.046007504484613694,0.046007504484613694,0,0,0,1,1,1,0.013417940928883931,0,0,0
TUR.59.4_1,2038,7,albopictus,26.823735742007987,38.74123057689271,0.15863817303587824,0.06084306680114132,0.06084306680114132,0.06084306680114132,6.661338147750939e-16,6.661338147750939e-16,6.661338147750939e-16,0.9999999999999993,0.9999999999999993,0.9999999999999993,0.01523483880071641,1.014844128780484e-17,1.014844128780484e-17,1.014844128780484e-17
TUR.59.4_1,2038,8,albopictus,27.467687494614545,45.40552296686965,0.1883728307473015,0.06987452887060429,0.06987452887060429,0.06987452887060429,3.708144902248023e-14,3.708144902248023e-14,3.708144902248023e-14,0.9999999999999629,0.9999999999999629,0.9999999999999629,0.018064474190896518,6.69856878827639e-16,6.69856878827639e-16,6.69856878827639e-16
TUR.59.4_1,2038,9,albopictus,21.80624210133272,57.54988396365204,0.15014224257621867,0.05355606285361317,0.05355606285361317,0.05355606285361317,0,0,0,1,1,1,0.014902072783294473,0,0,0
TUR.59.4_1,2038,10,albopictus,19.112204159007355,50.27814261994357,0.14795891396996846,0.024498074552490534,0.024498074552490534,0.024498074552490534,0,0,0,1,1,1,0.014216580885324959,0,0,0
TUR.59.4_1,2038,11,albopictus,9.547526289434995,52.57780986507204,0.08582350889755236,0,0,0,0,0,0,1,1,1,0.00854562764869815,0,0,0
TUR.59.4_1,2038,12,albopictus,6.180003867429845,73.55982602275152,0.07059118359202014,0,0,0,0,0,0,1,1,1,0.006808123861687498,0,0,0
TUR.59.4_1,2039,1,albopictus,8.054243597037651,79.76648373817503,0.07820427767698217,0,0,0,0,0,0,1,1,1,0.007539589522698731,0,0,0
TUR.59.4_1,2039,2,albopictus,6.083656805403093,68.2865344693429,0.05849916636672886,0,0,0,0,0,0,1,1,1,0.006248166342148198,0,0,0
TUR.59.4_1,2039,3,albopictus,10.188008687075445,67.02761019917298,0.07181260462924194,0,0,0,0,0,0,1,1,1,0.006925514225420204,0,0,0
TUR.59.4_1,2039,4,albopictus,12.473928297267241,69.36332525191459,0.09495896140636441,1.5450736731080584e-4,1.5450736731080584e-4,1.5450736731080584e-4,0,0,0,1,1,1,0.00945095249145711,0,0,0
TUR.59.4_1,2039,5,albopictus,17.899352213915655,54.264240306521614,0.1327275193089059,0.016889828083997388,0.016889828083997388,0.016889828083997388,0,0,0,1,1,1,0.012762458846005131,0,0,0
TUR.59.4_1,2039,6,albopictus,28.065839851603787,27.42382101165351,0.14928804340752636,0.04458151796125018,0.04458151796125018,0.04458151796125018,0,0,0,1,1,1,0.01481792220622713,0,0,0
TUR.59.4_1,2039,7,albopictus,27.36077263775994,34.97317561473451,0.1753140647410886,0.055364488975211464,0.055364488975211464,0.055364488975211464,0,0,0,1,1,1,0.016822767209845768,0,0,0
TUR.59.4_1,2039,8,albopictus,27.748939401963177,38.07742085505324,0.20817440098497353,0.05824755830825064,0.05824755830825064,0.05824755830825064,2.220446049250313e-16,2.220446049250313e-16,2.220446049250313e-16,0.9999999999999998,0.9999999999999998,0.9999999999999998,0.019944336825364672,4.428532390879852e-18,4.428532390879852e-18,4.428532390879852e-18
TUR.59.4_1,2039,9,albopictus,23.42218791737276,46.395148398466496,0.16592505026785906,0.05708813444864811,0.05708813444864811,0.05708813444864811,1.1102230246251565e-16,1.1102230246251565e-16,1.1102230246251565e-16,0.9999999999999999,0.9999999999999999,0.9999999999999999,0.01645560761800302,1.826939446170408e-18,1.826939446170408e-18,1.826939446170408e-18
TUR.59.4_1,2039,10,albopictus,16.012616718516632,53.92286841950412,0.1635122122648606,0.006676104356642194,0.006676104356642194,0.006676104356642194,0,0,0,1,1,1,0.015699224499522324,0,0,0
TUR.59.4_1,2039,11,albopictus,11.289709021063413,75.25145869930056,0.0948451933556371,1.1653479824652173e-6,1.1653479824652173e-6,1.1653479824652173e-6,0,0,0,1,1,1,0.009439683143924182,0,0,0
TUR.59.4_1,2039,12,albopictus,9.44593595055973,69.4888497654273,0.07801166070919492,0,0,0,0,0,0,1,1,1,0.007521089539155312,0,0,0
TUR.59.4_1,2040,1,albopictus,6.223430665976861,76.99830289100706,0.06622258091245284,0,0,0,0,0,0,1,1,1,0.006388145346873042,0,0,0
TUR.59.4_1,2040,2,albopictus,5.919694918043474,73.8641711880929,0.05130565511068811,0,0,0,0,0,0,1,1,1,0.005293421767935236,0,0,0
TUR.59.4_1,2040,3,albopictus,8.048651597079107,62.44268740864564,0.06081017767642752,0,0,0,0,0,0,1,1,1,0.005867574056676483,0,0,0
TUR.59.4_1,2040,4,albopictus,11.155813062892241,68.66749395308646,0.08041027539528474,2.384045065893684e-7,2.384045065893684e-7,2.384045065893684e-7,0,0,0,1,1,1,0.008008784956626935,0,0,0
TUR.59.4_1,2040,5,albopictus,16.13611426072962,69.58365253796693,0.11239230318126442,0.008902903856733188,0.008902903856733188,0.008902903856733188,0,0,0,1,1,1,0.01081773735091196,0,0,0
TUR.59.4_1,2040,6,albopictus,24.082073295817654,44.36577657805976,0.1264155852784828,0.05922705048512008,0.05922705048512008,0.05922705048512008,3.3306690738754696e-16,3.3306690738754696e-16,3.3306690738754696e-16,0.9999999999999997,0.9999999999999997,0.9999999999999997,0.012561989671213691,4.183983050425452e-18,4.183983050425452e-18,4.183983050425452e-18
TUR.59.4_1,2040,7,albopictus,26.388864068424002,39.62731608714662,0.1484541534334103,0.061811284712415385,0.061811284712415385,0.061811284712415385,1.1102230246251565e-15,1.1102230246251565e-15,1.1102230246251565e-15,0.9999999999999989,0.9999999999999989,0.9999999999999989,0.014263824803350755,1.5836026715899404e-17,1.5836026715899404e-17,1.5836026715899404e-17
TUR.59.4_1,2040,8,albopictus,26.77098835215849,36.37955632258254,0.17627994941747793,0.05719445233009613,0.05719445233009613,0.05719445233009613,1.1102230246251565e-16,1.1102230246251565e-16,1.1102230246251565e-16,0.9999999999999999,0.9999999999999999,0.9999999999999999,0.01691466315586443,1.87790484894195e-18,1.87790484894195e-18,1.87790484894195e-18
TUR.59.4_1,2040,9,albopictus,21.67544376148897,52.912345053739934,0.14050363219453652,0.04850119705560738,0.04850119705560738,0.04850119705560738,0,0,0,1,1,1,0.013952117533588049,0,0,0
TUR.59.4_1,2040,10,albopictus,14.774064625010771,56.16886298737521,0.13846046569995948,0.0029106275166043746,0.0029106275166043746,0.0029106275166043746,0,0,0,1,1,1,0.013310027571404648,0,0,0
TUR.59.4_1,2040,11,albopictus,8.37822144171771,72.3818145342615,0.08031393777580488,0,0,0,0,0,0,1,1,1,0.007999228303373518,0,0,0
TUR.59.4_1,2040,12,albopictus,6.463274226469152,69.1221505466773,0.06605947483803722,0,0,0,0,0,0,1,1,1,0.006372461597696333,0,0,0
TUR.59.4_1,2041,1,albopictus,7.872384103782037,80.57570309852659,0.07923264000529216,0,0,0,0,0,0,1,1,1,0.007638353211266713,0,0,0
TUR.59.4_1,2041,2,albopictus,7.705844419844011,65.60266606113977,0.0592684125092169,0,0,0,0,0,0,1,1,1,0.006330067227494185,0,0,0
TUR.59.4_1,2041,3,albopictus,11.348438641604254,67.79720248432923,0.07275691841222402,1.4419075723976342e-6,1.4419075723976342e-6,1.4419075723976342e-6,0,0,0,1,1,1,0.00701626239410591,0,0,0
TUR.59.4_1,2041,4,albopictus,13.685771787867827,56.2491551774517,0.09620764270036082,9.416414970892704e-4,9.416414970892704e-4,9.416414970892704e-4,0,0,0,1,1,1,0.00957463277607451,0,0,0
TUR.59.4_1,2041,5,albopictus,18.11569895463831,55.397724193240364,0.1344728455856997,0.01866133637676202,0.01866133637676202,0.01866133637676202,0,0,0,1,1,1,0.012929191695970066,0,0,0
TUR.59.4_1,2041,6,albopictus,23.6099835283616,44.00147680388984,0.1512511355102566,0.05591908192401673,0.05591908192401673,0.05591908192401673,1.1102230246251565e-16,1.1102230246251565e-16,1.1102230246251565e-16,0.9999999999999999,0.9999999999999999,0.9999999999999999,0.015011303540004461,1.6665894819750073e-18,1.6665894819750073e-18,1.6665894819750073e-18
TUR.59.4_1,2041,7,albopictus,25.746951608096854,34.17442378367982,0.17761939106284425,0.053923379657546656,0.053923379657546656,0.053923379657546656,0,0,0,1,1,1,0.017042085746352686,0,0,0
TUR.59.4_1,2041,8,albopictus,25.97772777781767,43.19396367121535,0.21091183067616875,0.06568196672816524,0.06568196672816524,0.06568196672816524,6.328271240363392e-15,6.328271240363392e-15,6.328271240363392e-15,0.9999999999999937,0.9999999999999937,0.9999999999999937,0.02020393148452404,1.2785595855578595e-16,1.2785595855578595e-16,1.2785595855578595e-16
TUR.59.4_1,2041,9,albopictus,23.32531177296358,51.501280905790715,0.16810691392144575,0.06176095205003661,0.06176095205003661,0.06176095205003661,1.1102230246251565e-15,1.1102230246251565e-15,1.1102230246251565e-15,0.9999999999999989,0.9999999999999989,0.9999999999999989,0.016670180184890304,1.8507617865915265e-17,1.8507617865915265e-17,1.8507617865915265e-17
TUR.59.4_1,2041,10,albopictus,18.36389597724466,63.858331371164276,0.16566234783680903,0.02302852284683105,0.02302852284683105,0.02302852284683105,0,0,0,1,1,1,0.015904014171182257,0,0,0
TUR.59.4_1,2041,11,albopictus,12.555568624945249,74.12328487117556,0.09609237863456874,2.0669699972602085e-4,2.0669699972602085e-4,2.0669699972602085e-4,0,0,0,1,1,1,0.00956321666481219,0,0,0
TUR.59.4_1,2041,12,albopictus,9.052448020261878,79.44363034404059,0.07903749018330117,0,0,0,0,0,0,1,1,1,0.007619611821517824,0,0,0
TUR.59.4_1,2042,1,albopictus,8.50261357689605,72.95973630165159,0.07556506645782306,0,0,0,0,0,0,1,1,1,0.0072860752800071316,0,0,0
TUR.59.4_1,2042,2,albopictus,7.909171598799089,69.52303807041712,0.05652495650541882,0,0,0,0,0,0,1,1,1,0.006037943252008682,0,0,0
TUR.59.4_1,2042,3,albopictus,9.587952992495367,63.82677401753236,0.06938909740630754,0,0,0,0,0,0,1,1,1,0.006692578215174549,0,0,0
TUR.59.4_1,2042,4,albopictus,13.76017555068521,60.07347692427787,0.09175431885038389,0.0011087472304571913,0.0011087472304571913,0.0011087472304571913,0,0,0,1,1,1,0.009133466059504491,0,0,0
TUR.59.4_1,2042,5,albopictus,19.604546687182257,40.57717899670716,0.12824827637672132,0.024606064733605267,0.024606064733605267,0.024606064733605267,0,0,0,1,1,1,0.012334423167240094,0,0,0
TUR.59.4_1,2042,6,albopictus,24.398603523478787,34.06665853606757,0.14424992157134164,0.05007862287262116,0.05007862287262116,0.05007862287262116,0,0,0,1,1,1,0.01432145041858579,0,0,0
TUR.59.4_1,2042,7,albopictus,27.81494858685662,40.39502009715638,0.1693976256371794,0.06203014238536653,0.06203014238536653,0.06203014238536653,1.2212453270876722e-15,1.2212453270876722e-15,1.2212453270876722e-15,0.9999999999999988,0.9999999999999988,0.9999999999999988,0.016259679422313544,1.9857057514443997e-17,1.9857057514443997e-17,1.9857057514443997e-17
TUR.59.4_1,2042,8,albopictus,27.272067911484662,38.801477098949725,0.20114900249090906,0.060298416462366125,0.060298416462366125,0.060298416462366125,5.551115123125783e-16,5.551115123125783e-16,5.551115123125783e-16,0.9999999999999994,0.9999999999999994,0.9999999999999994,0.019277792694662232,1.0701324656782325e-17,1.0701324656782325e-17,1.0701324656782325e-17
TUR.59.4_1,2042,9,albopictus,23.53414737477022,46.59177696902314,0.16032546841358714,0.05827688445574213,0.05827688445574213,0.05827688445574213,2.220446049250313e-16,2.220446049250313e-16,2.220446049250313e-16,0.9999999999999998,0.9999999999999998,0.9999999999999998,0.015904709659241623,3.5315549727336354e-18,3.5315549727336354e-18,3.5315549727336354e-18
TUR.59.4_1,2042,10,albopictus,15.61481913398294,56.46059577546115,0.15799405804238434,0.005419594869672886,0.005419594869672886,0.005419594869672886,0,0,0,1,1,1,0.01517345282248983,0,0,0
TUR.59.4_1,2042,11,albopictus,10.528300215216245,73.031838948324,0.09164439020492672,1.3241005224000645e-17,1.3241005224000645e-17,1.3241005224000645e-17,0,0,0,1,1,1,0.009122573538044021,0,0,0
TUR.59.4_1,2042,12,albopictus,7.14699052361881,77.19479764140387,0.07537894986159456,0,0,0,0,0,0,1,1,1,0.007268195067046457,0,0,0
TUR.59.4_1,2043,1,albopictus,4.013783248908379,69.25906796669065,0.06854601563480416,0,0,0,0,0,0,1,1,1,0.006611532388290264,0,0,0
TUR.59.4_1,2043,2,albopictus,6.291642683393816,64.45039097569055,0.0512744940751116,0,0,0,0,0,0,1,1,1,0.005478633043038084,0,0,0
TUR.59.4_1,2043,3,albopictus,8.668857953127691,68.75920809956361,0.06294371696678754,0,0,0,0,0,0,1,1,1,0.006072812925106308,0,0,0
TUR.59.4_1,2043,4,albopictus,12.024252737269682,57.746141566611854,0.08323148869312078,3.3168917057634575e-5,3.3168917057634575e-5,3.3168917057634575e-5,0,0,0,1,1,1,0.008288607363557854,0,0,0
TUR.59.4_1,2043,5,albopictus,17.3052617521847,59.85528187146302,0.11633561339567013,0.01424973752611046,0.01424973752611046,0.01424973752611046,0,0,0,1,1,1,0.011195147836354669,0,0,0
TUR.59.4_1,2043,6,albopictus,23.986633384928982,36.85453466521796,0.13085090562141366,0.05110743523788626,0.05110743523788626,0.05110743523788626,0,0,0,1,1,1,0.012999852950299595,0,0,0
TUR.59.4_1,2043,7,albopictus,27.66179230633904,30.47392329539857,0.15366270208874655,0.049007018538911096,0.049007018538911096,0.049007018538911096,0,0,0,1,1,1,0.01476056297225703,0,0,0
TUR.59.4_1,2043,8,albopictus,26.303138620713177,39.64527287531691,0.18246477262562744,0.061355392502364436,0.061355392502364436,0.061355392502364436,8.881784197001252e-16,8.881784197001252e-16,8.881784197001252e-16,0.9999999999999991,0.9999999999999991,0.9999999999999991,0.01750289442414621,1.5545693109816314e-17,1.5545693109816314e-17,1.5545693109816314e-17
TUR.59.4_1,2043,9,albopictus,22.90448772206026,46.943106772489934,0.14543323495479185,0.05384612181216075,0.05384612181216075,0.05384612181216075,0,0,0,1,1,1,0.014438080179921764,0,0,0
TUR.59.4_1,2043,10,albopictus,17.875456417308136,54.08612983307834,0.1433183834864244,0.01664101610544559,0.01664101610544559,0.01664101610544559,0,0,0,1,1,1,0.013773782304050908,0,0,0
TUR.59.4_1,2043,11,albopictus,12.321985174627866,60.375588948323994,0.083131771045754907,8.736243171019562e-5,8.736243171019562e-5,8.736243171019562e-5,0,0,0,1,1,1,0.008278718201557789,0,0,0
TUR.59.4_1,2043,12,albopictus,6.948438391965978,71.0640450779273,0.06837718694566251,0,0,0,0,0,0,1,1,1,0.0065953020163997955,0,0,0
TUR.59.4_1,2044,1,albopictus,8.039268526084282,76.92403836463987,0.07270871080888572,0,0,0,0,0,0,1,1,1,0.0070116298639956165,0,0,0
TUR.59.4_1,2044,2,albopictus,4.203624504453996,69.03650395176477,0.05633075589782659,0,0,0,0,0,0,1,1,1,0.005810373681277903,0,0,0
TUR.59.4_1,2044,3,albopictus,9.081168553408453,66.00296725483705,0.0667661930717789,0,0,0,0,0,0,1,1,1,0.00644041553510144,0,0,0
TUR.59.4_1,2044,4,albopictus,12.168730581507964,64.08440221724662,0.08828601028866279,6.205960180948167e-5,6.205960180948167e-5,6.205960180948167e-5,0,0,0,1,1,1,0.008789743367813463,0,0,0
TUR.59.4_1,2044,5,albopictus,16.360008379992315,63.83111194958802,0.12340049808621206,0.009375129600225332,0.009375129600225332,0.009375129600225332,0,0,0,1,1,1,0.011870961196183027,0,0,0
TUR.59.4_1,2044,6,albopictus,23.504285896525662,37.918209591975774,0.13879728191053958,0.049681389308893056,0.049681389308893056,0.049681389308893056,0,0,0,1,1,1,0.01378384886930406,0,0,0
TUR.59.4_1,2044,7,albopictus,27.70532181683709,28.099835008045055,0.16299440404833324,0.04572591291225761,0.04572591291225761,0.04572591291225761,0,0,0,1,1,1,0.01564989948667428,0,0,0
TUR.59.4_1,2044,8,albopictus,27.81915844188017,41.48615803767043,0.19354558048024084,0.06344052118636931,0.06344052118636931,0.06344052118636931,2.3314683517128287e-15,2.3314683517128287e-15,2.3314683517128287e-15,0.9999999999999977,0.9999999999999977,0.9999999999999977,0.018555896992761167,4.3262486576265914e-17,4.3262486576265914e-17,4.3262486576265914e-17
TUR.59.4_1,2044,9,albopictus,22.81838046803194,53.60280525881806,0.15426517390399017,0.05958622177591316,0.05958622177591316,0.05958622177591316,4.440892098500626e-16,4.440892098500626e-16,4.440892098500626e-16,0.9999999999999996,0.9999999999999996,0.9999999999999996,0.015308138179059738,6.7981789882142155e-18,6.7981789882142155e-18,6.7981789882142155e-18
TUR.59.4_1,2044,10,albopictus,19.414015377269074,54.82301490387912,0.1520218907256284,0.02868054715668281,0.02868054715668281,0.02868054715668281,0,0,0,1,1,1,0.0146041061575799,0,0,0
TUR.59.4_1,2044,11,albopictus,11.051060606451596,63.23523097713259,0.08818023694038395,5.9519209317536494e-8,5.9519209317536494e-8,5.9519209317536494e-8,0,0,0,1,1,1,0.008779258949595636,0,0,0
TUR.59.4_1,2044,12,albopictus,7.191512809080236,73.2326241794898,0.07252962941047968,0,0,0,0,0,0,1,1,1,0.006994420771721299,0,0,0
TUR.59.4_1,2045,1,albopictus,6.28418210411773,67.03969235633909,0.07560448801774952,0,0,0,0,0,0,1,1,1,0.007289862466151487,0,0,0
TUR.59.4_1,2045,2,albopictus,3.9880800422500164,65.52618138096399,0.05655444502524252,0,0,0,0,0,0,1,1,1,0.0060410836545278235,0,0,0
TUR.59.4_1,2045,3,albopictus,11.132381817873785,60.60671176167298,0.06942529702327174,1.444982534938439e-7,1.444982534938439e-7,1.444982534938439e-7,0,0,0,1,1,1,0.006696057952453316,0,0,0
TUR.59.4_1,2045,4,albopictus,12.28219589065103,66.08358587203178,0.09180218618576291,8.829111465870107e-5,8.829111465870107e-5,8.829111465870107e-5,0,0,0,1,1,1,0.009138209062222291,0,0,0
TUR.59.4_1,2045,5,albopictus,18.083686015185187,56.39151005139466,0.12831518225465732,0.01869245315715972,0.01869245315715972,0.01869245315715972,0,0,0,1,1,1,0.012340818046459257,0,0,0
TUR.59.4_1,2045,6,albopictus,23.113596046672146,47.24351934539374,0.1443251753518804,0.05567330417212529,0.05567330417212529,0.05567330417212529,1.1102230246251565e-16,1.1102230246251565e-16,1.1102230246251565e-16,0.9999999999999999,0.9999999999999999,0.9999999999999999,0.014328867994400918,1.5908239164198388e-18,1.5908239164198388e-18,1.5908239164198388e-18
TUR.59.4_1,2045,7,albopictus,27.506360558902518,34.677010148425914,0.16948599873024336,0.0543587555305427,0.0543587555305427,0.0543587555305427,0,0,0,1,1,1,0.016268092564554082,0,0,0
TUR.59.4_1,2045,8,albopictus,27.329917795517865,43.30922474909621,0.20125393996833818,0.06658282866151845,0.06658282866151845,0.06658282866151845,9.325873406851315e-15,9.325873406851315e-15,9.325873406851315e-15,0.9999999999999907,0.9999999999999907,0.9999999999999907,0.019287752113236523,1.7987513451077274e-16,1.7987513451077274e-16,1.7987513451077274e-16
TUR.59.4_1,2045,9,albopictus,23.324514501235065,51.80231774050751,0.16040910865049918,0.06181217793588245,0.06181217793588245,0.06181217793588245,1.1102230246251565e-15,1.1102230246251565e-15,1.1102230246251565e-15,0.9999999999999989,0.9999999999999989,0.9999999999999989,0.015912940621142457,1.7666913067085296e-17,1.7666913067085296e-17,1.7666913067085296e-17
TUR.59.4_1,2045,10,albopictus,15.773904407725615,69.39566199860568,0.15807648200519023,0.007144798309505251,0.007144798309505251,0.007144798309505251,0,0,0,1,1,1,0.015181308272453231,0,0,0
TUR.59.4_1,2045,11,albopictus,12.909170080633725,67.28679042537478,0.091692200191601,3.7268070031914536e-4,3.7268070031914536e-4,3.7268070031914536e-4,0,0,0,1,1,1,0.009127310910374886,0,0,0
TUR.59.4_1,2045,12,albopictus,9.385578856748694,78.12559903300543,0.07541827432630369,0,0,0,0,0,0,1,1,1,0.00727197299342186,0,0,0
TUR.59.4_1,2046,1,albopictus,6.998240980155328,72.83490414833128,0.07672009056196286,0,0,0,0,0,0,1,1,1,0.007397031192781012,0,0,0
TUR.59.4_1,2046,2,albopictus,6.123979586012224,73.4677859952218,0.05738894948934154,0,0,0,0,0,0,1,1,1,0.0061299507337008174,0,0,0
TUR.59.4_1,2046,3,albopictus,8.262401959475348,68.34008731098939,0.07044972083755306,0,0,0,0,0,0,1,1,1,0.006794527027471409,0,0,0
TUR.59.4_1,2046,4,albopictus,13.883437002406401,68.36939824996146,0.09315679826182299,0.0014704338530426397,0.0014704338530426397,0.0014704338530426397,0,0,0,1,1,1,0.009272423306376343,0,0,0
TUR.59.4_1,2046,5,albopictus,15.37791456895716,76.24446491589661,0.13020857175490613,0.006030448013144394,0.006030448013144394,0.006030448013144394,0,0,0,1,1,1,0.012521771486333266,0,0,0
TUR.59.4_1,2046,6,albopictus,22.71225746940164,47.6687169467121,0.14645480465085528,0.0530770772175563,0.0530770772175563,0.0530770772175563,0,0,0,1,1,1,0.014538757056500207,0,0,0
TUR.59.4_1,2046,7,albopictus,26.41436913434197,37.50946101512513,0.1719868953879604,0.05871647160315624,0.05871647160315624,0.05871647160315624,2.220446049250313e-16,2.220446049250313e-16,2.220446049250313e-16,0.9999999999999998,0.9999999999999998,0.9999999999999998,0.016506148772657325,3.665101283058486e-18,3.665101283058486e-18,3.665101283058486e-18
TUR.59.4_1,2046,8,albopictus,27.11376178965849,44.87538685847121,0.2042235971057415,0.06937067487245195,0.06937067487245195,0.06937067487245195,3.019806626980426e-14,3.019806626980426e-14,3.019806626980426e-14,0.9999999999999698,0.9999999999999698,0.9999999999999698,0.019569554759495955,5.909627114978222e-16,5.909627114978222e-16,5.909627114978222e-16
TUR.59.4_1,2046,9,albopictus,25.571794622084674,42.21162712771454,0.16277606879291132,0.06324414696601718,0.06324414696601718,0.06324414696601718,2.1094237467877974e-15,2.1094237467877974e-15,2.1094237467877974e-15,0.9999999999999979,0.9999999999999979,0.9999999999999979,0.01614584254119833,3.4058423668300393e-17,3.4058423668300393e-17,3.4058423668300393e-17
TUR.59.4_1,2046,10,albopictus,14.710671032176299,56.7203003653049,0.16040902244199448,0.0027715778128191183,0.0027715778128191183,0.0027715778128191183,0,0,0,1,1,1,0.015403586031391137,0,0,0
TUR.59.4_1,2046,11,albopictus,12.278215338202084,70.58746486385134,0.09304518933947083,9.694672715346933e-5,9.694672715346933e-5,9.694672715346933e-5,0,0,0,1,1,1,0.00926136584095294,0,0,0
TUR.59.4_1,2046,12,albopictus,6.810916171354406,75.07506192363043,0.07653112914384906,0,0,0,0,0,0,1,1,1,0.007378879704435515,0,0,0
TUR.59.4_1,2047,1,albopictus,7.617848905570367,76.05665250038206,0.07620314254802395,0,0,0,0,0,0,1,1,1,0.00734737277645936,0,0,0
TUR.59.4_1,2047,2,albopictus,6.235435026533464,70.09655491612024,0.05700225673072709,0,0,0,0,0,0,1,1,1,0.006088772485915217,0,0,0
TUR.59.4_1,2047,3,albopictus,9.838688275393316,70.45392550679017,0.06997502323223531,0,0,0,0,0,0,1,1,1,0.006748899631748739,0,0,0
TUR.59.4_1,2047,4,albopictus,12.215616071925444,63.7318097489849,0.0925290979880927,6.928629419408278e-5,6.928629419408278e-5,6.928629419408278e-5,0,0,0,1,1,1,0.009210233357456077,0,0,0
TUR.59.4_1,2047,5,albopictus,18.12146296220667,51.199401897097786,0.12933121274667922,0.017519142273854448,0.017519142273854448,0.017519142273854448,0,0,0,1,1,1,0.012437925386308168,0,0,0
TUR.59.4_1,2047,6,albopictus,26.76402863334207,34.467289486995305,0.1454679768220361,0.05497216159850136,0.05497216159850136,0.05497216159850136,0,0,0,1,1,1,0.014441504200111921,0,0,0
TUR.59.4_1,2047,7,albopictus,26.72499611798455,38.73278865184388,0.17082802965483773,0.06026415662523754,0.06026415662523754,0.06026415662523754,5.551115123125783e-16,5.551115123125783e-16,5.551115123125783e-16,0.9999999999999994,0.9999999999999994,0.9999999999999994,0.016395845427323863,9.10152255080502e-18,9.10152255080502e-18,9.10152255080502e-18
TUR.59.4_1,2047,8,albopictus,26.949336893418256,48.25082936335402,0.20284751709658136,0.07455344456351333,0.07455344456351333,0.07455344456351333,2.339239912885205e-13,2.339239912885205e-13,2.339239912885205e-13,0.9999999999997661,0.9999999999997661,0.9999999999997661,0.019438983091179307,4.5472445112787255e-15,4.5472445112787255e-15,4.5472445112787255e-15
TUR.59.4_1,2047,9,albopictus,24.02497112049776,43.724879386015324,0.16167926657509696,0.058298257350426236,0.058298257350426236,0.058298257350426236,2.220446049250313e-16,2.220446049250313e-16,2.220446049250313e-16,0.9999999999999998,0.9999999999999998,0.9999999999999998,0.01603792728103104,3.561135226932919e-18,3.561135226932919e-18,3.561135226932919e-18
TUR.59.4_1,2047,10,albopictus,16.885695064769074,45.57539527497287,0.159328169630666,0.00955010646301827,0.00955010646301827,0.00955010646301827,0,0,0,1,1,1,0.015300593180312294,0,0,0
TUR.59.4_1,2047,11,albopictus,12.453774382086362,67.24820094783571,0.09241824109836098,1.4368825052940242e-4,1.4368825052940242e-4,1.4368825052940242e-4,0,0,0,1,1,1,0.009199249709384794,0,0,0
TUR.59.4_1,2047,12,albopictus,5.5651523926678825,66.00358975566168,0.0760154543717571,0,0,0,0,0,0,1,1,1,0.007329342693883634,0,0,0
TUR.59.4_1,2048,1,albopictus,5.432150873191216,75.55511899208128,0.07920811368490271,0,0,0,0,0,0,1,1,1,0.007635997823340124,0,0,0
TUR.59.4_1,2048,2,albopictus,5.999023455030779,67.87144200108118,0.0613661398678832,0,0,0,0,0,0,1,1,1,0.006328113979601535,0,0,0
TUR.59.4_1,2048,3,albopictus,11.711240193423102,65.18322695942689,0.07273439663973977,1.12966737350117e-5,1.12966737350117e-5,1.12966737350117e-5,0,0,0,1,1,1,0.007014098157506865,0,0,0
TUR.59.4_1,2048,4,albopictus,14.204002226100249,58.282011165000526,0.09617786179859325,0.0017551462282911821,0.0017551462282911821,0.0017551462282911821,0,0,0,1,1,1,0.009571683195625513,0,0,0
TUR.59.4_1,2048,5,albopictus,16.811610362109015,58.93097309460755,0.13443121975959704,0.011085606045037865,0.011085606045037865,0.011085606045037865,0,0,0,1,1,1,0.012925215464946849,0,0,0
TUR.59.4_1,2048,6,albopictus,25.544395530925076,27.733673611751165,0.1512043159948581,0.047061189662318995,0.047061189662318995,0.047061189662318995,0,0,0,1,1,1,0.015006691859864474,0,0,0
TUR.59.4_1,2048,7,albopictus,27.927777795230643,29.614555924793102,0.17756440930163706,0.04720575948499298,0.04720575948499298,0.04720575948499298,0,0,0,1,1,1,0.017036855594633415,0,0,0
TUR.59.4_1,2048,8,albopictus,28.06907070384306,39.66233220148879,0.21084654330050207,0.059789496312652346,0.059789496312652346,0.059789496312652346,4.440892098500626e-16,4.440892098500626e-16,4.440892098500626e-16,0.9999999999999996,0.9999999999999996,0.9999999999999996,0.02019774098296767,8.96959883388234e-18,8.96959883388234e-18,8.96959883388234e-18
TUR.59.4_1,2048,9,albopictus,21.661394231459674,56.013739707060246,0.16805487673033054,0.05060975410426041,0.05060975410426041,0.05060975410426041,0,0,0,1,1,1,0.01666506319940031,0,0,0
TUR.59.4_1,2048,10,albopictus,17.28284891913919,58.30549018464084,0.16561106735670333,0.013770047722521179,0.013770047722521179,0.013770047722521179,0,0,0,1,1,1,0.015899130457649124,0,0,0
TUR.59.4_1,2048,11,albopictus,10.418229986639584,70.3958297320154,0.09606263341258425,5.886614695436485e-48,5.886614695436485e-48,5.886614695436485e-48,0,0,0,1,1,1,0.009560270584232478,0,0,0
TUR.59.4_1,2048,12,albopictus,8.807082877439612,76.50787747538824,0.0790130242711861,0,0,0,0,0,0,1,1,1,0.007617262190540042,0,0,0
TUR.59.4_1,2049,1,albopictus,5.273292573935845,71.85638089393674,0.07196181478510037,0,0,0,0,0,0,1,1,1,0.006939853812096941,0,0,0
TUR.59.4_1,2049,2,albopictus,7.821508425123552,71.38737217686243,0.05382961521047788,0,0,0,0,0,0,1,1,1,0.005750858910543388,0,0,0
TUR.59.4_1,2049,3,albopictus,9.643674275454352,66.74949588032533,0.06608034121752622,0,0,0,0,0,0,1,1,1,0.0063744680546337085,0,0,0
TUR.59.4_1,2049,4,albopictus,13.811862791285796,61.52039159712943,0.08737909735750386,0.0012141720865190924,0.0012141720865190924,0.0012141720865190924,0,0,0,1,1,1,0.008699845151458607,0,0,0
TUR.59.4_1,2049,5,albopictus,15.935888430651495,67.19562153210755,0.12213287361139522,0.007669024207748641,0.007669024207748641,0.007669024207748641,0,0,0,1,1,1,0.011749736674968925,0,0,0
TUR.59.4_1,2049,6,albopictus,23.36187561820535,49.31102422820624,0.13737149486497247,0.059593346220290236,0.059593346220290236,0.059593346220290236,4.440892098500626e-16,4.440892098500626e-16,4.440892098500626e-16,0.9999999999999996,0.9999999999999996,0.9999999999999996,0.013643225423346728,6.058809198060334e-18,6.058809198060334e-18,6.058809198060334e-18
TUR.59.4_1,2049,7,albopictus,28.764218835269705,23.782066911121227,0.1613200534660082,0.037768772179466725,0.037768772179466725,0.037768772179466725,0,0,0,1,1,1,0.015490388451277814,0,0,0
TUR.59.4_1,2049,8,albopictus,28.487848169663373,33.7954594140132,0.19155739470616093,0.05043997568952027,0.05043997568952027,0.05043997568952027,0,0,0,1,1,1,0.01836704399904654,0,0,0
TUR.59.4_1,2049,9,albopictus,20.908729665419635,59.721129538603215,0.15268049383312082,0.045806156926230794,0.045806156926230794,0.045806156926230794,0,0,0,1,1,1,0.015152083657624327,0,0,0
TUR.59.4_1,2049,10,albopictus,13.724175060496611,59.50570838532443,0.15046025465137933,0.0010534258611600207,0.0010534258611600207,0.0010534258611600207,0,0,0,1,1,1,0.014455175893733352,0,0,0
TUR.59.4_1,2049,11,albopictus,10.8407220139223,65.15819698055056,0.0872744105598236,1.418370595163273e-9,1.418370595163273e-9,1.418370595163273e-9,0,0,0,1,1,1,0.00868946749326338,0,0,0
TUR.59.4_1,2049,12,albopictus,8.294234977048987,78.60843289531012,0.07178457298999517,0,0,0,0,0,0,1,1,1,0.006922820269598673,0,0,0
TUR.59.4_1,2050,1,albopictus,4.5635719623635795,76.21590848182737,0.07351739852882598,0,0,0,0,0,0,1,1,1,0.0070893381942869205,0,0,0
TUR.59.4_1,2050,2,albopictus,6.3725347694228685,70.6931506802804,0.05499323892678473,0,0,0,0,0,0,1,1,1,0.0058748081709549815,0,0,0
TUR.59.4_1,2050,3,albopictus,7.307840725954841,65.31658114643861,0.0675087863572826,0,0,0,0,0,0,1,1,1,0.006511814002763572,0,0,0
TUR.59.4_1,2050,4,albopictus,16.2842691786149,47.25242437300834,0.08926795332641828,0.007112394533682193,0.007112394533682193,0.007112394533682193,0,0,0,1,1,1,0.008887069790330271,0,0,0
TUR.59.4_1,2050,5,albopictus,17.828021189745733,58.9225006519806,0.1247729948108361,0.01752959684906671,0.01752959684906671,0.01752959684906671,0,0,0,1,1,1,0.012002198016139554,0,0,0
TUR.59.4_1,2050,6,albopictus,23.242887581095975,44.99605993377265,0.14034102620463348,0.05440552779216609,0.05440552779216609,0.05440552779216609,0,0,0,1,1,1,0.013936083674026323,0,0,0
TUR.59.4_1,2050,7,albopictus,25.380061654483573,49.785023301502086,0.16480727586941854,0.07267051159002659,0.07267051159002659,0.07267051159002659,1.1313172620930345e-13,1.1313172620930345e-13,1.1313172620930345e-13,0.9999999999998869,0.9999999999998869,0.9999999999998869,0.015822577941458915,1.7900355555984944e-15,1.7900355555984944e-15,1.7900355555984944e-15
TUR.59.4_1,2050,8,albopictus,27.45721233592314,40.931760454662616,0.1956982514936836,0.06328733914451264,0.06328733914451264,0.06328733914451264,2.220446049250313e-15,2.220446049250313e-15,2.220446049250313e-15,0.9999999999999978,0.9999999999999978,0.9999999999999978,0.018760333078799873,4.165630746744114e-17,4.165630746744114e-17,4.165630746744114e-17
TUR.59.4_1,2050,9,albopictus,24.62799083485323,29.90851891238251,0.15598095665357734,0.04692645664395394,0.04692645664395394,0.04692645664395394,0,0,0,1,1,1,0.015477075416682529,0,0,0
TUR.59.4_1,2050,10,albopictus,16.600897396312043,54.25259559235568,0.15371272301826885,0.009352547045319784,0.009352547045319784,0.009352547045319784,0,0,0,1,1,1,0.014765332243853235,0,0,0
TUR.59.4_1,2050,11,albopictus,10.642715383978452,67.89236598689821,0.08916100353577236,5.507936822962921e-13,5.507936822962921e-13,5.507936822962921e-13,0,0,0,1,1,1,0.008876469801607834,0,0,0
TUR.59.4_1,2050,12,albopictus,5.602767691892736,72.98168576396246,0.07333632533430434,0,0,0,0,0,0,1,1,1,0.0070719390574487395,0,0,0
TUR.59.4_1,2051,1,albopictus,7.609721693045953,75.34456296180784,0.07583177910882918,0,0,0,0,0,0,1,1,1,0.00731169779087304,0,0,0
TUR.59.4_1,2051,2,albopictus,5.757179277784685,69.08263890049524,0.05672446563978822,0,0,0,0,0,0,1,1,1,0.00605918993665977,0,0,0
TUR.59.4_1,2051,3,albopictus,10.486170193728277,65.40684451313783,0.06963401150468247,3.7170347402267114e-21,3.7170347402267114e-21,3.7170347402267114e-21,0,0,0,1,1,1,0.006716120677303317,0,0,0
TUR.59.4_1,2051,4,albopictus,12.6889208204606,60.4862042802349,0.09207817269937782,2.0497693908363602e-4,2.0497693908363602e-4,2.0497693908363602e-4,0,0,0,1,1,1,0.009165555133978764,0,0,0
TUR.59.4_1,2051,5,albopictus,17.66368403154261,58.39118961682435,0.12870093842524205,0.016277178334204816,0.016277178334204816,0.016277178334204816,0,0,0,1,1,1,0.012377687902501933,0,0,0
TUR.59.4_1,2051,6,albopictus,23.841859901652615,37.66529516326484,0.144759062643972,0.05090291367403738,0.05090291367403738,0.05090291367403738,0,0,0,1,1,1,0.014371634084446971,0,0,0
TUR.59.4_1,2051,7,albopictus,29.00986245099236,34.7118459638556,0.1699955274445318,0.04940386213041113,0.04940386213041113,0.04940386213041113,0,0,0,1,1,1,0.01631659843194111,0,0,0
TUR.59.4_1,2051,8,albopictus,27.354698068955365,46.70899739313918,0.2018589731984917,0.07216937711218298,0.07216937711218298,0.07216937711218298,9.29256671611256e-14,9.29256671611256e-14,9.29256671611256e-14,0.9999999999999071,0.9999999999999071,0.9999999999999071,0.019345172706301428,1.797663080080258e-15,1.797663080080258e-15,1.797663080080258e-15
TUR.59.4_1,2051,9,albopictus,23.049770467421588,45.97552788455048,0.1608913493518148,0.05409000864675973,0.05409000864675973,0.05409000864675973,0,0,0,1,1,1,0.01596039616025069,0,0,0
TUR.59.4_1,2051,10,albopictus,17.120713794932648,49.62793891510959,0.15855171009033456,0.011248943711442484,0.011248943711442484,0.011248943711442484,0,0,0,1,1,1,0.015226598860129559,0,0,0
TUR.59.4_1,2051,11,albopictus,13.22139256140765,65.60228877742556,0.09196785605240321,5.792972449834937e-4,5.792972449834937e-4,5.792972449834937e-4,0,0,0,1,1,1,0.009154624520320898,0,0,0
TUR.59.4_1,2051,12,albopictus,8.50887082604801,75.64101803935309,0.07564500559991467,0,0,0,0,0,0,1,1,1,0.007293754930897345,0,0,0
TUR.59.4_1,2052,1,albopictus,5.380017551429131,62.93010373329221,0.07322614772232808,0,0,0,0,0,0,1,1,1,0.007061352054947734,0,0,0
TUR.59.4_1,2052,2,albopictus,4.939942377455095,69.9305545499093,0.0567316378848592,0,0,0,0,0,0,1,1,1,0.005851602417370927,0,0,0
TUR.59.4_1,2052,3,albopictus,5.913186928805183,69.19131411763001,0.06724133961860965,0,0,0,0,0,0,1,1,1,0.006486100265947425,0,0,0
TUR.59.4_1,2052,4,albopictus,12.262278402552885,72.659689082481,0.08891430420497197,9.79433494741782e-5,9.79433494741782e-5,9.79433494741782e-5,0,0,0,1,1,1,0.008852018548839546,0,0,0
TUR.59.4_1,2052,5,albopictus,15.939129015978644,69.39308552136536,0.12427868684979519,0.007949241738227749,0.007949241738227749,0.007949241738227749,0,0,0,1,1,1,0.011954934771602366,0,0,0
TUR.59.4_1,2052,6,albopictus,23.36839302848367,47.766014615169134,0.13978504302398792,0.05791158221436961,0.05791158221436961,0.05791158221436961,2.220446049250313e-16,2.220446049250313e-16,2.220446049250313e-16,0.9999999999999998,0.9999999999999998,0.9999999999999998,0.013881258654699136,3.082258593844841e-18,3.082258593844841e-18,3.082258593844841e-18
TUR.59.4_1,2052,7,albopictus,26.84500649396111,37.49300822581849,0.16415436576957498,0.058923207767728907,0.058923207767728907,0.058923207767728907,3.3306690738754696e-16,3.3306690738754696e-16,3.3306690738754696e-16,0.9999999999999997,0.9999999999999997,0.9999999999999997,0.015760390875655506,5.2492646481734924e-18,5.2492646481734924e-18,5.2492646481734924e-18
TUR.59.4_1,2052,8,albopictus,26.349870569565716,48.408647203930194,0.194922961906207,0.07392338280682824,0.07392338280682824,0.07392338280682824,1.8385293287792592e-13,1.8385293287792592e-13,1.8385293287792592e-13,0.9999999999998161,0.9999999999998161,0.9999999999998161,0.018686709843068527,3.4356064104869556e-15,3.4356064104869556e-15,3.4356064104869556e-15
TUR.59.4_1,2052,9,albopictus,22.912235372206744,53.80276406008759,0.15536301341384398,0.060632401074429035,0.060632401074429035,0.060632401074429035,6.661338147750939e-16,6.661338147750939e-16,6.661338147750939e-16,0.9999999999999993,0.9999999999999993,0.9999999999999993,0.015416235608363582,1.0269275835270874e-17,1.0269275835270874e-17,1.0269275835270874e-17
TUR.59.4_1,2052,10,albopictus,19.126635158763214,49.88843696198459,0.15310376574497103,0.0244236345352014,0.0244236345352014,0.0244236345352014,0,0,0,1,1,1,0.014707269324926053,0,0,0
TUR.59.4_1,2052,11,albopictus,13.08829109808978,64.52298885066774,0.08880777811284374,4.7456302093685203e-4,4.7456302093685203e-4,4.7456302093685203e-4,0,0,0,1,1,1,0.00884146018048415,0,0,0
TUR.59.4_1,2052,12,albopictus,10.766458258909338,73.34813321269293,0.07304579187791667,3.6333069017514603e-10,3.6333069017514603e-10,3.6333069017514603e-10,0,0,0,1,1,1,0.007044021359676078,0,0,0
TUR.59.4_1,2053,1,albopictus,7.386398347861626,68.33589596962034,0.07622751765906662,0,0,0,0,0,0,1,1,1,0.007349714323828138,0,0,0
TUR.59.4_1,2053,2,albopictus,6.028302210218767,73.19090763828821,0.0570204900514411,0,0,0,0,0,0,1,1,1,0.0060907141592514424,0,0,0
TUR.59.4_1,2053,3,albopictus,10.00230922418482,67.72684420796205,0.06999740615378508,0,0,0,0,0,0,1,1,1,0.006751051099882388,0,0,0
TUR.59.4_1,2053,4,albopictus,14.323854292140288,55.68472875533256,0.09255869528503768,0.0019005593265714238,0.0019005593265714238,0.0019005593265714238,0,0,0,1,1,1,0.009213165823009795,0,0,0
TUR.59.4_1,2053,5,albopictus,18.259772440966437,68.34804157605286,0.12937258194178816,0.023610893680863564,0.023610893680863564,0.023610893680863564,0,0,0,1,1,1,0.012441879054021054,0,0,0
TUR.59.4_1,2053,6,albopictus,20.438009346232693,66.71430639373358,0.14551450768637617,0.04532458480771798,0.04532458480771798,0.04532458480771798,0,0,0,1,1,1,0.014446090078309326,0,0,0
TUR.59.4_1,2053,7,albopictus,25.586598901187674,48.566883653064586,0.1708826724432163,0.07186646496070051,0.07186646496070051,0.07186646496070051,8.237854842718662e-14,8.237854842718662e-14,8.237854842718662e-14,0.9999999999999176,0.9999999999999176,0.9999999999999176,0.016401046723926394,1.3510944218035208e-15,1.3510944218035208e-15,1.3510944218035208e-15
TUR.59.4_1,2053,8,albopictus,25.85917652354521,45.6092964654048,0.20291240196338117,0.06863730060644785,0.06863730060644785,0.06863730060644785,2.2315482794965646e-14,2.2315482794965646e-14,2.2315482794965646e-14,0.9999999999999777,0.9999999999999777,0.9999999999999777,0.019445140191620025,4.339276913917917e-16,4.339276913917917e-16,4.339276913917917e-16
TUR.59.4_1,2053,9,albopictus,23.627094380995807,49.31387245852509,0.16173098294720825,0.061618049227596734,0.061618049227596734,0.061618049227596734,9.992007221626409e-16,9.992007221626409e-16,9.992007221626409e-16,0.999999999999999,0.999999999999999,0.999999999999999,0.016043015962742158,1.603019313563874e-17,1.603019313563874e-17,1.603019313563874e-17
TUR.59.4_1,2053,10,albopictus,18.77436503242044,43.43176810822482,0.15937913395703251,0.019980451245917068,0.019980451245917068,0.019980451245917068,0,0,0,1,1,1,0.015305449736911059,0,0,0
TUR.59.4_1,2053,11,albopictus,12.23547356268939,72.27718501765993,0.09244780293549545,9.091838884845459e-5,9.091838884845459e-5,9.091838884845459e-5,0,0,0,1,1,1,0.009202178694096674,0,0,0
TUR.59.4_1,2053,12,albopictus,8.684709773344153,75.90011990702887,0.07603976944695365,0,0,0,0,0,0,1,1,1,0.007331678516459106,0,0,0
TUR.59.4_1,2054,1,albopictus,7.363546880729058,72.97488827919065,0.07460962108169529,0,0,0,0,0,0,1,1,1,0.007194282269027852,0,0,0
TUR.59.4_1,2054,2,albopictus,3.490788238890031,74.2498904874093,0.05581025444981925,0,0,0,0,0,0,1,1,1,0.00596182747434626,0,0,0
TUR.59.4_1,2054,3,albopictus,8.258239647921393,69.28003634663392,0.06851174103810347,0,0,0,0,0,0,1,1,1,0.00660823741613914,0,0,0
TUR.59.4_1,2054,4,albopictus,11.622741544947905,65.87860692916068,0.09059417642221199,7.442162226029249e-6,7.442162226029249e-6,7.442162226029249e-6,0,0,0,1,1,1,0.009018504760391344,0,0,0
TUR.59.4_1,2054,5,albopictus,18.024630686816046,50.61891941418763,0.12662670402319356,0.016887985839721575,0.016887985839721575,0.016887985839721575,0,0,0,1,1,1,0.012179420244833983,0,0,0
TUR.59.4_1,2054,6,albopictus,21.75539597342996,52.680538693538274,0.14242602427285841,0.049088575361624316,0.049088575361624316,0.049088575361624316,0,0,0,1,1,1,0.014141656378415579,0,0,0
TUR.59.4_1,2054,7,albopictus,26.602246789371268,36.91602000560365,0.16725576054357294,0.0578326389889174,0.0578326389889174,0.0578326389889174,2.220446049250313e-16,2.220446049250313e-16,2.220446049250313e-16,0.9999999999999998,0.9999999999999998,0.9999999999999998,0.01605575128300174,3.565092950408686e-18,3.565092950408686e-18,3.565092950408686e-18
TUR.59.4_1,2054,8,albopictus,29.61233127818388,34.50816502619582,0.19860567270438767,0.04625140685561186,0.04625140685561186,0.04625140685561186,0,0,0,1,1,1,0.019036379115301982,0,0,0
TUR.59.4_1,2054,9,albopictus,25.851446263930377,34.91499245364228,0.15829831175705486,0.05510308362062276,0.05510308362062276,0.05510308362062276,0,0,0,1,1,1,0.015705197905998336,0,0,0
TUR.59.4_1,2054,10,albopictus,16.84710081885843,53.40091865143771,0.15599637975943711,0.010426968805695333,0.010426968805695333,0.010426968805695333,0,0,0,1,1,1,0.014983044101136045,0,0,0
TUR.59.4_1,2054,11,albopictus,12.632475782843198,68.13803249080446,0.09048563771553114,2.1906382414175744e-4,2.1906382414175744e-4,2.1906382414175744e-4,0,0,0,1,1,1,0.009007748717035358,0,0,0
TUR.59.4_1,2054,12,albopictus,7.002483592313879,71.7175103489234,0.07442585774537411,0,0,0,0,0,0,1,1,1,0.0071766265032299215,0,0,0
TUR.59.4_1,2055,1,albopictus,6.872762235648492,72.71517605995237,0.07326353363166054,0,0,0,0,0,0,1,1,1,0.0070649444917649795,0,0,0
TUR.59.4_1,2055,2,albopictus,3.802421825773576,68.44199864170618,0.05480334030109454,0,0,0,0,0,0,1,1,1,0.0058545812143598885,0,0,0
TUR.59.4_1,2055,3,albopictus,7.056466481264899,70.29825534077455,0.06727566995967726,0,0,0,0,0,0,1,1,1,0.00648940100282247,0,0,0
TUR.59.4_1,2055,4,albopictus,12.147871816859526,61.65581335005912,0.08895969976678647,5.504034827714713e-5,5.504034827714713e-5,5.504034827714713e-5,0,0,0,1,1,1,0.008856517910572959,0,0,0
TUR.59.4_1,2055,5,albopictus,16.97019400316126,56.38498691907044,0.12434213784186626,0.011564827650852387,0.011564827650852387,0.011564827650852387,0,0,0,1,1,1,0.011961001763259205,0,0,0
TUR.59.4_1,2055,6,albopictus,24.950557792887967,40.15974859344062,0.1398564108496497,0.058799564959019106,0.058799564959019106,0.058799564959019106,2.220446049250313e-16,2.220446049250313e-16,2.220446049250313e-16,0.9999999999999998,0.9999999999999998,0.9999999999999998,0.013888296344627293,3.083821274924524e-18,3.083821274924524e-18,3.083821274924524e-18
TUR.59.4_1,2055,7,albopictus,26.595523385440604,42.136524766345836,0.1642381754526743,0.06488458293647344,0.06488458293647344,0.06488458293647344,4.440892098500626e-15,4.440892098500626e-15,4.440892098500626e-15,0.9999999999999956,0.9999999999999956,0.9999999999999956,0.015768373631321775,7.00256458655425e-17,7.00256458655425e-17,7.00256458655425e-17
TUR.59.4_1,2055,8,albopictus,25.250131494858685,51.81233754206496,0.19502248062195696,0.075108391947104,0.075108391947104,0.075108391947104,2.887690087050032e-13,2.887690087050032e-13,2.887690087050032e-13,0.9999999999997112,0.9999999999997112,0.9999999999997112,0.018696160672241113,5.398871783912533e-15,5.398871783912533e-15,5.398871783912533e-15
TUR.59.4_1,2055,9,albopictus,25.67603313221651,40.25627434451142,0.15544233463602725,0.06110538902558367,0.06110538902558367,0.06110538902558367,7.771561172376096e-16,7.771561172376096e-16,7.771561172376096e-16,0.9999999999999992,0.9999999999999992,0.9999999999999992,0.015424045416142729,1.1986891247706033e-17,1.1986891247706033e-17,1.1986891247706033e-17
TUR.59.4_1,2055,10,albopictus,17.916523540721222,57.23890082917209,0.15318193349901302,0.017754673671211276,0.017754673671211276,0.017754673671211276,0,0,0,1,1,1,0.014714722663170421,0,0,0
TUR.59.4_1,2055,11,albopictus,12.89487068793353,73.94542842586306,0.08885311928732605,4.006332022171803e-4,4.006332022171803e-4,4.006332022171803e-4,0,0,0,1,1,1,0.008845954199525274,0,0,0
TUR.59.4_1,2055,12,albopictus,9.211551413816565,74.94640744364996,0.07308308570583483,0,0,0,0,0,0,1,1,1,0.0070476050108928545,0,0,0
TUR.59.4_1,2056,1,albopictus,8.009830030448295,78.78722043251096,0.08096205439018496,0,0,0,0,0,0,1,1,1,0.007804423621010859,0,0,0
TUR.59.4_1,2056,2,albopictus,8.312519091017107,71.28915898106165,0.06272499776302885,0,0,0,0,0,0,1,1,1,0.006467786116289842,0,0,0
TUR.59.4_1,2056,3,albopictus,14.071189305361578,58.164370910842905,0.07434498693163935,0.0015379995525104356,0.0015379995525104356,0.0015379995525104356,0,0,0,1,1,1,0.007168856430814219,0,0,0
TUR.59.4_1,2056,4,albopictus,14.157807195887846,56.44562734542045,0.0983075712299607,0.0016397362103232594,0.0016397362103232594,0.0016397362103232594,0,0,0,1,1,1,0.009782593188717437,0,0,0
TUR.59.4_1,2056,5,albopictus,17.72701945024378,57.91194156994935,0.1374079904138645,0.016534286321583453,0.016534286321583453,0.016534286321583453,0,0,0,1,1,1,0.013209525665145883,0,0,0
TUR.59.4_1,2056,6,albopictus,25.39327439139871,31.96887258636054,0.15455250082466918,0.05094575859581611,0.05094575859581611,0.05094575859581611,0,0,0,1,1,1,0.015336430620646269,0,0,0
TUR.59.4_1,2056,7,albopictus,29.18930581036736,23.89591273631654,0.18149629747312496,0.03634744377635994,0.03634744377635994,0.03634744377635994,0,0,0,1,1,1,0.01741080713779941,0,0,0
TUR.59.4_1,2056,8,albopictus,27.712549097397748,41.16725697565871,0.21551541265817867,0.06285584888600833,0.06285584888600833,0.06285584888600833,1.7763568394002505e-15,1.7763568394002505e-15,1.7763568394002505e-15,0.9999999999999982,0.9999999999999982,0.9999999999999982,0.020640341187287192,3.666461123559229e-17,3.666461123559229e-17,3.666461123559229e-17
TUR.59.4_1,2056,9,albopictus,22.745689504286823,61.97719490725556,0.17177619106677708,0.06775010432314682,0.06775010432314682,0.06775010432314682,1.5432100042289676e-14,1.5432100042289676e-14,1.5432100042289676e-14,0.9999999999999846,0.9999999999999846,0.9999999999999846,0.017030924960631855,2.6282293780519915e-16,2.6282293780519915e-16,2.6282293780519915e-16
TUR.59.4_1,2056,10,albopictus,16.77150210212259,68.44336097321505,0.16927826732863657,0.012400975481398863,0.012400975481398863,0.012400975481398863,0,0,0,1,1,1,0.0162483163650059,0,0,0
TUR.59.4_1,2056,11,albopictus,12.250881124945249,72.40804439265993,0.09818979129023804,9.208768076848625e-5,9.208768076848625e-5,9.208768076848625e-5,0,0,0,1,1,1,0.009770930345386453,0,0,0
TUR.59.4_1,2056,12,albopictus,6.053568110746496,71.85786069072027,0.08076264502428201,0,0,0,0,0,0,1,1,1,0.007785276362965443,0,0,0
TUR.59.4_1,2057,1,albopictus,6.502848657615044,72.56593747352659,0.06959408711428929,0,0,0,0,0,0,1,1,1,0.006712282967950567,0,0,0
TUR.59.4_1,2057,2,albopictus,5.8824296172927415,71.97538487217493,0.05205848325912872,0,0,0,0,0,0,1,1,1,0.005562168176879823,0,0,0
TUR.59.4_1,2057,3,albopictus,9.882280728396246,63.629126922805796,0.06390612906258526,0,0,0,0,0,0,1,1,1,0.00616537966731423,0,0,0
TUR.59.4_1,2057,4,albopictus,12.806382024989409,61.72004522261771,0.08450410167706288,2.714703449420832e-4,2.714703449420832e-4,2.714703449420832e-4,0,0,0,1,1,1,0.008414805812757553,0,0,0
TUR.59.4_1,2057,5,albopictus,18.913575312670538,49.177543681765755,0.11811438984706904,0.022639301926822012,0.022639301926822012,0.022639301926822012,0,0,0,1,1,1,0.011365345714715258,0,0,0
TUR.59.4_1,2057,6,albopictus,24.602228248820584,39.671181241145696,0.13285162150513852,0.05690884258663708,0.05690884258663708,0.05690884258663708,1.1102230246251565e-16,1.1102230246251565e-16,1.1102230246251565e-16,0.9999999999999999,0.9999999999999999,0.9999999999999999,0.013197303884624034,1.4651950635684623e-18,1.4651950635684623e-18,1.4651950635684623e-18
TUR.59.4_1,2057,7,albopictus,25.79860451642205,47.9867597516974,0.15601221130570628,0.07186517974536503,0.07186517974536503,0.07186517974536503,8.237854842718662e-14,8.237854842718662e-14,8.237854842718662e-14,0.9999999999999176,0.9999999999999176,0.9999999999999176,0.014984553229803854,1.2344057439011525e-15,1.2344057439011525e-15,1.2344057439011525e-15
TUR.59.4_1,2057,8,albopictus,26.702529795029584,46.66124119807082,0.1852546667198155,0.07168243285252388,0.07168243285252388,0.07168243285252388,7.66053886991358e-14,7.66053886991358e-14,7.66053886991358e-14,0.9999999999999234,0.9999999999999234,0.9999999999999234,0.01776812276701012,1.3611339510207745e-15,1.3611339510207745e-15,1.3611339510207745e-15
TUR.59.4_1,2057,9,albopictus,23.145734899184284,49.205817343778996,0.14765691527105498,0.05771196510799277,0.05771196510799277,0.05771196510799277,1.1102230246251565e-16,1.1102230246251565e-16,1.1102230246251565e-16,0.9999999999999999,0.9999999999999999,0.9999999999999999,0.014657213279077097,1.6272775659272983e-18,1.6272775659272983e-18,1.6272775659272983e-18
TUR.59.4_1,2057,10,albopictus,16.998212421641632,48.07450263581271,0.14550972763424921,0.010521855579470206,0.010521855579470206,0.010521855579470206,0,0,0,1,1,1,0.013982904747230962,0,0,0
TUR.59.4_1,2057,11,albopictus,9.75661270758685,66.80069118221071,0.08440285934264936,0,0,0,0,0,0,1,1,1,0.00840476672195567,0,0,0
TUR.59.4_1,2057,12,albopictus,7.979816661161535,73.62036526835699,0.06942267702734692,0,0,0,0,0,0,1,1,1,0.006695806102200663,0,0,0
TUR.59.4_1,2058,1,albopictus,6.625381025321343,68.92469449256956,0.07520984013844864,0,0,0,0,0,0,1,1,1,0.007251948424360721,0,0,0
TUR.59.4_1,2058,2,albopictus,6.192134874708513,77.2605334927804,0.05625923646845668,0,0,0,0,0,0,1,1,1,0.006009644745489373,0,0,0
TUR.59.4_1,2058,3,albopictus,8.330928704317877,66.85853518696595,0.06906290390404797,0,0,0,0,0,0,1,1,1,0.006661221872514167,0,0,0
TUR.59.4_1,2058,4,albopictus,14.20754989455728,63.95071996627006,0.09132298793916024,0.0019229347949998332,0.0019229347949998332,0.0019229347949998332,0,0,0,1,1,1,0.009090726001257043,0,0,0
TUR.59.4_1,2058,5,albopictus,15.73113550859339,69.90807728161927,0.1276453898139358,0.007055961235193046,0.007055961235193046,0.007055961235193046,0,0,0,1,1,1,0.012276797263152561,0,0,0
TUR.59.4_1,2058,6,albopictus,25.110286796794217,34.527828732600774,0.1435718123455867,0.05302115561450861,0.05302115561450861,0.05302115561450861,0,0,0,1,1,1,0.014254608380491307,0,0,0
TUR.59.4_1,2058,7,albopictus,27.78905632916619,33.8450361188849,0.1686012987379045,0.05237891172558833,0.05237891172558833,0.05237891172558833,0,0,0,1,1,1,0.01618386564182328,0,0,0
TUR.59.4_1,2058,8,albopictus,27.089038736679974,48.70276417780715,0.20020341449436355,0.07559512255000818,0.07559512255000818,0.07559512255000818,3.469446951953614e-13,3.469446951953614e-13,3.469446951953614e-13,0.99999999999965306,0.99999999999965306,0.99999999999965306,0.019188044154749617,6.657190130664742e-15,6.657190130664742e-15,6.657190130664742e-15
TUR.59.4_1,2058,9,albopictus,21.050102346083698,57.928805472441105,0.15957178911816394,0.04592339801854944,0.04592339801854944,0.04592339801854944,0,0,0,1,1,1,0.01583053763967568,0,0,0
TUR.59.4_1,2058,10,albopictus,16.915034855113312,72.66307227692599,0.15725133855106024,0.014110943810423974,0.014110943810423974,0.014110943810423974,0,0,0,1,1,1,0.015102664807038146,0,0,0
TUR.59.4_1,2058,11,albopictus,11.394879271002377,74.82013850887087,0.09121357606090716,2.511818074272326e-6,2.511818074272326e-6,2.511818074272326e-6,0,0,0,1,1,1,0.009079884217461531,0,0,0
TUR.59.4_1,2058,12,albopictus,5.216773257536047,63.674579745896054,0.07502459846388107,0,0,0,0,0,0,1,1,1,0.007234151654053167,0,0,0
TUR.59.4_1,2059,1,albopictus,3.634717020041802,71.4435772440344,0.0721282772013932,0,0,0,0,0,0,1,1,1,0.00695585115338504,0,0,0
TUR.59.4_1,2059,2,albopictus,4.795294302351335,71.00234715244837,0.05395413413544952,0,0,0,0,0,0,1,1,1,0.00576412341143917,0,0,0
TUR.59.4_1,2059,3,albopictus,8.773468873080084,67.40592898579408,0.06623319858085666,0,0,0,0,0,0,1,1,1,0.006389166298722215,0,0,0
TUR.59.4_1,2059,4,albopictus,14.790271604762358,65.89465917525443,0.0875812231060422,0.0034006097174284163,0.0034006097174284163,0.0034006097174284163,0,0,0,1,1,1,0.00871988167754556,0,0,0
TUR.59.4_1,2059,5,albopictus,22.30476488786585,39.839843791629036,0.12241539196242421,0.04340392079054419,0.04340392079054419,0.04340392079054419,0,0,0,1,1,1,0.011776755547689977,0,0,0
TUR.59.4_1,2059,6,albopictus,23.231723869548123,49.3220372592121,0.13768926326802441,0.058569777548543485,0.058569777548543485,0.058569777548543485,2.220446049250313e-16,2.220446049250313e-16,2.220446049250313e-16,0.9999999999999998,0.9999999999999998,0.9999999999999998,0.013674568227066142,3.0363640994992873e-18,3.0363640994992873e-18,3.0363640994992873e-18
TUR.59.4_1,2059,7,albopictus,22.949664620792166,61.49671611156068,0.16169321979007367,0.06928280173935902,0.06928280173935902,0.06928280173935902,2.90878432451791e-14,2.90878432451791e-14,2.90878432451791e-14,0.9999999999999709,0.9999999999999709,0.9999999999999709,0.01552594127700202,4.516161460992906e-16,4.516161460992906e-16,4.516161460992906e-16
TUR.59.4_1,2059,8,albopictus,27.377803690293256,46.46072926569777,0.19200050619350695,0.07147303058385036,0.07147303058385036,0.07147303058385036,7.049916206369744e-14,7.049916206369744e-14,7.049916206369744e-14,0.9999999999999295,0.9999999999999295,0.9999999999999295,0.01840913724224924,1.2978287498941773e-15,1.2978287498941773e-15,1.2978287498941773e-15
TUR.59.4_1,2059,9,albopictus,22.33375560536104,48.39639961916962,0.15303367508626375,0.05043407882383229,0.05043407882383229,0.05043407882383229,0,0,0,1,1,1,0.015186866025521661,0,0,0
TUR.59.4_1,2059,10,albopictus,19.142700756297394,46.676927257394745,0.1508083000365617,0.023437291136852948,0.023437291136852948,0.023437291136852948,0,0,0,1,1,1,0.014488370269666873,0,0,0
TUR.59.4_1,2059,11,albopictus,10.871742178412045,63.06616359432009,0.08747629414635773,2.6039715589425066e-9,2.6039715589425066e-9,2.6039715589425066e-9,0,0,0,1,1,1,0.00870948022381779,0,0,0
TUR.59.4_1,2059,12,albopictus,7.952908263486974,78.22938168681402,0.07195062540971454,0,0,0,0,0,0,1,1,1,0.006938778483505992,0,0,0
TUR.59.4_1,2060,1,albopictus,7.015118154532769,75.82002682899534,0.07464754048652195,0,0,0,0,0,0,1,1,1,0.00719792548188436,0,0,0
TUR.59.4_1,2060,2,albopictus,4.793396967298845,65.83945194981165,0.057832855716175184,0,0,0,0,0,0,1,1,1,0.005964848443605786,0,0,0
TUR.59.4_1,2060,3,albopictus,8.24424209314234,68.34727420063783,0.06854656127182317,0,0,0,0,0,0,1,1,1,0.0066115848427587,0,0,0
TUR.59.4_1,2060,4,albopictus,12.508464658961577,62.71516241011771,0.09064021977695479,1.4601889930476313e-4,1.4601889930476313e-4,1.4601889930476313e-4,0,0,0,1,1,1,0.009023067561139908,0,0,0
TUR.59.4_1,2060,5,albopictus,18.42052187639124,49.1121864735138,0.12669106045849116,0.019101518803943507,0.019101518803943507,0.019101518803943507,0,0,0,1,1,1,0.012185572413859203,0,0,0
TUR.59.4_1,2060,6,albopictus,23.040653312907498,51.08328680144843,0.14249841051465875,0.05892303001636016,0.05892303001636016,0.05892303001636016,3.3306690738754696e-16,3.3306690738754696e-16,3.3306690738754696e-16,0.9999999999999997,0.9999999999999997,0.9999999999999997,0.014148792610631511,4.712494598090814e-18,4.712494598090814e-18,4.712494598090814e-18
TUR.59.4_1,2060,7,albopictus,25.724084405338065,45.90864238109193,0.16734076618763988,0.0688194370730561,0.0688194370730561,0.0688194370730561,2.398081733190338e-14,2.398081733190338e-14,2.398081733190338e-14,0.999999999999976,0.999999999999976,0.999999999999976,0.01606384552208817,3.8522414511311054e-16,3.8522414511311054e-16,3.8522414511311054e-16
TUR.59.4_1,2060,8,albopictus,27.702510721543256,42.199086809643084,0.1987066115483995,0.06441169440856184,0.06441169440856184,0.06441169440856184,3.6637359812630166e-15,3.6637359812630166e-15,3.6637359812630166e-15,0.9999999999999963,0.9999999999999963,0.9999999999999963,0.019045961391137123,6.97793740464553e-17,6.97793740464553e-17,6.97793740464553e-17
TUR.59.4_1,2060,9,albopictus,23.724723928114948,43.7573195715622,0.15837876489004046,0.056514216209475,0.056514216209475,0.056514216209475,1.1102230246251565e-16,1.1102230246251565e-16,1.1102230246251565e-16,0.9999999999999999,0.9999999999999999,0.9999999999999999,0.015713116834204177,1.7445064097958626e-18,1.7445064097958626e-18,1.7445064097958626e-18
TUR.59.4_1,2060,10,albopictus,16.142501438365265,55.0138794668674,0.1560756629643352,0.007298466884337679,0.007298466884337679,0.007298466884337679,0,0,0,1,1,1,0.014990601681931004,0,0,0
TUR.59.4_1,2060,11,albopictus,12.377592970343198,73.35535579402712,0.09053162590683661,1.3460610253350236e-4,1.3460610253350236e-4,1.3460610253350236e-4,0,0,0,1,1,1,0.00901230610067938,0,0,0
TUR.59.4_1,2060,12,albopictus,7.07499574212467,74.41846860087652,0.07446368375478818,0,0,0,0,0,0,1,1,1,0.007180260807507666,0,0,0
TUR.59.4_1,2061,1,albopictus,4.852314266211846,56.995323612442604,0.0696547460995613,0,0,0,0,0,0,1,1,1,0.006718113772610446,0,0,0
TUR.59.4_1,2061,2,albopictus,3.5528571780990155,69.97880284092493,0.052103858015810446,0,0,0,0,0,0,1,1,1,0.0055670027052695525,0,0,0
TUR.59.4_1,2061,3,albopictus,8.47726382928736,73.84024752827455,0.06396183035995599,0,0,0,0,0,0,1,1,1,0.006170736866848769,0,0,0
TUR.59.4_1,2061,4,albopictus,13.872956121669096,57.1109715837017,0.08457775639791057,0.001198275255310166,0.001198275255310166,0.001198275255310166,0,0,0,1,1,1,0.00842210927892828,0,0,0
TUR.59.4_1,2061,5,albopictus,18.322739741381476,53.1562538563263,0.11821733967127435,0.019534179953982635,0.019534179953982635,0.019534179953982635,0,0,0,1,1,1,0.011375195320217246,0,0,0
TUR.59.4_1,2061,6,albopictus,22.927858436808865,48.63202718841132,0.1329674164654059,0.05558809352902077,0.05558809352902077,0.05558809352902077,0,0,0,1,1,1,0.013208730496365617,0,0,0
TUR.59.4_1,2061,7,albopictus,26.74083092633416,48.12837657298646,0.1561481932952725,0.07430664670181861,0.07430664670181861,0.07430664670181861,2.1294077612310502e-13,2.1294077612310502e-13,2.1294077612310502e-13,0.9999999999997871,0.9999999999997871,0.9999999999997871,0.01499751550195405,3.1935825909043948e-15,3.1935825909043948e-15,3.1935825909043948e-15
TUR.59.4_1,2061,8,albopictus,28.194446451523724,41.08023991633254,0.18541613676082158,0.06163261388465948,0.06163261388465948,0.06163261388465948,9.992007221626409e-16,9.992007221626409e-16,9.992007221626409e-16,0.999999999999999,0.999999999999999,0.999999999999999,0.017783471133043127,1.776925719869517e-17,1.776925719869517e-17,1.776925719869517e-17
TUR.59.4_1,2061,9,albopictus,21.11103832020479,64.95304787356415,0.14778561469107937,0.05188370502650598,0.05188370502650598,0.05188370502650598,0,0,0,1,1,1,0.014669894501991299,0,0,0
TUR.59.4_1,2061,10,albopictus,16.69085844825296,44.93100898346896,0.1456365555414966,0.008632044148277946,0.008632044148277946,0.008632044148277946,0,0,0,1,1,1,0.01399500671986953,0,0,0
TUR.59.4_1,2061,11,albopictus,12.370306898565854,71.32485347469118,0.0844764258195452,1.2293076115536572e-4,1.2293076115536572e-4,1.2293076115536572e-4,0,0,0,1,1,1,0.008412061511904878,0,0,0
TUR.59.4_1,2061,12,albopictus,8.152429805082434,74.46452725566168,0.06948318660966861,0,0,0,0,0,0,1,1,1,0.0067016226421277025,0,0,0
TUR.59.4_1,2062,1,albopictus,4.703000339515069,70.96233029579221,0.07512539745947643,0,0,0,0,0,0,1,1,1,0.007243835781049812,0,0,0
TUR.59.4_1,2062,2,albopictus,7.540384310133318,64.39612309238977,0.056196070789130914,0,0,0,0,0,0,1,1,1,0.006002917643150751,0,0,0
TUR.59.4_1,2062,3,albopictus,9.194821736391852,69.37128390522767,0.06898536276564743,0,0,0,0,0,0,1,1,1,0.0066537678490945495,0,0,0
TUR.59.4_1,2062,4,albopictus,14.743593061671538,47.99480260787162,0.09122045404546851,0.0024858490436567363,0.0024858490436567363,0.0024858490436567363,0,0,0,1,1,1,0.00908056577055294,0,0,0
TUR.59.4_1,2062,5,albopictus,18.43470110612757,55.14581684460755,0.1275020745422307,0.02092827758530388,0.02092827758530388,0.02092827758530388,0,0,0,1,1,1,0.012263098217913049,0,0,0
TUR.59.4_1,2062,6,albopictus,22.324335182414334,44.80531744109687,0.1434106155070209,0.047660527639242556,0.047660527639242556,0.047660527639242556,0,0,0,1,1,1,0.014238718348344559,0,0,0
TUR.59.4_1,2062,7,albopictus,26.941228417789237,43.16585978831849,0.1684119997669532,0.06662605216498997,0.06662605216498997,0.06662605216498997,9.547918011776346e-15,9.547918011776346e-15,9.547918011776346e-15,0.9999999999999905,0.9999999999999905,0.9999999999999905,0.016165842697852595,1.5435014067036991e-16,1.5435014067036991e-16,1.5435014067036991e-16
TUR.59.4_1,2062,8,albopictus,27.453163034775677,43.87420811701613,0.19997863389879034,0.06748245017007268,0.06748245017007268,0.06748245017007268,1.3766765505351941e-14,1.3766765505351941e-14,1.3766765505351941e-14,0.9999999999999862,0.9999999999999862,0.9999999999999862,0.01916670835860368,2.6386357948236585e-16,2.6386357948236585e-16,2.6386357948236585e-16
TUR.59.4_1,2062,9,albopictus,22.040165059706744,55.499945761747746,0.15939262812890084,0.054048816871644575,0.054048816871644575,0.054048816871644575,0,0,0,1,1,1,0.015812905004274236,0,0,0
TUR.59.4_1,2062,10,albopictus,17.18895014594583,58.52286689362521,0.15707478287330887,0.013171802880159556,0.013171802880159556,0.013171802880159556,0,0,0,1,1,1,0.015085836674579078,0,0,0
TUR.59.4_1,2062,11,albopictus,11.22216789862689,74.4328399248865,0.09111116501061056,6.039948006252783e-7,6.039948006252783e-7,6.039948006252783e-7,0,0,0,1,1,1,0.009069736048515686,0,0,0
TUR.59.4_1,2062,12,albopictus,8.521170363706702,72.91251767314215,0.07494036376704562,0,0,0,0,0,0,1,1,1,0.007226058847171424,0,0,0
TUR.59.4_1,2063,1,albopictus,7.820636304862359,74.45770688270628,0.08218105103543437,0,0,0,0,0,0,1,1,1,0.007921463467015166,0,0,0
TUR.59.4_1,2063,2,albopictus,7.493578928358415,70.85312382481165,0.0614739131863308,0,0,0,0,0,0,1,1,1,0.0065648473127308815,0,0,0
TUR.59.4_1,2063,3,albopictus,9.707736393984625,69.42955722065736,0.07546435439758852,0,0,0,0,0,0,1,1,1,0.007276399916930298,0,0,0
TUR.59.4_1,2063,4,albopictus,16.681898916468903,43.30124486861381,0.0997877288227313,0.008312036765914226,0.008312036765914226,0.008312036765914226,0,0,0,1,1,1,0.009929150123400343,0,0,0
TUR.59.4_1,2063,5,albopictus,18.817742487963507,41.44600681653138,0.13947685935014079,0.019590471041966886,0.019590471041966886,0.019590471041966886,0,0,0,1,1,1,0.013407074291052812,0,0,0
TUR.59.4_1,2063,6,albopictus,23.481021965251248,41.06513265716132,0.15687950427633818,0.05244383835882551,0.05244383835882551,0.05244383835882551,0,0,0,1,1,1,0.01556553551568629,0,0,0
TUR.59.4_1,2063,7,albopictus,29.659371880924002,27.335289567371227,0.18422897736139307,0.037524247140313834,0.037524247140313834,0.037524247140313834,0,0,0,1,1,1,0.017670621336083325,0,0,0
TUR.59.4_1,2063,8,albopictus,27.197538263657513,46.13732304621535,0.21876029777144115,0.0712870094007474,0.0712870094007474,0.0712870094007474,6.550315845288424e-14,6.550315845288424e-14,6.550315845288424e-14,0.9999999999999345,0.9999999999999345,0.9999999999999345,0.020947832541891143,1.3721491942359803e-15,1.3721491942359803e-15,1.3721491942359803e-15
TUR.59.4_1,2063,9,albopictus,24.949127309462604,32.161254050321965,0.17436252119662995,0.05003196541187129,0.05003196541187129,0.05003196541187129,0,0,0,1,1,1,0.017285120341105076,0,0,0
TUR.59.4_1,2063,10,albopictus,17.76824625800638,45.58255546174045,0.1718269877327998,0.014232113850119476,0.014232113850119476,0.014232113850119476,0,0,0,1,1,1,0.016490929152094935,0,0,0
TUR.59.4_1,2063,11,albopictus,11.330357481451596,73.11657100398806,0.09966817554175042,1.452333656104292e-6,1.452333656104292e-6,1.452333656104292e-6,0,0,0,1,1,1,0.009917313430794161,0,0,0
TUR.59.4_1,2063,12,albopictus,8.382178530973547,72.83224118388434,0.0819786392834149,0,0,0,0,0,0,1,1,1,0.007902030210098387,0,0,0
TUR.59.4_1,2064,1,albopictus,6.63514760399566,72.69058652137815,0.0744139897175756,0,0,0,0,0,0,1,1,1,0.00717548622624653,0,0,0
TUR.59.4_1,2064,2,albopictus,3.950380342848161,65.38009373447962,0.057651913278757384,0,0,0,0,0,0,1,1,1,0.005946241737409097,0,0,0
TUR.59.4_1,2064,3,albopictus,10.283811947878668,66.72408999653626,0.06833209871901404,0,0,0,0,0,0,1,1,1,0.006590967407958281,0,0,0
TUR.59.4_1,2064,4,albopictus,14.04247363875894,59.74298681197318,0.09035663249613612,0.0015160093984419494,0.0015160093984419494,0.0015160093984419494,0,0,0,1,1,1,0.008994964317293186,0,0,0
TUR.59.4_1,2064,5,albopictus,20.228415629443,53.70795063367005,0.12629468042512554,0.0354057164923868,0.0354057164923868,0.0354057164923868,0,0,0,1,1,1,0.01214767975976283,0,0,0
TUR.59.4_1,2064,6,albopictus,22.614627922282498,54.473881283870305,0.14205257381150124,0.05870732727683048,0.05870732727683048,0.05870732727683048,2.220446049250313e-16,2.220446049250313e-16,2.220446049250313e-16,0.9999999999999998,0.9999999999999998,0.9999999999999998,0.014104838765616301,3.131903351242538e-18,3.131903351242538e-18,3.131903351242538e-18
TUR.59.4_1,2064,7,albopictus,25.498925713931815,48.50950679149232,0.16681720487048907,0.07147948508049627,0.07147948508049627,0.07147948508049627,7.072120666862247e-14,7.072120666862247e-14,7.072120666862247e-14,0.9999999999999293,0.9999999999999293,0.9999999999999293,0.016013990945325074,1.1325287632337835e-15,1.1325287632337835e-15,1.1325287632337835e-15
TUR.59.4_1,2064,8,albopictus,28.116498834946576,45.34499898005324,0.1980849154868899,0.06875212548638594,0.06875212548638594,0.06875212548638594,2.3314683517128287e-14,2.3314683517128287e-14,2.3314683517128287e-14,0.9999999999999767,0.9999999999999767,0.9999999999999767,0.01898694136451773,4.426745288720028e-16,4.426745288720028e-16,4.426745288720028e-16
TUR.59.4_1,2064,9,albopictus,22.65557300343233,49.709445120878605,0.15788324310749063,0.05416369081274746,0.05416369081274746,0.05416369081274746,0,0,0,1,1,1,0.01566434206667744,0,0,0
TUR.59.4_1,2064,10,albopictus,17.00633581946878,68.66362159333224,0.15558734692791185,0.013956738485042926,0.013956738485042926,0.013956738485042926,0,0,0,1,1,1,0.014944052593175772,0,0,0
TUR.59.4_1,2064,11,albopictus,11.897175718756284,69.5598693438318,0.09024837838512728,2.7230297806135826e-5,2.7230297806135826e-5,2.7230297806135826e-5,0,0,0,1,1,1,0.008984236222311037,0,0,0
TUR.59.4_1,2064,12,albopictus,6.565002665800207,66.14741147197027,0.07423070822088364,0,0,0,0,0,0,1,1,1,0.007157876422058673,0,0,0
TUR.59.4_1,2065,1,albopictus,5.934632333762505,79.26282925819456,0.07738128775551584,0,0,0,0,0,0,1,1,1,0.007460542673451087,0,0,0
TUR.59.4_1,2065,2,albopictus,8.265904444105486,70.92027775547571,0.05788354499966174,0,0,0,0,0,0,1,1,1,0.006182616873687485,0,0,0
TUR.59.4_1,2065,3,albopictus,9.727245709475348,66.85238589497376,0.07105687806798879,0,0,0,0,0,0,1,1,1,0.006852883237311924,0,0,0
TUR.59.4_1,2065,4,albopictus,12.4233597166398,69.57383550582084,0.09395965202698311,1.4217776527652336e-4,1.4217776527652336e-4,1.4217776527652336e-4,0,0,0,1,1,1,0.009351961049994362,0,0,0
TUR.59.4_1,2065,5,albopictus,15.807790896471808,70.23992542615052,0.13133074903064004,0.007398473909553665,0.007398473909553665,0.007398473909553665,0,0,0,1,1,1,0.012629003627671498,0,0,0
TUR.59.4_1,2065,6,albopictus,22.685968483195584,56.13045934783515,0.1477169969281087,0.061199009782327056,0.061199009782327056,0.061199009782327056,8.881784197001252e-16,8.881784197001252e-16,8.881784197001252e-16,0.9999999999999991,0.9999999999999991,0.9999999999999991,0.01466313336403191,1.3023478619118043e-17,1.3023478619118043e-17,1.3023478619118043e-17
TUR.59.4_1,2065,7,albopictus,28.348081139957205,31.224381059070446,0.17346913102826586,0.048000322232747576,0.048000322232747576,0.048000322232747576,0,0,0,1,1,1,0.016647213136253836,0,0,0
TUR.59.4_1,2065,8,albopictus,27.685275919297162,43.347165728100116,0.205983658496109,0.06621182318905962,0.06621182318905962,0.06621182318905962,7.993605777301127e-15,7.993605777301127e-15,7.993605777301127e-15,0.999999999999992,0.999999999999992,0.999999999999992,0.019736535806591737,1.5776608664748227e-16,1.5776608664748227e-16,1.5776608664748227e-16
TUR.59.4_1,2065,9,albopictus,24.367298238417682,37.67494118411103,0.1641789227139,0.05343954756813953,0.05343954756813953,0.05343954756813953,0,0,0,1,1,1,0.01628385322677761,0,0,0
TUR.59.4_1,2065,10,albopictus,14.85874995063333,66.11870734772677,0.16179147643393235,0.003581165427265912,0.003581165427265912,0.003581165427265912,0,0,0,1,1,1,0.015535302308332666,0,0,0
TUR.59.4_1,2065,11,albopictus,11.544507910223569,71.58326869685915,0.0938470812248196,5.82676090422173e-6,5.82676090422173e-6,5.82676090422173e-6,0,0,0,1,1,1,0.009340809182785126,0,0,0
TUR.59.4_1,2065,12,albopictus,8.178025470060462,79.43789303935309,0.07719069781013581,0,0,0,0,0,0,1,1,1,0.007442235920016027,0,0,0
TUR.59.4_1,2066,1,albopictus,8.125273736960747,65.74244351600706,0.07552789285606602,0,0,0,0,0,0,1,1,1,0.007282504039509696,0,0,0
TUR.59.4_1,2066,2,albopictus,7.312295931227068,62.93260685703821,0.056497149526334924,0,0,0,0,0,0,1,1,1,0.006034981917369953,0,0,0
TUR.59.4_1,2066,3,albopictus,8.28816356378443,69.32383670063783,0.0693549620208156,0,0,0,0,0,0,1,1,1,0.006689296893778507,0,0,0
TUR.59.4_1,2066,4,albopictus,11.131496275172514,77.26609624800834,0.0917091810814608,2.718243638712825e-7,2.718243638712825e-7,2.718243638712825e-7,0,0,0,1,1,1,0.009128993498946136,0,0,0
TUR.59.4_1,2066,5,albopictus,16.51774611192591,61.15180591931458,0.12818518571094767,0.009806929728255243,0.009806929728255243,0.009806929728255243,0,0,0,1,1,1,0.012328392908946828,0,0,0
TUR.59.4_1,2066,6,albopictus,24.36251457999734,36.70197347747382,0.14417895903019218,0.05275491535929143,0.05275491535929143,0.05275491535929143,0,0,0,1,1,1,0.01431445576830448,0,0,0
TUR.59.4_1,2066,7,albopictus,27.712398080264823,36.15559825267396,0.16931429189357003,0.056172721536871334,0.056172721536871334,0.056172721536871334,1.1102230246251565e-16,1.1102230246251565e-16,1.1102230246251565e-16,0.9999999999999999,0.9999999999999999,0.9999999999999999,0.016251745961582964,1.804306255690831e-18,1.804306255690831e-18,1.804306255690831e-18
TUR.59.4_1,2066,8,albopictus,26.988675958970013,48.11005559016066,0.2010500489233026,0.07451287165371703,0.07451287165371703,0.07451287165371703,2.3037127760972e-13,2.3037127760972e-13,2.3037127760972e-13,0.9999999999997696,0.9999999999997696,0.9999999999997696,0.01926840110505812,4.438886180068779e-15,4.438886180068779e-15,4.438886180068779e-15
TUR.59.4_1,2066,9,albopictus,22.541048162123737,53.04314720828095,0.16024659764176505,0.05655839834957428,0.05655839834957428,0.05655839834957428,1.1102230246251565e-16,1.1102230246251565e-16,1.1102230246251565e-16,0.9999999999999999,0.9999999999999999,0.9999999999999999,0.01589694799312369,1.7649157683234594e-18,1.7649157683234594e-18,1.7649157683234594e-18
TUR.59.4_1,2066,10,albopictus,16.602841938243195,61.679986644601776,0.15791633418837406,0.010339118760749092,0.010339118760749092,0.010339118760749092,0,0,0,1,1,1,0.015166045260943006,0,0,0
TUR.59.4_1,2066,11,albopictus,12.445908476324643,73.21287685115603,0.09159930651448037,1.5548305333709802e-4,1.5548305333709802e-4,1.5548305333709802e-4,0,0,0,1,1,1,0.009118106286857608,0,0,0
TUR.59.4_1,2066,12,albopictus,7.5515978196088005,73.4141656223609,0.07534186781833875,0,0,0,0,0,0,1,1,1,0.007264632558357631,0,0,0
TUR.59.4_1,2067,1,albopictus,8.774478944785454,76.27242703651487,0.0783338704854104,0,0,0,0,0,0,1,1,1,0.007552036128377848,0,0,0
TUR.59.4_1,2067,2,albopictus,6.5467105087111985,72.58061711094446,0.05859610570924779,0,0,0,0,0,0,1,1,1,0.006258487750980923,0,0,0
TUR.59.4_1,2067,3,albopictus,10.37368430810816,68.54175509663392,0.07193160575540654,0,0,0,0,0,0,1,1,1,0.006936950641713513,0,0,0
TUR.59.4_1,2067,4,albopictus,11.601732099757475,58.19001592574271,0.09511631850829826,5.139315030240533e-6,5.139315030240533e-6,5.139315030240533e-6,0,0,0,1,1,1,0.009466539361565496,0,0,0
TUR.59.4_1,2067,5,albopictus,15.818664691027472,65.58605579724427,0.1329474629295605,0.00700129592079169,0.00700129592079169,0.00700129592079169,0,0,0,1,1,1,0.012783471841656957,0,0,0
TUR.59.4_1,2067,6,albopictus,23.59836586783914,39.88733724700507,0.14953542957852137,0.052000981445883686,0.052000981445883686,0.052000981445883686,0,0,0,1,1,1,0.014842293946960128,0,0,0
TUR.59.4_1,2067,7,albopictus,27.43747475567986,31.779060929675914,0.1756045787983964,0.051236504209534885,0.051236504209534885,0.051236504209534885,0,0,0,1,1,1,0.016850408125190453,0,0,0
TUR.59.4_1,2067,8,albopictus,28.814971811631146,34.54526295710402,0.2085193681155177,0.05058083419869255,0.05058083419869255,0.05058083419869255,0,0,0,1,1,1,0.019977054375038383,0,0,0
TUR.59.4_1,2067,9,albopictus,24.70761501087862,39.1555014868454,0.16620000572926777,0.05665051538159739,0.05665051538159739,0.05665051538159739,1.1102230246251565e-16,1.1102230246251565e-16,1.1102230246251565e-16,0.9999999999999999,0.9999999999999999,0.9999999999999999,0.01648265033644647,1.8299417910368453e-18,1.8299417910368453e-18,1.8299417910368453e-18
TUR.59.4_1,2067,10,albopictus,18.673090542063996,49.391500163888885,0.16378316939699142,0.020957153382938545,0.020957153382938545,0.020957153382938545,0,0,0,1,1,1,0.015725034159388085,0,0,0
TUR.59.4_1,2067,11,albopictus,12.435734678717221,68.29703670223024,0.09500236193180686,1.3917677895731588e-4,1.3917677895731588e-4,1.3917677895731588e-4,0,0,0,1,1,1,0.009455251517041963,0,0,0
TUR.59.4_1,2067,12,albopictus,8.20782683877384,74.31148923075934,0.0781409343308146,0,0,0,0,0,0,1,1,1,0.007533505720502931,0,0,0
TUR.59.4_1,2068,1,albopictus,5.292027267463067,74.59988064979612,0.07516658468740847,0,0,0,0,0,0,1,1,1,0.0072477927610106185,0,0,0
TUR.59.4_1,2068,2,albopictus,7.328121202833513,78.65868870518274,0.05823498294212992,0,0,0,0,0,0,1,1,1,0.006006198817800623,0,0,0
TUR.59.4_1,2068,3,albopictus,9.077577492770025,69.54604281636048,0.06902318374172593,0,0,0,0,0,0,1,1,1,0.006657403583481325,0,0,0
TUR.59.4_1,2068,4,albopictus,11.894887769923491,69.46336950240287,0.09127046533006586,2.754344861733056e-5,2.754344861733056e-5,2.754344861733056e-5,0,0,0,1,1,1,0.009085521473544689,0,0,0
TUR.59.4_1,2068,5,albopictus,16.330233714159796,75.14844898572083,0.12757197709427792,0.010745803035610766,0.010745803035610766,0.010745803035610766,0,0,0,1,1,1,0.01226978000145973,0,0,0
TUR.59.4_1,2068,6,albopictus,23.11343582938699,47.75569585906562,0.1434892398592175,0.05635771049120804,0.05635771049120804,0.05635771049120804,1.1102230246251565e-16,1.1102230246251565e-16,1.1102230246251565e-16,0.9999999999999999,0.9999999999999999,0.9999999999999999,0.014246468802094792,1.581675768368961e-18,1.581675768368961e-18,1.581675768368961e-18
TUR.59.4_1,2068,7,albopictus,27.316194085513846,37.90029200877748,0.16850433103780782,0.0593021362966967,0.0593021362966967,0.0593021362966967,3.3306690738754696e-16,3.3306690738754696e-16,3.3306690738754696e-16,0.9999999999999997,0.9999999999999997,0.9999999999999997,0.01617463349645465,5.3872351567911755e-18,5.3872351567911755e-18,5.3872351567911755e-18
TUR.59.4_1,2068,8,albopictus,27.24827755198759,41.03888859797316,0.20008827146284278,0.06368708755911302,0.06368708755911302,0.06368708755911302,2.6645352591003757e-15,2.6645352591003757e-15,2.6645352591003757e-15,0.9999999999999973,0.9999999999999973,0.9999999999999973,0.01917711502979924,5.109809916472383e-17,5.109809916472383e-17,5.109809916472383e-17
TUR.59.4_1,2068,9,albopictus,24.91542636646944,38.80774224001923,0.1594800145618175,0.05699316156183512,0.05699316156183512,0.05699316156183512,1.1102230246251565e-16,1.1102230246251565e-16,1.1102230246251565e-16,0.9999999999999999,0.9999999999999999,0.9999999999999999,0.015821505426651616,1.7565399608900485e-18,1.7565399608900485e-18,1.7565399608900485e-18
TUR.59.4_1,2068,10,albopictus,15.737095440135283,52.45166938385959,0.1571608985559323,0.0055172067802326105,0.0055172067802326105,0.0055172067802326105,0,0,0,1,1,1,0.015094044694135222,0,0,0
TUR.59.4_1,2068,11,albopictus,11.818872381659116,71.81735377986696,0.09116111637788912,2.222906511251557e-5,2.222906511251557e-5,2.222906511251557e-5,0,0,0,1,1,1,0.009074685868309396,0,0,0
TUR.59.4_1,2068,12,albopictus,8.64513848809635,75.13090909159918,0.07498144955092381,0,0,0,0,0,0,1,1,1,0.007230006151800139,0,0,0
TUR.59.4_1,2069,1,albopictus,7.830763849265435,79.70058865760862,0.07955972477999533,0,0,0,0,0,0,1,1,1,0.0076697642998402316,0,0,0
TUR.59.4_1,2069,2,albopictus,5.731287973768572,69.43217961094446,0.059513081819128795,0,0,0,0,0,0,1,1,1,0.006356115515005922,0,0,0
TUR.59.4_1,2069,3,albopictus,12.071367642458746,58.52553881855775,0.07305727039172855,4.009831909841121e-5,4.009831909841121e-5,4.009831909841121e-5,0,0,0,1,1,1,0.007045124358313393,0,0,0
TUR.59.4_1,2069,4,albopictus,12.741328085170073,69.15381444869193,0.09660480295067267,2.74407816506457e-4,2.74407816506457e-4,2.74407816506457e-4,0,0,0,1,1,1,0.009613967753630992,0,0,0
TUR.59.4_1,2069,5,albopictus,15.594365260180304,59.07985691418763,0.1350279705998246,0.0055199389809007585,0.0055199389809007585,0.0055199389809007585,0,0,0,1,1,1,0.01298221746806405,0,0,0
TUR.59.4_1,2069,6,albopictus,25.191978538737576,38.83055166350898,0.1518755239387965,0.0583795212669138,0.0583795212669138,0.0583795212669138,2.220446049250313e-16,2.220446049250313e-16,2.220446049250313e-16,0.9999999999999998,0.9999999999999998,0.9999999999999998,0.015072803174432714,3.3468346259796697e-18,3.3468346259796697e-18,3.3468346259796697e-18
TUR.59.4_1,2069,7,albopictus,27.746924905215995,37.614307969470836,0.17835263178920174,0.05810644302433103,0.05810644302433103,0.05810644302433103,2.220446049250313e-16,2.220446049250313e-16,2.220446049250313e-16,0.9999999999999998,0.9999999999999998,0.9999999999999998,0.017111832766099067,3.799590146091673e-18,3.799590146091673e-18,3.799590146091673e-18
TUR.59.4_1,2069,8,albopictus,27.360860712387982,46.37081685114699,0.21178250781900204,0.07132433668004219,0.07132433668004219,0.07132433668004219,6.650235917504688e-14,6.650235917504688e-14,6.650235917504688e-14,0.9999999999999335,0.9999999999999335,0.9999999999999335,0.020286484720238418,1.3490990932643957e-15,1.3490990932643957e-15,1.3490990932643957e-15
TUR.59.4_1,2069,9,albopictus,24.509500615737018,49.62524712283173,0.16880088564903642,0.06820476473518661,0.06820476473518661,0.06820476473518661,1.865174681370263e-14,1.865174681370263e-14,1.865174681370263e-14,0.9999999999999813,0.9999999999999813,0.9999999999999813,0.016738418126487575,3.12200736957137e-16,3.12200736957137e-16,3.12200736957137e-16
TUR.59.4_1,2069,10,albopictus,18.29053934882669,49.213121105050995,0.16634622801189067,0.018184550385724356,0.018184550385724356,0.018184550385724356,0,0,0,1,1,1,0.015969141409752585,0,0,0
TUR.59.4_1,2069,11,albopictus,12.765146185370053,66.10577541072634,0.09648906305672456,2.715502847502241e-4,2.715502847502241e-4,2.715502847502241e-4,0,0,0,1,1,1,0.009602504969862036,0,0,0
TUR.59.4_1,2069,12,albopictus,8.8362715104047,71.9040108982398,0.07936376934890743,0,0,0,0,0,0,1,1,1,0.007650946137626735,0,0,0
TUR.59.4_1,2070,1,albopictus,7.72418454552398,75.6564678690344,0.07436488618001055,0,0,0,0,0,0,1,1,1,0.007170768357378177,0,0,0
TUR.59.4_1,2070,2,albopictus,4.833678263075212,66.58737675449915,0.055627185337045956,0,0,0,0,0,0,1,1,1,0.005942329673879421,0,0,0
TUR.59.4_1,2070,3,albopictus,9.826594731386969,72.9324487611847,0.06828700843707805,0,0,0,0,0,0,1,1,1,0.006586632583014396,0,0,0
TUR.59.4_1,2070,4,albopictus,13.367388571009917,61.40891088423881,0.09029700889155767,6.760409460496604e-4,6.760409460496604e-4,6.760409460496604e-4,0,0,0,1,1,1,0.008989055570439941,0,0,0
TUR.59.4_1,2070,5,albopictus,14.737033030566046,72.92768482556458,0.12621134239140286,0.00354353306479975,0.00354353306479975,0.00354353306479975,0,0,0,1,1,1,0.01213971272731551,0,0,0
TUR.59.4_1,2070,6,albopictus,23.62888535331277,41.43103078948554,0.14195883762129238,0.05369919532045859,0.05369919532045859,0.05369919532045859,0,0,0,1,1,1,0.01409559731666754,0,0,0
TUR.59.4_1,2070,7,albopictus,27.42152932110955,40.11923274364076,0.16670712725044823,0.06204240348061636,0.06204240348061636,0.06204240348061636,1.2212453270876722e-15,1.2212453270876722e-15,1.2212453270876722e-15,0.9999999999999988,0.9999999999999988,0.9999999999999988,0.016003508808394074,1.9544210349257663e-17,1.9544210349257663e-17,1.9544210349257663e-17
TUR.59.4_1,2070,8,albopictus,28.50866687999052,41.916955614574725,0.19795420525181717,0.06183697294635064,0.06183697294635064,0.06183697294635064,1.1102230246251565e-15,1.1102230246251565e-15,1.1102230246251565e-15,0.9999999999999989,0.9999999999999989,0.9999999999999989,0.018974532081435957,2.1065962398298896e-17,2.1065962398298896e-17,2.1065962398298896e-17
TUR.59.4_1,2070,9,albopictus,22.919910543105182,41.56648171145478,0.1577790607381775,0.04918834524059276,0.04918834524059276,0.04918834524059276,0,0,0,1,1,1,0.015654086971153225,0,0,0
TUR.59.4_1,2070,10,albopictus,17.040031040416046,59.81274573884006,0.1554846795509372,0.012586981655143582,0.012586981655143582,0.012586981655143582,0,0,0,1,1,1,0.014934265469365937,0,0,0
TUR.59.4_1,2070,11,albopictus,10.903052259893979,56.934068257406025,0.0901888262141573,3.797950594778576e-9,3.797950594778576e-9,3.797950594778576e-9,0,0,0,1,1,1,0.008978334490718165,0,0,0
TUR.59.4_1,2070,12,albopictus,5.602208838743322,71.97388089335699,0.07418172562522606,0,0,0,0,0,0,1,1,1,0.007153170089843619,0,0,0
TUR.59.4_1,2071,1,albopictus,5.921708616263726,72.17459531044065,0.07891589784662825,0,0,0,0,0,0,1,1,1,0.007607934412465545,0,0,0
TUR.59.4_1,2071,2,albopictus,6.533301847822527,75.57251469395227,0.05903147978909678,0,0,0,0,0,0,1,1,1,0.006304841951593421,0,0,0
TUR.59.4_1,2071,3,albopictus,11.768631360110113,59.163421051223764,0.07246606374179927,1.2184155146204984e-5,1.2184155146204984e-5,1.2184155146204984e-5,0,0,0,1,1,1,0.006988312262902752,0,0,0
TUR.59.4_1,2071,4,albopictus,14.306585157618803,58.70932210860404,0.0958230408945035,0.001959845354574111,0.001959845354574111,0.001959845354574111,0,0,0,1,1,1,0.009536540105073543,0,0,0
TUR.59.4_1,2071,5,albopictus,17.387148043688605,60.025165599490364,0.13393527395625954,0.014749466871354392,0.014749466871354392,0.014749466871354392,0,0,0,1,1,1,0.012877839915456879,0,0,0
TUR.59.4_1,2071,6,albopictus,21.58431443046121,52.25136236297187,0.1506464906169565,0.047068382373181845,0.047068382373181845,0.047068382373181845,0,0,0,1,1,1,0.014951744900904007,0,0,0
TUR.59.4_1,2071,7,albopictus,27.404464272891776,36.71676310863099,0.1769093358464327,0.05715091135986169,0.05715091135986169,0.05715091135986169,1.1102230246251565e-16,1.1102230246251565e-16,1.1102230246251565e-16,0.9999999999999999,0.9999999999999999,0.9999999999999999,0.016974539451992676,1.8845524532010356e-18,1.8845524532010356e-18,1.8845524532010356e-18
TUR.59.4_1,2071,8,albopictus,27.72302234874052,42.54367604304152,0.21006868486490127,0.06528887718977508,0.06528887718977508,0.06528887718977508,5.3290705182007514e-15,5.3290705182007514e-15,5.3290705182007514e-15,0.9999999999999947,0.9999999999999947,0.9999999999999947,0.020123982001768348,1.0724211919442624e-16,1.0724211919442624e-16,1.0724211919442624e-16
TUR.59.4_1,2071,9,albopictus,24.903549306532916,49.35860359866181,0.16743488599459327,0.07004022220058415,0.07004022220058415,0.07004022220058415,3.963496197911809e-14,3.963496197911809e-14,3.963496197911809e-14,0.9999999999999604,0.9999999999999604,0.9999999999999604,0.016604095454353596,6.581026920309523e-16,6.581026920309523e-16,6.581026920309523e-16
TUR.59.4_1,2071,10,albopictus,20.2919755823472,42.75594871125217,0.16500009236154456,0.030471942304703063,0.030471942304703063,0.030471942304703063,0,0,0,1,1,1,0.015840942186718276,0,0,0
TUR.59.4_1,2071,11,albopictus,11.709545065374936,68.79482417781618,0.095708237610896807,1.254649157601935e-5,1.254649157601935e-5,1.254649157601935e-5,0,0,0,1,1,1,0.009525169194053884,0,0,0
TUR.59.4_1,2071,12,albopictus,8.37170098809635,64.74824155009527,0.07872152815989307,0,0,0,0,0,0,1,1,1,0.007589267372234532,0,0,0
TUR.59.4_1,2072,1,albopictus,5.443079504020074,69.6068081400305,0.07964973213311577,0,0,0,0,0,0,1,1,1,0.007678407844576851,0,0,0
TUR.59.4_1,2072,2,albopictus,8.453375833875993,69.75436131260462,0.06170828183037318,0,0,0,0,0,0,1,1,1,0.006363283376083162,0,0,0
TUR.59.4_1,2072,3,albopictus,9.24829425531275,66.3478769228058,0.07313992140079562,0,0,0,0,0,0,1,1,1,0.0070530664609795846,0,0,0
TUR.59.4_1,2072,4,albopictus,11.717470968470854,72.50766576705131,0.09671409370848207,1.435059905106056e-5,1.435059905106056e-5,1.435059905106056e-5,0,0,0,1,1,1,0.00962479169848185,0,0,0
TUR.59.4_1,2072,5,albopictus,17.946242472704718,57.405578654910286,0.13518073018093837,0.01795274073313288,0.01795274073313288,0.01795274073313288,0,0,0,1,1,1,0.012996808626954959,0,0,0
TUR.59.4_1,2072,6,albopictus,26.75600823234109,28.383629361262884,0.1520473434611907,0.04806765205421944,0.04806765205421944,0.04806765205421944,0,0,0,1,1,1,0.01508972600110381,0,0,0
TUR.59.4_1,2072,7,albopictus,27.17270234051873,32.613724320789196,0.17855440534175995,0.05219364822684086,0.05219364822684086,0.05219364822684086,0,0,0,1,1,1,0.0171310249178116,0,0,0
TUR.59.4_1,2072,8,albopictus,27.79753864512724,39.236631060131366,0.2120221011939001,0.059719553063636036,0.059719553063636036,0.059719553063636036,4.440892098500626e-16,4.440892098500626e-16,4.440892098500626e-16,0.9999999999999996,0.9999999999999996,0.9999999999999996,0.020309200540845063,9.019096820870348e-18,9.019096820870348e-18,9.019096820870348e-18
TUR.59.4_1,2072,9,albopictus,25.864555471083698,29.913512351103215,0.16899185313872636,0.04928211793919592,0.04928211793919592,0.04928211793919592,0,0,0,1,1,1,0.016757195046797846,0,0,0
TUR.59.4_1,2072,10,albopictus,20.234030330882355,48.747022319650604,0.16653441850307604,0.03300038255212403,0.03300038255212403,0.03300038255212403,0,0,0,1,1,1,0.015987062399849483,0,0,0
TUR.59.4_1,2072,11,albopictus,13.081965376349057,66.07901149471071,0.09659822287590222,4.761849075618811e-4,4.761849075618811e-4,4.761849075618811e-4,0,0,0,1,1,1,0.00961331607200222,0,0,0
TUR.59.4_1,2072,12,albopictus,4.948938117307775,66.0796700779273,0.07945355501411065,0,0,0,0,0,0,1,1,1,0.007659568556932839,0,0,0
TUR.59.4_1,2073,1,albopictus,6.727152379996636,68.53049893592893,0.07525593105461015,0,0,0,0,0,0,1,1,1,0.007256376479054305,0,0,0
TUR.59.4_1,2073,2,albopictus,6.512482183821062,79.58353916904993,0.05629371386857619,0,0,0,0,0,0,1,1,1,0.006013316546192526,0,0,0
TUR.59.4_1,2073,3,albopictus,8.807473561343024,65.69190921040345,0.06910522778756975,0,0,0,0,0,0,1,1,1,0.006665290440447502,0,0,0
TUR.59.4_1,2073,4,albopictus,12.148861730799956,63.46054662642631,0.09137895349064891,5.728022431792031e-5,5.728022431792031e-5,5.728022431792031e-5,0,0,0,1,1,1,0.009096271664138289,0,0,0
TUR.59.4_1,2073,5,albopictus,19.598096034106085,54.8610878407013,0.12772361485668934,0.030315467481855814,0.030315467481855814,0.030315467481855814,0,0,0,1,1,1,0.012284274462892264,0,0,0
TUR.59.4_1,2073,6,albopictus,24.371101463542264,39.177799740901555,0.14365979759264738,0.05502374237912969,0.05502374237912969,0.05502374237912969,0,0,0,1,1,1,0.014263281447518206,0,0,0
TUR.59.4_1,2073,7,albopictus,27.23234131756951,39.660782426257946,0.16870462282834991,0.06167318439027983,0.06167318439027983,0.06167318439027983,9.992007221626409e-16,9.992007221626409e-16,9.992007221626409e-16,0.999999999999999,0.999999999999999,0.999999999999999,0.016193702873988025,1.6180759606176068e-17,1.6180759606176068e-17,1.6180759606176068e-17
TUR.59.4_1,2073,8,albopictus,27.727535135605756,43.95694508601027,0.20032610533874937,0.06681751992471574,0.06681751992471574,0.06681751992471574,1.0325074129013956e-14,1.0325074129013956e-14,1.0325074129013956e-14,0.9999999999999897,0.9999999999999897,0.9999999999999897,0.019199689567586886,1.9823821803939052e-16,1.9823821803939052e-16,1.9823821803939052e-16
TUR.59.4_1,2073,9,albopictus,24.957019918105182,38.69354546267548,0.15966957964584555,0.05741966420164171,0.05741966420164171,0.05741966420164171,1.1102230246251565e-16,1.1102230246251565e-16,1.1102230246251565e-16,0.9999999999999999,0.9999999999999999,0.9999999999999999,0.015840161837723077,1.7586112386028892e-18,1.7586112386028892e-18,1.7586112386028892e-18
TUR.59.4_1,2073,10,albopictus,15.23436030219583,64.62574164948458,0.15734770703486636,0.004675694038203294,0.004675694038203294,0.004675694038203294,0,0,0,1,1,1,0.015111849899327234,0,0,0
TUR.59.4_1,2073,11,albopictus,10.383621145697202,70.13980251033571,0.09126947456141289,0,0,0,0,0,0,1,1,1,0.00908542329683959,0,0,0
TUR.59.4_1,2073,12,albopictus,6.517433867735021,77.30116665995855,0.07507057585821515,0,0,0,0,0,0,1,1,1,0.0072385688816670735,0,0,0
TUR.59.4_1,2074,1,albopictus,4.658285411841729,69.06052823280393,0.07809888157614664,0,0,0,0,0,0,1,1,1,0.007529466749381264,0,0,0
TUR.59.4_1,2074,2,albopictus,8.03994561994777,75.81288639805383,0.05842032689374441,0,0,0,0,0,0,1,1,1,0.006239771999104082,0,0,0
TUR.59.4_1,2074,3,albopictus,9.002924344118902,73.22936953755189,0.07171582260217653,0,0,0,0,0,0,1,1,1,0.0069162130436278835,0,0,0
TUR.59.4_1,2074,4,albopictus,14.696542585597319,51.266988887168495,0.09483098497631592,0.0025068992296201206,0.0025068992296201206,0.0025068992296201206,0,0,0,1,1,1,0.009438275717251976,0,0,0
TUR.59.4_1,2074,5,albopictus,17.16823973375208,68.3513222157013,0.13254864209880607,0.015019010240319814,0.015019010240319814,0.015019010240319814,0,0,0,1,1,1,0.012745368927402412,0,0,0
TUR.59.4_1,2074,6,albopictus,24.3767071611741,43.98939947234687,0.14908684753763407,0.06060009793212456,0.06060009793212456,0.06060009793212456,6.661338147750939e-16,6.661338147750939e-16,6.661338147750939e-16,0.9999999999999993,0.9999999999999993,0.9999999999999993,0.01479810055031161,9.85751517100449e-18,9.85751517100449e-18,9.85751517100449e-18
TUR.59.4_1,2074,7,albopictus,28.675553826724784,34.82039317454896,0.17507779353708033,0.050676307259586245,0.050676307259586245,0.050676307259586245,0,0,0,1,1,1,0.016800286649430674,0,0,0
TUR.59.4_1,2074,8,albopictus,27.377971536972943,46.5933281426509,0.20789384382353268,0.07178742978735807,0.07178742978735807,0.07178742978735807,7.982503547054876e-14,7.982503547054876e-14,7.982503547054876e-14,0.9999999999999202,0.9999999999999202,0.9999999999999202,0.019917727273656816,1.5899332861123716e-15,1.5899332861123716e-15,1.5899332861123716e-15
TUR.59.4_1,2074,9,albopictus,24.79121219410616,45.9677573462204,0.1657014326621649,0.06490713834438888,0.06490713834438888,0.06490713834438888,4.551914400963142e-15,4.551914400963142e-15,4.551914400963142e-15,0.9999999999999954,0.9999999999999954,0.9999999999999954,0.016433613587879425,7.480440235053192e-17,7.480440235053192e-17,7.480440235053192e-17
TUR.59.4_1,2074,10,albopictus,19.176781261668488,55.93103950104709,0.16329184644698438,0.02704482964124363,0.02704482964124363,0.02704482964124363,0,0,0,1,1,1,0.015678233348720427,0,0,0
TUR.59.4_1,2074,11,albopictus,12.44353954932269,68.32769923885134,0.09471737025107542,1.428276292712298e-4,1.428276292712298e-4,1.428276292712298e-4,0,0,0,1,1,1,0.009427021413505599,0,0,0
TUR.59.4_1,2074,12,albopictus,8.057267413419837,74.73324216044684,0.07790652419872916,0,0,0,0,0,0,1,1,1,0.007510991510104592,0,0,0
TUR.59.4_1,2075,1,albopictus,5.711345228202203,65.594723179093,0.07564197189145959,0,0,0,0,0,0,1,1,1,0.007293463487500151,0,0,0
TUR.59.4_1,2075,2,albopictus,4.9861893829177415,77.03385655186243,0.05658248409713691,0,0,0,0,0,0,1,1,1,0.006044069687776266,0,0,0
TUR.59.4_1,2075,3,albopictus,10.11151160913355,71.75726260395814,0.06945971732204147,0,0,0,0,0,0,1,1,1,0.00669936663905113,0,0,0
TUR.59.4_1,2075,4,albopictus,13.504860723719878,62.722440852500526,0.09184770070009288,8.397343337884928e-4,8.397343337884928e-4,8.397343337884928e-4,0,0,0,1,1,1,0.009142718911277381,0,0,0
TUR.59.4_1,2075,5,albopictus,16.010866305407355,60.56378559460755,0.12837879951089198,0.007381116785762424,0.007381116785762424,0.007381116785762424,0,0,0,1,1,1,0.01234689856005644,0,0,0
TUR.59.4_1,2075,6,albopictus,25.04063423942117,32.24996618377265,0.1443967301866252,0.050454326333895426,0.050454326333895426,0.050454326333895426,0,0,0,1,1,1,0.01433592092266367,0,0,0
TUR.59.4_1,2075,7,albopictus,29.24465706769158,30.374649613757946,0.16957002802451668,0.04300387394374269,0.04300387394374269,0.04300387394374269,0,0,0,1,1,1,0.016276092109248075,0,0,0
TUR.59.4_1,2075,8,albopictus,26.37014377818388,40.54054799128371,0.20135371945851413,0.06283150013595587,0.06283150013595587,0.06283150013595587,1.7763568394002505e-15,1.7763568394002505e-15,1.7763568394002505e-15,0.9999999999999982,0.9999999999999982,0.9999999999999982,0.019297221903138873,3.4278752109065054e-17,3.4278752109065054e-17,3.4278752109065054e-17
TUR.59.4_1,2075,9,albopictus,21.935009114882526,57.636263968534855,0.16048863772249272,0.05490012340609963,0.05490012340609963,0.05490012340609963,0,0,0,1,1,1,0.015920766943080755,0,0,0
TUR.59.4_1,2075,10,albopictus,17.85279520820169,46.38834540925021,0.15815485458654574,0.014852913927558333,0.014852913927558333,0.014852913927558333,0,0,0,1,1,1,0.01518877754571235,0,0,0
TUR.59.4_1,2075,11,albopictus,11.04622166297015,74.80755763728884,0.09173766017608463,8.376623222459027e-8,8.376623222459027e-8,8.376623222459027e-8,0,0,0,1,1,1,0.009131815405843291,0,0,0
TUR.59.4_1,2075,12,albopictus,7.3599216797772575,71.63906491435309,0.0754556658773134,0,0,0,0,0,0,1,1,1,0.007275565210212331,0,0,0
TUR.81.6_1,2025,1,aegypti,5.779921812169691,80.47095238336914,1.3172110912425776e-4,0,0,0,0,0,0,1,1,1,1.2747122863587812e-5,0,0,0
TUR.81.6_1,2025,2,aegypti,4.760240375119098,77.69281993082922,9.853137584746186e-5,0,0,0,0,0,0,1,1,1,1.0556877402256859e-5,0,0,0
TUR.81.6_1,2025,3,aegypti,4.094910288558287,81.18496996974257,1.209554798260056e-4,0,0,0,0,0,0,1,1,1,1.1705300507869332e-5,0,0,0
TUR.81.6_1,2025,4,aegypti,8.359876674764298,78.46498834996325,1.599413751943062e-4,0,0,0,0,0,0,1,1,1,1.599400961393993e-5,0,0,0
TUR.81.6_1,2025,5,aegypti,13.871016586528105,77.55293363615462,2.2355575134768102e-4,0,0,0,0,0,0,1,1,1,2.1634193527186873e-5,0,0,0
TUR.81.6_1,2025,6,aegypti,18.970891980563895,80.33396819250854,2.514489902694609e-4,0.012781342223037435,0.012781342223037435,0.012781342223037435,0,0,0,1,1,1,2.5144582896596823e-5,0,0,0
TUR.81.6_1,2025,7,aegypti,22.26643960616168,72.40091830762508,2.952851651946776e-4,0.05019046803594047,0.05019046803594047,0.05019046803594047,0,0,0,1,1,1,2.8575575439004908e-5,0,0,0
TUR.81.6_1,2025,8,aegypti,21.506611487444708,84.8764401841341,3.5063252041377135e-4,0.04744616201204386,0.04744616201204386,0.04744616201204386,0,0,0,1,1,1,3.3931603705017466e-5,0,0,0
TUR.81.6_1,2025,9,aegypti,17.44926379708683,83.55658835195622,2.7947105071483115e-4,0.004041485136871088,0.004041485136871088,0.004041485136871088,0,0,0,1,1,1,2.794671455474962e-5,0,0,0
TUR.81.6_1,2025,10,aegypti,15.611001968383789,79.31659173352973,2.7540705693683266e-4,2.0941622387480073e-4,2.0941622387480073e-4,2.0941622387480073e-4,0,0,0,1,1,1,2.6651940663313667e-5,0,0,0
TUR.81.6_1,2025,11,aegypti,9.46683285516851,80.64316960458311,1.5974975327451036e-4,0,0,0,0,0,0,1,1,1,1.597484772819513e-5,0,0,0
TUR.81.6_1,2025,12,aegypti,7.745657286223243,74.09463078580839,1.3139668031567157e-4,0,0,0,0,0,0,1,1,1,1.2715726926959547e-5,0,0,0
TUR.81.6_1,2026,1,aegypti,1.0630886975456684,83.3131078399121,1.4990742118232877e-4,0,0,0,0,0,0,1,1,1,1.4507064563407113e-5,0,0,0
TUR.81.6_1,2026,2,aegypti,2.372895299511798,82.21414408854406,1.1213528763188686e-4,0,0,0,0,0,0,1,1,1,1.201442292964039e-5,0,0,0
TUR.81.6_1,2026,3,aegypti,7.881332064376158,71.57740313624647,1.3765541589452407e-4,0,0,0,0,0,0,1,1,1,1.3321403130039933e-5,0,0,0
TUR.81.6_1,2026,4,aegypti,13.12348942195668,74.2710567703734,1.8202396908999484e-4,0,0,0,0,0,0,1,1,1,1.8202231246378098e-5,0,0,0
TUR.81.6_1,2026,5,aegypti,16.610295379863068,73.32482999845931,2.544213786067877e-4,0.001264922476229257,0.001264922476229257,0.001264922476229257,0,0,0,1,1,1,2.462112063139621e-5,0,0,0
TUR.81.6_1,2026,6,aegypti,19.438379315768973,69.35413268225463,2.861657477742391e-4,0.014249689922194457,0.014249689922194457,0.014249689922194457,0,0,0,1,1,1,2.861616532712219e-5,0,0,0
TUR.81.6_1,2026,7,aegypti,23.933660675497617,64.38329059156062,3.360542431052165e-4,0.06786648183216744,0.06786648183216744,0.06786648183216744,1.609823385706477e-14,1.609823385706477e-14,1.609823385706477e-14,0.9999999999999839,0.9999999999999839,0.9999999999999839,3.2520849550743414e-5,5.235282412982872e-19,5.235282412982872e-19,5.235282412982872e-19
TUR.81.6_1,2026,8,aegypti,23.712114951189825,63.97077001811847,3.9904323055998936e-4,0.06398113351170903,0.06398113351170903,0.06398113351170903,2.9976021664879227e-15,2.9976021664879227e-15,2.9976021664879227e-15,0.999999999999997,0.999999999999997,0.999999999999997,3.8616341198283166e-5,1.1575642803781044e-19,1.1575642803781044e-19,1.1575642803781044e-19
TUR.81.6_1,2026,9,aegypti,22.72679065255558,72.34095114492497,3.1805672444084216e-4,0.057824531931493305,0.057824531931493305,0.057824531931493305,2.220446049250313e-16,2.220446049250313e-16,2.220446049250313e-16,0.9999999999999998,0.9999999999999998,0.9999999999999998,3.1805166649023775e-5,7.062165663157266e-21,7.062165663157266e-21,7.062165663157266e-21
TUR.81.6_1,2026,10,aegypti,14.929178237915039,80.08586358411567,3.1343162804580593e-4,1.002734095279727e-5,1.002734095279727e-5,1.002734095279727e-5,0,0,0,1,1,1,3.0331633023461535e-5,0,0,0
TUR.81.6_1,2026,11,aegypti,10.152120330754448,78.39503117684873,1.8180589054488095e-4,0,0,0,0,0,0,1,1,1,1.818042378853857e-5,0,0,0
TUR.81.6_1,2026,12,aegypti,6.793300947722266,79.59640080533964,1.495381995262422e-4,0,0,0,0,0,0,1,1,1,1.4471333953047782e-5,0,0,0
TUR.81.6_1,2027,1,aegypti,5.055871767156264,83.04572807916992,1.4270941537430554e-4,0,0,0,0,0,0,1,1,1,1.3810493218913145e-5,0,0,0
TUR.81.6_1,2027,2,aegypti,6.0958526721772035,85.36736521891515,1.0675096145715425e-4,0,0,0,0,0,0,1,1,1,1.143753760413091e-5,0,0,0
TUR.81.6_1,2027,3,aegypti,8.37680974076776,71.0414229116371,1.310457065465826e-4,0,0,0,0,0,0,1,1,1,1.2681762154853615e-5,0,0,0
TUR.81.6_1,2027,4,aegypti,10.618586582296036,75.98060572056872,1.7328384417572757e-4,0,0,0,0,0,0,1,1,1,1.732823428202135e-5,0,0,0
TUR.81.6_1,2027,5,aegypti,14.461651886210722,85.69834226652571,2.422049950118118e-4,0,0,0,0,0,0,1,1,1,2.343891836986689e-5,0,0,0
TUR.81.6_1,2027,6,aegypti,18.17627909604241,78.69822600500854,2.7242511573420837e-4,0.007094153696174839,0.007094153696174839,0.007094153696174839,0,0,0,1,1,1,2.7242140499539325e-5,0,0,0
TUR.81.6_1,2027,7,aegypti,22.66223161360797,79.43972903760555,3.199181480766713e-4,0.06364808608774722,0.06364808608774722,0.06364808608774722,2.55351295663786e-15,2.55351295663786e-15,2.55351295663786e-15,0.9999999999999974,0.9999999999999974,0.9999999999999974,3.095934153130031e-5,7.905507972915195e-20,7.905507972915195e-20,7.905507972915195e-20
TUR.81.6_1,2027,8,aegypti,24.01403107362635,71.79520239116535,3.798826348498568e-4,0.07922663654231998,0.07922663654231998,0.07922663654231998,1.3131717935266352e-12,1.3131717935266352e-12,1.3131717935266352e-12,0.9999999999986868,0.9999999999986868,0.9999999999986868,3.676215988590581e-5,4.8275031431287853e-17,4.8275031431287853e-17,4.8275031431287853e-17
TUR.81.6_1,2027,9,aegypti,20.263560519498938,78.13656729482732,3.0278480440012903e-4,0.025481755204164954,0.025481755204164954,0.025481755204164954,0,0,0,1,1,1,3.0278022051466458e-5,0,0,0
TUR.81.6_1,2027,10,aegypti,13.713155746459961,82.48263024671333,2.9838178820933863e-4,0,0,0,0,0,0,1,1,1,2.8875240025705295e-5,0,0,0
TUR.81.6_1,2027,11,aegypti,9.050938346806694,77.30441685800108,1.7307623696433393e-4,0,0,0,0,0,0,1,1,1,1.7307473920369354e-5,0,0,0
TUR.81.6_1,2027,12,aegypti,7.002432188566993,82.28325230680448,1.4235792239104917e-4,0,0,0,0,0,0,1,1,1,1.3776478238081147e-5,0,0,0
TUR.81.6_1,2028,1,aegypti,4.397819322698256,80.6212361968457,1.3555681020973998e-4,0,0,0,0,0,0,1,1,1,1.3118314942217602e-5,0,0,0
TUR.81.6_1,2028,2,aegypti,5.974257289486774,81.04944071940344,1.0502204620687174e-4,0,0,0,0,0,0,1,1,1,1.0864290590828496e-5,0,0,0
TUR.81.6_1,2028,3,aegypti,7.814534807906432,77.15713030909804,1.2447768722577757e-4,0,0,0,0,0,0,1,1,1,1.2046155240530432e-5,0,0,0
TUR.81.6_1,2028,4,aegypti,9.097120327108048,79.1202236404906,1.6459884665446215e-4,0,0,0,0,0,0,1,1,1,1.6459749202279994e-5,0,0,0
TUR.81.6_1,2028,5,aegypti,15.797992790446562,77.82775968595931,2.3006566493564805e-4,3.255678852695713e-4,3.255678852695713e-4,3.255678852695713e-4,0,0,0,1,1,1,2.226417133699421e-5,0,0,0
TUR.81.6_1,2028,6,aegypti,19.068519620334403,83.89037230627807,2.5877115124527036e-4,0.014386941499883798,0.014386941499883798,0.014386941499883798,0,0,0,1,1,1,2.5876780314848524e-5,0,0,0
TUR.81.6_1,2028,7,aegypti,21.12739579817828,82.04809695752742,3.0388382972304544e-4,0.039167453582178394,0.039167453582178394,0.039167453582178394,0,0,0,1,1,1,2.9407680139592607e-5,0,0,0
TUR.81.6_1,2028,8,aegypti,23.11370339113123,74.1935788560091,3.608428925257139e-4,0.06606719607276203,0.06606719607276203,0.06606719607276203,7.549516567451064e-15,7.549516567451064e-15,7.549516567451064e-15,0.9999999999999925,0.9999999999999925,0.9999999999999925,3.491967021596043e-5,2.6362662882532076e-19,2.6362662882532076e-19,2.6362662882532076e-19
TUR.81.6_1,2028,9,aegypti,18.236417041105383,74.93612021230778,2.876092103440255e-4,0.007032624446456489,0.007032624446456489,0.007032624446456489,0,0,0,1,1,1,2.876050744304859e-5,0,0,0
TUR.81.6_1,2028,10,aegypti,15.033516883850098,74.65061425550239,2.834268736106017e-4,1.9348630021206678e-5,1.9348630021206678e-5,1.9348630021206678e-5,0,0,0,1,1,1,2.7428030968335015e-5,0,0,0
TUR.81.6_1,2028,11,aegypti,10.37286255640142,82.82196446542295,1.6440164472998332e-4,0,0,0,0,0,0,1,1,1,1.6440029334208184e-5,0,0,0
TUR.81.6_1,2028,12,aegypti,4.911677202757667,83.48388249479277,1.352229340776266e-4,0,0,0,0,0,0,1,1,1,1.3086004772122628e-5,0,0,0
TUR.81.6_1,2029,1,aegypti,0.51829378043904,82.03407036432617,1.279821415562858e-4,0,0,0,0,0,0,1,1,1,1.2385291839334123e-5,0,0,0
TUR.81.6_1,2029,2,aegypti,2.6615820518311337,80.40381083659094,9.573451495575935e-5,0,0,0,0,0,0,1,1,1,1.0257216853881701e-5,0,0,0
TUR.81.6_1,2029,3,aegypti,6.060286188826842,77.21100909327772,1.1752209986705538e-4,0,0,0,0,0,0,1,1,1,1.1373041765239122e-5,0,0,0
TUR.81.6_1,2029,4,aegypti,8.898010295980118,75.14293634801012,1.5540136168694791e-4,0,0,0,0,0,0,1,1,1,1.554001542136696e-5,0,0,0
TUR.81.6_1,2029,5,aegypti,15.861232841716093,82.92502683683821,2.172100129198784e-4,4.06765570677293e-4,4.06765570677293e-4,4.06765570677293e-4,0,0,0,1,1,1,2.102010290550016e-5,0,0,0
TUR.81.6_1,2029,6,aegypti,21.089427976047293,79.14705565588744,2.443114887264856e-4,0.03704949596080941,0.03704949596080941,0.03704949596080941,0,0,0,1,1,1,2.4430850434575824e-5,0,0,0
TUR.81.6_1,2029,7,aegypti,22.140852142782773,72.65455752881648,2.869033525656583e-4,0.04835585685508255,0.04835585685508255,0.04835585685508255,0,0,0,1,1,1,2.7764455131196186e-5,0,0,0
TUR.81.6_1,2029,8,aegypti,24.220659873064825,70.55978216411457,3.4067964626307895e-4,0.08097763696697703,0.08097763696697703,0.08097763696697703,2.439604074311319e-12,2.439604074311319e-12,2.439604074311319e-12,0.9999999999975604,0.9999999999975604,0.9999999999975604,3.296845455402764e-5,8.042997605375338e-17,8.042997605375338e-17,8.042997605375338e-17
TUR.81.6_1,2029,9,aegypti,19.81766627816593,79.04799765371403,2.715381293952568e-4,0.020508987131033517,0.020508987131033517,0.020508987131033517,0,0,0,1,1,1,2.7153444278060768e-5,0,0,0
TUR.81.6_1,2029,10,aegypti,14.380169868469238,80.7068428931977,2.675894940517067e-4,0,0,0,0,0,0,1,1,1,2.589542219666452e-5,0,0,0
TUR.81.6_1,2029,11,aegypti,10.48591301721685,78.27186223153623,1.552151790482832e-4,0,0,0,0,0,0,1,1,1,1.5521397446649488e-5,0,0,0
TUR.81.6_1,2029,12,aegypti,3.972173056181739,84.30119664274198,1.2766692181678113e-4,0,0,0,0,0,0,1,1,1,1.2354787080615104e-5,0,0,0
TUR.81.6_1,2030,1,aegypti,4.07062987720265,78.56641899713867,1.5119593775999427e-4,0,0,0,0,0,0,1,1,1,1.4631757899286058e-5,0,0,0
TUR.81.6_1,2030,2,aegypti,4.965065299588092,74.78556285075109,1.1309913702583542e-4,0,0,0,0,0,0,1,1,1,1.2117691261526176e-5,0,0,0
TUR.81.6_1,2030,3,aegypti,6.897886419997496,80.69971758937147,1.388386213955366e-4,0,0,0,0,0,0,1,1,1,1.3435905356296018e-5,0,0,0
TUR.81.6_1,2030,4,aegypti,10.869403881185196,74.73730432896716,1.835885407426528e-4,0,0,0,0,0,0,1,1,1,1.8358685551556064e-5,0,0,0
TUR.81.6_1,2030,5,aegypti,16.43534191916971,76.78021329924056,2.566082360782976e-4,0.0010262144299066041,0.0010262144299066041,0.0010262144299066041,0,0,0,1,1,1,2.483274676656766e-5,0,0,0
TUR.81.6_1,2030,6,aegypti,19.482460050021903,74.52398589270385,2.8862546128981395e-4,0.01589212299219138,0.01589212299219138,0.01589212299219138,0,0,0,1,1,1,2.8862129609730225e-5,0,0,0
TUR.81.6_1,2030,7,aegypti,23.61794870039996,73.53804141553523,3.3894276896885095e-4,0.07473932286359569,0.07473932286359569,0.07473932286359569,2.511324481702104e-13,2.511324481702104e-13,2.511324481702104e-13,0.9999999999997489,0.9999999999997489,0.9999999999997489,3.2800375181940566e-5,8.237238520342145e-18,8.237238520342145e-18,8.237238520342145e-18
TUR.81.6_1,2030,8,aegypti,24.273762366350958,67.18601812602863,4.024731729452724e-4,0.07683816276768213,0.07683816276768213,0.07683816276768213,5.512257317263902e-13,5.512257317263902e-13,5.512257317263902e-13,0.9999999999994488,0.9999999999994488,0.9999999999994488,3.8948258233584276e-5,2.1469282144275895e-17,2.1469282144275895e-17,2.1469282144275895e-17
TUR.81.6_1,2030,9,aegypti,19.51525805978214,75.33462637685857,3.2079055415285863e-4,0.0165107980012292,0.0165107980012292,0.0165107980012292,0,0,0,1,1,1,3.207854088793649e-5,0,0,0
TUR.81.6_1,2030,10,aegypti,15.28196907043457,83.1311821876313,3.1612570313239226e-4,7.72191350397916e-5,7.72191350397916e-5,7.72191350397916e-5,0,0,0,1,1,1,3.059234202529293e-5,0,0,0
TUR.81.6_1,2030,11,aegypti,9.96853421014898,74.96722813729795,1.8336858772182325e-4,0,0,0,0,0,0,1,1,1,1.833669065298693e-5,0,0,0
TUR.81.6_1,2030,12,aegypti,8.732701620634863,74.13631016813261,1.5082354249034712e-4,0,0,0,0,0,0,1,1,1,1.4595720174037652e-5,0,0,0
TUR.81.6_1,2031,1,aegypti,8.165344518773695,76.88197075495117,1.4463673481771768e-4,0,0,0,0,0,0,1,1,1,1.3997005410493202e-5,0,0,0
TUR.81.6_1,2031,2,aegypti,0.7662644973572568,80.97381816080969,1.0819265472651339e-4,0,0,0,0,0,0,1,1,1,1.1592002961524628e-5,0,0,0
TUR.81.6_1,2031,3,aegypti,6.5651237017968125,75.01600176905897,1.328155052493554e-4,0,0,0,0,0,0,1,1,1,1.2853030810333621e-5,0,0,0
TUR.81.6_1,2031,4,aegypti,9.156615299337052,80.3790127029906,1.7562407744788495e-4,0,0,0,0,0,0,1,1,1,1.75622535265596e-5,0,0,0
TUR.81.6_1,2031,5,aegypti,16.69314869712381,79.98850339933821,2.4547602232947996e-4,0.001584217100258793,0.001584217100258793,0.001584217100258793,0,0,0,1,1,1,2.3755461930896615e-5,0,0,0
TUR.81.6_1,2031,6,aegypti,20.86675646725823,70.64131072180541,2.761042718785399e-4,0.02933032925390199,0.02933032925390199,0.02933032925390199,0,0,0,1,1,1,2.7610046023474055e-5,0,0,0
TUR.81.6_1,2031,7,aegypti,21.77236001631793,73.63641482862117,3.2423870720356114e-4,0.043557709652048957,0.043557709652048957,0.043557709652048957,0,0,0,1,1,1,3.137744712444768e-5,0,0,0
TUR.81.6_1,2031,8,aegypti,25.303776404436896,68.13967336894855,3.850130264672594e-4,0.09432902096031892,0.09432902096031892,0.09432902096031892,1.8103829546589623e-10,1.8103829546589623e-10,1.8103829546589623e-10,0.9999999998189617,0.9999999998189617,0.9999999998189617,3.725863102199689e-5,6.74523905161508e-15,6.74523905161508e-15,6.74523905161508e-15
TUR.81.6_1,2031,9,aegypti,18.87248347787296,75.0325099828156,3.0687397426435635e-4,0.01108818129747944,0.01108818129747944,0.01108818129747944,0,0,0,1,1,1,3.0686926573042506e-5,0,0,0
TUR.81.6_1,2031,10,aegypti,16.89408779144287,77.07890557630317,3.024114944516885e-4,0.001955730004172039,0.001955730004172039,0.001955730004172039,0,0,0,1,1,1,2.9265200261030522e-5,0,0,0
TUR.81.6_1,2031,11,aegypti,7.826132038060356,85.02840062264951,1.7541366645922081e-4,0,0,0,0,0,0,1,1,1,1.754121279706755e-5,0,0,0
TUR.81.6_1,2031,12,aegypti,6.080566248472999,80.71471745573027,1.4428049485081573e-4,0,0,0,0,0,0,1,1,1,1.3962531056899152e-5,0,0,0
TUR.81.6_1,2032,1,aegypti,3.854997676961562,81.78128563532226,1.2757269203973647e-4,0,0,0,0,0,0,1,1,1,1.234566818253402e-5,0,0,0
TUR.81.6_1,2032,2,aegypti,2.041742383557208,83.19729075602453,9.883638555231773e-5,0,0,0,0,0,0,1,1,1,1.0224401408298611e-5,0,0,0
TUR.81.6_1,2032,3,aegypti,1.133142734275145,84.01424700831679,1.171461148554804e-4,0,0,0,0,0,0,1,1,1,1.1336656532079381e-5,0,0,0
TUR.81.6_1,2032,4,aegypti,10.0706224862267,78.6879497757445,1.549041906626152e-4,0,0,0,0,0,0,1,1,1,1.5490299090314963e-5,0,0,0
TUR.81.6_1,2032,5,aegypti,15.548527801738066,79.6366433529515,2.1651509928819325e-4,1.758399121249277e-4,1.758399121249277e-4,1.758399121249277e-4,0,0,0,1,1,1,2.0952854610567506e-5,0,0,0
TUR.81.6_1,2032,6,aegypti,21.32117655697991,69.85712340491088,2.4352987013712544e-4,0.034569456640597684,0.034569456640597684,0.034569456640597684,0,0,0,1,1,1,2.4352690482176698e-5,0,0,0
TUR.81.6_1,2032,7,aegypti,23.374651123495664,71.17324191602351,2.8598547107394455e-4,0.06680761048028351,0.06680761048028351,0.06680761048028351,1.0325074129013956e-14,1.0325074129013956e-14,1.0325074129013956e-14,0.9999999999999897,0.9999999999999897,0.9999999999999897,2.7675630352441694e-5,2.857529349561491e-19,2.857529349561491e-19,2.857529349561491e-19
TUR.81.6_1,2032,8,aegypti,22.966854712542364,73.06426824809894,3.395897198501874e-4,0.06245336827909321,0.06245336827909321,0.06245336827909321,1.5543122344752192e-15,1.5543122344752192e-15,1.5543122344752192e-15,0.9999999999999984,0.9999999999999984,0.9999999999999984,3.2862981276249315e-5,5.107933385900436e-20,5.107933385900436e-20,5.107933385900436e-20
TUR.81.6_1,2032,9,aegypti,18.985997424406165,88.98210257314763,2.706694054119446e-4,0.01480601437672005,0.01480601437672005,0.01480601437672005,0,0,0,1,1,1,2.7066574234901886e-5,0,0,0
TUR.81.6_1,2032,10,aegypti,15.152314186096191,89.5906319556977,2.6673340282178326e-4,4.9228003305702504e-5,4.9228003305702504e-5,4.9228003305702504e-5,0,0,0,1,1,1,2.5812576800232634e-5,0,0,0
TUR.81.6_1,2032,11,aegypti,5.37314389032476,85.54476567391904,1.5471860367261258e-4,0,0,0,0,0,0,1,1,1,1.5471740678618673e-5,0,0,0
TUR.81.6_1,2032,12,aegypti,8.055064520415137,78.09398991666777,1.2725848077351076e-4,0,0,0,0,0,0,1,1,1,1.2315261015638512e-5,0,0,0
TUR.81.6_1,2033,1,aegypti,2.3956373158623188,83.6246541655957,1.4709783348365997e-4,0,0,0,0,0,0,1,1,1,1.4235172887011593e-5,0,0,0
TUR.81.6_1,2033,2,aegypti,2.542660295086749,82.04480204752844,1.1003363100786928e-4,0,0,0,0,0,0,1,1,1,1.1789248114291162e-5,0,0,0
TUR.81.6_1,2033,3,aegypti,6.7222844607689805,80.52648455714491,1.350754571433026e-4,0,0,0,0,0,0,1,1,1,1.3071732997360641e-5,0,0,0
TUR.81.6_1,2033,4,aegypti,10.608138126485489,76.71916162877184,1.7861244816338173e-4,0,0,0,0,0,0,1,1,1,1.786108530521524e-5,0,0,0
TUR.81.6_1,2033,5,aegypti,14.619978988871855,77.50701231047103,2.4965297441455913e-4,0,0,0,0,0,0,1,1,1,2.4159673416290772e-5,0,0,0
TUR.81.6_1,2033,6,aegypti,21.33835986081292,70.22054198401244,2.808023857846484e-4,0.03510607522421597,0.03510607522421597,0.03510607522421597,0,0,0,1,1,1,2.8079844332284942e-5,0,0,0
TUR.81.6_1,2033,7,aegypti,21.400905777426328,84.92497378858211,3.297558633447809e-4,0.04590227408816998,0.04590227408816998,0.04590227408816998,0,0,0,1,1,1,3.1911348565172304e-5,0,0,0
TUR.81.6_1,2033,8,aegypti,22.457728049334357,75.48289312602863,3.915643016118703e-4,0.056072994668022604,0.056072994668022604,0.056072994668022604,1.1102230246251565e-16,1.1102230246251565e-16,1.1102230246251565e-16,0.9999999999999999,0.9999999999999999,0.9999999999999999,3.789260156805696e-5,4.206923872380415e-21,4.206923872380415e-21,4.206923872380415e-21
TUR.81.6_1,2033,9,aegypti,19.865601764005774,70.12297934316716,3.1209565691383157e-4,0.01829590015255595,0.01829590015255595,0.01829590015255595,0,0,0,1,1,1,3.120907867792955e-5,0,0,0
TUR.81.6_1,2033,10,aegypti,16.18439292907715,77.74740075452583,3.0755724477921526e-4,6.998247778018396e-4,6.998247778018396e-4,6.998247778018396e-4,0,0,0,1,1,1,2.97631614017968e-5,0,0,0
TUR.81.6_1,2033,11,aegypti,12.731919982854057,76.83368321542295,1.7839845687954464e-4,0,0,0,0,0,0,1,1,1,1.7839686558884793e-5,0,0,0
TUR.81.6_1,2033,12,aegypti,8.766747793730566,81.02138096891386,1.4673553183603495e-4,0,0,0,0,0,0,1,1,1,1.4200111935758208e-5,0,0,0
TUR.81.6_1,2034,1,aegypti,5.12805871402516,74.63069664606445,1.497344775506244e-4,0,0,0,0,0,0,1,1,1,1.449032832556707e-5,0,0,0
TUR.81.6_1,2034,2,aegypti,4.15935403020943,81.02822337321203,1.1200592056164897e-4,0,0,0,0,0,0,1,1,1,1.2000562338521092e-5,0,0,0
TUR.81.6_1,2034,3,aegypti,4.796331549392027,79.57074267482069,1.3749660702861994e-4,0,0,0,0,0,0,1,1,1,1.330603473481684e-5,0,0,0
TUR.81.6_1,2034,4,aegypti,8.794178051107071,82.60788690953356,1.8181397357393974e-4,0,0,0,0,0,0,1,1,1,1.8181232076752707e-5,0,0,0
TUR.81.6_1,2034,5,aegypti,16.66332634757547,73.75842374845931,2.541278604016684e-4,0.0013698954956896758,0.0013698954956896758,0.0013698954956896758,0,0,0,1,1,1,2.459271634269733e-5,0,0,0
TUR.81.6_1,2034,6,aegypti,20.162706403171317,72.74683287756713,2.8583560705606017e-4,0.02215952903294947,0.02215952903294947,0.02215952903294947,0,0,0,1,1,1,2.8583152199557205e-5,0,0,0
TUR.81.6_1,2034,7,aegypti,21.417879272909726,77.74681979688289,3.356665475475589e-4,0.04114069981219307,0.04114069981219307,0.04114069981219307,0,0,0,1,1,1,3.2483331845245544e-5,0,0,0
TUR.81.6_1,2034,8,aegypti,23.30756249147303,80.98029150249347,3.9858286652360084e-4,0.07872813126725368,0.07872813126725368,0.07872813126725368,1.0981215936567423e-12,1.0981215936567423e-12,1.0981215936567423e-12,0.9999999999989019,0.9999999999989019,0.9999999999989019,3.8571791559305346e-5,4.235651721730007e-17,4.235651721730007e-17,4.235651721730007e-17
TUR.81.6_1,2034,9,aegypti,20.87367557076847,75.42516440176091,3.1768979207299163e-4,0.03171874386191486,0.03171874386191486,0.03171874386191486,0,0,0,1,1,1,3.176847457864174e-5,0,0,0
TUR.81.6_1,2034,10,aegypti,14.827462196350098,83.93862389905708,3.1307003151097307e-4,3.701012866997656e-6,3.701012866997656e-6,3.701012866997656e-6,0,0,0,1,1,1,3.0296640871174674e-5,0,0,0
TUR.81.6_1,2034,11,aegypti,9.710333564702202,78.22177525643858,1.8159614661940953e-4,0,0,0,0,0,0,1,1,1,1.8159449777122028e-5,0,0,0
TUR.81.6_1,2034,12,aegypti,5.772948107298682,82.40387303434355,1.4936568185433094e-4,0,0,0,0,0,0,1,1,1,1.4454638936012287e-5,0,0,0
TUR.81.6_1,2035,1,aegypti,5.435592455022475,83.32937370905273,1.448453991644034e-4,0,0,0,0,0,0,1,1,1,1.4017198451510282e-5,0,0,0
TUR.81.6_1,2035,2,aegypti,6.579292117672809,78.92614970377844,1.0834874197255885e-4,0,0,0,0,0,0,1,1,1,1.1608726400935687e-5,0,0,0
TUR.81.6_1,2035,3,aegypti,6.2665044314721055,79.97748095607069,1.330071153591074e-4,0,0,0,0,0,0,1,1,1,1.2871573485617738e-5,0,0,0
TUR.81.6_1,2035,4,aegypti,10.51362614070668,79.25569116978747,1.758774465759224e-4,0,0,0,0,0,0,1,1,1,1.758758999415022e-5,0,0,0
TUR.81.6_1,2035,5,aegypti,15.178305710063261,74.95159238859603,2.4583016537544234e-4,4.291255089182872e-5,4.291255089182872e-5,4.291255089182872e-5,0,0,0,1,1,1,2.3789733023860116e-5,0,0,0
TUR.81.6_1,2035,6,aegypti,20.86305239621331,72.95394805090697,2.765026016498894e-4,0.030281419298725958,0.030281419298725958,0.030281419298725958,0,0,0,1,1,1,2.7649877900048914e-5,0,0,0
TUR.81.6_1,2035,7,aegypti,23.023061920614804,75.57975131543758,3.247064795028607e-4,0.06659061867357831,0.06659061867357831,0.06659061867357831,9.43689570931383e-15,9.43689570931383e-15,9.43689570931383e-15,0.9999999999999906,0.9999999999999906,0.9999999999999906,3.142271399003693e-5,2.965328748275752e-19,2.965328748275752e-19,2.965328748275752e-19
TUR.81.6_1,2035,8,aegypti,23.221394202288458,68.64854254009113,3.855684765867228e-4,0.06209410445458906,0.06209410445458906,0.06209410445458906,1.3322676295501878e-15,1.3322676295501878e-15,1.3322676295501878e-15,0.9999999999999987,0.9999999999999987,0.9999999999999987,3.731238225512801e-5,4.971007905990988e-20,4.971007905990988e-20,4.971007905990988e-20
TUR.81.6_1,2035,9,aegypti,21.501981005949133,75.711198032132,3.0731669483209754e-4,0.040979705732852194,0.040979705732852194,0.040979705732852194,0,0,0,1,1,1,3.0731197270261745e-5,0,0,0
TUR.81.6_1,2035,10,aegypti,15.967299461364746,64.752874845102,3.0284777709454233e-4,3.706471200083629e-4,3.706471200083629e-4,3.706471200083629e-4,0,0,0,1,1,1,2.930741992546171e-5,0,0,0
TUR.81.6_1,2035,11,aegypti,9.672895172063042,76.92522069100889,1.7566673203179192e-4,0,0,0,0,0,0,1,1,1,1.7566518910050455e-5,0,0,0
TUR.81.6_1,2035,12,aegypti,8.99779160934336,79.85176426969511,1.444886452576642e-4,0,0,0,0,0,0,1,1,1,1.3982674363255398e-5,0,0,0
TUR.81.6_1,2036,1,aegypti,6.585394662969252,85.35133110651367,1.600541746635326e-4,0,0,0,0,0,0,1,1,1,1.5488993721390898e-5,0,0,0
TUR.81.6_1,2036,2,aegypti,6.214978992062457,82.76127085856359,1.2400127224230356e-4,0,0,0,0,0,0,1,1,1,1.2827635543333216e-5,0,0,0
TUR.81.6_1,2036,3,aegypti,5.4863296992638535,81.47029406642226,1.4697287035687177e-4,0,0,0,0,0,0,1,1,1,1.4223079853326048e-5,0,0,0
TUR.81.6_1,2036,4,aegypti,13.012435955159805,76.52270471959216,1.9434458889293335e-4,0,0,0,0,0,0,1,1,1,1.9434270041474022e-5,0,0,0
TUR.81.6_1,2036,5,aegypti,15.696760261760039,79.7336663632054,2.7164234731340845e-4,2.6266221532647213e-4,2.6266221532647213e-4,2.6266221532647213e-4,0,0,0,1,1,1,2.6287623569265506e-5,0,0,0
TUR.81.6_1,2036,6,aegypti,21.31718066159417,82.07844451086791,3.055353912150259e-4,0.04235368424855029,0.04235368424855029,0.04235368424855029,0,0,0,1,1,1,3.0553072366878986e-5,0,0,0
TUR.81.6_1,2036,7,aegypti,24.03047769209918,70.17556125196101,3.588006791002287e-4,0.0770841805850771,0.0770841805850771,0.0770841805850771,6.035172361862351e-13,6.035172361862351e-13,6.035172361862351e-13,0.9999999999993965,0.9999999999993965,0.9999999999993965,3.4722043540380554e-5,2.095535175222859e-17,2.095535175222859e-17,2.095535175222859e-17
TUR.81.6_1,2036,8,aegypti,23.980805060442755,66.7006246018587,4.2605318948597684e-4,0.07160362473112618,0.07160362473112618,0.07160362473112618,7.427392034742297e-14,7.427392034742297e-14,7.427392034742297e-14,0.9999999999999257,0.9999999999999257,0.9999999999999257,4.12301038371643e-5,3.0623214483175195e-18,3.0623214483175195e-18,3.0623214483175195e-18
TUR.81.6_1,2036,9,aegypti,19.97257350472843,70.32867926382146,3.395849660081172e-4,0.019432297632416676,0.019432297632416676,0.019432297632416676,0,0,0,1,1,1,3.3957920017591015e-5,0,0,0
TUR.81.6_1,2036,10,aegypti,16.642136573791504,83.48265313489692,3.346468116431879e-4,0.0015575147954969136,0.0015575147954969136,0.0015575147954969136,0,0,0,1,1,1,3.238465092614273e-5,0,0,0
TUR.81.6_1,2036,11,aegypti,12.28250668329351,86.44903966073545,1.941117493091774e-4,0,0,0,0,0,0,1,1,1,1.941098653523987e-5,0,0,0
TUR.81.6_1,2036,12,aegypti,8.150489172514746,80.45720250211698,1.5965996157543637e-4,0,0,0,0,0,0,1,1,1,1.545084465792712e-5,0,0,0
TUR.81.6_1,2037,1,aegypti,2.9237506810356586,85.70323692926758,1.5965245747947865e-4,0,0,0,0,0,0,1,1,1,1.5450118466264762e-5,0,0,0
TUR.81.6_1,2037,2,aegypti,9.757138072567829,74.51740489176672,1.1942486969223716e-4,0,0,0,0,0,0,1,1,1,1.2795439890411764e-5,0,0,0
TUR.81.6_1,2037,3,aegypti,8.20278515885858,74.90493304347304,1.466039857105562e-4,0,0,0,0,0,0,1,1,1,1.4187381846220148e-5,0,0,0
TUR.81.6_1,2037,4,aegypti,10.387953800313614,83.26135980992419,1.9385680679571336e-4,0,0,0,0,0,0,1,1,1,1.9385492778467572e-5,0,0,0
TUR.81.6_1,2037,5,aegypti,16.73299416373758,79.41580289884993,2.7096055691923755e-4,0.0016458204792413407,0.0016458204792413407,0.0016458204792413407,0,0,0,1,1,1,2.6221645585966513e-5,0,0,0
TUR.81.6_1,2037,6,aegypti,19.814256696140067,81.65164855139525,3.047685332605505e-4,0.021282842759475503,0.021282842759475503,0.021282842759475503,0,0,0,1,1,1,3.0476388911515606e-5,0,0,0
TUR.81.6_1,2037,7,aegypti,24.56407373091754,70.11839419873836,3.5790013152783455e-4,0.08611628776857204,0.08611628776857204,0.08611628776857204,1.3900658402121735e-11,1.3900658402121735e-11,1.3900658402121735e-11,0.9999999999860993,0.9999999999860993,0.9999999999860993,3.463489679755849e-5,4.814478691756006e-16,4.814478691756006e-16,4.814478691756006e-16
TUR.81.6_1,2037,8,aegypti,23.738941809710333,74.97291387798175,4.2498384600963635e-4,0.07867031261432424,0.07867031261432424,0.07867031261432424,1.0754730439543891e-12,1.0754730439543891e-12,1.0754730439543891e-12,0.9999999999989245,0.9999999999989245,0.9999999999989245,4.112662324595728e-5,4.423057468989502e-17,4.423057468989502e-17,4.423057468989502e-17
TUR.81.6_1,2037,9,aegypti,20.505101428312415,75.31579703115544,3.387326476191803e-4,0.027029022291111548,0.027029022291111548,0.027029022291111548,0,0,0,1,1,1,3.387269106935875e-5,0,0,0
TUR.81.6_1,2037,10,aegypti,16.229007720947266,79.54579400403755,3.3380688744184453e-4,7.852933353910689e-4,7.852933353910689e-4,7.852933353910689e-4,0,0,0,1,1,1,3.2303370567920986e-5,0,0,0
TUR.81.6_1,2037,11,aegypti,9.22282479089849,81.72552128915342,1.9362455161197145e-4,0,0,0,0,0,0,1,1,1,1.9362267710043568e-5,0,0,0
TUR.81.6_1,2037,12,aegypti,6.278075060423682,81.69855839811308,1.592592338199431e-4,0,0,0,0,0,0,1,1,1,1.541206515098814e-5,0,0,0
TUR.81.6_1,2038,1,aegypti,4.312656683080336,78.77145897516601,1.474705501450034e-4,0,0,0,0,0,0,1,1,1,1.4271241727259465e-5,0,0,0
TUR.81.6_1,2038,2,aegypti,4.631099521237262,75.44777903727453,1.1031243434992735e-4,0,0,0,0,0,0,1,1,1,1.1819119548284185e-5,0,0,0
TUR.81.6_1,2038,3,aegypti,4.968700552687926,81.16327197169569,1.354177114935101e-4,0,0,0,0,0,0,1,1,1,1.3104853952561335e-5,0,0,0
TUR.81.6_1,2038,4,aegypti,13.926497501485489,76.17945825963122,1.7906501659200664e-4,0,0,0,0,0,0,1,1,1,1.7906341338802534e-5,0,0,0
TUR.81.6_1,2038,5,aegypti,16.05941304038553,76.32317441984603,2.5028554541111687e-4,5.376779934155661e-4,5.376779934155661e-4,5.376779934155661e-4,0,0,0,1,1,1,2.4220888483528213e-5,0,0,0
TUR.81.6_1,2038,6,aegypti,18.349315671359793,85.81804564612182,2.815138831959175e-4,0.0090404051599369609,0.0090404051599369609,0.0090404051599369609,0,0,0,1,1,1,2.8150992072983883e-5,0,0,0
TUR.81.6_1,2038,7,aegypti,21.088052917929257,83.78215915235164,3.3059139913435413e-4,0.039751272383294324,0.039751272383294324,0.039751272383294324,0,0,0,1,1,1,3.199220428373728e-5,0,0,0
TUR.81.6_1,2038,8,aegypti,24.156843802508185,75.5541745591341,3.9255644769411866e-4,0.08774685155573474,0.08774685155573474,0.08774685155573474,2.3605561949580078e-11,2.3605561949580078e-11,2.3605561949580078e-11,0.9999999999763944,0.9999999999763944,0.9999999999763944,3.7988612062167526e-5,8.967425354120605e-16,8.967425354120605e-16,8.967425354120605e-16
TUR.81.6_1,2038,9,aegypti,18.965577349943274,77.750992954007,3.128864452518367e-4,0.012260469953183525,0.012260469953183525,0.012260469953183525,0,0,0,1,1,1,3.1288155040609666e-5,0,0,0
TUR.81.6_1,2038,10,aegypti,16.688790321350098,78.05711602552192,3.083365336832821e-4,0.001528195225479181,0.001528195225479181,0.001528195225479181,0,0,0,1,1,1,2.9838574209573032e-5,0,0,0
TUR.81.6_1,2038,11,aegypti,7.844034412327934,80.04025670175108,1.7885048309680598e-4,0,0,0,0,0,0,1,1,1,1.7884888373176366e-5,0,0,0
TUR.81.6_1,2038,12,aegypti,6.036004385527442,76.97317845426542,1.4710733049704276e-4,0,0,0,0,0,0,1,1,1,1.4236091939734408e-5,0,0,0
TUR.81.6_1,2039,1,aegypti,7.6240852299858535,81.89490257868164,1.6297251210575846e-4,0,0,0,0,0,0,1,1,1,1.577140905961727e-5,0,0,0
TUR.81.6_1,2039,2,aegypti,5.774123012143024,78.5734809415714,1.2190837102616145e-4,0,0,0,0,0,0,1,1,1,1.3061525878876878e-5,0,0,0
TUR.81.6_1,2039,3,aegypti,8.864461565718932,75.55453784083632,1.496526906830553e-4,0,0,0,0,0,0,1,1,1,1.4482413582039833e-5,0,0,0
TUR.81.6_1,2039,4,aegypti,11.444177669637345,79.65212213902575,1.978881583852789e-4,0,0,0,0,0,0,1,1,1,1.9788620041150118e-5,0,0,0
TUR.81.6_1,2039,5,aegypti,16.826332176432892,76.43643278166243,2.7659532048468217e-4,0.001789852646911604,0.001789852646911604,0.001789852646911604,0,0,0,1,1,1,2.6766930838473257e-5,0,0,0
TUR.81.6_1,2039,6,aegypti,24.11420634213616,58.70803740637572,3.111063510102476e-4,0.06334083043822236,0.06334083043822236,0.06334083043822236,2.220446049250313e-15,2.220446049250313e-15,2.220446049250313e-15,0.9999999999999978,0.9999999999999978,0.9999999999999978,3.111015117018834e-5,6.90784122574247e-20,6.90784122574247e-20,6.90784122574247e-20
TUR.81.6_1,2039,7,aegypti,21.949501205893124,81.11468631299617,3.653428480771734e-4,0.05239640534143081,0.05239640534143081,0.05239640534143081,0,0,0,1,1,1,3.5355134483827655e-5,0,0,0
TUR.81.6_1,2039,8,aegypti,22.738299033221075,75.5467282700716,4.3382160276148485e-4,0.06122383803081223,0.06122383803081223,0.06122383803081223,8.881784197001252e-16,8.881784197001252e-16,8.881784197001252e-16,0.9999999999999991,0.9999999999999991,0.9999999999999991,4.198185448844871e-5,3.7287377175630986e-20,3.7287377175630986e-20,3.7287377175630986e-20
TUR.81.6_1,2039,9,aegypti,20.5779125550214,79.30378836416325,3.457767665231729e-4,0.02989011456162749,0.02989011456162749,0.02989011456162749,0,0,0,1,1,1,3.4577078851349974e-5,0,0,0
TUR.81.6_1,2039,10,aegypti,13.80925464630127,84.83933495862739,3.4074857264000576e-4,0,0,0,0,0,0,1,1,1,3.297512462863139e-5,0,0,0
TUR.81.6_1,2039,11,aegypti,11.861833312932182,74.25777073983701,1.976510733360314e-4,0,0,0,0,0,0,1,1,1,1.9764912005171276e-5,0,0,0
TUR.81.6_1,2039,12,aegypti,9.232101759489844,75.32355839811308,1.6257111115881612e-4,0,0,0,0,0,0,1,1,1,1.573256441855797e-5,0,0,0
TUR.81.6_1,2040,1,aegypti,4.691452306859633,83.31208550104492,1.3800345313598917e-4,0,0,0,0,0,0,1,1,1,1.335508370425842e-5,0,0,0
TUR.81.6_1,2040,2,aegypti,4.4270222774323305,78.46446452311437,1.0691757211999029e-4,0,0,0,0,0,0,1,1,1,1.1060377328786508e-5,0,0,0
TUR.81.6_1,2040,3,aegypti,5.380852366195006,79.20698840235976,1.2672436485455614e-4,0,0,0,0,0,0,1,1,1,1.2263573013537865e-5,0,0,0
TUR.81.6_1,2040,4,aegypti,10.072545093648575,79.73204767613512,1.6756966459575788e-4,0,0,0,0,0,0,1,1,1,1.6756826062391816e-5,0,0,0
TUR.81.6_1,2040,5,aegypti,15.71406468223123,78.61084074064681,2.342180828836411e-4,2.67435073417349e-4,2.67435073417349e-4,2.67435073417349e-4,0,0,0,1,1,1,2.266600920763917e-5,0,0,0
TUR.81.6_1,2040,6,aegypti,22.134546307956473,70.03014281409057,2.634416698693956e-4,0.04622729161626313,0.04622729161626313,0.04622729161626313,0,0,0,1,1,1,2.6343819982455052e-5,0,0,0
TUR.81.6_1,2040,7,aegypti,24.98078935286578,67.29060489209773,3.093685797790775e-4,0.08791935396899497,0.08791935396899497,0.08791935396899497,2.4950597143913456e-11,2.4950597143913456e-11,2.4950597143913456e-11,0.9999999999750494,0.9999999999750494,0.9999999999750494,2.9938446653110518e-5,7.469821215563046e-16,7.469821215563046e-16,7.469821215563046e-16
TUR.81.6_1,2040,8,aegypti,24.148956915911505,63.57190908672199,3.67355687486877e-4,0.06996853637858916,0.06996853637858916,0.06996853637858916,3.852473895449293e-14,3.852473895449293e-14,3.852473895449293e-14,0.9999999999999615,0.9999999999999615,0.9999999999999615,3.5549918488642085e-5,1.3695513296284382e-18,1.3695513296284382e-18,1.3695513296284382e-18
TUR.81.6_1,2040,9,aegypti,20.530438647550696,78.23355215810857,2.928002224290956e-4,0.02860438541631068,0.02860438541631068,0.02860438541631068,0,0,0,1,1,1,2.9279593587228092e-5,0,0,0
TUR.81.6_1,2040,10,aegypti,13.823752403259277,84.30737542493598,2.885423993769233e-4,0,0,0,0,0,0,1,1,1,2.7923068148139052e-5,0,0,0
TUR.81.6_1,2040,11,aegypti,7.361363151494194,87.47308751229795,1.673689034056632e-4,0,0,0,0,0,0,1,1,1,1.6736750279577883e-5,0,0,0
TUR.81.6_1,2040,12,aegypti,5.059526285704444,80.40201909147245,1.3766355092760844e-4,0,0,0,0,0,0,1,1,1,1.3322190380860022e-5,0,0,0
TUR.81.6_1,2041,1,aegypti,6.696902078740736,77.5570501006543,1.651155507857121e-4,0,0,0,0,0,0,1,1,1,1.597879660730772e-5,0,0,0
TUR.81.6_1,2041,2,aegypti,5.1629326930817445,75.86084208659094,1.235114288126774e-4,0,0,0,0,0,0,1,1,1,1.3233279812174814e-5,0,0,0
TUR.81.6_1,2041,3,aegypti,8.5524918086388535,76.91537768458632,1.5162057778591104e-4,0,0,0,0,0,0,1,1,1,1.4672851493258143e-5,0,0,0
TUR.81.6_1,2041,4,aegypti,12.379793209188126,74.79961359410387,2.004903271329094e-4,0,0,0,0,0,0,1,1,1,2.0048831732788486e-5,0,0,0
TUR.81.6_1,2041,5,aegypti,16.820976341471955,79.161362591232745,2.802324643369423e-4,0.001850644821190707,0.001850644821190707,0.001850644821190707,0,0,0,1,1,1,2.7118903018208407e-5,0,0,0
TUR.81.6_1,2041,6,aegypti,20.22398760739495,78.28438475744994,3.1519730435679435e-4,0.025005410950803802,0.025005410950803802,0.025005410950803802,0,0,0,1,1,1,3.151923369415499e-5,0,0,0
TUR.81.6_1,2041,7,aegypti,20.969988037558164,78.9282925752032,3.7014699476889114e-4,0.0351281477865259,0.0351281477865259,0.0351281477865259,0,0,0,1,1,1,3.582003536028999e-5,0,0,0
TUR.81.6_1,2041,8,aegypti,21.283239981707403,79.49108709575519,4.3952622412925284e-4,0.04005962877332756,0.04005962877332756,0.04005962877332756,0,0,0,1,1,1,4.2533891291829384e-5,0,0,0
TUR.81.6_1,2041,9,aegypti,21.342200503629797,69.4517986180695,3.5032362522783336e-4,0.03481765031704757,0.03481765031704757,0.03481765031704757,0,0,0,1,1,1,3.50317488967411e-5,0,0,0
TUR.81.6_1,2041,10,aegypti,14.758193969726563,84.40573357923286,3.4522931213325626e-4,1.0885629984817227e-6,1.0885629984817227e-6,1.0885629984817227e-6,0,0,0,1,1,1,3.340873018686796e-5,0,0,0
TUR.81.6_1,2041,11,aegypti,11.192855575505424,82.22407933358701,2.0025012448779002e-4,0,0,0,0,0,0,1,1,1,2.0024811949514998e-5,0,0,0
TUR.81.6_1,2041,12,aegypti,9.039849600371191,83.04585606657011,1.6470887153910836e-4,0,0,0,0,0,0,1,1,1,1.5939441179169123e-5,0,0,0
TUR.81.6_1,2042,1,aegypti,8.029641431920668,74.71745812067383,1.5747257149968777e-4,0,0,0,0,0,0,1,1,1,1.5239164995572985e-5,0,0,0
TUR.81.6_1,2042,2,aegypti,7.009969531613239,77.65013346842687,1.1779424901034804e-4,0,0,0,0,0,0,1,1,1,1.2620732751877917e-5,0,0,0
TUR.81.6_1,2042,3,aegypti,6.946451807723326,72.67427355860976,1.4460226285531618e-4,0,0,0,0,0,0,1,1,1,1.3993669460754532e-5,0,0,0
TUR.81.6_1,2042,4,aegypti,11.734721225850723,76.002036689807,1.9120989648883425e-4,0,0,0,0,0,0,1,1,1,1.912080684396411e-5,0,0,0
TUR.81.6_1,2042,5,aegypti,16.230392540202423,68.28461545988509,2.6726087619756433e-4,6.417141344023406e-4,6.417141344023406e-4,6.417141344023406e-4,0,0,0,1,1,1,2.5863621291866146e-5,0,0,0
TUR.81.6_1,2042,6,aegypti,19.55845454159905,73.64820006506713,3.006072402668519e-4,0.01635348384960209,0.01635348384960209,0.01635348384960209,0,0,0,1,1,1,3.0060272207643735e-5,0,0,0
TUR.81.6_1,2042,7,aegypti,23.398637939901914,81.84171420606258,3.5301338257827245e-4,0.08227725732017291,0.08227725732017291,0.08227725732017291,3.82893716732724e-12,3.82893716732724e-12,3.82893716732724e-12,0.9999999999961711,0.9999999999961711,0.9999999999961711,3.416200187633667e-5,1.3080415869460837e-16,1.3080415869460837e-16,1.3080415869460837e-16
TUR.81.6_1,2042,8,aegypti,23.22701706605799,74.95327581645832,4.1918113966749873e-4,0.06906022214944908,0.06906022214944908,0.06906022214944908,2.653433028854124e-14,2.653433028854124e-14,2.653433028854124e-14,0.9999999999999735,0.9999999999999735,0.9999999999999735,4.056509395633512e-5,1.0763676012231042e-18,1.0763676012231042e-18,1.0763676012231042e-18
TUR.81.6_1,2042,9,aegypti,20.224835620206946,79.9239665868195,3.3410761045345167e-4,0.025576426823360213,0.025576426823360213,0.025576426823360213,0,0,0,1,1,1,3.3410202912032005e-5,0,0,0
TUR.81.6_1,2042,10,aegypti,13.091562271118164,77.12988519056098,3.292491063379386e-4,0,0,0,0,0,0,1,1,1,3.186230912821664e-5,0,0,0
TUR.81.6_1,2042,11,aegypti,9.899169662419487,83.21500035409483,1.909808125047517e-4,0,0,0,0,0,0,1,1,1,1.9097898883324582e-5,0,0,0
TUR.81.6_1,2042,12,aegypti,7.763750395354102,78.28023869596464,1.5708471689463387e-4,0,0,0,0,0,0,1,1,1,1.520163125023899e-5,0,0,0
TUR.81.6_1,2043,1,aegypti,2.744568628423354,89.75706993708008,1.4284533652987908e-4,0,0,0,0,0,0,1,1,1,1.3823646697330716e-5,0,0,0
TUR.81.6_1,2043,2,aegypti,5.487305461483844,77.69198069743078,1.0685263459485008e-4,0,0,0,0,0,0,1,1,1,1.1448431029958961e-5,0,0,0
TUR.81.6_1,2043,3,aegypti,6.456929827437682,73.20999438380507,1.311705188010512e-4,0,0,0,0,0,0,1,1,1,1.2693840606869955e-5,0,0,0
TUR.81.6_1,2043,4,aegypti,10.110468906514786,71.16586267857653,1.7344888542602502e-4,0,0,0,0,0,0,1,1,1,1.734473812087245e-5,0,0,0
TUR.81.6_1,2043,5,aegypti,15.181269729838652,84.13618558927962,2.4243567904006142e-4,5.106843869561816e-5,5.106843869561816e-5,5.106843869561816e-5,0,0,0,1,1,1,2.3461242107170044e-5,0,0,0
TUR.81.6_1,2043,6,aegypti,19.240865735446707,76.09502318518432,2.726845824024778e-4,0.01427874734777465,0.01427874734777465,0.01427874734777465,0,0,0,1,1,1,2.7268086459253382e-5,0,0,0
TUR.81.6_1,2043,7,aegypti,22.838100601645078,74.00878268750789,3.202228486758678e-4,0.06143156024749974,0.06143156024749974,0.06143156024749974,8.881784197001252e-16,8.881784197001252e-16,8.881784197001252e-16,0.9999999999999991,0.9999999999999991,0.9999999999999991,3.0988827772748806e-5,2.7523608079559386e-20,2.7523608079559386e-20,2.7523608079559386e-20
TUR.81.6_1,2043,8,aegypti,22.866905829485724,71.30925573589191,3.802444476046473e-4,0.058852888368014625,0.058852888368014625,0.058852888368014625,2.220446049250313e-16,2.220446049250313e-16,2.220446049250313e-16,0.9999999999999998,0.9999999999999998,0.9999999999999998,3.679717273563643e-5,8.170613682442525e-21,8.170613682442525e-21,8.170613682442525e-21
TUR.81.6_1,2043,9,aegypti,19.63219951180851,77.24736899160466,3.0307318663753247e-4,0.018123607090272612,0.018123607090272612,0.018123607090272612,0,0,0,1,1,1,3.0306859401640907e-5,0,0,0
TUR.81.6_1,2043,10,aegypti,15.202729225158691,82.45291375501411,2.986659768688545e-4,5.462378507442884e-5,5.462378507442884e-5,5.462378507442884e-5,0,0,0,1,1,1,2.890274135958215e-5,0,0,0
TUR.81.6_1,2043,11,aegypti,11.618657806340385,82.19593449716123,1.732410804826737e-4,0,0,0,0,0,0,1,1,1,1.732395798681452e-5,0,0,0
TUR.81.6_1,2043,12,aegypti,6.683136305388282,83.24172551237089,1.4249350877310879e-4,0,0,0,0,0,0,1,1,1,1.3789599319968815e-5,0,0,0
TUR.81.6_1,2044,1,aegypti,7.810738367192885,79.36591850885742,1.5152011634758547e-4,0,0,0,0,0,0,1,1,1,1.4663129561109933e-5,0,0,0
TUR.81.6_1,2044,2,aegypti,2.4204331031617,79.51144633463781,1.1738954786340445e-4,0,0,0,0,0,0,1,1,1,1.2143672595721355e-5,0,0,0
TUR.81.6_1,2044,3,aegypti,7.048222208724303,78.40572650050429,1.3913630471199288e-4,0,0,0,0,0,0,1,1,1,1.3464713031763331e-5,0,0,0
TUR.81.6_1,2044,4,aegypti,10.223530811422012,77.42202722935778,1.8398217217692025e-4,0,0,0,0,0,0,1,1,1,1.8398047971546205e-5,0,0,0
TUR.81.6_1,2044,5,aegypti,14.905170524821562,83.41348356291243,2.571584287406704e-4,8.630965475873083e-6,8.630965475873083e-6,8.630965475873083e-6,0,0,0,1,1,1,2.4885989894141147e-5,0,0,0
TUR.81.6_1,2044,6,aegypti,18.397316007053153,79.98395445959838,2.892443019529296e-4,0.008622185112702208,0.008622185112702208,0.008622185112702208,0,0,0,1,1,1,2.8924011888031842e-5,0,0,0
TUR.81.6_1,2044,7,aegypti,22.28343598982867,74.77953464063289,3.3966949476417615e-4,0.052542615140037725,0.052542615140037725,0.052542615140037725,0,0,0,1,1,1,3.2870701175413686e-5,0,0,0
TUR.81.6_1,2044,8,aegypti,24.757992407854864,65.49661459209308,4.0333611401817247e-4,0.0815442674150642,0.0815442674150642,0.0815442674150642,2.972067036921544e-12,2.972067036921544e-12,2.972067036921544e-12,0.9999999999970279,0.9999999999970279,0.9999999999970279,3.90317654038741e-5,1.1600502334970892e-16,1.1600502334970892e-16,1.1600502334970892e-16
TUR.81.6_1,2044,9,aegypti,20.621876941007727,70.82155340932927,3.2147835985913987e-4,0.026472774928898584,0.026472774928898584,0.026472774928898584,0,0,0,1,1,1,3.214731924972014e-5,0,0,0
TUR.81.6_1,2044,10,aegypti,18.231196403503418,75.26976250989692,3.1680350695080837e-4,0.0070973206905137415,0.0070973206905137415,0.0070973206905137415,0,0,0,1,1,1,3.065793393441929e-5,0,0,0
TUR.81.6_1,2044,11,aegypti,8.942708709660698,77.63360234384092,1.8376174755572439e-4,0,0,0,0,0,0,1,1,1,1.837600591469979e-5,0,0,0
TUR.81.6_1,2044,12,aegypti,5.797086557921241,81.46071202360136,1.5114692262677403e-4,0,0,0,0,0,0,1,1,1,1.4627014568668883e-5,0,0,0
TUR.81.6_1,2045,1,aegypti,5.616821569554945,79.00679527887695,1.5755472340803838e-4,0,0,0,0,0,0,1,1,1,1.5247115059069394e-5,0,0,0
TUR.81.6_1,2045,2,aegypti,3.194875537472613,81.2707465665714,1.178557011239242e-4,0,0,0,0,0,0,1,1,1,1.2627316823721202e-5,0,0,0
TUR.81.6_1,2045,3,aegypti,8.539802218184752,74.58452136134413,1.4467770044887453e-4,0,0,0,0,0,0,1,1,1,1.4000969770888716e-5,0,0,0
TUR.81.6_1,2045,4,aegypti,11.601844829671524,81.70132410435778,1.9130964883136913e-4,0,0,0,0,0,0,1,1,1,1.913078188742201e-5,0,0,0
TUR.81.6_1,2045,5,aegypti,17.775987709269806,72.67402738615462,2.6740030359624075e-4,0.0045910316480035065,0.0045910316480035065,0.0045910316480035065,0,0,0,1,1,1,2.587711391688341e-5,0,0,0
TUR.81.6_1,2045,6,aegypti,19.913675336276786,79.6345205606726,3.007640641392047e-4,0.021703112581089024,0.021703112581089024,0.021703112581089024,0,0,0,1,1,1,3.0075954123298665e-5,0,0,0
TUR.81.6_1,2045,7,aegypti,23.081901718588437,71.9183056977618,3.5319754622515986e-4,0.06303542076138666,0.06303542076138666,0.06303542076138666,1.9984014443252818e-15,1.9984014443252818e-15,1.9984014443252818e-15,0.999999999999998,0.999999999999998,0.999999999999998,3.417982355569116e-5,6.83050087604765e-20,6.83050087604765e-20,6.83050087604765e-20
TUR.81.6_1,2045,8,aegypti,24.268858573015997,68.12574972392902,4.1939982238945036e-4,0.07867259328603564,0.07867259328603564,0.07867259328603564,1.0763612223740893e-12,1.0763612223740893e-12,1.0763612223740893e-12,0.9999999999989236,0.9999999999989236,0.9999999999989236,4.058625594172138e-5,4.368547205701887e-17,4.368547205701887e-17,4.368547205701887e-17
TUR.81.6_1,2045,9,aegypti,20.899298892301672,73.91582602285466,3.342819111429738e-4,0.03132295068630076,0.03132295068630076,0.03132295068630076,0,0,0,1,1,1,3.342763239855273e-5,0,0,0
TUR.81.6_1,2045,10,aegypti,15.880757331848145,76.45614098890083,3.294208723931367e-4,3.744402471332798e-4,3.744402471332798e-4,3.744402471332798e-4,0,0,0,1,1,1,3.18789311198886e-5,0,0,0
TUR.81.6_1,2045,11,aegypti,11.761374214116264,73.13802739266904,1.9108044533640105e-4,0,0,0,0,0,0,1,1,1,1.91078619761198e-5,0,0,0
TUR.81.6_1,2045,12,aegypti,9.722508749541113,78.94950444303495,1.5716666646301087e-4,0,0,0,0,0,0,1,1,1,1.520956173306498e-5,0,0,0
TUR.81.6_1,2046,1,aegypti,5.433524412267348,77.1148885405957,1.5987956489424185e-4,0,0,0,0,0,0,1,1,1,1.5472096263402513e-5,0,0,0
TUR.81.6_1,2046,2,aegypti,5.740253745633014,80.49990306071203,1.1959475291133965e-4,0,0,0,0,0,0,1,1,1,1.2813641430797773e-5,0,0,0
TUR.81.6_1,2046,3,aegypti,4.769057894454283,78.00400836085585,1.468125315276037e-4,0,0,0,0,0,0,1,1,1,1.4207563412971247e-5,0,0,0
TUR.81.6_1,2046,4,aegypti,14.51728062068715,82.29875910191637,1.9413257028172973e-4,0,0,0,0,0,0,1,1,1,1.9413068592100124e-5,0,0,0
TUR.81.6_1,2046,5,aegypti,16.982507789836212,80.22265714689681,2.7134600135621175e-4,0.0022852984468072655,0.0022852984468072655,0.0022852984468072655,0,0,0,1,1,1,2.625894568164533e-5,0,0,0
TUR.81.6_1,2046,6,aegypti,21.063188580905692,79.08505156653197,3.05202069923767e-4,0.036442349845560905,0.036442349845560905,0.036442349845560905,0,0,0,1,1,1,3.051974125556356e-5,0,0,0
TUR.81.6_1,2046,7,aegypti,22.27952973982867,71.17882663282039,3.5840924848662073e-4,0.04949761779647328,0.04949761779647328,0.04949761779647328,0,0,0,1,1,1,3.4684164473053336e-5,0,0,0
TUR.81.6_1,2046,8,aegypti,25.871098181780646,70.42110265972003,4.255883903060858e-4,0.10778598308502096,0.10778598308502096,0.10778598308502096,7.554459613423603e-9,7.554459613423603e-9,7.554459613423603e-9,0.9999999924455404,0.9999999924455404,0.9999999924455404,4.118512512485406e-5,3.111313644295077e-13,3.111313644295077e-13,3.111313644295077e-13
TUR.81.6_1,2046,9,aegypti,22.18743632821476,71.07455557607732,3.3921449861672333e-4,0.04792395236160366,0.04792395236160366,0.04792395236160366,0,0,0,1,1,1,3.392087453579773e-5,0,0,0
TUR.81.6_1,2046,10,aegypti,13.373441696166992,88.12639092786567,3.34281731490185e-4,0,0,0,0,0,0,1,1,1,3.2349321732350056e-5,0,0,0
TUR.81.6_1,2046,11,aegypti,10.761336067143608,83.07694646005186,1.938999847123791e-4,0,0,0,0,0,0,1,1,1,1.938981048643651e-5,0,0,0
TUR.81.6_1,2046,12,aegypti,6.4420107217396,80.64873082242948,1.5948578186963195e-4,0,0,0,0,0,0,1,1,1,1.5433988817648014e-5,0,0,0
TUR.81.6_1,2047,1,aegypti,7.197446149938246,80.36951958307617,1.5880227962338121e-4,0,0,0,0,0,0,1,1,1,1.536784445765882e-5,0,0,0
TUR.81.6_1,2047,2,aegypti,5.110591231900104,84.74677500895422,1.1878891092728854e-4,0,0,0,0,0,0,1,1,1,1.2727302320825196e-5,0,0,0
TUR.81.6_1,2047,3,aegypti,9.380625391707701,73.48723895167616,1.4582329329758306e-4,0,0,0,0,0,0,1,1,1,1.4111832036589611e-5,0,0,0
TUR.81.6_1,2047,4,aegypti,9.999133152120255,79.01589929967028,1.9282448466930536e-4,0,0,0,0,0,0,1,1,1,1.9282262561759467e-5,0,0,0
TUR.81.6_1,2047,5,aegypti,15.774686897502226,75.34930509611556,2.6951764354975075e-4,2.9448245509514277e-4,2.9448245509514277e-4,2.9448245509514277e-4,0,0,0,1,1,1,2.6082012460015847e-05,0,0,0
TUR.81.6_1,2047,6,aegypti,22.964942960178153,58.46298125403197,3.031455863776519e-4,0.04815389576261764,0.04815389576261764,0.04815389576261764,0,0,0,1,1,1,3.0314099156214525e-5,0,0,0
TUR.81.6_1,2047,7,aegypti,23.111488510580624,78.71035892041805,3.559942493928324e-4,0.07165306155627862,0.07165306155627862,0.07165306155627862,7.571721027943568e-14,7.571721027943568e-14,7.571721027943568e-14,0.9999999999999243,0.9999999999999243,0.9999999999999243,3.4450462962021255e-5,2.608492948319274e-18,2.608492948319274e-18,2.608492948319274e-18
TUR.81.6_1,2047,8,aegypti,24.17115082460291,78.60377325298175,4.227207311113081e-4,0.09345018834264676,0.09345018834264676,0.09345018834264676,1.3914835950146198e-10,1.3914835950146198e-10,1.3914835950146198e-10,0.9999999998608516,0.9999999998608516,0.9999999998608516,4.09076211099757e-5,5.692228368560494e-15,5.692228368560494e-15,5.692228368560494e-15
TUR.81.6_1,2047,9,aegypti,20.315449939054602,70.8932163121613,3.369288357600355e-4,0.02312650763314225,0.02312650763314225,0.02312650763314225,0,0,0,1,1,1,3.3692315977162934e-5,0,0,0
TUR.81.6_1,2047,10,aegypti,14.580817222595215,77.78534173352973,3.320293061355728e-4,0,0,0,0,0,0,1,1,1,3.213135211277418e-5,0,0,0
TUR.81.6_1,2047,11,aegypti,12.316652992192436,74.82359715585264,1.9259346628590652e-4,0,0,0,0,0,0,1,1,1,1.925916116851667e-5,0,0,0
TUR.81.6_1,2047,12,aegypti,4.913914522703956,79.22973210416777,1.584111499500774e-4,0,0,0,0,0,0,1,1,1,1.5329993779955586e-5,0,0,0
TUR.81.6_1,2048,1,aegypti,5.629986566655775,81.7811711944043,1.6506443956564447e-4,0,0,0,0,0,0,1,1,1,1.5973850439165993e-5,0,0,0
TUR.81.6_1,2048,2,aegypti,6.446002780514606,76.1187690275089,1.2788295307592686e-4,0,0,0,0,0,0,1,1,1,1.3229183501439756e-5,0,0,0
TUR.81.6_1,2048,3,aegypti,10.569406176314635,73.876238890641,1.515736439103244e-4,0,0,0,0,0,0,1,1,1,1.4668309571863603e-5,0,0,0
TUR.81.6_1,2048,4,aegypti,13.557768863790177,74.34381830601794,2.0042826571481305e-4,0,0,0,0,0,0,1,1,1,2.0042625715421813e-5,0,0,0
TUR.81.6_1,2048,5,aegypti,15.110250557170195,78.325974407639,2.8014571888452025e-4,3.268759416227948e-5,3.268759416227948e-5,3.268759416227948e-5,0,0,0,1,1,1,2.7110508524552657e-5,0,0,0
TUR.81.6_1,2048,6,aegypti,19.794668225681082,72.98622801916869,3.150997356013922e-4,0.018480262809904002,0.018480262809904002,0.018480262809904002,0,0,0,1,1,1,3.150947712615704e-5,0,0,0
TUR.81.6_1,2048,7,aegypti,22.553348709555234,72.37886172803523,3.700324164362206e-4,0.055044069271608674,0.055044069271608674,0.055044069271608674,0,0,0,1,1,1,3.5808947531745794e-5,0,0,0
TUR.81.6_1,2048,8,aegypti,25.5486380072201,68.24231542827472,4.3939016958163417e-4,0.09800721532395647,0.09800721532395647,0.09800721532395647,5.298500527217698e-10,5.298500527217698e-10,5.298500527217698e-10,0.99999999947015,0.99999999947015,0.99999999947015,4.25207252826576e-5,2.252960853278402e-14,2.252960853278402e-14,2.252960853278402e-14
TUR.81.6_1,2048,9,aegypti,18.28266643075382,84.71640127920232,3.5021518318334574e-4,0.008445835821043919,0.008445835821043919,0.008445835821043919,0,0,0,1,1,1,3.5020905072125075e-5,0,0,0
TUR.81.6_1,2048,10,aegypti,15.701812744140625,80.66324853284614,3.451224470241719e-4,2.688921471043296e-4,2.688921471043296e-4,2.688921471043296e-4,0,0,0,1,1,1,3.339838874760748e-5,0,0,0
TUR.81.6_1,2048,11,aegypti,10.790670135441948,85.68426915292295,2.0018813742398795e-4,0,0,0,0,0,0,1,1,1,2.001861336731192e-5,0,0,0
TUR.81.6_1,2048,12,aegypti,7.688589891966651,78.1784473141287,1.6465788620586584e-4,0,0,0,0,0,0,1,1,1,1.593450719339362e-5,0,0,0
TUR.81.6_1,2049,1,aegypti,3.9944365445305317,84.67674767145508,1.4996363472159473e-4,0,0,0,0,0,0,1,1,1,1.4512504504349266e-5,0,0,0
TUR.81.6_1,2049,2,aegypti,7.460865794735797,79.85173258952062,1.1217733706042537e-4,0,0,0,0,0,0,1,1,1,1.2018928171486642e-5,0,0,0
TUR.81.6_1,2049,3,aegypti,8.262573862777037,75.39484698390272,1.377070350743187e-4,0,0,0,0,0,0,1,1,1,1.3326398468072043e-5,0,0,0
TUR.81.6_1,2049,4,aegypti,12.656158489339493,74.83174097447497,1.820922259611563e-4,0,0,0,0,0,0,1,1,1,1.8209056809270763e-5,0,0,0
TUR.81.6_1,2049,5,aegypti,15.305674637065215,78.48009580656478,2.5451678366441335e-4,7.739896797692363e-5,7.739896797692363e-5,7.739896797692363e-5,0,0,0,1,1,1,2.463035315147799e-5,0,0,0
TUR.81.6_1,2049,6,aegypti,20.992172269260184,75.00582030432494,2.862730566010617e-4,0.033169354645640574,0.033169354645640574,0.033169354645640574,0,0,0,1,1,1,2.862689590266143e-5,0,0,0
TUR.81.6_1,2049,7,aegypti,22.803474594565,71.60048038037898,3.361802595375005e-4,0.05839538905896174,0.05839538905896174,0.05839538905896174,2.220446049250313e-16,2.220446049250313e-16,2.220446049250313e-16,0.9999999999999998,0.9999999999999998,0.9999999999999998,3.253304429262638e-5,7.223786966964769e-21,7.223786966964769e-21,7.223786966964769e-21
TUR.81.6_1,2049,8,aegypti,23.272186896380255,70.8013669419466,3.991928671299002e-4,0.06498873157132727,0.06498873157132727,0.06498873157132727,4.6629367034256575e-15,4.6629367034256575e-15,4.6629367034256575e-15,0.9999999999999953,0.9999999999999953,0.9999999999999953,3.863082159738518e-5,1.8013307590993594e-19,1.8013307590993594e-19,1.8013307590993594e-19
TUR.81.6_1,2049,9,aegypti,18.246760592741126,79.82727926992497,3.181759920129687e-4,0.007608824995619855,0.007608824995619855,0.007608824995619855,0,0,0,1,1,1,3.181709302690905e-5,0,0,0
TUR.81.6_1,2049,10,aegypti,11.975860595703125,89.18487786634223,3.13549161260582e-4,0,0,0,0,0,0,1,1,1,3.0343006860444888e-5,0,0,0
TUR.81.6_1,2049,11,aegypti,9.99119923395269,82.42227574471983,1.8187406563912464e-4,0,0,0,0,0,0,1,1,1,1.8187241174083546e-5,0,0,0
TUR.81.6_1,2049,12,aegypti,7.018387636717628,83.11911351285917,1.4959427461168186e-4,0,0,0,0,0,0,1,1,1,1.4476760495707452e-5,0,0,0
TUR.81.6_1,2050,1,aegypti,3.856162590139052,75.9137395537793,1.53205367757644e-4,0,0,0,0,0,0,1,1,1,1.4826216002572501e-5,0,0,0
TUR.81.6_1,2050,2,aegypti,6.516419231015094,81.89127574137609,1.1460225147464266e-4,0,0,0,0,0,0,1,1,1,1.2278737273718754e-5,0,0,0
TUR.81.6_1,2050,3,aegypti,5.1661111361840195,79.81177050685194,1.4068381971764617e-4,0,0,0,0,0,0,1,1,1,1.3614470520728617e-5,0,0,0
TUR.81.6_1,2050,4,aegypti,14.604357761495255,67.37772333531481,1.8602847614342149e-4,0,0,0,0,0,0,1,1,1,1.860267458242415e-5,0,0,0
TUR.81.6_1,2050,5,aegypti,18.277193153605744,76.20248502775618,2.600186206088544e-4,0.007442214144194531,0.007442214144194531,0.007442214144194531,0,0,0,1,1,1,2.516277572905956e-5,0,0,0
TUR.81.6_1,2050,6,aegypti,21.530839948093192,78.07414153235229,2.9246136236357083e-4,0.043020014228638395,0.043020014228638395,0.043020014228638395,0,0,0,1,1,1,2.9245708572323004e-5,0,0,0
TUR.81.6_1,2050,7,aegypti,23.469947983236874,73.33084231885555,3.4344739903724344e-4,0.07180543957932639,0.07180543957932639,0.07180543957932639,8.049116928532385e-14,8.049116928532385e-14,8.049116928532385e-14,0.9999999999999195,0.9999999999999195,0.9999999999999195,3.323629273033202e-5,2.675228064573733e-18,2.675228064573733e-18,2.675228064573733e-18
TUR.81.6_1,2050,8,aegypti,24.489399573382208,70.68401159526691,4.0782213720282594e-4,0.08576527784138492,0.08576527784138492,0.08576527784138492,1.2385981129625634e-11,1.2385981129625634e-11,1.2385981129625634e-11,0.999999999987614,0.999999999987614,0.999999999987614,3.94658796406544e-5,4.888236404932219e-16,4.888236404932219e-16,4.888236404932219e-16
TUR.81.6_1,2050,9,aegypti,20.031434283537024,78.26364249013982,3.250539369660971e-4,0.02263434757535959,0.02263434757535959,0.02263434757535959,0,0,0,1,1,1,3.250486540207209e-5,0,0,0
TUR.81.6_1,2050,10,aegypti,15.332056045532227,86.41693353040473,3.203270889653284e-4,9.97794969770592e-5,9.97794969770592e-5,9.97794969770592e-5,0,0,0,1,1,1,3.099891523006271e-5,0,0,0
TUR.81.6_1,2050,11,aegypti,10.191919067326713,84.34874364022764,1.8580559989459598e-4,0,0,0,0,0,0,1,1,1,1.8580387371902596e-5,0,0,0
TUR.81.6_1,2050,12,aegypti,5.298784575041602,82.69151646696073,1.5282802326623273e-4,0,0,0,0,0,0,1,1,1,1.4789699334549766e-5,0,0,0
TUR.81.6_1,2051,1,aegypti,6.852034849279066,81.5656713164746,1.5802838292121118e-4,0,0,0,0,0,0,1,1,1,1.5292952376566582e-5,0,0,0
TUR.81.6_1,2051,2,aegypti,3.3990204921540097,82.00571665934484,1.1821001277394323e-4,0,0,0,0,0,0,1,1,1,1.2665278306234207e-5,0,0,0
TUR.81.6_1,2051,3,aegypti,10.101032877669615,71.79738909816054,1.4511264754331422e-4,0,0,0,0,0,0,1,1,1,1.4043060834967314e-5,0,0,0
TUR.81.6_1,2051,4,aegypti,9.716848415486954,77.41709101109606,1.918847863656216e-4,0,0,0,0,0,0,1,1,1,1.9188294538841077e-5,0,0,0
TUR.81.6_1,2051,5,aegypti,14.502213562236113,74.75764555021712,2.682041937931448e-4,0,0,0,0,0,0,1,1,1,2.595490772616671e-5,0,0,0
TUR.81.6_1,2051,6,aegypti,19.311046628391043,70.485083609989,3.016682563913856e-4,0.013485846826194818,0.013485846826194818,0.013485846826194818,0,0,0,1,1,1,3.0166370625028804e-5,0,0,0
TUR.81.6_1,2051,7,aegypti,23.98960511824664,71.93560916455867,3.54259370169121e-4,0.07913668771371975,0.07913668771371975,0.07913668771371975,1.2716494524056543e-12,1.2716494524056543e-12,1.2716494524056543e-12,0.9999999999987284,0.9999999999987284,0.9999999999987284,3.428257719406691e-5,4.359542051588976e-17,4.359542051588976e-17,4.359542051588976e-17
TUR.81.6_1,2051,8,aegypti,25.283072135027716,61.22397817851886,4.2066067139099553e-4,0.08207918070916745,0.08207918070916745,0.08207918070916745,3.5763614292250168e-12,3.5763614292250168e-12,3.5763614292250168e-12,0.9999999999964236,0.9999999999964236,0.9999999999964236,4.0708268627343e-5,1.4558748176936033e-16,1.4558748176936033e-16,1.4558748176936033e-16
TUR.81.6_1,2051,9,aegypti,19.403823123258704,71.64328116201482,3.352868686832463e-4,0.01449297474822759,0.01449297474822759,0.01449297474822759,0,0,0,1,1,1,3.352812478818468e-5,0,0,0
TUR.81.6_1,2051,10,aegypti,14.656684875488281,73.0341134010102,3.304112161078255e-4,0,0,0,0,0,0,1,1,1,3.197476777438979e-5,0,0,0
TUR.81.6_1,2051,11,aegypti,13.09127018732183,77.03049870614561,1.9165489381218863e-4,0,0,0,0,0,0,1,1,1,1.9165305724433424e-5,0,0,0
TUR.81.6_1,2051,12,aegypti,7.960456213530372,77.89085728727323,1.5763915935382102e-4,0,0,0,0,0,0,1,1,1,1.5255286155091419e-5,0,0,0
TUR.81.6_1,2052,1,aegypti,4.300410074346205,75.85469566950195,1.5259842045248703e-4,0,0,0,0,0,0,1,1,1,1.4767480035704494e-5,0,0,0
TUR.81.6_1,2052,2,aegypti,3.8682940593537167,80.60171733073156,1.182249592555345e-4,0,0,0,0,0,0,1,1,1,1.2230093410670051e-5,0,0,0
TUR.81.6_1,2052,3,aegypti,4.268615389571471,80.93791491603163,1.401264785062606e-4,0,0,0,0,0,0,1,1,1,1.356053500733978e-5,0,0,0
TUR.81.6_1,2052,4,aegypti,13.170298618428848,82.08508264927966,1.8529149490098667e-4,0,0,0,0,0,0,1,1,1,1.852897782650409e-5,0,0,0
TUR.81.6_1,2052,5,aegypti,14.816792572245879,81.02246946379134,2.5898851570209396e-4,3.012452018300961e-6,3.012452018300961e-6,3.012452018300961e-6,0,0,0,1,1,1,2.5063090660859544e-5,0,0,0
TUR.81.6_1,2052,6,aegypti,20.32697489682366,76.84585478918822,2.913027304021247e-4,0.025672652246743678,0.025672652246743678,0.025672652246743678,0,0,0,1,1,1,2.9129848757913912e-5,0,0,0
TUR.81.6_1,2052,7,aegypti,23.112327743979062,75.95484286817195,3.420867778242936e-4,0.068278296374847,0.068278296374847,0.068278296374847,1.9206858326015208e-14,1.9206858326015208e-14,1.9206858326015208e-14,0.9999999999999808,0.9999999999999808,0.9999999999999808,3.3104624077351374e-5,6.358358245896798e-19,6.358358245896798e-19,6.358358245896798e-19
TUR.81.6_1,2052,8,aegypti,23.536509177264044,80.4049817490755,4.0620648527899656e-4,0.08296872588157216,0.08296872588157216,0.08296872588157216,4.852007684519322e-12,4.852007684519322e-12,4.852007684519322e-12,0.999999999995148,0.999999999995148,0.999999999995148,3.930953238706625e-5,1.907301532169066e-16,1.907301532169066e-16,1.907301532169066e-16
TUR.81.6_1,2052,9,aegypti,21.560218081754797,74.82689017080388,3.237661843634315e-4,0.0412452201794121,0.0412452201794121,0.0412452201794121,0,0,0,1,1,1,3.237609431927524e-5,0,0,0
TUR.81.6_1,2052,10,aegypti,14.858379364013672,81.83451318128364,3.1905806251891923e-4,5.216888627751616e-6,5.216888627751616e-6,5.216888627751616e-6,0,0,0,1,1,1,3.087611001850732e-5,0,0,0
TUR.81.6_1,2052,11,aegypti,12.292171218815971,74.69418736581358,1.8506950161168527e-4,0,0,0,0,0,0,1,1,1,1.8506778908577992e-5,0,0,0
TUR.81.6_1,2052,12,aegypti,9.415603003081152,82.86061436735136,1.5222257087098344e-4,0,0,0,0,0,0,1,1,1,1.4731108032073337e-5,0,0,0
TUR.81.6_1,2053,1,aegypti,7.0575592938591445,80.44708000788086,1.588530757332294e-4,0,0,0,0,0,0,1,1,1,1.53727601346354e-5,0,0,0
TUR.81.6_1,2053,2,aegypti,3.900241672116168,82.20304331950109,1.1882690795467706e-4,0,0,0,0,0,0,1,1,1,1.2731373379093469e-5,0,0,0
TUR.81.6_1,2053,3,aegypti,6.377061510787291,81.13875109767226,1.4586993781705933e-4,0,0,0,0,0,0,1,1,1,1.411634595860356e-5,0,0,0
TUR.81.6_1,2053,4,aegypti,12.37982944881215,77.30791437535387,1.928861634671659e-4,0,0,0,0,0,0,1,1,1,1.9288430322506045e-5,0,0,0
TUR.81.6_1,2053,5,aegypti,17.515270317302033,82.49993223234603,0.00026960385420025425,0.004232463592256803,0.004232463592256803,0.004232463592256803,0,0,0,1,1,1,2.6090355208507887e-5,0,0,0
TUR.81.6_1,2053,6,aegypti,21.149108914767996,80.05482390539916,3.032425536034509e-4,0.03839113326720365,0.03839113326720365,0.03839113326720365,0,0,0,1,1,1,3.0323795584763502e-5,0,0,0
TUR.81.6_1,2053,7,aegypti,22.677686859579648,84.19159060987117,3.561081213286785e-4,0.06957275903833536,0.06957275903833536,0.06957275903833536,3.275157922644212e-14,3.275157922644212e-14,3.275157922644212e-14,0.9999999999999672,0.9999999999999672,0.9999999999999672,3.446148244712344e-5,1.1286679726276076e-18,1.1286679726276076e-18,1.1286679726276076e-18
TUR.81.6_1,2053,8,aegypti,23.573898932513067,72.26855291606769,4.2285594685722536e-4,0.07203225535915816,0.07203225535915816,0.07203225535915816,8.804068585277491e-14,8.804068585277491e-14,8.804068585277491e-14,0.999999999999912,0.999999999999912,0.999999999999912,4.092070596928288e-5,3.602687019115405e-18,3.602687019115405e-18,3.602687019115405e-18
TUR.81.6_1,2053,9,aegypti,20.45772098092472,69.57170218252263,3.3703660923906163e-4,0.024196438208840675,0.024196438208840675,0.024196438208840675,0,0,0,1,1,1,3.3703092961911985e-5,0,0,0
TUR.81.6_1,2053,10,aegypti,15.75853443145752,70.88770531995551,3.3213551240129696e-4,2.606653690801503e-4,2.606653690801503e-4,2.606653690801503e-4,0,0,0,1,1,1,3.214162980813562e-5,0,0,0
TUR.81.6_1,2053,11,aegypti,11.10477516931646,70.72273656014951,1.9265507118788088e-4,0,0,0,0,0,0,1,1,1,1.9265321540062885e-5,0,0,0
TUR.81.6_1,2053,12,aegypti,8.880853972014258,83.32589299283964,1.5846182094921623e-4,0,0,0,0,0,0,1,1,1,1.533489734983906e-5,0,0,0
TUR.81.6_1,2054,1,aegypti,6.500059885137221,76.69725548395508,1.5548148689725045e-4,0,0,0,0,0,0,1,1,1,1.5046482306768638e-5,0,0,0
TUR.81.6_1,2054,2,aegypti,2.7026632419403867,86.66392741373937,1.1630485747233892e-4,0,0,0,0,0,0,1,1,1,1.2461157088305974e-5,0,0,0
TUR.81.6_1,2054,3,aegypti,5.969102526412291,76.90471942042616,1.4277391055048713e-4,0,0,0,0,0,0,1,1,1,1.3816734601324043e-5,0,0,0
TUR.81.6_1,2054,4,aegypti,10.889428180806778,81.48290216832262,1.88792236847496e-4,0,0,0,0,0,0,1,1,1,1.887904547337449e-5,0,0,0
TUR.81.6_1,2054,5,aegypti,15.827922905192656,81.00277036711165,2.63881627288608e-4,3.6310809207174206e-4,3.6310809207174206e-4,3.6310809207174206e-4,0,0,0,1,1,1,2.553660560844495e-5,0,0,0
TUR.81.6_1,2054,6,aegypti,19.092824963962332,84.73493865149291,2.9680635963236197e-4,0.014766697219131751,0.014766697219131751,0.014766697219131751,0,0,0,1,1,1,2.9680195497538975e-5,0,0,0
TUR.81.6_1,2054,7,aegypti,22.854580093832578,79.94034701856258,3.485498782116895e-4,0.06832455409472,0.06832455409472,0.06832455409472,1.9539925233402755e-14,1.9539925233402755e-14,1.9539925233402755e-14,0.9999999999999805,0.9999999999999805,0.9999999999999805,3.3730064503911805e-5,6.590829385242889e-19,6.590829385242889e-19,6.590829385242889e-19
TUR.81.6_1,2054,8,aegypti,24.710352561053107,72.59868826152668,4.1388100958849173e-4,0.09316179440193019,0.09316179440193019,0.09316179440193019,1.2756284917259109e-10,1.2756284917259109e-10,1.2756284917259109e-10,0.9999999998724372,0.9999999998724372,0.9999999998724372,4.005219881719757e-5,5.109172596748805e-15,5.109172596748805e-15,5.109172596748805e-15
TUR.81.6_1,2054,9,aegypti,21.584872470182532,68.00729101919255,3.298831508387034e-4,0.037117995411400824,0.037117995411400824,0.037117995411400824,0,0,0,1,1,1,3.298777097537897e-5,0,0,0
TUR.81.6_1,2054,10,aegypti,15.121016502380371,79.1654839454438,3.250860776926801e-4,3.5186551079389944e-5,3.5186551079389944e-5,3.5186551079389944e-5,0,0,0,1,1,1,3.1459448143644764e-5,0,0,0
TUR.81.6_1,2054,11,aegypti,12.32096932214849,75.99107762460264,1.8856604940335707e-4,0,0,0,0,0,0,1,1,1,1.885642715571123e-5,0,0,0
TUR.81.6_1,2054,12,aegypti,4.157224020537208,84.31727940641386,1.5509853632929174e-4,0,0,0,0,0,0,1,1,1,1.5009423131262523e-5,0,0,0
TUR.81.6_1,2055,1,aegypti,4.595829767339369,78.5260213530957,1.5267633020042223e-4,0,0,0,0,0,0,1,1,1,1.4775019577362158e-5,0,0,0
TUR.81.6_1,2055,2,aegypti,3.576295196133502,81.23195109538,1.1420651537179171e-4,0,0,0,0,0,0,1,1,1,1.223633749669606e-5,0,0,0
TUR.81.6_1,2055,3,aegypti,5.560385847792906,80.0542402944496,1.4019802065320488e-4,0,0,0,0,0,0,1,1,1,1.3567458347019112e-5,0,0,0
TUR.81.6_1,2055,4,aegypti,10.645148319356583,80.08743250279528,1.8538609623184888e-4,0,0,0,0,0,0,1,1,1,1.853843778421016e-5,0,0,0
TUR.81.6_1,2055,5,aegypti,14.460016334758086,81.0078362850804,2.591207433484657e-4,0,0,0,0,0,0,1,1,1,2.5075886563863392e-5,0,0,0
TUR.81.6_1,2055,6,aegypti,21.91053202572991,72.43055632727416,2.9145145620302867e-4,0.044759960630342085,0.044759960630342085,0.044759960630342085,0,0,0,1,1,1,2.9144720904650256e-5,0,0,0
TUR.81.6_1,2055,7,aegypti,22.086702515097226,78.23825961621883,3.422614316283975e-4,0.05225595155082301,0.05225595155082301,0.05225595155082301,0,0,0,1,1,1,3.3121525498724935e-5,0,0,0
TUR.81.6_1,2055,8,aegypti,23.164486548479864,75.51398290874347,4.0641387566209427e-4,0.06876877980330344,0.06876877980330344,0.06876877980330344,2.353672812205332e-14,2.353672812205332e-14,2.353672812205332e-14,0.9999999999999765,0.9999999999999765,0.9999999999999765,3.9329601634996436e-5,9.256901408315748e-19,9.256901408315748e-19,9.256901408315748e-19
TUR.81.6_1,2055,9,aegypti,22.301520571989172,68.52348059438786,3.2393148451358324e-4,0.04755747378621304,0.04755747378621304,0.04755747378621304,0,0,0,1,1,1,3.239262379894914e-5,0,0,0
TUR.81.6_1,2055,10,aegypti,13.803400039672852,76.26587914808051,3.1922095891819945e-4,0,0,0,0,0,0,1,1,1,3.0891873699312455e-5,0,0,0
TUR.81.6_1,2055,11,aegypti,12.942865112248588,77.76530095223936,1.8516398960296534e-4,0,0,0,0,0,0,1,1,1,1.851622753279436e-5,0,0,0
TUR.81.6_1,2055,12,aegypti,8.340004286345312,78.01534611783964,1.52300288727377e-4,0,0,0,0,0,0,1,1,1,1.4738629004140691e-5,0,0,0
TUR.81.6_1,2056,1,aegypti,7.7924788418938125,79.09299980768554,1.687195353137959e-4,0,0,0,0,0,0,1,1,1,1.632756366976018e-5,0,0,0
TUR.81.6_1,2056,2,aegypti,6.966407119351276,77.17057261637609,1.3071472253080681e-4,0,0,0,0,0,0,1,1,1,1.3522121250941765e-5,0,0,0
TUR.81.6_1,2056,3,aegypti,10.20959725450067,77.55585772609022,1.5493000693343406e-4,0,0,0,0,0,0,1,1,1,1.4993114079597802e-5,0,0,0
TUR.81.6_1,2056,4,aegypti,11.094132465474747,84.20080530552966,2.0486643848995062e-4,0,0,0,0,0,0,1,1,1,2.048643399910066e-5,0,0,0
TUR.81.6_1,2056,5,aegypti,16.66173466514139,79.09149259611556,2.8634911089707075e-4,0.0014921325527215378,0.0014921325527215378,0.0014921325527215378,0,0,0,1,1,1,2.771082032848593e-5,0,0,0
TUR.81.6_1,2056,6,aegypti,21.21274950925042,71.7709951700476,3.220771300472884e-4,0.03434536110049695,0.03434536110049695,0.03434536110049695,0,0,0,1,1,1,3.220719434193775e-5,0,0,0
TUR.81.6_1,2056,7,aegypti,22.592682053061093,70.33729297193172,3.782262098150565e-4,0.05359280839817978,0.05359280839817978,0.05359280839817978,0,0,0,1,1,1,3.6601866569063723e-5,0,0,0
TUR.81.6_1,2056,8,aegypti,24.96213211732752,64.44049658061847,4.4911978272449817e-4,0.08316678319072857,0.08316678319072857,0.08316678319072857,5.190514684727532e-12,5.190514684727532e-12,5.190514684727532e-12,0.9999999999948095,0.9999999999948095,0.9999999999948095,4.3462260268412045e-5,2.255915001546427e-16,2.255915001546427e-16,2.255915001546427e-16
TUR.81.6_1,2056,9,aegypti,19.886679873746985,75.57788199209294,3.5797015469847e-4,0.02022209682315212,0.02022209682315212,0.02022209682315212,0,0,0,1,1,1,3.579637476436304e-5,0,0,0
TUR.81.6_1,2056,10,aegypti,16.405110359191895,79.98546075208442,3.527646478036318e-4,0.0010336439982309821,0.0010336439982309821,0.0010336439982309821,0,0,0,1,1,1,3.413793159112721e-5,0,0,0
TUR.81.6_1,2056,11,aegypti,11.542646148625542,84.54319401864561,2.0462099293092946e-4,0,0,0,0,0,0,1,1,1,2.0461889945755374e-5,0,0,0
TUR.81.6_1,2056,12,aegypti,4.680129847105811,81.53024632535917,1.6830397946104769e-4,0,0,0,0,0,0,1,1,1,1.6287349242971594e-5,0,0,0
TUR.81.6_1,2057,1,aegypti,4.158376974218031,85.13233696588867,1.4502944776972199e-4,0,0,0,0,0,0,1,1,1,1.4035009357038497e-5,0,0,0
TUR.81.6_1,2057,2,aegypti,2.134182988720782,81.35586009196203,1.0848641589912545e-4,0,0,0,0,0,0,1,1,1,1.16234770074497e-5,0,0,0
TUR.81.6_1,2057,3,aegypti,5.68890633653192,79.03246600245741,1.331761215838167e-4,0,0,0,0,0,0,1,1,1,1.2887928716120989e-5,0,0,0
TUR.81.6_1,2057,4,aegypti,10.061145824544571,79.7315059891234,1.7610092622343643e-4,0,0,0,0,0,0,1,1,1,1.7609937565610245e-5,0,0,0
TUR.81.6_1,2057,5,aegypti,16.935077751384064,78.51349729582259,2.461425308309113e-4,0.002127379081573036,0.002127379081573036,0.002127379081573036,0,0,0,1,1,1,2.3819961219362362e-5,0,0,0
TUR.81.6_1,2057,6,aegypti,20.83419802609612,80.98258879797729,2.7685394120567923e-4,0.03413943853617533,0.03413943853617533,0.03413943853617533,0,0,0,1,1,1,2.7685010883571337e-5,0,0,0
TUR.81.6_1,2057,7,aegypti,22.11048905989703,83.04895907910945,3.251190695819047e-4,0.05723631263935261,0.05723631263935261,0.05723631263935261,1.1102230246251565e-16,1.1102230246251565e-16,1.1102230246251565e-16,0.9999999999999999,0.9999999999999999,0.9999999999999999,3.146264080677863e-5,3.4930548239196646e-21,3.4930548239196646e-21,3.4930548239196646e-21
TUR.81.6_1,2057,8,aegypti,23.64924492555506,80.53391851665363,3.860584012980355e-4,0.08530634614285475,0.08530634614285475,0.08530634614285475,1.0643819159383838e-11,1.0643819159383838e-11,1.0643819159383838e-11,0.9999999999893562,0.9999999999893562,0.9999999999893562,3.735979255381494e-5,3.9765087577490113e-16,3.9765087577490113e-16,3.9765087577490113e-16
TUR.81.6_1,2057,9,aegypti,20.42975352792179,81.94898337148747,3.0770718848533926e-4,0.028988927860363025,0.028988927860363025,0.028988927860363025,0,0,0,1,1,1,3.0770245434852406e-5,0,0,0
TUR.81.6_1,2057,10,aegypti,14.300053596496582,76.05451440198676,3.032325922928133e-4,0,0,0,0,0,0,1,1,1,2.934465901383021e-5,0,0,0
TUR.81.6_1,2057,11,aegypti,8.125185707036186,84.05284520272764,1.758899439337083e-4,0,0,0,0,0,0,1,1,1,1.758883970792713e-5,0,0,0
TUR.81.6_1,2057,12,aegypti,7.367746195372413,82.98067051969511,1.4467224055166356e-4,0,0,0,0,0,0,1,1,1,1.4000441401096353e-5,0,0,0
TUR.81.6_1,2058,1,aegypti,5.06850175296559,86.66560875543945,1.5673230348169453e-4,0,0,0,0,0,0,1,1,1,1.5167527244286383e-5,0,0,0
TUR.81.6_1,2058,2,aegypti,6.766257583218463,82.40969309977453,1.1724050613045823e-4,0,0,0,0,0,0,1,1,1,1.2561403904598478e-5,0,0,0
TUR.81.6_1,2058,3,aegypti,6.487241888747496,79.26922137355116,1.4392249729676968e-4,0,0,0,0,0,0,1,1,1,1.3927886615472396e-5,0,0,0
TUR.81.6_1,2058,4,aegypti,12.590587658040665,78.14909326939684,1.903110315643178e-4,0,0,0,0,0,0,1,1,1,1.9030922066121114e-5,0,0,0
TUR.81.6_1,2058,5,aegypti,15.376019561991972,83.00342649504134,2.6600450070800617e-4,1.078916484741489e-4,1.078916484741489e-4,1.078916484741489e-4,0,0,0,1,1,1,2.5742039704290676e-5,0,0,0
TUR.81.6_1,2058,6,aegypti,20.370407132541434,75.86506560461791,2.9919410575188535e-4,0.02559758734230402,0.02559758734230402,0.02559758734230402,0,0,0,1,1,1,2.9918962994091025e-5,0,0,0
TUR.81.6_1,2058,7,aegypti,22.495821167440976,69.28175097974422,3.513538902961717e-4,0.05088048362084739,0.05088048362084739,0.05088048362084739,0,0,0,1,1,1,3.400141132237078e-5,0,0,0
TUR.81.6_1,2058,8,aegypti,24.82775940614588,70.7428952622591,4.1721059718834446e-4,0.09162113385411708,0.09162113385411708,0.09162113385411708,7.97846233524524e-11,7.97846233524524e-11,7.97846233524524e-11,0.9999999999202154,0.9999999999202154,0.9999999999202154,4.037440401460923e-5,3.22125661738534e-15,3.22125661738534e-15,3.22125661738534e-15
TUR.81.6_1,2058,9,aegypti,19.55899928597843,80.28352469228825,3.325369929406277e-4,0.01824607316410492,0.01824607316410492,0.01824607316410492,0,0,0,1,1,1,3.3253146395906263e-5,0,0,0
TUR.81.6_1,2058,10,aegypti,18.33091449737549,73.08561944349067,3.2770132832775155e-4,0.007357426870466803,0.007357426870466803,0.007357426870466803,0,0,0,1,1,1,3.17125289207576e-5,0,0,0
TUR.81.6_1,2058,11,aegypti,12.123711326543022,78.06371708993467,1.900830244887104e-4,0,0,0,0,0,0,1,1,1,1.9008121792229993e-5,0,0,0
TUR.81.6_1,2058,12,aegypti,5.066990217741798,86.97926671110136,1.563462721551775e-4,0,0,0,0,0,0,1,1,1,1.5130169939925331e-5,0,0,0
TUR.81.6_1,2059,1,aegypti,3.5758076134849994,79.43439232477539,1.5031053132316544e-4,0,0,0,0,0,0,1,1,1,1.4546074655452657e-5,0,0,0
TUR.81.6_1,2059,2,aegypti,5.379509269314655,75.65265879801672,1.1243682621639144e-4,0,0,0,0,0,0,1,1,1,1.204673024646219e-5,0,0,0
TUR.81.6_1,2059,3,aegypti,6.541791105971617,82.13550860499647,1.3802557965059776e-4,0,0,0,0,0,0,1,1,1,1.335722495121594e-5,0,0,0
TUR.81.6_1,2059,4,aegypti,14.302794498555802,75.50585138707262,1.825134425746082e-4,0,0,0,0,0,0,1,1,1,1.8251177702710564e-5,0,0,0
TUR.81.6_1,2059,5,aegypti,18.916238868937775,61.497239056076495,2.5510553311330344e-4,0.00922931956867301,0.00922931956867301,0.00922931956867301,0,0,0,1,1,1,2.468732749971725e-5,0,0,0
TUR.81.6_1,2059,6,aegypti,20.448560742770926,74.9300527872351,2.869352648133428e-4,0.026294401832672044,0.026294401832672044,0.026294401832672044,0,0,0,1,1,1,2.8693114826006116e-5,0,0,0
TUR.81.6_1,2059,7,aegypti,21.93352143904742,84.17234164746883,3.369579133318034e-4,0.05487072510563161,0.05487072510563161,0.05487072510563161,0,0,0,1,1,1,3.260829866025272e-5,0,0,0
TUR.81.6_1,2059,8,aegypti,24.413746497210333,78.05434240581378,4.001162819913478e-4,0.09715897926341052,0.09715897926341052,0.09715897926341052,4.1521386329179677e-10,4.1521386329179677e-10,4.1521386329179677e-10,0.9999999995847861,0.9999999995847861,0.9999999995847861,3.8720180869700194e-5,1.6077155886265342e-14,1.6077155886265342e-14,1.6077155886265342e-14
TUR.81.6_1,2059,9,aegypti,20.587483630460852,77.99604147695622,3.1891199824898446e-4,0.0293792259954072,0.0293792259954072,0.0293792259954072,0,0,0,1,1,1,3.18906913059358e-5,0,0,0
TUR.81.6_1,2059,10,aegypti,16.513846397399902,73.75187920911567,3.1427446468943376e-4,0.001121012282124424,0.001121012282124424,0.001121012282124424,0,0,0,1,1,1,3.0413195382550384e-5,0,0,0
TUR.81.6_1,2059,11,aegypti,10.785506942692924,74.63397618417295,1.8229477760306966e-4,0,0,0,0,0,0,1,1,1,1.8229311604334164e-5,0,0,0
TUR.81.6_1,2059,12,aegypti,7.495300135191749,82.23686558805448,1.4994031680766869e-4,0,0,0,0,0,0,1,1,1,1.4510247964838463e-5,0,0,0
TUR.81.6_1,2060,1,aegypti,4.0854359093834365,86.36771141657226,1.5556050841430456e-4,0,0,0,0,0,0,1,1,1,1.5054129435254637e-5,0,0,0
TUR.81.6_1,2060,2,aegypti,3.2925751796540097,80.99695811442297,1.2051982395700907e-4,0,0,0,0,0,0,1,1,1,1.2467490275724913e-5,0,0,0
TUR.81.6_1,2060,3,aegypti,5.984996462569518,77.97188098048476,1.4284647360112798e-4,0,0,0,0,0,0,1,1,1,1.3823756734976378e-5,0,0,0
TUR.81.6_1,2060,4,aegypti,11.942358059041641,74.23191034703356,1.888881881357261e-4,0,0,0,0,0,0,1,1,1,1.88886404209887e-5,0,0,0
TUR.81.6_1,2060,5,aegypti,15.662301147685332,75.60688871427962,2.6401574181842866e-4,2.2391897329288594e-4,2.2391897329288594e-4,2.2391897329288594e-4,0,0,0,1,1,1,2.5549584102391165e-5,0,0,0
TUR.81.6_1,2060,6,aegypti,22.365287808810965,72.8338613809851,2.9695720774474814e-4,0.052122541097191305,0.052122541097191305,0.052122541097191305,0,0,0,1,1,1,2.9695279860963986e-5,0,0,0
TUR.81.6_1,2060,7,aegypti,23.90469758650836,75.82094699414851,3.487270243188881e-4,0.08322459423660868,0.08322459423660868,0.08322459423660868,5.293543381412746e-12,5.293543381412746e-12,5.293543381412746e-12,0.9999999999947065,0.9999999999947065,0.9999999999947065,3.3747207097145626e-5,1.786423047702605e-16,1.786423047702605e-16,1.786423047702605e-16
TUR.81.6_1,2060,8,aegypti,25.95672669130213,66.70959295513019,4.140913594244125e-4,0.10140374300607588,0.10140374300607588,0.10140374300607588,1.3757076589016037e-9,1.3757076589016037e-9,1.3757076589016037e-9,0.9999999986242923,0.9999999986242923,0.9999999986242923,4.0072554437387e-5,5.5128120051264737e-14,5.5128120051264737e-14,5.5128120051264737e-14
TUR.81.6_1,2060,9,aegypti,21.070145831388587,67.27919882558903,3.300508098156662e-4,0.03016468827494978,0.03016468827494978,0.03016468827494978,0,0,0,1,1,1,3.300453631982503e-5,0,0,0
TUR.81.6_1,2060,10,aegypti,13.626066207885742,76.78731774671333,3.252512986173386e-4,0,0,0,0,0,0,1,1,1,3.147543676229603e-5,0,0,0
TUR.81.6_1,2060,11,aegypti,11.6482693938648,80.97620793466123,1.886618857346535e-4,0,0,0,0,0,0,1,1,1,1.8866010608076245e-5,0,0,0
TUR.81.6_1,2060,12,aegypti,6.248361906584571,86.89605290494902,1.5517736321651922e-4,0,0,0,0,0,0,1,1,1,1.5017051425147976e-5,0,0,0
TUR.81.6_1,2061,1,aegypti,2.8765423718620746,81.73892723688476,1.4515585705966386e-4,0,0,0,0,0,0,1,1,1,1.4047242342329902e-5,0,0,0
TUR.81.6_1,2061,2,aegypti,2.5177245727356747,83.56691966227453,1.0858097387347506e-4,0,0,0,0,0,0,1,1,1,1.1633608101191406e-5,0,0,0
TUR.81.6_1,2061,3,aegypti,6.187042380080504,84.49495226954726,1.3329219938198466e-4,0,0,0,0,0,0,1,1,1,1.289916190660989e-5,0,0,0
TUR.81.6_1,2061,4,aegypti,12.13697819148793,72.83925592808825,1.7625441776177118e-4,0,0,0,0,0,0,1,1,1,1.7625286448996746e-5,0,0,0
TUR.81.6_1,2061,5,aegypti,16.116008842692658,67.9376687435765,2.4635707141577406e-4,5.231844948884671e-4,5.231844948884671e-4,5.231844948884671e-4,0,0,0,1,1,1,2.384072271666149e-5,0,0,0
TUR.81.6_1,2061,6,aegypti,21.57966044369866,64.31616881506713,2.7709525019956705e-4,0.034618106032521495,0.034618106032521495,0.034618106032521495,0,0,0,1,1,1,2.7709141114606872e-5,0,0,0
TUR.81.6_1,2061,7,aegypti,24.14289872786578,73.12186557325008,3.2540244700190064e-4,0.08351201696515374,0.08351201696515374,0.08351201696515374,5.835776306639673e-12,5.835776306639673e-12,5.835776306639673e-12,0.9999999999941642,0.9999999999941642,0.9999999999941642,3.149006356484296e-5,1.837689668462878e-16,1.837689668462878e-16,1.837689668462878e-16
TUR.81.6_1,2061,8,aegypti,25.38325371461756,67.65629400493488,3.8639489412162854e-4,0.0953681963478297,0.0953681963478297,0.0953681963478297,2.4630164574546143e-10,2.4630164574546143e-10,2.4630164574546143e-10,0.9999999997536984,0.9999999997536984,0.9999999997536984,3.7392355158316626e-5,9.209798613792178e-15,9.209798613792178e-15,9.209798613792178e-15
TUR.81.6_1,2061,9,aegypti,19.487136111539954,85.80288046621403,3.0797538951488605e-4,0.019061577197025743,0.019061577197025743,0.019061577197025743,0,0,0,1,1,1,3.079706471220689e-5,0,0,0
TUR.81.6_1,2061,10,aegypti,13.814666748046875,75.13123559339301,3.03496893214236e-4,0,0,0,0,0,0,1,1,1,2.937023577143094e-5,0,0,0
TUR.81.6_1,2061,11,aegypti,12.01945851129644,77.83222600106748,1.7604325157751787e-4,0,0,0,0,0,0,1,1,1,1.760417020257865e-5,0,0,0
TUR.81.6_1,2061,12,aegypti,8.198047003325293,79.28218419157011,1.4479833849579608e-4,0,0,0,0,0,0,1,1,1,1.4012644257044293e-5,0,0,0
TUR.81.6_1,2062,1,aegypti,2.596298259847304,85.5084203399121,1.5655633055630186e-4,0,0,0,0,0,0,1,1,1,1.5150497864491186e-5,0,0,0
TUR.81.6_1,2062,2,aegypti,5.634467422085651,74.15262828043859,1.1710887305686723e-4,0,0,0,0,0,0,1,1,1,1.2547300538012784e-5,0,0,0
TUR.81.6_1,2062,3,aegypti,6.767635012374205,79.98513323878554,1.437609067228004e-4,0,0,0,0,0,0,1,1,1,1.3912249035685775e-5,0,0,0
TUR.81.6_1,2062,4,aegypti,10.21701149379506,76.56029474644762,1.9009735775097543e-4,0,0,0,0,0,0,1,1,1,1.9009555091265007e-5,0,0,0
TUR.81.6_1,2062,5,aegypti,15.456439102397246,75.6937493710179,2.657058412158826e-4,1.2551316385119138e-4,1.2551316385119138e-4,1.2551316385119138e-4,0,0,0,1,1,1,2.571313791632779e-5,0,0,0
TUR.81.6_1,2062,6,aegypti,19.060419110690848,81.06241515295775,2.98858182264003e-4,0.013839817544215222,0.013839817544215222,0.013839817544215222,0,0,0,1,1,1,2.9885371649829295e-5,0,0,0
TUR.81.6_1,2062,7,aegypti,23.54245584151324,73.07771426709773,3.509594038339043e-4,0.07297879445847698,0.07297879445847698,0.07297879445847698,1.2756462552943049e-13,1.2756462552943049e-13,1.2756462552943049e-13,0.9999999999998724,0.9999999999998724,0.9999999999998724,3.396323651050359e-5,4.332507547229872e-18,4.332507547229872e-18,4.332507547229872e-18
TUR.81.6_1,2062,8,aegypti,23.34860672670252,75.55109228374347,4.167421693807953e-4,0.07253986699074463,0.07253986699074463,0.07253986699074463,1.0746958878371515e-13,1.0746958878371515e-13,1.0746958878371515e-13,0.9999999999998925,0.9999999999998925,0.9999999999998925,4.0329074120437625e-5,4.3341490117514004e-18,4.3341490117514004e-18,4.3341490117514004e-18
TUR.81.6_1,2062,9,aegypti,20.376546130460852,77.91195791982732,3.3216363335776495e-4,0.026492402455259936,0.026492402455259936,0.026492402455259936,0,0,0,1,1,1,3.3215811678477536e-5,0,0,0
TUR.81.6_1,2062,10,aegypti,14.880533218383789,81.10913323743598,3.2733339804075977e-4,6.52013659746699e-6,6.52013659746699e-6,6.52013659746699e-6,0,0,0,1,1,1,3.167692389249854e-5,0,0,0
TUR.81.6_1,2062,11,aegypti,10.70114682001226,80.92902012948545,1.8986960667283128e-4,0,0,0,0,0,0,1,1,1,1.898678041611923e-5,0,0,0
TUR.81.6_1,2062,12,aegypti,8.439263662871191,77.68758732877714,1.561707326507217e-4,0,0,0,0,0,0,1,1,1,1.5113182502801692e-5,0,0,0
TUR.81.6_1,2063,1,aegypti,7.540890974156996,75.5675252593457,1.7125984322822167e-4,0,0,0,0,0,0,1,1,1,1.6573395875352226e-5,0,0,0
TUR.81.6_1,2063,2,aegypti,7.619369327145465,76.20113597086828,1.2810754550190545e-4,0,0,0,0,0,0,1,1,1,1.3725714248180587e-5,0,0,0
TUR.81.6_1,2063,3,aegypti,7.977186823592467,80.3618574819496,1.5726269426607193e-4,0,0,0,0,0,0,1,1,1,1.521885460487038e-5,0,0,0
TUR.81.6_1,2063,4,aegypti,14.895426792256973,66.42137491612536,2.0795098844516666e-4,5.697414276144119e-6,5.697414276144119e-6,5.697414276144119e-6,0,0,0,1,1,1,2.0794882627961364e-5,0,0,0
TUR.81.6_1,2063,5,aegypti,14.100015724406523,77.40245908781478,2.906604961278783e-4,0,0,0,0,0,0,1,1,1,2.8128039508468206e-5,0,0,0
TUR.81.6_1,2063,6,aegypti,19.08312609616448,77.78977873938354,3.2692645043566523e-4,0.013268232326690738,0.013268232326690738,0.013268232326690738,0,0,0,1,1,1,3.2692110644827466e-5,0,0,0
TUR.81.6_1,2063,7,aegypti,23.328664947958554,80.26572543653133,3.839209329095071e-4,0.07816098759724889,0.07816098759724889,0.07816098759724889,8.945066909404886e-13,8.945066909404886e-13,8.945066909404886e-13,0.9999999999991055,0.9999999999991055,0.9999999999991055,3.715294848072315e-5,3.3233561004174116e-17,3.3233561004174116e-17,3.3233561004174116e-17
TUR.81.6_1,2063,8,aegypti,25.916380545672247,69.08348669292316,4.5588190743316506e-4,0.10538369724056436,0.10538369724056436,0.10538369724056436,4.031768696677318e-9,4.031768696677318e-9,4.031768696677318e-9,0.9999999959682313,0.9999999959682313,0.9999999959682313,4.4116630777968346e-5,1.778680509734839e-13,1.778680509734839e-13,1.778680509734839e-13
TUR.81.6_1,2063,9,aegypti,20.00571559457218,70.45200079702458,3.633598946323635e-4,0.019709041830785343,0.019709041830785343,0.019709041830785343,0,0,0,1,1,1,3.6335329319125975e-5,0,0,0
TUR.81.6_1,2063,10,aegypti,13.939825057983398,76.85170983655708,3.580760115711913e-4,0,0,0,0,0,0,1,1,1,3.465191685725344e-5,0,0,0
TUR.81.6_1,2063,11,aegypti,10.453731277409721,82.47930546884092,2.0770184736093565e-4,0,0,0,0,0,0,1,1,1,2.076996903732642e-5,0,0,0
TUR.81.6_1,2063,12,aegypti,7.334136805113624,81.15211827360136,1.708380306025416e-4,0,0,0,0,0,0,1,1,1,1.653257597444835e-5,0,0,0
TUR.81.6_1,2064,1,aegypti,4.986424726598402,78.87561546930664,1.5507380414888532e-4,0,0,0,0,0,0,1,1,1,1.5007029730340626e-5,0,0,0
TUR.81.6_1,2064,2,aegypti,2.5202997318085507,81.19171366862219,1.2014275195470353e-4,0,0,0,0,0,0,1,1,1,1.2428483312842964e-5,0,0,0
TUR.81.6_1,2064,3,aegypti,7.679826403365416,79.794695921891,1.4239954790828697e-4,0,0,0,0,0,0,1,1,1,1.3780506458394015e-5,0,0,0
TUR.81.6_1,2064,4,aegypti,12.051343959920548,82.95968592076403,1.8829721110826537e-4,0,0,0,0,0,0,1,1,1,1.882954383269908e-5,0,0,0
TUR.81.6_1,2064,5,aegypti,18.269508445964142,76.61535734220931,2.631897121982462e-4,0.007400718209791628,0.007400718209791628,0.007400718209791628,0,0,0,1,1,1,2.546964779126526e-5,0,0,0
TUR.81.6_1,2064,6,aegypti,21.648210553561942,73.15165618078979,2.960281137148455e-4,0.04134871087753525,0.04134871087753525,0.04134871087753525,0,0,0,1,1,1,2.9602373212589406e-5,0,0,0
TUR.81.6_1,2064,7,aegypti,23.075082947226132,84.40107852491023,3.4763595736408666e-4,0.0787034462150178,0.0787034462150178,0.0787034462150178,1.088351631040041e-12,1.088351631040041e-12,1.088351631040041e-12,0.9999999999989116,0.9999999999989116,0.9999999999989116,3.3641623530256126e-5,3.6613915839989276e-17,3.6613915839989276e-17,3.6613915839989276e-17
TUR.81.6_1,2064,8,aegypti,25.582380911883185,66.82521642925128,4.127957861908233e-4,0.0957673588934205,0.0957673588934205,0.0957673588934205,2.7695656878989894e-10,2.7695656878989894e-10,2.7695656878989894e-10,0.9999999997230434,0.9999999997230434,0.9999999997230434,3.994718139888054e-5,1.1063634293061629e-14,1.1063634293061629e-14,1.1063634293061629e-14
TUR.81.6_1,2064,9,aegypti,20.332665667814368,83.62703818105778,3.290181753856313e-4,0.028500695365962916,0.028500695365962916,0.028500695365962916,0,0,0,1,1,1,3.2901276279750924e-5,0,0,0
TUR.81.6_1,2064,10,aegypti,17.25382900238037,80.1383843360688,3.2423368048286585e-4,0.0031339241409388246,0.0031339241409388246,0.0031339241409388246,0,0,0,1,1,1,3.137696068278295e-5,0,0,0
TUR.81.6_1,2064,11,aegypti,11.365543106023003,80.03575535897764,1.8807161674257397e-4,0,0,0,0,0,0,1,1,1,1.8806984820707306e-5,0,0,0
TUR.81.6_1,2064,12,aegypti,5.246534666594337,81.77363926969511,1.5469185770265934e-4,0,0,0,0,0,0,1,1,1,1.497006772510634e-5,0,0,0
TUR.81.6_1,2065,1,aegypti,6.14001635944142,79.42049919733398,1.612574558591797e-4,0,0,0,0,0,0,1,1,1,1.560543847833884e-5,0,0,0
TUR.81.6_1,2065,2,aegypti,6.7999518504914125,80.23414073161047,1.2062545705166872e-4,0,0,0,0,0,0,1,1,1,1.292407259612105e-5,0,0,0
TUR.81.6_1,2065,3,aegypti,7.751485491500182,78.44748980616835,1.4807780680443694e-4,0,0,0,0,0,0,1,1,1,1.4330007660379174e-5,0,0,0
TUR.81.6_1,2065,4,aegypti,11.435163539998673,84.41773188023669,1.9580566411813276e-4,0,0,0,0,0,0,1,1,1,1.9580374713723536e-5,0,0,0
TUR.81.6_1,2065,5,aegypti,16.169241035685822,84.19662565275618,2.736845441455172e-4,7.575026407875835e-4,7.575026407875835e-4,7.575026407875835e-4,0,0,0,1,1,1,2.6485250305907648e-5,0,0,0
TUR.81.6_1,2065,6,aegypti,21.14532092038323,86.03536894934447,3.078323946616812e-4,0.0419624556789796,0.0419624556789796,0.0419624556789796,0,0,0,1,1,1,3.078276566714777e-5,0,0,0
TUR.81.6_1,2065,7,aegypti,22.150739838095273,80.2853482392657,3.6149812895465644e-4,0.0551660125919883,0.0551660125919883,0.0551660125919883,0,0,0,1,1,1,3.498307797666911e-5,0,0,0
TUR.81.6_1,2065,8,aegypti,23.327835700091192,74.10974706889972,4.2925624115477365e-4,0.07011296990635267,0.07011296990635267,0.07011296990635267,4.085620730620576e-14,4.085620730620576e-14,4.085620730620576e-14,0.9999999999999591,0.9999999999999591,0.9999999999999591,4.154006375101105e-5,1.6971694561243106e-18,1.6971694561243106e-18,1.6971694561243106e-18
TUR.81.6_1,2065,9,aegypti,20.29673694161808,70.96430319570622,3.421379528626057e-4,0.022909666527537145,0.022909666527537145,0.022909666527537145,0,0,0,1,1,1,3.421321000107724e-5,0,0,0
TUR.81.6_1,2065,10,aegypti,13.126330375671387,84.65184258802192,3.3716267364103955e-4,0,0,0,0,0,0,1,1,1,3.262811352777728e-5,0,0,0
TUR.81.6_1,2065,11,aegypti,11.586253860417534,81.56802769784483,1.955710740552448e-4,0,0,0,0,0,0,1,1,1,1.9556916166507676e-5,0,0,0
TUR.81.6_1,2065,12,aegypti,9.412913641508887,77.40794713102323,1.6086027909208546e-4,0,0,0,0,0,0,1,1,1,1.5567002616068137e-5,0,0,0
TUR.81.6_1,2066,1,aegypti,7.094702047460219,78.4905217803418,1.573951041866159e-4,0,0,0,0,0,0,1,1,1,1.5231668273107957e-5,0,0,0
TUR.81.6_1,2066,2,aegypti,4.654486476498493,81.73491130045812,1.1773630111580842e-4,0,0,0,0,0,0,1,1,1,1.2614524127152471e-5,0,0,0
TUR.81.6_1,2066,3,aegypti,5.993834162459654,76.3104429922035,1.4453112698282214e-4,0,0,0,0,0,0,1,1,1,1.3986785440400773e-5,0,0,0
TUR.81.6_1,2066,4,aegypti,12.11610702907338,84.27008783726794,1.9111583238120796e-4,0,0,0,0,0,0,1,1,1,1.9111400612947804e-5,0,0,0
TUR.81.6_1,2066,5,aegypti,15.372617805705351,76.46353239103743,2.671293994472257e-4,9.491984287508406e-5,9.491984287508406e-5,9.491984287508406e-5,0,0,0,1,1,1,2.5850898064394556e-5,0,0,0
TUR.81.6_1,2066,6,aegypti,19.721284894382254,80.23696807043822,3.0045935905190994e-4,0.019808344966108806,0.019808344966108806,0.019808344966108806,0,0,0,1,1,1,3.0045484530560884e-5,0,0,0
TUR.81.6_1,2066,7,aegypti,22.84763734480914,78.16510135205867,3.5283972060040354e-4,0.06591270876675853,0.06591270876675853,0.06591270876675853,6.994405055138486e-15,6.994405055138486e-15,6.994405055138486e-15,0.999999999999993,0.999999999999993,0.999999999999993,3.4145196452506354e-5,2.3882533467610715e-19,2.3882533467610715e-19,2.3882533467610715e-19
TUR.81.6_1,2066,8,aegypti,23.13061012941248,85.73192419292316,4.189749270155354e-4,0.08146097266066109,0.08146097266066109,0.08146097266066109,2.8873570201426446e-12,2.8873570201426446e-12,2.8873570201426446e-12,0.9999999999971126,0.9999999999971126,0.9999999999971126,4.0545138702552386e-5,1.1706829086547188e-16,1.1706829086547188e-16,1.1706829086547188e-16
TUR.81.6_1,2066,9,aegypti,20.274504885954016,86.56736105703435,3.3394324901188637e-4,0.028954417966380184,0.028954417966380184,0.028954417966380184,0,0,0,1,1,1,3.3393767316924894e-5,0,0,0
TUR.81.6_1,2066,10,aegypti,15.160974502563477,81.4293770728852,3.290871349967939e-4,4.431753302478291e-5,4.431753302478291e-5,4.431753302478291e-5,0,0,0,1,1,1,3.1846634981569366e-5,0,0,0
TUR.81.6_1,2066,11,aegypti,12.621542671147514,80.98031254891904,1.908868610930733e-4,0,0,0,0,0,0,1,1,1,1.9088503921516065e-5,0,0,0
TUR.81.6_1,2066,12,aegypti,5.966530165251563,86.09304387174589,1.5700744038338758e-4,0,0,0,0,0,0,1,1,1,1.5194152991893084e-5,0,0,0
TUR.81.6_1,2067,1,aegypti,7.790907186620375,75.65118157038086,1.632425748973058e-4,0,0,0,0,0,0,1,1,1,1.5797543755913246e-5,0,0,0
TUR.81.6_1,2067,2,aegypti,5.321603118496784,81.99978099039953,1.2211038616703962e-4,0,0,0,0,0,0,1,1,1,1.3083170075312012e-5,0,0,0
TUR.81.6_1,2067,3,aegypti,8.350705767379088,78.32506854151991,1.4990068111338142e-4,0,0,0,0,0,0,1,1,1,1.450641230804628e-5,0,0,0
TUR.81.6_1,2067,4,aegypti,9.487847370259903,81.43967401890856,1.9821608011746038e-4,0,0,0,0,0,0,1,1,1,1.982141156497974e-5,0,0,0
TUR.81.6_1,2067,5,aegypti,14.361395920024199,86.39801878019759,2.770536683582828e-4,0,0,0,0,0,0,1,1,1,2.6811285896100046e-5,0,0,0
TUR.81.6_1,2067,6,aegypti,21.053953198825614,73.47221282141479,3.1162188733313014e-4,0.03327069537350045,0.03327069537350045,0.03327069537350045,0,0,0,1,1,1,3.116170319739098e-5,0,0,0
TUR.81.6_1,2067,7,aegypti,22.81143777510699,67.83888751538875,3.6594826004603077e-4,0.05448137408984628,0.05448137408984628,0.05448137408984628,0,0,0,1,1,1,3.541372066573345e-5,0,0,0
TUR.81.6_1,2067,8,aegypti,24.13602127748377,70.67391790630207,4.345404913124528e-4,0.07993677895661029,0.07993677895661029,0.07993677895661029,1.6910917111090384e-12,1.6910917111090384e-12,1.6910917111090384e-12,0.9999999999983089,0.9999999999983089,0.9999999999983089,4.205142142510443e-5,7.111281021234713e-17,7.111281021234713e-17,7.111281021234713e-17
TUR.81.6_1,2067,9,aegypti,21.174712405485266,71.33652609609685,3.463497554132187e-4,0.03349497398103348,0.03349497398103348,0.03349497398103348,0,0,0,1,1,1,3.4634375757458535e-5,0,0,0
TUR.81.6_1,2067,10,aegypti,17.455430030822754,72.50411462171333,3.413132292778271e-4,0.0033969081382621883,0.0033969081382621883,0.0033969081382621883,0,0,0,1,1,1,3.3029767016024e-5,0,0,0
TUR.81.6_1,2067,11,aegypti,11.196197250310112,84.36286564950498,1.9797860219306234e-4,0,0,0,0,0,0,1,1,1,1.9797664242982016e-5,0,0,0
TUR.81.6_1,2067,12,aegypti,6.770858130034278,80.65468175016386,1.628405087862885e-4,0,0,0,0,0,0,1,1,1,1.5758634746232403e-5,0,0,0
TUR.81.6_1,2068,1,aegypti,2.9918582860161274,84.62147270807617,1.5664216199931427e-4,0,0,0,0,0,0,1,1,1,1.5158804007375792e-5,0,0,0
TUR.81.6_1,2068,2,aegypti,5.893553554135211,84.96969065836828,1.2135783034421275e-4,0,0,0,0,0,0,1,1,1,1.2554179507073826e-5,0,0,0
TUR.81.6_1,2068,3,aegypti,6.756263876662535,78.88560778712538,1.438397231208914e-4,0,0,0,0,0,0,1,1,1,1.391987632282099e-5,0,0,0
TUR.81.6_1,2068,4,aegypti,12.053913158528946,79.25613367467028,1.902015779410542e-4,0,0,0,0,0,0,1,1,1,1.9019976912004743e-5,0,0,0
TUR.81.6_1,2068,5,aegypti,17.89123734305887,80.01049131437728,2.658515134840517e-4,0.005744761648572727,0.005744761648572727,0.005744761648572727,0,0,0,1,1,1,2.5727234870043247e-5,0,0,0
TUR.81.6_1,2068,6,aegypti,20.567258862888114,77.38295653479369,2.9902203018346193e-4,0.028710949163665705,0.028710949163665705,0.028710949163665705,0,0,0,1,1,1,2.9901755951966535e-5,0,0,0
TUR.81.6_1,2068,7,aegypti,24.344505478354062,70.10029346021297,3.51151816059988e-4,0.08231323671707193,0.08231323671707193,0.08231323671707193,3.876565735083659e-12,3.876565735083659e-12,3.876565735083659e-12,0.9999999999961234,0.9999999999961234,0.9999999999961234,3.3981856415898903e-05,1.317329001964065e-16,1.317329001964065e-16,1.317329001964065e-16
TUR.81.6_1,2068,8,aegypti,23.375771185931036,71.59364904643878,4.1697064677059467e-4,0.067790260945204725,0.067790260945204725,0.067790260945204725,1.5654144647214707e-14,1.5654144647214707e-14,1.5654144647214707e-14,0.9999999999999843,0.9999999999999843,0.9999999999999843,4.035118394363213e-5,6.316632701399849e-19,6.316632701399849e-19,6.316632701399849e-19
TUR.81.6_1,2068,9,aegypti,22.84921382455265,64.59362906240544,3.3234574087054347e-4,0.052295958952791335,0.052295958952791335,0.052295958952791335,0,0,0,1,1,1,3.323402182475732e-5,0,0,0
TUR.81.6_1,2068,10,aegypti,12.761392593383789,82.71678399427192,3.2751285739446436e-4,0,0,0,0,0,0,1,1,1,3.1694290376416134e-5,0,0,0
TUR.81.6_1,2068,11,aegypti,11.572043159428764,77.25011082772764,1.8997370199920369e-4,0,0,0,0,0,0,1,1,1,1.8997189751068788e-5,0,0,0
TUR.81.6_1,2068,12,aegypti,9.063384375151465,80.16781193815214,1.562563526910745e-4,0,0,0,0,0,0,1,1,1,1.512146818793969e-5,0,0,0
TUR.81.6_1,2069,1,aegypti,6.940159601323744,79.35918175348633,1.6579717369673874e-4,0,0,0,0,0,0,1,1,1,1.60447590585866e-5,0,0,0
TUR.81.6_1,2069,2,aegypti,4.311116992550739,85.49608073405187,1.2402130337780311e-4,0,0,0,0,0,0,1,1,1,1.3287908505410506e-5,0,0,0
TUR.81.6_1,2069,3,aegypti,9.226654673323912,74.18247515773085,1.5224649133015438e-4,0,0,0,0,0,0,1,1,1,1.4733422881052505e-5,0,0,0
TUR.81.6_1,2069,4,aegypti,12.235453647725723,78.47333490758044,2.0131798267330353e-4,0,0,0,0,0,0,1,1,1,2.0131595624084397e-5,0,0,0
TUR.81.6_1,2069,5,aegypti,13.877583587870879,82.88375944181868,2.813893079364493e-4,0,0,0,0,0,0,1,1,1,2.723085258227176e-5,0,0,0
TUR.81.6_1,2069,6,aegypti,20.747707394992606,74.89171507971557,3.1649848830416383e-4,0.029829246149725153,0.029829246149725153,0.029829246149725153,0,0,0,1,1,1,3.1649347979278986e-5,0,0,0
TUR.81.6_1,2069,7,aegypti,24.295986343832578,70.9889615205157,3.716750196634668e-4,0.08288312651445175,0.08288312651445175,0.08288312651445175,4.712341628021477e-12,4.712341628021477e-12,4.712341628021477e-12,0.9999999999952877,0.9999999999952877,0.9999999999952877,3.596790342941247e-5,1.6949304860307684e-16,1.6949304860307684e-16,1.6949304860307684e-16
TUR.81.6_1,2069,8,aegypti,25.11507858949549,68.94851125957355,4.4134065737274757e-4,0.0929632708147509,0.0929632708147509,0.0929632708147509,1.20133347714102e-10,1.20133347714102e-10,1.20133347714102e-10,0.9999999998798667,0.9999999998798667,0.9999999998798667,4.270947412177151e-5,5.130832105357218e-15,5.130832105357218e-15,5.130832105357218e-15
TUR.81.6_1,2069,9,aegypti,22.739033923429602,66.94291418813786,3.517698161413658e-4,0.05286112019220391,0.05286112019220391,0.05286112019220391,0,0,0,1,1,1,3.5176362911393255e-5,0,0,0
TUR.81.6_1,2069,10,aegypti,14.290814399719238,83.36069726331489,3.466544729227048e-4,0,0,0,0,0,0,1,1,1,3.354664435573085e-5,0,0,0
TUR.81.6_1,2069,11,aegypti,11.458595016423393,76.39623662118467,2.0107678843396163e-4,0,0,0,0,0,0,1,1,1,2.010747668534929e-5,0,0,0
TUR.81.6_1,2069,12,aegypti,8.8067830415333,79.97758824430448,1.6538881561437057e-4,0,0,0,0,0,0,1,1,1,1.600524116773805e-5,0,0,0
TUR.81.6_1,2070,1,aegypti,6.248122495763441,85.8691838897168,1.549714756432336e-4,0,0,0,0,0,0,1,1,1,1.4997127120386367e-5,0,0,0
TUR.81.6_1,2070,2,aegypti,2.733723699170001,86.8968451993839,1.1592335362007054e-4,0,0,0,0,0,0,1,1,1,1.2420282184066878e-5,0,0,0
TUR.81.6_1,2070,3,aegypti,9.37301220963983,77.71270281886366,1.423055827603827e-4,0,0,0,0,0,0,1,1,1,1.3771413182261938e-5,0,0,0
TUR.81.6_1,2070,4,aegypti,11.437829059713028,77.32537043004137,1.881729594828097e-4,0,0,0,0,0,0,1,1,1,1.8817118904057573e-5,0,0,0
TUR.81.6_1,2070,5,aegypti,14.191907966838164,90.27352994963118,2.630160412800666e-4,0,0,0,0,0,0,1,1,1,2.5452841356132794e-5,0,0,0
TUR.81.6_1,2070,6,aegypti,20.37416842404534,78.57245543616088,2.958327737302905e-4,0.026727953583193825,0.026727953583193825,0.026727953583193825,0,0,0,1,1,1,2.9582839792152704e-5,0,0,0
TUR.81.6_1,2070,7,aegypti,23.542410065146054,73.50627261670711,3.474065629268824e-4,0.07309843478799372,0.07309843478799372,0.07309843478799372,1.3367085216486885e-13,1.3367085216486885e-13,1.3367085216486885e-13,0.9999999999998663,0.9999999999998663,0.9999999999998663,3.3619424815167775e-5,4.493937164336215e-18,4.493937164336215e-18,4.493937164336215e-18
TUR.81.6_1,2070,8,aegypti,27.18487610536463,61.23303808452472,4.1252339475648616e-4,0.10248014656899922,0.10248014656899922,0.10248014656899922,1.8481854935359365e-9,1.8481854935359365e-9,1.8481854935359365e-9,0.9999999981518145,0.9999999981518145,0.9999999981518145,3.992082199022473e-5,7.378108409236376e-14,7.378108409236376e-14,7.378108409236376e-14
TUR.81.6_1,2070,9,aegypti,20.19365619210636,70.04293173574528,3.288010662587594e-4,0.021595795986621,0.021595795986621,0.021595795986621,0,0,0,1,1,1,3.287956608111209e-5,0,0,0
TUR.81.6_1,2070,10,aegypti,17.26932430267334,76.72748803479926,3.240197284992419e-4,0.003020587519270845,0.003020587519270845,0.003020587519270845,0,0,0,1,1,1,3.135625630157346e-5,0,0,0
TUR.81.6_1,2070,11,aegypti,9.488468864384819,75.8742715943292,1.8794751398000623e-4,0,0,0,0,0,0,1,1,1,1.8794574777714068e-5,0,0,0
TUR.81.6_1,2070,12,aegypti,3.8796451898182136,83.47175938688261,1.5458978123189708e-4,0,0,0,0,0,0,1,1,1,1.496018950475353e-5,0,0,0
TUR.81.6_1,2071,1,aegypti,3.9268651429344623,83.26978813776367,1.6445548119846428e-4,0,0,0,0,0,0,1,1,1,1.591491992392058e-5,0,0,0
TUR.81.6_1,2071,2,aegypti,5.858438788967975,79.53155741862219,1.2301767678599777e-4,0,0,0,0,0,0,1,1,1,1.3180378507948731e-5,0,0,0
TUR.81.6_1,2071,3,aegypti,10.468862200484557,69.18078906153944,1.510144560019774e-4,0,0,0,0,0,0,1,1,1,1.4614195405382446e-5,0,0,0
TUR.81.6_1,2071,4,aegypti,13.331959766500137,73.46242487340075,1.9968884255530266e-4,0,0,0,0,0,0,1,1,1,1.9968684878635123e-5,0,0,0
TUR.81.6_1,2071,5,aegypti,15.699238861308379,73.19613737150618,2.7911220082337186e-4,2.346165604601586e-4,2.346165604601586e-4,2.346165604601586e-4,0,0,0,1,1,1,2.701049335429584e-5,0,0,0
TUR.81.6_1,2071,6,aegypti,19.627313641940848,80.01311400549682,3.1393726462341744e-4,0.018827948772044037,0.018827948772044037,0.018827948772044037,0,0,0,1,1,1,3.139323368450686e-5,0,0,0
TUR.81.6_1,2071,7,aegypti,23.068067718954648,70.05157977613094,3.6866728693461695e-4,0.0605309560395301,0.0605309560395301,0.0605309560395301,6.661338147750939e-16,6.661338147750939e-16,6.661338147750939e-16,0.9999999999999993,0.9999999999999993,0.9999999999999993,3.5676842947029996e-5,2.3765551491436996e-20,2.3765551491436996e-20,2.3765551491436996e-20
TUR.81.6_1,2071,8,aegypti,26.33214058595545,66.40478338481769,4.377691643492077e-4,0.1052282080598698,0.1052282080598698,0.1052282080598698,3.869120801525128e-9,3.869120801525128e-9,3.869120801525128e-9,0.9999999961308792,0.9999999961308792,0.9999999961308792,4.2363860466521075e-5,1.6391089376392469e-13,1.6391089376392469e-13,1.6391089376392469e-13
TUR.81.6_1,2071,9,aegypti,21.880297885221594,73.57676047109685,3.489231637352185e-4,0.045481622551824495,0.045481622551824495,0.045481622551824495,0,0,0,1,1,1,3.489170764370275e-5,0,0,0
TUR.81.6_1,2071,10,aegypti,17.973532676696777,73.19779443128364,3.4384921577963436e-4,0.005544842179388473,0.005544842179388473,0.005544842179388473,0,0,0,1,1,1,3.327517692830462e-5,0,0,0
TUR.81.6_1,2071,11,aegypti,10.245990493718315,77.78380223397764,1.9944960014960388e-4,0,0,0,0,0,0,1,1,1,1.9944761115553433e-5,0,0,0
TUR.81.6_1,2071,12,aegypti,6.939036688383887,78.22463566862089,1.6405042770183486e-4,0,0,0,0,0,0,1,1,1,1.5875721821489996e-5,0,0,0
TUR.81.6_1,2072,1,aegypti,5.421170515172621,77.38340508112304,1.6598474303286404e-4,0,0,0,0,0,0,1,1,1,1.606291063838139e-5,0,0,0
TUR.81.6_1,2072,2,aegypti,7.278162776547321,81.93825755289953,1.2859595416461533e-4,0,0,0,0,0,0,1,1,1,1.3302941256232437e-5,0,0,0
TUR.81.6_1,2072,3,aegypti,7.357802057967467,77.67772967433241,1.5241873053465637e-4,0,0,0,0,0,0,1,1,1,1.4750090945536698e-5,0,0,0
TUR.81.6_1,2072,4,aegypti,10.738110584371231,84.68691980748278,2.0154573734196382e-4,0,0,0,0,0,0,1,1,1,2.0154370632186058e-5,0,0,0
TUR.81.6_1,2072,5,aegypti,16.76838120292215,77.56642240568587,2.8170764874109374e-4,0.001658267020050815,0.001658267020050815,0.001658267020050815,0,0,0,1,1,1,2.7261658917532294e-5,0,0,0
TUR.81.6_1,2072,6,aegypti,21.278745679294364,71.43588164465697,3.16856548758466e-4,0.0350512231444545,0.0350512231444545,0.0350512231444545,0,0,0,1,1,1,3.168515289075913e-5,0,0,0
TUR.81.6_1,2072,7,aegypti,21.678751160116757,78.34503299268367,3.720955023239261e-4,0.04547622819579449,0.04547622819579449,0.04547622819579449,0,0,0,1,1,1,3.600859383534605e-5,0,0,0
TUR.81.6_1,2072,8,aegypti,24.4091116400326,69.40559973003253,4.4183995402698325e-4,0.08225500335753919,0.08225500335753919,0.08225500335753919,3.799738301779598e-12,3.799738301779598e-12,3.799738301779598e-12,0.9999999999962003,0.9999999999962003,0.9999999999962003,4.275779108797728e-5,1.6246841649647764e-16,1.6246841649647764e-16,1.6246841649647764e-16
TUR.81.6_1,2072,9,aegypti,22.011414752287024,64.47297400259099,3.521677796856856e-4,0.040287524326325715,0.040287524326325715,0.040287524326325715,0,0,0,1,1,1,3.521615786516996e-5,0,0,0
TUR.81.6_1,2072,10,aegypti,17.166638374328613,71.25065087659614,3.470466493868821e-4,0.0024763677511368824,0.0024763677511368824,0.0024763677511368824,0,0,0,1,1,1,3.3584595642954795e-5,0,0,0
TUR.81.6_1,2072,11,aegypti,11.737522819462944,76.83450719003233,2.0130427023522414e-4,0,0,0,0,0,0,1,1,1,2.0130224407832742e-5,0,0,0
TUR.81.6_1,2072,12,aegypti,3.6433494897449714,85.13136632047636,1.6557592296762423e-4,0,0,0,0,0,0,1,1,1,1.602334804096106e-5,0,0,0
TUR.81.6_1,2073,1,aegypti,5.2775395337273086,83.13753258356445,1.568283538847572e-4,0,0,0,0,0,0,1,1,1,1.5176822303564208e-5,0,0,0
TUR.81.6_1,2073,2,aegypti,7.023814498501666,79.91573558024328,1.173123547386835e-4,0,0,0,0,0,0,1,1,1,1.2569101873083355e-5,0,0,0
TUR.81.6_1,2073,3,aegypti,6.130315447554869,79.68648058985976,1.440106974544146e-4,0,0,0,0,0,0,1,1,1,1.3936421995652815e-5,0,0,0
TUR.81.6_1,2073,4,aegypti,10.094965976827286,77.85006678013903,1.904276600504879e-4,0,0,0,0,0,0,1,1,1,1.904258469276332e-5,0,0,0
TUR.81.6_1,2073,5,aegypti,16.597255790934845,74.52961820646712,2.661675164931501e-4,0.0012754360269594776,0.0012754360269594776,0.0012754360269594776,0,0,0,1,1,1,2.575781501923391e-5,0,0,0
TUR.81.6_1,2073,6,aegypti,21.997938184177176,69.1949224771765,2.9937746115350354e-4,0.04372914039207243,0.04372914039207243,0.04372914039207243,0,0,0,1,1,1,2.993729798550504e-5,0,0,0
TUR.81.6_1,2073,7,aegypti,25.77020471236285,61.864404025398514,3.5156921082698053e-4,0.08920562293354804,0.08920562293354804,0.08920562293354804,3.7583047785005874e-11,3.7583047785005874e-11,3.7583047785005874e-11,0.999999999962417,0.999999999962417,0.999999999962417,3.40222480844643e-5,1.2786597755117465e-15,1.2786597755117465e-15,1.2786597755117465e-15
TUR.81.6_1,2073,8,aegypti,24.7241693945492,72.18916525127277,4.1746627674598346e-4,0.09286018308298827,0.09286018308298827,0.09286018308298827,1.164414120680135e-10,1.164414120680135e-10,1.164414120680135e-10,0.9999999998835586,0.9999999998835586,0.9999999998835586,4.039914619824447e-5,4.704133629665706e-15,4.704133629665706e-15,4.704133629665706e-15
TUR.81.6_1,2073,9,aegypti,20.780173526090735,68.91180914663396,3.3274078189475943e-4,0.027465028243946504,0.027465028243946504,0.027465028243946504,0,0,0,1,1,1,3.327352461346411e-5,0,0,0
TUR.81.6_1,2073,10,aegypti,13.999387741088867,83.00022363050239,3.279021538370488e-4,0,0,0,0,0,0,1,1,1,3.173196303096759e-5,0,0,0
TUR.81.6_1,2073,11,aegypti,10.115354278508354,81.59370823983701,1.9019951324509264e-4,0,0,0,0,0,0,1,1,1,1.9019770446382367e-5,0,0,0
TUR.81.6_1,2073,12,aegypti,6.146327814635108,81.03274113737089,1.5644208598630387e-4,0,0,0,0,0,0,1,1,1,1.5139442105849277e-5,0,0,0
TUR.81.6_1,2074,1,aegypti,3.46447662746205,89.46207176813476,1.62752873643138e-4,0,0,0,0,0,0,1,1,1,1.5750154059523958e-5,0,0,0
TUR.81.6_1,2074,2,aegypti,6.92338687093819,78.99351725748937,1.2174407480929159e-4,0,0,0,0,0,0,1,1,1,1.3043922942546082e-5,0,0,0
TUR.81.6_1,2074,3,aegypti,5.952666903243346,82.42856127833632,1.494510033771168e-4,0,0,0,0,0,0,1,1,1,1.4462895738143189e-5,0,0,0
TUR.81.6_1,2074,4,aegypti,12.756765407674454,75.2031856766234,1.9762146401874464e-4,0,0,0,0,0,0,1,1,1,1.9761951131958e-5,0,0,0
TUR.81.6_1,2074,5,aegypti,17.155328834758087,82.9249505428929,2.762225522787172e-4,0.0029118865184607633,0.0029118865184607633,0.0029118865184607633,0,0,0,1,1,1,2.673085746096593e-5,0,0,0
TUR.81.6_1,2074,6,aegypti,21.05708315793206,77.91126158850463,3.106870722020335e-4,0.03574439501104393,0.03574439501104393,0.03574439501104393,0,0,0,1,1,1,3.106822459286729e-5,0,0,0
TUR.81.6_1,2074,7,aegypti,24.647567917318906,73.8932812836993,3.648504746060632e-4,0.09374148325943411,0.09374148325943411,0.09374148325943411,1.5187517909964754e-10,1.5187517909964754e-10,1.5187517909964754e-10,0.9999999998481248,0.9999999998481248,0.9999999998481248,3.5307487121771786e-5,5.362330930177589e-15,5.362330930177589e-15,5.362330930177589e-15
TUR.81.6_1,2074,8,aegypti,24.259300849016974,77.18601812602863,4.3323694030122744e-4,0.09236432932541765,0.09236432932541765,0.09236432932541765,1.0015677176511417e-10,1.0015677176511417e-10,1.0015677176511417e-10,0.9999999998998432,0.9999999998998432,0.9999999998998432,4.192527662405521e-5,4.199100362024774e-15,4.199100362024774e-15,4.199100362024774e-15
TUR.81.6_1,2074,9,aegypti,21.06156276254093,80.83641928457341,3.453107623091632e-4,0.037342754290077954,0.037342754290077954,0.037342754290077954,0,0,0,1,1,1,3.453048004020687e-5,0,0,0
TUR.81.6_1,2074,10,aegypti,18.40061855316162,77.00405358655708,3.4028934493548216e-4,0.0082542836890917,0.0082542836890917,0.0082542836890917,0,0,0,1,1,1,3.2930684702336954e-5,0,0,0
TUR.81.6_1,2074,11,aegypti,12.271970489445854,74.6655313599542,1.9738469848961166e-4,0,0,0,0,0,0,1,1,1,1.9738275046643494e-5,0,0,0
TUR.81.6_1,2074,12,aegypti,7.453245958861182,76.05223424039823,1.6235201366525688e-4,0,0,0,0,0,0,1,1,1,1.5711361768699916e-5,0,0,0
TUR.81.6_1,2075,1,aegypti,5.059208196752211,83.20355736383789,1.576328373072194e-4,0,0,0,0,0,0,1,1,1,1.5254674353371023e-5,0,0,0
TUR.81.6_1,2075,2,aegypti,5.472402869778522,82.36512217692297,1.1791413268444085e-4,0,0,0,0,0,0,1,1,1,1.26335772689945e-5,0,0,0
TUR.81.6_1,2075,3,aegypti,9.476004267440123,77.25329119776991,1.4474943006168554e-4,0,0,0,0,0,0,1,1,1,1.4007911249058758e-5,0,0,0
TUR.81.6_1,2075,4,aegypti,12.9159594002892,72.54325830845934,1.9140449805136024e-4,0,0,0,0,0,0,1,1,1,1.9140266627859504e-5,0,0,0
TUR.81.6_1,2075,5,aegypti,14.459546173320097,78.6693581967015,2.6753287772606865e-4,0,0,0,0,0,0,1,1,1,2.5889943339296728e-5,0,0,0
TUR.81.6_1,2075,6,aegypti,19.634168652927176,80.33476164953979,3.009131796545968e-4,0.019053583750452928,0.019053583750452928,0.019053583750452928,0,0,0,1,1,1,3.0090865226317653e-5,0,0,0
TUR.81.6_1,2075,7,aegypti,23.27055566451129,74.10350162061336,3.5337265768434065e-4,0.0692595658242063,0.0692595658242063,0.0692595658242063,2.8754776337791554e-14,2.8754776337791554e-14,2.8754776337791554e-14,0.9999999999999712,0.9999999999999712,0.9999999999999712,3.4196769246652714e-5,9.833204511625674e-19,9.833204511625674e-19,9.833204511625674e-19
TUR.81.6_1,2075,8,aegypti,23.106611868914435,77.42582525493488,4.1960775620910375e-4,0.06975328115975056,0.06975328115975056,0.06975328115975056,3.530509218307998e-14,3.530509218307998e-14,3.530509218307998e-14,0.9999999999999647,0.9999999999999647,0.9999999999999647,4.060637775249454e-5,1.4336119097727876e-18,1.4336119097727876e-18,1.4336119097727876e-18
TUR.81.6_1,2075,9,aegypti,20.575177417081946,79.37129324697575,3.344476444383028e-4,0.02990587363308043,0.02990587363308043,0.02990587363308043,0,0,0,1,1,1,3.344420517392699e-5,0,0,0
TUR.81.6_1,2075,10,aegypti,14.59675121307373,75.36132287366645,3.2958419563891203e-4,0,0,0,0,0,0,1,1,1,3.189473609133131e-5,0,0,0
TUR.81.6_1,2075,11,aegypti,9.913035133305717,83.27523442391904,1.9117518091982e-4,0,0,0,0,0,0,1,1,1,1.9117335353424636e-5,0,0,0
TUR.81.6_1,2075,12,aegypti,6.404319128569434,80.96725804410917,1.572445879678261e-4,0,0,0,0,0,0,1,1,1,1.521710240914853e-5,0,0,0
