district_id,year,month,species,temp_c,rh,lambda_import,lambda_local_i1_mean,lambda_local_i1_p2_5,lambda_local_i1_p97_5,p_establishment_mean,p_establishment_p2_5,p_establishment_p97_5,q_extinction_mean,q_extinction_p2_5,q_extinction_p97_5,q_import_month,p_month_major_mean,p_month_major_p2_5,p_month_major_p97_5
TUR.10.4_1,2025,1,aegypti,2.7727157944429885,76.6627035987201,9.743674345105856e-4,0,0,0,0,0,0,1,1,1,9.42891771906762e-5,0,0,0
TUR.10.4_1,2025,2,aegypti,3.4530387025408666,78.01872972929112,7.288563279005163e-4,0,0,0,0,0,0,1,1,1,7.808870033665372e-5,0,0,0
TUR.10.4_1,2025,3,aegypti,3.8387143799268144,80.33849302445594,8.947319176980554e-4,0,0,0,0,0,0,1,1,1,8.658321123466983e-5,0,0,0
TUR.10.4_1,2025,4,aegypti,8.20473734070273,78.41148624138377,0.0011831183965598066,0,0,0,0,0,0,1,1,1,1.1830484108632522e-4,0,0,0
TUR.10.4_1,2025,5,aegypti,13.103286630967084,84.1166521144556,0.0016536866821037998,0,0,0,0,0,0,1,1,1,1.600213902536174e-4,0,0,0
TUR.10.4_1,2025,6,aegypti,17.328715885386746,85.52858339148244,0.0018600185588174033,0.0036657631109143023,0.0036375552152679673,0.003694045346869003,0,0,0,1,1,1,1.859845586089648e-4,0,0,0
TUR.10.4_1,2025,7,aegypti,20.174097117255716,89.0994218122265,0.0021842835273149603,0.028717707919469055,0.028574474478320937,0.028846316694841497,0,0,0,1,1,1,2.1135993717757984e-4,0,0,0
TUR.10.4_1,2025,8,aegypti,21.26083469390869,91.83991493396837,0.0025936990027107935,0.048321605306600963,0.048104230913479214,0.04851535616937842,0,0,0,1,1,1,2.5097163064458083e-4,0,0,0
TUR.10.4_1,2025,9,aegypti,16.832815703223734,89.47135575471722,0.0020673033541503912,0.00220870859401313,0.002190815440561013,0.0022270288833091006,0,0,0,1,1,1,2.0670896817165385e-4,0,0,0
TUR.10.4_1,2025,10,aegypti,14.24745183832505,84.5692496184529,0.002037241177953561,0,0,0,0,0,0,1,1,1,1.9713293880829763e-4,0,0,0
TUR.10.4_1,2025,11,aegypti,8.906155396910275,82.83230937593409,0.0011817009308276337,0,0,0,0,0,0,1,1,1,1.1816311127232915e-4,0,0,0
TUR.10.4_1,2025,12,aegypti,4.970334209501743,70.2164687695517,9.719675696141759e-4,0,0,0,0,0,0,1,1,1,9.405695407194159e-5,0,0,0
TUR.10.4_1,2026,1,aegypti,1.8115797676693868,80.1125327002826,0.001108895228430962,0,0,0,0,0,0,1,1,1,1.073066836869696e-4,0,0,0
TUR.10.4_1,2026,2,aegypti,3.0632181268267553,77.09554247343175,8.294871889130389e-4,0,0,0,0,0,0,1,1,1,8.886967823973357e-5,0,0,0
TUR.10.4_1,2026,3,aegypti,6.078476447721615,72.78224149857704,0.0010182646906283473,0,0,0,0,0,0,1,1,1,9.853688917615955e-5,0,0,0
TUR.10.4_1,2026,4,aegypti,11.10763279129477,72.5617624254658,0.0013464677678529362,0,0,0,0,0,0,1,1,1,1.3463771231492228e-4,0,0,0
TUR.10.4_1,2026,5,aegypti,17.62525261149687,75.90224323994389,0.001882005910866483,0.004233885793578024,0.004200093473743127,0.004266195559605471,0,0,0,1,1,1,1.821130196878462e-4,0,0,0
TUR.10.4_1,2026,6,aegypti,16.925881946788113,87.71531282263479,0.002116825369581095,0.002412390956588273,0.0023922850868270786,0.0024318946901148416,0,0,0,1,1,1,2.1166013379070314e-4,0,0,0
TUR.10.4_1,2026,7,aegypti,21.25227170832017,81.73313458078118,0.002485860564702192,0.04103067800518389,0.04084461967639869,0.04121943316927942,0,0,0,1,1,1,2.4053821746583548e-4,0,0,0
TUR.10.4_1,2026,8,aegypti,19.769139289855957,83.774881974984,0.0029518027247460283,0.021531280421188015,0.02141055911831321,0.02164186590417502,0,0,0,1,1,1,2.856175317457188e-4,0,0,0
TUR.10.4_1,2026,9,aegypti,22.450978812049417,74.76035721956097,0.002352729313339738,0.0554129910397583,0.05512572314119379,0.055676881590218004,4.996003610813204e-18,0,1.1102230246251565e-16,1,0.9999999999999999,1,2.352452568282759e-4,1.175286152540746e-21,0,2.6117470056461024e-20
TUR.10.4_1,2026,10,aegypti,13.548200663398292,83.82819126884353,0.0023185165486677953,0,0,0,0,0,0,1,1,1,2.2434739958354655e-4,0,0,0
TUR.10.4_1,2026,11,aegypti,11.63870077273425,75.7367817270083,0.0013448545971627025,0,0,0,0,0,0,1,1,1,1.3447641695218948e-4,0,0,0
TUR.10.4_1,2026,12,aegypti,6.568831123411655,70.75977321291107,0.0011061640218673475,0,0,0,0,0,0,1,1,1,1.0704240170167356e-4,0,0,0
TUR.10.4_1,2027,1,aegypti,2.6312952512491714,82.39309605477479,0.0010556501373488653,0,0,0,0,0,0,1,1,1,1.0215447258765664e-4,0,0,0
TUR.10.4_1,2027,2,aegypti,4.10417414718198,76.04988817655675,7.896582494490282e-4,0,0,0,0,0,0,1,1,1,8.460266200527311e-5,0,0,0
TUR.10.4_1,2027,3,aegypti,5.848443526884212,74.95265165482704,9.693713463266454e-4,0,0,0,0,0,0,1,1,1,9.380573025696837e-5,0,0,0
TUR.10.4_1,2027,4,aegypti,10.344501649632173,68.8018976183369,0.0012818153127784574,0,0,0,0,0,0,1,1,1,1.2817331637637874e-4,0,0,0
TUR.10.4_1,2027,5,aegypti,14.772794611313763,81.68725453144779,0.0017916388738625276,1.4430185730220804e-6,1.417373241597128e-6,1.4680148687711141e-6,0,0,0,1,1,1,1.733693769403466e-4,0,0,0
TUR.10.4_1,2027,6,aegypti,16.155334079966824,90.16433320837697,0.0020151831614459593,8.132308572266021e-4,8.050264432846197e-4,8.21410729169334e-4,0,0,0,1,1,1,2.0149801269253587e-4,0,0,0
TUR.10.4_1,2027,7,aegypti,20.839901026557474,91.30192883126946,0.00236649863691011,0.040287843238190124,0.04010918521970606,0.04046576261386464,0,0,0,1,1,1,2.2898977495866557e-4,0,0,0
TUR.10.4_1,2027,8,aegypti,21.258151054382324,90.72874702625353,0.0028100679594536657,0.047438156746264074,0.04721937702360579,0.0476358584055582,0,0,0,1,1,1,2.7190508770169597e-4,0,0,0
TUR.10.4_1,2027,9,aegypti,20.6839461887584,89.09328110872113,0.002239759861070071,0.036384952856969216,0.036223094466585316,0.03654746364808507,0,0,0,1,1,1,2.2395090535831663e-4,0,0,0
TUR.10.4_1,2027,10,aegypti,13.879729327033546,86.98307560722243,0.0022071898681626932,0,0,0,0,0,0,1,1,1,2.135762088532056e-4,0,0,0
TUR.10.4_1,2027,11,aegypti,8.96229581973132,80.0199848520083,0.001280279600641683,0,0,0,0,0,0,1,1,1,1.280197648346748e-4,0,0,0
TUR.10.4_1,2027,12,aegypti,5.528267063200474,73.32498164796966,0.0010530500733301146,0,0,0,0,0,0,1,1,1,1.0190287916145291e-4,0,0,0
TUR.10.4_1,2028,1,aegypti,3.0632868880022537,78.05544957039979,0.0010027408839224422,0,0,0,0,0,0,1,1,1,9.703473220534775e-5,0,0,0
TUR.10.4_1,2028,2,aegypti,4.153016577296726,79.47307543241612,7.768691169545937e-4,0,0,0,0,0,0,1,1,1,8.036254147736344e-5,0,0,0
TUR.10.4_1,2028,3,aegypti,7.739366073270931,67.88737455521766,9.207863915082671e-4,0,0,0,0,0,0,1,1,1,8.910439043652296e-5,0,0,0
TUR.10.4_1,2028,4,aegypti,10.642464792027193,76.00086459831736,0.0012175706460747834,0,0,0,0,0,0,1,1,1,1.2174965251687819e-4,0,0,0
TUR.10.4_1,2028,5,aegypti,15.21073330149931,73.89347706562748,0.0017018418171748945,4.8388602008346905e-5,4.762030952724639e-5,4.91340294374136e-5,0,0,0,1,1,1,1.6468080803089258e-4,0,0,0
TUR.10.4_1,2028,6,aegypti,17.909264171824734,86.30735383825979,0.0019141820505500973,0.006409938169185399,0.006361912532755525,0.006454735078030813,0,0,0,1,1,1,1.9139988575933575e-4,0,0,0
TUR.10.4_1,2028,7,aegypti,20.41263204462388,88.21127636544915,0.0022478895715733593,0.031743336333809186,0.03159493346741391,0.031891124549226664,0,0,0,1,1,1,2.1751404086489678e-4,0,0,0
TUR.10.4_1,2028,8,aegypti,20.729853630065918,88.99398292713244,0.002669227170870439,0.03706512218944109,0.036886362051821296,0.037233621019386785,0,0,0,1,1,1,2.582789471069491e-4,0,0,0
TUR.10.4_1,2028,9,aegypti,18.396689947913675,85.1749156302055,0.002127502951407467,0.009295518021057514,0.009236318765169825,0.009351888912242487,0,0,0,1,1,1,2.1272766540159083e-4,0,0,0
TUR.10.4_1,2028,10,aegypti,13.963743265937355,84.63095616142165,0.0020965653686593508,0,0,0,0,0,0,1,1,1,2.028728412949432e-4,0,0,0
TUR.10.4_1,2028,11,aegypti,9.696109105558957,78.15791667573878,0.0012161119039300167,0,0,0,0,0,0,1,1,1,1.2160379605197225e-4,0,0,0
TUR.10.4_1,2028,12,aegypti,3.9012750759720802,76.00812526369232,0.0010002711352811312,0,0,0,0,0,0,1,1,1,9.679574743581831e-5,0,0,0
TUR.10.4_1,2029,1,aegypti,-0.06905628502478489,81.89533909676697,9.467095423083084e-4,0,0,0,0,0,0,1,1,1,9.161285576742006e-5,0,0,0
TUR.10.4_1,2029,2,aegypti,1.2513954032294672,74.52103380643956,7.081673875336355e-4,0,0,0,0,0,0,1,1,1,7.587219879490181e-5,0,0,0
TUR.10.4_1,2029,3,aegypti,4.555977363248958,74.16633573685829,8.693345182641761e-4,0,0,0,0,0,0,1,1,1,8.412560817139259e-5,0,0,0
TUR.10.4_1,2029,4,aegypti,7.5291644685408645,80.99514255241893,0.0011495350070543698,0,0,0,0,0,0,1,1,1,1.1494689380497913e-4,0,0,0
TUR.10.4_1,2029,5,aegypti,15.89919651255888,82.47756062275639,0.0016067459835849276,4.365034966885038e-4,4.311718586297245e-4,4.417025560728936e-4,0,0,0,1,1,1,1.5547945861449364e-4,0,0,0
TUR.10.4_1,2029,6,aegypti,18.625439251170437,88.45271669226369,0.001807221029905893,0.011516172600364407,0.011443795226383073,0.011588580861325557,0,0,0,1,1,1,1.8070577373507923e-4,0,0,0
TUR.10.4_1,2029,7,aegypti,20.593732889960794,87.38492901437493,0.0021222815800023102,0.03404096826454888,0.03387596327769021,0.034198779728223015,0,0,0,1,1,1,2.0536099892998205e-4,0,0,0
TUR.10.4_1,2029,8,aegypti,23.094706535339355,87.40546669178087,0.0025200755985602214,0.08303746073511162,0.08269804669126034,0.08334136611391732,4.97465524329499e-12,4.423464372571573e-12,5.507716505093185e-12,0.9999999999950253,0.9999999999944923,0.9999999999955765,2.4384854784031962e-4,1.2130624570837151e-15,1.0786553636749684e-15,1.3430486716831334e-15
TUR.10.4_1,2029,9,aegypti,20.609277304481058,82.10453446565472,0.0020086219457890607,0.031564950628427894,0.03140346885081932,0.031717926145482994,0,0,0,1,1,1,2.0084202311887456e-4,0,0,0
TUR.10.4_1,2029,10,aegypti,15.26201539881089,82.56282566825759,0.0019794130990439026,7.047301341305317e-5,6.951436543682446e-5,7.141275478088594e-5,0,0,0,1,1,1,1.9153776065961026e-4,0,0,0
TUR.10.4_1,2029,11,aegypti,8.696533967466916,78.67714274995753,0.0011481577767744834,0,0,0,0,0,0,1,1,1,1.1480918659834138e-4,0,0,0
TUR.10.4_1,2029,12,aegypti,2.803877867758274,84.50752254152435,9.443777987409313e-4,0,0,0,0,0,0,1,1,1,9.138722381141218e-5,0,0,0
TUR.10.4_1,2030,1,aegypti,2.0812694007147323,81.11514195321229,0.001118426643710194,0,0,0,0,0,0,1,1,1,1.0822897930951036e-4,0,0,0
TUR.10.4_1,2030,2,aegypti,3.3394844632677954,79.3242183157169,8.366169759872602e-4,0,0,0,0,0,0,1,1,1,8.963351581781076e-5,0,0,0
TUR.10.4_1,2030,3,aegypti,6.097055930753841,81.20865598832313,0.0010270170987745075,0,0,0,0,0,0,1,1,1,9.938381259599893e-5,0,0,0
TUR.10.4_1,2030,4,aegypti,9.553248559727388,75.92681369499705,0.0013580412178295096,0,0,0,0,0,0,1,1,1,1.357949008206072e-4,0,0,0
TUR.10.4_1,2030,5,aegypti,14.085527307846966,82.1176286769556,0.0018981825337200404,0,0,0,0,0,0,1,1,1,1.8367821299947185e-4,0,0,0
TUR.10.4_1,2030,6,aegypti,16.334979618296902,87.55794130163869,0.0021350203632592973,0.0010568885460615933,0.0010470268631140517,0.001067091251477726,0,0,0,1,1,1,2.1347924638814852e-4,0,0,0
TUR.10.4_1,2030,7,aegypti,21.730730112861185,88.12659771554681,0.002507227569231527,0.05441603438288307,0.05418756747047634,0.05464571136842885,0,0,0,1,1,1,2.4260549258159347e-4,0,0,0
TUR.10.4_1,2030,8,aegypti,21.35123348236084,88.89104713611681,0.002977174695758774,0.04778604807457049,0.04758115206344319,0.04797424595832829,0,0,0,1,1,1,2.8807217947413033e-4,0,0,0
TUR.10.4_1,2030,9,aegypti,17.787962492774515,89.38860734163129,0.002372951999442187,0.006039662210997253,0.005997071642567792,0.0060786850746808885,0,0,0,1,1,1,2.3726704766513507e-4,0,0,0
TUR.10.4_1,2030,10,aegypti,15.952996310065773,89.45556401054274,0.0023384451618410993,5.475673224927819e-4,5.415582225876657e-4,5.537561071376465e-4,0,0,0,1,1,1,2.2627554052168097e-4,0,0,0
TUR.10.4_1,2030,11,aegypti,8.339932252379025,80.52697337739893,0.0013564141812668553,0,0,0,0,0,0,1,1,1,1.3563221924539626e-4,0,0,0
TUR.10.4_1,2030,12,aegypti,7.568289913237095,68.54917903566498,0.001115671961291238,0,0,0,0,0,0,1,1,1,1.0796242595634276e-4,0,0,0
TUR.10.4_1,2031,1,aegypti,7.0872639292467605,75.07182988045838,0.0010699069054101512,0,0,0,0,0,0,1,1,1,1.0353401792650985e-4,0,0,0
TUR.10.4_1,2031,2,aegypti,-0.005418528980739801,82.81417040311925,8.003227434056613e-4,0,0,0,0,0,0,1,1,1,8.574518903603501e-5,0,0,0
TUR.10.4_1,2031,3,aegypti,4.4884350487195395,71.35575834428016,9.824629019101485e-4,0,0,0,0,0,0,1,1,1,9.507253534357663e-5,0,0,0
TUR.10.4_1,2031,4,aegypti,9.802941953434663,78.92804202751658,0.0012991264871582392,0,0,0,0,0,0,1,1,1,1.2990421043312939e-4,0,0,0
TUR.10.4_1,2031,5,aegypti,15.473847277024213,84.3760515285181,0.0018158353182814988,1.5316869946944379e-4,1.5113547054419526e-4,1.5514099689475347e-4,0,0,0,1,1,1,1.7571055963438997e-4,0,0,0
TUR.10.4_1,2031,6,aegypti,18.34330996345071,82.86524568396291,0.0020423986165643525,0.008624458961259459,0.008567460231112234,0.008680376159294406,0,0,0,1,1,1,2.0421900611578003e-4,0,0,0
TUR.10.4_1,2031,7,aegypti,19.880952891181497,89.76913769357415,0.0023984586783955468,0.025024137747993367,0.024899173389697157,0.02514765999905078,0,0,0,1,1,1,2.3208196917312574e-4,0,0,0
TUR.10.4_1,2031,8,aegypti,22.842034339904785,86.93377174549181,0.002848018494121329,0.07661854881427124,0.07628439617646203,0.07691615745209582,5.090442511956894e-13,4.4895476225548234e-13,5.67343394486386e-13,0.999999999999491,0.9999999999994327,0.999999999999551,2.7557671473921186e-4,1.4028074240139022e-16,1.2372147844888974e-16,1.5634662878155092e-16
TUR.10.4_1,2031,9,aegypti,18.73101573831895,87.38796647249066,0.002270008269820764,0.01218945285738279,0.0121161310853927,0.012265226068003092,0,0,0,1,1,1,2.269750642437396e-4,0,0,0
TUR.10.4_1,2031,10,aegypti,17.133945521186376,80.60846470634353,0.0022369984125888247,0.0027537887847147156,0.002729137622905561,0.002776770476416726,0,0,0,1,1,1,2.1646028643818038e-4,0,0,0
TUR.10.4_1,2031,11,aegypti,7.03617220065173,83.1657596933169,0.0012975700349192583,0,0,0,0,0,0,1,1,1,1.2974858541603407e-4,0,0,0
TUR.10.4_1,2031,12,aegypti,6.346404708921909,68.79244990968841,0.001067271727002316,0,0,0,0,0,0,1,1,1,1.0327902703166636e-4,0,0,0
TUR.10.4_1,2032,1,aegypti,3.420297610162593,80.62798222420838,9.436807622012001e-4,0,0,0,0,0,0,1,1,1,9.131977482468301e-5,0,0,0
TUR.10.4_1,2032,2,aegypti,2.7858077388338964,84.3694072195255,7.311125457960161e-4,0,0,0,0,0,0,1,1,1,7.562947227102157e-5,0,0,0
TUR.10.4_1,2032,3,aegypti,3.038943547865047,83.96775022660438,8.665532818049753e-4,0,0,0,0,0,0,1,1,1,8.385647886233194e-5,0,0,0
TUR.10.4_1,2032,4,aegypti,8.550466691746431,76.36912784294627,0.0011458573333791879,0,0,0,0,0,0,1,1,1,1.1457916864354711e-4,0,0,0
TUR.10.4_1,2032,5,aegypti,15.885250933030072,78.6175066066431,0.0016016055682254366,3.969386738744945e-4,3.924141230193695e-4,4.0154438790238e-4,0,0,0,1,1,1,1.5498207628461547e-4,0,0,0
TUR.10.4_1,2032,6,aegypti,19.066153133616726,82.75570283728322,0.001801439240603146,0.01413935998868691,0.01405456632652682,0.01422395792833196,0,0,0,1,1,1,1.801276991179046e-4,0,0,0
TUR.10.4_1,2032,7,aegypti,21.228212412665872,90.21097881906243,0.0021154918267105873,0.04649961733807687,0.046286521329273814,0.04669925295446796,0,0,0,1,1,1,2.0470406075212555e-4,0,0,0
TUR.10.4_1,2032,8,aegypti,19.789685249328613,89.79706062488634,0.002512013194517353,0.02385994582994957,0.023741598585972988,0.02398251804954837,0,0,0,1,1,1,2.430685051453274e-4,0,0,0
TUR.10.4_1,2032,9,aegypti,19.41162639505723,85.7099726980766,0.002002195820435688,0.018194353310384066,0.01810035510365796,0.018297512573526947,0,0,0,1,1,1,2.0019953944072633e-4,0,0,0
TUR.10.4_1,2032,10,aegypti,14.348957117866066,86.99229191581618,0.0019730804206983185,0,0,0,0,0,0,1,1,1,1.9092503801387828e-4,0,0,0
TUR.10.4_1,2032,11,aegypti,3.6267109408098115,88.24026836030909,0.0011444845092317933,0,0,0,0,0,0,1,1,1,1.1444190194909165e-4,0,0,0
TUR.10.4_1,2032,12,aegypti,4.711878456175327,72.46118159914154,9.413564785127152e-4,0,0,0,0,0,0,1,1,1,9.109486466041261e-5,0,0,0
TUR.10.4_1,2033,1,aegypti,2.293148683904506,79.93535527108338,0.0010881121453231366,0,0,0,0,0,0,1,1,1,1.0529563137973152e-4,0,0,0
TUR.10.4_1,2033,2,aegypti,2.1726217370562475,80.64141039335362,8.139408137983681e-4,0,0,0,0,0,0,1,1,1,8.720414183327474e-5,0,0,0
TUR.10.4_1,2033,3,aegypti,5.702783126493587,74.81544462357704,9.99180218850939e-4,0,0,0,0,0,0,1,1,1,9.669018509150806e-5,0,0,0
TUR.10.4_1,2033,4,aegypti,9.368114625706392,76.47416171745799,0.0013212320640607108,0,0,0,0,0,0,1,1,1,1.321144785195738e-4,0,0,0
TUR.10.4_1,2033,5,aegypti,14.300975687363568,79.99907551533451,0.001846733069706997,0,0,0,0,0,0,1,1,1,1.7870013474852176e-4,0,0,0
TUR.10.4_1,2033,6,aegypti,19.336762035594266,80.08948884802541,0.0020771515063947527,0.015988692646018283,0.015894130390358148,0.01608148357164281,0,0,0,1,1,1,2.076935793411394e-4,0,0,0
TUR.10.4_1,2033,7,aegypti,20.741363581489114,91.57211620919915,0.0024392701877341406,0.03877093851936071,0.03859931219064415,0.03893867715359086,0,0,0,1,1,1,2.3603054567145065e-4,0,0,0
TUR.10.4_1,2033,8,aegypti,20.70390224456787,90.51702369861681,0.0028964795889137042,0.037519484956982374,0.03735610846977214,0.037682412953062246,0,0,0,1,1,1,2.8026519471713307e-4,0,0,0
TUR.10.4_1,2033,9,aegypti,17.630489882300882,87.16402085481488,0.0023086341025428223,0.005061223775089838,0.005023378281545563,0.005096161058792605,0,0,0,1,1,1,2.308367633477859e-4,0,0,0
TUR.10.4_1,2033,10,aegypti,14.004682596992042,85.539853561324,0.0022750625587123936,0,0,0,0,0,0,1,1,1,2.2014310934037606e-4,0,0,0
TUR.10.4_1,2033,11,aegypti,11.30773382327136,79.33322490327784,0.0013196491276610237,0,0,0,0,0,0,1,1,1,1.3195620577999279e-4,0,0,0
TUR.10.4_1,2033,12,aegypti,7.527955211699009,74.3264312329306,0.0010854321274485351,0,0,0,0,0,0,1,1,1,1.0503630208669179e-4,0,0,0
TUR.10.4_1,2034,1,aegypti,2.9014723175753128,75.78351506112244,0.0011076159297379955,0,0,0,0,0,0,1,1,1,1.0718289386490998e-4,0,0,0
TUR.10.4_1,2034,2,aegypti,3.471599112086765,77.9221187063419,8.285302347758024e-4,0,0,0,0,0,0,1,1,1,8.876715654593248e-5,0,0,0
TUR.10.4_1,2034,3,aegypti,4.95432950939764,74.93074003373329,0.0010170899496299054,0,0,0,0,0,0,1,1,1,9.84232157590359e-5,0,0,0
TUR.10.4_1,2034,4,aegypti,8.342322026982027,78.83771762566111,0.0013449143889480845,0,0,0,0,0,0,1,1,1,1.3448239532665163e-4,0,0,0
TUR.10.4_1,2034,5,aegypti,14.842333681443158,74.5702882838892,0.0018798346978968561,3.741319457513447e-6,3.676964418855958e-6,3.8052857285043333e-6,0,0,0,1,1,1,1.8190294054676315e-4,0,0,0
TUR.10.4_1,2034,6,aegypti,17.752832973704617,85.54352937536916,0.0021143832525450474,0.0055234541649823235,0.0054864350024983145,0.005563190322994745,0,0,0,1,1,1,2.1141597374718657e-4,0,0,0
TUR.10.4_1,2034,7,aegypti,21.009687479804544,94.78009350412103,0.0024829927029874116,0.04568422891974599,0.045493064112118606,0.04587030371055565,0,0,0,1,1,1,0.00024026074918048757,0,0,0
TUR.10.4_1,2034,8,aegypti,22.404242515563965,94.62647499256212,0.002948397319734948,0.07607201042505163,0.07579425798149296,0.07635512569644835,4.153334343115489e-13,3.738120923912902e-13,4.608702308672718e-13,0.9999999999995847,0.9999999999995391,0.9999999999996262,2.852880704945493e-4,1.1848967408661643e-16,1.0664413056584137e-16,1.3148077891250148e-16
TUR.10.4_1,2034,9,aegypti,19.345094260047464,84.39038499055707,0.0023500150410998635,0.017158622591208896,0.017057753223846336,0.017256953914009256,0,0,0,1,1,1,2.349738934194212e-4,0,0,0
TUR.10.4_1,2034,10,aegypti,15.88297658808091,80.50563572685134,0.0023158417466537864,4.076966292918426e-4,4.029025876206648e-4,4.127305514596229e-4,0,0,0,1,1,1,2.2408860581490941e-4,0,0,0
TUR.10.4_1,2034,11,aegypti,10.381844808073605,78.50331462495753,0.0013433030793238037,0,0,0,0,0,0,1,1,1,1.343212860205334e-4,0,0,0
TUR.10.4_1,2034,12,aegypti,5.088896907866001,79.13405604982513,0.0011048878740843114,0,0,0,0,0,0,1,1,1,1.0691891674108334e-4,0,0,0
TUR.10.4_1,2035,1,aegypti,3.25796352565179,75.98173436043885,0.0010714504373884784,0,0,0,0,0,0,1,1,1,1.0368337651245341e-4,0,0,0
TUR.10.4_1,2035,2,aegypti,5.037542114787571,74.83914141142003,8.014773520367323e-4,0,0,0,0,0,0,1,1,1,8.586888648864921e-5,0,0,0
TUR.10.4_1,2035,3,aegypti,3.5717179962598222,82.28731504594032,9.83880280281061e-4,0,0,0,0,0,0,1,1,1,9.520968794229923e-5,0,0,0
TUR.10.4_1,2035,4,aegypti,10.434493219151216,75.82954654411814,0.0013010007093608258,0,0,0,0,0,0,1,1,1,1.3009160828880706e-4,0,0,0
TUR.10.4_1,2035,5,aegypti,12.896180040696088,83.75161610371342,0.0018184549853450262,0,0,0,0,0,0,1,1,1,1.7596403122432935e-4,0,0,0
TUR.10.4_1,2035,6,aegypti,18.266579235301297,83.48253999548635,0.0020453451416883772,0.008210833964421488,0.008154242427746948,0.008264197445733756,0,0,0,1,1,1,2.0451359841111572e-4,0,0,0
TUR.10.4_1,2035,7,aegypti,20.77722173578599,90.08864147775384,0.0024019188838116253,0.03848751193369095,0.038316852340664086,0.03866681324326999,0,0,0,1,1,1,2.324167499910823e-4,0,0,0
TUR.10.4_1,2035,8,aegypti,20.23568820953369,86.94066871814806,0.0028521272699394066,0.028621179555984713,0.02848147903317021,0.028755896595920864,0,0,0,1,1,1,2.75974228550635e-4,0,0,0
TUR.10.4_1,2035,9,aegypti,20.56753688700059,82.38528092561566,0.002273283162559392,0.03111555169013345,0.030969904183649668,0.031276970882193035,0,0,0,1,1,1,2.2730247913216317e-4,0,0,0
TUR.10.4_1,2035,10,aegypti,13.552136477302101,82.61310337821853,0.002240225682707223,0,0,0,0,0,0,1,1,1,2.1677253524843287e-4,0,0,0
TUR.10.4_1,2035,11,aegypti,7.138646413298215,81.64822734468409,0.0012994420116612432,0,0,0,0,0,0,1,1,1,1.2993575878406105e-4,0,0,0
TUR.10.4_1,2035,12,aegypti,7.958253063261509,73.49933620119232,0.001068811457264699,0,0,0,0,0,0,1,1,1,1.0342801778584487e-4,0,0,0
TUR.10.4_1,2036,1,aegypti,5.890565740465022,74.74159916756776,0.001183952796833043,0,0,0,0,0,0,1,1,1,1.1456951352484257e-4,0,0,0
TUR.10.4_1,2036,2,aegypti,5.360874901347629,80.88906816923253,9.17262254425789e-4,0,0,0,0,0,0,1,1,1,9.488469689611367e-5,0,0,0
TUR.10.4_1,2036,3,aegypti,4.9154653736554526,79.58031431351844,0.0010871877680379272,0,0,0,0,0,0,1,1,1,1.0520618492870781e-4,0,0,0
TUR.10.4_1,2036,4,aegypti,12.149442827000337,76.59858188347361,0.001437605860970911,0,0,0,0,0,0,1,1,1,1.4375025303925426e-4,0,0,0
TUR.10.4_1,2036,5,aegypti,15.228549845078412,80.93826924092045,0.002009392866609684,5.957696286025892e-5,5.875034516009257e-5,6.0424655353082046e-5,0,0,0,1,1,1,1.9443846857836178e-4,0,0,0
TUR.10.4_1,2036,6,aegypti,20.13701685737161,81.74438844519338,0.002260106502819811,0.025173859152882547,0.025044999378369997,0.025308385945777122,0,0,0,1,1,1,2.259851117989431e-4,0,0,0
TUR.10.4_1,2036,7,aegypti,21.111814554999857,85.72367413156243,0.002654120509004754,0.04134936962733618,0.04117027319643272,0.04154334607384571,0,0,0,1,1,1,2.568173886063896e-4,0,0,0
TUR.10.4_1,2036,8,aegypti,20.531723976135254,90.99512733631212,0.0031516008023656466,0.0349943461644455,0.0348345690351658,0.03516449413912901,0,0,0,1,1,1,3.04947120207566e-4,0,0,0
TUR.10.4_1,2036,9,aegypti,17.962399061988382,88.61554368196332,0.0025119780293951276,0.006941730516794759,0.006895548641732911,0.006986012228369407,0,0,0,1,1,1,2.511662554129934e-4,0,0,0
TUR.10.4_1,2036,10,aegypti,17.38527971155503,81.76816319267165,0.0024754495121987355,0.0036680066829946375,0.003637504565414943,0.0036983989165791722,0,0,0,1,1,1,2.3953093809581105e-4,0,0,0
TUR.10.4_1,2036,11,aegypti,12.881497670622434,77.77126659028956,0.0014358834999204683,0,0,0,0,0,0,1,1,1,1.43578041678305e-4,0,0,0
TUR.10.4_1,2036,12,aegypti,6.8016873970627785,76.49552913332123,0.00118103672363982,0,0,0,0,0,0,1,1,1,1.1428734518503791e-4,0,0,0
TUR.10.4_1,2037,1,aegypti,3.854436981080867,80.03665837166932,0.0011809812143385758,0,0,0,0,0,0,1,1,1,1.1428197393104078e-4,0,0,0
TUR.10.4_1,2037,2,aegypti,8.924288998179904,69.39387468778722,8.83409687880897e-4,0,0,0,0,0,0,1,1,1,9.464655871904704e-5,0,0,0
TUR.10.4_1,2037,3,aegypti,7.742962379118099,75.23202482377235,0.0010844590544031082,0,0,0,0,0,0,1,1,1,1.0494214361411736e-4,0,0,0
TUR.10.4_1,2037,4,aegypti,11.686494027867036,77.23005923943064,0.001433997639070653,0,0,0,0,0,0,1,1,1,1.433894826523563e-4,0,0,0
TUR.10.4_1,2037,5,aegypti,16.63603676066679,84.2167726588892,0.002004349526467326,0.0015698517706425963,0.0015561580844217176,0.0015843675425334153,0,0,0,1,1,1,1.9395049818282661e-4,0,0,0
TUR.10.4_1,2037,6,aegypti,18.7235990412095,87.66440950232229,0.002254433900890599,0.012177111456520943,0.012106822698189298,0.012246432176038729,0,0,0,1,1,1,2.254179796375988e-4,0,0,0
TUR.10.4_1,2037,7,aegypti,22.28196912653306,88.15729839914056,0.002647458978187088,0.06576367957246046,0.06549658725517607,0.0660361054519217,6.59783339074238e-15,5.88418203051333e-15,7.438494264988549e-15,0.9999999999999934,0.9999999999999926,0.9999999999999941,2.561728896869342e-4,1.6901860453794188e-18,1.5073679142005316e-18,1.905540570781804e-18
TUR.10.4_1,2037,8,aegypti,22.94688129425049,93.72557319812853,0.0031436906544282375,0.08855428740908393,0.08823889557064632,0.0888657697462255,3.0604707212944504e-11,2.7639604494034133e-11,3.374801549327344e-11,0.9999999999693953,0.999999999966252,0.9999999999723604,3.0418185516356555e-4,9.309396616771214e-15,8.407466170982525e-15,1.0265533960832667e-14
TUR.10.4_1,2037,9,aegypti,20.16096263773301,78.94185288606488,0.0025056732595102097,0.024381334498680764,0.02424651577451182,0.024514828868637387,0,0,0,1,1,1,2.505359365804205e-4,0,0,0
TUR.10.4_1,2037,10,aegypti,17.191452082465673,78.19503544608962,0.0024692364246026214,0.002825178220596054,0.0028007662178433403,0.002851087409905896,0,0,0,1,1,1,2.389298153954167e-4,0,0,0
TUR.10.4_1,2037,11,aegypti,8.993366528959836,80.02847636812159,0.0014322796009441985,0,0,0,0,0,0,1,1,1,1.432177034598192e-4,0,0,0
TUR.10.4_1,2037,12,aegypti,7.296200908720493,73.2163238110556,0.0011780724601466478,0,0,0,0,0,0,1,1,1,1.1400051371979192e-4,0,0,0
TUR.10.4_1,2038,1,aegypti,3.6935728663195144,84.1640463721576,0.0010908692051408604,0,0,0,0,0,0,1,1,1,1.0556241549031231e-4,0,0,0
TUR.10.4_1,2038,2,aegypti,4.017627964549534,78.79652361356847,8.16003177977809e-4,0,0,0,0,0,0,1,1,1,8.742509013026645e-5,0,0,0
TUR.10.4_1,2038,3,aegypti,5.156195897718563,76.2446591011161,0.0010017119428500684,0,0,0,0,0,0,1,1,1,9.693516692022008e-5,0,0,0
TUR.10.4_1,2038,4,aegypti,13.207946931614595,67.31465396599314,0.001324579803399314,0,0,0,0,0,0,1,1,1,1.324492081690165e-4,0,0,0
TUR.10.4_1,2038,5,aegypti,13.743536836960736,81.89726124531498,0.0018514123241041064,0,0,0,0,0,0,1,1,1,1.7915288479575242e-4,0,0,0
TUR.10.4_1,2038,6,aegypti,17.909786785350125,89.68525300818166,0.0020824145952943853,0.006746432284921865,0.006700153632320602,0.00679414642404764,0,0,0,1,1,1,2.0821977878171527e-4,0,0,0
TUR.10.4_1,2038,7,aegypti,20.775335367988138,92.6561616193554,0.002445450813369173,0.0400141592264695,0.039840048581921285,0.04018702275266125,0,0,0,1,1,1,2.3662852937833545e-4,0,0,0
TUR.10.4_1,2038,8,aegypti,22.73649501800537,87.36932624988634,0.0029038186922605196,0.07481669235695514,0.07452732302369716,0.07511607913537978,2.5899105082771713e-13,2.3158419626412294e-13,2.8965718712470334e-13,0.999999999999741,0.9999999999997103,0.9999999999997684,2.809752312183944e-4,7.277007038981275e-17,6.506942309183798e-17,8.138649512643326e-17
TUR.10.4_1,2038,9,aegypti,18.774436529944925,85.32510789094769,0.002314483722313455,0.01217022465531815,0.012094925513542864,0.012249341875679935,0,0,0,1,1,1,2.3142159012312646e-4,0,0,0
TUR.10.4_1,2038,10,aegypti,15.576826151679542,85.469785201949,0.0022808271148662736,2.1087698019574855e-4,2.08343076089757e-4,2.133426844065217e-4,0,0,0,1,1,1,2.207008466487137e-4,0,0,0
TUR.10.4_1,2038,11,aegypti,6.997642327757443,79.11803783052393,0.0013229928561535387,0,0,0,0,0,0,1,1,1,1.322905344507408e-4,0,0,0
TUR.10.4_1,2038,12,aegypti,4.791427053511143,72.12359614992279,0.0010881823966338554,0,0,0,0,0,0,1,1,1,1.053024291777227e-4,0,0,0
TUR.10.4_1,2039,1,aegypti,6.804651128648616,71.53470524666932,0.0012055403235819665,0,0,0,0,0,0,1,1,1,1.1665838748575741e-4,0,0,0
TUR.10.4_1,2039,2,aegypti,4.156183252864353,79.3109126516544,9.017806448173185e-4,0,0,0,0,0,0,1,1,1,9.661468730226552e-5,0,0,0
TUR.10.4_1,2039,3,aegypti,7.7016263195477865,80.02722135697547,0.001107010935892592,0,0,0,0,0,0,1,1,1,1.0712435234705442e-4,0,0,0
TUR.10.4_1,2039,4,aegypti,12.568567430271822,76.57256564812205,0.001463818354459784,0,0,0,0,0,0,1,1,1,1.463711221478814e-4,0,0,0
TUR.10.4_1,2039,5,aegypti,14.855802423813763,79.74120960957279,0.0020460310014855537,4.8711838779647814e-6,4.794707391925796e-6,4.949783064182566e-6,0,0,0,1,1,1,1.9798339884347094e-4,0,0,0
TUR.10.4_1,2039,6,aegypti,19.435989940867703,80.9596518118926,0.0023013160085666173,0.017161177142154746,0.017064370787452807,0.017262537601196053,0,0,0,1,1,1,2.301051226110129e-4,0,0,0
TUR.10.4_1,2039,7,aegypti,21.0403709972606,85.82603771798821,0.0027025142436504826,0.04022310211146988,0.04003900498202203,0.04040482950459337,0,0,0,1,1,1,2.614994395421233e-4,0,0,0
TUR.10.4_1,2039,8,aegypti,21.18917751312256,92.67400612049181,0.00320906531176584,0.04759050450260546,0.047381303138288366,0.04778240925331492,0,0,0,1,1,1,3.1050649046848733e-4,0,0,0
TUR.10.4_1,2039,9,aegypti,18.952447470496683,85.66840012727582,0.002557780018331957,0.013749370653273855,0.013669797472541503,0.013819682488828493,0,0,0,1,1,1,2.557452934288662e-4,0,0,0
TUR.10.4_1,2039,10,aegypti,13.515142496894386,93.81210850517165,0.002520585460779745,0,0,0,0,0,0,1,1,1,2.4389787731238233e-4,0,0,0
TUR.10.4_1,2039,11,aegypti,9.556710530729855,66.75461925142237,0.0014620645888505214,0,0,0,0,0,0,1,1,1,1.4619577124164174e-4,0,0,0
TUR.10.4_1,2039,12,aegypti,7.755565799772739,67.19875331545013,0.0012025710803567722,0,0,0,0,0,0,1,1,1,1.1637107484729903e-4,0,0,0
TUR.10.4_1,2040,1,aegypti,5.892771112321712,72.42417057870057,0.0010208391918327105,0,0,0,0,0,0,1,1,1,9.878600987300867e-5,0,0,0
TUR.10.4_1,2040,2,aegypti,2.7685369353823583,82.59032396757237,7.908907019024654e-4,0,0,0,0,0,0,1,1,1,8.181293264664102e-5,0,0,0
TUR.10.4_1,2040,3,aegypti,2.7572186180554765,76.59444395219032,9.374055160501068e-4,0,0,0,0,0,0,1,1,1,9.071254821146901e-5,0,0,0
TUR.10.4_1,2040,4,aegypti,9.3718701951644,79.42784366325877,0.0012395463815897923,0,0,0,0,0,0,1,1,1,1.239469561001849e-4,0,0,0
TUR.10.4_1,2040,5,aegypti,14.99155891642851,83.42489491230717,0.0017325580846729533,1.7430230277135523e-5,1.7150631962206226e-5,1.7706948366814776e-5,0,0,0,1,1,1,1.676528561088686e-4,0,0,0
TUR.10.4_1,2040,6,aegypti,19.70697077582864,84.95318971472463,0.0019487308125509533,0.02120758375885414,0.021096733989009922,0.02132150502563122,0,0,0,1,1,1,1.9485409472952409e-4,0,0,0
TUR.10.4_1,2040,7,aegypti,22.51120954401353,83.53991253488275,0.002288461366607262,0.06551005648061907,0.06521564178936468,0.06578000875499111,5.910605338499408e-15,5.218048215738236e-15,6.661338147750939e-15,0.9999999999999941,0.9999999999999933,0.9999999999999948,2.214394818779164e-4,1.3088413837421557e-18,1.155481893307061e-18,1.4750832680515673e-18
TUR.10.4_1,2040,8,aegypti,21.204779624938965,86.35434211902697,0.002717403620036347,0.04334158268133161,0.04314138998677598,0.04353492549226872,0,0,0,1,1,1,2.629399690999845e-4,0,0,0
TUR.10.4_1,2040,9,aegypti,19.93745189554551,82.87814744172894,0.0021659019078197755,0.023185354983151975,0.023064412274791325,0.02331091037806661,0,0,0,1,1,1,2.16566736819912e-4,0,0,0
TUR.10.4_1,2040,10,aegypti,13.954187449286964,85.9249396208943,0.002134405937648195,0,0,0,0,0,0,1,1,1,2.0653408222015557e-4,0,0,0
TUR.10.4_1,2040,11,aegypti,7.973475743742551,79.70072520845362,0.0012380613108441667,0,0,0,0,0,0,1,1,1,1.2379846742160971e-4,0,0,0
TUR.10.4_1,2040,12,aegypti,4.404608644545078,78.40757747316498,0.0010183248670979262,0,0,0,0,0,0,1,1,1,9.85427121316107e-5,0,0,0
TUR.10.4_1,2041,1,aegypti,5.987971174119807,75.8693915259662,0.0012213928100552893,0,0,0,0,0,0,1,1,1,1.1819231893639426e-4,0,0,0
TUR.10.4_1,2041,2,aegypti,3.0517129998736303,78.23828844511144,9.136387844367344e-4,0,0,0,0,0,0,1,1,1,9.788507870411856e-5,0,0,0
TUR.10.4_1,2041,3,aegypti,7.097349185606136,78.93125883256141,0.0011215677910585108,0,0,0,0,0,0,1,1,1,1.0853292836510153e-4,0,0,0
TUR.10.4_1,2041,4,aegypti,12.937622224583345,71.4874216051533,0.0014830671180304014,0,0,0,0,0,0,1,1,1,1.482957149062658e-4,0,0,0
TUR.10.4_1,2041,5,aegypti,16.930980570176068,80.08009968525639,0.0020729356832623336,0.002155107315769704,0.0021358488631158814,0.0021735405134880575,0,0,0,1,1,1,2.005865588510236e-4,0,0,0
TUR.10.4_1,2041,6,aegypti,19.567211712107937,88.22448335486135,0.002331577610093348,0.020644119237639553,0.020538461131285064,0.020749036402227004,0,0,0,1,1,1,2.331305818509266e-4,0,0,0
TUR.10.4_1,2041,7,aegypti,19.959877070258646,89.357600523164,0.002738051479239698,0.025902815549177644,0.025771022330148323,0.02603513751974807,0,0,0,1,1,1,2.6493762162560497e-4,0,0,0
TUR.10.4_1,2041,8,aegypti,20.458674430847168,91.71843208484728,0.0032512635389438612,0.03421702523270525,0.034048446524553265,0.03437711586955473,0,0,0,1,1,1,3.145889135219848e-4,0,0,0
TUR.10.4_1,2041,9,aegypti,19.124118384192972,86.03018601594769,0.0025914140431332728,0.015402711111385636,0.015312183737038155,0.015492822858529537,0,0,0,1,1,1,2.5910783007987437e-4,0,0,0
TUR.10.4_1,2041,10,aegypti,14.181480463813331,86.00967167655837,0.0025537303885272812,0,0,0,0,0,0,1,1,1,2.471046635019736e-4,0,0,0
TUR.10.4_1,2041,11,aegypti,9.624919225187863,78.46233714693018,0.0014812902909398643,0,0,0,0,0,0,1,1,1,1.4811805853109927e-4,0,0,0
TUR.10.4_1,2041,12,aegypti,8.17857662588358,77.0649795117392,0.001218384522189992,0,0,0,0,0,0,1,1,1,1.1790122867061381e-4,0,0,0
TUR.10.4_1,2042,1,aegypti,5.831909047960139,69.6482001197162,0.0011648561610060016,0,0,0,0,0,0,1,1,1,1.1272166201725664e-4,0,0,0
TUR.10.4_1,2042,2,aegypti,3.949947605662815,79.05977587186925,8.713476600021807e-4,0,0,0,0,0,0,1,1,1,9.335432007162581e-5,0,0,0
TUR.10.4_1,2042,3,aegypti,5.662358779569759,76.59156767045204,0.0010696519093978112,0,0,0,0,0,0,1,1,1,1.0350934344771634e-4,0,0,0
TUR.10.4_1,2042,4,aegypti,10.852123414768892,73.2645212145283,0.0014144179132223043,0,0,0,0,0,0,1,1,1,1.414317889036898e-4,0,0,0
TUR.10.4_1,2042,5,aegypti,12.4747475455789,80.54989491230717,0.0019769822469382385,0,0,0,0,0,0,1,1,1,1.913025619377784e-4,0,0,0
TUR.10.4_1,2042,6,aegypti,16.674857700572293,87.37337861853322,0.002223651982901341,0.0017391036319981661,0.0017232133442303163,0.0017549382719674056,0,0,0,1,1,1,2.2234047698188597e-4,0,0,0
TUR.10.4_1,2042,7,aegypti,22.280277308295755,88.93337566964837,0.0026113107171472387,0.06657205687908027,0.06631601505682527,0.06683644667311736,9.341749596103455e-15,8.326672684688674e-15,1.0436096431476471e-14,0.9999999999999907,0.9999999999999896,0.9999999999999917,2.526755609082443e-4,2.360431819059805e-18,2.103946691103067e-18,2.636946519515844e-18
TUR.10.4_1,2042,8,aegypti,21.680819511413574,92.33387245349962,0.003100766873043484,0.057158074971399006,0.056926163466877684,0.05736723006454837,1.1102230246251565e-16,1.1102230246251565e-16,1.1102230246251565e-16,0.9999999999999999,0.9999999999999999,0.9999999999999999,3.0002919575655707e-4,3.3309932118869797e-20,3.3309932118869797e-20,3.3309932118869797e-20
TUR.10.4_1,2042,9,aegypti,19.359744604896097,89.59570725618207,0.0024714609329693207,0.018721609325356773,0.018635063626097285,0.018812286713067786,0,0,0,1,1,1,2.4711555521705897e-4,0,0,0
TUR.10.4_1,2042,10,aegypti,12.411654528449562,83.91597508232009,0.0024355216046257843,0,0,0,0,0,0,1,1,1,2.356678651223021e-4,0,0,0
TUR.10.4_1,2042,11,aegypti,8.001762677641477,85.04095042818018,0.0014127233330950796,0,0,0,0,0,0,1,1,1,1.4126235484335226e-4,0,0,0
TUR.10.4_1,2042,12,aegypti,7.741344131529331,69.82649989748138,0.001161987122785765,0,0,0,0,0,0,1,1,1,1.1244404441568268e-4,0,0,0
TUR.10.4_1,2043,1,aegypti,2.310440319179393,84.65299900887635,0.0010566555733684405,0,0,0,0,0,0,1,1,1,1.0225176290323823e-4,0,0,0
TUR.10.4_1,2043,2,aegypti,3.067262182765476,80.84480242216222,7.90410346018773e-4,0,0,0,0,0,0,1,1,1,8.468323695998148e-5,0,0,0
TUR.10.4_1,2043,3,aegypti,4.6736602970563315,76.65299955521766,9.702946075790794e-4,0,0,0,0,0,0,1,1,1,9.389506973478401e-5,0,0,0
TUR.10.4_1,2043,4,aegypti,7.7265826814314895,74.71355685905955,0.0012830361559729147,0,0,0,0,0,0,1,1,1,1.2829538504044447e-4,0,0,0
TUR.10.4_1,2043,5,aegypti,15.423251993515912,82.07185993916264,0.0017933452898370248,1.253007878136605e-4,1.236366682722626e-4,1.270680042009442e-4,0,0,0,1,1,1,1.7353448532675397e-4,0,0,0
TUR.10.4_1,2043,6,aegypti,16.849011028514187,86.92971406775197,0.002017102488375284,0.0021672669662902875,0.002147530425124558,0.002187167257678999,0,0,0,1,1,1,2.0168990669300335e-4,0,0,0
TUR.10.4_1,2043,7,aegypti,20.921310480903177,90.91431744210931,0.0023687525682891185,0.04146179782285571,0.041287455953046656,0.04164889098834348,0,0,0,1,1,1,2.2920784737856525e-4,0,0,0
TUR.10.4_1,2043,8,aegypti,20.198615074157715,88.054178849984,0.0028127443608900204,0.02860090673951186,0.028454561796839525,0.028738925156235308,0,0,0,1,1,1,2.721640238335654e-4,0,0,0
TUR.10.4_1,2043,9,aegypti,18.459789809058694,89.16775162874066,0.002241893082257513,0.01033954787596955,0.010275643135042783,0.010401529503205607,0,0,0,1,1,1,2.241641796806304e-4,0,0,0
TUR.10.4_1,2043,10,aegypti,14.392417010139015,84.87241123954665,0.002209292068614318,0,0,0,0,0,0,1,1,1,2.1377960413615504e-4,0,0,0
TUR.10.4_1,2043,11,aegypti,9.620744992704953,83.19612468355128,0.001281498981173234,0,0,0,0,0,0,1,1,1,1.2814168726982267e-4,0,0,0
TUR.10.4_1,2043,12,aegypti,5.568717636168003,78.02710719728607,0.001054053032962935,0,0,0,0,0,0,1,1,1,1.019999298755847e-4,0,0,0
TUR.10.4_1,2044,1,aegypti,4.791505205034114,70.25363072274354,0.0011208246576717715,0,0,0,0,0,0,1,1,1,1.0846102003359004e-4,0,0,0
TUR.10.4_1,2044,2,aegypti,1.804423044257633,78.83223680936925,8.683540045363819e-4,0,0,0,0,0,0,1,1,1,8.982569003834762e-5,0,0,0
TUR.10.4_1,2044,3,aegypti,5.1730687805615805,77.22808042679969,0.0010292191219071739,0,0,0,0,0,0,1,1,1,9.959689040750508e-5,0,0,0
TUR.10.4_1,2044,4,aegypti,9.049358522190767,75.04535159782908,0.0013609529884128265,0,0,0,0,0,0,1,1,1,1.3608603829617927e-4,0,0,0
TUR.10.4_1,2044,5,aegypti,14.482842333176556,81.70277271992435,0.001902252419074688,0,0,0,0,0,0,1,1,1,1.840720004515628e-4,0,0,0
TUR.10.4_1,2044,6,aegypti,16.919324482188504,87.72608552771291,0.002139598051629064,0.002393493006994645,0.002373703185648883,0.002414109707926101,0,0,0,1,1,1,2.139369173961292e-4,0,0,0
TUR.10.4_1,2044,7,aegypti,20.10303502924302,85.26228649728509,0.0025126033055390285,0.02614131977813795,0.02601206082592995,0.02627005056860732,0,0,0,1,1,1,2.4312559878092443e-4,0,0,0
TUR.10.4_1,2044,8,aegypti,23.539246559143066,81.77674354724962,0.002983558043765222,0.08478663965743624,0.08442412867653513,0.08513470125823094,8.971999143625453e-12,7.934086720950972e-12,1.0054998500486079e-11,0.999999999991028,0.9999999999899449,0.9999999999920659,2.886897446841008e-4,2.590124142079203e-15,2.2904894697728506e-15,2.9027749499043427e-15
TUR.10.4_1,2044,9,aegypti,20.68144184000352,73.59814103303754,0.002378039836053392,0.02844747880126844,0.02828929593307532,0.028594869770135777,0,0,0,1,1,1,2.3777571047922663e-4,0,0,0
TUR.10.4_1,2044,10,aegypti,17.167261179755712,78.93321751396071,0.002343459012483889,0.0027833651832114945,0.0027595676147215338,0.0028050797467299893,0,0,0,1,1,1,2.2676064196514023e-4,0,0,0
TUR.10.4_1,2044,11,aegypti,9.920946408720578,75.62371410005518,0.0013593224633277779,0,0,0,0,0,0,1,1,1,1.35923007963612e-4,0,0,0
TUR.10.4_1,2044,12,aegypti,5.140431322157383,77.98712154054779,0.0011180640689495839,0,0,0,0,0,0,1,1,1,1.0819389522631617e-4,0,0,0
TUR.10.4_1,2045,1,aegypti,4.546238052247859,79.39589604256776,0.0011654638551312024,0,0,0,0,0,0,1,1,1,1.127804644953656e-4,0,0,0
TUR.10.4_1,2045,2,aegypti,1.6255006592802923,82.3585200735294,8.71802233598232e-4,0,0,0,0,0,0,1,1,1,9.340301983751242e-5,0,0,0
TUR.10.4_1,2045,3,aegypti,5.06007434811224,77.6747128120536,0.001070209936391281,0,0,0,0,0,0,1,1,1,1.0356334046868199e-4,0,0,0
TUR.10.4_1,2045,4,aegypti,12.315851365818697,72.58278903679393,0.0014151558012854121,0,0,0,0,0,0,1,1,1,1.4150556727121621e-4,0,0,0
TUR.10.4_1,2045,5,aegypti,17.018821604111615,77.28944264179935,0.0019780136193405214,0.0022895451664028325,0.002267710555506176,0.002310889044768722,0,0,0,1,1,1,1.914023530713571e-4,0,0,0
TUR.10.4_1,2045,6,aegypti,17.96116122077493,87.50107179480275,0.0022248120405047914,0.00682044651012888,0.006775211546827262,0.0068669822281673155,0,0,0,1,1,1,2.224564569427434e-4,0,0,0
TUR.10.4_1,2045,7,aegypti,21.174924906562357,87.76990063302728,0.0026126730125404433,0.04380927429882559,0.043611101073487035,0.04399566341322491,0,0,0,1,1,1,2.5280736262611736e-4,0,0,0
TUR.10.4_1,2045,8,aegypti,21.061800956726074,85.69317115955431,0.0031023845129508343,0.040492171732605046,0.04031411529326563,0.04068991734187571,0,0,0,1,1,1,3.0018569457346267e-4,0,0,0
TUR.10.4_1,2045,9,aegypti,19.931500967811136,82.9072383230766,0.0024727502700908513,0.02312116637659197,0.023003007030595983,0.023244114189562223,0,0,0,1,1,1,2.4724445705937015e-4,0,0,0
TUR.10.4_1,2045,10,aegypti,14.643073138068702,82.56518315116774,0.0024367921925494062,0,0,0,0,0,0,1,1,1,2.3579079625857258e-4,0,0,0
TUR.10.4_1,2045,11,aegypti,11.294345189543332,75.88692058198878,0.0014134603371122232,0,0,0,0,0,0,1,1,1,1.4133604483124174e-4,0,0,0
TUR.10.4_1,2045,12,aegypti,8.820604957640171,69.51581569337982,0.001162593320161642,0,0,0,0,0,0,1,1,1,1.12502702079742e-4,0,0,0
TUR.10.4_1,2046,1,aegypti,5.682974683641292,71.61332615731385,0.0011826611733865395,0,0,0,0,0,0,1,1,1,1.1444453202036353e-4,0,0,0
TUR.10.4_1,2046,2,aegypti,4.256691227488987,75.62467913114659,8.846663480886936e-4,0,0,0,0,0,0,1,1,1,9.478118813166514e-5,0,0,0
TUR.10.4_1,2046,3,aegypti,4.015217561384334,82.24013487015907,0.001086001709593954,0,0,0,0,0,0,1,1,1,1.0509141714820647e-4,0,0,0
TUR.10.4_1,2046,4,aegypti,16.025674974217132,68.81082400993846,0.0014360375168259185,4.4676598895521206e-4,4.411200840004381e-4,4.5221364807546946e-4,0,0,0,1,1,1,1.4359344115744133e-4,0,0,0
TUR.10.4_1,2046,5,aegypti,17.219714052536908,77.18155537373295,0.0020072007361913997,0.0028678670828343896,0.0028443360492786483,0.002892497365939792,0,0,0,1,1,1,1.942263681509182e-4,0,0,0
TUR.10.4_1,2046,6,aegypti,20.643328273997586,87.45701204138479,0.002257640858447463,0.034844929728441845,0.03467140936256257,0.03500575821203398,0,0,0,1,1,1,2.2573860305130644e-4,0,0,0
TUR.10.4_1,2046,7,aegypti,20.67845350153306,86.72917492501946,0.0026512250183327894,0.03497955557562635,0.03481943349522118,0.03514475788937421,0,0,0,1,1,1,2.5653725175489583e-4,0,0,0
TUR.10.4_1,2046,8,aegypti,23.74122905731201,81.71060432605822,0.0031481625897094977,0.08903901146154755,0.08866028908842288,0.0893968587173509,3.571552209535867e-11,3.161517159178117e-11,3.9922085082189084e-11,0.9999999999642845,0.9999999999600779,0.9999999999683848,3.0461449136032215e-4,1.0879465596746026e-14,9.630439413699728e-15,1.2160845641354532e-14
TUR.10.4_1,2046,9,aegypti,21.2878337467418,83.69868882356488,0.0025092376078778614,0.04292649961776596,0.042713522361782524,0.04313031946510416,0,0,0,1,1,1,2.508922820538828e-4,0,0,0
TUR.10.4_1,2046,10,aegypti,16.467497881721044,81.31351994315993,0.0024727489411631802,0.0011748948945150097,0.0011627484848725771,0.0011859910019223628,0,0,0,1,1,1,2.3926965507792275e-4,0,0,0
TUR.10.4_1,2046,11,aegypti,9.81525163790759,80.69488109224268,0.0014343170347709236,0,0,0,0,0,0,1,1,1,1.4342141764212002e-4,0,0,0
TUR.10.4_1,2046,12,aegypti,5.817888416349888,74.25966640138763,0.0011797482814590887,0,0,0,0,0,0,1,1,1,1.1416267147446035e-4,0,0,0
TUR.10.4_1,2047,1,aegypti,6.123067247270442,73.90483769295838,0.0011746922784039266,0,0,0,0,0,0,1,1,1,1.1367343659529627e-4,0,0,0
TUR.10.4_1,2047,2,aegypti,4.362630615764133,80.07871965849034,8.787053734822613e-4,0,0,0,0,0,0,1,1,1,9.414257261153303e-5,0,0,0
TUR.10.4_1,2047,3,aegypti,7.96004821743597,69.84600797806922,0.0010786841162126553,0,0,0,0,0,0,1,1,1,1.0438333712026182e-4,0,0,0
TUR.10.4_1,2047,4,aegypti,9.61833826233359,79.62661227898143,0.0014263613454759201,0,0,0,0,0,0,1,1,1,1.42625962497811e-4,0,0,0
TUR.10.4_1,2047,5,aegypti,14.488978273728314,79.16493855244389,0.0019936760071856013,0,0,0,0,0,0,1,1,1,1.9291777676422317e-4,0,0,0
TUR.10.4_1,2047,6,aegypti,19.518051708445828,81.99565492468557,0.002242428637640461,0.018269602371804083,0.01816509745393465,0.018368171175778138,0,0,0,1,1,1,2.242177232123499e-4,0,0,0
TUR.10.4_1,2047,7,aegypti,21.59464650995591,87.39705975167962,0.002633360786191075,0.05116865495873164,0.05094937773900309,0.051384563168367335,0,0,0,1,1,1,2.548088971028317e-4,0,0,0
TUR.10.4_1,2047,8,aegypti,23.33021640777588,88.73481239490587,0.003126949940110333,0.09062573734840196,0.09027640545987665,0.09095958717636062,5.874115860393658e-11,5.260822610875238e-11,6.505694316594201e-11,0.9999999999412589,0.999999999934943,0.9999999999473917,3.0256227751979115e-4,1.7772858731358328e-14,1.591726470774026e-14,1.9683776892763027e-14
TUR.10.4_1,2047,9,aegypti,18.587653693030862,83.46596940217816,0.0024923301017944887,0.010402749406299521,0.010336911585588339,0.010474232120418014,0,0,0,1,1,1,2.4920195421285207e-4,0,0,0
TUR.10.4_1,2047,10,aegypti,13.33553605921128,79.74790715019118,0.0024560872995417924,0,0,0,0,0,0,1,1,1,2.3765762264960077e-4,0,0,0
TUR.10.4_1,2047,11,aegypti,11.284985829802121,72.51421702974268,0.0014246524562093964,0,0,0,0,0,0,1,1,1,1.424550979297612e-4,0,0,0
TUR.10.4_1,2047,12,aegypti,4.636336721479893,78.16733546877045,0.0011717990138476854,0,0,0,0,0,0,1,1,1,1.1339347503980246e-4,0,0,0
TUR.10.4_1,2048,1,aegypti,4.177883016465999,78.54442509530213,0.0012210147301203182,0,0,0,0,0,0,1,1,1,1.1815573487938824e-4,0,0,0
TUR.10.4_1,2048,2,aegypti,4.151038895183079,66.03780703031651,9.459758252466855e-4,0,0,0,0,0,0,1,1,1,9.785478003765391e-5,0,0,0
TUR.10.4_1,2048,3,aegypti,8.108744163175716,75.21511045609657,0.0011212206117775965,0,0,0,0,0,0,1,1,1,1.0849933401602119e-4,0,0,0
TUR.10.4_1,2048,4,aegypti,13.985577737583833,75.01838931755564,0.0014826080372867404,0,0,0,0,0,0,1,1,1,1.4824981363881218e-4,0,0,0
TUR.10.4_1,2048,5,aegypti,13.963672525742474,83.1049333644556,0.00207229400977132,0,0,0,0,0,0,1,1,1,2.0052447387031158e-4,0,0,0
TUR.10.4_1,2048,6,aegypti,17.09903677772073,87.57450471716604,0.002330855874461742,0.0029489702501474756,0.0029246229224564996,0.0029727152791767623,0,0,0,1,1,1,2.3305842511101016e-4,0,0,0
TUR.10.4_1,2048,7,aegypti,19.840261515449075,87.12301190011712,0.0027372039203571704,0.023532029955397153,0.02341785065976328,0.023654977078367747,0,0,0,1,1,1,2.648556215255615e-4,0,0,0
TUR.10.4_1,2048,8,aegypti,24.038689613342285,88.07184089832384,0.003250257116196603,0.1070808834616277,0.10667141718249296,0.10749402834505199,6.301562131438842e-9,5.655990695241365e-9,7.005122254488683e-9,0.9999999936984378,0.9999999929948777,0.9999999943440093,3.1449154840712534e-4,1.9817880320999067e-12,1.77876127152275e-12,2.2030517445953588e-12
TUR.10.4_1,2048,9,aegypti,19.69151264078477,87.75143082795941,0.0025906118756038386,0.02194374229946868,0.021823548292769737,0.022052401635045137,0,0,0,1,1,1,2.590276341084552e-4,0,0,0
TUR.10.4_1,2048,10,aegypti,14.66466146356919,86.65420292655837,0.002552939885904964,0,0,0,0,0,0,1,1,1,2.4702818214883404e-4,0,0,0
TUR.10.4_1,2048,11,aegypti,11.678969670744504,77.59734691255518,0.001480831760209815,0,0,0,0,0,0,1,1,1,1.4807221224866218e-4,0,0,0
TUR.10.4_1,2048,12,aegypti,6.889374412596226,74.80134578371185,0.0012180073734650882,0,0,0,0,0,0,1,1,1,1.1786473470942749e-4,0,0,0
TUR.10.4_1,2049,1,aegypti,2.744171130060054,85.76081761239197,0.0011093110512432926,0,0,0,0,0,0,1,1,1,1.0734692028535608e-4,0,0,0
TUR.10.4_1,2049,2,aegypti,5.542537937694065,75.10995439970128,8.297982369605394e-4,0,0,0,0,0,0,1,1,1,8.890300185393496e-5,0,0,0
TUR.10.4_1,2049,3,aegypti,7.258277911802425,69.92799345170204,0.0010186465280431886,0,0,0,0,0,0,1,1,1,9.857383754219295e-5,0,0,0
TUR.10.4_1,2049,4,aegypti,14.080051576389986,69.2081247301533,0.0013469726776041788,0,0,0,0,0,0,1,1,1,1.3468819649076202e-4,0,0,0
TUR.10.4_1,2049,5,aegypti,14.684603578904095,83.28656636006107,0.0018827116411921393,2.7808268799626147e-8,2.729853019798937e-8,2.8283207162884177e-8,0,0,0,1,1,1,1.821813037310438e-4,0,0,0
TUR.10.4_1,2049,6,aegypti,17.99259432624368,83.242587908084,0.002117619154472421,0.006566510652751624,0.006518755058861802,0.006610529084320422,0,0,0,1,1,1,2.1173949547537152e-4,0,0,0
TUR.10.4_1,2049,7,aegypti,20.1407070720897,87.47848827951165,0.0024867927334991835,0.02755935099257662,0.027415623652083602,0.027691090690077604,0,0,0,1,1,1,2.4062840564642585e-4,0,0,0
TUR.10.4_1,2049,8,aegypti,21.12576961517334,88.28323616199572,0.0029529096164333394,0.04329157839053436,0.04310104202937367,0.04348839421162207,0,0,0,1,1,1,2.857246196954488e-4,0,0,0
TUR.10.4_1,2049,9,aegypti,18.344798621009378,92.75571091829144,0.0023536115594660107,0.010012204481120949,0.009956165675161175,0.010070594133308033,0,0,0,1,1,1,2.353334606826074e-4,0,0,0
TUR.10.4_1,2049,10,aegypti,11.762816485236671,88.85805271903884,0.002319385965405268,0,0,0,0,0,0,1,1,1,2.244315178075995e-4,0,0,0
TUR.10.4_1,2049,11,aegypti,9.533127118559445,80.19608653657862,0.0013453589019936998,0,0,0,0,0,0,1,1,1,1.345268406522937e-4,0,0,0
TUR.10.4_1,2049,12,aegypti,6.722820438444614,79.13894649171966,0.0011065788205089854,0,0,0,0,0,0,1,1,1,1.0708253920810318e-4,0,0,0
TUR.10.4_1,2050,1,aegypti,2.2046765857923996,74.99188145516541,0.0011332907999920209,0,0,0,0,0,0,1,1,1,1.096672893281525e-4,0,0,0
TUR.10.4_1,2050,2,aegypti,4.4509091477923315,81.79011492216222,8.477358147140015e-4,0,0,0,0,0,0,1,1,1,9.082471247678914e-5,0,0,0
TUR.10.4_1,2050,3,aegypti,4.806846637388363,73.96897092972938,0.001040666400448555,0,0,0,0,0,0,1,1,1,1.0070458060962295e-4,0,0,0
TUR.10.4_1,2050,4,aegypti,12.940330659641939,67.81885776237986,0.0013760899088299462,0,0,0,0,0,0,1,1,1,1.3759952320013813e-4,0,0,0
TUR.10.4_1,2050,5,aegypti,18.22032917247099,72.41872273213139,0.0019234098313629607,0.0066776824819554425,0.006624592580647783,0.006730148753894039,0,0,0,1,1,1,1.8611911298171968e-4,0,0,0
TUR.10.4_1,2050,6,aegypti,20.62088450263528,85.35872255163869,0.00216339529202449,0.033385523391932355,0.033236321715113835,0.033545651946595395,0,0,0,1,1,1,2.1631612949390977e-4,0,0,0
TUR.10.4_1,2050,7,aegypti,21.56177526361802,90.24228985421868,0.0025405492203498634,0.05290295071704272,0.05267241768786852,0.05311711232534239,0,0,0,1,1,1,2.4582938097417184e-4,0,0,0
TUR.10.4_1,2050,8,aegypti,21.92168140411377,89.87708534412462,0.0030167420560366525,0.05990078432285463,0.05964717692431693,0.0601402587186917,4.510836149052011e-16,4.440892098500626e-16,5.551115123125783e-16,0.9999999999999996,0.9999999999999994,0.9999999999999996,2.919001684699163e-4,1.3167138318484705e-19,1.2962971517090529e-19,1.620371439636316e-19
TUR.10.4_1,2050,9,aegypti,18.328105505775003,85.37971909700238,0.002404489096280272,0.008856259826220616,0.008800572244845976,0.008913770600492725,0,0,0,1,1,1,2.4042000410573472e-4,0,0,0
TUR.10.4_1,2050,10,aegypti,15.585946139167335,83.62553166190993,0.0023695236545947965,2.0950051170808568e-4,2.068938483557702e-4,2.118657099951536e-4,0,0,0,1,1,1,2.2928245152742388e-4,0,0,0
TUR.10.4_1,2050,11,aegypti,10.01558237216052,80.68423045747706,0.0013744412485641377,0,0,0,0,0,0,1,1,1,1.3743467984539404e-4,0,0,0
TUR.10.4_1,2050,12,aegypti,4.476719059050083,80.06167598390716,0.0011304995071880995,0,0,0,0,0,0,1,1,1,1.0939719380553825e-4,0,0,0
TUR.10.4_1,2051,1,aegypti,4.910858499406673,78.91498478768494,0.0011689676094478044,0,0,0,0,0,0,1,1,1,1.1311949919545761e-4,0,0,0
TUR.10.4_1,2051,2,aegypti,2.287320504718296,81.36679796659581,8.744231478597464e-4,0,0,0,0,0,0,1,1,1,9.368380581176172e-5,0,0,0
TUR.10.4_1,2051,3,aegypti,9.01811649288763,68.7116772285575,0.0010734273271904827,0,0,0,0,0,0,1,1,1,1.0387466857464389e-4,0,0,0
TUR.10.4_1,2051,4,aegypti,8.585365449681001,80.18598422722361,0.0014194102088550572,0,0,0,0,0,0,1,1,1,1.419309477354025e-4,0,0,0
TUR.10.4_1,2051,5,aegypti,13.900779611924115,82.89748249775639,0.0019839601561863866,0,0,0,0,0,0,1,1,1,1.9197771406687103e-4,0,0,0
TUR.10.4_1,2051,6,aegypti,17.0895019419053,85.19678102331838,0.002231500531749051,0.0028122631899405674,0.0027903285098178623,0.0028361824533946318,0,0,0,1,1,1,2.2312515705369407e-4,0,0,0
TUR.10.4_1,2051,7,aegypti,21.692049082587747,91.22411663644525,0.0026205275369903048,0.056384322145890134,0.056155824500212906,0.05661131432518615,1.1102230246251565e-16,1.1102230246251565e-16,1.1102230246251565e-16,0.9999999999999999,0.9999999999999999,0.9999999999999999,2.5356728544390084e-4,2.81516238591518e-20,2.81516238591518e-20,2.81516238591518e-20
TUR.10.4_1,2051,8,aegypti,22.109200477600098,87.80630745105822,0.0031117112656263058,0.06175874542814364,0.06148396605063981,0.06201840017500036,1.0981215936567423e-15,9.992007221626409e-16,1.2212453270876722e-15,0.9999999999999989,0.9999999999999988,0.999999999999999,3.010880121905313e-4,3.3063124777760685e-19,3.0084735921529287e-19,3.677023279298024e-19
TUR.10.4_1,2051,9,aegypti,17.968427237342386,87.79074509797894,0.002480184142359446,0.006892915856997771,0.0068477717645213905,0.006936198595696812,0,0,0,1,1,1,2.4798766021161267e-4,0,0,0
TUR.10.4_1,2051,10,aegypti,12.715895708869484,87.94758366386306,0.0024441179634222794,0,0,0,0,0,0,1,1,1,2.3649957441285174e-4,0,0,0
TUR.10.4_1,2051,11,aegypti,12.084749509306516,63.787582050494635,0.001417709647578351,0,0,0,0,0,0,1,1,1,1.4176091572948302e-4,0,0,0
TUR.10.4_1,2051,12,aegypti,7.008337177336216,66.84191890382904,0.0011660884447388946,0,0,0,0,0,0,1,1,1,1.1284090183216744e-4,0,0,0
TUR.10.4_1,2052,1,aegypti,1.2383111590136062,78.715781296474,0.0011288010891739087,0,0,0,0,0,0,1,1,1,1.0923284873920469e-4,0,0,0
TUR.10.4_1,2052,2,aegypti,3.4635837178759497,76.26094774686925,8.745337099786039e-4,0,0,0,0,0,0,1,1,1,9.046491228359432e-5,0,0,0
TUR.10.4_1,2052,3,aegypti,2.3686285206281084,78.14643064652626,0.0010365436358446486,0,0,0,0,0,0,1,1,1,1.0030564348906257e-4,0,0,0
TUR.10.4_1,2052,4,aegypti,12.694177781834322,71.70600375847361,0.0013706383109254963,0,0,0,0,0,0,1,1,1,1.3705443827483066e-4,0,0,0
TUR.10.4_1,2052,5,aegypti,14.786558992722455,84.29434834248295,0.0019157899389861807,1.9760135784624666e-6,1.9437461233133554e-6,2.008888779240172e-6,0,0,0,1,1,1,1.853818410161301e-4,0,0,0
TUR.10.4_1,2052,6,aegypti,17.994158352122586,85.2808188040801,0.00215482465927381,0.006781147703594552,0.006736166162329944,0.00682793712132474,0,0,0,1,1,1,2.1545925124832888e-4,0,0,0
TUR.10.4_1,2052,7,aegypti,21.097490366767435,92.402766538789,0.0025304844326372727,0.04565650647297007,0.045459900756098376,0.045859797327169986,0,0,0,1,1,1,2.44855608226513e-4,0,0,0
TUR.10.4_1,2052,8,aegypti,23.144875526428223,91.186991349984,0.003004790755060294,0.08980594761566546,0.08948277121936712,0.09015520673851567,4.546995147070021e-11,4.101787520749411e-11,5.0653892191832023e-11,0.99999999995453,0.9999999999493462,0.9999999999589821,2.907439278926338e-4,1.322011229167882e-14,1.1925698151636722e-14,1.4727311578903258e-14
TUR.10.4_1,2052,9,aegypti,21.589953955482034,84.76312668977582,0.002394963332277177,0.04896225622723861,0.04874525215232371,0.049169758160084495,0,0,0,1,1,1,2.3946765627025357e-4,0,0,0
TUR.10.4_1,2052,10,aegypti,14.371481951545265,88.80312870780837,0.0023601364117213147,0,0,0,0,0,0,1,1,1,2.2837421654620105e-4,0,0,0
TUR.10.4_1,2052,11,aegypti,10.31683855197009,76.76313365571924,0.0013689961820881884,0,0,0,0,0,0,1,1,1,1.3689024788365867e-4,0,0,0
TUR.10.4_1,2052,12,aegypti,7.944414772093296,72.13643642091888,0.0011260208545180797,0,0,0,0,0,0,1,1,1,1.0896382312597375e-4,0,0,0
TUR.10.4_1,2053,1,aegypti,5.806358444093562,74.46935948250916,0.001175068027405472,0,0,0,0,0,0,1,1,1,1.1370979526781344e-4,0,0,0
TUR.10.4_1,2053,2,aegypti,3.7844657998614233,76.91165117704503,8.789864451065569e-4,0,0,0,0,0,0,1,1,1,9.417268459288586e-5,0,0,0
TUR.10.4_1,2053,3,aegypti,4.7515247055493735,82.25579038773719,0.0010790291550684485,0,0,0,0,0,0,1,1,1,1.0441672449124084e-4,0,0,0
TUR.10.4_1,2053,4,aegypti,12.631423150791841,73.28645572380564,0.0014268175959010392,0,0,0,0,0,0,1,1,1,1.426715810319834e-4,0,0,0
TUR.10.4_1,2053,5,aegypti,16.1865395377664,84.11311970478764,0.001994313724639676,7.793768701067398e-4,7.706358944908665e-4,7.873619860263032e-4,0,0,0,1,1,1,1.9297947944885152e-4,0,0,0
TUR.10.4_1,2053,6,aegypti,20.18153818915872,82.72470460730275,0.0022431459236370755,0.026123128538652698,0.025983765988269025,0.026260592186934068,0,0,0,1,1,1,2.242894357266101e-4,0,0,0
TUR.10.4_1,2053,7,aegypti,21.474435862372903,88.50159008615228,0.0026342031197147653,0.049791330116672326,0.04957428670420899,0.050011213112699536,0,0,0,1,1,1,2.5489039247594825e-4,0,0,0
TUR.10.4_1,2053,8,aegypti,21.572413444519043,90.68126167469103,0.0031279501580733513,0.053484200350737386,0.0532523493606475,0.05369746477059968,0,0,0,1,1,1,3.026590435152299e-4,0,0,0
TUR.10.4_1,2053,9,aegypti,19.627774771522073,84.65356858430707,0.002493127323811257,0.02021845595077423,0.020109145162580676,0.020321433081554843,0,0,0,1,1,1,2.4928165654447554e-4,0,0,0
TUR.10.4_1,2053,10,aegypti,14.098039683173683,82.68687962333571,0.0024568729285677745,0,0,0,0,0,0,1,1,1,2.3773363319334884e-4,0,0,0
TUR.10.4_1,2053,11,aegypti,9.218790341826047,73.73382915132471,0.0014251081600118402,0,0,0,0,0,0,1,1,1,1.42500661817202e-4,0,0,0
TUR.10.4_1,2053,12,aegypti,8.67806164175272,68.54963679933685,0.001172173837380248,0,0,0,0,0,0,1,1,1,1.1342974417105633e-4,0,0,0
TUR.10.4_1,2054,1,aegypti,4.325222837327815,72.0123129737201,0.00115012770928806,0,0,0,0,0,0,1,1,1,1.1129648763030797e-4,0,0,0
TUR.10.4_1,2054,2,aegypti,5.577967415385715,77.86731676542394,8.603303323959978e-4,0,0,0,0,0,0,1,1,1,9.217400161520839e-5,0,0,0
TUR.10.4_1,2054,3,aegypti,4.5744006821118735,77.45203367387,0.0010561272210886864,0,0,0,0,0,0,1,1,1,1.0220063726440465e-4,0,0,0
TUR.10.4_1,2054,4,aegypti,12.456504022373872,72.88399753288768,0.0013965340004773218,0,0,0,0,0,0,1,1,1,1.3964364896557058e-4,0,0,0
TUR.10.4_1,2054,5,aegypti,15.329851038315716,81.95988331562748,0.0019519852657263173,9.056048924477252e-5,8.937969870441292e-5,9.177768948201578e-5,0,0,0,1,1,1,1.8888395908744915e-4,0,0,0
TUR.10.4_1,2054,6,aegypti,17.679906452403348,85.14113984900197,0.00219553610734175,0.005137849824026312,0.0051011516037115096,0.0051764058828800115,0,0,0,1,1,1,2.195295106039996e-4,0,0,0
TUR.10.4_1,2054,7,aegypti,21.022003229926614,89.20886547677728,0.0025782932810847203,0.042111942535724214,0.04193446779295125,0.042281630467143484,0,0,0,1,1,1,2.4948112741474127e-4,0,0,0
TUR.10.4_1,2054,8,aegypti,22.451924324035645,91.9208551805504,0.00306156074896824,0.07390530550789337,0.07361648670893364,0.07418970534301293,1.8284751490682538e-13,1.6330270469211429e-13,2.036149027162537e-13,0.9999999999998171,0.9999999999997964,0.9999999999998367,2.9623618587448775e-4,5.4166050412626494e-17,4.837617038097974e-17,6.031810216786787e-17
TUR.10.4_1,2054,9,aegypti,20.11357074625352,84.08672745881879,0.002440211758828729,0.02581003943087515,0.02567335342229585,0.025940465617634585,0,0,0,1,1,1,2.4399140513731155e-4,0,0,0
TUR.10.4_1,2054,10,aegypti,15.268835123847511,81.23399113456618,0.0024047268476742006,7.071072440533967e-5,6.976670814719183e-5,7.164636244160854e-5,0,0,0,1,1,1,2.3268842523593847e-4,0,0,0
TUR.10.4_1,2054,11,aegypti,12.164639760466184,74.07009471528956,0.0013948608466363816,0,0,0,0,0,0,1,1,1,1.3947635693201121e-4,0,0,0
TUR.10.4_1,2054,12,aegypti,3.3532987013459206,88.74571223878998,0.0011472949472127398,0,0,0,0,0,0,1,1,1,1.1102237983806607e-4,0,0,0
TUR.10.4_1,2055,1,aegypti,2.1953276866663467,78.68354710457947,0.0011293774031886001,0,0,0,0,0,0,1,1,1,1.0928861496950493e-4,0,0,0
TUR.10.4_1,2055,2,aegypti,1.647558699183933,78.80936388456456,8.44808475475502e-4,0,0,0,0,0,0,1,1,1,9.051109742441721e-5,0,0,0
TUR.10.4_1,2055,3,aegypti,5.168873090406551,77.45703092728797,0.0010370728474390614,0,0,0,0,0,0,1,1,1,1.0035685237597125e-4,0,0,0
TUR.10.4_1,2055,4,aegypti,9.970926439060884,77.41385135368846,0.0013713380959232567,0,0,0,0,0,0,1,1,1,1.3712440718127716e-4,0,0,0
TUR.10.4_1,2055,5,aegypti,13.499915964463177,80.68870411640873,0.0019167680533781954,0,0,0,0,0,0,1,1,1,1.854764796955788e-4,0,0,0
TUR.10.4_1,2055,6,aegypti,19.059170330272,83.60580812292775,0.002155924813820304,0.014261026913899083,0.014180373044215912,0.014344847020622883,0,0,0,1,1,1,2.1556924299304114e-4,0,0,0
TUR.10.4_1,2055,7,aegypti,20.785207804511575,86.3458588849804,0.002531776381818111,0.03643802917870423,0.036263581181885496,0.036604425666862526,0,0,0,1,1,1,2.449806049451553e-4,0,0,0
TUR.10.4_1,2055,8,aegypti,22.028481483459473,89.53886665515978,0.0030063248632747224,0.061802582800316044,0.061546415537522374,0.06206225909128165,1.1225465001984959e-15,9.992007221626409e-16,1.2212453270876722e-15,0.9999999999999989,0.9999999999999988,0.999999999999999,2.908923468024627e-4,3.265401858376316e-19,2.906598429966061e-19,3.552509192180741e-19
TUR.10.4_1,2055,9,aegypti,20.570376929114847,78.52292283235394,0.002396186090605727,0.029309281735086404,0.029154645079736058,0.029461818385231073,0,0,0,1,1,1,2.3958990281458536e-4,0,0,0
TUR.10.4_1,2055,10,aegypti,13.296262797187355,88.68383549491774,0.0023613413890230766,0,0,0,0,0,0,1,1,1,0.00022849080061515536,0,0,0
TUR.10.4_1,2055,11,aegypti,12.426512052031125,76.77507365816065,0.001369695128690352,0,0,0,0,0,0,1,1,1,1.3696013297359588e-4,0,0,0
TUR.10.4_1,2055,12,aegypti,6.52710834890604,74.4474258008017,0.0011265957490725921,0,0,0,0,0,0,1,1,1,1.0901945201913232e-4,0,0,0
TUR.10.4_1,2056,1,aegypti,5.374619352220393,70.91954716561463,0.0012480522056676677,0,0,0,0,0,0,1,1,1,1.2077195219029058e-4,0,0,0
TUR.10.4_1,2056,2,aegypti,5.853422890239231,73.62709001981847,9.66922991249319e-4,0,0,0,0,0,0,1,1,1,1.0002151385091196e-4,0,0,0
TUR.10.4_1,2056,3,aegypti,10.499303836485042,75.31175199662391,0.0011460483015067234,0,0,0,0,0,0,1,1,1,1.1090175009198511e-4,0,0,0
TUR.10.4_1,2056,4,aegypti,12.207888757481294,85.39891299919627,0.0015154380904921544,0,0,0,0,0,0,1,1,1,1.5153232686615503e-4,0,0,0
TUR.10.4_1,2056,5,aegypti,15.31730354533476,79.8888917995142,0.0021181817433374743,8.32228305796732e-5,8.198288103960251e-5,8.43499899919953e-5,0,0,0,1,1,1,2.049643219431685e-4,0,0,0
TUR.10.4_1,2056,6,aegypti,18.248791301951687,81.77658449011525,0.0023824690590987085,0.007893044955690525,0.007841683053253936,0.00794873307596422,0,0,0,1,1,1,2.3821852736949367e-4,0,0,0
TUR.10.4_1,2056,7,aegypti,19.723825510810403,87.62380535714837,0.0027978150516065644,0.02229142365334227,0.02217733724513428,0.02240492489488538,0,0,0,1,1,1,2.7071964413893923e-4,0,0,0
TUR.10.4_1,2056,8,aegypti,22.25673770904541,83.20373787098009,0.0033222290139419356,0.06009723041427137,0.05981845251143361,0.060336511150807855,5.080380560684716e-16,4.440892098500626e-16,5.551115123125783e-16,0.9999999999999994,0.9999999999999994,0.9999999999999996,3.2145435608077477e-4,1.633110461780191e-19,1.4275441099477194e-19,1.7844301374346492e-19
TUR.10.4_1,2056,9,aegypti,19.383657034705667,82.52746995149457,0.002647976953609417,0.01705738971989172,0.01695787454814618,0.017156528592536174,0,0,0,1,1,1,2.647626395455571e-4,0,0,0
TUR.10.4_1,2056,10,aegypti,15.433898981879738,83.60331486503493,0.0026094707761852207,1.3323925869515411e-4,1.315223701583525e-4,1.3502883893176548e-4,0,0,0,1,1,1,2.5249754708078775e-4,0,0,0
TUR.10.4_1,2056,11,aegypti,11.926452924223508,74.651256214313,0.001513622480517068,0,0,0,0,0,0,1,1,1,1.5135079336459079e-4,0,0,0
TUR.10.4_1,2056,12,aegypti,5.855698741972446,75.39104457521576,0.0012449782557682923,0,0,0,0,0,0,1,1,1,1.2047450905072754e-4,0,0,0
TUR.10.4_1,2057,1,aegypti,1.9466652744997512,86.454550827724,0.0010728118817961497,0,0,0,0,0,0,1,1,1,1.0381511552781664e-4,0,0,0
TUR.10.4_1,2057,2,aegypti,0.9485670726828497,76.04878954374425,8.024957536545106e-4,0,0,0,0,0,0,1,1,1,8.597799157217256e-5,0,0,0
TUR.10.4_1,2057,3,aegypti,3.4044101425610918,79.547004376995,9.851304531856256e-4,0,0,0,0,0,0,1,1,1,9.533066089073561e-5,0,0,0
TUR.10.4_1,2057,4,aegypti,8.914041673435884,77.27136478142283,0.0013026538330876247,0,0,0,0,0,0,1,1,1,1.302568991421449e-4,0,0,0
TUR.10.4_1,2057,5,aegypti,15.763732797959271,81.85770283467045,0.001820765615201536,3.1909279965608656e-4,3.1535926561055176e-4,3.230106375422499e-4,0,0,0,1,1,1,1.7618760119308963e-4,0,0,0
TUR.10.4_1,2057,6,aegypti,18.883507335887234,89.01582704382619,0.0020479440707734187,0.013825718193931195,0.013747606967799822,0.013897527388578206,0,0,0,1,1,1,2.0477343813418702e-4,0,0,0
TUR.10.4_1,2057,7,aegypti,21.13063627130845,96.16282971017571,0.002404970895288718,0.049052898457669004,0.048872464742305374,0.049235477338300665,0,0,0,1,1,1,2.327120372511704e-4,0,0,0
TUR.10.4_1,2057,8,aegypti,21.919480323791504,91.15138496570665,0.002855751341185381,0.06108414380028389,0.060829410983499636,0.06133432564920234,8.025802245015257e-16,6.661338147750939e-16,8.881784197001252e-16,0.9999999999999992,0.9999999999999991,0.9999999999999993,2.763248482726688e-4,2.2177285876202853e-19,1.8406932529702188e-19,2.4542576706269584e-19
TUR.10.4_1,2057,9,aegypti,19.57012897379258,85.24813492952191,0.002276171722347807,0.019764901319780974,0.01965789165141808,0.01986571685810895,0,0,0,1,1,1,2.275912694116311e-4,0,0,0
TUR.10.4_1,2057,10,aegypti,13.015881594489601,81.13139103690993,0.002243072237826541,0,0,0,0,0,0,1,1,1,2.1704794857158038e-4,0,0,0
TUR.10.4_1,2057,11,aegypti,8.700299550505246,82.8404423105044,0.0013010931548202134,0,0,0,0,0,0,1,1,1,1.3010085163212004e-4,0,0,0
TUR.10.4_1,2057,12,aegypti,6.467215694487095,73.59035487795013,0.0010701695484377212,0,0,0,0,0,0,1,1,1,1.0355943236184384e-4,0,0,0
TUR.10.4_1,2058,1,aegypti,4.620248901246883,78.18450077889588,0.0011593802501642407,0,0,0,0,0,0,1,1,1,1.1219179475541186e-4,0,0,0
TUR.10.4_1,2058,2,aegypti,6.510394344859592,61.50279573881261,8.672515129772742e-4,0,0,0,0,0,0,1,1,1,9.291548805046013e-5,0,0,0
TUR.10.4_1,2058,3,aegypti,4.691343564649715,79.80326048051063,0.0010646235473702429,0,0,0,0,0,0,1,1,1,1.0302277801843562e-4,0,0,0
TUR.10.4_1,2058,4,aegypti,13.271644746556001,75.22178134636424,0.0014077688292881076,0,0,0,0,0,0,1,1,1,1.4076697432841012e-4,0,0,0
TUR.10.4_1,2058,5,aegypti,14.930692560532513,81.83877430683842,0.0019676885857272024,1.0614659117091461e-5,1.0440505274073846e-5,1.0777204753677484e-5,0,0,0,1,1,1,1.904033470195854e-4,0,0,0
TUR.10.4_1,2058,6,aegypti,18.561749065623562,89.68761049109182,0.0022131987437726953,0.011213331409687244,0.01114500471266351,0.011280614079732557,0,0,0,1,1,1,2.2129538494053413e-4,0,0,0
TUR.10.4_1,2058,7,aegypti,21.029869135688333,89.26227123849603,0.002599035120257333,0.042280579366141345,0.04209076349942057,0.04246743453211653,0,0,0,1,1,1,2.5148789938223004e-4,0,0,0
TUR.10.4_1,2058,8,aegypti,23.09745693206787,86.50961555652697,0.0030861903755270803,0.08183265486375792,0.0814805120672427,0.08214734594799662,3.2898012092275053e-12,2.907002416563387e-12,3.66141561514155e-12,0.9999999999967102,0.9999999999963385,0.999999999997093,2.986189891998059e-4,9.823971117678169e-16,8.680861232355516e-16,1.0933682300339551e-15
TUR.10.4_1,2058,9,aegypti,20.26889949686387,86.1843379324516,0.002459842760553812,0.028747331854464733,0.02859899727057764,0.028886651363896586,0,0,0,1,1,1,2.459540244038605e-4,0,0,0
TUR.10.4_1,2058,10,aegypti,16.528930720160986,81.87045811454665,0.0024240723805871744,0.001298745314590544,0.0012850403091426844,0.0013114254906370542,0,0,0,1,1,1,2.345601362030436e-4,0,0,0
TUR.10.4_1,2058,11,aegypti,11.245210935087766,71.54885448091456,0.0014060822152686323,0,0,0,0,0,0,1,1,1,1.405983366541408e-4,0,0,0
TUR.10.4_1,2058,12,aegypti,4.868043817579746,82.47068782472748,0.0011565246991006347,0,0,0,0,0,0,1,1,1,1.119154820694579e-4,0,0,0
TUR.10.4_1,2059,1,aegypti,1.0719667547930252,78.94610508797791,0.00111187711490583,0,0,0,0,0,0,1,1,1,1.0759522233871888e-4,0,0,0
TUR.10.4_1,2059,2,aegypti,2.892023096614353,69.2277827688419,8.317177302358615e-4,0,0,0,0,0,0,1,1,1,8.910864354283454e-5,0,0,0
TUR.10.4_1,2059,3,aegypti,4.67778994526495,84.29059568558876,0.0010210028660943167,0,0,0,0,0,0,1,1,1,9.88018477527941e-5,0,0,0
TUR.10.4_1,2059,4,aegypti,14.537258302464204,73.2185235948994,0.0013500885012846127,0,0,0,0,0,0,1,1,1,1.349997368438327e-4,0,0,0
TUR.10.4_1,2059,5,aegypti,15.120917208054486,78.82420979267826,0.0018870667388215052,3.461456340914311e-5,3.4078636639182955e-5,3.513634304510018e-5,0,0,0,1,1,1,1.8260268792080758e-4,0,0,0
TUR.10.4_1,2059,6,aegypti,19.466988170848172,81.87155519324025,0.0021225176412920503,0.017716129146533578,0.017619417111454785,0.017815435245202453,0,0,0,1,1,1,2.1222924031716328e-4,0,0,0
TUR.10.4_1,2059,7,aegypti,21.458732661078958,90.48371441476556,0.0024925451944185465,0.051080500321554395,0.05084737680740872,0.05131022915482677,0,0,0,1,1,1,2.4118496130254297e-4,0,0,0
TUR.10.4_1,2059,8,aegypti,23.302992820739746,93.26199592762072,0.0029597403011695947,0.09718963190590317,0.09683838261211408,0.09753511194219902,4.1943475792560745e-10,3.784395991024425e-10,4.6274725162831484e-10,0.9999999995805653,0.9999999995372527,0.9999999996215604,2.8638546461001724e-4,1.201200180221152e-13,1.0837960041578166e-13,1.325240866545835e-13
TUR.10.4_1,2059,9,aegypti,19.38981014139512,86.07462723909222,0.0023590559450526365,0.018066007344296205,0.017963143436413642,0.018169687948946453,0,0,0,1,1,1,2.358777709684512e-4,0,0,0
TUR.10.4_1,2059,10,aegypti,13.792715128730324,85.75330113212478,0.0023247511801829943,0,0,0,0,0,0,1,1,1,2.2495061547811446e-4,0,0,0
TUR.10.4_1,2059,11,aegypti,9.13406210085925,73.89660228364893,0.001348470992680625,0,0,0,0,0,0,1,1,1,1.348380078066702e-4,0,0,0
TUR.10.4_1,2059,12,aegypti,4.204693473875523,78.97478480959076,0.0011091385639622386,0,0,0,0,0,0,1,1,1,1.0733022975961681e-4,0,0,0
TUR.10.4_1,2060,1,aegypti,2.5457653874147903,78.60943516610291,0.0011507122472816664,0,0,0,0,0,0,1,1,1,1.113530495258086e-4,0,0,0
TUR.10.4_1,2060,2,aegypti,0.8761251371436041,81.81523851835362,8.915092839514539e-4,0,0,0,0,0,0,1,1,1,9.222084573612399e-5,0,0,0
TUR.10.4_1,2060,3,aegypti,4.645073194166317,82.24256864701454,0.001056663984512281,0,0,0,0,0,0,1,1,1,1.0225257680163136e-4,0,0,0
TUR.10.4_1,2060,4,aegypti,10.842535173191743,76.03555545525096,0.001397243771380196,0,0,0,0,0,0,1,1,1,1.3971461614181724e-4,0,0,0
TUR.10.4_1,2060,5,aegypti,14.041817552903119,77.42324696308842,0.001952977337773241,0,0,0,0,0,0,1,1,1,1.8897994792088646e-4,0,0,0
TUR.10.4_1,2060,6,aegypti,23.752512539134305,67.97224794226369,0.0021966519610514836,0.06958218721328771,0.06924645427022923,0.06995608567562661,3.2962521601120895e-14,2.864375403532904e-14,3.83026943495679e-14,0.999999999999967,0.9999999999999617,0.9999999999999714,2.1964107147243173e-4,7.239923562903369e-18,6.29134482731246e-18,8.41284482722015e-18
TUR.10.4_1,2060,7,aegypti,22.3872891033397,88.99963696115228,0.002579603666330883,0.06899329682713443,0.06871803288748393,0.06926349804647523,2.585243130681647e-14,2.298161660974074e-14,2.886579864025407e-14,0.9999999999999741,0.9999999999999711,0.999999999999977,2.496079072451529e-4,6.4529712756935325e-18,5.736393227067832e-18,7.205131589553799e-18
TUR.10.4_1,2060,8,aegypti,23.88759136199951,87.41950477771837,0.003063116748848126,0.10209857569515618,0.10169921130268819,0.1024964495592983,1.6676320303554704e-9,1.492337647901465e-9,1.8564206588633779e-9,0.999999998332368,0.9999999981435793,0.9999999985076624,2.963867218892524e-4,4.942639907945761e-13,4.423090634134326e-13,5.502184335280028e-13
TUR.10.4_1,2060,9,aegypti,19.06123119242051,83.61545212922894,0.0024414519658717917,0.014281842827074849,0.014197094064483787,0.014365560655462385,0,0,0,1,1,1,2.441153955740072e-4,0,0,0
TUR.10.4_1,2060,10,aegypti,12.652136858771827,83.83005284110915,0.0024059490199559042,0,0,0,0,0,0,1,1,1,2.3280667244474085e-4,0,0,0
TUR.10.4_1,2060,11,aegypti,11.250525762053098,77.47270549409815,0.001395569767179786,0,0,0,0,0,0,1,1,1,1.395472390960384e-4,0,0,0
TUR.10.4_1,2060,12,aegypti,7.682226337492466,79.02307887697357,0.0011478780454905247,0,0,0,0,0,0,1,1,1,1.1107880243721446e-4,0,0,0
TUR.10.4_1,2061,1,aegypti,0.8031257265795242,83.32779606698182,0.0010737469566399456,0,0,0,0,0,0,1,1,1,1.0390559724338111e-4,0,0,0
TUR.10.4_1,2061,2,aegypti,1.7011683087878149,85.749900383588,8.031952179354607e-4,0,0,0,0,0,0,1,1,1,8.605292772745354e-5,0,0,0
TUR.10.4_1,2061,3,aegypti,5.426769275327816,82.80480924760047,9.85989103914856e-4,0,0,0,0,0,0,1,1,1,9.541374819765913e-5,0,0,0
TUR.10.4_1,2061,4,aegypti,9.6474091165206,75.58205661491893,0.0013037892407487099,0,0,0,0,0,0,1,1,1,1.30370425112325e-4,0,0,0
TUR.10.4_1,2061,5,aegypti,13.033696062424603,80.01424275166264,0.0018223526148909623,0,0,0,0,0,0,1,1,1,1.7634115473730283e-4,0,0,0
TUR.10.4_1,2061,6,aegypti,18.660416210398953,82.49221406775197,0.0020497290817474536,0.010784329091767507,0.010718360929441133,0.010852178763773814,0,0,0,1,1,1,2.0495190266345276e-4,0,0,0
TUR.10.4_1,2061,7,aegypti,22.3332176769481,83.33117230050775,0.002407067094839081,0.06172682963779823,0.06144489897209641,0.06201005266850057,1.0839107389415403e-15,9.992007221626409e-16,1.2212453270876722e-15,0.9999999999999989,0.9999999999999988,0.999999999999999,2.329148480441079e-4,2.5245890505394554e-19,2.3272868436807437e-19,2.84446169783202e-19
TUR.10.4_1,2061,8,aegypti,23.849696159362793,80.1812311571129,0.0028582404460178214,0.08892765380271689,0.08851478214260457,0.0893339698056217,3.448654284365915e-11,3.018388594622223e-11,3.9137834639824117e-11,0.9999999999655135,0.9999999999608622,0.9999999999698161,2.7656566279499195e-4,9.53779357906448e-15,8.347826422445394e-15,1.0824181177523753e-14
TUR.10.4_1,2061,9,aegypti,20.743558462928323,85.79331620393597,0.002278155659097429,0.03547842232417364,0.035302207825433446,0.035653463058476956,0,0,0,1,1,1,2.2778961791414254e-4,0,0,0
TUR.10.4_1,2061,10,aegypti,11.544933375190285,84.67476414482009,0.0022450273246949833,0,0,0,0,0,0,1,1,1,2.1723710944276942e-4,0,0,0
TUR.10.4_1,2061,11,aegypti,10.678685475798215,80.11764873140284,0.0013022272021766526,0,0,0,0,0,0,1,1,1,1.302142416073071e-4,0,0,0
TUR.10.4_1,2061,12,aegypti,6.4483267441391945,74.79234309816498,0.0010711023201941871,0,0,0,0,0,0,1,1,1,1.0364969124410095e-4,0,0,0
TUR.10.4_1,2062,1,aegypti,3.220569598077632,80.7165366065326,0.0011580785431789433,0,0,0,0,0,0,1,1,1,1.1206583723677443e-4,0,0,0
TUR.10.4_1,2062,2,aegypti,4.229481230311863,75.30707506620519,8.662777967592409e-4,0,0,0,0,0,0,1,1,1,9.28111710010171e-5,0,0,0
TUR.10.4_1,2062,3,aegypti,5.103153724332943,77.05306974564735,0.0010634282295199277,0,0,0,0,0,0,1,1,1,1.0290711400806618e-4,0,0,0
TUR.10.4_1,2062,4,aegypti,9.80679336716147,77.69178256706736,0.0014061882412812747,0,0,0,0,0,0,1,1,1,1.4060893776468575e-4,0,0,0
TUR.10.4_1,2062,5,aegypti,13.347086794236127,83.47538624531498,0.0019654793416275483,0,0,0,0,0,0,1,1,1,1.9018958988847867e-4,0,0,0
TUR.10.4_1,2062,6,aegypti,19.003491008982937,84.19871888952932,0.0022107138504305736,0.01389522789450723,0.013816854258398077,0.013974780280588085,0,0,0,1,1,1,2.210469505650181e-4,0,0,0
TUR.10.4_1,2062,7,aegypti,22.61170202143052,81.45350201242181,0.0025961170248605956,0.06520929663669107,0.06491582010805506,0.06551628380793817,5.183409257369931e-15,4.551914400963142e-15,5.88418203051333e-15,0.9999999999999948,0.9999999999999941,0.9999999999999954,2.512055740329089e-4,1.3021012979451074e-18,1.1434662700426106e-18,1.4781393246892284e-18
TUR.10.4_1,2062,8,aegypti,21.8856840133667,91.12570442371447,0.0030827253211851485,0.06034247659561208,0.06009029027492175,0.06058859049479368,5.649924972317422e-16,5.551115123125783e-16,6.661338147750939e-16,0.9999999999999994,0.9999999999999993,0.9999999999999994,2.982837614393663e-4,1.685280872593048e-19,1.6558074991089095e-19,1.9869689989306914e-19
TUR.10.4_1,2062,9,aegypti,19.98427158243516,87.86271317659222,0.0024570809449168006,0.025634096536555243,0.02550388438502437,0.02576515942221917,0,0,0,1,1,1,2.4567791073004663e-4,0,0,0
TUR.10.4_1,2062,10,aegypti,15.491068896125343,84.43868016044509,0.002421350726539479,1.6166358829331387e-4,1.5961607963992634e-4,1.6368683187220655e-4,0,0,0,1,1,1,2.3429681207254305e-4,0,0,0
TUR.10.4_1,2062,11,aegypti,11.334734250517453,76.0507923471255,0.0014045035209263243,0,0,0,0,0,0,1,1,1,1.4044048940364817e-4,0,0,0
TUR.10.4_1,2062,12,aegypti,7.047413982450962,72.29238887453216,0.0011552261982168436,0,0,0,0,0,0,1,1,1,1.1178983474913196e-4,0,0,0
TUR.10.4_1,2063,1,aegypti,5.804126130937434,69.33418187020447,0.0012668433722612545,0,0,0,0,0,0,1,1,1,1.2259023090621657e-4,0,0,0
TUR.10.4_1,2063,2,aegypti,5.7134940724902075,72.90719561063878,9.47637180418732e-4,0,0,0,0,0,0,1,1,1,1.0152740078939182e-4,0,0,0
TUR.10.4_1,2063,3,aegypti,7.0032901951276205,78.85399595414344,0.0011633036570600508,0,0,0,0,0,0,1,1,1,1.125714366241315e-4,0,0,0
TUR.10.4_1,2063,4,aegypti,14.171672975315767,69.33916721062205,0.001538255124500336,0,0,0,0,0,0,1,1,1,1.5381368191247358e-4,0,0,0
TUR.10.4_1,2063,5,aegypti,12.170320398667279,84.28568897968998,0.0021500739236756,0,0,0,0,0,0,1,1,1,2.080500246244288e-4,0,0,0
TUR.10.4_1,2063,6,aegypti,18.537737453685086,89.76021943884572,0.0024183404535726596,0.011036005179802964,0.010972249260155751,0.011098314272529221,0,0,0,1,1,1,2.4180480586155628e-4,0,0,0
TUR.10.4_1,2063,7,aegypti,22.023504313300638,86.0779145490429,0.0028399400592737383,0.05831322419496489,0.05806020849305365,0.05855048312545463,2.219335826225688e-16,2.220446049250313e-16,2.220446049250313e-16,0.9999999999999998,0.9999999999999998,0.9999999999999998,2.747951458575981e-4,6.09862712074681e-20,6.101677959726673e-20,6.101677959726673e-20
TUR.10.4_1,2063,8,aegypti,24.307610511779785,77.71859230213244,0.003372249805203334,0.09425588922968624,0.09382309445181954,0.09465235973074859,1.7747919389687894e-10,1.5563700883625132e-10,1.993135351208153e-10,0.9999999998225209,0.9999999998006864,0.9999999998443629,3.262935100322162e-4,5.791030913430091e-14,5.078334590409549e-14,6.503471297150021e-14
TUR.10.4_1,2063,9,aegypti,19.189137991736917,85.51389725862347,0.002687845939734588,0.01590664903158747,0.0158205640927698,0.015995799511691028,0,0,0,1,1,1,2.6874847463065343e-4,0,0,0
TUR.10.4_1,2063,10,aegypti,13.186873492072609,83.54641484062087,0.002648759998105357,0,0,0,0,0,0,1,1,1,2.562987625789326e-4,0,0,0
TUR.10.4_1,2063,11,aegypti,11.712119389982785,81.25872386568018,0.0015364121779848743,0,0,0,0,0,0,1,1,1,1.5362941559105003e-4,0,0,0
TUR.10.4_1,2063,12,aegypti,5.609474815428257,82.43569179201263,0.0012637231397589583,0,0,0,0,0,0,1,1,1,1.222883098935812e-4,0,0,0
TUR.10.4_1,2064,1,aegypti,3.5065717571962844,80.79074772713807,0.0011471119983191822,0,0,0,0,0,0,1,1,1,1.1100467707192418e-4,0,0,0
TUR.10.4_1,2064,2,aegypti,0.00549770408200434,81.92565111600987,8.887200068040405e-4,0,0,0,0,0,0,1,1,1,9.193232639270743e-5,0,0,0
TUR.10.4_1,2064,3,aegypti,6.408894080778255,79.59079710160438,0.0010533579856207929,0,0,0,0,0,0,1,1,1,1.0193267408808993e-4,0,0,0
TUR.10.4_1,2064,4,aegypti,11.380170022740083,76.67766818718455,0.0013928721959058474,0,0,0,0,0,0,1,1,1,1.392775195762086e-4,0,0,0
TUR.10.4_1,2064,5,aegypti,17.06659973368925,85.64032612568607,0.0019468670311777532,0.002758583012691816,0.0027345342790142998,0.0027806935917685013,0,0,0,1,1,1,1.8838873950055568e-4,0,0,0
TUR.10.4_1,2064,6,aegypti,18.579031551585476,90.03725038366994,0.0021897792663683456,0.011412096557970739,0.011345977487741212,0.011482902730645563,0,0,0,1,1,1,2.1895395272064633e-4,0,0,0
TUR.10.4_1,2064,7,aegypti,22.260028895209818,86.86757977121087,0.0025715328254710002,0.06392527792657628,0.06364855445420634,0.06418168539472086,2.937983190065552e-15,2.55351295663786e-15,3.3306690738754696e-15,0.9999999999999971,0.9999999999999967,0.9999999999999974,2.4882705278073125e-4,7.310496983033423e-19,6.353831032376099e-19,8.2876056944036075e-19
TUR.10.4_1,2064,8,aegypti,22.889344215393066,83.55590309314806,0.003053533134071226,0.07335078536912848,0.07305460858611312,0.07365388790452868,1.4762713274052431e-13,1.3133660825559447e-13,1.6566470417700427e-13,0.9999999999998523,0.9999999999998344,0.9999999999998687,2.9545954975085387e-4,4.3617846170524846e-17,3.8804655141002215e-17,4.8947218905746085e-17
TUR.10.4_1,2064,9,aegypti,21.32544475443223,85.79832108674847,0.0024338133621045603,0.04505272378072084,0.04485619738301156,0.04523939299843131,0,0,0,1,1,1,2.4335172137568417e-4,0,0,0
TUR.10.4_1,2064,10,aegypti,16.9849920833812,80.89677189628493,0.0023984214947354605,0.0023293249671101734,0.0023101762032752948,0.002350016444443305,0,0,0,1,1,1,2.3207837158956135e-4,0,0,0
TUR.10.4_1,2064,11,aegypti,10.589646626921262,80.54485667818018,0.0013912034291850071,0,0,0,0,0,0,1,1,1,1.3911066613236933e-4,0,0,0
TUR.10.4_1,2064,12,aegypti,3.860228218138218,87.17893977785248,0.001144286663933495,0,0,0,0,0,0,1,1,1,1.1073128792871145e-4,0,0,0
TUR.10.4_1,2065,1,aegypti,4.463959085344173,75.0035239112201,0.0011928537089145792,0,0,0,0,0,0,1,1,1,1.1543079305464943e-4,0,0,0
TUR.10.4_1,2065,2,aegypti,4.894226799540989,71.3424067922794,8.922906731162371e-4,0,0,0,0,0,0,1,1,1,9.559800233938098e-5,0,0,0
TUR.10.4_1,2065,3,aegypti,6.148935813566341,83.27875486527626,0.0010953612043145356,0,0,0,0,0,0,1,1,1,1.05997079104303e-4,0,0,0
TUR.10.4_1,2065,4,aegypti,11.665424501194673,75.38906345085643,0.0014484137271380685,0,0,0,0,0,0,1,1,1,1.448308837086465e-4,0,0,0
TUR.10.4_1,2065,5,aegypti,16.610569841721478,79.13485584980717,0.0020244994057308386,0.0013967059114894504,0.0013834516326915302,0.0014099752570744732,0,0,0,1,1,1,1.9590010639658484e-4,0,0,0
TUR.10.4_1,2065,6,aegypti,21.576466167674344,81.5798681815215,0.002277097897519261,0.04627119958813569,0.04605053729895148,0.046483556796873805,0,0,0,1,1,1,2.2768386584548495e-4,0,0,0
TUR.10.4_1,2065,7,aegypti,21.536741312812357,89.75788433664056,0.0026740740860119166,0.05201478903299789,0.051760632268582844,0.052241125502812895,0,0,0,1,1,1,2.5874788215363154e-4,0,0,0
TUR.10.4_1,2065,8,aegypti,21.864428520202637,86.64784492664415,0.003175294417290999,0.05572012468377592,0.05548846886007938,0.055933785943436176,8.43769498715119e-17,0,1.1102230246251565e-16,0.9999999999999999,0.9999999999999999,1,3.0723934883369886e-4,2.5923919135096965e-20,0,3.411041991460127e-20
TUR.10.4_1,2065,9,aegypti,19.826085623572855,89.72741349397504,0.002530862984648584,0.024294201067518673,0.024168713788569232,0.02442235071868703,0,0,0,1,1,1,2.5305427482924525e-4,0,0,0
TUR.10.4_1,2065,10,aegypti,14.280652102302101,88.75192021171462,0.002494059847449685,0,0,0,0,0,0,1,1,1,2.4133150526461922e-4,0,0,0
TUR.10.4_1,2065,11,aegypti,11.61285905978259,77.52653087251612,0.001446678417442778,0,0,0,0,0,0,1,1,1,1.4465737785662736e-4,0,0,0
TUR.10.4_1,2065,12,aegypti,9.683054126799107,68.33802028322357,0.0011899157127940358,0,0,0,0,0,0,1,1,1,1.151465036286492e-4,0,0,0
TUR.10.4_1,2066,1,aegypti,5.207663642762996,79.71762760995057,0.0011642831197706364,0,0,0,0,0,0,1,1,1,1.1266621266325938e-4,0,0,0
TUR.10.4_1,2066,2,aegypti,2.388411889605991,87.72085527860753,8.70919007816413e-4,0,0,0,0,0,0,1,1,1,9.330839733812102e-5,0,0,0
TUR.10.4_1,2066,3,aegypti,5.0316598602734945,78.4499584785575,0.0010691257030969038,0,0,0,0,0,0,1,1,1,1.0345842552694773e-4,0,0,0
TUR.10.4_1,2066,4,aegypti,13.409875070347505,74.43076572136424,0.0014137221021724526,0,0,0,0,0,0,1,1,1,1.413622176372753e-4,0,0,0
TUR.10.4_1,2066,5,aegypti,15.150275118210736,74.89351521260014,0.001976009687074622,3.724878043391794e-5,3.6690138930850314e-5,3.7855873311088304e-5,0,0,0,1,1,1,1.9120846124209834e-4,0,0,0
TUR.10.4_1,2066,6,aegypti,17.99692782233743,87.70190797644338,0.0022225580759264204,0.00704874093795823,0.007002186255436827,0.0070963963342195804,0,0,0,1,1,1,2.2223111060037937e-4,0,0,0
TUR.10.4_1,2066,7,aegypti,20.946243342231302,85.90150768869134,0.0026100261047037727,0.03873825054019352,0.038556530361933766,0.03891945950893724,0,0,0,1,1,1,2.5255127497925134e-4,0,0,0
TUR.10.4_1,2066,8,aegypti,23.325989723205566,97.98711647205431,0.003099241476742215,0.10595286406062521,0.10560993324317039,0.10632612068129503,4.690327787049142e-9,4.280206322704317e-9,5.167467462263709e-9,0.9999999953096722,0.9999999948325325,0.9999999957197937,2.998816210387778e-4,1.4065430999835202e-12,1.2835552104329965e-12,1.54962851924878e-12
TUR.10.4_1,2066,9,aegypti,19.717254217933206,88.70843918977582,0.002470245118456254,0.022578205628274974,0.022464752978656757,0.02269780076318942,0,0,0,1,1,1,2.4699400380301384e-4,0,0,0
TUR.10.4_1,2066,10,aegypti,14.326100405524757,86.42952488700759,0.0024343234701643857,0,0,0,0,0,0,1,1,1,2.3555194394464518e-4,0,0,0
TUR.10.4_1,2066,11,aegypti,12.636295606108273,75.92590678804346,0.0014120283556797331,0,0,0,0,0,0,1,1,1,1.411928669168283e-4,0,0,0
TUR.10.4_1,2066,12,aegypti,5.84885660558939,82.04274745607513,0.0011614154929497304,0,0,0,0,0,0,1,1,1,1.1238873161811824e-4,0,0,0
TUR.10.4_1,2067,1,aegypti,6.937866556047298,75.71359928963807,0.0012075380321581106,0,0,0,0,0,0,1,1,1,1.168516915502904e-4,0,0,0
TUR.10.4_1,2067,2,aegypti,4.774099360042087,75.12752489530675,9.03274991288119e-4,0,0,0,0,0,0,1,1,1,9.677478037106724e-5,0,0,0
TUR.10.4_1,2067,3,aegypti,9.15013029064764,75.95615354691688,0.0011088453707905862,0,0,0,0,0,0,1,1,1,1.0730185927176894e-4,0,0,0
TUR.10.4_1,2067,4,aegypti,10.078478967442232,79.19377383904002,0.001466244057211835,0,0,0,0,0,0,1,1,1,1.4661365688839467e-4,0,0,0
TUR.10.4_1,2067,5,aegypti,15.962274439194623,82.88214741474857,0.002049421492536554,5.007171473050111e-4,4.952427418540618e-4,5.061333469629136e-4,0,0,0,1,1,1,1.9831144586612837e-4,0,0,0
TUR.10.4_1,2067,6,aegypti,18.524572933421414,79.89311586218557,0.002305129534034659,0.009419615932845803,0.009358465984642605,0.009480718262375277,0,0,0,1,1,1,2.304863873339169e-4,0,0,0
TUR.10.4_1,2067,7,aegypti,19.879207667182474,86.85386974923821,0.0027069925972783818,0.023912547955087838,0.02378537322972778,0.02403591801258934,0,0,0,1,1,1,2.6193271517793715e-4,0,0,0
TUR.10.4_1,2067,8,aegypti,21.27428150177002,90.55946602039415,0.003214383074406639,0.0476159131698084,0.04741914319865176,0.047818715887689864,0,0,0,1,1,1,3.110209527336094e-4,0,0,0
TUR.10.4_1,2067,9,aegypti,19.90142017252305,85.31891282258832,0.0025620185319499248,0.023633173456786043,0.023506109314166038,0.02375440623684816,0,0,0,1,1,1,2.561690363028779e-4,0,0,0
TUR.10.4_1,2067,10,aegypti,16.790314730475927,80.97912358085524,0.0025247623390586425,0.001833030247816957,0.0018161533529204449,0.0018497948550115601,0,0,0,1,1,1,2.4430199267078123e-4,0,0,0
TUR.10.4_1,2067,11,aegypti,10.122801114531125,83.6129032480044,0.0014644873854263714,0,0,0,0,0,0,1,1,1,1.4643801544955704e-4,0,0,0
TUR.10.4_1,2067,12,aegypti,5.334245599806309,80.55841060304779,0.001204563868580988,0,0,0,0,0,0,1,1,1,1.1656390285974538e-4,0,0,0
TUR.10.4_1,2068,1,aegypti,2.4212602847803604,83.84030827401307,0.0011587134555592318,0,0,0,0,0,0,1,1,1,1.1212727348275386e-4,0,0,0
TUR.10.4_1,2068,2,aegypti,5.141266356044285,76.97501329862706,8.977081850921423e-4,0,0,0,0,0,0,1,1,1,9.286205202774234e-5,0,0,0
TUR.10.4_1,2068,3,aegypti,5.099586028715267,79.93540922318641,0.0010640112502074688,0,0,0,0,0,0,1,1,1,1.0296352955718735e-4,0,0,0
TUR.10.4_1,2068,4,aegypti,12.104847108616548,70.16984042839549,0.001406959178907798,0,0,0,0,0,0,1,1,1,1.406860206842886e-4,0,0,0
TUR.10.4_1,2068,5,aegypti,17.173683054306927,77.0463396144556,0.001966556908580628,0.002721438917292402,0.002697580397843786,0.002743460641482539,0,0,0,1,1,1,1.9029385072277805e-4,0,0,0
TUR.10.4_1,2068,6,aegypti,19.492884243235867,82.42823396521291,0.002211925866317735,0.018129898246906653,0.018028773955735176,0.018232475647272626,0,0,0,1,1,1,2.2116812535522e-4,0,0,0
TUR.10.4_1,2068,7,aegypti,22.129186686347513,87.44145519845696,0.002597540336646718,0.061800376155300256,0.061549947831859304,0.062049914561876696,1.1211032102664832e-15,9.992007221626409e-16,1.2212453270876722e-15,0.9999999999999989,0.9999999999999988,0.999999999999999,2.513432792726755e-4,2.8178175727150173e-19,2.511423861599837e-19,3.0695180530664676e-19
TUR.10.4_1,2068,8,aegypti,20.671406745910645,91.60323585681994,0.0030844154142129292,0.03761270302776414,0.03744727534259189,0.03778635496594068,0,0,0,1,1,1,2.984472700292562e-4,0,0,0
TUR.10.4_1,2068,9,aegypti,20.149207648108987,82.57867844758832,0.0024584280306740552,0.0256590387835556,0.02552297631595088,0.025784890318421065,0,0,0,1,1,1,2.458125862017102e-4,0,0,0
TUR.10.4_1,2068,10,aegypti,13.303202685187843,86.77152775565993,0.002422678223333505,0,0,0,0,0,0,1,1,1,2.3442524939654152e-4,0,0,0
TUR.10.4_1,2068,11,aegypti,10.751750279875363,81.37627757661768,0.0014052735349109951,0,0,0,0,0,0,1,1,1,1.4051747998511388e-4,0,0,0
TUR.10.4_1,2068,12,aegypti,9.050165332853794,70.05879207277435,0.0011558595468093044,0,0,0,0,0,0,1,1,1,1.1185111969469475e-4,0,0,0
TUR.10.4_1,2069,1,aegypti,6.92438780009637,70.3831396949115,0.0012264349112912738,0,0,0,0,0,0,1,1,1,1.1868020642680221e-4,0,0,0
TUR.10.4_1,2069,2,aegypti,3.4986219506792944,82.22660784208409,9.174104287483162e-4,0,0,0,0,0,0,1,1,1,9.828914381426745e-5,0,0,0
TUR.10.4_1,2069,3,aegypti,9.110956687589779,75.67306486283485,0.00112619779894703,0,0,0,0,0,0,1,1,1,1.0898094491440524e-4,0,0,0
TUR.10.4_1,2069,4,aegypti,13.22974315811606,69.43039951042674,0.001489189451883448,0,0,0,0,0,0,1,1,1,1.489078573125857e-4,0,0,0
TUR.10.4_1,2069,5,aegypti,13.633471376755658,85.42509327656498,0.002081493087141451,0,0,0,0,0,0,1,1,1,2.0141452825450656e-4,0,0,0
TUR.10.4_1,2069,6,aegypti,17.88234385322122,88.68856416540822,0.0023412027284441866,0.00649314524417068,0.006447665503563735,0.006535072618636183,0,0,0,1,1,1,2.340928688320254e-4,0,0,0
TUR.10.4_1,2069,7,aegypti,21.739738520453958,88.33703930490228,0.002749354585524595,0.05477885595076029,0.05455376160290807,0.05500566886825793,0,0,0,1,1,1,2.660311802211712e-4,0,0,0
TUR.10.4_1,2069,8,aegypti,23.0169038772583,85.99398292713244,0.0032646852651676125,0.0793075379785165,0.0789843920909677,0.0796517990880633,1.3541946453088372e-12,1.2040146657454897e-12,1.5282997090082516e-12,0.99999999999864575,0.9999999999984717,0.999999999998796,3.158873807977969e-4,4.277729995970101e-16,3.8033303920447766e-16,4.827705921526518e-16
TUR.10.4_1,2069,9,aegypti,21.298177298377542,76.92404587922894,0.002602111807064959,0.038630904715415325,0.038427243756667444,0.03882459516830176,0,0,0,1,1,1,2.6017732871352894e-4,0,0,0
TUR.10.4_1,2069,10,aegypti,14.083567675422218,83.77514408866774,0.002564272588417734,0,0,0,0,0,0,1,1,1,2.4812462377499234e-4,0,0,0
TUR.10.4_1,2069,11,aegypti,10.212823201628293,72.35261119478174,0.0014874052897717812,0,0,0,0,0,0,1,1,1,0.00014872946765309702,0,0,0
TUR.10.4_1,2069,12,aegypti,7.505540050566196,67.54269786501068,0.0012234142047414724,0,0,0,0,0,0,1,1,1,1.1838791463714138e-4,0,0,0
TUR.10.4_1,2070,1,aegypti,6.1684030169237625,78.0617743384662,0.0011463550538613647,0,0,0,0,0,0,1,1,1,1.1093143251117432e-4,0,0,0
TUR.10.4_1,2070,2,aegypti,2.2776178222231787,84.10919908964269,8.575082719664886e-4,0,0,0,0,0,0,1,1,1,9.187166582214079e-5,0,0,0
TUR.10.4_1,2070,3,aegypti,8.661026973386898,71.02550474320594,0.0010526629065958314,0,0,0,0,0,0,1,1,1,1.0186541523038439e-4,0,0,0
TUR.10.4_1,2070,4,aegypti,10.824186479344087,75.72075900749705,0.0013919530817385441,0,0,0,0,0,0,1,1,1,1.3918562095638354e-4,0,0,0
TUR.10.4_1,2070,5,aegypti,15.7758950065164,79.93396626240482,0.0019455823526010178,3.1773640685289685e-4,3.138181477453805e-4,3.2178494516346137e-4,0,0,0,1,1,1,1.882644391808519e-4,0,0,0
TUR.10.4_1,2070,6,aegypti,19.015791500315945,88.50101838904104,0.002188334297366234,0.01494127197398926,0.014853002475592233,0.015033445798971985,0,0,0,1,1,1,2.188094874481239e-4,0,0,0
TUR.10.4_1,2070,7,aegypti,21.251083430121927,86.13904888742181,0.0025698359488598344,0.04399745413064379,0.04380650267886619,0.044185947164315065,0,0,0,1,1,1,2.486628797625512e-4,0,0,0
TUR.10.4_1,2070,8,aegypti,23.8300199508667,80.91068519764025,0.0030515182000578223,0.08967884708105525,0.08931443497027208,0.09004913325755569,4.370160255895428e-11,3.8897310372654205e-11,4.9001006030557904e-11,0.9999999999562984,0.999999999950999,0.9999999999611028,2.952646137303061e-4,1.2903536798964992e-14,1.1484999322329572e-14,1.446826311800908e-14
TUR.10.4_1,2070,9,aegypti,19.273648794959573,88.64545853792035,0.002432207362395285,0.017545585825660705,0.017454321370951733,0.017637863643424002,0,0,0,1,1,1,2.4319116047410994e-4,0,0,0
TUR.10.4_1,2070,10,aegypti,15.85339551813462,81.03061436454665,0.0023968388490473234,3.8578096390743787e-4,3.8149403386449055e-4,3.8979996458413823e-4,0,0,0,1,1,1,2.3192524786264102e-4,0,0,0
TUR.10.4_1,2070,11,aegypti,8.270619203062619,80.89660228364893,0.0013902854161863105,0,0,0,0,0,0,1,1,1,1.390188775988177e-4,0,0,0
TUR.10.4_1,2070,12,aegypti,3.79810444265604,82.91923518800873,0.00114353158382825,0,0,0,0,0,0,1,1,1,1.1065822374911605e-4,0,0,0
TUR.10.4_1,2071,1,aegypti,2.9078993672121536,80.85910710213807,0.0012165101430735043,0,0,0,0,0,0,1,1,1,1.1771985851294353e-4,0,0,0
TUR.10.4_1,2071,2,aegypti,3.504395971827976,77.19139818632237,9.099864017721882e-4,0,0,0,0,0,0,1,1,1,9.74937902185058e-5,0,0,0
TUR.10.4_1,2071,3,aegypti,7.6929216572247885,67.98519102250282,0.0011170841867862808,0,0,0,0,0,0,1,1,1,1.0809907817543873e-4,0,0,0
TUR.10.4_1,2071,4,aegypti,11.148471986546236,75.50271854118846,0.0014771383760324444,0,0,0,0,0,0,1,1,1,1.4770292845145416e-4,0,0,0
TUR.10.4_1,2071,5,aegypti,14.630234606125775,79.00540028340092,0.002064648869607707,0,0,0,0,0,0,1,1,1,1.9978476968129932e-4,0,0,0
TUR.10.4_1,2071,6,aegypti,18.354361141429226,89.11999116736135,0.0023222568437366534,0.00955571711934164,0.009494999225828117,0.009616808713138658,0,0,0,1,1,1,2.32198722076582e-4,0,0,0
TUR.10.4_1,2071,7,aegypti,20.139463480781107,90.23948223703118,0.0027271057839301717,0.0287273172293482,0.028591387867204648,0.028863713846758263,0,0,0,1,1,1,2.6387864086641066e-4,0,0,0
TUR.10.4_1,2071,8,aegypti,24.22739887237549,95.48379768543322,0.003238266215724017,0.12764763966184128,0.12719561363631451,0.12810148221504866,8.005869260453435e-7,7.260225972360868e-7,8.808282700806247e-7,0.9999991994130739,0.9999991191717299,0.9999992739774028,3.1333150294998724e-4,2.508491047798978e-10,2.274857515676363e-10,2.759912457051994e-10
TUR.10.4_1,2071,9,aegypti,20.371503409217386,81.83852799592816,0.0025810545488900018,0.02820050656332289,0.028055211734187027,0.02834766766140824,0,0,0,1,1,1,2.5807214854167704e-4,0,0,0
TUR.10.4_1,2071,10,aegypti,16.973084505866552,78.49229954521071,0.0025435215392972956,0.002210924536975966,0.002192254694601125,0.0022312744812565555,0,0,0,1,1,1,2.4611695399057165e-4,0,0,0
TUR.10.4_1,2071,11,aegypti,9.766081143828,72.96542705171534,0.001475368652025285,0,0,0,0,0,0,1,1,1,1.475259821744901e-4,0,0,0
TUR.10.4_1,2071,12,aegypti,4.203987039625645,79.97747035646576,0.0012135138812064863,0,0,0,0,0,0,1,1,1,1.1742993177921157e-4,0,0,0
TUR.10.4_1,2072,1,aegypti,3.3282666081179153,74.1665869605365,0.001227822399250101,0,0,0,0,0,0,1,1,1,1.1881446351058589e-4,0,0,0
TUR.10.4_1,2072,2,aegypti,5.708653221660129,81.26158861600987,9.51250037149451e-4,0,0,0,0,0,0,1,1,1,9.840033462626963e-5,0,0,0
TUR.10.4_1,2072,3,aegypti,5.008580703397884,77.20501676713172,0.001127471886850848,0,0,0,0,0,0,1,1,1,1.0910423029897309e-4,0,0,0
TUR.10.4_1,2072,4,aegypti,11.933913385166841,78.11239871696971,0.0014908741987981662,0,0,0,0,0,0,1,1,1,1.490763069027512e-4,0,0,0
TUR.10.4_1,2072,5,aegypti,15.433032877304974,80.38716755635014,0.0020838479178529727,1.255795242380928e-4,1.2381762572290166e-4,1.274549057068975e-4,0,0,0,1,1,1,2.0164236917186162e-4,0,0,0
TUR.10.4_1,2072,6,aegypti,18.88742502997903,86.4004477103301,0.002343851373362056,0.013328200704337736,0.013244984615015802,0.013413430759982057,0,0,0,1,1,1,2.343576712858786e-4,0,0,0
TUR.10.4_1,2072,7,aegypti,20.780235346625833,90.45547039621087,0.002752464980007695,0.038758578543648704,0.03858790055880625,0.03893289286446569,0,0,0,1,1,1,2.6633210601656465e-4,0,0,0
TUR.10.4_1,2072,8,aegypti,21.84437084197998,89.30284370594103,0.003268378662553057,0.05775164132985657,0.05751644323972608,0.057995920637567235,1.4377388168895776e-16,1.1102230246251565e-16,2.220446049250313e-16,0.9999999999999999,0.9999999999999998,0.9999999999999999,0.00031624469338120687,4.546772713095036e-20,3.511021400073387e-20,7.022042800146774e-20
TUR.10.4_1,2072,9,aegypti,19.554383810828714,83.88367112336957,0.002605055623134271,0.0191847473099257,0.01907672482499232,0.019294823255575695,0,0,0,1,1,1,2.6047163368569937e-4,0,0,0
TUR.10.4_1,2072,10,aegypti,15.634148653815773,82.26033543388259,0.002567173596295791,2.3292454955074572e-4,2.3007217823643142e-4,2.3604838398992264e-4,0,0,0,1,1,1,2.484052967742789e-4,0,0,0
TUR.10.4_1,2072,11,aegypti,10.862242986174191,78.53650249116846,0.001489088018231689,0,0,0,0,0,0,1,1,1,1.488977154577853e-4,0,0,0
TUR.10.4_1,2072,12,aegypti,5.432387746870518,80.42169948244232,0.0012247982753204399,0,0,0,0,0,0,1,1,1,1.1852184108518404e-4,0,0,0
TUR.10.4_1,2073,1,aegypti,3.3519208306063186,80.34854802010682,0.0011600907542393894,0,0,0,0,0,0,1,1,1,1.1226054549784426e-4,0,0,0
TUR.10.4_1,2073,2,aegypti,4.813407431178562,69.60511736356847,8.677829915271821e-4,0,0,0,0,0,0,1,1,1,9.297242688821594e-5,0,0,0
TUR.10.4_1,2073,3,aegypti,4.739240903516903,85.03142515336219,0.00106527598160724,0,0,0,0,0,0,1,1,1,1.0308591030883107e-4,0,0,0
TUR.10.4_1,2073,4,aegypti,10.760949289097505,75.10031375603221,0.0014086315535668198,0,0,0,0,0,0,1,1,1,1.4085323460821808e-4,0,0,0
TUR.10.4_1,2073,5,aegypti,15.21225918040556,79.57155476338139,0.0019688944461501174,5.41515275824661e-5,5.338079282768266e-5,5.490574785158021e-5,0,0,0,1,1,1,1.9052002096342502e-4,0,0,0
TUR.10.4_1,2073,6,aegypti,19.798643673167508,80.58181367712697,0.0022145550604137122,0.020818705103878773,0.02070855794333844,0.02092726071951024,0,0,0,1,1,1,2.2143098658078397e-4,0,0,0
TUR.10.4_1,2073,7,aegypti,22.957237299750833,80.0582612287304,0.002600627889363185,0.07042493182340108,0.07012736214214167,0.07072843309759339,4.6395776109875443e-14,4.107825191113079e-14,5.2294280017406433e-14,0.9999999999999536,0.9999999999999477,0.9999999999999589,2.5164199955196587e-4,1.1675125871054385e-17,1.0337013449016316e-17,1.3159437188710568e-17
TUR.10.4_1,2073,8,aegypti,23.25210475921631,87.1430231493004,0.003088081688440324,0.0863306924677652,0.08597191748278249,0.08666193929486918,1.4934832481827697e-11,1.3257264730448526e-11,1.6614967734973616e-11,0.9999999999850652,0.999999999983385,0.9999999999867427,2.988019648086926e-4,4.462557289658799e-15,3.961296749447001e-15,4.96458500444315e-15
TUR.10.4_1,2073,9,aegypti,19.462539252112894,86.61496384797894,0.002461350228276632,0.018994911454578583,0.018886608843175046,0.019094711856142976,0,0,0,1,1,1,2.4610473408803735e-4,0,0,0
TUR.10.4_1,2073,10,aegypti,15.218552645514992,80.8700537566365,0.0024255579271148277,5.699665311706393e-5,5.6178029397422786e-5,5.781780611620974e-5,0,0,0,1,1,1,2.3470386503887664e-4,0,0,0
TUR.10.4_1,2073,11,aegypti,8.722639371367062,81.48308147066065,0.0014069439059381092,0,0,0,0,0,0,1,1,1,1.4068449360216118e-4,0,0,0
TUR.10.4_1,2073,12,aegypti,5.850619949400425,77.46593471193451,0.0011572334532057736,0,0,0,0,0,0,1,1,1,1.1198406349777201e-4,0,0,0
TUR.10.4_1,2074,1,aegypti,2.5758630508173477,84.37765416024354,0.0012039156138694065,0,0,0,0,0,0,1,1,1,1.1650117584338648e-4,0,0,0
TUR.10.4_1,2074,2,aegypti,3.5908086400561254,74.19820360624425,9.005653127843924e-4,0,0,0,0,0,0,1,1,1,9.648448572807666e-5,0,0,0
TUR.10.4_1,2074,3,aegypti,4.740022201200619,86.52326933060829,0.0011055190144825216,0,0,0,0,0,0,1,1,1,1.0697998831188382e-4,0,0,0
TUR.10.4_1,2074,4,aegypti,11.116593515171724,71.82428226189158,0.0014618455627983253,0,0,0,0,0,0,1,1,1,1.4617387183823993e-4,0,0,0
TUR.10.4_1,2074,5,aegypti,16.65050781474394,76.93807087666264,0.002043273560381937,0.0014252176875899848,0.0014114869874895099,0.001439346555141454,0,0,0,1,1,1,1.9771660250045286e-4,0,0,0
TUR.10.4_1,2074,6,aegypti,18.11477907966165,88.99695955115041,0.002298214519219767,0.007914950572580324,0.007864258604441864,0.007967349386188408,0,0,0,1,1,1,2.2979504499509584e-4,0,0,0
TUR.10.4_1,2074,7,aegypti,21.287967737983255,82.25519116037103,0.002698872058437677,0.04194998447499797,0.04174982277596562,0.04215032520398841,0,0,0,1,1,1,2.611470621138867e-4,0,0,0
TUR.10.4_1,2074,8,aegypti,23.062222480773926,91.6519571702965,0.0032047404464102176,0.08842888786637389,0.08810532970588111,0.08874654744972617,2.940939192175307e-11,2.64833599494807e-11,3.249420177375839e-11,0.9999999999705906,0.9999999999675058,0.9999999999735166,3.1008808498189655e-4,9.119502021498468e-15,8.212174370620727e-15,1.0076064801040086e-14
TUR.10.4_1,2074,9,aegypti,21.15386730081895,82.30703385530316,0.0025543328917970033,0.03982887278807788,0.03964035460238681,0.040015707639165794,0,0,0,1,1,1,2.554006688746391e-4,0,0,0
TUR.10.4_1,2074,10,aegypti,16.582259234260107,79.078916061324,0.0025171884614431338,0.0013409724320807782,0.0013286923577573643,0.0013535953409682159,0,0,0,1,1,1,2.4356921556656363e-4,0,0,0
TUR.10.4_1,2074,11,aegypti,11.590704251738156,77.6738392221255,0.0014600941607433656,0,0,0,0,0,0,1,1,1,1.4599875721832412e-4,0,0,0
TUR.10.4_1,2074,12,aegypti,7.015386737883091,78.22384639406341,0.001200950372300741,0,0,0,0,0,0,1,1,1,1.1621425037178224e-4,0,0,0
TUR.10.4_1,2075,1,aegypti,2.3700359338511,82.0866766822162,0.0011660416792935607,0,0,0,0,0,0,1,1,1,1.1283637665460144e-4,0,0,0
TUR.10.4_1,2075,2,aegypti,4.211895237498752,75.34452776395909,8.722344635581342e-4,0,0,0,0,0,0,1,1,1,9.34493258637481e-5,0,0,0
TUR.10.4_1,2075,3,aegypti,9.224422950407162,76.43164030228797,0.0010707405347082687,0,0,0,0,0,0,1,1,1,1.0361468337383162e-4,0,0,0
TUR.10.4_1,2075,4,aegypti,13.443673288120943,75.08203372673533,0.0014158574199687234,0,0,0,0,0,0,1,1,1,1.415757192086975e-4,0,0,0
TUR.10.4_1,2075,5,aegypti,14.24503792033476,83.38404713398685,0.001978994296740079,0,0,0,0,0,0,1,1,1,1.9149723916644934e-4,0,0,0
TUR.10.4_1,2075,6,aegypti,18.19212588141946,87.32709108191213,0.002225915077847433,0.008210792405965464,0.008156842623657611,0.0082646616143253,0,0,0,1,1,1,2.2256673613307854e-4,0,0,0
TUR.10.4_1,2075,7,aegypti,22.201515253852396,82.79909832589837,0.002613968347087577,0.05863128002424801,0.05836666361416792,0.05888884786391899,2.2648549702353194e-16,2.220446049250313e-16,3.3306690738754696e-16,0.9999999999999998,0.9999999999999997,0.9999999999999998,2.529326858837777e-4,5.728558507588427e-20,5.616233830969046e-20,8.42435074645357e-20
TUR.10.4_1,2075,8,aegypti,21.118979454040527,95.02932228260119,0.0031039226410743415,0.04797455000800373,0.04778285002651264,0.048164384954007274,0,0,0,1,1,1,3.0033450098809755e-4,0,0,0
TUR.10.4_1,2075,9,aegypti,19.751397665809183,84.51572068391644,0.002473976232481058,0.021572771552162195,0.0214620182934334,0.021681769555105385,0,0,0,1,1,1,2.4736702297967206e-4,0,0,0
TUR.10.4_1,2075,10,aegypti,13.71269899256089,81.90504978935134,0.002438000327320212,0,0,0,0,0,0,1,1,1,2.3590768495218573e-4,0,0,0
TUR.10.4_1,2075,11,aegypti,10.18556242129382,81.76584972017237,0.0014141611152030432,0,0,0,0,0,0,1,1,1,1.4140611273338877e-4,0,0,0
TUR.10.4_1,2075,12,aegypti,6.465035118162632,77.30117030763763,0.0011631697211443306,0,0,0,0,0,0,1,1,1,1.1255847654290108e-4,0,0,0
TUR.39.3_1,2025,1,albopictus,3.038676060845747,84.85223834026375,7.634753700334275e-5,0,0,0,0,0,0,1,1,1,7.38844402825567e-6,0,0,0
TUR.39.3_1,2025,2,albopictus,2.2854359347154114,74.93686600789113,5.7110268153056414e-5,0,0,0,0,0,0,1,1,1,6.118938581378686e-6,0,0,0
TUR.39.3_1,2025,3,albopictus,2.686109091648284,66.40634629585922,7.010761625960517e-5,0,0,0,0,0,0,1,1,1,6.784585009689259e-6,0,0,0
TUR.39.3_1,2025,4,albopictus,7.556056836072138,67.8055806651712,9.270442787946446e-5,0,0,0,0,0,0,1,1,1,9.270399817573605e-6,0,0,0
TUR.39.3_1,2025,5,albopictus,13.225726071526022,64.72263501550103,1.29576277574662e-4,5.841470267655041e-4,5.755376672908116e-4,5.930999628809314e-4,0,0,0,1,1,1,1.2539561144331302e-5,0,0,0
TUR.39.3_1,2025,6,albopictus,18.889152807347912,52.487647724084916,1.4574361859450382e-4,0.02355775766098924,0.023430377714717853,0.023682326902986647,0,0,0,1,1,1,1.45742556539874e-5,0,0,0
TUR.39.3_1,2025,7,albopictus,23.620483174043542,41.54791948001824,1.7115172523313556e-4,0.05360188909956544,0.05335387019921199,0.053855986292322314,0,0,0,1,1,1,1.656293301699474e-5,0,0,0
TUR.39.3_1,2025,8,albopictus,23.358649253845215,44.1953295077004,2.032318851917091e-4,0.05450993253925388,0.054248209011048175,0.0547678550301575,0,0,0,1,1,1,1.9667408386769836e-5,0,0,0
TUR.39.3_1,2025,9,albopictus,18.988064597634708,41.077852647698975,1.6198562650794016e-4,0.020566778974310237,0.02044928392560146,0.02068430362389952,0,0,0,1,1,1,1.6198431454839124e-5,0,0,0
TUR.39.3_1,2025,10,albopictus,15.505147302851958,46.54894869656002,1.5963007455875036e-4,0.004354088736688151,0.004315969918294854,0.00439006569143263,0,0,0,1,1,1,1.54479524105966e-5,0,0,0
TUR.39.3_1,2025,11,albopictus,6.714477793697049,76.67091548154326,9.259336093120133e-5,0,0,0,0,0,0,1,1,1,9.259293225594156e-6,0,0,0
TUR.39.3_1,2025,12,albopictus,4.455477696788662,79.33135967271612,7.615949318384289e-5,0,0,0,0,0,0,1,1,1,7.370246373539224e-6,0,0,0
TUR.39.3_1,2026,1,albopictus,-0.7554688080049612,80.34730212200203,8.688859714198846e-5,0,0,0,0,0,0,1,1,1,8.40853856498569e-6,0,0,0
TUR.39.3_1,2026,2,albopictus,0.9601254213382217,81.09450455769581,6.499530013659233e-5,0,0,0,0,0,0,1,1,1,6.9637579104275815e-6,0,0,0
TUR.39.3_1,2026,3,albopictus,5.778465892681304,65.35070512154282,7.978715050754347e-5,0,0,0,0,0,0,1,1,1,7.721307336394645e-6,0,0,0
TUR.39.3_1,2026,4,albopictus,13.515141823712518,44.18923621326691,1.0550383160290603e-4,6.182082744967145e-4,6.091560996081197e-4,6.2761845272256e-4,0,0,0,1,1,1,1.0550327505187695e-5,0,0,0
TUR.39.3_1,2026,5,albopictus,17.89760965459487,37.10948346520806,1.4746645960367176e-4,0.013180198843737384,0.013094343580588284,0.013262852868857582,0,0,0,1,1,1,1.427084587413141e-5,0,0,0
TUR.39.3_1,2026,6,albopictus,18.962459844701428,42.9601170539189,1.6586597366617092e-4,0.02098518884462164,0.02087752519359432,0.02110534863497308,0,0,0,1,1,1,1.6586459809730947e-5,0,0,0
TUR.39.3_1,2026,7,albopictus,26.177306904512292,29.563746658973315,1.947820962880192e-4,0.0493338143765399,0.04903294276992143,0.04965162902001094,0,0,0,1,1,1,1.884970262810981e-5,0,0,0
TUR.39.3_1,2026,8,albopictus,24.835566520690918,32.0654466952004,2.312914612825835e-4,0.04966967978189051,0.04938433626091644,0.04996978499760132,0,0,0,1,1,1,2.2382794141795337e-5,0,0,0
TUR.39.3_1,2026,9,albopictus,22.000366996316348,38.33268968383179,1.8435046364134554e-4,0.040377626354960956,0.04017874385305991,0.04057412500078799,0,0,0,1,1,1,1.84348764397102e-5,0,0,0
TUR.39.3_1,2026,10,albopictus,14.488361681208891,57.39178316921627,1.8166968817178168e-4,0.002284391763028189,0.0022594248260115924,0.002309092982528765,0,0,0,1,1,1,1.758078302127597e-5,0,0,0
TUR.39.3_1,2026,11,albopictus,7.796659247401883,74.15059840390654,1.0537742999648614e-4,0,0,0,0,0,0,1,1,1,1.0537687477829571e-5,0,0,0
TUR.39.3_1,2026,12,albopictus,3.147067767513149,82.55438213365362,8.66745907140293e-5,0,0,0,0,0,0,1,1,1,8.38782843948227e-6,0,0,0
TUR.39.3_1,2027,1,albopictus,2.9246712700628184,75.33536211956063,8.271652465921034e-5,0,0,0,0,0,0,1,1,1,8.004792928506532e-6,0,0,0
TUR.39.3_1,2027,2,albopictus,4.8565421301652405,78.99774094685597,6.187446366173638e-5,0,0,0,0,0,0,1,1,1,6.629384846412734e-6,0,0,0
TUR.39.3_1,2027,3,albopictus,7.095434810527983,63.59045884468735,7.595606350578387e-5,0,0,0,0,0,0,1,1,1,7.350559775409771e-6,0,0,0
TUR.39.3_1,2027,4,albopictus,8.702277520123651,64.70724539905792,1.0043792368015706e-4,0,0,0,0,0,0,1,1,1,1.004374192925539e-5,0,0,0
TUR.39.3_1,2027,5,albopictus,13.990723553825827,63.945405706418995,1.4038565983842986e-4,0.001536496328596071,0.0015177538262157453,0.0015560718946896488,0,0,0,1,1,1,1.3585616731259798e-5,0,0,0
TUR.39.3_1,2027,6,albopictus,18.690201086156506,54.816741657190384,1.5790169656510324e-4,0.02279055408018656,0.022675117685171893,0.022901567823572402,0,0,0,1,1,1,1.579004499241421e-5,0,0,0
TUR.39.3_1,2027,7,albopictus,22.780988468843347,48.59056016605339,1.8542937279159648e-4,0.05440274788960732,0.054150497209019356,0.0546287849991018,0,0,0,1,1,1,1.7944617005549723e-5,0,0,0
TUR.39.3_1,2027,8,albopictus,24.187220573425293,37.66640647303243,2.2018569167806662e-4,0.052797360183323774,0.05252536764070178,0.05308797463934523,0,0,0,1,1,1,2.1308065722980274e-5,0,0,0
TUR.39.3_1,2027,9,albopictus,20.2778881297392,57.014219682611085,1.7549862897207828e-4,0.037698124899536146,0.03754955156389008,0.037855148336595035,0,0,0,1,1,1,1.7549708899222694e-5,0,0,0
TUR.39.3_1,2027,10,albopictus,13.240960443721098,60.252668789333455,1.7294657453078468e-4,5.527185250403745e-4,5.442506838509975e-4,5.614639642844759e-4,0,0,0,1,1,1,1.673662521828323e-5,0,0,0
TUR.39.3_1,2027,11,albopictus,7.149535433772733,75.89412867734404,1.0031759141633528e-4,0,0,0,0,0,0,1,1,1,1.003170882374338e-5,0,0,0
TUR.39.3_1,2027,12,albopictus,3.62534425867831,83.64125804918096,8.251279403680674e-5,0,0,0,0,0,0,1,1,1,7.985077219441195e-6,0,0,0
TUR.39.3_1,2028,1,albopictus,1.50291124742259,80.24771563518563,7.857076707257458e-5,0,0,0,0,0,0,1,1,1,7.6035937124352415e-6,0,0,0
TUR.39.3_1,2028,2,albopictus,5.0727451044846985,78.90694352253956,6.0872358365750245e-5,0,0,0,0,0,0,1,1,1,6.297120693665725e-6,0,0,0
TUR.39.3_1,2028,3,albopictus,4.991666461834136,75.01091477730454,7.214914067110904e-5,0,0,0,0,0,0,1,1,1,6.982150528300757e-6,0,0,0
TUR.39.3_1,2028,4,albopictus,7.920952656689813,73.48682456165558,9.540396842395555e-5,0,0,0,0,0,0,1,1,1,9.540351332937291e-6,0,0,0
TUR.39.3_1,2028,5,albopictus,15.104499760796042,55.16075681115532,1.3334952145220195e-4,0.003696899475653757,0.00366407907075489,0.003730537553894818,0,0,0,1,1,1,1.2904709132177672e-5,0,0,0
TUR.39.3_1,2028,6,albopictus,18.58864240085377,58.87212343209273,1.4998765328083256e-4,0.023307053824688513,0.02320658487876397,0.023417150490122506,0,0,0,1,1,1,1.4998652847153515e-5,0,0,0
TUR.39.3_1,2028,7,albopictus,21.4702527663287,55.866297928504565,1.761356405875045e-4,0.04869076972596509,0.048486793564460215,0.04887364099820503,0,0,0,1,1,1,1.70452393012388e-5,0,0,0
TUR.39.3_1,2028,8,albopictus,23.542160987854004,42.842584451548056,2.091499705146855e-4,0.054397754773325264,0.05412448029572572,0.05464567317847798,0,0,0,1,1,1,2.024011489332178e-5,0,0,0
TUR.39.3_1,2028,9,albopictus,19.147995780496036,45.735811632073975,1.6670262629301562e-4,0.023182966528262544,0.02305642970655984,0.02330574782277803,0,0,0,1,1,1,1.6670123681228333e-5,0,0,0
TUR.39.3_1,2028,10,albopictus,14.292600000605864,47.471785000270955,1.6427848098602246e-4,0.001623945337477493,0.001603461524008754,0.0016449090167458508,0,0,0,1,1,1,1.589779114352652e-5,0,0,0
TUR.39.3_1,2028,11,albopictus,6.866156355861356,75.4463900298831,9.528966722100959e-5,0,0,0,0,0,0,1,1,1,9.528921321666495e-6,0,0,0
TUR.39.3_1,2028,12,albopictus,1.8219987870577503,80.42610912339971,7.837724744219392e-5,0,0,0,0,0,0,1,1,1,7.584866148491187e-6,0,0,0
TUR.39.3_1,2029,1,albopictus,-3.5620581730104544,80.24252764690438,7.418037513651736e-5,0,0,0,0,0,0,1,1,1,7.1787202138295925e-6,0,0,0
TUR.39.3_1,2029,2,albopictus,0.45912556832327567,70.91599198445363,5.548916549273016e-5,0,0,0,0,0,0,1,1,1,5.945250058259077e-6,0,0,0
TUR.39.3_1,2029,3,albopictus,3.8119486826745903,74.95317551949204,6.811757756948747e-5,0,0,0,0,0,0,1,1,1,6.592001908445333e-6,0,0,0
TUR.39.3_1,2029,4,albopictus,7.76525292677038,67.86325125843292,9.007296773193613e-5,0,0,0,0,0,0,1,1,1,9.00725620767151e-6,0,0,0
TUR.39.3_1,2029,5,albopictus,14.097742978264304,67.91945050622368,1.2589819209048072e-4,0.0018287028582020279,0.0018092171970862227,0.0018485062489260599,0,0,0,1,1,1,1.2183621787786869e-5,0,0,0
TUR.39.3_1,2029,6,albopictus,19.951455396764416,55.232207965784134,1.416066152942228e-4,0.033683657436886616,0.033526877748886894,0.03383564161755241,0,0,0,1,1,1,1.416056126768428e-5,0,0,0
TUR.39.3_1,2029,7,albopictus,23.136731877046472,39.652430741004565,1.6629350050284222e-4,0.04889096425261184,0.04865442819482132,0.04912067751464828,0,0,0,1,1,1,1.60927899132135e-5,0,0,0
TUR.39.3_1,2029,8,albopictus,24.22445774078369,44.395521005503134,1.9746304956193335e-4,0.06012921612904321,0.05986298714356209,0.06040077730164528,5.140332604014475e-16,4.440892098500626e-16,5.551115123125783e-16,0.9999999999999994,0.9999999999999994,0.9999999999999996,1.9109144794970945e-5,9.822736002442265e-21,8.486165012909084e-21,1.0607706266136355e-20
TUR.39.3_1,2029,9,albopictus,18.744843314675723,62.71185533324585,1.57387585935571e-4,0.02596300766525798,0.025851473461566573,0.026074283253656873,0,0,0,1,1,1,1.573863473991466e-5,0,0,0
TUR.39.3_1,2029,10,albopictus,12.975101793513579,63.82520907253658,1.5509889747091488e-4,3.828611025038799e-4,3.766373217059995e-4,3.891666179841566e-4,0,0,0,1,1,1,1.5009458079973115e-5,0,0,0
TUR.39.3_1,2029,11,albopictus,7.905499712947537,81.02021205136748,8.996505347286757e-5,0,0,0,0,0,0,1,1,1,8.996464878840982e-6,0,0,0
TUR.39.3_1,2029,12,albopictus,2.0222745956305195,78.19955425279424,7.399766903203632e-5,0,0,0,0,0,0,1,1,1,7.161039104697231e-6,0,0,0
TUR.39.3_1,2030,1,albopictus,3.8611424342893503,82.42170397747078,8.763544074015415e-5,0,0,0,0,0,0,1,1,1,8.480813141531485e-6,0,0,0
TUR.39.3_1,2030,2,albopictus,3.8417387205888245,73.35660477742238,6.555396174944527e-5,0,0,0,0,0,0,1,1,1,7.023614093215613e-6,0,0,0
TUR.39.3_1,2030,3,albopictus,5.722291614422026,74.40066239693344,8.04729542209475e-5,0,0,0,0,0,0,1,1,1,7.78767492304322e-6,0,0,0
TUR.39.3_1,2030,4,albopictus,9.459913590375116,63.77918296009308,1.0641068087664698e-4,0,0,0,0,0,0,1,1,1,1.0641011471745898e-5,0,0,0
TUR.39.3_1,2030,5,albopictus,18.13627332799575,44.89811490441704,1.4873399510225034e-4,0.016193826940023887,0.01610485559597263,0.01628136779989574,0,0,0,1,1,1,1.4393508841692437e-5,0,0,0
TUR.39.3_1,2030,6,albopictus,22.649252218358654,26.765662860803666,1.6729166063385976e-4,0.0364062749581806,0.0362065580375132,0.036607269029718344,0,0,0,1,1,1,1.672902613170102e-5,0,0,0
TUR.39.3_1,2030,7,albopictus,25.09173370810116,33.50698777835808,1.9645632934546262e-4,0.051858620837165935,0.05157263751476134,0.05217270605573579,0,0,0,1,1,1,1.9011722114825602e-5,0,0,0
TUR.39.3_1,2030,8,albopictus,25.67725658416748,36.2823770846047,2.3327950750327468e-4,0.05631568925297477,0.05600495563553163,0.05664282912407547,1.1102230246251565e-16,1.1102230246251565e-16,1.1102230246251565e-16,0.9999999999999999,0.9999999999999999,0.9999999999999999,2.257518138670811e-5,2.5063486160612613e-21,2.5063486160612613e-21,2.5063486160612613e-21
TUR.39.3_1,2030,9,albopictus,19.73227388718549,48.45392076293335,1.8593503248142508e-4,0.028663105656376683,0.028526269485256148,0.02881302334902176,0,0,0,1,1,1,1.8593330390004326e-5,0,0,0
TUR.39.3_1,2030,10,albopictus,14.380889261470122,68.94588320583736,1.8323121463272957e-4,0.002455167564779224,0.0024300894997181027,0.0024804993199603396,0,0,0,1,1,1,1.7731895816996968e-5,0,0,0
TUR.39.3_1,2030,11,albopictus,7.735607401851346,72.09882533261748,1.0628319279589493e-4,0,0,0,0,0,0,1,1,1,1.062826279918383e-5,0,0,0
TUR.39.3_1,2030,12,albopictus,4.916375380885952,75.24192028062627,8.741959483801836e-5,0,0,0,0,0,0,1,1,1,8.459925005421809e-6,0,0,0
TUR.39.3_1,2031,1,albopictus,5.7461243049405955,81.4720732401661,8.38336280111443e-5,0,0,0,0,0,0,1,1,1,8.112898833290139e-6,0,0,0
TUR.39.3_1,2031,2,albopictus,-0.47614560539231576,71.1941825972466,6.27100907754288e-5,0,0,0,0,0,0,1,1,1,6.718915725345553e-6,0,0,0
TUR.39.3_1,2031,3,albopictus,6.906087066539946,63.60898301460922,7.698186546605244e-5,0,0,0,0,0,0,1,1,1,7.449830198180685e-6,0,0,0
TUR.39.3_1,2031,4,albopictus,7.257548668805292,73.66799216419464,1.0179435810080822e-4,0,0,0,0,0,0,1,1,1,1.0179383999830982e-5,0,0,0
TUR.39.3_1,2031,5,albopictus,15.713993016411276,60.04774640466118,1.4228159649455857e-4,0.006068313789993243,0.006025249507897628,0.006114342628741879,0,0,0,1,1,1,1.3769091962712032e-5,0,0,0
TUR.39.3_1,2031,6,albopictus,21.085920614354748,42.296764087610306,1.6003419083073726e-4,0.03623068088094159,0.03605627093071046,0.03640397755341907,0,0,0,1,1,1,1.6003291029020872e-5,0,0,0
TUR.39.3_1,2031,7,albopictus,25.06067444296444,28.297347275428393,1.8793363387782967e-4,0.04657401430752072,0.04630523394358372,0.0468471246703269,0,0,0,1,1,1,1.818696047439783e-5,0,0,0
TUR.39.3_1,2031,8,albopictus,23.944334983825684,46.872552713266806,2.2315934386225666e-4,0.06119279158076188,0.060923816628999275,0.0614646158681687,8.455458555545192e-16,7.771561172376096e-16,9.992007221626409e-16,0.9999999999999991,0.999999999999999,0.9999999999999992,2.1595832341736454e-5,1.8260266533805505e-20,1.6783333211218296e-20,2.157857127156638e-20
TUR.39.3_1,2031,9,albopictus,20.797015021829043,40.44309846679077,1.7786877335969911e-4,0.03304385256366068,0.03287682626694248,0.033202040114765186,0,0,0,1,1,1,1.7786719150425512e-5,0,0,0
TUR.39.3_1,2031,10,albopictus,14.985124910579009,64.18797915310299,1.7528225290834966e-4,0.0038414510659174443,0.0038075813029850134,0.003872743119098926,0,0,0,1,1,1,1.6962654801111476e-5,0,0,0
TUR.39.3_1,2031,11,albopictus,5.923679129604031,76.48933589169951,1.0167240072548888e-4,0,0,0,0,0,0,1,1,1,1.016718838631192e-5,0,0,0
TUR.39.3_1,2031,12,albopictus,3.120321852100246,79.40985088365362,8.362714596558656e-5,0,0,0,0,0,0,1,1,1,8.092916861768273e-6,0,0,0
TUR.39.3_1,2032,1,albopictus,2.6136358157895945,83.5338408182911,7.394305203528031e-5,0,0,0,0,0,0,1,1,1,7.155753626642003e-6,0,0,0
TUR.39.3_1,2032,2,albopictus,1.305413534097812,71.50522538289113,5.72870563678132e-5,0,0,0,0,0,0,1,1,1,5.926229650343728e-6,0,0,0
TUR.39.3_1,2032,3,albopictus,0.6429102975217735,74.87025163033188,6.789965099891143e-5,0,0,0,0,0,0,1,1,1,6.5709123791002355e-6,0,0,0
TUR.39.3_1,2032,4,albopictus,8.979707100812128,66.13584952503449,8.978479992474417e-5,0,0,0,0,0,0,1,1,1,8.97843968605816e-6,0,0,0
TUR.39.3_1,2032,5,albopictus,15.739634457756491,62.09759686852837,1.2549540969241296e-4,0.006346420462304759,0.006299224395394158,0.0063937634371376145,0,0,0,1,1,1,1.2144643320222137e-5,0,0,0
TUR.39.3_1,2032,6,albopictus,19.977514547460217,50.493751239709916,1.4115357739794018e-4,0.03160066324212886,0.0314615220953129,0.03174781209606591,0,0,0,1,1,1,1.411525811856329e-5,0,0,0
TUR.39.3_1,2032,7,albopictus,24.26323486776913,38.09077378910027,1.6576148257785504e-4,0.05357078061731173,0.05329521108053262,0.05384522242375464,0,0,0,1,1,1,1.6041305134772976e-5,0,0,0
TUR.39.3_1,2032,8,albopictus,24.39074993133545,40.287698587290244,1.9683131181167906e-4,0.05648048137906925,0.056179987391224026,0.056750717302893786,1.1102230246251565e-16,1.1102230246251565e-16,1.1102230246251565e-16,0.9999999999999999,0.9999999999999999,0.9999999999999999,1.9048010050037867e-5,2.114753933084342e-21,2.114753933084342e-21,2.114753933084342e-21
TUR.39.3_1,2032,9,albopictus,18.095815490273868,66.8884071520935,1.5688406044218135e-4,0.021727444260036515,0.02162911146722177,0.021825837959706704,0,0,0,1,1,1,1.5688282981818347e-5,0,0,0
TUR.39.3_1,2032,10,albopictus,13.714664781794829,73.42074435085689,1.5460269411148858e-4,0.0012998269354950623,0.0012847482372099369,0.0013148543896761913,0,0,0,1,1,1,1.4961439119609565e-5,0,0,0
TUR.39.3_1,2032,11,albopictus,3.936726467136075,70.23415553281279,8.967723091260355e-5,0,0,0,0,0,0,1,1,1,8.967682881388939e-6,0,0,0
TUR.39.3_1,2032,12,albopictus,5.222636205089443,79.49614696519659,7.37609304570874e-5,0,0,0,0,0,0,1,1,1,7.138129083816835e-6,0,0,0
TUR.39.3_1,2033,1,albopictus,1.3281095997594736,78.34138171184578,8.526011783283003e-5,0,0,0,0,0,0,1,1,1,8.250945105925389e-6,0,0,0
TUR.39.3_1,2033,2,albopictus,0.062005420379778964,72.71224137410206,6.37771483313328e-5,0,0,0,0,0,0,1,1,1,6.833242545911666e-6,0,0,0
TUR.39.3_1,2033,3,albopictus,5.36505189121646,70.71142289498032,7.829176759180925e-5,0,0,0,0,0,0,1,1,1,7.576593967661971e-6,0,0,0
TUR.39.3_1,2033,4,albopictus,10.650405266705683,63.423546363413394,1.0352646273686826e-4,9.42882597254434e-13,4.4531594557210087e-13,1.9281040444285906e-12,0,0,0,1,1,1,1.0352592685225481e-5,0,0,0
TUR.39.3_1,2033,5,albopictus,13.243318501640768,68.54688428307915,1.4470262077834247e-4,6.409572454721037e-4,6.319524916195888e-4,6.500812566852274e-4,0,0,0,1,1,1,1.4003381381910707e-5,0,0,0
TUR.39.3_1,2033,6,albopictus,21.758247655980725,36.819190692834916,1.627572883484948e-4,0.03774056673771688,0.037547450080944164,0.03792443657159237,0,0,0,1,1,1,1.627559638583964e-5,0,0,0
TUR.39.3_1,2033,7,albopictus,24.758744969087488,38.335570542029956,1.9113146060010272e-4,0.05594503240618604,0.055665662773927496,0.056223908045482,1.0969003483296547e-16,1.1102230246251565e-16,1.1102230246251565e-16,0.9999999999999999,0.9999999999999999,0.9999999999999999,1.8496421900326965e-5,2.02887316253209e-21,2.053515346692399e-21,2.053515346692399e-21
TUR.39.3_1,2033,8,albopictus,24.85313320159912,33.01519568812032,2.26956561520441e-4,0.05066937788302319,0.050380678316806864,0.05096020252613465,0,0,0,1,1,1,2.1963297014870875e-5,0,0,0
TUR.39.3_1,2033,9,albopictus,20.998253654031192,45.97537843505249,1.8089533919983677e-4,0.0377111366830452,0.03753207909331429,0.037881123594908014,0,0,0,1,1,1,1.8089370305340857e-5,0,0,0
TUR.39.3_1,2033,10,albopictus,15.044810617671294,56.33233492702877,1.7826480723204737e-4,0.003593085210609026,0.003562614457076104,0.003624706652580784,0,0,0,1,1,1,1.725128415286381e-5,0,0,0
TUR.39.3_1,2033,11,albopictus,11.380444304469755,64.86517512509795,1.0340243016858995e-4,1.6103148682908656e-6,1.52220768349898e-6,1.7015954821658567e-6,0,0,0,1,1,1,1.034018955670124e-5,0,0,0
TUR.39.3_1,2033,12,albopictus,6.139152270686977,84.33904247300909,8.505012234590827e-5,0,0,0,0,0,0,1,1,1,8.230623129490411e-6,0,0,0
TUR.39.3_1,2034,1,albopictus,2.3922730759881876,76.07913653362313,8.678835641057626e-5,0,0,0,0,0,0,1,1,1,8.398837930578829e-6,0,0,0
TUR.39.3_1,2034,2,albopictus,2.52482416217818,75.38134690388722,6.492031703595139e-5,0,0,0,0,0,0,1,1,1,6.955724062729374e-6,0,0,0
TUR.39.3_1,2034,3,albopictus,3.6798757571069634,74.20530412056625,7.969510249909073e-5,0,0,0,0,0,0,1,1,1,7.712399533343905e-6,0,0,0
TUR.39.3_1,2034,4,albopictus,9.031765797558954,66.16787772327667,1.0538211504176298e-4,0,0,0,0,0,0,1,1,1,1.0538155977402042e-5,0,0,0
TUR.39.3_1,2034,5,albopictus,17.023892346550436,45.44343350793267,1.4729633203508776e-4,0.01018636105436412,0.010113855773368072,0.010255583060072342,0,0,0,1,1,1,1.4254382150635792e-5,0,0,0
TUR.39.3_1,2034,6,albopictus,23.278124136083264,30.717910480432572,1.6567461913791762e-4,0.04230322177974152,0.04206853797983473,0.04251768354862214,0,0,0,1,1,1,1.656732467414379e-5,0,0,0
TUR.39.3_1,2034,7,albopictus,22.300525440889245,48.124667374305346,1.94557382108712e-4,0.05006213310213928,0.049847088539743845,0.050280614171680005,0,0,0,1,1,1,1.882795650420821e-5,0,0,0
TUR.39.3_1,2034,8,albopictus,25.22535991668701,40.303460916391806,2.310246273594799e-4,0.059887076232718016,0.05959356209558272,0.06018923707933645,4.535261055593764e-16,4.440892098500626e-16,5.551115123125783e-16,0.9999999999999996,0.9999999999999994,0.9999999999999996,2.2356972081749582e-5,1.0139470480335593e-20,9.928490066424081e-21,1.2410612583030102e-20
TUR.39.3_1,2034,9,albopictus,20.93284876206342,45.43720475951538,1.8413778411929745e-4,0.03686704071794445,0.03670327857265352,0.03704138927349344,0,0,0,1,1,1,1.8413608879330745e-5,0,0,0
TUR.39.3_1,2034,10,albopictus,14.294191683039946,64.05765383572017,1.8146010137884487e-4,0.0021019002191084274,0.002080664881564204,0.002123882201379997,0,0,0,1,1,1,1.7560500784719046e-5,0,0,0
TUR.39.3_1,2034,11,albopictus,7.040498988155057,72.33254420468779,1.0525585926103134e-4,0,0,0,0,0,0,1,1,1,1.0525530532268235e-5,0,0,0
TUR.39.3_1,2034,12,albopictus,2.4664828599814106,76.62902812974737,8.657459687532305e-5,0,0,0,0,0,0,1,1,1,8.378151697518987e-6,0,0,0
TUR.39.3_1,2035,1,albopictus,2.729211844613447,85.30159441936532,8.395457300648929e-5,0,0,0,0,0,0,1,1,1,8.124603092629634e-6,0,0,0
TUR.39.3_1,2035,2,albopictus,4.06986023967757,81.67488022908253,6.280056129205619e-5,0,0,0,0,0,0,1,1,1,6.7286089298068674e-06,0,0,0
TUR.39.3_1,2035,3,albopictus,6.220610286602202,70.2296800360936,7.709292556903643e-5,0,0,0,0,0,0,1,1,1,7.46057786993326e-6,0,0,0
TUR.39.3_1,2035,4,albopictus,8.132410862866571,70.68402915149933,1.0194121466014752e-4,0,0,0,0,0,0,1,1,1,1.0194069506086478e-5,0,0,0
TUR.39.3_1,2035,5,albopictus,14.979211751152487,53.67225049401665,1.4248686313318506e-4,0.0032834822651889696,0.003254753397486277,0.0033148742573328657,0,0,0,1,1,1,1.3788956202409608e-5,0,0,0
TUR.39.3_1,2035,6,albopictus,19.88872842227711,53.88001222603804,1.602650687603252e-4,0.032456704255962,0.032313409391370916,0.032609977856203745,0,0,0,1,1,1,1.6026378452216328e-5,0,0,0
TUR.39.3_1,2035,7,albopictus,24.1275899550494,41.03329393070183,1.882047617415969e-4,0.05596010713631314,0.055676193905436995,0.056237799773986526,1.0902390101819037e-16,1.1102230246251565e-16,1.1102230246251565e-16,0.9999999999999999,0.9999999999999999,0.9999999999999999,1.821319817718603e-5,1.985673915294215e-21,2.022071196837286e-21,2.022071196837286e-21
TUR.39.3_1,2035,8,albopictus,24.94136905670166,32.64251883875509,2.2348129110997712e-4,0.05055800338017776,0.050259703478558085,0.05084473726489182,0,0,0,1,1,1,2.1626987853684554e-5,0,0,0
TUR.39.3_1,2035,9,albopictus,21.67973596909467,43.92799989501343,1.781253808628737e-4,0.04186158349122937,0.04167516708659812,0.04206082607346305,0,0,0,1,1,1,1.7812379443982174e-5,0,0,0
TUR.39.3_1,2035,10,albopictus,14.20350583861856,51.18565600246822,1.7553512889338088e-4,0.00157439519100536,0.001555688119729151,0.0015945516312606428,0,0,0,1,1,1,1.6987126255196827e-5,0,0,0
TUR.39.3_1,2035,11,albopictus,7.345043913844754,60.50899684140654,1.0181908133951196e-4,0,0,0,0,0,0,1,1,1,1.0181856298530079e-5,0,0,0
TUR.39.3_1,2035,12,albopictus,5.8053920091513325,87.60089092271612,8.374779307366801e-5,0,0,0,0,0,0,1,1,1,8.104592293722845e-6,0,0,0
TUR.39.3_1,2036,1,albopictus,3.510778702905073,84.27315203655282,9.276980814924791e-5,0,0,0,0,0,0,1,1,1,8.977683069621989e-6,0,0,0
TUR.39.3_1,2036,2,albopictus,3.8242573935319397,83.54271622761769,7.187300337753815e-5,0,0,0,0,0,0,1,1,1,7.435110639830711e-6,0,0,0
TUR.39.3_1,2036,3,albopictus,3.8217405337182915,70.82374284126938,8.518768732408359e-5,0,0,0,0,0,0,1,1,1,8.243935759599808e-6,0,0,0
TUR.39.3_1,2036,4,albopictus,12.352871277753046,56.17479758411652,1.1264504824284196e-4,8.648818044139861e-5,8.433496402545011e-5,8.86193439064982e-5,0,0,0,1,1,1,1.1264441379998935e-5,0,0,0
TUR.39.3_1,2036,5,albopictus,15.693674031425925,59.39323590661431,1.5744799220921533e-4,0.0059353030816263535,0.0058901676162653035,0.005978898890455949,0,0,0,1,1,1,1.5236786390815382e-5,0,0,0
TUR.39.3_1,2036,6,albopictus,19.27857140933766,66.35414094918258,1.7709291048115017e-4,0.03253072205700244,0.032394425493341,0.03265662992592892,0,0,0,1,1,1,1.7709134239596303e-5,0,0,0
TUR.39.3_1,2036,7,albopictus,25.19955040426815,36.887389389686206,2.0796627288180363e-4,0.055844142178993916,0.055528244060977935,0.05614173663547037,1.0047518372857667e-16,0,1.1102230246251565e-16,0.9999999999999999,0.9999999999999999,1,2.0125565821538238e-5,2.0221199235606176e-21,0,2.2343866558680856e-21
TUR.39.3_1,2036,8,albopictus,25.15156078338623,34.51114638697286,2.4694683992516154e-4,0.05309541840955767,0.05278515725958841,0.053391395390541746,0,0,0,1,1,1,2.3897795726202098e-5,0,0,0
TUR.39.3_1,2036,9,albopictus,21.491719077615176,39.328436296380616,1.9682855641327875e-4,0.037464138524706835,0.037272799832366844,0.03765040798377204,0,0,0,1,1,1,1.968266193519419e-5,0,0,0
TUR.39.3_1,2036,10,albopictus,14.505827272639555,74.50150149197017,1.9396632783343133e-4,0.002981131431233739,0.00295385611922647,0.003006933801217085,0,0,0,1,1,1,1.877075877876333e-5,0,0,0
TUR.39.3_1,2036,11,albopictus,10.534226195338896,76.66934382626982,1.1251009091629925e-4,2.2158314536633443e-16,1.3309929465510634e-17,1.2003472620194908e-15,0,0,0,1,1,1,1.1250945799234913e-5,0,0,0
TUR.39.3_1,2036,12,albopictus,5.873877269161098,75.76330547349737,9.254131631122188e-5,0,0,0,0,0,0,1,1,1,8.955571154545261e-6,0,0,0
TUR.39.3_1,2037,1,albopictus,1.684697844197645,77.75888506877938,9.253696682428225e-5,0,0,0,0,0,0,1,1,1,8.95515024024185e-6,0,0,0
TUR.39.3_1,2037,2,albopictus,7.027753134422443,73.34605332478566,6.922045159326955e-5,0,0,0,0,0,0,1,1,1,7.4164494544559645e-6,0,0,0
TUR.39.3_1,2037,3,albopictus,6.302281524547759,70.15292069771469,8.497387623205903e-5,0,0,0,0,0,0,1,1,1,8.223244533978047e-6,0,0,0
TUR.39.3_1,2037,4,albopictus,9.335618832532099,71.8461308971048,1.123623223990902e-4,0,0,0,0,0,0,1,1,1,1.1236169113693073e-5,0,0,0
TUR.39.3_1,2037,5,albopictus,15.960389081169577,54.19816373254204,1.5705281623709088e-4,0.006517372301551921,0.00646643002389948,0.006566405646204338,0,0,0,1,1,1,1.519854413678523e-5,0,0,0
TUR.39.3_1,2037,6,albopictus,20.33488492404713,46.71455736153609,1.7664842807096648e-4,0.03270877162402367,0.03255471808528262,0.03285980217912024,0,0,0,1,1,1,1.766468678465749e-5,0,0,0
TUR.39.3_1,2037,7,albopictus,26.654964222627527,30.125811783485034,2.0744430195729696e-4,0.04995064307249024,0.04961217315153623,0.05028086322785535,0,0,0,1,1,1,2.007505352152883e-5,0,0,0
TUR.39.3_1,2037,8,albopictus,24.622553825378418,41.20379432093282,2.463270323546667e-4,0.05857275772553834,0.05829520805663181,0.05885381117142207,2.247091401841317e-16,2.220446049250313e-16,2.220446049250313e-16,0.9999999999999998,0.9999999999999998,0.9999999999999998,2.383781578008115e-5,5.3565750878097615e-21,5.293058387163796e-21,5.293058387163796e-21
TUR.39.3_1,2037,9,albopictus,20.408966849831973,48.19661561766968,1.9633453984926243e-4,0.03408545483986955,0.033922901450057066,0.034237817117793806,0,0,0,1,1,1,1.963326124998499e-5,0,0,0
TUR.39.3_1,2037,10,albopictus,13.120787943110747,78.43380587429439,1.934794951270534e-4,6.290590388822956e-4,6.197699265484498e-4,6.3823189865495e-4,0,0,0,1,1,1,1.8723646819429618e-5,0,0,0
TUR.39.3_1,2037,11,albopictus,7.034056441310574,76.02379023740264,1.1222770379958977e-4,0,0,0,0,0,0,1,1,1,1.1222707404945353e-5,0,0,0
TUR.39.3_1,2037,12,albopictus,2.6222156108740498,82.88895397203252,9.230904847393901e-5,0,0,0,0,0,0,1,1,1,8.933093822993676e-6,0,0,0
TUR.39.3_1,2038,1,albopictus,2.812281765153303,82.31548754680672,8.547615001842934e-5,0,0,0,0,0,0,1,1,1,8.27185127372232e-6,0,0,0
TUR.39.3_1,2038,2,albopictus,2.776223202400348,72.18121262654347,6.393874694385552e-5,0,0,0,0,0,0,1,1,1,6.8505565645748945e-6,0,0,0
TUR.39.3_1,2038,3,albopictus,3.7054077643243706,74.86973283150375,7.849014336347372e-5,0,0,0,0,0,0,1,1,1,7.595791477355007e-6,0,0,0
TUR.39.3_1,2038,4,albopictus,11.614455559674433,65.00188498646027,1.037887782084028e-4,6.972152202181535e-6,6.687501912718236e-6,7.274283562417141e-6,0,0,0,1,1,1,1.0378823960488504e-5,0,0,0
TUR.39.3_1,2038,5,albopictus,16.65229601018569,49.52811215783501,1.4506926844695095e-4,0.008983546417407545,0.008923872158456874,0.009045265347533341,0,0,0,1,1,1,1.4038862916843087e-5,0,0,0
TUR.39.3_1,2038,6,albopictus,18.5668108884026,56.46424837105757,1.631696829547641e-4,0.02235577241871498,0.022245553880037596,0.02247027519095702,0,0,0,1,1,1,1.631683517444582e-5,0,0,0
TUR.39.3_1,2038,7,albopictus,23.881944431978113,44.076632706336596,1.916157497169813e-4,0.05775709481884439,0.05747139088516457,0.05804392591453622,1.482147737874584e-16,1.1102230246251565e-16,2.220446049250313e-16,0.9999999999999999,0.9999999999999998,0.9999999999999999,1.8543287721106694e-5,2.7483891948595837e-21,2.05871849802216e-21,4.11743699604432e-21
TUR.39.3_1,2038,8,albopictus,25.331835746765137,43.63094504725118,2.2753162431964446e-4,0.06438181504999577,0.06408443868745577,0.06470305106054369,3.603117804118483e-15,3.1086244689504383e-15,4.107825191113079e-15,0.9999999999999964,0.9999999999999959,0.9999999999999969,2.201894702968943e-5,7.933686007061576e-20,6.844863751701613e-20,9.044998529034274e-20
TUR.39.3_1,2038,9,albopictus,18.913737128762637,60.43294374266968,1.8135369202042155e-4,0.026611211098075342,0.026495260568161146,0.026732798581729292,0,0,0,1,1,1,1.8135204757241397e-5,0,0,0
TUR.39.3_1,2038,10,albopictus,16.47678216765909,50.835302761501424,1.7871649480767667e-4,0.00834367555934703,0.008287355030803528,0.008404405966926503,0,0,0,1,1,1,1.729499509861565e-5,0,0,0
TUR.39.3_1,2038,11,albopictus,5.6899545354878205,58.52655970761748,1.0366443136625894e-4,0,0,0,0,0,0,1,1,1,1.0366389405214171e-5,0,0,0
TUR.39.3_1,2038,12,albopictus,2.37149505032336,79.58647136705206,8.52656224446989e-5,0,0,0,0,0,0,1,1,1,8.251477805809593e-6,0,0,0
TUR.39.3_1,2039,1,albopictus,5.145792521645918,83.6450468729786,9.446132044625108e-5,0,0,0,0,0,0,1,1,1,9.141376325016992e-6,0,0,0
TUR.39.3_1,2039,2,albopictus,2.992544193916461,75.07095261677784,7.065992633843565e-5,0,0,0,0,0,0,1,1,1,7.570677735713183e-6,0,0,0
TUR.39.3_1,2039,3,albopictus,7.34559502781314,70.64429185249985,8.674095151139469e-5,0,0,0,0,0,0,1,1,1,8.394250398224834e-6,0,0,0
TUR.39.3_1,2039,4,albopictus,10.017027237836054,72.91054587513214,1.1469895444466078e-4,0,0,0,0,0,0,1,1,1,1.146982966548915e-5,0,0,0
TUR.39.3_1,2039,5,albopictus,16.13835329167983,53.34855435754204,1.6031880999221518e-4,0.007157584224780699,0.007104561020782076,0.0072109174220571755,0,0,0,1,1,1,1.5514603194932697e-5,0,0,0
TUR.39.3_1,2039,6,albopictus,26.536363882177014,21.024673175745072,1.803219226109265e-4,0.04062921472906705,0.04032224276897476,0.04093341723178158,0,0,0,1,1,1,1.8032029682091277e-5,0,0,0
TUR.39.3_1,2039,7,albopictus,25.10377098532284,35.827391831092456,2.11758212468178e-4,0.054375514102032584,0.05408399315049295,0.054679062399499774,0,0,0,1,1,1,2.0492520264259184e-5,0,0,0
TUR.39.3_1,2039,8,albopictus,25.33400821685791,34.41489203821798,2.514495291596533e-4,0.05345483049760317,0.053155081881494086,0.05376099338298887,0,0,0,1,1,1,2.4333529337394744e-5,0,0,0
TUR.39.3_1,2039,9,albopictus,21.496256660012637,46.13191835204468,2.0041741716675594e-4,0.041894693385927155,0.041698023352205744,0.04208116988065833,0,0,0,1,1,1,2.0041540882309583e-5,0,0,0
TUR.39.3_1,2039,10,albopictus,12.889632547602934,57.67999117702877,1.9750300032721246e-4,2.926428287757538e-4,2.876841593885175e-4,2.9839837577595973e-4,0,0,0,1,1,1,1.9113010924165508e-5,0,0,0
TUR.39.3_1,2039,11,albopictus,8.292425887111357,79.67789637753935,1.145615363824329e-4,0,0,0,0,0,0,1,1,1,1.145608801678133e-5,0,0,0
TUR.39.3_1,2039,12,albopictus,5.418048125636928,73.26428203599737,9.42286624170741e-5,0,0,0,0,0,0,1,1,1,9.118861237444875e-6,0,0,0
TUR.39.3_1,2040,1,albopictus,3.2917127982877634,83.43328539836922,7.998887813000246e-5,0,0,0,0,0,0,1,1,1,7.740829213509492e-6,0,0,0
TUR.39.3_1,2040,2,albopictus,2.938802500419757,75.73752518757863,6.197103370909322e-5,0,0,0,0,0,0,1,1,1,6.41077604146556e-6,0,0,0
TUR.39.3_1,2040,3,albopictus,4.123346712001982,64.0860032782811,7.345134883302137e-5,0,0,0,0,0,0,1,1,1,7.1081697852193315e-6,0,0,0
TUR.39.3_1,2040,4,albopictus,8.375168660107782,65.66138510853058,9.712589920795239e-5,0,0,0,0,0,0,1,1,1,9.712542753725906e-6,0,0,0
TUR.39.3_1,2040,5,albopictus,14.400333348442526,68.32802747155571,1.3575632538093807e-4,0.002477666673309948,0.002453055950769148,0.002502521084669412,0,0,0,1,1,1,1.3137622608461186e-5,0,0,0
TUR.39.3_1,2040,6,albopictus,21.111574453466076,49.109344196252884,1.526947561578955e-4,0.04061233817715368,0.04043856036343108,0.040807348728464254,0,0,0,1,1,1,1.526935903795046e-5,0,0,0
TUR.39.3_1,2040,7,albopictus,25.98183609457577,32.46940919559441,1.793146842551521e-4,0.05239568729754406,0.05205191453069009,0.05270582397224283,0,0,0,1,1,1,1.7352883397103724e-5,0,0,0
TUR.39.3_1,2040,8,albopictus,25.103035926818848,31.004617532602744,2.1292488447948905e-4,0.04932210925275383,0.04904482992437826,0.049606094151585935,0,0,0,1,1,1,2.060542168724755e-5,0,0,0
TUR.39.3_1,2040,9,albopictus,20.53854830124799,47.752996843255616,1.697114150124898e-4,0.034927056180745104,0.03477196978173497,0.035089864841138546,0,0,0,1,1,1,1.6970997492204987e-5,0,0,0
TUR.39.3_1,2040,10,albopictus,12.394110048518462,58.26586764187252,1.6724351669922285e-4,1.0093979754112646e-4,9.834986646886697e-5,1.0325921555510788e-4,0,0,0,1,1,1,1.618472548070571e-5,0,0,0
TUR.39.3_1,2040,11,albopictus,5.192835108760526,78.18501460263701,9.700953500109526e-5,0,0,0,0,0,0,1,1,1,9.700906446030721e-6,0,0,0
TUR.39.3_1,2040,12,albopictus,1.959281128776424,76.86097698228643,7.979186569513614e-5,0,0,0,0,0,0,1,1,1,7.721763641388435e-6,0,0,0
TUR.39.3_1,2041,1,albopictus,4.97037962835063,84.64101092327157,9.570345791385324e-5,0,0,0,0,0,0,1,1,1,9.261582070707597e-6,0,0,0
TUR.39.3_1,2041,2,albopictus,4.409233351402423,62.49486466511769,7.158908275450462e-5,0,0,0,0,0,0,1,1,1,7.670229450140731e-6,0,0,0
TUR.39.3_1,2041,3,albopictus,8.006633426555815,70.05931565621079,8.788156848920915e-5,0,0,0,0,0,0,1,1,1,8.504631753725178e-6,0,0,0
TUR.39.3_1,2041,4,albopictus,11.265618660870722,55.29410987049347,1.1620721060853237e-4,4.337959371180612e-7,4.0242234718490625e-7,4.6506033518158084e-7,0,0,0,1,1,1,1.1620653540544978e-5,0,0,0
TUR.39.3_1,2041,5,albopictus,17.239255849052878,48.94463513757134,1.6242695330115857e-4,0.01183690921621585,0.011761964262690432,0.011909147786300507,0,0,0,1,1,1,1.5718613877502285e-5,0,0,0
TUR.39.3_1,2041,6,albopictus,22.174467367284436,39.25708742135054,1.8269310073173775e-4,0.042219087922530006,0.04200628649727505,0.042428951050725,0,0,0,1,1,1,1.8269143190363657e-5,0,0,0
TUR.39.3_1,2041,7,albopictus,23.922385945039636,32.866698471717456,2.145427681840686e-4,0.04706683292979149,0.046804482453562474,0.04731354390227798,0,0,0,1,1,1,2.0761987839623686e-5,0,0,0
TUR.39.3_1,2041,8,albopictus,23.60299015045166,42.92981894861837,2.547560135482327e-4,0.0548673900105386,0.054599459220210776,0.055122088647838165,0,0,0,1,1,1,2.4653503860161408e-5,0,0,0
TUR.39.3_1,2041,9,albopictus,21.563957999734317,41.03403703490601,2.0305284489364792e-4,0.039056624759477764,0.038856385817040755,0.03924919130620591,0,0,0,1,1,1,2.0305078338500593e-5,0,0,0
TUR.39.3_1,2041,10,albopictus,15.445329035029692,65.81143038601314,2.0010010436420148e-4,0.005500225206825161,0.005456878244176727,0.005542467559096039,0,0,0,1,1,1,1.9364338737615228e-5,0,0,0
TUR.39.3_1,2041,11,albopictus,9.451115386012724,78.7642611236331,1.1606798554082318e-4,0,0,0,0,0,0,1,1,1,1.1606731195490383e-5,0,0,0
TUR.39.3_1,2041,12,albopictus,5.988832694423549,86.86766796129034,9.546774050276403e-5,0,0,0,0,0,0,1,1,1,9.23877091929537e-6,0,0,0
TUR.39.3_1,2042,1,albopictus,5.658981122186079,78.0134550761036,9.127347210721184e-5,0,0,0,0,0,0,1,1,1,8.83287764541496e-6,0,0,0
TUR.39.3_1,2042,2,albopictus,4.696444769554279,73.42285081013722,6.827531930827259e-5,0,0,0,0,0,0,1,1,1,7.315186026923826e-6,0,0,0
TUR.39.3_1,2042,3,albopictus,5.845423843273345,66.65633103707016,8.381364754299822e-5,0,0,0,0,0,0,1,1,1,8.110965255214708e-6,0,0,0
TUR.39.3_1,2042,4,albopictus,10.700324395123651,64.19514517933136,1.1082813335420186e-4,1.1985428192263929e-11,7.289166191419087e-12,2.0519683715965095e-11,0,0,0,1,1,1,1.1082751921298595e-5,0,0,0
TUR.39.3_1,2042,5,albopictus,17.01508611791274,39.269677862180714,1.5490842561757337e-4,0.00927984537026289,0.009213350858349411,0.00934801880601093,0,0,0,1,1,1,1.4991025596433616e-5,0,0,0
TUR.39.3_1,2042,6,albopictus,21.190424245946545,38.70785112374312,1.742364800321867e-4,0.034938211006204485,0.03475178992776073,0.035110243002483055,0,0,0,1,1,1,1.7423496212365386e-5,0,0,0
TUR.39.3_1,2042,7,albopictus,26.66588379355038,35.624720780067065,2.0461186872975114e-4,0.05650241283842604,0.05617606449477206,0.05684679329142583,1.1102230246251565e-16,1.1102230246251565e-16,1.1102230246251565e-16,0.9999999999999999,0.9999999999999999,0.9999999999999999,1.9800952545279138e-5,2.1983473425278996e-21,2.1983473425278996e-21,2.1983473425278996e-21
TUR.39.3_1,2042,8,albopictus,25.42639446258545,35.43726523768087,2.429636964389483e-4,0.054812998762639197,0.054501068127047705,0.055113577757374424,0,0,0,1,1,1,2.351233936503938e-5,0,0,0
TUR.39.3_1,2042,9,albopictus,21.842642615823184,38.370184343255616,1.9365379870989652e-4,0.03931588553416164,0.0391145105141243,0.03952023312994122,0,0,0,1,1,1,1.9365192363229866e-5,0,0,0
TUR.39.3_1,2042,10,albopictus,12.661200845942778,55.464331081813924,1.9083773661319716e-4,1.7770853323873927e-4,1.7386397955274075e-4,1.8166795448449727e-4,0,0,0,1,1,1,1.846799752380779e-5,0,0,0
TUR.39.3_1,2042,11,albopictus,7.2644784612690705,78.20099818417998,1.1069535282974454e-4,0,0,0,0,0,0,1,1,1,1.1069474015856784e-5,0,0,0
TUR.39.3_1,2042,12,albopictus,4.053095799816005,85.9386060716419,9.104866574164038e-5,0,0,0,0,0,0,1,1,1,8.81112238260151e-6,0,0,0
TUR.39.3_1,2043,1,albopictus,0.8073820249341868,78.56431262004891,8.279530660633849e-5,0,0,0,0,0,0,1,1,1,8.012416926828081e-6,0,0,0
TUR.39.3_1,2043,2,albopictus,2.6125627953340027,71.92646714314503,6.193339494233436e-5,0,0,0,0,0,0,1,1,1,6.635698870383067e-6,0,0,0
TUR.39.3_1,2043,3,albopictus,5.305766250499907,72.04633805611313,7.602840656666353e-5,0,0,0,0,0,0,1,1,1,7.357560665277596e-6,0,0,0
TUR.39.3_1,2043,4,albopictus,8.818152764264276,61.72615103870636,1.0053358407238983e-4,0,0,0,0,0,0,1,1,1,1.0053307872404105e-5,0,0,0
TUR.39.3_1,2043,5,albopictus,14.751578274895163,65.04491589929009,1.40519367772564e-4,0.0032199051497720167,0.0031915233294875197,0.0032477372574198802,0,0,0,1,1,1,1.3598556032889952e-5,0,0,0
TUR.39.3_1,2043,6,albopictus,21.204956335179943,37.49142045968062,1.580520873505175e-4,0.03435478009865651,0.03417713950952263,0.034533221750037764,0,0,0,1,1,1,1.580508383336454e-5,0,0,0
TUR.39.3_1,2043,7,albopictus,26.0105302474078,29.09370347660027,1.856059818440616e-4,0.048741140603170356,0.04839349362883538,0.049037805265638515,0,0,0,1,1,1,1.7961707897362622e-5,0,0,0
TUR.39.3_1,2043,8,albopictus,24.767457008361816,35.41361029993673,2.2039540379534457e-4,0.05285751938101364,0.052578948435760525,0.053142272527510595,0,0,0,1,1,1,2.1328360011341196e-5,0,0,0
TUR.39.3_1,2043,9,albopictus,20.47733003952924,46.64384691039429,1.7566577965648754e-4,0.03383560687760693,0.03366789503713835,0.033986761357394264,0,0,0,1,1,1,1.7566423674231224e-5,0,0,0
TUR.39.3_1,2043,10,albopictus,15.085729921565337,54.940161159938924,1.7311129455434483e-4,0.0036340409794699082,0.003601488676635514,0.0036667822795097235,0,0,0,1,1,1,1.6752565598854297e-5,0,0,0
TUR.39.3_1,2043,11,albopictus,8.73621441555374,71.63092219541045,1.004131372001499e-4,0,0,0,0,0,0,1,1,1,1.0041263306170833e-5,0,0,0
TUR.39.3_1,2043,12,albopictus,3.086292606723659,77.20223979966924,8.259138194416848e-5,0,0,0,0,0,0,1,1,1,7.992682440005616e-6,0,0,0
TUR.39.3_1,2044,1,albopictus,4.797730721642866,81.49134509075203,8.7823339527799975e-05,0,0,0,0,0,0,1,1,1,8.498996740824438e-6,0,0,0
TUR.39.3_1,2044,2,albopictus,0.03922333305372916,75.87487717732472,6.804074843351306e-5,0,0,0,0,0,0,1,1,1,7.038673342285584e-6,0,0,0
TUR.39.3_1,2044,3,albopictus,5.85600009144229,70.45164964058579,8.064549595073953e-5,0,0,0,0,0,0,1,1,1,7.804372379682789e-6,0,0,0
TUR.39.3_1,2044,4,albopictus,8.909206726971796,66.4310918346048,1.0663883557936105e-4,0,0,0,0,0,0,1,1,1,1.0663826698897871e-5,0,0,0
TUR.39.3_1,2044,5,albopictus,14.222782078911276,62.56908582116509,1.4905289504872627e-4,0.0019155869820608267,0.0018942651620949351,0.0019355615158054248,0,0,0,1,1,1,1.4424369682131122e-5,0,0,0
TUR.39.3_1,2044,6,albopictus,20.164984029882092,44.58002443306929,1.6765034999458955e-4,0.030329954177151345,0.03017594534847882,0.030483888959296518,0,0,0,1,1,1,1.676489446700291e-5,0,0,0
TUR.39.3_1,2044,7,albopictus,25.147237553316003,30.506201950721362,1.9687755055228936e-4,0.048924103845274576,0.048628670624195985,0.049222281769096404,0,0,0,1,1,1,1.905248468159204e-5,0,0,0
TUR.39.3_1,2044,8,albopictus,27.406733512878418,30.131984552256064,2.337796811347675e-4,0.04912363099194106,0.048787286647761004,0.049454937523656956,0,0,0,1,1,1,2.2623584192693613e-5,0,0,0
TUR.39.3_1,2044,9,albopictus,21.06046755173627,50.850096147454835,1.8633369501896779e-4,0.04127938611017289,0.04109782197390847,0.04145028290232347,0,0,0,1,1,1,1.8633195901784916e-5,0,0,0
TUR.39.3_1,2044,10,albopictus,17.016440714106842,54.21151583523189,1.8362407992555604e-4,0.011489428889091593,0.011421700772857358,0.011565801557701448,0,0,0,1,1,1,1.776991436408526e-5,0,0,0
TUR.39.3_1,2044,11,albopictus,7.482957617763211,69.16324794003935,1.0651107415194e-4,0,0,0,0,0,0,1,1,1,1.065105069231187e-5,0,0,0
TUR.39.3_1,2044,12,albopictus,3.6795003236654926,80.54486827867315,8.760703083135416e-5,0,0,0,0,0,0,1,1,1,8.47806381887306e-6,0,0,0
TUR.39.3_1,2045,1,albopictus,2.7630363480352305,72.439457578545,9.132108858952356e-5,0,0,0,0,0,0,1,1,1,8.837485651391752e-6,0,0,0
TUR.39.3_1,2045,2,albopictus,0.5688642758656951,71.6107856856255,6.831093787804004e-5,0,0,0,0,0,0,1,1,1,7.319002274353004e-6,0,0,0
TUR.39.3_1,2045,3,albopictus,7.37923588932437,65.14327714302719,8.385737230741852e-5,0,0,0,0,0,0,1,1,1,8.115196649782774e-6,0,0,0
TUR.39.3_1,2045,4,albopictus,9.896007874432733,68.66075186878449,1.1088595131302017e-4,0,0,0,0,0,0,1,1,1,1.1088533653058619e-5,0,0,0
TUR.39.3_1,2045,5,albopictus,15.557900372673483,61.62493298913384,1.5498923983596634e-4,0.005598910662677403,0.005555536015848791,0.00564170387957174,0,0,0,1,1,1,1.4998846210034777e-5,0,0,0
TUR.39.3_1,2045,6,albopictus,20.13641766940846,52.06689424508101,1.743273775085067e-4,0.033743873215185315,0.033588841568018724,0.03389370764277728,0,0,0,1,1,1,1.743258580155782e-5,0,0,0
TUR.39.3_1,2045,7,albopictus,25.759881748872644,33.838980881385424,2.0471861275080355e-4,0.05366250784079982,0.053350711544292,0.05396516075604931,0,0,0,1,1,1,1.9811282407244946e-5,0,0,0
TUR.39.3_1,2045,8,albopictus,25.65562152862549,36.16772635828634,2.430904482353551e-4,0.05613478552953242,0.05582667449215629,0.05644801157279525,1.1102230246251565e-16,1.1102230246251565e-16,1.1102230246251565e-16,0.9999999999999999,0.9999999999999999,0.9999999999999999,2.352460537946577e-5,2.6117558537503714e-21,2.6117558537503714e-21,2.6117558537503714e-21
TUR.39.3_1,2045,9,albopictus,21.870549033669864,45.82044450560913,1.9375482601244107e-4,0.04472386012920114,0.044512079221831195,0.04494074584468329,0,0,0,1,1,1,1.937529489781653e-5,0,0,0
TUR.39.3_1,2045,10,albopictus,13.79583581756143,68.79360812038814,1.9093729480354601e-4,0.00133067270769921,0.001314920963510055,0.0013468164857414397,0,0,0,1,1,1,1.8477632009350486e-5,0,0,0
TUR.39.3_1,2045,11,albopictus,9.36466147137039,75.62995326230498,1.1075310151825522e-4,0,0,0,0,0,0,1,1,1,1.1075248820824335e-5,0,0,0
TUR.39.3_1,2045,12,albopictus,6.1127135576132465,86.20293407457159,9.109616494465854e-5,0,0,0,0,0,0,1,1,1,8.81571903921241e-6,0,0,0
TUR.39.3_1,2046,1,albopictus,3.7733223811887644,77.91954485881844,9.266860169941839e-5,0,0,0,0,0,0,1,1,1,8.967888984967587e-6,0,0,0
TUR.39.3_1,2046,2,albopictus,3.1571748453904602,73.95794602498097,6.931891846348425e-5,0,0,0,0,0,0,1,1,1,7.426999397930345e-6,0,0,0
TUR.39.3_1,2046,3,albopictus,3.990752841839019,74.33010575630844,8.509475252584204e-5,0,0,0,0,0,0,1,1,1,8.234942143525714e-6,0,0,0
TUR.39.3_1,2046,4,albopictus,11.943386414471796,69.3812642589212,1.1252215906530705e-4,3.3292384167780526e-5,3.22464901318808e-5,3.430275309022989e-5,0,0,0,1,1,1,1.125215260056045e-5,0,0,0
TUR.39.3_1,2046,5,albopictus,13.658737126518698,75.84770368005181,1.5727622563297487e-4,0.001261432154438121,0.0012469369931619022,0.0012757296172488072,0,0,0,1,1,1,1.5220164072071718e-5,0,0,0
TUR.39.3_1,2046,6,albopictus,20.452690405004162,48.066009235315384,1.7689971244487808e-4,0.03437736539008197,0.03421581365816485,0.03453603665873342,0,0,0,1,1,1,1.7689814777899215e-5,0,0,0
TUR.39.3_1,2046,7,albopictus,24.41991974325741,35.25956269901238,2.07739393807862e-4,0.05140600269751012,0.05112843628780533,0.05167345839003612,0,0,0,1,1,1,2.0103610223753954e-5,0,0,0
TUR.39.3_1,2046,8,albopictus,26.224568367004395,37.72073539148946,2.4667743532614335e-4,0.058903854459639304,0.058577682783138914,0.0592345670587745,2.892130979148533e-16,2.220446049250313e-16,3.3306690738754696e-16,0.9999999999999997,0.9999999999999997,0.9999999999999998,2.3871724936119776e-5,6.904015521346454e-21,5.300587732319734e-21,7.950881598479601e-21
TUR.39.3_1,2046,9,albopictus,24.234415839700137,41.36657182494507,1.966138279383895e-4,0.056862968785179706,0.056602412630407835,0.05712664782649133,1.1102230246251565e-16,1.1102230246251565e-16,1.1102230246251565e-16,0.9999999999999999,0.9999999999999999,0.9999999999999999,1.966118951013396e-5,2.1828305285669323e-21,2.1828305285669323e-21,2.1828305285669323e-21
TUR.39.3_1,2046,10,albopictus,12.094140375361723,67.09876101345455,1.937547218829813e-4,5.2566312004279845e-5,5.099252796124174e-5,5.4149369362417184e-5,0,0,0,1,1,1,1.8750281167712046e-5,0,0,0
TUR.39.3_1,2046,11,albopictus,9.129924075130155,77.81791102597685,1.1238734896933611e-4,0,0,0,0,0,0,1,1,1,1.123867174257498e-5,0,0,0
TUR.39.3_1,2046,12,albopictus,2.920191508663051,82.31210308091924,9.24403591326607e-5,0,0,0,0,0,0,1,1,1,8.945801192483671e-6,0,0,0
TUR.39.3_1,2047,1,albopictus,5.013659514596357,82.72641436565438,9.204419094531063e-5,0,0,0,0,0,0,1,1,1,8.907462677898437e-6,0,0,0
TUR.39.3_1,2047,2,albopictus,3.1932938296128723,75.77088852986378,6.885184032312217e-5,0,0,0,0,0,0,1,1,1,7.376955681870356e-6,0,0,0
TUR.39.3_1,2047,3,albopictus,6.645353462108794,73.04431626656235,8.452137516154748e-5,0,0,0,0,0,0,1,1,1,8.179454466961111e-6,0,0,0
TUR.39.3_1,2047,4,albopictus,9.302573063794306,60.48207144886261,1.1176397296011796e-4,0,0,0,0,0,0,1,1,1,1.1176334840268254e-5,0,0,0
TUR.39.3_1,2047,5,albopictus,16.20668596379897,48.98135159875298,1.5621648193500423e-4,0.006995063933106763,0.00694188730210903,0.007044980703431302,0,0,0,1,1,1,1.5117609786008401e-5,0,0,0
TUR.39.3_1,2047,6,albopictus,25.097652715795178,25.367576312952103,1.7570774363534066e-4,0.043893397664496576,0.04362243657324318,0.0441849892939621,0,0,0,1,1,1,1.7570619998408255e-5,0,0,0
TUR.39.3_1,2047,7,albopictus,24.81138016195858,34.66947099369011,2.0633962399190856e-4,0.05223056016238461,0.05192844299540367,0.05249432689775979,0,0,0,1,1,1,1.9968151342752982e-5,0,0,0
TUR.39.3_1,2047,8,albopictus,26.232632637023926,36.50354941736837,2.450152969039734e-4,0.05739866870749572,0.057075136579001186,0.057721499846924464,1.1157741397482822e-16,1.1102230246251565e-16,1.1102230246251565e-16,0.9999999999999999,0.9999999999999999,0.9999999999999999,2.3710876657645485e-5,2.6455983005362018e-21,2.6324361199365193e-21,2.6324361199365193e-21
TUR.39.3_1,2047,9,albopictus,21.766789268044864,39.61165086547241,1.9528902335172663e-4,0.03961125393414878,0.03942123976023291,0.03981320137494373,0,0,0,1,1,1,1.9528711647454067e-5,0,0,0
TUR.39.3_1,2047,10,albopictus,13.512182558284087,46.594396999782674,1.924491822526833e-4,6.425079086527479e-4,6.324958426273418e-4,6.528350048082615e-4,0,0,0,1,1,1,1.862394098384179e-5,0,0,0
TUR.39.3_1,2047,11,albopictus,9.511683718684843,71.43773829648467,1.1163007122870787e-4,0,0,0,0,0,0,1,1,1,1.1162944816733855e-5,0,0,0
TUR.39.3_1,2047,12,albopictus,1.5592274041298557,75.68620281236456,9.181748630089788e-5,0,0,0,0,0,0,1,1,1,8.885523713919596e-6,0,0,0
TUR.39.3_1,2048,1,albopictus,2.4248337821267985,81.95646349895516,9.567383308157432e-5,0,0,0,0,0,0,1,1,1,9.258715177984378e-6,0,0,0
TUR.39.3_1,2048,2,albopictus,3.250898142509601,71.3173286543755,7.412288400070125e-5,0,0,0,0,0,0,1,1,1,7.667855153603576e-6,0,0,0
TUR.39.3_1,2048,3,albopictus,9.170210506328765,65.39761063912094,8.785436490865259e-5,0,0,0,0,0,0,1,1,1,8.501999171572905e-6,0,0,0
TUR.39.3_1,2048,4,albopictus,12.1942237405216,55.14343314319855,1.1617123887669612e-4,5.382462106707292e-5,5.224137277313109e-5,5.53154126268786e-5,0,0,0,1,1,1,1.1617056409174431e-5,0,0,0
TUR.39.3_1,2048,5,albopictus,14.405930463005514,63.131372198118214,1.6237667433157888e-4,0.0023067867572129316,0.002282507915643558,0.0023296053335455143,0,0,0,1,1,1,1.571374824727023e-5,0,0,0
TUR.39.3_1,2048,6,albopictus,23.12842969333424,21.90561265938765,1.8263654841288042e-4,0.03530385481365833,0.03508362075135151,0.03551953048457898,0,0,0,1,1,1,1.8263488061776023e-5,0,0,0
TUR.39.3_1,2048,7,albopictus,25.797452702241785,27.61333772342644,2.1447635685826439e-4,0.0470376583595359,0.04672400647058162,0.047343244463384504,0,0,0,1,1,1,2.07555610705068e-5,0,0,0
TUR.39.3_1,2048,8,albopictus,27.072314262390137,34.053989251963095,2.546771542850679e-4,0.054314888264559366,0.053969167278814255,0.054701885268693226,0,0,0,1,1,1,2.464587250661232e-5,0,0,0
TUR.39.3_1,2048,9,albopictus,19.66050417283002,53.682920854486085,2.0298999025281412e-4,0.030362247393383935,0.030219358041035975,0.03050149487352087,0,0,0,1,1,1,2.0298793002027082e-5,0,0,0
TUR.39.3_1,2048,10,albopictus,14.57893022368936,59.087683132595174,2.0003816373885734e-4,0.0025433275006278133,0.0025194331064421122,0.0025678966465434425,0,0,0,1,1,1,1.9358344599540445e-5,0,0,0
TUR.39.3_1,2048,11,albopictus,7.461299197200467,79.60379969785185,1.160320569058548e-4,0,0,0,0,0,0,1,1,1,1.160313837367255e-5,0,0,0
TUR.39.3_1,2048,12,albopictus,5.454227191341274,80.93093090074346,9.543818863638332e-5,0,0,0,0,0,0,1,1,1,9.23591108770161e-6,0,0,0
TUR.39.3_1,2049,1,albopictus,1.8416361735366724,79.65618578899422,8.692117935525506e-5,0,0,0,0,0,0,1,1,1,8.411691655885178e-6,0,0,0
TUR.39.3_1,2049,2,albopictus,5.294872542076251,76.28590317830128,6.501967261813806e-5,0,0,0,0,0,0,1,1,1,6.966369229588487e-6,0,0,0
TUR.39.3_1,2049,3,albopictus,6.036163474926177,69.18710801460922,7.9817069760924e-5,0,0,0,0,0,0,1,1,1,7.724202725656326e-6,0,0,0
TUR.39.3_1,2049,4,albopictus,11.043308594647577,62.17528586536652,1.0554339431256872e-4,4.6844192335650345e-8,4.211331363922655e-8,5.1967325437501364e-8,0,0,0,1,1,1,1.05542837344208e-5,0,0,0
TUR.39.3_1,2049,5,albopictus,14.171646062065573,65.3620087947979,1.4752175781073827e-4,0.0018979479271938235,0.0018771757713735744,0.0019194880342581137,0,0,0,1,1,1,1.427619723715079e-5,0,0,0
TUR.39.3_1,2049,6,albopictus,21.05060223972096,49.86945314400679,1.6592817147699333e-4,0.04055730725136643,0.040385097264587166,0.040737518553096465,0,0,0,1,1,1,1.6592679487725803e-5,0,0,0
TUR.39.3_1,2049,7,albopictus,25.63512207480038,26.113692490272143,1.9485513730848128e-4,0.045384478020882676,0.04507950478399059,0.04568690588785859,0,0,0,1,1,1,1.8856770980679727e-5,0,0,0
TUR.39.3_1,2049,8,albopictus,25.818875312805176,31.82560523401876,2.3137819289025275e-4,0.05149695910327302,0.05119131704418613,0.05180128391350178,0,0,0,1,1,1,2.2391187335268903e-5,0,0,0
TUR.39.3_1,2049,9,albopictus,18.872355292825137,61.0865501574646,1.8441959292090265e-4,0.026488916938445645,0.02637216165273983,0.026611012040809696,0,0,0,1,1,1,1.8441789240153383e-5,0,0,0
TUR.39.3_1,2049,10,albopictus,10.520379389033598,67.07362978786861,1.817378121917197e-4,8.073233639056064e-18,2.140604177889257e-19,4.0982791977723377e-17,0,0,0,1,1,1,1.758737555235257e-5,0,0,0
TUR.39.3_1,2049,11,albopictus,7.179111258510281,73.20891749570342,1.054169453070167e-4,0,0,0,0,0,0,1,1,1,1.0541638967187517e-5,0,0,0
TUR.39.3_1,2049,12,albopictus,5.263550740611904,83.93550090806768,8.670709267737467e-5,0,0,0,0,0,0,1,1,1,8.3909737643717e-6,0,0,0
TUR.39.3_1,2050,1,albopictus,1.0012714044355295,78.81084887493172,8.880013660493364e-5,0,0,0,0,0,0,1,1,1,8.593524682409814e-6,0,0,0
TUR.39.3_1,2050,2,albopictus,4.265680809669635,75.77575608357472,6.642518950301903e-5,0,0,0,0,0,0,1,1,1,7.116959263919753e-6,0,0,0
TUR.39.3_1,2050,3,albopictus,3.54247584522647,68.25247666695297,8.154245893520611e-5,0,0,0,0,0,0,1,1,1,7.891174567897785e-6,0,0,0
TUR.39.3_1,2050,4,albopictus,14.135809281293085,41.509457160532534,1.0782490415137073e-4,0.0012533949078201115,0.0012368302460887466,0.0012691816197308045,0,0,0,1,1,1,1.0782432284250909e-5,0,0,0
TUR.39.3_1,2050,5,albopictus,16.53670877568862,55.40712140466118,1.5071070529603327e-4,0.00918433930252595,0.009122515433035853,0.00924513503406054,0,0,0,1,1,1,1.4584800604899861e-5,0,0,0
TUR.39.3_1,2050,6,albopictus,22.155954641454358,37.99531526558882,1.6951500661930506e-4,0.04119853031974901,0.04099158103055651,0.04140112572856449,0,0,0,1,1,1,1.6951356986094623e-5,0,0,0
TUR.39.3_1,2050,7,albopictus,24.32202698202694,43.13510820072136,1.990672807193122e-4,0.059243080970641064,0.058951346159322515,0.0595219839459277,3.3428815271463465e-16,3.3306690738754696e-16,3.3306690738754696e-16,0.9999999999999997,0.9999999999999997,0.9999999999999997,1.926438999277913e-5,6.439857343860429e-21,6.416330797602553e-21,6.416330797602553e-21
TUR.39.3_1,2050,8,albopictus,25.63438129425049,36.496236642710166,2.3637984767880328e-4,0.05649266275315384,0.056167656893788165,0.056815270854968146,1.1102230246251565e-16,1.1102230246251565e-16,1.1102230246251565e-16,0.9999999999999999,0.9999999999999999,0.9999999999999999,2.2875207488670668e-5,2.539658204699998e-21,2.539658204699998e-21,2.539658204699998e-21
TUR.39.3_1,2050,9,albopictus,21.38741190293256,33.00034181395874,1.884061533158699e-4,0.033064249389136435,0.03288219224114685,0.033230217328471895,0,0,0,1,1,1,1.8840437848277602e-5,0,0,0
TUR.39.3_1,2050,10,albopictus,13.081695879206938,66.52831881374752,1.856664010844533e-4,4.8123157136582275e-4,4.7320922969878727e-4,4.890606134629547e-4,0,0,0,1,1,1,1.796755481553447e-5,0,0,0
TUR.39.3_1,2050,11,albopictus,7.549099699977567,76.80555140683623,1.0769572172368315e-4,0,0,0,0,0,0,1,1,1,1.0769514180775097e-5,0,0,0
TUR.39.3_1,2050,12,albopictus,1.9449040116194416,78.96419506089971,8.858142205938687e-5,0,0,0,0,0,0,1,1,1,8.57235894025088e-6,0,0,0
TUR.39.3_1,2051,1,albopictus,4.347423590829267,81.05720965374032,9.159562877104323e-5,0,0,0,0,0,0,1,1,1,8.864053820945017e-6,0,0,0
TUR.39.3_1,2051,2,albopictus,2.368860264473102,73.90428086384816,6.851630224211495e-5,0,0,0,0,0,0,1,1,1,7.341005437755399e-6,0,0,0
TUR.39.3_1,2051,3,albopictus,7.501685287365142,69.31792924263657,8.410947418849139e-5,0,0,0,0,0,0,1,1,1,8.139593407729961e-6,0,0,0
TUR.39.3_1,2051,4,albopictus,9.94802127164953,58.864498664438784,1.1121930968261094e-4,0,0,0,0,0,0,1,1,1,1.1121869119778971e-5,0,0,0
TUR.39.3_1,2051,5,albopictus,15.110880795647116,60.195947393430714,1.5545518669112725e-4,0.003995665156014756,0.003960927514875169,0.00402957759891649,0,0,0,1,1,1,1.5043937163783383e-5,0,0,0
TUR.39.3_1,2051,6,albopictus,21.59840039645924,37.259673786096634,1.748514609442633e-4,0.03693398094367172,0.036744291030475315,0.03712639568479732,0,0,0,1,1,1,1.7484993230176826e-5,0,0,0
TUR.39.3_1,2051,7,albopictus,26.411742939668542,35.3805763403698,2.0533406188717648e-4,0.056134504919202105,0.05580346189818018,0.0564894770402487,1.1080025785759062e-16,1.1102230246251565e-16,1.1102230246251565e-16,0.9999999999999999,0.9999999999999999,0.9999999999999999,1.987084081933599e-5,2.2016942866295648e-21,2.2061064996288225e-21,2.2061064996288225e-21
TUR.39.3_1,2051,8,albopictus,26.19419574737549,37.28092749964376,2.4382125529005645e-4,0.05831177577133552,0.05798817833389081,0.058639064960479825,2.219335826225688e-16,2.220446049250313e-16,2.220446049250313e-16,0.9999999999999998,0.9999999999999998,0.9999999999999998,2.3595326976488806e-5,5.236595449043105e-21,5.2392150565713905e-21,5.2392150565713905e-21
TUR.39.3_1,2051,9,albopictus,21.33793337204877,37.68882219115601,1.9433731452550364e-4,0.035391242972212564,0.0351961113606798,0.03557034850822189,0,0,0,1,1,1,1.9433542618796373e-5,0,0,0
TUR.39.3_1,2051,10,albopictus,14.289914453730864,46.907873562282674,1.9151131292338973e-4,0.001604817255036143,0.0015868318518035896,0.0016240583761977186,0,0,0,1,1,1,1.8533181121993536e-5,0,0,0
TUR.39.3_1,2051,11,albopictus,10.015064017299345,71.24025141904326,1.1108606049919071e-4,0,0,0,0,0,0,1,1,1,1.1108544349602845e-5,0,0,0
TUR.39.3_1,2051,12,albopictus,5.395660144222133,79.61903362291143,9.137002893430134e-5,0,0,0,0,0,0,1,1,1,8.842221771887537e-6,0,0,0
TUR.39.3_1,2052,1,albopictus,0.8101636544965647,70.78315417278328,8.844834081344938e-5,0,0,0,0,0,0,1,1,1,8.559480220382554e-6,0,0,0
TUR.39.3_1,2052,2,albopictus,1.8448987800408814,75.72672196492238,6.852496544776168e-5,0,0,0,0,0,0,1,1,1,7.088764403695436e-6,0,0,0
TUR.39.3_1,2052,3,albopictus,2.4577732342569267,71.396405194785,8.121941558215016e-5,0,0,0,0,0,0,1,1,1,7.859912554142312e-6,0,0,0
TUR.39.3_1,2052,4,albopictus,10.142834046307733,76.01911215931183,1.0739773873307408e-4,0,0,0,0,0,0,1,1,1,1.0739716202134986e-5,0,0,0
TUR.39.3_1,2052,5,albopictus,14.114400807548972,73.17617200280571,1.5011364099093373e-4,0.0020125717727453086,0.001991839750094431,0.0020341243955606285,0,0,0,1,1,1,1.4527021029331344e-5,0,0,0
TUR.39.3_1,2052,6,albopictus,20.94770459567799,48.66878480904585,1.6884344609921926e-4,0.03891306931974455,0.03872256614501397,0.03909591190732196,0,0,0,1,1,1,1.6884202070133192e-5,0,0,0
TUR.39.3_1,2052,7,albopictus,24.569247975068933,35.48810121219597,1.9827864418949653e-4,0.052207881686557274,0.051928228550349995,0.05248738556655785,0,0,0,1,1,1,1.918807179590587e-5,0,0,0
TUR.39.3_1,2052,8,albopictus,25.031987190246582,44.35477240931173,2.3544339151122942e-4,0.0641154542646965,0.06381048357419958,0.06441176178006042,3.1991076454573887e-15,2.7755575615628914e-15,3.6637359812630166e-15,0.9999999999999968,0.9999999999999963,0.9999999999999972,2.2784584767232552e-5,7.289033932742562e-20,6.323992653776298e-20,8.347670302984713e-20
TUR.39.3_1,2052,9,albopictus,21.287304709939395,49.951685350335694,1.8765975252911055e-4,0.0427087395243545,0.04251497359181856,0.042890874875731566,0,0,0,1,1,1,1.8765799173148245e-5,0,0,0
TUR.39.3_1,2052,10,albopictus,16.28536447356729,53.13964312405025,1.8493085425965358e-4,0.007759658836093393,0.007700659917041736,0.007814931473560055,0,0,0,1,1,1,1.7896374141179727e-5,0,0,0
TUR.39.3_1,2052,11,albopictus,9.6642472906147745,69.65411555478545,1.0726906808201357e-4,0,0,0,0,0,0,1,1,1,1.072684927516665e-5,0,0,0
TUR.39.3_1,2052,12,albopictus,7.067363006008022,79.20841197984502,8.82304927401807e-5,0,0,0,0,0,0,1,1,1,8.538398328927777e-6,0,0,0
TUR.39.3_1,2053,1,albopictus,3.8955972568296335,74.80306689250985,9.207363313496455e-5,0,0,0,0,0,0,1,1,1,8.91031189664826e-6,0,0,0
TUR.39.3_1,2053,2,albopictus,2.867312093429706,78.09683915242238,6.887386397198036e-5,0,0,0,0,0,0,1,1,1,7.379315341116133e-6,0,0,0
TUR.39.3_1,2053,3,albopictus,6.335875656017485,69.54299638130844,8.454841102694821e-5,0,0,0,0,0,0,1,1,1,8.182070819651166e-6,0,0,0
TUR.39.3_1,2053,4,albopictus,11.596901276532343,59.64453940540558,1.117997229195078e-4,5.3664180693888154e-6,5.125492067840404e-6,5.6044380577256315e-6,0,0,0,1,1,1,1.1179909796266152e-5,0,0,0
TUR.39.3_1,2053,5,albopictus,16.142783108879538,69.44002698327446,1.5626645092534422e-4,0.008953101018230878,0.00889901671883234,0.009004134734054611,0,0,0,1,1,1,1.5122445421678066e-5,0,0,0
TUR.39.3_1,2053,6,albopictus,19.07623414432301,63.562835407190384,1.7576394729858807e-4,0.02932766360302304,0.029196230512341645,0.0294491687727825,0,0,0,1,1,1,1.7576240265992915e-5,0,0,0
TUR.39.3_1,2053,7,albopictus,23.063884510713464,51.629237381629565,2.064056258794834e-4,0.059718544068502154,0.059465839066889854,0.0599697249278654,4.3232084578903597e-16,3.3306690738754696e-16,4.440892098500626e-16,0.9999999999999996,0.9999999999999996,0.9999999999999997,1.9974538494560434e-5,8.635409376214024e-21,6.652857762876752e-21,8.870477017169003e-21
TUR.39.3_1,2053,8,albopictus,24.129117012023926,39.487073739878134,2.450936699850497e-4,0.054364382728355774,0.054071597530028284,0.05461686642624136,0,0,0,1,1,1,2.3718460969490707e-5,0,0,0
TUR.39.3_1,2053,9,albopictus,21.683462928323184,45.32901613036499,1.953514904819583e-4,0.04285932389883945,0.042650629090706146,0.04307146263818825,0,0,0,1,1,1,1.9534958238365263e-5,0,0,0
TUR.39.3_1,2053,10,albopictus,15.98548539947061,38.54623644680416,1.9251074100250153e-4,0.005276241388747126,0.005231481381215843,0.005319913530658278,0,0,0,1,1,1,1.8629898171251824e-5,0,0,0
TUR.39.3_1,2053,11,albopictus,8.984294669154814,72.66110408017607,1.1166577835693009e-4,0,0,0,0,0,0,1,1,1,1.1166515489713369e-5,0,0,0
TUR.39.3_1,2053,12,albopictus,5.4487941087607075,83.84282665269659,9.184685597450199e-5,0,0,0,0,0,0,1,1,1,8.888365915171725e-6,0,0,0
TUR.39.3_1,2054,1,albopictus,4.369834937264814,78.5938765238575,9.011940950956117e-5,0,0,0,0,0,0,1,1,1,8.721195148497785e-6,0,0,0
TUR.39.3_1,2054,2,albopictus,0.8548889916171046,80.64121934041066,6.741204556030142e-5,0,0,0,0,0,0,1,1,1,7.222693083397402e-6,0,0,0
TUR.39.3_1,2054,3,albopictus,5.318655158886138,71.46674821236313,8.275390703385627e-5,0,0,0,0,0,0,1,1,1,8.008410548709932e-6,0,0,0
TUR.39.3_1,2054,4,albopictus,9.585876801434686,68.6573873057962,1.0942682144485224e-4,0,0,0,0,0,0,1,1,1,1.0942622273524272e-5,0,0,0
TUR.39.3_1,2054,5,albopictus,16.25235647313735,45.69936917687798,1.5294976209860258e-4,0.006851064350031764,0.006797239241552324,0.006902578179789771,0,0,0,1,1,1,1.4801480337500728e-5,0,0,0
TUR.39.3_1,2054,6,albopictus,19.48614053165211,55.41282625191695,1.7203343242033227e-4,0.029608083283317745,0.029472184114795102,0.029729289292396884,0,0,0,1,1,1,1.72031952653251e-5,0,0,0
TUR.39.3_1,2054,7,albopictus,24.57134033651913,35.20218583744011,2.0202475443153485e-4,0.05193132683612985,0.051664067409549624,0.05220480963180741,0,0,0,1,1,1,1.9550591571659837e-5,0,0,0
TUR.39.3_1,2054,8,albopictus,26.96569538116455,32.22303183924337,2.3989166128816775e-4,0.052174985792716566,0.051808268095981214,0.0525227643461724,0,0,0,1,1,1,2.3215052586622598e-5,0,0,0
TUR.39.3_1,2054,9,albopictus,23.8195083842558,30.099165361322022,1.912052383470175e-4,0.04422584919615119,0.04395710905468893,0.044488646786110524,0,0,0,1,1,1,1.9120341038680877e-5,0,0,0
TUR.39.3_1,2054,10,albopictus,14.588361109004301,51.998518398708455,1.8842478256465495e-4,0.0023044839856464663,0.0022805322804838233,0.0023281471552736516,0,0,0,1,1,1,1.823449012683387e-5,0,0,0
TUR.39.3_1,2054,11,albopictus,9.486846224788358,75.10880458066435,1.0929571979853374e-4,0,0,0,0,0,0,1,1,1,1.0929512252344509e-5,0,0,0
TUR.39.3_1,2054,12,albopictus,3.0745518030050922,75.7427824022083,8.989744559768661e-5,0,0,0,0,0,0,1,1,1,8.699714956983406e-6,0,0,0
TUR.39.3_1,2055,1,albopictus,2.639208890607252,78.72925250042,8.84934984757478e-5,0,0,0,0,0,0,1,1,1,8.563850279252883e-6,0,0,0
TUR.39.3_1,2055,2,albopictus,-0.7161828082273988,75.34892960652394,6.619581490272265e-5,0,0,0,0,0,0,1,1,1,7.092383588536144e-6,0,0,0
TUR.39.3_1,2055,3,albopictus,3.763075258144561,73.49162766792954,8.12608824870938e-5,0,0,0,0,0,0,1,1,1,7.863925448936548e-6,0,0,0
TUR.39.3_1,2055,4,albopictus,9.228858807507685,66.87331442981964,1.074525710880139e-4,0,0,0,0,0,0,1,1,1,1.0745199378714432e-5,0,0,0
TUR.39.3_1,2055,5,albopictus,15.179688397575827,53.60300610925103,1.5019028212454814e-4,0.0038253344494806984,0.003789640052909291,0.003862008238570422,0,0,0,1,1,1,1.4534437805413525e-5,0,0,0
TUR.39.3_1,2055,6,albopictus,22.8992026272942,38.68369646065718,1.6892964981146677e-4,0.046573256647248575,0.04634126957184369,0.04680812939670604,0,0,0,1,1,1,1.68928222957776e-5,0,0,0
TUR.39.3_1,2055,7,albopictus,23.500108494478113,45.64088365238152,1.9837987616256637e-4,0.056913886177595546,0.056656216967873735,0.05716529398216236,1.1102230246251565e-16,1.1102230246251565e-16,1.1102230246251565e-16,0.9999999999999999,0.9999999999999999,0.9999999999999999,1.919786825044234e-5,2.1313915355361357e-21,2.1313915355361357e-21,2.1313915355361357e-21
TUR.39.3_1,2055,8,albopictus,23.74911594390869,48.1103800142922,2.35563598098108e-4,0.06125543405001736,0.060999190259556635,0.06152661018471776,8.701928067011977e-16,7.771561172376096e-16,9.992007221626409e-16,0.9999999999999991,0.999999999999999,0.9999999999999992,2.279621739753601e-5,1.9837104399332536e-20,1.7716219800373532e-20,2.277799688619454e-20
TUR.39.3_1,2055,9,albopictus,24.207232306985293,35.261969011224366,1.877555629835948e-4,0.05052100911843192,0.05025544199771397,0.05079618279685108,0,0,0,1,1,1,1.8775380038693612e-5,0,0,0
TUR.39.3_1,2055,10,albopictus,14.59443601439981,55.46096651882564,1.8502527146396078e-4,0.0024430606740226918,0.0024202134782484058,0.0024673823544712997,0,0,0,1,1,1,1.7905511126459217e-5,0,0,0
TUR.39.3_1,2055,11,albopictus,10.083677069667509,80.22765528867217,1.0732383474362603e-4,0,0,0,0,0,0,1,1,1,1.073232588255646e-5,0,0,0
TUR.39.3_1,2055,12,albopictus,5.967073184383266,82.04557018297002,8.827553917925397e-5,0,0,0,0,0,0,1,1,1,8.542757624518948e-6,0,0,0
TUR.39.3_1,2056,1,albopictus,4.617027320077314,81.99161211956063,9.779238157951862e-5,0,0,0,0,0,0,1,1,1,9.46373408117207e-6,0,0,0
TUR.39.3_1,2056,2,albopictus,4.8449337679673645,73.49483414753956,7.576422018955337e-5,0,0,0,0,0,0,1,1,1,7.83764723610858e-6,0,0,0
TUR.39.3_1,2056,3,albopictus,10.440313960918608,61.11561295845688,8.979976342379708e-5,2.4685810604170886e-30,1.8987074743426437e-39,1.0034178528965411e-31,0,0,0,1,1,1,8.69026192562572e-6,0,0,0
TUR.39.3_1,2056,4,albopictus,10.587110856000116,63.705483008921206,1.1874367060331783e-4,1.2309334761326996e-14,2.8785250044230516e-15,5.179410078524433e-14,0,0,0,1,1,1,1.1874296560354658e-5,0,0,0
TUR.39.3_1,2056,5,albopictus,15.849996510673972,56.49656842614556,1.6597225369143428e-4,0.006290275688591629,0.006244151707231419,0.006338197122501354,0,0,0,1,1,1,1.60617020118492e-5,0,0,0
TUR.39.3_1,2056,6,albopictus,22.53495816623463,35.03267259591109,1.866807512303837e-4,0.04150554326696184,0.04128784899857158,0.04172624195308894,0,0,0,1,1,1,1.8667900875568577e-5,0,0,0
TUR.39.3_1,2056,7,albopictus,26.286311878877527,23.39658090274773,2.1922560280181536e-4,0.043010895105241566,0.042717747282502404,0.04331612621936064,0,0,0,1,1,1,2.121515587172329e-5,0,0,0
TUR.39.3_1,2056,8,albopictus,26.377062797546387,33.86614783655782,2.6031658447504813e-4,0.05429749942954809,0.05395624016766477,0.054615898281720685,0,0,0,1,1,1,2.5191610215857807e-5,0,0,0
TUR.39.3_1,2056,9,albopictus,20.398287604836856,57.74394838134155,2.0748488844071422e-4,0.03929596589095565,0.03912397356369205,0.03946132915753565,0,0,0,1,1,1,2.0748273595661004e-5,0,0,0
TUR.39.3_1,2056,10,albopictus,14.706768358454985,69.50591128200924,2.044676983113789e-4,0.0033060156701114752,0.003273042095461685,0.0033352445288128336,0,0,0,1,1,1,1.9787000845483682e-5,0,0,0
TUR.39.3_1,2056,11,albopictus,9.299568430904081,83.02932917783232,1.186014066638152e-4,0,0,0,0,0,0,1,1,1,1.1860070335156792e-5,0,0,0
TUR.39.3_1,2056,12,albopictus,2.198582154643886,81.02564983384893,9.755151915393185e-5,0,0,0,0,0,0,1,1,1,9.440425034479283e-6,0,0,0
TUR.39.3_1,2057,1,albopictus,1.9446376935743235,77.76952044475594,8.406125034771724e-5,0,0,0,0,0,0,1,1,1,8.134926622327399e-6,0,0,0
TUR.39.3_1,2057,2,albopictus,2.1941191155244324,74.05914231404347,6.288035917162782e-5,0,0,0,0,0,0,1,1,1,6.737158645075958e-6,0,0,0
TUR.39.3_1,2057,3,albopictus,6.615147735485259,66.92677018501938,7.719088412010372e-5,0,0,0,0,0,0,1,1,1,7.470057658998108e-6,0,0,0
TUR.39.3_1,2057,4,albopictus,10.02603469175451,63.876732398569644,1.0207074682679498e-4,0,0,0,0,0,0,1,1,1,1.0207022590691395e-5,0,0,0
TUR.39.3_1,2057,5,albopictus,16.467321339775534,51.67083905602837,1.4266791485168746e-4,0.008399061953787625,0.008341539874658148,0.008460822307850509,0,0,0,1,1,1,1.3806477094702174e-5,0,0,0
TUR.39.3_1,2057,6,albopictus,21.52365140353932,44.16434831612593,1.604687104538604e-4,0.04079702043780522,0.04060801937081793,0.041002452931851854,0,0,0,1,1,1,1.6046742295050542e-5,0,0,0
TUR.39.3_1,2057,7,albopictus,23.32977844687069,49.59202500980339,1.8844390516011542e-4,0.05975152814411707,0.05950663658884908,0.06001510476129472,4.390932062392494e-16,3.3306690738754696e-16,4.440892098500626e-16,0.9999999999999996,0.9999999999999996,0.9999999999999997,1.8236340666888395e-5,8.007453293495237e-21,6.0739215879862736e-21,8.098562117315031e-21
TUR.39.3_1,2057,8,albopictus,24.441227912902832,45.558519204966025,2.237652588450993e-4,0.06268137270789957,0.06236231907746715,0.06296197821324677,1.6801005031652493e-15,1.4432899320127035e-15,1.887379141862766e-15,0.9999999999999983,0.9999999999999981,0.9999999999999986,2.1654468007503702e-5,3.6381682595182765e-20,3.125367565832128e-20,4.087019124549706e-20
TUR.39.3_1,2057,9,albopictus,21.095282386330997,47.88621751586304,1.7835171686048752e-4,0.03969262345384172,0.039517318708751394,0.039871564633500854,0,0,0,1,1,1,1.7835012640299297e-5,0,0,0
TUR.39.3_1,2057,10,albopictus,14.358762109980864,40.350683620876424,1.7575817357304359e-4,0.0015463638814373422,0.0015273650610757672,0.0015639567859888272,0,0,0,1,1,1,1.700871085730249e-5,0,0,0
TUR.39.3_1,2057,11,albopictus,6.205123679164578,76.29064356992217,1.0194845831678195e-4,0,0,0,0,0,0,1,1,1,1.0194793864437557e-5,0,0,0
TUR.39.3_1,2057,12,albopictus,4.411242705715053,80.28086071031377,8.385420766883388e-5,0,0,0,0,0,0,1,1,1,8.114890396870855e-6,0,0,0
TUR.39.3_1,2058,1,albopictus,2.9017768875860117,76.64179675090828,9.084440162434176e-5,0,0,0,0,0,0,1,1,1,8.791355061377182e-6,0,0,0
TUR.39.3_1,2058,2,albopictus,3.5801627833177063,82.94673081502003,6.79543616022997e-5,0,0,0,0,0,0,1,1,1,7.280797952202711e-6,0,0,0
TUR.39.3_1,2058,3,albopictus,4.7560254591791065,72.46809861519516,8.341964519607165e-5,0,0,0,0,0,0,1,1,1,8.072836304440223e-6,0,0,0
TUR.39.3_1,2058,4,albopictus,12.007171967450311,65.02166037708527,1.1030713771772579e-4,3.744387595601606e-5,3.627653990313378e-5,3.849583255507504e-5,0,0,0,1,1,1,1.1030652933619045e-5,0,0,0
TUR.39.3_1,2058,5,albopictus,13.962351742912741,69.4338090267315,1.541802114777376e-4,0.0016211051994863258,0.0016039555797436095,0.0016376538829195482,0,0,0,1,1,1,1.4920554314290513e-5,0,0,0
TUR.39.3_1,2058,6,albopictus,21.922750753514904,42.735564899377884,1.7341740600229573e-4,0.04289202577939555,0.042680210613457004,0.043103833604242664,0,0,0,1,1,1,1.734159023314419e-5,0,0,0
TUR.39.3_1,2058,7,albopictus,26.373733296113855,28.771094528846362,2.036500020308082e-4,0.04852846810642304,0.048225262219060594,0.04882561496383763,0,0,0,1,1,1,1.9707870509977354e-5,0,0,0
TUR.39.3_1,2058,8,albopictus,26.35104465484619,38.44609626185079,2.4182154036507278e-4,0.0599504211462289,0.05958607485031189,0.060307804158907546,4.68292071786891e-16,4.440892098500626e-16,5.551115123125783e-16,0.9999999999999996,0.9999999999999994,0.9999999999999996,2.3401810724799077e-5,1.0958882427880846e-20,1.0392491633836743e-20,1.2990614542295929e-20
TUR.39.3_1,2058,9,albopictus,19.37964708664838,55.263922136224366,1.9274344516462456e-4,0.028620165243300317,0.028490627768276634,0.028748390648307025,0,0,0,1,1,1,1.9274158767457195e-5,0,0,0
TUR.39.3_1,2058,10,albopictus,15.05954488585977,75.69483034939205,1.899406211873451e-4,0.004774750945449944,0.004738660671747519,0.004810929256852636,0,0,0,1,1,1,1.8381181501547772e-5,0,0,0
TUR.39.3_1,2058,11,albopictus,8.799193636897733,81.48279750058623,1.1017498138562612e-4,0,0,0,0,0,0,1,1,1,1.1017437446136924e-5,0,0,0
TUR.39.3_1,2058,12,albopictus,1.2607093424919773,75.42766551988409,9.062065205844715e-5,0,0,0,0,0,0,1,1,1,8.769702067756846e-6,0,0,0
TUR.39.3_1,2059,1,albopictus,-1.105582438299761,82.89332262981453,8.712224584566675e-5,0,0,0,0,0,0,1,1,1,8.431149539522842e-6,0,0,0
TUR.39.3_1,2059,2,albopictus,1.2534052628804657,74.45046921834034,6.517007643775967e-5,0,0,0,0,0,0,1,1,1,6.982483812145723e-6,0,0,0
TUR.39.3_1,2059,3,albopictus,5.333993579754058,68.51431748726547,8.000170299083203e-5,0,0,0,0,0,0,1,1,1,7.742070319505245e-6,0,0,0
TUR.39.3_1,2059,4,albopictus,12.985699990216425,63.130287696421206,1.0578753780024316e-4,3.8504353499051625e-4,3.785893053855292e-4,3.916630503325468e-4,0,0,0,1,1,1,1.0578697825169847e-5,0,0,0
TUR.39.3_1,2059,5,albopictus,19.149256650139304,42.898740514768605,1.478630058508867e-4,0.02223171484920122,0.022097995054561177,0.022351035584164656,0,0,0,1,1,1,1.4309220768948805e-5,0,0,0
TUR.39.3_1,2059,6,albopictus,21.634582800023693,46.51094026558882,1.663119973218194e-4,0.04328986617859976,0.04308050225913952,0.043481824329899305,0,0,0,1,1,1,1.6631061434568828e-5,0,0,0
TUR.39.3_1,2059,7,albopictus,20.462558521943933,67.25440904300652,1.953058771498861e-4,0.04601151746603275,0.0458391671894125,0.046174023433097774,0,0,0,1,1,1,1.890039014185163e-5,0,0,0
TUR.39.3_1,2059,8,albopictus,24.81008815765381,45.177774270883994,2.319134180396045e-4,0.06411379066963967,0.06380996906409206,0.06441997504920223,3.198996623154926e-15,2.7755575615628914e-15,3.6637359812630166e-15,0.9999999999999968,0.9999999999999963,0.9999999999999972,2.244298215636764e-5,7.179502413174634e-20,6.229178882812725e-20,8.222516125312797e-20
TUR.39.3_1,2059,9,albopictus,19.578369926003848,53.60506288329468,1.848461932108068e-4,0.029620404939412665,0.029479695154109694,0.029756869695863244,0,0,0,1,1,1,1.848444848151498e-5,0,0,0
TUR.39.3_1,2059,10,albopictus,16.05041631530313,42.76643984646236,1.8215820897353444e-4,0.00583906224086881,0.005789695063148737,0.005889742182140418,0,0,0,1,1,1,1.7628058395557922e-5,0,0,0
TUR.39.3_1,2059,11,albopictus,7.2707321805989045,73.26407038876982,1.0566079629224293e-4,0,0,0,0,0,0,1,1,1,1.0566023808444847e-5,0,0,0
TUR.39.3_1,2059,12,albopictus,4.908521634471767,84.19391613023565,8.690766394145276e-5,0,0,0,0,0,0,1,1,1,8.410383723678194e-6,0,0,0
TUR.39.3_1,2060,1,albopictus,3.245902575662031,82.00755755413094,9.016521156997092e-5,0,0,0,0,0,0,1,1,1,8.725627567263139e-6,0,0,0
TUR.39.3_1,2060,2,albopictus,1.451445837669513,69.27051468953175,6.985510356213341e-5,0,0,0,0,0,0,1,1,1,7.226363913370726e-6,0,0,0
TUR.39.3_1,2060,3,albopictus,5.20065226734561,72.31052872994125,8.279596566994513e-5,0,0,0,0,0,0,1,1,1,8.012480706698355e-6,0,0,0
TUR.39.3_1,2060,4,albopictus,10.095120766583612,62.75524954944855,1.094824362553968e-4,0,0,0,0,0,0,1,1,1,1.0948183693737512e-5,0,0,0
TUR.39.3_1,2060,5,albopictus,16.411550465752097,49.21880124474907,1.5302749689825808e-4,0.007870771803813088,0.007814178785166935,0.00792657012364252,0,0,0,1,1,1,1.4809002948701355e-5,0,0,0
TUR.39.3_1,2060,6,albopictus,22.968210500829358,39.192447376184525,1.7212086625625162e-4,0.04743426419195163,0.04720956610320837,0.04766174365502935,0,0,0,1,1,1,1.7211938498462587e-5,0,0,0
TUR.39.3_1,2060,7,albopictus,24.437198414522058,41.78894349735222,2.0212743098098286e-4,0.05833679810191543,0.05806268963270266,0.05860791631728823,2.221556272274938e-16,2.220446049250313e-16,2.220446049250313e-16,0.9999999999999998,0.9999999999999998,0.9999999999999998,1.9560527817596984e-5,4.345481326219099e-21,4.343309671383407e-21,4.343309671383407e-21
TUR.39.3_1,2060,8,albopictus,26.691821098327637,34.64531501185079,2.4001358321843684e-4,0.05527843543228713,0.05493317329685677,0.05559652541409249,1.9984014443252816e-18,0,0,1,1,1,2.3226851209146027e-5,4.6416573003485836e-23,0,0
TUR.39.3_1,2060,9,albopictus,21.847830604104434,35.6639427355896,1.9130241601301738e-4,0.037602660873941526,0.03740780712122173,0.03778871427723282,0,0,0,1,1,1,1.9130058619420964e-5,0,0,0
TUR.39.3_1,2060,10,albopictus,13.215714777217192,49.79826968044674,1.8852054709885116e-4,4.403255818392179e-4,4.3282709757286645e-4,4.4817118192984356e-4,0,0,0,1,1,1,1.82437574933747e-5,0,0,0
TUR.39.3_1,2060,11,albopictus,9.796418444636991,77.21489894101592,1.0935126797830966e-4,0,0,0,0,0,0,1,1,1,1.0935067009554267e-5,0,0,0
TUR.39.3_1,2060,12,albopictus,3.8331885160330463,81.70582561509893,8.994313484772002e-5,0,0,0,0,0,0,1,1,1,8.70413645892576e-6,0,0,0
TUR.39.3_1,2061,1,albopictus,0.6085425988935373,62.08404223430672,8.413451907438958e-5,0,0,0,0,0,0,1,1,1,8.142017086654185e-6,0,0,0
TUR.39.3_1,2061,2,albopictus,-0.20311627799973764,75.64863511189503,6.29351663964805e-5,0,0,0,0,0,0,1,1,1,6.743030808165074e-6,0,0,0
TUR.39.3_1,2061,3,albopictus,5.43185630024356,78.87737748482407,7.725816455867438e-5,0,0,0,0,0,0,1,1,1,7.476568620545798e-6,0,0,0
TUR.39.3_1,2061,4,albopictus,11.130277970257929,55.00423102527863,1.0215971283217272e-4,1.0342519464424847e-7,9.372586593800687e-8,1.131363302374841e-7,0,0,0,1,1,1,1.0215919100331483e-5,0,0,0
TUR.39.3_1,2061,5,albopictus,16.25013059728286,45.253144964231495,1.4279226580310615e-4,0.006799104301435245,0.006747849035421825,0.006851225600936597,0,0,0,1,1,1,1.3818510891550062e-5,0,0,0
TUR.39.3_1,2061,6,albopictus,21.83852033054127,39.91502351754195,1.6060857677796425e-4,0.04031270726186914,0.04011332777274445,0.04051273669628958,0,0,0,1,1,1,1.606072870286024e-5,0,0,0
TUR.39.3_1,2061,7,albopictus,25.010358586030847,45.39962693851433,1.8860815497704215e-4,0.0653341266091434,0.06502199436086072,0.06564007391370369,5.47595302435866e-15,4.773959005888173e-15,6.217248937900877e-15,0.9999999999999946,0.9999999999999938,0.9999999999999952,1.825223552043287e-5,9.994838429942092e-20,8.71354241403625e-20,1.134786919037279e-19
TUR.39.3_1,2061,8,albopictus,27.400370597839355,35.71249564539571,2.239602951492379e-4,0.056006748439996895,0.055646341292262265,0.05636726085064976,1.0846878950587779e-16,1.1102230246251565e-16,1.1102230246251565e-16,0.9999999999999999,0.9999999999999999,0.9999999999999999,2.1673342079697733e-5,2.350881179931617e-21,2.4062243397457697e-21,2.4062243397457697e-21
TUR.39.3_1,2061,9,albopictus,19.06712801316205,66.54387132445679,1.7850717021313385e-4,0.030493650809474984,0.030360195622448974,0.03062274952324993,0,0,0,1,1,1,1.785055769820687e-5,0,0,0
TUR.39.3_1,2061,10,albopictus,12.867227876887602,46.08804552883541,1.7591136636433191e-4,2.230990145260637e-4,2.1860369171991694e-4,2.277314294251967e-4,0,0,0,1,1,1,1.7023535713867055e-5,0,0,0
TUR.39.3_1,2061,11,albopictus,9.690350787166288,77.11110865781279,1.0203731773412563e-4,0,0,0,0,0,0,1,1,1,1.020367971549252e-5,0,0,0
TUR.39.3_1,2061,12,albopictus,4.695873481166713,78.95947246568487,8.392729593478995e-5,0,0,0,0,0,0,1,1,1,8.121963397500487e-6,0,0,0
TUR.39.3_1,2062,1,albopictus,0.6001699344419382,81.092777891045,9.074240506872264e-5,0,0,0,0,0,0,1,1,1,8.781484513664672e-6,0,0,0
TUR.39.3_1,2062,2,albopictus,3.8385811049272034,70.55318375691456,6.787806509201621e-5,0,0,0,0,0,0,1,1,1,7.272623385623511e-6,0,0,0
TUR.39.3_1,2062,3,albopictus,5.779544498333159,73.32382676460922,8.332598486776488e-5,0,0,0,0,0,0,1,1,1,8.06377247486445e-6,0,0,0
TUR.39.3_1,2062,4,albopictus,11.563617089215448,48.660587836802065,1.1018328916012356e-4,3.100296424089293e-6,2.9457507763285357e-6,3.251525982799479e-6,0,0,0,1,1,1,1.1018268214479932e-5,0,0,0
TUR.39.3_1,2062,5,albopictus,15.823498669792624,55.943731054319386,1.540071039418392e-4,0.006140404998522761,0.006094076875734442,0.006185055431866813,0,0,0,1,1,1,1.4903802221910567e-5,0,0,0
TUR.39.3_1,2062,6,albopictus,19.300854963414807,52.33150453560835,1.732226996937025e-4,0.02677261327705349,0.026652994603864954,0.026904907198860423,0,0,0,1,1,1,1.7322119939766623e-5,0,0,0
TUR.39.3_1,2062,7,albopictus,24.537732853608972,41.74471971195183,2.0342135174099878e-4,0.058780812101279244,0.05850199320688532,0.059075938742397166,2.5501822875639847e-16,2.220446049250313e-16,3.3306690738754696e-16,0.9999999999999998,0.9999999999999997,0.9999999999999998,1.9685743498421004e-5,5.020223438720111e-21,4.3711131377623956e-21,6.5566697066435934e-21
TUR.39.3_1,2062,8,albopictus,25.488947868347168,38.298379739633994,2.4155003255885992e-4,0.058278179582673346,0.057958418657965874,0.05859466501789037,2.219335826225688e-16,2.220446049250313e-16,2.220446049250313e-16,0.9999999999999998,0.9999999999999998,0.9999999999999998,2.33755363903132e-5,5.1878165368264385e-21,5.190411742697787e-21,5.190411742697787e-21
TUR.39.3_1,2062,9,albopictus,19.672573874978458,60.32276384154663,1.9252704033203788e-4,0.03357592629510865,0.033420326826039924,0.03372118487197375,0,0,0,1,1,1,1.9252518701051713e-5,0,0,0
TUR.39.3_1,2062,10,albopictus,14.098779047236723,68.00204317898189,1.8972736325634592e-4,0.0018324855786961912,0.001813349840350894,0.001851565423830561,0,0,0,1,1,1,1.836054401638254e-5,0,0,0
TUR.39.3_1,2062,11,albopictus,8.58916212749832,78.19657313535185,1.1005128120800589e-4,0,0,0,0,0,0,1,1,1,1.1005067564573423e-5,0,0,0
TUR.39.3_1,2062,12,albopictus,4.950824242961757,80.90559368150518,9.051890672012524e-5,0,0,0,0,0,0,1,1,1,8.759855830930974e-6,0,0,0
TUR.39.3_1,2063,1,albopictus,4.756161250283613,80.27681414592782,9.926478227357554e-5,0,0,0,0,0,0,1,1,1,9.606223112190726e-6,0,0,0
TUR.39.3_1,2063,2,albopictus,4.421740790062091,74.27089615925831,7.4253061150492e-5,0,0,0,0,0,0,1,1,1,7.955653476887647e-6,0,0,0
TUR.39.3_1,2063,3,albopictus,6.324669982799712,74.55773637154282,9.115182410435052e-5,0,0,0,0,0,0,1,1,1,8.82110536193359e-6,0,0,0
TUR.39.3_1,2063,4,albopictus,14.431875565472772,42.864262153208315,1.205315221740358e-4,0.0017290391229650385,0.001708310076045926,0.001748854575261584,0,0,0,1,1,1,1.2053079578411285e-5,0,0,0
TUR.39.3_1,2063,5,albopictus,16.26756185643813,40.08209393884087,1.6847119744944824e-4,0.006368251230663566,0.00632137874307008,0.006417963293392276,0,0,0,1,1,1,1.63035313652804e-5,0,0,0
TUR.39.3_1,2063,6,albopictus,21.155737203710217,39.691558551721634,1.894914903006371e-4,0.03524990649442937,0.03507687431495683,0.035419640971287844,0,0,0,1,1,1,1.894896949605762e-5,0,0,0
TUR.39.3_1,2063,7,albopictus,26.936361088472253,28.268065659217456,2.2252635000222964e-4,0.047675683971311604,0.047360041358106085,0.04802161291517622,0,0,0,1,1,1,2.1534576192472343e-5,0,0,0
TUR.39.3_1,2063,8,albopictus,26.55073642730713,36.693136056772666,2.642360137134487e-4,0.05781957544897385,0.05750258510640093,0.05815716693076828,1.6697754290362354e-16,1.1102230246251565e-16,2.220446049250313e-16,0.9999999999999998,0.9999999999999998,0.9999999999999999,2.5570900192506407e-5,4.269766083978514e-21,2.838940215411246e-21,5.677880430822492e-21
TUR.39.3_1,2063,9,albopictus,21.856932471780215,32.49775926390991,2.1060886281184678e-4,0.035691724901656244,0.03550004331270962,0.035873241351343295,0,0,0,1,1,1,2.1060664502248194e-5,0,0,0
TUR.39.3_1,2063,10,albopictus,14.23602136443643,44.229170254177205,2.0754624467709035e-4,0.0014551859582206004,0.0014370882508519067,0.0014727688033529822,0,0,0,1,1,1,2.0084918747942382e-5,0,0,0
TUR.39.3_1,2063,11,albopictus,8.358047263148954,79.28714167783232,1.2038711625251083e-4,0,0,0,0,0,0,1,1,1,1.2038639160216746e-5,0,0,0
TUR.39.3_1,2063,12,albopictus,5.0691859544638325,80.27982311265752,9.902029332824482e-5,0,0,0,0,0,0,1,1,1,9.582563118670784e-6,0,0,0
TUR.39.3_1,2064,1,albopictus,3.0276431218885325,79.87252490032235,8.988311045375024e-5,0,0,0,0,0,0,1,1,1,8.698327697120867e-6,0,0,0
TUR.39.3_1,2064,2,albopictus,-0.7916425269316224,69.81671067341847,6.963654695537277e-5,0,0,0,0,0,0,1,1,1,7.203754772366899e-6,0,0,0
TUR.39.3_1,2064,3,albopictus,6.814259673961821,73.31712052681625,8.253692081298348e-5,0,0,0,0,0,0,1,1,1,7.987412050103337e-6,0,0,0
TUR.39.3_1,2064,4,albopictus,11.083588936749628,65.68386130481964,1.0913989707718794e-4,9.487502252857432e-8,8.621598928603787e-8,1.0395930174309161e-7,0,0,0,1,1,1,1.0913930150402429e-5,0,0,0
TUR.39.3_1,2064,5,albopictus,17.560059491325827,56.64551709557915,1.5254871770020834e-4,0.015182710515554552,0.015097574013046641,0.01527131149959998,0,0,0,1,1,1,1.4762670162982161e-5,0,0,0
TUR.39.3_1,2064,6,albopictus,20.24460057651295,54.192413043909134,1.7158234937540256e-4,0.035824898918805734,0.0356633127858291,0.035989302179129594,0,0,0,1,1,1,1.7158087735835714e-5,0,0,0
TUR.39.3_1,2064,7,albopictus,23.644614948945886,49.596949783973315,2.014950321554746e-4,0.06214717119977341,0.061886783418661474,0.062395519200120084,1.315503261878348e-15,1.1102230246251565e-15,1.4432899320127035e-15,0.9999999999999987,0.9999999999999986,0.9999999999999989,1.9499329126482223e-5,2.5651431070326842e-20,2.1648604160964506e-20,2.814318540925386e-20
TUR.39.3_1,2064,8,albopictus,27.104331016540527,33.07237990748067,2.3926264947630833e-4,0.05307412884014876,0.05271132667029283,0.053409705580546245,0,0,0,1,1,1,2.315418188714169e-5,0,0,0
TUR.39.3_1,2064,9,albopictus,20.42666513779584,51.5987571887146,1.9070388555816336e-4,0.03605576847652717,0.03589346779896455,0.03622161492113668,0,0,0,1,1,1,1.9070206717097804e-5,0,0,0
TUR.39.3_1,2064,10,albopictus,15.439786279902739,66.27046053738033,1.8793072031487196e-4,0.005514466877139726,0.0054735135420722995,0.005554064148587181,0,0,0,1,1,1,1.8186678521825428e-5,0,0,0
TUR.39.3_1,2064,11,albopictus,8.872543589595487,76.45295130917998,1.0900913918806236e-4,0,0,0,0,0,0,1,1,1,1.0900854504058977e-5,0,0,0
TUR.39.3_1,2064,12,albopictus,2.568983060253017,76.00962047593877,8.96617285459421e-5,0,0,0,0,0,0,1,1,1,8.676903827664617e-6,0,0,0
TUR.39.3_1,2065,1,albopictus,2.6683345214628122,83.82110278118172,9.346724803736355e-5,0,0,0,0,0,0,1,1,1,9.045176644129072e-6,0,0,0
TUR.39.3_1,2065,2,albopictus,5.391113539390704,73.17478867634816,6.991633009337753e-5,0,0,0,0,0,0,1,1,1,7.491007309456954e-6,0,0,0
TUR.39.3_1,2065,3,albopictus,6.087661411174956,72.45496842720688,8.582812511630748e-5,0,0,0,0,0,0,1,1,1,8.305913097639284e-6,0,0,0
TUR.39.3_1,2065,4,albopictus,10.016270020428827,71.65623526722199,1.1349190942980136e-4,0,0,0,0,0,0,1,1,1,1.134912654110476e-5,0,0,0
TUR.39.3_1,2065,5,albopictus,14.587486210991354,64.48679517175103,1.5863168022432647e-4,0.002774800185134972,0.00274850189075972,0.002801004438007003,0,0,0,1,1,1,1.535133509200648e-5,0,0,0
TUR.39.3_1,2065,6,albopictus,21.106684011571545,55.25459260933882,1.7842428824441277e-4,0.044669572046316997,0.04448195623288876,0.04485507312710202,0,0,0,1,1,1,1.784226964929303e-5,0,0,0
TUR.39.3_1,2065,7,albopictus,26.500993504243738,30.300555435828784,2.0952975540897633e-4,0.05019686227559659,0.049878569726322645,0.05051838075660727,0,0,0,1,1,1,2.0276867525592657e-5,0,0,0
TUR.39.3_1,2065,8,albopictus,26.09110927581787,35.023004373423056,2.4880337687229885e-4,0.055465142568317735,0.055146876662402373,0.05579094417845388,1.5987211554602253e-17,0,1.1102230246251565e-16,1,0.9999999999999999,1,2.4077456282300957e-5,3.849313872818325e-22,0,2.6731346339016146e-21
TUR.39.3_1,2065,9,albopictus,21.890374015359317,40.11837617675171,1.9830830601179027e-4,0.0408246410798959,0.040631121087567876,0.0410267502714701,0,0,0,1,1,1,1.98306339715959e-5,0,0,0
TUR.39.3_1,2065,10,albopictus,12.125799501643462,72.89539950222408,1.9542455930637685e-4,6.644423152798738e-5,6.484391136750405e-5,6.818409492868965e-5,0,0,0,1,1,1,1.8911875294680414e-5,0,0,0
TUR.39.3_1,2065,11,albopictus,8.314047591212919,77.8107699126956,1.1335593749921234e-4,0,0,0,0,0,0,1,1,1,1.1335529502276565e-5,0,0,0
TUR.39.3_1,2065,12,albopictus,5.543576461208217,87.217315483263,9.323703840639252e-5,0,0,0,0,0,0,1,1,1,9.022898494026599e-6,0,0,0
TUR.39.3_1,2066,1,albopictus,4.5269260780118845,70.36125628459969,9.122857088681806e-5,0,0,0,0,0,0,1,1,1,8.828532404470124e-6,0,0,0
TUR.39.3_1,2066,2,albopictus,3.3066761690904114,65.00424882039113,6.82417318365906e-5,0,0,0,0,0,0,1,1,1,7.31158739553095e-6,0,0,0
TUR.39.3_1,2066,3,albopictus,4.996766712078276,72.32261369087875,8.377241612083959e-5,0,0,0,0,0,0,1,1,1,8.106975149968498e-6,0,0,0
TUR.39.3_1,2066,4,albopictus,8.988985875073602,78.57563834339386,1.1077361238193375e-4,0,0,0,0,0,0,1,1,1,1.1077299884476588e-5,0,0,0
TUR.39.3_1,2066,5,albopictus,14.374454442192526,63.792329534543995,1.5483221971459928e-4,0.002261283135489368,0.0022387734120588735,0.0022841857413310497,0,0,0,1,1,1,1.498365094221299e-5,0,0,0
TUR.39.3_1,2066,6,albopictus,21.249052328221936,42.25041551583296,1.7415076585467217e-4,0.037454837608294864,0.03726989027250616,0.03763792161649478,0,0,0,1,1,1,1.741492494389263e-5,0,0,0
TUR.39.3_1,2066,7,albopictus,24.632629170137292,40.93443605106316,2.0451121163409222e-4,0.058306706460260926,0.05799870617280419,0.058598032926127995,2.2182256032010628e-16,2.220446049250313e-16,2.220446049250313e-16,0.9999999999999998,0.9999999999999998,0.9999999999999998,1.9791211728903413e-5,4.390137257542672e-21,4.394531789332004e-21,4.394531789332004e-21
TUR.39.3_1,2066,8,albopictus,25.214953422546387,48.76086600672384,2.4284417248275782e-4,0.07072736802268173,0.07040453780332283,0.07106160319000354,5.2425841445824515e-14,4.596323321948148e-14,5.984102102729594e-14,0.9999999999999476,0.9999999999999402,0.999999999999954,2.3500772802442782e-5,1.2320477887952104e-18,1.080171501156725e-18,1.406310239428683e-18
TUR.39.3_1,2066,9,albopictus,20.189303229836856,53.86710206786499,1.9355853234503473e-4,0.03515536630415279,0.035008131840549614,0.03531104849245164,0,0,0,1,1,1,1.9355665911158226e-5,0,0,0
TUR.39.3_1,2066,10,albopictus,13.461046541438384,69.14514010281002,1.9074385558650567e-4,8.805811551010371e-4,8.692613521062103e-4,8.922521221504737e-4,0,0,0,1,1,1,1.845891243090758e-5,0,0,0
TUR.39.3_1,2066,11,albopictus,9.757081286433866,79.78676783750029,1.1064089717774373e-4,0,0,0,0,0,0,1,1,1,1.106402851092092e-5,0,0,0
TUR.39.3_1,2066,12,albopictus,4.196112138164394,80.68688182847784,9.100387511285589e-5,0,0,0,0,0,0,1,1,1,8.806787843873565e-6,0,0,0
TUR.39.3_1,2067,1,albopictus,5.381303586175337,82.65573565471688,9.461785290416894e-5,0,0,0,0,0,0,1,1,1,9.156524488851403e-6,0,0,0
TUR.39.3_1,2067,2,albopictus,3.2032435137559387,78.59918137654347,7.077701735403652e-5,0,0,0,0,0,0,1,1,1,7.58322310656645e-6,0,0,0
TUR.39.3_1,2067,3,albopictus,7.198743011364165,71.80935380318344,8.688469049660121e-5,0,0,0,0,0,0,1,1,1,8.408160505735118e-6,0,0,0
TUR.39.3_1,2067,4,albopictus,8.896150925580194,56.789494086802065,1.1488902281523843e-4,0,0,0,0,0,0,1,1,1,1.1488836284323511e-5,0,0,0
TUR.39.3_1,2067,5,albopictus,13.892891827751608,65.87553571130181,1.6058447531702743e-4,0.0014212421120934566,0.0014050669678931846,0.0014369985021171507,0,0,0,1,1,1,1.5540312343298446e-5,0,0,0
TUR.39.3_1,2067,6,albopictus,22.138847631566662,35.34474534981734,1.8062073522152116e-4,0.03926877833250134,0.03905722529254787,0.03948745725859184,0,0,0,1,1,1,1.8061910403877057e-5,0,0,0
TUR.39.3_1,2067,7,albopictus,25.24329735251034,29.273444382361987,2.1210911835563905e-4,0.047891748863956946,0.0475872394725822,0.04815938696774444,0,0,0,1,1,1,2.052647820205422e-5,0,0,0
TUR.39.3_1,2067,8,albopictus,26.66023540496826,30.904739221445517,2.5186620778171474e-4,0.05085069508738925,0.05052348758805094,0.05115839429138734,0,0,0,1,1,1,2.4373852092973713e-5,0,0,0
TUR.39.3_1,2067,9,albopictus,22.711937736062442,30.74562684813843,2.007495301498315e-4,0.0394411007417029,0.03921023119225848,0.039653209636650484,0,0,0,1,1,1,2.0074751514442823e-5,0,0,0
TUR.39.3_1,2067,10,albopictus,16.531723345027252,50.04701845974361,1.97830283811514e-4,0.008496846510355554,0.008434150751249129,0.008555290045754897,0,0,0,1,1,1,1.9144682913529998e-5,0,0,0
TUR.39.3_1,2067,11,albopictus,9.3469851179158,75.13247859189482,1.1475137703666124e-4,0,0,0,0,0,0,1,1,1,1.1475071864497366e-5,0,0,0
TUR.39.3_1,2067,12,albopictus,4.471730214488857,78.92366008775518,9.438480933588463e-5,0,0,0,0,0,0,1,1,1,9.133972091679432e-6,0,0,0
TUR.39.3_1,2068,1,albopictus,1.7891236619256876,80.76733080852547,9.079215426469441e-5,0,0,0,0,0,0,1,1,1,8.786298909768675e-6,0,0,0
TUR.39.3_1,2068,2,albopictus,4.918709536247394,83.78784104451222,7.034082467457649e-5,0,0,0,0,0,0,1,1,1,7.276610560658092e-6,0,0,0
TUR.39.3_1,2068,3,albopictus,5.498428489574614,74.13030717232407,8.337166803813695e-5,0,0,0,0,0,0,1,1,1,8.068193391164158e-6,0,0,0
TUR.39.3_1,2068,4,albopictus,9.802583077374628,68.0052114024759,1.1024369675061103e-4,0,0,0,0,0,0,1,1,1,1.1024308906870672e-5,0,0,0
TUR.39.3_1,2068,5,albopictus,15.151178303886862,70.39827130700493,1.5409153778056368e-4,0.00475241047211545,0.004716375232916233,0.004789345161933886,0,0,0,1,1,1,1.491197311676018e-5,0,0,0
TUR.39.3_1,2068,6,albopictus,21.296375555150647,44.8010479926396,1.733176684134239e-4,0.03940437638029972,0.039222631417060824,0.039598648804402746,0,0,0,1,1,1,1.7331616647187076e-5,0,0,0
TUR.39.3_1,2068,7,albopictus,25.474950566011316,37.158297745399096,2.0353287676267898e-4,0.056903837378475854,0.05659448964136799,0.05720993207409473,1.1102230246251565e-16,1.1102230246251565e-16,1.1102230246251565e-16,0.9999999999999999,0.9999999999999999,0.9999999999999999,1.9696536029956135e-5,2.1867547805816274e-21,2.1867547805816274e-21,2.1867547805816274e-21
TUR.39.3_1,2068,8,albopictus,24.426899909973145,40.16677268396993,2.4168246149214258e-4,0.05651139106035893,0.056221904414277706,0.05679540591416755,1.1102230246251565e-16,1.1102230246251565e-16,1.1102230246251565e-16,0.9999999999999999,0.9999999999999999,0.9999999999999999,2.3388351793940387e-5,2.5966286669665703e-21,2.5966286669665703e-21,2.5966286669665703e-21
TUR.39.3_1,2068,9,albopictus,22.366648505715762,37.28990403930054,1.9263259258681982e-4,0.04208720579980057,0.041865541574376684,0.042281540722982985,0,0,0,1,1,1,1.926307372324132e-5,0,0,0
TUR.39.3_1,2068,10,albopictus,12.04766687224893,61.17394869656002,1.898313805982788e-4,3.9043071055557284e-5,3.788997986964677e-5,4.020536950685901e-5,0,0,0,1,1,1,1.837061002585294e-5,0,0,0
TUR.39.3_1,2068,11,albopictus,8.788262621883085,77.22155177304717,1.101116164256102e-4,0,0,0,0,0,0,1,1,1,1.1011101019975378e-5,0,0,0
TUR.39.3_1,2068,12,albopictus,5.454644423854702,83.11052684800909,9.056853338393426e-5,0,0,0,0,0,0,1,1,1,8.764658369297962e-6,0,0,0
TUR.39.3_1,2069,1,albopictus,4.555774249246015,85.97359148967782,9.609853681022695e-5,0,0,0,0,0,0,1,1,1,9.29981515740419e-6,0,0,0
TUR.39.3_1,2069,2,albopictus,2.4026547867585633,74.6790458784966,7.188461372510461e-5,0,0,0,0,0,0,1,1,1,7.701893239397961e-6,0,0,0
TUR.39.3_1,2069,3,albopictus,8.301117565044585,62.4465989814061,8.824435739827408e-5,0,0,0,0,0,0,1,1,1,8.539740058655099e-6,0,0,0
TUR.39.3_1,2069,4,albopictus,10.245132782879999,69.95054679065949,1.1668693221440383e-4,0,0,0,0,0,0,1,1,1,1.1668625142458033e-5,0,0,0
TUR.39.3_1,2069,5,albopictus,12.821155491997214,65.76513837243462,1.6309747725975295e-4,3.005189692377495e-4,2.9475549788053883e-4,3.0560513386751324e-4,0,0,0,1,1,1,1.5783502270827476e-5,0,0,0
TUR.39.3_1,2069,6,albopictus,22.009880346410412,43.26124544137007,1.8344728652800395e-4,0.04393303509264685,0.0437272871748811,0.0441459748661526,0,0,0,1,1,1,1.8344560389293996e-5,0,0,0
TUR.39.3_1,2069,7,albopictus,26.541436924653894,33.34579393070183,2.1542843440686506e-4,0.053711050464812046,0.053382861264416916,0.054058254750708516,0,0,0,1,1,1,2.0847695690884294e-5,0,0,0
TUR.39.3_1,2069,8,albopictus,26.206686973571777,39.81736548792501,2.558076863599696e-4,0.061574198359312216,0.06122073810221146,0.061901198748641285,1.0107470416187424e-15,8.881784197001252e-16,1.2212453270876722e-15,0.999999999999999,0.9999999999999988,0.9999999999999991,2.4755276134103e-5,2.5021322116999667e-20,2.1987102036027827e-20,3.023226529953826e-20
TUR.39.3_1,2069,9,albopictus,23.165247748879825,41.49903337279663,2.038910789095843e-4,0.05071453142584779,0.05047943301009414,0.050957650143553176,0,0,0,1,1,1,2.03889000345292e-5,0,0,0
TUR.39.3_1,2069,10,albopictus,14.880514467463774,52.49758379787838,2.00926149003755e-4,0.002980507724229628,0.0029505587608372494,0.003010494175826988,0,0,0,1,1,1,1.9444276990188136e-5,0,0,0
TUR.39.3_1,2069,11,albopictus,9.48038126659744,70.73973262021514,1.1654713240376167e-4,0,0,0,0,0,0,1,1,1,1.1654645324488122e-5,0,0,0
TUR.39.3_1,2069,12,albopictus,5.4857909501913715,77.1661680223255,9.586184632066536e-5,0,0,0,0,0,0,1,1,1,9.276909838984437e-6,0,0,0
TUR.39.3_1,2070,1,albopictus,4.862348593881025,83.39820544231453,8.982379931202298e-5,0,0,0,0,0,0,1,1,1,8.69258795910266e-6,0,0,0
TUR.39.3_1,2070,2,albopictus,1.248076548032901,74.32901688679738,6.71909201866113e-5,0,0,0,0,0,0,1,1,1,7.199001249902359e-6,0,0,0
TUR.39.3_1,2070,3,albopictus,7.070691730388823,76.51222703316391,8.248245719925941e-5,0,0,0,0,0,0,1,1,1,7.982141419837774e-6,0,0,0
TUR.39.3_1,2070,4,albopictus,10.884471276227167,61.255150367319644,1.0906787896532059e-4,2.745939168084663e-9,2.2929198136506973e-9,3.2927072281603174e-9,0,0,0,1,1,1,1.0906728417747757e-5,0,0,0
TUR.39.3_1,2070,5,albopictus,13.048664990593405,74.51555798913384,1.5244805542261077e-4,5.244565701326525e-4,5.161070768738843e-4,5.330045741252014e-4,0,0,0,1,1,1,1.4752928796046838e-5,0,0,0
TUR.39.3_1,2070,6,albopictus,20.437658590428967,48.89192171090132,1.7146912738085515e-4,0.034684491625788,0.03451391028628797,0.03484343020868123,0,0,0,1,1,1,1.7146765730613467e-5,0,0,0
TUR.39.3_1,2070,7,albopictus,25.865737690645105,34.764315811805346,2.013620716877162e-4,0.05488284399939877,0.05456462836418413,0.055183619784500725,0,0,0,1,1,1,1.948646223526307e-5,0,0,0
TUR.39.3_1,2070,8,albopictus,27.070630073547363,35.88895972620626,2.3910476730198784e-4,0.05663960151220936,0.056289433964929206,0.05698907629092823,1.1102230246251565e-16,1.1102230246251565e-16,1.1102230246251565e-16,0.9999999999999999,0.9999999999999999,0.9999999999999999,2.313890332061863e-5,2.5689343231126295e-21,2.5689343231126295e-21,2.5689343231126295e-21
TUR.39.3_1,2070,9,albopictus,20.72178919175092,41.06989900390015,1.9057804584114444e-4,0.032827967984178086,0.03266800338504254,0.03298814133677793,0,0,0,1,1,1,1.9057622985263478e-5,0,0,0
TUR.39.3_1,2070,10,albopictus,15.146803224787993,57.74903719753658,1.878067105255886e-4,0.003963872733529077,0.003927857719590837,0.00399949778272845,0,0,0,1,1,1,1.817467779263726e-5,0,0,0
TUR.39.3_1,2070,11,albopictus,7.381479994777371,57.683084365820605,1.0893720735936495e-4,0,0,0,0,0,0,1,1,1,1.0893661399613563e-5,0,0,0
TUR.39.3_1,2070,12,albopictus,1.450573596117251,75.10450725572393,8.96025634874294e-5,0,0,0,0,0,0,1,1,1,8.67117822644925e-6,0,0,0
TUR.39.3_1,2071,1,albopictus,2.846786476781263,79.49580065715828,9.532087164827873e-5,0,0,0,0,0,0,1,1,1,9.224557935616495e-6,0,0,0
TUR.39.3_1,2071,2,albopictus,3.629726906471393,79.39235612019581,7.130289664980184e-5,0,0,0,0,0,0,1,1,1,7.639566887984728e-6,0,0,0
TUR.39.3_1,2071,3,albopictus,8.442193176159087,60.57448289253891,8.75302511822485e-5,0,0,0,0,0,0,1,1,1,8.470633593216093e-6,0,0,0
TUR.39.3_1,2071,4,albopictus,12.076182702008417,58.0417981639505,1.157426580865162e-4,3.972314043194854e-5,3.851151523893699e-5,4.099606513400609e-5,0,0,0,1,1,1,1.1574198827135618e-5,0,0,0
TUR.39.3_1,2071,5,albopictus,15.177708569694968,58.03364728356743,1.6177763171083451e-4,0.004073393437787714,0.004034470163444139,0.004109105594803429,0,0,0,1,1,1,1.565577729001344e-5,0,0,0
TUR.39.3_1,2071,6,albopictus,19.5524704877068,53.47530336373335,1.8196276274104467e-4,0.029343205971675175,0.029201978969299575,0.02948245011569896,0,0,0,1,1,1,1.819611072284566e-5,0,0,0
TUR.39.3_1,2071,7,albopictus,24.9473035475787,34.57022782962761,2.1368510725650373e-4,0.052563618492259045,0.052282663729312416,0.05285997897932249,0,0,0,1,1,1,2.0678990114819662e-5,0,0,0
TUR.39.3_1,2071,8,albopictus,26.426337242126465,37.73643287073751,2.537375952592739e-4,0.059091235006255745,0.05875647006159359,0.059420321692214666,3.2351898937577063e-16,2.220446049250313e-16,3.3306690738754696e-16,0.9999999999999997,0.9999999999999997,0.9999999999999998,2.455494967645855e-5,7.943992503500775e-21,5.452294099863264e-21,8.178441149794896e-21
TUR.39.3_1,2071,9,albopictus,22.98122293808881,45.59205095092163,2.0224111633821717e-4,0.0531776514755568,0.05293427526842919,0.05343437436218519,0,0,0,1,1,1,2.022390712785871e-5,0,0,0
TUR.39.3_1,2071,10,albopictus,17.306035364375397,47.488779476589315,1.9930017974978807e-4,0.01194748360745719,0.011870365204169283,0.012028581762013347,0,0,0,1,1,1,1.9286928174100382e-5,0,0,0
TUR.39.3_1,2071,11,albopictus,8.337557093623808,73.06897914121123,1.15603989588025e-4,0,0,0,0,0,0,1,1,1,1.1560332137672269e-5,0,0,0
TUR.39.3_1,2071,12,albopictus,4.182797175777309,67.06249980943487,9.508609654633911e-5,0,0,0,0,0,0,1,1,1,9.201837973815685e-6,0,0,0
TUR.39.3_1,2072,1,albopictus,1.1076408402227305,76.64366595256844,9.620725482001087e-5,0,0,0,0,0,0,1,1,1,9.310336157253296e-6,0,0,0
TUR.39.3_1,2072,2,albopictus,5.1155212122727844,76.01225968464894,7.45361501610303e-5,0,0,0,0,0,0,1,1,1,7.710606496624806e-6,0,0,0
TUR.39.3_1,2072,3,albopictus,5.8234435576288135,67.7300233588475,8.834418983307947e-5,0,0,0,0,0,0,1,1,1,8.549401179447358e-6,0,0,0
TUR.39.3_1,2072,4,albopictus,9.899937012616327,73.75764517933136,1.1681894224763871e-4,0,0,0,0,0,0,1,1,1,1.1681825991649575e-5,0,0,0
TUR.39.3_1,2072,5,albopictus,15.920655194450827,56.48957990075493,1.6328199238055518e-4,0.006570572220557029,0.00652260634565924,0.006620318794353673,0,0,0,1,1,1,1.580135829082341e-5,0,0,0
TUR.39.3_1,2072,6,albopictus,25.46842984592213,22.59713335030562,1.8365482375545382e-4,0.04191019003554759,0.04162173849959257,0.0421823895477702,0,0,0,1,1,1,1.8365313731116828e-5,0,0,0
TUR.39.3_1,2072,7,albopictus,25.345128788667566,32.53861543338738,2.156721524843404e-4,0.05145691885704877,0.051152206345730186,0.05175511807813421,0,0,0,1,1,1,2.0871280819290128e-5,0,0,0
TUR.39.3_1,2072,8,albopictus,25.474207878112793,38.99421866785665,2.5609708621424e-4,0.05906123040282593,0.05872773724075394,0.05939287204413939,3.1952218648712006e-16,2.220446049250313e-16,3.3306690738754696e-16,0.9999999999999997,0.9999999999999997,0.9999999999999998,2.478328187782708e-5,7.918808413929927e-21,5.502994033307802e-21,8.254491049961703e-21
TUR.39.3_1,2072,9,albopictus,23.45743257859174,26.58736268798218,2.041217445684748e-4,0.039933342071644645,0.03969937903865257,0.040153087917756486,0,0,0,1,1,1,2.0411966129785242e-5,0,0,0
TUR.39.3_1,2072,10,albopictus,18.029756868586823,42.69335406155025,2.0115346038391028e-4,0.015059784873565966,0.014964267357481785,0.015152977658474879,0,0,0,1,1,1,1.946627443771831e-5,0,0,0
TUR.39.3_1,2072,11,albopictus,10.24267079067581,73.56398951718779,1.1667898427894662e-4,0,0,0,0,0,0,1,1,1,1.166783035821961e-5,0,0,0
TUR.39.3_1,2072,12,albopictus,1.1824668170336414,72.17982463853643,9.597029655822491e-5,0,0,0,0,0,0,1,1,1,9.28740492578406e-6,0,0,0
TUR.39.3_1,2073,1,albopictus,2.693842746426954,75.74168841350594,9.090007388333477e-5,0,0,0,0,0,0,1,1,1,8.796742651973055e-6,0,0,0
TUR.39.3_1,2073,2,albopictus,3.7723343569566223,86.26747819050831,6.799600613681349e-5,0,0,0,0,0,0,1,1,1,7.285259834177715e-6,0,0,0
TUR.39.3_1,2073,3,albopictus,5.180543090709868,69.06945512154282,8.347076733468911e-5,0,0,0,0,0,0,1,1,1,8.077783568261054e-6,0,0,0
TUR.39.3_1,2073,4,albopictus,9.618162491742304,67.27592520862824,1.103747373433493e-4,0,0,0,0,0,0,1,1,1,1.1037412821601755e-5,0,0,0
TUR.39.3_1,2073,5,albopictus,17.632044736076804,52.810735448850636,1.5427469787988795e-4,0.01483479276389545,0.014750687749020875,0.014920511040683196,0,0,0,1,1,1,1.4929698023191662e-5,0,0,0
TUR.39.3_1,2073,6,albopictus,22.751505178563733,35.44238252633101,1.7352368155222755e-4,0.04310746871006505,0.042896381275534835,0.043326008636948576,0,0,0,1,1,1,1.735221760379435e-5,0,0,0
TUR.39.3_1,2073,7,albopictus,27.68596435995663,23.554530350379565,2.0377480505063398e-4,0.04130696981905371,0.04096726996790103,0.0416555734708689,0,0,0,1,1,1,1.9719947983554142e-5,0,0,0
TUR.39.3_1,2073,8,albopictus,27.11533260345459,35.04868110071798,2.4196973608417677e-4,0.05551797362708692,0.05513054275847768,0.055866651710411906,2.964295475749168e-17,0,1.1102230246251565e-16,1,0.9999999999999999,1,2.3416151910260474e-5,6.941239316704036e-22,0,2.599715099889152e-21
TUR.39.3_1,2073,9,albopictus,22.252692054299747,38.12677995482788,1.928615643090797e-4,0.04194389130895491,0.041724929740603676,0.04215413385264604,0,0,0,1,1,1,1.9285970454197e-5,0,0,0
TUR.39.3_1,2073,10,albopictus,12.654972398982329,70.55563967556392,1.9005702267457995e-4,2.3736524467771598e-4,2.328991833822008e-4,2.41658444690864e-4,0,0,0,1,1,1,1.8392445954473757e-5,0,0,0
TUR.39.3_1,2073,11,albopictus,7.978385226253201,79.05716120908232,1.1024250002176194e-4,0,0,0,0,0,0,1,1,1,1.1024189235375736e-5,0,0,0
TUR.39.3_1,2073,12,albopictus,3.746896010768764,80.90577678697393,9.067618719678594e-5,0,0,0,0,0,0,1,1,1,8.775076388856107e-6,0,0,0
TUR.39.3_1,2074,1,albopictus,1.0344853774808787,76.66613451946297,9.433401468817053e-5,0,0,0,0,0,0,1,1,1,9.12905652550311e-6,0,0,0
TUR.39.3_1,2074,2,albopictus,4.806061525993488,79.90275498494191,7.056469777878886e-5,0,0,0,0,0,0,1,1,1,7.560474752921209e-6,0,0,0
TUR.39.3_1,2074,3,albopictus,5.8593250769464404,75.27285477974594,8.662405051385814e-5,0,0,0,0,0,0,1,1,1,8.382937493389697e-6,0,0,0
TUR.39.3_1,2074,4,albopictus,11.433520653668573,54.10978369861847,1.1454437437656898e-4,1.6056697107890116e-6,1.5146609386840046e-6,1.6918175723184425e-6,0,0,0,1,1,1,1.145437183580622e-5,0,0,0
TUR.39.3_1,2074,5,albopictus,15.260130826164694,67.34897778893853,1.6010274793057754e-4,0.004932913235120953,0.0048979276304055375,0.0049726382463462886,0,0,0,1,1,1,1.5493694287327386e-5,0,0,0
TUR.39.3_1,2074,6,albopictus,21.759142202489514,45.35310716622359,1.8007890230432822e-4,0.04348417148307129,0.043273429497655835,0.04368949527647946,0,0,0,1,1,1,1.8007728089353137e-5,0,0,0
TUR.39.3_1,2074,7,albopictus,26.57307030172909,34.77379151981316,2.1147282539502794e-4,0.05543288230507191,0.05509370592900606,0.055758224149038006,1.2878587085651817e-17,0,1.1102230246251565e-16,1,0.9999999999999999,1,2.0464902726002876e-5,2.635590319562213e-22,0,2.2720606203122524e-21
TUR.39.3_1,2074,8,albopictus,26.353474617004395,40.44831260096212,2.511106499996178e-4,0.06258270275597808,0.062243308839469116,0.06292485963175755,1.6049384043981262e-15,1.3322676295501878e-15,1.887379141862766e-15,0.9999999999999984,0.9999999999999981,0.9999999999999987,2.430073537751376e-5,3.9001183462488035e-20,3.2375083117726647e-20,4.586470108344608e-20
TUR.39.3_1,2074,9,albopictus,23.470207999734317,34.95290223876343,2.0014731411182907e-4,0.04672608924878623,0.046462160940603084,0.04697118186293363,0,0,0,1,1,1,2.0014531117773515e-5,0,0,0
TUR.39.3_1,2074,10,albopictus,16.709356630549713,58.50349276394283,1.9723682503915746e-4,0.010483916129823346,0.010415494481190416,0.010550586004189632,0,0,0,1,1,1,1.908725251731358e-5,0,0,0
TUR.39.3_1,2074,11,albopictus,9.20582415294998,74.66258418271514,1.1440714151300764e-4,0,0,0,0,0,0,1,1,1,1.1440648706617651e-5,0,0,0
TUR.39.3_1,2074,12,albopictus,4.7633764566305805,80.53849773423956,9.410167021280202e-5,0,0,0,0,0,0,1,1,1,9.106571781325457e-6,0,0,0
TUR.39.3_1,2075,1,albopictus,1.5883611218236826,75.54417101848641,9.136636458095612e-5,0,0,0,0,0,0,1,1,1,8.841867160214179e-6,0,0,0
TUR.39.3_1,2075,2,albopictus,2.535043259315631,81.37780686482472,6.834480568980057e-5,0,0,0,0,0,0,1,1,1,7.32263094183061e-6,0,0,0
TUR.39.3_1,2075,3,albopictus,7.779777194866362,75.28071305611313,8.389894787039952e-5,0,0,0,0,0,0,1,1,1,8.11922005872212e-6,0,0,0
TUR.39.3_1,2075,4,albopictus,11.371129372540643,63.98588614612824,1.1094092734822937e-4,1.4559055731483952e-6,1.3725477705683786e-6,1.538443823951392e-6,0,0,0,1,1,1,1.1094031195590937e-5,0,0,0
TUR.39.3_1,2075,5,albopictus,13.74244779698989,60.7487275447979,1.5506608179660582e-4,0.0010984486179386247,0.0010842380684173939,0.0011118007593440718,0,0,0,1,1,1,1.5006282417240335e-5,0,0,0
TUR.39.3_1,2075,6,albopictus,22.44043378268971,34.28862352364546,1.7441380710513592e-4,0.040396416583935744,0.04018601046330402,0.040618598928744996,0,0,0,1,1,1,1.7441228610470816e-5,0,0,0
TUR.39.3_1,2075,7,albopictus,27.39425255270565,28.581664292029956,2.048201099876428e-4,0.04736764434070204,0.047025210435844664,0.047720897054303456,0,0,0,1,1,1,1.9821104525807876e-5,0,0,0
TUR.39.3_1,2075,8,albopictus,24.13158893585205,41.3088663424172,2.4321096980623906e-4,0.05626695090354182,0.055988884197889076,0.056539156210226614,1.1102230246251565e-16,1.1102230246251565e-16,1.1102230246251565e-16,0.9999999999999999,0.9999999999999999,0.9999999999999999,2.353626848283774e-5,2.613050718340586e-21,2.613050718340586e-21,2.613050718340586e-21
TUR.39.3_1,2075,9,albopictus,20.36984140732709,52.00612489501343,1.9385088752438807e-4,0.03577741994616639,0.035620126040525106,0.035925216691696564,0,0,0,1,1,1,1.938490086283995e-5,0,0,0
TUR.39.3_1,2075,10,albopictus,14.904224718318266,41.94314425320064,1.9103195941450502e-4,0.002590346199561103,0.002563662357906481,0.002617928605262743,0,0,0,1,1,1,1.8486792931482476e-5,0,0,0
TUR.39.3_1,2075,11,albopictus,8.181303278926542,79.53362452695342,1.1080801168799716e-4,0,0,0,0,0,0,1,1,1,1.108073977695856e-5,0,0,0
TUR.39.3_1,2075,12,albopictus,3.543315392864101,79.6224210740833,9.114132942142152e-5,0,0,0,0,0,0,1,1,1,8.820089756444993e-6,0,0,0
TUR.40.25_1,2025,1,albopictus,8.364152789115906,78.00742967574693,0.20442355541753904,0,0,0,0,0,0,1,1,1,0.019588526693676056,0,0,0
TUR.40.25_1,2025,2,albopictus,7.557945409241845,76.56355332795209,0.1529150058394901,0,0,0,0,0,0,1,1,1,0.016250266965253446,0,0,0
TUR.40.25_1,2025,3,albopictus,6.97595580886392,69.08456531056709,0.18771592038403895,0,0,0,0,0,0,1,1,1,0.018002048630244127,0,0,0
TUR.40.25_1,2025,4,albopictus,10.251871389501236,73.77602778784416,0.24821977884157828,0,0,0,0,0,0,1,1,1,0.024516445781909812,0,0,0
TUR.40.25_1,2025,5,albopictus,15.728926490334903,71.92201376493414,0.34694561736055196,0.007208995153019514,0.007161698272529755,0.007259442868440071,0,0,0,1,1,1,0.033017984868842776,0,0,0
TUR.40.25_1,2025,6,albopictus,22.053119883817786,67.26616697219458,0.39023431353393584,0.0653765845783159,0.06515717609064682,0.06560381697929707,5.571987315988736e-15,5.10702591327572e-15,6.106226635438361e-15,0.9999999999999944,0.9999999999999939,0.9999999999999949,0.038271825710363694,2.132501274178781e-16,1.9545520565119933e-16,2.3369644153947747e-16
TUR.40.25_1,2025,7,albopictus,25.10621171839097,62.846451356714546,0.45826552579517305,0.0917870118797439,0.0914504036535203,0.0921250074541379,8.406385221260137e-11,7.570267746004333e-11,9.310423820796388e-11,0.9999999999159361,0.9999999999068957,0.9999999999242973,0.043379269252687314,3.6466284795485496e-12,3.2839268286885622e-12,4.038793817789603e-12
TUR.40.25_1,2025,8,albopictus,23.897754052106073,72.49150305831103,0.5441614251849314,0.09571383397956698,0.09540856368260343,0.09600852024468516,2.729153809610807e-10,2.492468426096295e-10,2.9722229955009284e-10,0.9999999997270846,0.9999999997027778,0.9999999997507532,0.05129822640284476,1.4000075001360146e-11,1.2785920962382987e-11,1.5246976814294804e-11
TUR.40.25_1,2025,9,albopictus,20.046708892373477,70.30748666814661,0.43372293327341865,0.04309632177594706,0.042933061748166156,0.04325734864794536,0,0,0,1,1,1,0.042445167575542175,0,0,0
TUR.40.25_1,2025,10,albopictus,18.261514383203846,75.24035784013337,0.42741584959627243,0.025927419318275833,0.02581930265623276,0.026040142102081304,0,0,0,1,1,1,0.04051905607574824,0,0,0
TUR.40.25_1,2025,11,albopictus,11.279716113034418,77.21592807514882,0.24792239268683788,1.142975146015193e-6,1.0800637644398093e-6,1.2060303441299877e-6,0,0,0,1,1,1,0.024487435820233716,0,0,0
TUR.40.25_1,2025,12,albopictus,10.22014690847958,76.9353400748403,0.20392006064003532,0,0,0,0,0,0,1,1,1,0.019540754685644313,0,0,0
TUR.40.25_1,2026,1,albopictus,3.0299044847488403,77.57790239303209,0.2326476616034099,0,0,0,0,0,0,1,1,1,0.022262734608328283,0,0,0
TUR.40.25_1,2026,2,albopictus,5.280383744660546,81.29277085724897,0.17402749140120313,0,0,0,0,0,0,1,1,1,0.01847304507276948,0,0,0
TUR.40.25_1,2026,3,albopictus,9.061631048426907,71.83297839650459,0.21363325686160925,0,0,0,0,0,0,1,1,1,0.02046194034766613,0,0,0
TUR.40.25_1,2026,4,albopictus,14.19011620914235,73.2318993698754,0.2824906894572783,0.0021743133981239867,0.0021523139392211,0.0021959440508605736,0,0,0,1,1,1,0.02785379478539285,0,0,0
TUR.40.25_1,2026,5,albopictus,17.370907615212833,71.18054342802007,0.39484728859949475,0.01705329412003428,0.01696465834074556,0.01713805495178546,0,0,0,1,1,1,0.03749019699228495,0,0,0
TUR.40.25_1,2026,6,albopictus,21.907657847684973,64.96641950515357,0.4441127165391859,0.06130304250204089,0.06108558741258381,0.061512678120133564,8.897327319346004e-16,7.771561172376096e-16,9.992007221626409e-16,0.9999999999999991,0.999999999999999,0.9999999999999992,0.043439529643172325,3.8649571383373773e-17,3.375929619211585e-17,4.3404809389863234e-17
TUR.40.25_1,2026,7,albopictus,25.05054765589097,65.15324838430243,0.521536780592345,0.09534187970637434,0.09500726415582741,0.09567325447650563,2.4469401294080486e-10,2.2141492805882734e-10,2.6941497088817103e-10,0.999999999755306,0.999999999730585,0.9999999997785851,0.049218785579669966,1.204354215556246e-11,1.0897773868265474e-11,1.3260277684097915e-11
TUR.40.25_1,2026,8,albopictus,25.706578591290643,64.15572959029345,0.6192920519627719,0.09845967291710947,0.09810178389403168,0.09877981996337956,6.03638090734826e-10,5.443734546473067e-10,6.603070479282991e-10,0.9999999993963619,0.999999999339693,0.9999999994556266,0.05817094288099556,3.5114196896928773e-11,3.16667171362187e-11,3.841068356895588e-11
TUR.40.25_1,2026,9,albopictus,23.143297027139102,72.63515390447473,0.49360567085203566,0.0860690399288025,0.08579721629876141,0.08633980581689704,1.3699945067280339e-11,1.2516937486495295e-11,1.495648049854026e-11,0.9999999999863001,0.9999999999850435,0.9999999999874831,0.04816213358757615,6.598185844728106e-13,6.02842415331926e-13,7.203360117706734e-13
TUR.40.25_1,2026,10,albopictus,16.80104036892162,78.83833452470368,0.486427788312873,0.01442943707934104,0.014357848366918525,0.014500146645005181,0,0,0,1,1,1,0.045982874973567456,0,0,0
TUR.40.25_1,2026,11,albopictus,11.691443064633539,77.61600589497304,0.2821522441477236,1.473966818302034e-5,1.4202865602149563e-5,1.5249956406528443e-5,0,0,0,1,1,1,0.027820892396277386,0,0,0
TUR.40.25_1,2026,12,albopictus,9.171535267549404,80.25923839026999,0.23207465091304932,0,0,0,0,0,0,1,1,1,0.02220851498515075,0,0,0
TUR.40.25_1,2027,1,albopictus,7.634817004203796,81.16039140670397,0.22147677222223913,0,0,0,0,0,0,1,1,1,0.021205176475711185,0,0,0
TUR.40.25_1,2027,2,albopictus,7.977473416749169,83.70935868683881,0.16567132808399146,0,0,0,0,0,0,1,1,1,0.017593887339164227,0,0,0
TUR.40.25_1,2027,3,albopictus,10.380368078456204,71.76090350636787,0.20337536961661104,0,0,0,0,0,0,1,1,1,0.019489071321899365,0,0,0
TUR.40.25_1,2027,4,albopictus,11.978947919957779,74.96816645971916,0.26892652026946445,4.3375674650852996e-5,4.215516293834276e-5,4.460475529451367e-5,0,0,0,1,1,1,0.02653426451082941,0,0,0
TUR.40.25_1,2027,5,albopictus,16.862898658303653,73.50525045927007,0.3758881666680688,0.01387001134571612,0.013800497388822549,0.01393980814164092,0,0,0,1,1,1,0.03572260748608602,0,0,0
TUR.40.25_1,2027,6,albopictus,20.539432750028723,70.82931547072974,0.42278804903538075,0.04944471993435287,0.04927452140219053,0.04962389229207314,0,0,0,1,1,1,0.04139751976014028,0,0,0
TUR.40.25_1,2027,7,albopictus,24.90397554285386,69.87087304860907,0.4964944928510629,0.1025698828238535,0.10223059205779486,0.10292475873340771,1.895996243450604e-9,1.7264282309303881e-9,2.085856784517226e-9,0.9999999981040038,0.9999999979141433,0.9999999982735718,0.04691182323540555,8.894464062774767e-11,8.098989599802026e-11,9.785134476964351e-11
TUR.40.25_1,2027,8,albopictus,26.74345526975744,64.88645773970751,0.5895559138067502,0.10530271544847951,0.10487615243916856,0.10570169571342777,3.952291999897995e-9,3.5238318957242497e-9,4.385112181704009e-9,0.999999996047708,0.9999999956148878,0.9999999964761681,0.0554567466425232,2.1918125609561442e-10,1.9542025265202196e-10,2.431840552598014e-10
TUR.40.25_1,2027,9,albopictus,22.048898528603946,72.12284769109583,0.46990453279200084,0.07051670595884195,0.07027288120770457,0.07072978959086397,4.811306908436563e-14,4.3517967007744576e-14,5.240252676230739e-14,0.9999999999999519,0.9999999999999476,0.9999999999999565,0.04590349396014748,2.2085579761183363e-15,1.9976267356979004e-15,2.405459070730044e-15
TUR.40.25_1,2027,10,albopictus,16.416986184961658,76.08329149491853,0.46307130590629886,0.011399322810999478,0.011335776453510705,0.011461373388904747,0,0,0,1,1,1,0.043824066672001005,0,0,0
TUR.40.25_1,2027,11,albopictus,11.392483332577875,73.17818546040273,0.2686043258651995,2.343613946719014e-6,2.237829257551536e-6,2.4639497320351144e-6,0,0,0,1,1,1,0.02650289948427842,0,0,0
TUR.40.25_1,2027,12,albopictus,8.703906788545497,83.25244059974264,0.2209312754084081,0,0,0,0,0,0,1,1,1,0.021153504519167976,0,0,0
TUR.40.25_1,2028,1,albopictus,6.410178065299988,80.63519914596178,0.21037634201815528,0,0,0,0,0,0,1,1,1,0.0201531556835558,0,0,0
TUR.40.25_1,2028,2,albopictus,7.885035672608544,80.31953477326459,0.16298815144792964,0,0,0,0,0,0,1,1,1,0.016719494768799414,0,0,0
TUR.40.25_1,2028,3,albopictus,8.701782072291653,77.03797259816474,0.19318218288643046,0,0,0,0,0,0,1,1,1,0.018521381441449214,0,0,0
TUR.40.25_1,2028,4,albopictus,10.765489858739517,74.85396205298088,0.2554479056123804,2.8940667028643475e-10,2.2358945880241696e-10,3.882651100314231e-10,0,0,0,1,1,1,0.02522128289789316,0,0,0
TUR.40.25_1,2028,5,albopictus,17.24514658310834,74.4964919143482,0.3570486273485547,0.016838338324458236,0.016757097288032426,0.01692187994579725,0,0,0,1,1,1,0.03396295145037487,0,0,0
TUR.40.25_1,2028,6,albopictus,20.925659404081458,81.23207120803443,0.401597884566446,0.06335355124858502,0.06315715265575252,0.06355210402790544,2.27107221917322e-15,2.1094237467877974e-15,2.4424906541753444e-15,0.9999999999999978,0.9999999999999976,0.9999999999999979,0.03936407164436606,8.939864954506406e-17,8.303550749688195e-17,9.614637710165278e-17
TUR.40.25_1,2028,7,albopictus,23.513684328864603,70.20819909841376,0.47161015663238726,0.08734741805017768,0.08706455359528333,0.0876390750311726,2.0776380282860885e-11,1.8937851287148533e-11,2.280090005690738e-11,0.9999999999792236,0.9999999999771991,0.9999999999810621,0.044613867101437665,9.269146687884853e-13,8.448907805116348e-13,1.0172363249320281e-12
TUR.40.25_1,2028,8,albopictus,24.818492272320917,70.16904288375048,0.5600073331273737,0.10225795921596112,0.10191470145391031,0.10259179549408609,1.7413572876989746e-9,1.5833332006609524e-9,1.90529382271265e-9,0.9999999982586427,0.9999999980947061,0.9999999984166669,0.05275192193150691,9.185994369555693e-11,8.352386939282951e-11,1.0050791099232009e-10
TUR.40.25_1,2028,9,albopictus,20.59458334305707,66.45402063421106,0.4463528870979497,0.04699316745482762,0.0468200676610654,0.04716989265755471,0,0,0,1,1,1,0.04365379150345783,0,0,0
TUR.40.25_1,2028,10,albopictus,17.00980158413158,74.77667375810212,0.4398621419874349,0.015146219548487811,0.015069885151170838,0.015224815153528653,0,0,0,1,1,1,0.041674035880983173,0,0,0
TUR.40.25_1,2028,11,albopictus,12.226839640561273,81.16471194966054,0.25514185961257707,1.0680480894724326e-4,1.0423176095031758e-4,1.0922386336389253e-4,0,0,0,1,1,1,0.025191449728673154,0,0,0
TUR.40.25_1,2028,12,albopictus,7.1941440245684465,77.84285655433249,0.2098581855400521,0,0,0,0,0,0,1,1,1,0.02010402083972418,0,0,0
TUR.40.25_1,2029,1,albopictus,3.6785258054733276,76.724485950161,0.1986208936504363,0,0,0,0,0,0,1,1,1,0.019037824068529607,0,0,0
TUR.40.25_1,2029,2,albopictus,5.558358827058007,78.70096635285444,0.148574439234097,0,0,0,0,0,0,1,1,1,0.015792657218279493,0,0,0
TUR.40.25_1,2029,3,albopictus,7.3378208525040565,76.59189715871162,0.18238751294065922,0,0,0,0,0,0,1,1,1,0.017495548517633686,0,0,0
TUR.40.25_1,2029,4,albopictus,10.881088537328385,70.6576806198754,0.24117394003116913,4.423829741783293e-9,3.756650154735243e-9,5.211491186608086e-9,0,0,0,1,1,1,0.023828893602739765,0,0,0
TUR.40.25_1,2029,5,albopictus,17.23234827378217,78.29174948270757,0.33709739774119396,0.017603028103482028,0.01751762822699828,0.01769227062714191,0,0,0,1,1,1,0.0320959599639693,0,0,0
TUR.40.25_1,2029,6,albopictus,23.43710921792423,68.88652830031958,0.3791573232784349,0.08449556329687757,0.08421690093677804,0.08477283640913572,8.135129681008379e-12,7.401529389383655e-12,8.914516347324763e-12,0.9999999999918648,0.9999999999910855,0.9999999999925985,0.037205930112088725,3.0267506636437644e-13,2.75380785183979e-13,3.316728722016376e-13
TUR.40.25_1,2029,7,albopictus,24.295640047858743,65.52362878591376,0.44525743658411565,0.0889713485377711,0.08866249041841583,0.08928358839463975,3.49398870946871e-11,3.1637323316680016e-11,3.852034524687298e-11,0.9999999999650601,0.9999999999614797,0.9999999999683626,0.042174271492537385,1.4735642842499368e-12,1.334281062854846e-12,1.624567498427893e-12
TUR.40.25_1,2029,8,albopictus,26.006940224591425,68.03130560958056,0.5287151392097007,0.1082066478947944,0.10784381030962227,0.10860930067125259,8.429240006546657e-9,7.668071555499979e-9,9.335673331611893e-9,0.99999999157076,0.9999999906643268,0.9999999923319285,0.04987904478554417,4.204424397946413e-10,3.8247608453554076e-10,4.6565446821067996e-10
TUR.40.25_1,2029,9,albopictus,21.718431304482852,71.06227792791223,0.4214114974543869,0.06493675844056519,0.06471165738330178,0.06514027016603276,4.5967674111579985e-15,4.107825191113079e-15,4.9960036108132044e-15,0.9999999999999954,0.999999999999995,0.9999999999999959,0.04126555410150001,1.8968815429715254e-16,1.6951168266338139e-16,2.061628572933017e-16
TUR.40.25_1,2029,10,albopictus,15.926255899317125,78.42101427323884,0.41528344340638756,0.008879774757194982,0.00882258883971609,0.008932268769290699,0,0,0,1,1,1,0.03939186423900232,0,0,0
TUR.40.25_1,2029,11,albopictus,11.841483691159418,78.96166324360586,0.24088499532666505,2.888915959943345e-5,2.8055978075814e-5,2.9804886959750947e-5,0,0,0,1,1,1,0.023800687248049512,0,0,0
TUR.40.25_1,2029,12,albopictus,6.783790840822109,76.53063884193014,0.19813169081638982,0,0,0,0,0,0,1,1,1,0.018991382052118144,0,0,0
TUR.40.25_1,2030,1,albopictus,6.227589964866638,80.86552293746568,0.2346473649294147,0,0,0,0,0,0,1,1,1,0.022451927700950836,0,0,0
TUR.40.25_1,2030,2,albopictus,6.329198995057275,78.85411118928022,0.17552333000526568,0,0,0,0,0,0,1,1,1,0.0186303402437914,0,0,0
TUR.40.25_1,2030,3,albopictus,8.17478164504556,80.94757190236396,0.21546952347760323,0,0,0,0,0,0,1,1,1,0.02063599195063981,0,0,0
TUR.40.25_1,2030,4,albopictus,12.293720525853775,73.33591090551994,0.2849188143194834,1.0799056235442296e-4,1.0553690988802311e-4,1.1055401625259855e-4,0,0,0,1,1,1,0.028089815366919124,0,0,0
TUR.40.25_1,2030,5,albopictus,18.36820108750287,71.57586050565679,0.3982411651200435,0.025672006426521107,0.02555442000668553,0.025781937598148955,0,0,0,1,1,1,0.03780627147934712,0,0,0
TUR.40.25_1,2030,6,albopictus,22.417654261869544,66.22322873977271,0.44793004988465646,0.06872570541124291,0.06845602911001189,0.06897107380021997,2.3138824190027662e-14,2.0650148258027912e-14,2.55351295663786e-14,0.9999999999999769,0.9999999999999745,0.9999999999999793,0.04380461097492716,1.0135871920613958e-15,9.045717110174824e-16,1.1185564168495751e-15
TUR.40.25_1,2030,7,albopictus,25.691445406745462,68.19551904470282,0.526019605941186,0.1062952134020043,0.1059172820403824,0.10665670259175714,5.131775942635031e-9,4.641389420023679e-9,5.634296645906644e-9,0.9999999948682241,0.9999999943657033,0.9999999953586106,0.04963116574885418,2.546960223949016e-10,2.3035756761017334e-10,2.7963671071120586e-10
TUR.40.25_1,2030,8,albopictus,25.25410971922033,69.66840964400438,0.6246151244903153,0.10556041795912924,0.10517009169714996,0.10591291028884316,4.229630906960047e-9,3.809963253220694e-9,4.636052328144125e-9,0.9999999957703691,0.9999999953639477,0.9999999961900368,0.058655988039396534,2.480931798897104e-10,2.2347715901145333e-10,2.7193222990963824e-10
TUR.40.25_1,2030,9,albopictus,20.957340072183047,72.51697458318567,0.49784841670615165,0.056134153155868526,0.055929108295570684,0.05632348427355981,1.1102230246251565e-16,1.1102230246251565e-16,1.1102230246251565e-16,0.9999999999999999,0.9999999999999999,0.9999999999999999,0.04856588854618693,5.39189676753559e-18,5.39189676753559e-18,5.39189676753559e-18
TUR.40.25_1,2030,10,albopictus,16.646251397974353,81.24731584794587,0.49060883728386406,0.0137666317283923,0.013694828567120282,0.0138391526428835,0,0,0,1,1,1,0.046368809050327586,0,0,0
TUR.40.25_1,2030,11,albopictus,12.712228396359613,77.07310580952382,0.2845774599318553,3.014309265784662e-4,2.9608741327681305e-4,3.0691525916029283e-4,0,0,0,1,1,1,0.02805663822007365,0,0,0
TUR.40.25_1,2030,12,albopictus,11.142168774324306,79.11920085364889,0.23406942897406136,3.3790745244470776e-7,3.1334558434984065e-7,3.6526956105520504e-7,0,0,0,1,1,1,0.02239725260627934,0,0,0
TUR.40.25_1,2031,1,albopictus,10.019174456596375,78.20597703902818,0.22446786070962801,0,0,0,0,0,0,1,1,1,0.021488457596511634,0,0,0
TUR.40.25_1,2031,2,albopictus,4.008350530091454,72.27468156281537,0.16790875279065642,0,0,0,0,0,0,1,1,1,0.017829365510476536,0,0,0
TUR.40.25_1,2031,3,albopictus,8.316811407313626,74.18106952199287,0.20612199501021347,0,0,0,0,0,0,1,1,1,0.019749658902350142,0,0,0
TUR.40.25_1,2031,4,albopictus,10.723464292638443,76.77691279760978,0.2725584271762727,7.820780931544205e-11,5.5412030632009513e-11,1.1341278313335029e-10,0,0,0,1,1,1,0.02688775400772292,0,0,0
TUR.40.25_1,2031,5,albopictus,18.407959769753848,72.90706778104742,0.38096461218687194,0.026528514847361136,0.026410439329702582,0.026638383858175005,0,0,0,1,1,1,0.036196210657634564,0,0,0
TUR.40.25_1,2031,6,albopictus,23.500465617460364,63.24831037429419,0.42849788692667157,0.07744633751796491,0.07716591814544192,0.07769968624306038,6.902451943346933e-13,6.219302850496434e-13,7.562894754897798e-13,0.9999999999993098,0.9999999999992437,0.999999999999378,0.041944710003330665,2.895213450756132e-14,2.6086685448696065e-14,3.172234272798987e-14
TUR.40.25_1,2031,7,albopictus,23.85792070276597,66.44738443166571,0.5031997511348915,0.08579803284059398,0.08549557850432263,0.08608260894804107,1.253517822874528e-11,1.1331555138660576e-11,1.3747974980660159e-11,0.9999999999874648,0.9999999999862521,0.9999999999886685,0.04753007769254003,5.957979951020995e-13,5.385896961178384e-13,6.534423189458739e-13
TUR.40.25_1,2031,8,albopictus,26.670583107892206,69.45115119063524,0.5975179853538736,0.11522263362245405,0.11482283787161922,0.11563243598183802,4.813770573963705e-8,4.3676049299445906e-8,5.3037890457297014e-8,0.9999999518622943,0.9999999469621095,0.9999999563239507,0.05618425867535082,2.7045813113136877e-9,2.4539064517574436e-9,2.979894557047696e-9
TUR.40.25_1,2031,9,albopictus,20.821567367104922,67.32996286443567,0.47625068830123696,0.05031077259086425,0.050133081925451344,0.050481988859210396,0,0,0,1,1,1,0.046508786355664244,0,0,0
TUR.40.25_1,2031,10,albopictus,18.177524286157947,78.88386675126618,0.4693251773079762,0.026365392106172725,0.026252720906883246,0.026473980278827115,0,0,0,1,1,1,0.04440258204247627,0,0,0
TUR.40.25_1,2031,11,albopictus,10.10513363165014,79.0017633412621,0.2722318814715819,0,0,0,0,0,0,1,1,1,0.026855976926481118,0,0,0
TUR.40.25_1,2031,12,albopictus,8.257212414461025,80.29456248694967,0.22391499685128305,0,0,0,0,0,0,1,1,1,0.021436102937885337,0,0,0
TUR.40.25_1,2032,1,albopictus,5.840969920158386,78.37835557906725,0.19798545164350595,0,0,0,0,0,0,1,1,1,0.018977498545276084,0,0,0
TUR.40.25_1,2032,2,albopictus,3.8776017813121575,75.98045396271772,0.15338836328931746,0,0,0,0,0,0,1,1,1,0.01574253203512266,0,0,0
TUR.40.25_1,2032,3,albopictus,3.2968686468460975,75.26194873341865,0.18180400591311546,0,0,0,0,0,0,1,1,1,0.017440066475153504,0,0,0
TUR.40.25_1,2032,4,albopictus,11.0100014630486,78.10376368872306,0.24040235930944293,6.202954795217552e-8,5.579824840818713e-8,6.864228256999039e-8,0,0,0,1,1,1,0.023753571216231784,0,0,0
TUR.40.25_1,2032,5,albopictus,16.96327288010541,74.35986471708257,0.336018931911065,0.01472616764501007,0.014642996150370563,0.014803673310078395,0,0,0,1,1,1,0.03199493681157406,0,0,0
TUR.40.25_1,2032,6,albopictus,22.917608485502356,68.28986387160865,0.3779442963605799,0.07730974680357176,0.07705118767232258,0.07758464222667835,6.56498633233582e-13,5.962424998173788e-13,7.251310663036747e-13,0.9999999999993435,0.9999999999992748,0.9999999999994037,0.0370891335160487,2.434896546110381e-14,2.2114117683669402e-14,2.6894482934771755e-14
TUR.40.25_1,2032,7,albopictus,24.83995729334214,67.84578378469305,0.443832937510007,0.09824284279491256,0.0979208169690157,0.09856550827131573,5.67368015902403e-10,5.169078359790191e-10,6.213120962161866e-10,0.999999999432632,0.9999999993786879,0.9999999994830922,0.04204222156539983,2.3853411833690122e-11,2.1731953769121276e-11,2.6121340810383935e-11
TUR.40.25_1,2032,8,albopictus,25.27290854734533,67.62088614546923,0.5270236363522764,0.10177088237211077,0.10138439010696633,0.1020993499792183,1.5237920291122364e-9,1.3683824184873572e-9,1.66552840963341e-9,0.999999998476208,0.9999999983344716,0.9999999986316176,0.04972350312199847,7.576827771683867e-11,6.804076745774392e-11,8.2815907076184e-11
TUR.40.25_1,2032,9,albopictus,21.321533034829532,81.22654642156458,0.42006328799482606,0.06952299922894667,0.06930838784552193,0.069732205817331,3.212063948154764e-14,2.942091015256665e-14,3.497202527569243e-14,0.9999999999999679,0.999999999999965,0.9999999999999706,0.041136287902883484,1.32132387333767e-15,1.2102670304008492e-15,1.438619300287802e-15
TUR.40.25_1,2032,10,albopictus,16.931596475489002,83.7015699983365,0.41395483925063575,0.016391587509342526,0.016311373542658502,0.01647266774560434,0,0,0,1,1,1,0.03926834649585165,0,0,0
TUR.40.25_1,2032,11,albopictus,8.20970306676977,79.47518253071523,0.240114339017268,0,0,0,0,0,0,1,1,1,0.02372545293313666,0,0,0
TUR.40.25_1,2032,12,albopictus,10.053551449495204,79.62380900794577,0.19749781390175639,0,0,0,0,0,0,1,1,1,0.01893120226607936,0,0,0
TUR.40.25_1,2033,1,albopictus,3.8195213079452515,81.40643175094225,0.22828734372848639,0,0,0,0,0,0,1,1,1,0.02185007542691564,0,0,0
TUR.40.25_1,2033,2,albopictus,4.635153928223779,82.83985948029584,0.17076584167622844,0,0,0,0,0,0,1,1,1,0.018129978297215854,0,0,0
TUR.40.25_1,2033,3,albopictus,8.46541770766763,77.82552447804756,0.20962930985370964,0,0,0,0,0,0,1,1,1,0.020082316628574293,0,0,0
TUR.40.25_1,2033,4,albopictus,11.526158613317154,73.57880793921134,0.2771962059698845,5.5633733779723416e-6,5.3169858856840685e-6,5.803160841467647e-6,0,0,0,1,1,1,0.02733895730440805,0,0,0
TUR.40.25_1,2033,5,albopictus,16.369870017556583,71.62274313505132,0.3874470006340805,0.010475214817130877,0.01041088758777894,0.010535084010130034,0,0,0,1,1,1,0.036800642070374034,0,0,0
TUR.40.25_1,2033,6,albopictus,23.60907195596134,62.60722761062232,0.4357890884267842,0.07772576668323707,0.07745262101597972,0.07801349158638038,7.644896937719636e-13,6.909833816237665e-13,8.478884261364782e-13,0.9999999999992355,0.9999999999991521,0.9999999999993091,0.04264299282312012,3.260012852486714e-14,2.9465599383477545e-14,3.6156500070544454e-14
TUR.40.25_1,2033,7,albopictus,23.295496996711282,75.89650018483954,0.5117620588901195,0.09300784829376599,0.09271159221930286,0.09328149842183278,1.2187750475511905e-10,1.1131151833598806e-10,1.3225427142327106e-10,0.9999999998781225,0.9999999998677457,0.9999999998886885,0.048318977312085676,5.888996387116211e-12,5.378458729050416e-12,6.390391140327455e-12
TUR.40.25_1,2033,8,albopictus,25.080039360943964,65.95978385054735,0.6076851860894561,0.09704362582155447,0.09669646184814311,0.09735339769504747,4.0207526619262526e-10,3.631802164560938e-10,4.3916424941059517e-10,0.9999999995979247,0.9999999995608357,0.9999999996368198,0.05711244365639878,2.296350098605785e-11,2.074210964946737e-11,2.508174345036728e-11
TUR.40.25_1,2033,9,albopictus,21.17495329239789,70.31344522527552,0.48435443825873886,0.05710444720639037,0.05690108138106276,0.05729859136137636,1.1102230246251565e-16,1.1102230246251565e-16,1.1102230246251565e-16,0.9999999999999999,0.9999999999999999,0.9999999999999999,0.04728115879594408,5.249263112621536e-18,5.249263112621536e-18,5.249263112621536e-18
TUR.40.25_1,2033,10,albopictus,18.69938440883861,73.52973314530915,0.4773110846863576,0.029691504771092784,0.029572569728517427,0.029809587622388955,0,0,0,1,1,1,0.04514081085322097,0,0,0
TUR.40.25_1,2033,11,albopictus,14.354230502072504,78.18788242085195,0.2768641038538214,0.002735452574685809,0.0027104676507176354,0.0027591262722609583,0,0,0,1,1,1,0.027306654488970294,0,0,0
TUR.40.25_1,2033,12,albopictus,10.851973309236415,80.58264842444967,0.22772507249167748,4.111803522738048e-9,3.504113897500664e-9,4.838865767460573e-9,0,0,0,1,1,1,0.021796849569036048,0,0,0
TUR.40.25_1,2034,1,albopictus,7.329784274101257,75.39334733932115,0.23237926307325116,0,0,0,0,0,0,1,1,1,0.02223733848061482,0,0,0
TUR.40.25_1,2034,2,albopictus,6.273553052369286,76.68079423371381,0.17382672117820847,0,0,0,0,0,0,1,1,1,0.0184519311257908,0,0,0
TUR.40.25_1,2034,3,albopictus,7.084213102565092,73.10027423390693,0.21338679467179178,0,0,0,0,0,0,1,1,1,0.020438576930800312,0,0,0
TUR.40.25_1,2034,4,albopictus,10.580030721776627,77.64432155005119,0.2821647885420862,2.543987652942743e-14,6.433493028835068e-15,8.803191288519835e-14,0,0,0,1,1,1,0.027822111935324245,0,0,0
TUR.40.25_1,2034,5,albopictus,18.45533068039838,66.64090872343023,0.3943917652937074,0.024766672390359276,0.02464417268051897,0.02488370003460058,0,0,0,1,1,1,0.03744776583311349,0,0,0
TUR.40.25_1,2034,6,albopictus,22.083019480985755,68.54928617385474,0.4436003572078159,0.06709013826200828,0.06686646282048266,0.06732246432602426,1.1647571795947443e-14,1.0547118733938987e-14,1.2878587085651816e-14,0.9999999999999883,0.9999999999999871,0.9999999999999895,0.04339051811930672,5.053941750579834e-16,4.576449465314589e-16,5.588085662910446e-16
TUR.40.25_1,2034,7,albopictus,23.249159869025736,72.29919488698798,0.5209350994734806,0.08700276018749704,0.08671299672056781,0.08726903416312572,1.8581822747165687e-11,1.6893633714154534e-11,2.0234319775269684e-11,0.9999999999814182,0.9999999999797656,0.9999999999831064,0.04916342263513984,9.13546005050162e-13,8.305488541322265e-13,9.947884148461513e-13
TUR.40.25_1,2034,8,albopictus,25.777219155255487,70.35714179122118,0.6185775935609972,0.11146687776796316,0.11110240776776105,0.11185852577838172,1.9227051859527223e-8,1.7537625718322404e-8,2.1168208486077587e-8,0.9999999807729482,0.9999999788317915,0.9999999824623743,0.05810582149913568,1.1172036433043135e-9,1.0190381495074926e-9,1.2299961437485136e-9
TUR.40.25_1,2034,9,albopictus,23.092782805947696,68.72382654241419,0.49303621300482736,0.08004386399546833,0.07978312895033461,0.08030461586360998,1.7583080547112218e-12,1.6013412817983406e-12,1.9259704941987364e-12,0.9999999999982417,0.9999999999980741,0.9999999999983987,0.04810792888999649,8.45885588627555e-14,7.703721251337041e-14,9.26544515791442e-14
TUR.40.25_1,2034,10,albopictus,16.403392511255603,80.61494585282868,0.4858666113704024,0.012009353357442805,0.011944692418977039,0.012072101360177376,0,0,0,1,1,1,0.04593106333315733,0,0,0
TUR.40.25_1,2034,11,albopictus,11.469560244504144,83.17710971577382,0.2818267336865897,5.36166092839945e-6,5.135559973087262e-6,5.604798077434545e-6,0,0,0,1,1,1,0.027789246434263504,0,0,0
TUR.40.25_1,2034,12,albopictus,8.204138531404384,79.01888194495749,0.2318069134478933,0,0,0,0,0,0,1,1,1,0.022183180004002656,0,0,0
TUR.40.25_1,2035,1,albopictus,8.01801860332489,83.19784410445787,0.22479169572682436,0,0,0,0,0,0,1,1,1,0.021519122564602533,0,0,0
TUR.40.25_1,2035,2,albopictus,8.045773663941553,78.5880436843974,0.16815099118360716,0,0,0,0,0,0,1,1,1,0.017854856547830367,0,0,0
TUR.40.25_1,2035,3,albopictus,8.962128484950345,74.80388751515693,0.20641936283644774,0,0,0,0,0,0,1,1,1,0.019777867681597172,0,0,0
TUR.40.25_1,2035,4,albopictus,11.77612237369313,75.60683833471916,0.27295164143274847,2.0287844565311693e-5,1.9596155564421144e-5,2.099012387662508e-5,0,0,0,1,1,1,0.02692601741625955,0,0,0
TUR.40.25_1,2035,5,albopictus,17.053337882546817,71.81432486112554,0.38151422174500077,0.014864968516478384,0.014785579164914972,0.014944155149571908,0,0,0,1,1,1,0.036247472111289314,0,0,0
TUR.40.25_1,2035,6,albopictus,23.133360133451575,68.58206205276099,0.4291160717311368,0.08035283859133308,0.08010130340911421,0.08063962585592029,1.961264373129268e-12,1.7925438910992852e-12,2.1670470973234044e-12,0.9999999999980388,0.999999999997833,0.9999999999982075,0.0420039336949638,8.238081868721651e-14,7.529389474704679e-14,9.102450258983605e-14
TUR.40.25_1,2035,7,albopictus,24.69200044519761,71.5342336443122,0.5039257067329305,0.10344724764889396,0.1031032857299835,0.10378397528296016,2.405338132893675e-9,2.189333106472624e-9,2.631033010902506e-9,0.9999999975946618,0.9999999973689669,0.999999997810667,0.047596989942615964,1.1448685491993092e-10,1.0420566584981365e-10,1.2522925175861714e-10
TUR.40.25_1,2035,8,albopictus,25.041758873883417,66.65827399336962,0.5983800118660455,0.09797411171433645,0.09761760775419581,0.09830798017311697,5.25498764281096e-10,4.738513414981327e-10,5.77379616339968e-10,0.9999999994745012,0.9999999994226204,0.9999999995261486,0.056262990313103334,2.956613188429508e-11,2.666029343656046e-11,3.248510376111894e-11
TUR.40.25_1,2035,9,albopictus,22.341590713052188,76.00712503484583,0.476937765058454,0.07922964364143961,0.07899719946622612,0.07947292315522109,1.3159121570183175e-12,1.209587985329108e-12,1.433989038623906e-12,0.999999999998684,0.999999999998566,0.9999999999987904,0.04657429627023213,6.128768266657133e-14,5.633570919363107e-14,6.678703033313517e-14
TUR.40.25_1,2035,10,albopictus,17.900451379663807,70.45274492509431,0.47000226277751167,0.021118406948537463,0.021021580746490433,0.021211425589079628,0,0,0,1,1,1,0.04446519493883605,0,0,0
TUR.40.25_1,2035,11,albopictus,12.506323435727289,76.43519687397695,0.27262462462750203,1.9333984615716173e-4,1.8948625047219935e-4,1.9743262895962976e-4,0,0,0,1,1,1,0.026894195741446025,0,0,0
TUR.40.25_1,2035,12,albopictus,10.862317814546474,81.99856486732077,0.22423803426352829,5.582089918673929e-9,4.798819093622324e-9,6.446012334095426e-9,0,0,0,1,1,1,0.021466694016075594,0,0,0
TUR.40.25_1,2036,1,albopictus,8.860301852226257,83.0589357182274,0.24839483710446247,0,0,0,0,0,0,1,1,1,0.023751593447740138,0,0,0
TUR.40.25_1,2036,2,albopictus,8.432949223939112,79.00968980256147,0.19244281434160546,0,0,0,0,0,0,1,1,1,0.019711024030305335,0,0,0
TUR.40.25_1,2036,3,albopictus,8.05086406539468,74.59124103078193,0.22809340817142965,0,0,0,0,0,0,1,1,1,0.021831717378789084,0,0,0
TUR.40.25_1,2036,4,albopictus,14.52108601962819,74.96564875952384,0.30161157996457366,0.0030421082554175196,0.00301451317175372,0.003070292435030068,0,0,0,1,1,1,0.029710848907869347,0,0,0
TUR.40.25_1,2036,5,albopictus,17.57430155137006,71.92083883817632,0.4215732376455257,0.01881819664439267,0.01873090413243774,0.018906679694622754,0,0,0,1,1,1,0.039976398661382695,0,0,0
TUR.40.25_1,2036,6,albopictus,23.02625297097599,78.3929522505149,0.47417328470218556,0.09280863695067737,0.09254323327936072,0.09306797214501615,1.1472930416811522e-10,1.0576193809619384e-10,1.2399815063623976e-10,0.9999999998852707,0.9999999998760019,0.999999999894238,0.04631068717189002,5.3131929147782016e-12,4.89790802986563e-12,5.7424395640077944e-12
TUR.40.25_1,2036,7,albopictus,26.609984453986673,62.21379525930244,0.5568379358141056,0.09923944565096181,0.09885103415066371,0.09965123710025042,7.532186336867141e-10,6.737780611221211e-10,8.445206672869076e-10,0.9999999992467814,0.9999999991554793,0.999999999326222,0.05246134135349967,3.951485985565534e-11,3.534730086102676e-11,4.430468700662378e-11
TUR.40.25_1,2036,8,albopictus,25.97572837156408,65.93115454756884,0.6612099485857303,0.10367959982303172,0.1032808877179484,0.10405015019547496,2.561327014261039e-9,2.2971604229926615e-9,2.8260710188687812e-9,0.999999997438673,0.9999999971739291,0.9999999977028395,0.061983800191745875,1.5876078187767728e-10,1.4238673266716357e-10,1.7517062136124618e-10
TUR.40.25_1,2036,9,albopictus,22.15902120926801,66.54926599553919,0.5270162586638835,0.06592852382576897,0.06566725765988696,0.06616383125574417,7.0810024510592485e-15,6.328271240363392e-15,7.882583474838611e-15,0.9999999999999929,0.9999999999999921,0.9999999999999937,0.051336973233171546,3.6351723329405077e-16,3.2487429127878475e-16,4.0466797685603016e-16
TUR.40.25_1,2036,10,albopictus,17.436889367945057,85.45457597978181,0.519352528232285,0.021183639273665802,0.021087373948227534,0.02127216563395504,0,0,0,1,1,1,0.04901778890700936,0,0,0
TUR.40.25_1,2036,11,albopictus,13.65938625616186,81.62592410786367,0.3012502263753898,0.0013797480715539126,0.0013639180146962871,0.001396042025346164,0,0,0,1,1,1,0.029675786527648018,0,0,0
TUR.40.25_1,2036,12,albopictus,10.882262959199794,79.99801555091452,0.2477830411546976,7.609776860896438e-9,6.570376070904233e-9,8.789007507217706e-9,0,0,0,1,1,1,0.02369379191526033,0,0,0
TUR.40.25_1,2037,1,albopictus,5.702842593193054,76.92491777389147,0.24777139523107855,0,0,0,0,0,0,1,1,1,0.02369269159326659,0,0,0
TUR.40.25_1,2037,2,albopictus,10.676847615662744,76.66093491974897,0.1853405018381179,1.0856843607761485e-11,6.595907809292176e-12,1.8707535301913887e-11,0,0,0,1,1,1,0.019662041261702234,0,0,0
TUR.40.25_1,2037,3,albopictus,9.787122572169583,70.37909808644599,0.2275209205007736,0,0,0,0,0,0,1,1,1,0.02177752336644856,0,0,0
TUR.40.25_1,2037,4,albopictus,11.861802381627701,76.09258662573478,0.3008545703155836,2.905941504205076e-5,2.8149398419775725e-5,2.996035675585834e-5,0,0,0,1,1,1,0.02963739430264345,0,0,0
TUR.40.25_1,2037,5,albopictus,18.1533706889433,72.32895041044195,0.4205151383222466,0.023923064169497632,0.023816301254759212,0.024029112283540037,0,0,0,1,1,1,0.03987809037119028,0,0,0
TUR.40.25_1,2037,6,albopictus,22.639883265775794,68.9575045576438,0.47298316543735147,0.07465334675780598,0.07440856215807529,0.07490307454226179,2.4328228320769084e-13,2.2137014443757152e-13,2.672306820272752e-13,0.9999999999997568,0.9999999999997328,0.9999999999997786,0.046197180015284944,1.1238955431875228e-14,1.0226676412592121e-14,1.2345303923221402e-14
TUR.40.25_1,2037,7,albopictus,25.91009813196519,66.83108194143134,0.5554403379818722,0.10507885829541162,0.10470986565166748,0.1054496595147839,3.723548822720524e-9,3.3712313080025424e-9,4.1027353459011096e-9,0.9999999962764512,0.9999999958972646,0.9999999966287686,0.05233317675338234,1.948651386892819e-10,1.764272439182334e-10,2.14709174029392e-10
TUR.40.25_1,2037,8,albopictus,25.611371376935175,68.80636054122118,0.6595503892573171,0.10691099817179239,0.10652074658171581,0.10726712703189821,6.028309274874743e-9,5.4375997399214174e-9,6.60490639126099e-9,0.9999999939716907,0.9999999933950936,0.9999999945624003,0.06183314033248111,3.7274929336092744e-10,3.3622386779042375e-10,4.084021037737421e-10
TUR.40.25_1,2037,9,albopictus,22.082750152139102,70.01689065984583,0.5256935097394886,0.06866068356800363,0.06843860085821774,0.06888749835135519,2.2516544184725263e-14,2.0539125955565396e-14,2.475797344914099e-14,0.9999999999999775,0.9999999999999752,0.9999999999999795,0.05121148063376757,1.1531055664554296e-15,1.0518390511079501e-15,1.2678924778220155e-15
TUR.40.25_1,2037,10,albopictus,17.7336098727058,76.7398771882779,0.5180490143713603,0.021460085604092818,0.021359170359520258,0.02155576359233401,0,0,0,1,1,1,0.04889781826019879,0,0,0
TUR.40.25_1,2037,11,albopictus,11.839385607663324,77.60247897846914,0.30049412368147665,2.7683684285945716e-5,2.6852732973952478e-5,2.859909091567064e-5,0,0,0,1,1,1,0.02960241727877111,0,0,0
TUR.40.25_1,2037,12,albopictus,7.915386929231532,77.13404002601217,0.24716113481730745,0,0,0,0,0,0,1,1,1,0.023635031661433437,0,0,0
TUR.40.25_1,2038,1,albopictus,6.8493412733078,76.706419543911,0.22886577846519435,0,0,0,0,0,0,1,1,1,0.0219048283357971,0,0,0
TUR.40.25_1,2038,2,albopictus,6.694483914796044,73.07373856965131,0.1711985283642219,0,0,0,0,0,0,1,1,1,0.01817549603723667,0,0,0
TUR.40.25_1,2038,3,albopictus,6.833567465052885,75.95654407033271,0.21016046884251338,0,0,0,0,0,0,1,1,1,0.02013268553587233,0,0,0
TUR.40.25_1,2038,4,albopictus,14.691451353185318,75.63330470434806,0.2778985660385502,0.003557918703622194,0.0035290680587414334,0.0035877719865446277,0,0,0,1,1,1,0.027407270733022404,0,0,0
TUR.40.25_1,2038,5,albopictus,18.35087854721967,67.12993765409429,0.3884287142943289,0.024002800163561298,0.023900802134637564,0.024119613091755858,0,0,0,1,1,1,0.03689214604306701,0,0,0
TUR.40.25_1,2038,6,albopictus,21.007192836088294,71.16222410110083,0.4368932913252338,0.05566015794120653,0.0554650795311382,0.05585526714108002,6.517009154549669e-17,0,1.1102230246251565e-16,0.9999999999999999,0.9999999999999999,1,0.04274869862519759,2.7859366028549753e-18,0,4.746058948645614e-18
TUR.40.25_1,2038,7,albopictus,22.771607455085306,75.42993219167548,0.513058762189376,0.08477506929223272,0.08450355606994592,0.0850311660122951,8.929616823749598e-12,8.1478851443606e-12,9.715048210345856e-12,0.9999999999910704,0.999999999990285,0.9999999999918522,0.04843839381174264,4.325362962967455e-13,3.946704693553863e-13,4.705813311127981e-13
TUR.40.25_1,2038,8,albopictus,26.395169594708612,68.444498358604,0.6092249395198305,0.111477771143248,0.11106354648441799,0.11189038455049158,1.9282139913534558e-8,1.736818859288114e-8,2.1336033970142943e-8,0.9999999807178601,0.9999999786639661,0.9999999826318114,0.05725293135205489,1.1039590327903116e-9,9.943797092177667e-10,1.221550488217705e-9
TUR.40.25_1,2038,9,albopictus,21.688878844766055,68.46816934636927,0.4855816960970041,0.0620024816567607,0.06177259913052181,0.06221683184010184,1.2303491558895986e-15,1.1102230246251565e-15,1.3322676295501878e-15,0.9999999999999988,0.9999999999999987,0.9999999999999989,0.04739807478804703,5.831618130626573e-17,5.262243395259495e-17,6.314692074311394e-17
TUR.40.25_1,2038,10,albopictus,18.78129931057201,74.75945421464509,0.4785204960671598,0.03106532302575881,0.03094243876970203,0.03118636687749422,0,0,0,1,1,1,0.04525256085256668,0,0,0
TUR.40.25_1,2038,11,albopictus,10.594828226987055,73.85797977192617,0.2775656224417596,5.6301739958750406e-14,1.8745733200005166e-14,1.7236711817617592e-13,0,0,0,1,1,1,0.027374888341800463,0,0,0
TUR.40.25_1,2038,12,albopictus,8.483798756318935,76.43052592689108,0.22830208254487253,0,0,0,0,0,0,1,1,1,0.021851470597417766,0,0,0
TUR.40.25_1,2039,1,albopictus,9.19841182231903,86.89681871383287,0.2529239283018738,0,0,0,0,0,0,1,1,1,0.024179388534741997,0,0,0
TUR.40.25_1,2039,2,albopictus,7.721834340516259,77.24202012482709,0.18919475250409187,0,0,0,0,0,0,1,1,1,0.02006679356544272,0,0,0
TUR.40.25_1,2039,3,albopictus,10.050323332057278,76.91934314259834,0.23225233457738517,0,0,0,0,0,0,1,1,1,0.022225328154211743,0,0,0
TUR.40.25_1,2039,4,albopictus,12.844099325292252,77.50166713110588,0.30711099520113266,3.896623227814556e-4,3.830416134856031e-4,3.9577480828047483e-4,0,0,0,1,1,1,0.0302443045038715,0,0,0
TUR.40.25_1,2039,5,albopictus,19.524533103494083,67.6506667190357,0.42925996600889166,0.03571850593842368,0.03557083087632635,0.0358612004518923,0,0,0,1,1,1,0.04069027252865687,0,0,0
TUR.40.25_1,2039,6,albopictus,25.050960765165442,63.58534650710669,0.48281909262165174,0.092618897657294,0.09228156042965062,0.09293476009777432,1.083577316762785e-10,9.766139563716081e-11,1.19101173368108e-10,0.9999999998916422,0.9999999998808988,0.9999999999023386,0.04713487229459301,5.107427844693163e-12,4.603257411469298e-12,5.6138185968419525e-12
TUR.40.25_1,2039,7,albopictus,23.92307191736558,71.38904626638251,0.5669910043032858,0.0942325693993588,0.09394232252809677,0.0945264979611297,1.7608338731545104e-10,1.6129451940738448e-10,1.9199817291593036e-10,0.9999999998239166,0.9999999998080018,0.9999999998387055,0.053391892980588884,9.401425371206143e-12,8.61181971855459e-12,1.0251145900795952e-11
TUR.40.25_1,2039,8,albopictus,24.817717888775995,70.93858939253954,0.6732660774195234,0.10368804213421706,0.1033561370602287,0.10402699321280519,2.5666069506380395e-9,2.344370367279858e-9,2.8085654968368342e-9,0.9999999974333931,0.9999999971914344,0.9999999976556296,0.06307756627999228,1.6189532004355981e-10,1.4787717722694507e-10,1.7715747627842489e-10
TUR.40.25_1,2039,9,albopictus,22.773118804482852,70.4004050641427,0.5366255755314617,0.07815977229793436,0.07790778640738431,0.07840767251745276,8.951005492363606e-13,8.15855716318481e-13,9.781286891552553e-13,0.9999999999991049,0.9999999999990219,0.9999999999991842,0.05224813574307041,4.676733500019825e-14,4.262694021296793e-14,5.110540052517531e-14
TUR.40.25_1,2039,10,albopictus,16.439477640039783,76.74896379716462,0.5288221089666904,0.01164155940496666,0.011579639446786404,0.011708842272283889,0,0,0,1,1,1,0.049888880303121996,0,0,0
TUR.40.25_1,2039,11,albopictus,14.163431742612055,76.78032016499257,0.306743052894651,0.0022297380561236793,0.0022072060338611693,0.002252169121247287,0,0,0,1,1,1,0.030208622432695842,0,0,0
TUR.40.25_1,2039,12,albopictus,11.74702335806454,77.37958445960592,0.2523009772102268,1.879355014156652e-5,1.8216452710421975e-5,1.9374414327509464e-5,0,0,0,1,1,1,0.024120558840646122,0,0,0
TUR.40.25_1,2040,1,albopictus,6.899595141410828,77.81082017867662,0.21417339056372448,0,0,0,0,0,0,1,1,1,0.020513140446790534,0,0,0
TUR.40.25_1,2040,2,albopictus,7.085092702332665,76.12118577424116,0.1659298982121498,0,0,0,0,0,0,1,1,1,0.017018679819723936,0,0,0
TUR.40.25_1,2040,3,albopictus,8.15115817855386,72.7130595732624,0.1966688968368779,0,0,0,0,0,0,1,1,1,0.0188524999480143,0,0,0
TUR.40.25_1,2040,4,albopictus,11.958428663365982,75.58618556372306,0.26005844351397817,4.0956317807905e-5,3.975885417092154e-5,4.2143189919013444e-5,0,0,0,1,1,1,0.02567060473125371,0,0,0
TUR.40.25_1,2040,5,albopictus,17.081637214211856,76.33883047635992,0.36349294023167494,0.01599723990807298,0.015916500033151752,0.016073863601050155,0,0,0,1,1,1,0.03456522604774814,0,0,0
TUR.40.25_1,2040,6,albopictus,23.954696879667395,66.95272092727271,0.40884625978234884,0.08761289423271457,0.08731890055631793,0.0879016066532557,2.263509046862566e-11,2.0563190039624146e-11,2.4808857745917125e-11,0.9999999999773649,0.9999999999751911,0.9999999999794368,0.04006012431680406,9.067645380952506e-13,8.237639493374102e-13,9.938459254593473e-13
TUR.40.25_1,2040,7,albopictus,26.480446871589212,62.327896669214546,0.4801221720146213,0.09898617432132577,0.0986139933946125,0.0993677381887465,7.010958484876539e-10,6.299353233485405e-10,7.797477136195496e-10,0.9999999992989042,0.9999999992202523,0.9999999993700647,0.04540053609468886,3.1830127375100245e-11,2.8599401385004912e-11,3.540096421693547e-11
TUR.40.25_1,2040,8,albopictus,25.56899009031408,62.88572913252977,0.5701148148401981,0.09518892495591784,0.0948078651986602,0.095524065114735,2.33938066807049e-10,2.0872293615692427e-10,2.578621066673392e-10,0.9999999997660619,0.9999999997421378,0.9999999997912771,0.05367801338028799,1.2557330680227482e-11,1.1203832559804376e-11,1.3841525611958685e-11
TUR.40.25_1,2040,9,albopictus,22.017030547646915,74.20180429509973,0.45440903811049854,0.07238200509355622,0.07213627959287368,0.07261260114685188,1.01099129068416e-13,9.170164627647637e-14,1.1057821325266559e-13,0.9999999999998989,0.9999999999998894,0.9999999999999083,0.0444239281925245,4.491220450062079e-15,4.073747349322468e-15,4.912318605194077e-15
TUR.40.25_1,2040,10,albopictus,16.145648675806385,81.07734056718415,0.4478011425920761,0.010463770407799113,0.010404044980234717,0.010523098714701879,0,0,0,1,1,1,0.04241002573800212,0,0,0
TUR.40.25_1,2040,11,albopictus,9.42222748083227,83.00851535542226,0.2597468737394609,0,0,0,0,0,0,1,1,1,0.025640247099331215,0,0,0
TUR.40.25_1,2040,12,albopictus,7.378891720491298,78.92935100013327,0.21364588196321682,0,0,0,0,0,0,1,1,1,0.020463137130889653,0,0,0
TUR.40.25_1,2041,1,albopictus,8.485793948173523,81.23016221969225,0.25624980058814617,0,0,0,0,0,0,1,1,1,0.024493414260094104,0,0,0
TUR.40.25_1,2041,2,albopictus,7.247332730714013,77.25593614045209,0.1916826056237481,0,0,0,0,0,0,1,1,1,0.020327965528818548,0,0,0
TUR.40.25_1,2041,3,albopictus,10.201903188929837,74.98739734181709,0.235306381729741,0,0,0,0,0,0,1,1,1,0.022514269642275986,0,0,0
TUR.40.25_1,2041,4,albopictus,13.486146253698013,71.11954890600822,0.3111494108409922,9.401688835453289e-4,9.26620168175092e-4,9.519568215742636e-4,0,0,0,1,1,1,0.030635853093506027,0,0,0
TUR.40.25_1,2041,5,albopictus,18.808184455422793,67.8567214065357,0.4349046032487942,0.028504106676303636,0.02838347872614186,0.028622791931780505,0,0,0,1,1,1,0.04121415737134004,0,0,0
TUR.40.25_1,2041,6,albopictus,21.99218963174259,69.38394193557349,0.48916801599246446,0.06680774157649141,0.06657957700234708,0.06703345076621985,1.0329959110322306e-14,9.325873406851315e-15,1.1324274851176597e-14,0.9999999999999897,0.9999999999999887,0.9999999999999907,0.04773964705869871,4.931486020575762e-16,4.452139049571858e-16,5.406168845908686e-16
TUR.40.25_1,2041,7,albopictus,23.35569673426011,67.54564721853095,0.5744467625640358,0.0816391331424178,0.0813730167648213,0.08190716268075611,3.074994037177703e-12,2.8003988017388792e-12,3.3701791357643174e-12,0.999999999996925,0.9999999999966298,0.9999999999971997,0.05407464804631479,1.662792203049009e-13,1.5143057959335156e-13,1.8224125061948879e-13
TUR.40.25_1,2041,8,albopictus,23.479001381817987,71.099527655479,0.6821193203815904,0.08823556722255012,0.08797572503349221,0.08851407831745073,2.7637596655694096e-11,2.540594956634834e-11,3.017716354580813e-11,0.9999999999723624,0.9999999999698228,0.9999999999745941,0.06387994527422414,1.765488161876819e-12,1.6229306679380304e-12,1.9277155558375352e-12
TUR.40.25_1,2041,9,albopictus,22.859775374917422,70.38214029363489,0.5436820376928231,0.07926209873804473,0.07899662246243727,0.07950637849078146,1.3313801172643024e-12,1.2093492873788137e-12,1.4511752910451036e-12,0.9999999999986686,0.9999999999985488,0.9999999999987906,0.05291667735524885,7.045221210246847e-14,6.399474605002482e-14,7.67913746621431e-14
TUR.40.25_1,2041,10,albopictus,16.579162317163807,79.75568529374665,0.5357759579298507,0.013037952691325586,0.012966930024658391,0.013107541377363944,0,0,0,1,1,1,0.050528045462445936,0,0,0
TUR.40.25_1,2041,11,albopictus,12.907512286130121,83.45500278218007,0.31077663020573587,4.8383178701125716e-4,4.764633267677568e-4,4.908272667409506e-4,0,0,0,1,1,1,0.030599716401709443,0,0,0
TUR.40.25_1,2041,12,albopictus,10.816540493684657,81.53170695716452,0.2556186578802083,1.858177267411818e-9,1.5335308703653497e-9,2.2384578079649365e-9,0,0,0,1,1,1,0.024433830130643597,0,0,0
TUR.40.25_1,2042,1,albopictus,9.968113780021667,80.61681230514147,0.24438833806312435,0,0,0,0,0,0,1,1,1,0.02337300344778659,0,0,0
TUR.40.25_1,2042,2,albopictus,9.421793141785791,77.81257676545209,0.18280987269640078,0,0,0,0,0,0,1,1,1,0.019396197529431336,0,0,0
TUR.40.25_1,2042,3,albopictus,9.572913015589993,67.8282939482624,0.22441436221448788,0,0,0,0,0,0,1,1,1,0.02148339156130108,0,0,0
TUR.40.25_1,2042,4,albopictus,13.867657941930435,68.99641810766838,0.2967467183592725,0.0014490670174022635,0.0014322282501820903,0.0014666604642075997,0,0,0,1,1,1,0.029238701826952096,0,0,0
TUR.40.25_1,2042,5,albopictus,18.877177070168887,61.07975912626226,0.41477344747206774,0.02653072909005627,0.02640653614311274,0.02665060346551502,0,0,0,1,1,1,0.0393444527873793,0,0,0
TUR.40.25_1,2042,6,albopictus,22.536342845243567,63.89416913894263,0.4665250789957661,0.06755136345150149,0.06729317388520921,0.06779803467033689,1.4164558415075135e-14,1.2656542480726785e-14,1.5654144647214707e-14,0.9999999999999858,0.9999999999999843,0.9999999999999873,0.045581006965790816,6.456348357848906e-16,5.76897950976835e-16,7.135316762081905e-16
TUR.40.25_1,2042,7,albopictus,24.81072145349839,75.17224176198798,0.5478563857866319,0.11183032209172136,0.11150848138385883,0.1121658355171253,2.1038711983001334e-8,1.9405772005987033e-8,2.2841304400667006e-8,0.999999978961288,0.9999999771586956,0.999999980594228,0.0516373995341205,1.0863843763495285e-9,1.0020636023412033e-9,1.179465561217707e-9
TUR.40.25_1,2042,8,albopictus,25.046466210309198,69.54267340743212,0.6505449240787279,0.1033662124842728,0.1030234316235629,0.10370760106737942,2.3534589721485586e-9,2.1424529095259714e-9,2.577503216416588e-9,0.999999997646541,0.9999999974224968,0.9999999978575471,0.06101517470035356,1.4359671033575884e-10,1.3072213856200793e-10,1.5726680904038133e-10
TUR.40.25_1,2042,9,albopictus,22.402284453896915,72.86994089177942,0.5185157191207912,0.07623154709473325,0.07598649794847535,0.07647708626471666,4.406334186413119e-13,4.0167591475182006e-13,4.822059418430057e-13,0.9999999999995594,0.9999999999995178,0.9999999999995983,0.05053021563079607,2.226530165808033e-14,2.029677058610673e-14,2.4365970219778192e-14
TUR.40.25_1,2042,10,albopictus,15.307927804834703,74.46146532304353,0.5109756012770597,0.0056281048094946025,0.005589035683597216,0.00566982504123352,0,0,0,1,1,1,0.04824654325386357,0,0,0
TUR.40.25_1,2042,11,albopictus,12.483885386410883,79.72575473530507,0.296391193243923,1.9608968655606765e-4,1.9207494388447807e-4,2.0000574385636532e-4,0,0,0,1,1,1,0.02920418821118187,0,0,0
TUR.40.25_1,2042,12,albopictus,9.649729504304775,77.44347300941061,0.2437864101118847,0,0,0,0,0,0,1,1,1,0.02331611220173402,0,0,0
TUR.40.25_1,2043,1,albopictus,5.6528133153915405,82.5908189579735,0.2216877140072236,0,0,0,0,0,0,1,1,1,0.02122515711633932,0,0,0
TUR.40.25_1,2043,2,albopictus,8.180149236146143,75.65657090607709,0.16582911892280555,0,0,0,0,0,0,1,1,1,0.017610495914974433,0,0,0
TUR.40.25_1,2043,3,albopictus,8.913567388758938,70.46402850636787,0.2035690710285395,0,0,0,0,0,0,1,1,1,0.019507451119111674,0,0,0
TUR.40.25_1,2043,4,albopictus,12.591725629918717,65.88570414892814,0.26918265475998515,1.890814789316492e-4,1.850292442481591e-4,1.9296956183313267e-4,0,0,0,1,1,1,0.026559198006531504,0,0,0
TUR.40.25_1,2043,5,albopictus,17.23629648545209,73.23359060819585,0.3762461749595746,0.016494806390144556,0.016412465644155615,0.016574375871268907,0,0,0,1,1,1,0.03575601522689309,0,0,0
TUR.40.25_1,2043,6,albopictus,22.222952113432044,66.88024930862036,0.4231907263222076,0.06706938608286499,0.06683594784461175,0.06729570777002629,1.1547096612218866e-14,1.0436096431476471e-14,1.2656542480726785e-14,0.9999999999999885,0.9999999999999873,0.9999999999999896,0.04143611972755745,4.784668777295739e-16,4.3243134122299415e-16,5.244380095683121e-16
TUR.40.25_1,2043,7,albopictus,25.161389406989603,64.74418695241766,0.49696737058675555,0.0955500023930377,0.09521470082506046,0.09588050857625201,2.6016060861167033e-10,2.354055339548467e-10,2.862935916114751e-10,0.9999999997398394,0.9999999997137063,0.9999999997645945,0.04695543780314937,1.2215955276494773e-11,1.105356990813397e-11,1.3443040934352863e-11
TUR.40.25_1,2043,8,albopictus,24.369956353131464,68.9133704289165,0.59011742631011,0.09529878464152501,0.09497834036612314,0.09560304094903381,2.4157327271900896e-10,2.1952896445132097e-10,2.639170826324033e-10,0.9999999997584267,0.999999999736083,0.999999999780471,0.05550807165253391,1.3409266531423865e-11,1.2185629488570494e-11,1.4649528333087155e-11
TUR.40.25_1,2043,9,albopictus,21.74436361649457,71.07567514470911,0.4703520853724582,0.06529161307929478,0.06506850784059288,0.06551100010940247,5.369149569389719e-15,4.884981308350689e-15,5.88418203051333e-15,0.9999999999999947,0.9999999999999941,0.9999999999999951,0.04594619383994669,2.4669198687084636e-16,2.2444629809799715e-16,2.7035576816349655e-16
TUR.40.25_1,2043,10,albopictus,17.26113672817455,79.0339445710904,0.4635123502960236,0.01800719241907402,0.01791603931645564,0.018093534310676753,0,0,0,1,1,1,0.04386487702987174,0,0,0
TUR.40.25_1,2043,11,albopictus,13.203760722104242,80.6591348622582,0.2688601534871395,7.402792102362998e-4,7.304910237360274e-4,7.502501269905972e-4,0,0,0,1,1,1,0.02652780391053411,0,0,0
TUR.40.25_1,2043,12,albopictus,9.037928356843837,81.59160533362936,0.22114169764422964,0,0,0,0,0,0,1,1,1,0.021173437000230444,0,0,0
TUR.40.25_1,2044,1,albopictus,9.898720622062683,80.42725999801256,0.23515047137838269,0,0,0,0,0,0,1,1,1,0.022499521130012634,0,0,0
TUR.40.25_1,2044,2,albopictus,5.118515649262597,74.08553361359662,0.18218179988491448,0,0,0,0,0,0,1,1,1,0.018669910252621325,0,0,0
TUR.40.25_1,2044,3,albopictus,8.927410925135892,76.40140643605537,0.21593151079568046,0,0,0,0,0,0,1,1,1,0.020679776818775086,0,0,0
TUR.40.25_1,2044,4,albopictus,11.65243367587819,74.15810023657463,0.28552970757609236,1.109684554169501e-5,1.0652450100152137e-5,1.1509199232912748e-5,0,0,0,1,1,1,0.028149186891199718,0,0,0
TUR.40.25_1,2044,5,albopictus,16.881535361794864,74.64574575956304,0.3990950323623911,0.01420745748446953,0.014130453349830752,0.01428187770197521,0,0,0,1,1,1,0.037885776488548406,0,0,0
TUR.40.25_1,2044,6,albopictus,21.796142802518958,65.83392362502661,0.4488904548602303,0.06080581813515363,0.0605935263927645,0.06101686933557852,7.014389069581739e-16,6.661338147750939e-16,7.771561172376096e-16,0.9999999999999993,0.9999999999999992,0.9999999999999993,0.043896440046125806,3.07906709253095e-17,2.9240903062971983e-17,3.411438690680065e-17
TUR.40.25_1,2044,7,albopictus,25.16977029688218,62.400364473169624,0.5271474424123614,0.09150193422646936,0.0911535071886353,0.09181686209556161,7.701225701595148e-11,6.907848182358123e-11,8.472481605181769e-11,0.9999999999229877,0.9999999999152752,0.9999999999309215,0.049734888536605903,3.8301960186407935e-12,3.4356105937737692e-12,4.213779282621593e-12
TUR.40.25_1,2044,8,albopictus,24.662564614239862,71.8811324223247,0.6259543592068377,0.1037763668160589,0.10342190657546396,0.10410985895642118,2.628395673665018e-9,2.3863954701219825e-9,2.871692769690348e-9,0.9999999973716043,0.9999999971283072,0.9999999976136046,0.058777981480395036,1.5449179222983288e-10,1.402675087477285e-10,1.6879230443424364e-10
TUR.40.25_1,2044,9,albopictus,22.278035949258243,68.2880126386056,0.4989158514464851,0.06928720384280694,0.06904980794052604,0.06953385398933146,2.9170110771303824e-14,2.6423307986078726e-14,3.21992432716911e-14,0.9999999999999708,0.9999999999999678,0.9999999999999736,0.048667442508349534,1.4196346889246164e-15,1.2859548222928994e-15,1.5670548207373873e-15
TUR.40.25_1,2044,10,albopictus,19.614127832300525,76.94293352372712,0.4916607496717677,0.04182465792884176,0.04168111869247074,0.04197336715855935,0,0,0,1,1,1,0.04646588183158773,0,0,0
TUR.40.25_1,2044,11,albopictus,11.131095507565668,73.75331210835195,0.2851876212919273,2.385737776757339e-7,2.2075434428097665e-7,2.575784863806756e-7,0,0,0,1,1,1,0.028115940639206638,0,0,0
TUR.40.25_1,2044,12,albopictus,7.754013790803798,78.64617839271139,0.2345712962729271,0,0,0,0,0,0,1,1,1,0.022444731471059076,0,0,0
TUR.40.25_1,2045,1,albopictus,7.828082919120789,79.87739427535631,0.24451583308120475,0,0,0,0,0,0,1,1,1,0.02338505321957096,0,0,0
TUR.40.25_1,2045,2,albopictus,5.854957261506249,74.80857896271772,0.18290524282825496,0,0,0,0,0,0,1,1,1,0.019406217511874324,0,0,0
TUR.40.25_1,2045,3,albopictus,9.964303816066067,73.48667254933662,0.22453143700371395,0,0,0,0,0,0,1,1,1,0.021494477913886922,0,0,0
TUR.40.25_1,2045,4,albopictus,12.496879858129166,77.1166649948754,0.29690152823490884,1.918460827317796e-4,1.8811288400200603e-4,1.9551899570029746e-4,0,0,0,1,1,1,0.02925373005421017,0,0,0
TUR.40.25_1,2045,5,albopictus,19.734297584084903,65.16477346952398,0.4149898307438877,0.03666113518116671,0.036518860748786165,0.03681075087969394,0,0,0,1,1,1,0.03936456900808738,0,0,0
TUR.40.25_1,2045,6,albopictus,22.06880210427677,72.81436948684302,0.46676846059021104,0.07155211401139176,0.07131854562196753,0.07177156285669388,7.283373903987922e-14,6.628031457012185e-14,7.938094626069869e-14,0.9999999999999272,0.9999999999999206,0.9999999999999337,0.045604235484749234,3.3215269864094253e-15,3.022663073659092e-15,3.6201073662751274e-15
TUR.40.25_1,2045,7,albopictus,25.216097887824564,64.86488015920477,0.5481421971324798,0.09619014815394047,0.09585866188549963,0.09652934721089634,3.1381429221877257e-10,2.8446764388512236e-10,3.4597048559348305e-10,0.9999999996861857,0.9999999996540295,0.9999999997155323,0.05166363008663777,1.6212785509090715e-11,1.4696631125298365e-11,1.787409118859615e-11
TUR.40.25_1,2045,8,albopictus,25.961741784039667,67.3263114079204,0.6508843070358481,0.10644121003676149,0.10608069944961329,0.10681472995107628,5.332104909494539e-9,4.845179221724117e-9,5.871521857603312e-9,0.9999999946678951,0.9999999941284781,0.9999999951548207,0.06104601375327756,3.2550374963892245e-10,2.9577887740646505e-10,3.584330040719216e-10
TUR.40.25_1,2045,9,albopictus,22.023759673623477,72.83872903875208,0.5187862237263228,0.07095520545114117,0.07071711489230052,0.07117791943506756,5.739531072634918e-14,5.206945985491984e-14,6.272760089132134e-14,0.9999999999999426,0.9999999999999373,0.9999999999999479,0.0505558988783712,2.9016715251740028e-15,2.632418347076736e-15,3.171250247544469e-15
TUR.40.25_1,2045,10,albopictus,17.314506250269275,76.7648024202115,0.5112421722764772,0.017907423473655596,0.017825808700515918,0.017991287448324567,0,0,0,1,1,1,0.0482710955052531,0,0,0
TUR.40.25_1,2045,11,albopictus,13.269350626889398,79.64449405415273,0.2965458176455659,8.011045021417363e-4,7.899222064945194e-4,8.120372018651322e-4,0,0,0,1,1,1,0.029219198967281645,0,0,0
TUR.40.25_1,2045,12,albopictus,11.231607212739833,81.67901530677389,0.24391359111000974,8.919972893360108e-7,8.394680942030516e-7,9.462053234701309e-7,0,0,0,1,1,1,0.023328132995343087,0,0,0
TUR.40.25_1,2046,1,albopictus,7.42998206615448,77.42290361373522,0.24812385282497706,0,0,0,0,0,0,1,1,1,0.02372599169549472,0,0,0
TUR.40.25_1,2046,2,albopictus,7.995963254395654,80.56687211457319,0.1856041507846352,0,0,0,0,0,0,1,1,1,0.019689733556650046,0,0,0
TUR.40.25_1,2046,3,albopictus,7.215888822779935,74.24006762990302,0.2278445715668157,0,0,0,0,0,0,1,1,1,0.021808161862184483,0,0,0
TUR.40.25_1,2046,4,albopictus,14.612807554357193,81.14040004126213,0.30128253932253013,0.003592218896104584,0.0035629957545414187,0.0036221846437026906,0,0,0,1,1,1,0.029678921926084234,0,0,0
TUR.40.25_1,2046,5,albopictus,18.670517753152286,74.88841391141851,0.4211133258317964,0.02994467792002536,0.02982389635748762,0.030068837715923957,0,0,0,1,1,1,0.03993366936898002,0,0,0
TUR.40.25_1,2046,6,albopictus,23.235004649442786,70.55651883987036,0.4736559893050504,0.08434146607573975,0.08407689597710809,0.08460306138681019,7.725331485630705e-12,7.061431994692668e-12,8.423495234666233e-12,0.9999999999922746,0.9999999999915765,0.9999999999929385,0.04626135198667547,3.573842790705085e-13,3.266713910364494e-13,3.8968227800897814e-13
TUR.40.25_1,2046,7,albopictus,24.16565233118394,68.89851434499579,0.5562304581040787,0.0930358021371149,0.09272556523802739,0.09333951328252411,1.2293578999234e-10,1.117844872222662e-10,1.3458731906723643e-10,0.9999999998770642,0.9999999998654127,0.9999999998882154,0.05240563565662848,6.442528219498364e-12,5.858137109433124e-12,7.053134007039999e-12
TUR.40.25_1,2046,8,albopictus,27.832982399884393,65.26152258956103,0.6604886070973373,0.10811818805982466,0.10767663965021046,0.10853511091472903,8.242861123330947e-9,7.344040425794063e-9,9.159925162816053e-9,0.9999999917571388,0.9999999908400748,0.9999999926559596,0.06191831758344657,5.103840928306507e-10,4.5473062742998696e-10,5.671671552718478e-10
TUR.40.25_1,2046,9,albopictus,23.8480146632475,66.00392831853723,0.5264413146642581,0.08503265445159408,0.08474791925372531,0.08532661640285161,9.731576211535753e-12,8.840742027338422e-12,1.0715547893447308e-11,0.9999999999902685,0.9999999999892845,0.9999999999911593,0.051282428853697715,4.990588647024194e-13,4.5337472403087796e-13,5.49519322474102e-13
TUR.40.25_1,2046,10,albopictus,14.329317766077379,84.7081617952115,0.5187859449155684,0.0029300051342867044,0.0029037648276420535,0.0029561061367788205,0,0,0,1,1,1,0.04896564451082508,0,0,0
TUR.40.25_1,2046,11,albopictus,12.387810328427484,83.17613315327382,0.3009215799490359,1.6799263011571102e-4,1.6475544451750466e-4,1.7122473818236998e-4,0,0,0,1,1,1,0.029643896645109802,0,0,0
TUR.40.25_1,2046,12,albopictus,8.743160023408779,79.50363078528952,0.24751272430890997,0,0,0,0,0,0,1,1,1,0.023668251708810262,0,0,0
TUR.40.25_1,2047,1,albopictus,8.907557368278503,79.98033006637193,0.24645196829005006,0,0,0,0,0,0,1,1,1,0.02356802239233413,0,0,0
TUR.40.25_1,2047,2,albopictus,7.228053250733544,81.73971604767866,0.18435353055694606,0,0,0,0,0,0,1,1,1,0.019558368057618014,0,0,0
TUR.40.25_1,2047,3,albopictus,10.29783614944009,75.39383044728584,0.2263093309551913,0,0,0,0,0,0,1,1,1,0.021662819468551087,0,0,0
TUR.40.25_1,2047,4,albopictus,11.657979292028092,73.87763606421134,0.2992524659845501,1.1323264988160658e-5,1.0894189421217783e-5,1.1756276745720049e-5,0,0,0,1,1,1,0.0294819196353181,0,0,0
TUR.40.25_1,2047,5,albopictus,17.851637671975528,70.90745688016851,0.4182758200906354,0.020835742744289686,0.020738644523091702,0.02093332318019783,0,0,0,1,1,1,0.03967000151858069,0,0,0
TUR.40.25_1,2047,6,albopictus,23.089346156400794,65.23323087600318,0.47046444558856115,0.07549221912998856,0.07522549203660119,0.0757724085007567,3.3420755052304684e-13,3.018668648380185e-13,3.7082004133992543e-13,0.9999999999996658,0.9999999999996291,0.9999999999996981,0.04595691354890652,1.5359147506779473e-14,1.3872869410640266e-14,1.7041744582060893e-14
TUR.40.25_1,2047,7,albopictus,25.377366122077493,68.91538675100165,0.5524825189592858,0.10517903425094839,0.10481869673656545,0.1055374012798809,3.823178187034593e-9,3.4703693391202606e-9,4.1989968696531925e-9,0.9999999961768218,0.9999999958010031,0.9999999965296307,0.05206187725352984,1.9904183349176772e-10,1.806739425576925e-10,2.1860765961584057e-10
TUR.40.25_1,2047,8,albopictus,25.919394829693964,71.5464041813579,0.6560381656136623,0.11516054943837005,0.11478307573266235,0.11552806538964502,4.741620925563517e-8,4.325974205243721e-8,5.173091085497461e-8,0.9999999525837907,0.9999999482690891,0.9999999567402579,0.06151421015136327,2.916770660732158e-9,2.6610888637073894e-9,3.1821861216543474e-9
TUR.40.25_1,2047,9,albopictus,22.510459731606876,66.29239191106653,0.5228940978912111,0.06992792644799929,0.06968181402813424,0.07017406422789638,3.7906122685171794e-14,3.419486915845482e-14,4.18554080283684e-14,0.9999999999999621,0.9999999999999581,0.9999999999999658,0.050945838471149085,1.9311592033863225e-15,1.742086280688717e-15,2.132358856557293e-15
TUR.40.25_1,2047,10,albopictus,16.26283236110912,82.21811052568025,0.5152903108265167,0.011349238928953377,0.011286864500699486,0.011413474502564091,0,0,0,1,1,1,0.04864386736675008,0,0,0
TUR.40.25_1,2047,11,albopictus,13.742910960141351,78.98502444966054,0.2988939387931593,0.0014632545176758156,0.0014461579384866057,0.0014797449587428857,0,0,0,1,1,1,0.029447123299395472,0,0,0
TUR.40.25_1,2047,12,albopictus,7.840252651887782,73.22788157874655,0.2458449576219981,0,0,0,0,0,0,1,1,1,0.023510662195302845,0,0,0
TUR.40.25_1,2048,1,albopictus,7.7305744886398315,81.73588426559068,0.2561704789259053,0,0,0,0,0,0,1,1,1,0.024485925960006982,0,0,0
TUR.40.25_1,2048,2,albopictus,8.084385075989893,76.10518693390912,0.19846695885633803,0,0,0,0,0,0,1,1,1,0.020321737418601216,0,0,0
TUR.40.25_1,2048,3,albopictus,11.615430677638333,75.08541980275459,0.23523354306492308,9.467389135261409e-6,9.106473442298582e-6,9.821480376685395e-6,0,0,0,1,1,1,0.022507379415848794,0,0,0
TUR.40.25_1,2048,4,albopictus,15.267771047704361,69.85170375219963,0.3110530951037056,0.005136406745037049,0.005099078103788867,0.005176031958493381,0,0,0,1,1,1,0.030626516546292448,0,0,0
TUR.40.25_1,2048,5,albopictus,17.772066901711856,67.39985800321539,0.434769979315559,0.019235067437601186,0.01913680647126994,0.01932471638711727,0,0,0,1,1,1,0.04120166611049414,0,0,0
TUR.40.25_1,2048,6,albopictus,22.43770431069767,64.6229098310813,0.4890165949179717,0.0672124929229878,0.06697076697717119,0.06744889068693083,1.227151713578678e-14,1.1102230246251565e-14,1.354472090042691e-14,0.9999999999999877,0.9999999999999865,0.9999999999999889,0.04772522772094545,5.856609497869084e-16,5.298564667127243e-16,6.464248893895236e-16
TUR.40.25_1,2048,7,albopictus,25.17393403894761,65.02974374563055,0.5742689436078029,0.09615647215621584,0.09580859527392781,0.09650010155036357,3.10747520049226e-10,2.803248910776546e-10,3.4304051543809776e-10,0.9999999996892525,0.9999999996569595,0.9999999997196751,0.0540583701521844,1.6798504462694402e-11,1.5153906724746624e-11,1.8544211160748815e-11
TUR.40.25_1,2048,8,albopictus,25.8506539849674,69.68430167281298,0.6819081715798542,0.11059936054384373,0.11023214021525266,0.11097254109745132,1.548045471899684e-8,1.4098079553770403e-8,1.6977530217787696e-8,0.9999999845195453,0.9999999830224698,0.9999999859019205,0.06386081663093457,9.885944801733428e-10,9.003148732316596e-10,1.0841989440842906e-9
TUR.40.25_1,2048,9,albopictus,20.18985922196332,76.18707193425989,0.5435137419015236,0.04875989214403794,0.04859576580450908,0.048930038701472084,0,0,0,1,1,1,0.052900738207403486,0,0,0
TUR.40.25_1,2048,10,albopictus,17.511777597315174,79.69127794511384,0.5356101094512405,0.020303208554755363,0.020207732882019803,0.020395767378611117,0,0,0,1,1,1,0.05051280645507594,0,0,0
TUR.40.25_1,2048,11,albopictus,12.849991419736078,84.13175296528554,0.31068042986202066,4.427740524696463e-4,4.359717061899984e-4,4.497905095395884e-4,0,0,0,1,1,1,0.03059039069280478,0,0,0
TUR.40.25_1,2048,12,albopictus,10.040267719941982,77.42675700599264,0.255539531587051,0,0,0,0,0,0,1,1,1,0.02442635981803387,0,0,0
TUR.40.25_1,2049,1,albopictus,6.600338339805603,80.20012529342272,0.23273490177042455,0,0,0,0,0,0,1,1,1,0.022270989214998815,0,0,0
TUR.40.25_1,2049,2,albopictus,9.135600247803858,81.96962022248334,0.17409274968624386,0,0,0,0,0,0,1,1,1,0.018479907845113108,0,0,0
TUR.40.25_1,2049,3,albopictus,9.836882436976712,75.5105449248249,0.21371336684801545,0,0,0,0,0,0,1,1,1,0.02046953426474374,0,0,0
TUR.40.25_1,2049,4,albopictus,13.191941541783951,74.2791863571801,0.28259662017997933,6.539572691373512e-4,6.449921531389753e-4,6.636265556066894e-4,0,0,0,1,1,1,0.027864092745858215,0,0,0
TUR.40.25_1,2049,5,albopictus,17.60312540390912,70.92785788114507,0.3949953517399763,0.018799379539532975,0.018710873584112074,0.018886949872782364,0,0,0,1,1,1,0.0375039883990439,0,0,0
TUR.40.25_1,2049,6,albopictus,24.16910956887638,66.33638029006568,0.4442792536421044,0.08895554958188422,0.08863892665216476,0.08927628136291818,3.476607512986618e-11,3.1401028999233917e-11,3.8431532956018086e-11,0.9999999999652339,0.9999999999615685,0.999999999968599,0.043455459791473916,1.5107757799132611e-12,1.3645461530871159e-12,1.6700599350949488e-12
TUR.40.25_1,2049,7,albopictus,26.429884966681986,58.887772157495796,0.5217323508187104,0.09212552919069351,0.09174610927803653,0.09248550427863853,9.327391958802167e-11,8.290595154836212e-11,1.0392110227908091e-10,0.9999999999067261,0.9999999998960789,0.9999999999170941,0.04923678003816023,4.592507462052468e-12,4.082022100241076e-12,5.116740454238259e-12
TUR.40.25_1,2049,8,albopictus,25.474322655621698,65.27794104659228,0.6195242792788418,0.09895367366327153,0.09859277421431081,0.0992822051447435,6.944818852216982e-10,6.261474255753186e-10,7.61162444185004e-10,0.9999999993055181,0.9999999992388375,0.9999999993738525,0.0581921089432329,4.041336552392283e-11,3.643683920360375e-11,4.429364787551118e-11
TUR.40.25_1,2049,9,albopictus,20.362125228433047,72.01271738103723,0.49379076723713455,0.048065738147125024,0.04789829718253197,0.04823764763364991,0,0,0,1,1,1,0.048179751599351506,0,0,0
TUR.40.25_1,2049,10,albopictus,14.716689782984117,78.64808794267243,0.4866101930755106,0.003789751492715979,0.003759562094341485,0.0038214822392567496,0,0,0,1,1,1,0.045999715205635394,0,0,0
TUR.40.25_1,2049,11,albopictus,12.106350520077875,80.85995578510976,0.28225804795737014,7.500602795666782e-5,7.317788055887276e-5,7.687071927938089e-5,0,0,0,1,1,1,0.02783117836718696,0,0,0
TUR.40.25_1,2049,12,albopictus,8.6227185866412,82.42780223304342,0.23216167620772016,0,0,0,0,0,0,1,1,1,0.022216749717453466,0,0,0
TUR.40.25_1,2050,1,albopictus,6.3122323751449585,75.88892991988756,0.2377658842556885,0,0,0,0,0,0,1,1,1,0.02274689956497955,0,0,0
TUR.40.25_1,2050,2,albopictus,8.416078725281885,79.44165086213178,0.17785607683580437,0,0,0,0,0,0,1,1,1,0.018875590340035164,0,0,0
TUR.40.25_1,2050,3,albopictus,6.91412719558267,75.18435779103584,0.21833316472663253,0,0,0,0,0,0,1,1,1,0.020907362137725705,0,0,0
TUR.40.25_1,2050,4,albopictus,15.403351110570572,66.7032128464379,0.2887054531728181,0.0054098110536940315,0.005371498080353845,0.005451937437292087,0,0,0,1,1,1,0.028457772983100482,0,0,0
TUR.40.25_1,2050,5,albopictus,19.43869669297162,71.26713705594976,0.4035338849863767,0.036633597848541054,0.03648111213430648,0.03677142828688153,0,0,0,1,1,1,0.03829897966009288,0,0,0
TUR.40.25_1,2050,6,albopictus,23.302398906034583,71.03971128371802,0.4538831468555271,0.08589735304267597,0.08561458004011695,0.08618032483313232,1.2950191696781132e-11,1.178566411130788e-11,1.4195569719710477e-11,0.9999999999870498,0.9999999999858044,0.9999999999882143,0.04437367396116065,5.746475840874959e-13,5.229732166909282e-13,6.299095824353575e-13
TUR.40.25_1,2050,7,albopictus,25.084147509406595,68.07625634939032,0.5330105316974585,0.10096010150600222,0.10061515169099422,0.1013119656218649,1.2183302207091628e-9,1.105753941188503e-9,1.3413006483276035e-9,0.9999999987816698,0.9999999986586994,0.9999999988942461,0.050273911975862284,6.125022627346533e-11,5.559057630627361e-11,6.743243072718895e-11
TUR.40.25_1,2050,8,albopictus,26.015050270978143,69.14378195845751,0.6329164081539604,0.11062849747599766,0.11022521309802284,0.11098604392854979,1.55938433092917e-8,1.407349589643836e-8,1.7034955862582635e-8,0.9999999844061567,0.9999999829650442,0.9999999859265041,0.05941191310462868,9.264600636588338e-10,8.361333152775441e-10,1.0120793174489443e-9
TUR.40.25_1,2050,9,albopictus,22.891679595498477,68.74775613836145,0.5044649406527127,0.07756896019420137,0.07731278114382659,0.07783785406484027,7.218572406486601e-13,6.564720989032935e-13,7.953665503990238e-13,0.9999999999992781,0.9999999999992046,0.9999999999993435,0.04919519898904856,3.551191059539635e-14,3.22952755363059e-14,3.912821571611309e-14
TUR.40.25_1,2050,10,albopictus,17.951673227197986,79.7271818757779,0.4971291454968742,0.02440113609639618,0.024301509674957613,0.024502431936701173,0,0,0,1,1,1,0.04697035820555373,0,0,0
TUR.40.25_1,2050,11,albopictus,12.204581835690668,83.73745822651601,0.2883595621041356,1.0603997727974619e-4,1.0357294553862048e-4,1.0839474055490031e-4,0,0,0,1,1,1,0.02842416762399691,0,0,0
TUR.40.25_1,2050,12,albopictus,7.466406597810634,77.3579474967153,0.237180267393939,0,0,0,0,0,0,1,1,1,0.022691514521992473,0,0,0
TUR.40.25_1,2051,1,albopictus,8.72996985912323,80.38119371383287,0.24525092529523088,0,0,0,0,0,0,1,1,1,0.023454525139800952,0,0,0
TUR.40.25_1,2051,2,albopictus,6.256593862000634,78.30072068635053,0.18345511405014409,0,0,0,0,0,0,1,1,1,0.019463987270970762,0,0,0
TUR.40.25_1,2051,3,albopictus,10.980899656520169,69.85699573048896,0.225206449779229,2.6691002207830387e-8,2.382786116479299e-8,3.009926473462854e-8,0,0,0,1,1,1,0.02155839554183636,0,0,0
TUR.40.25_1,2051,4,albopictus,11.574065488927506,70.38421260229728,0.2977941084780273,6.606529610258315e-6,6.323507409747918e-6,6.893047183593696e-6,0,0,0,1,1,1,0.029340373081523374,0,0,0
TUR.40.25_1,2051,5,albopictus,16.89505655625287,66.63295889432867,0.4162374219106263,0.01285235869500004,0.012780346786130863,0.0129228854811584,0,0,0,1,1,1,0.03948054396925227,0,0,0
TUR.40.25_1,2051,6,albopictus,22.291181788725012,63.199104594264895,0.4681717147550195,0.06400438538058965,0.06378397163846788,0.06423067433744314,3.042455176682779e-15,2.7755575615628914e-15,3.3306690738754696e-15,0.999999999999997,0.9999999999999967,0.9999999999999972,0.04573815207172227,1.391562775425156e-16,1.2694887383458219e-16,1.523386486014986e-16
TUR.40.25_1,2051,7,albopictus,24.808632906745462,70.96122033864813,0.5497900865808388,0.10363870306845148,0.10330292058823058,0.10396033458380291,2.532627136564436e-9,2.3108880309319345e-9,2.758755207610264e-9,0.9999999974673729,0.9999999972412448,0.999999997689112,0.05181485223781235,1.3122770085456004e-10,1.1973832186086733e-10,1.4294449344262117e-10
TUR.40.25_1,2051,8,albopictus,25.549075463238886,68.1345389469829,0.6528410718813169,0.10506990551219009,0.10471691322479443,0.10544459717718632,3.714280958133642e-9,3.3775679003644753e-9,4.097246741885386e-9,0.999999996285719,0.9999999959027532,0.9999999966224321,0.06122380132122063,2.274023994319671e-10,2.0678754608084694e-10,2.508490204892094e-10
TUR.40.25_1,2051,9,albopictus,21.42706091263715,67.69016183904505,0.5203458597997814,0.05800145137599312,0.057792415486896835,0.05819872363055694,2.177147351289932e-16,1.1102230246251565e-16,2.220446049250313e-16,0.9999999999999998,0.9999999999999998,0.9999999999999999,0.05070396605850935,1.1039000540417825e-17,5.629271055796953e-18,1.1258542111593906e-17
TUR.40.25_1,2051,10,albopictus,17.26176233852611,69.89550157792634,0.5127791285364729,0.015960153760809618,0.01588112568639338,0.016043062264492352,0,0,0,1,1,1,0.04841264294900505,0,0,0
TUR.40.25_1,2051,11,albopictus,13.599428751889398,83.79476260884023,0.29743732850973503,0.001325593361470465,0.0013093347863263759,0.0013397159849062327,0,0,0,1,1,1,0.029305741272638852,0,0,0
TUR.40.25_1,2051,12,albopictus,10.184887661653407,79.04952159339499,0.244646872793493,0,0,0,0,0,0,1,1,1,0.023397437851525926,0,0,0
TUR.40.25_1,2052,1,albopictus,6.962451338768005,78.46737535445787,0.23682393708491087,0,0,0,0,0,0,1,1,1,0.02265781284724322,0,0,0
TUR.40.25_1,2052,2,albopictus,6.11108175796621,75.55412339631147,0.1834783101265223,0,0,0,0,0,0,1,1,1,0.018801519134729938,0,0,0
TUR.40.25_1,2052,3,albopictus,6.895332182154935,76.16590991505927,0.21746820334899425,0,0,0,0,0,0,1,1,1,0.020825402838157925,0,0,0
TUR.40.25_1,2052,4,albopictus,13.727592748754166,82.5821419846215,0.28756170083990656,0.0015175837829744215,0.0015006467464325668,0.0015345747774975584,0,0,0,1,1,1,0.02834664625928196,0,0,0
TUR.40.25_1,2052,5,albopictus,16.861475776223575,75.38140249784429,0.40193522165220774,0.014208929967000059,0.014135561638177687,0.0142873673111174,0,0,0,1,1,1,0.03815018400586756,0,0,0
TUR.40.25_1,2052,6,albopictus,22.600877986234778,70.9687579145774,0.4520850169539957,0.0765983199988122,0.07634690655063275,0.07685398533292434,5.049515250377112e-13,4.595074321045445e-13,5.543870917890104e-13,0.9999999999994951,0.9999999999994457,0.9999999999995405,0.044201824484085495,2.2319778682688213e-14,2.0311066863017905e-14,2.4504920927500427e-14
TUR.40.25_1,2052,7,albopictus,25.70828920252183,65.77828653127509,0.5308989261410145,0.10160421946865261,0.10122491774631867,0.10197712762973651,1.4557518835944804e-9,1.309432395846244e-9,1.6106754652245314e-9,0.9999999985442481,0.9999999983893245,0.9999999986905675,0.050079816639992614,7.290378740373545e-11,6.557613428644612e-11,8.066233196497933e-11
TUR.40.25_1,2052,8,albopictus,24.901099541608026,76.61664038741259,0.6304090096604144,0.11587903205811181,0.11553218223771164,0.11620925397845468,5.6300150509946964e-8,5.17818734863118e-8,6.085228723140546e-8,0.9999999436998495,0.9999999391477128,0.9999999482181264,0.05918365033236217,3.332048421440063e-9,3.064640293968493e-9,3.601460489427968e-9
TUR.40.25_1,2052,9,albopictus,22.61982328751508,72.92218698552942,0.5024664229717938,0.07931445050749128,0.07906563464864315,0.07957681771674599,1.3565150114303037e-12,1.239661151508642e-12,1.4880374710202204e-12,0.9999999999986435,0.999999999998512,0.9999999999987603,0.049005159979272794,6.647623514942709e-14,6.074979304977053e-14,7.292151432249842e-14
TUR.40.25_1,2052,10,albopictus,17.22976656521068,73.47367235429353,0.4951596897291648,0.016499870508035662,0.016415813294648463,0.016586726126316512,0,0,0,1,1,1,0.0467887005988642,0,0,0
TUR.40.25_1,2052,11,albopictus,14.768803217831781,76.42987918598867,0.287217180073421,0.00383685065360683,0.0038028503415885764,0.0038687236257573154,0,0,0,1,1,1,0.02831317020680657,0,0,0
TUR.40.25_1,2052,12,albopictus,11.574892773347743,84.52996745521139,0.2362406402370179,1.0087017107601785e-5,9.701710965077712e-6,1.0449648569863652e-5,0,0,0,1,1,1,0.022602642198143785,0,0,0
TUR.40.25_1,2053,1,albopictus,9.496500849723816,79.14652116744615,0.24653080091942572,0,0,0,0,0,0,1,1,1,0.023575471528455072,0,0,0
TUR.40.25_1,2053,2,albopictus,6.054391541901757,77.95768022004194,0.18441249974939894,0,0,0,0,0,0,1,1,1,0.019564562593543666,0,0,0
TUR.40.25_1,2053,3,albopictus,8.788111532435696,75.18878283986396,0.22638172055603412,0,0,0,0,0,0,1,1,1,0.021669673132091893,0,0,0
TUR.40.25_1,2053,4,albopictus,13.749267858617447,71.3290673386254,0.2993481879173242,0.0013099126364977752,0.0012938337384119504,0.0013250405651019808,0,0,0,1,1,1,0.029491209577499955,0,0,0
TUR.40.25_1,2053,5,albopictus,17.876232932595645,81.79588461454351,0.41840961404217414,0.024325751673529804,0.024220701344403014,0.024433899602818464,0,0,0,1,1,1,0.03968243560052975,0,0,0
TUR.40.25_1,2053,6,albopictus,21.990776286405676,79.31132535842505,0.4706149331238438,0.07793335217726616,0.07769225352647909,0.07816858851749851,8.242903026811632e-13,7.542827473727698e-13,8.969797127278411e-13,0.9999999999991757,0.999999999999103,0.9999999999992457,0.04597127060014172,3.789367255762848e-14,3.467533628849194e-14,4.123529709664897e-14
TUR.40.25_1,2053,7,albopictus,24.71842866785386,74.41926629812079,0.5526592416284365,0.10925707957658852,0.10892638338809366,0.10959292098082815,1.1024454192765099e-8,1.012400065170116e-8,1.1994858886699155e-8,0.9999999889755458,0.9999999880051411,0.9999999898759994,0.052078088936376665,5.741325059258314e-10,5.272386063312282e-10,6.246693278808067e-10
TUR.40.25_1,2053,8,albopictus,26.11644110960119,66.83573752486376,0.6562480126435926,0.10640902780876293,0.10602780250656958,0.10679054593865968,5.287207057724785e-9,4.77829075473668e-9,5.834605495969037e-9,0.999999994712793,0.9999999941653945,0.9999999952217092,0.06153326851806851,3.2533913159360614e-10,2.9402384806861637e-10,3.59022346680461e-10
TUR.40.25_1,2053,9,albopictus,22.428504775552188,64.1649199872384,0.5230613561075191,0.06660553088262272,0.06636738820783394,0.06683761743675229,9.476863738200336e-15,8.548717289613705e-15,1.0436096431476471e-14,0.9999999999999906,0.9999999999999896,0.9999999999999915,0.05096171204902311,4.829572009539943e-16,4.35657268901799e-16,5.318413412567415e-16
TUR.40.25_1,2053,10,albopictus,18.093017297632557,71.96356340653962,0.5154551368182753,0.02325626087428199,0.023136075989347665,0.02336163224189029,0,0,0,1,1,1,0.048659042234569516,0,0,0
TUR.40.25_1,2053,11,albopictus,13.147136309567621,74.67318057759023,0.2989895460437851,6.147894853291187e-4,6.054154688156777e-4,6.239249100207737e-4,0,0,0,1,1,1,0.029456402444250518,0,0,0
TUR.40.25_1,2053,12,albopictus,10.887752308565029,80.17753520423483,0.24592359608677714,8.61937999477058e-9,7.487296935645724e-9,9.870784802800336e-9,0,0,0,1,1,1,0.023518093420806796,0,0,0
TUR.40.25_1,2054,1,albopictus,9.181223750114441,76.97882707564928,0.24129828973090608,0,0,0,0,0,0,1,1,1,0.023080912232877893,0,0,0
TUR.40.25_1,2054,2,albopictus,4.880136170808007,75.38156175080366,0.18049842303102176,0,0,0,0,0,0,1,1,1,0.019153315705425,0,0,0
TUR.40.25_1,2054,3,albopictus,7.757024610743803,74.25166430959052,0.22157686501154206,0,0,0,0,0,0,1,1,1,0.021214657426958272,0,0,0
TUR.40.25_1,2054,4,albopictus,11.689473432653092,78.68510829321525,0.2929946501983095,1.5037405244792754e-5,1.4511420511697058e-5,1.5541687834081744e-5,0,0,0,1,1,1,0.028874397230565174,0,0,0
TUR.40.25_1,2054,5,albopictus,18.34552843430463,70.65401602323492,0.40952904829260106,0.02514147886699237,0.025028996143864394,0.025251000317896687,0,0,0,1,1,1,0.038856774737905386,0,0,0
TUR.40.25_1,2054,6,albopictus,22.124878154081458,72.24801664260474,0.46062633172446016,0.07168756489339366,0.0714415632519658,0.07195059296586163,7.686595804301532e-14,6.961098364399732e-14,8.515688154631107e-14,0.9999999999999232,0.9999999999999148,0.9999999999999304,0.04501785324396168,3.4603404186369798e-15,3.133737045853288e-15,3.833579996165261e-15
TUR.40.25_1,2054,7,albopictus,25.066712435554056,71.3433156755622,0.5409292847448554,0.10704443519968947,0.10670724375399568,0.10741213723158644,6.239691546006121e-9,5.7091469246595136e-9,6.858064696690924e-9,0.9999999937603085,0.9999999931419353,0.9999999942908531,0.05100143766338139,3.18233239422359e-10,2.9117470098910777e-10,3.4977115911971876e-10
TUR.40.25_1,2054,8,albopictus,26.06864295286291,71.37608557784228,0.6423194282403655,0.11591932535218179,0.11552838554607466,0.11628190919353619,5.685583068304467e-8,5.173487363230311e-8,6.191158782031803e-8,0.9999999431441693,0.9999999380884123,0.9999999482651264,0.06026743044405425,3.4265548210293203e-9,3.1179278981667642e-9,3.731252312641972e-9
TUR.40.25_1,2054,9,albopictus,23.22512228348676,64.03065027288294,0.51195960173075306,0.07549079285124854,0.07522447453796144,0.07575521223181277,3.3402891563838466e-13,3.017475158628713e-13,3.683747751281885e-13,0.9999999999996659,0.9999999999996316,0.9999999999996982,0.04990752799597664,1.6670557458688403e-14,1.5059472595642655e-14,1.838467440272167e-14
TUR.40.25_1,2054,10,albopictus,16.86764498317943,74.91536852128571,0.5045148212044747,0.014162023807494827,0.014081170379346242,0.014237706692356722,0,0,0,1,1,1,0.047651285917055586,0,0,0
TUR.40.25_1,2054,11,albopictus,13.752402880612543,77.39244174702382,0.2926436203456982,0.0014440602643761243,0.0014283625796573183,0.001459790055806395,0,0,0,1,1,1,0.02884030722451747,0,0,0
TUR.40.25_1,2054,12,albopictus,6.9095370909746965,79.48701396400045,0.2407039725620654,0,0,0,0,0,0,1,1,1,0.023024723540953418,0,0,0
TUR.40.25_1,2055,1,albopictus,7.323602557182312,78.18649156539537,0.23694484851498077,0,0,0,0,0,0,1,1,1,0.02266924876499954,0,0,0
TUR.40.25_1,2055,2,albopictus,6.509697595063378,76.0378956741435,0.17724191725508326,0,0,0,0,0,0,1,1,1,0.018811027470555852,0,0,0
TUR.40.25_1,2055,3,albopictus,7.395387495265287,77.32877460011787,0.21757923263000917,0,0,0,0,0,0,1,1,1,0.020835923786620136,0,0,0
TUR.40.25_1,2055,4,albopictus,11.823645872228287,75.46896754614494,0.28770851664286073,2.462452299899345e-5,2.383343309840826e-5,2.5407771247051116e-5,0,0,0,1,1,1,0.028360911561295388,0,0,0
TUR.40.25_1,2055,5,albopictus,16.22824556687299,71.40873861844976,0.4021404313241844,0.009655091036114047,0.009598222117453327,0.009715693760020017,0,0,0,1,1,1,0.03816928519219176,0,0,0
TUR.40.25_1,2055,6,albopictus,23.641477809232825,68.24555234817115,0.4523158308091571,0.08600057086994634,0.08569611348299619,0.0862751085413895,1.3397682185889436e-11,1.2106904367925609e-11,1.4643153356530546e-11,0.9999999999866023,0.9999999999853568,0.999999999987893,0.04422388537565125,5.924975612881791e-13,5.354143510211136e-13,6.475771355772898e-13
TUR.40.25_1,2055,7,albopictus,25.222250994514017,65.87654931814032,0.5311699787599873,0.09808975965575781,0.09774376143026915,0.09843544272679948,5.431315521775559e-10,4.913289775032581e-10,5.987365131465694e-10,0.9999999994568685,0.9999999994012635,0.999999999508671,0.05010473357321199,2.7213461717061528e-11,2.4617907514599413e-11,2.99995334717628e-11
TUR.40.25_1,2055,8,albopictus,25.205241539899042,68.14708548628954,0.6307308675596843,0.10218328888709152,0.10184501062707604,0.10252114456116915,1.7061954235009224e-9,1.5533362873743072e-9,1.868962046236433e-9,0.9999999982938046,0.999999998131038,0.9999999984466638,0.05921295398959492,1.0102887110901753e-10,9.197763011466306e-11,1.1066676365209707e-10
TUR.40.25_1,2055,9,albopictus,23.974830459145938,65.8135024457345,0.5027229592599386,0.08610263577432001,0.08580016141475705,0.08640276779763602,1.3855733893564093e-11,1.2529069448596885e-11,1.5267564990040228e-11,0.9999999999861443,0.9999999999847324,0.9999999999874709,0.04902955613497684,6.793404827258019e-13,6.142947138490043e-13,7.485619347235845e-13
TUR.40.25_1,2055,10,albopictus,16.63462610805736,69.529084646774,0.4954124955347563,0.011722531098464776,0.011656841712207482,0.011788018184396976,0,0,0,1,1,1,0.046812020702351576,0,0,0
TUR.40.25_1,2055,11,albopictus,14.132360079709223,81.34704684956289,0.2873638199798882,0.0023091571984642048,0.0022868370919122234,0.0023303560644612857,0,0,0,1,1,1,0.028327418908918545,0,0,0
TUR.40.25_1,2055,12,albopictus,10.753595127778896,80.03263774329733,0.23636125386249546,2.781120996792118e-10,2.1309348117711744e-10,3.647120041386851e-10,0,0,0,1,1,1,0.022614050593387502,0,0,0
TUR.40.25_1,2056,1,albopictus,10.14433753490448,80.06633623092272,0.2618429764716388,0,0,0,0,0,0,1,1,1,0.02502128879514054,0,0,0
TUR.40.25_1,2056,2,albopictus,9.045560994568994,76.626640791331,0.202861701536065,0,0,0,0,0,0,1,1,1,0.020767025901498815,0,0,0
TUR.40.25_1,2056,3,albopictus,11.546322668299954,74.66170611867256,0.24044242467105043,6.4572973633685515e-6,6.191701178792695e-6,6.716967177192332e-6,0,0,0,1,1,1,0.022999994922536238,0,0,0
TUR.40.25_1,2056,4,albopictus,13.153954786412857,74.28772364966056,0.31794088297827533,6.173677546779468e-4,6.079368793074713e-4,6.266520569178512e-4,0,0,0,1,1,1,0.031293970548351924,0,0,0
TUR.40.25_1,2056,5,albopictus,19.762482474831973,65.09619665677984,0.4443972855179238,0.036920592665790154,0.036779370506074965,0.03707016852170129,0,0,0,1,1,1,0.042094538352627775,0,0,0
TUR.40.25_1,2056,6,albopictus,24.260198817533606,64.12225370315161,0.49984510820383515,0.08643517941295069,0.0861296009053334,0.08673691854331668,1.5450765999958093e-11,1.3961470868295578e-11,1.702572249850931e-11,0.9999999999845492,0.9999999999829743,0.9999999999860385,0.04875584162176583,7.533151000289211e-13,6.807032624615167e-13,8.301034296334552e-13
TUR.40.25_1,2056,7,albopictus,25.45442300684312,59.55477197439033,0.5869852377993301,0.08858153870862863,0.0882175176616648,0.08890972430657432,3.088025779529602e-11,2.7451410589129922e-11,3.422191696689225e-11,0.9999999999691197,0.9999999999657782,0.9999999999725486,0.05522173857171775,1.7052615229990859e-12,1.5159146189778168e-12,1.889793752168756e-12
TUR.40.25_1,2056,8,albopictus,26.631610253277948,62.795294104453596,0.697007969362647,0.10050051009758157,0.10012298442910271,0.10087871169065271,1.0725565404712255e-9,9.639299552999248e-10,1.1897435786556442e-9,0.9999999989274435,0.9999999988102565,0.9999999990360701,0.065227770452432,6.99604718191117e-11,6.287500185652653e-11,7.760432104580534e-11
TUR.40.25_1,2056,9,albopictus,20.67550833085004,75.10433877996302,0.5555490098993656,0.05447158187880752,0.05428225391313431,0.05466656205136342,0,0,0,1,1,1,0.054039911900486626,0,0,0
TUR.40.25_1,2056,10,albopictus,18.14348955715404,77.48839708573884,0.5474703637790275,0.025540067787853567,0.02543104383014895,0.025641843693821706,0,0,0,1,1,1,0.05160197092060059,0,0,0
TUR.40.25_1,2056,11,albopictus,13.446518519345453,80.18134402973867,0.31755996564338396,0.0010319466129850561,0.0010194342777214247,0.0010455760540958913,0,0,0,1,1,1,0.0312570701536532,0,0,0
TUR.40.25_1,2056,12,albopictus,6.767702355104335,73.59989848548483,0.2611980577835247,0,0,0,0,0,0,1,1,1,0.024960437026103066,0,0,0
TUR.40.25_1,2057,1,albopictus,6.8428486585617065,81.86781175582506,0.22507732853480028,0,0,0,0,0,0,1,1,1,0.02154616924632946,0,0,0
TUR.40.25_1,2057,2,albopictus,4.967754044953515,75.51822709504194,0.16836465316796295,0,0,0,0,0,0,1,1,1,0.017877339906224643,0,0,0
TUR.40.25_1,2057,3,albopictus,8.369532430873196,72.63060107716865,0.206681650738307,0,0,0,0,0,0,1,1,1,0.01980274805032478,0,0,0
TUR.40.25_1,2057,4,albopictus,11.70717648898854,76.62439357153556,0.2732984689413536,1.541747531550191e-5,1.4861448553755778e-5,1.5914139334580993e-5,0,0,0,1,1,1,0.0269597657135211,0,0,0
TUR.40.25_1,2057,5,albopictus,18.761399100808536,73.04622793729742,0.3819989948950383,0.03013246930010011,0.03001188621519463,0.03025480159141585,0,0,0,1,1,1,0.03629268408450936,0,0,0
TUR.40.25_1,2057,6,albopictus,23.959465251249426,69.75472288039771,0.42966133043439914,0.09204580850547289,0.09173665525153663,0.09235156540160985,9.098021436226844e-11,8.266572149029372e-11,9.976807435752023e-11,0.9999999999090198,0.999999999900232,0.9999999999173342,0.04205616784017918,3.826279165355042e-12,3.4766034576252998e-12,4.195862880271346e-12
TUR.40.25_1,2057,7,albopictus,24.73125368006089,70.4216619280036,0.5045660227115077,0.10182396113281875,0.10148378390931855,0.10216273642218904,1.5460471374240114e-9,1.4064062275886968e-9,1.6946788777838505e-9,0.9999999984539528,0.999999998305321,0.9999999985935938,0.0476560047785306,7.367842976891225e-11,6.702370190252214e-11,8.076162469774207e-11
TUR.40.25_1,2057,8,albopictus,26.311707833234003,71.16361075484423,0.5991403467283869,0.11714056954935113,0.11674082573669525,0.11755805476972264,7.593352790424834e-8,6.902276241116389e-8,8.366961281036644e-8,0.9999999240664721,0.9999999163303872,0.9999999309772376,0.05633242867608579,4.27752004478964e-9,3.888219840553305e-9,4.713312495995682e-9
TUR.40.25_1,2057,9,albopictus,22.70269567826215,74.51599039129114,0.47754378866009517,0.08254471168290968,0.08228094266306255,0.08280602111832806,4.201376024859371e-12,3.8338110464053445e-12,4.589922886211184e-12,0.9999999999957986,0.9999999999954101,0.9999999999961662,0.04663207436735706,1.9591887923647318e-13,1.78778561826369e-13,2.1403762537023406e-13
TUR.40.25_1,2057,10,albopictus,16.394332605249744,76.14022203691071,0.47059947374492805,0.01127003276482629,0.011205592860816,0.011333329143111191,0,0,0,1,1,1,0.04452041810418106,0,0,0
TUR.40.25_1,2057,11,albopictus,10.548694231930902,78.39014529926992,0.2729710366104,1.5516253185408594e-15,1.6926088793331368e-16,8.985948689645207e-15,0,0,0,1,1,1,0.02692790470870543,0,0,0
TUR.40.25_1,2057,12,albopictus,9.469638600068935,81.99623790198874,0.22452296355851223,0,0,0,0,0,0,1,1,1,0.021493675528436507,0,0,0
TUR.40.25_1,2058,1,albopictus,6.9809077978134155,85.39610155074693,0.24323948484433378,0,0,0,0,0,0,1,1,1,0.0232644166630257,0,0,0
TUR.40.25_1,2058,2,albopictus,8.368458905640772,80.81231736603803,0.1819504957214663,0,0,0,0,0,0,1,1,1,0.01930590319437242,0,0,0
TUR.40.25_1,2058,3,albopictus,8.881110037074368,75.37114825734443,0.22335940531917828,0,0,0,0,0,0,1,1,1,0.021383487154226333,0,0,0
TUR.40.25_1,2058,4,albopictus,12.899871152990006,77.33928309790275,0.29535173189938446,4.2901039537834125e-4,4.222288611337308e-4,4.360918690612591e-4,0,0,0,1,1,1,0.02910327249439404,0,0,0
TUR.40.25_1,2058,5,albopictus,17.2285660014433,75.61700583036382,0.41282362525888966,0.016964611613393184,0.016883277221420974,0.01705175967509947,0,0,0,1,1,1,0.03916316721412816,0,0,0
TUR.40.25_1,2058,6,albopictus,22.69464324502384,68.03407316115943,0.4643319758268564,0.07422268915706728,0.07394533697821475,0.07447624589157086,2.0645762877080642e-13,1.8540446955483957e-13,2.271544063958686e-13,0.9999999999997935,0.9999999999997728,0.9999999999998146,0.045371670079951354,9.367327418078102e-15,8.412110423990567e-15,1.0306374784200541e-14
TUR.40.25_1,2058,7,albopictus,23.922669466804056,66.20037896901923,0.5452809495885127,0.08612433381625632,0.0858256427789002,0.08640207746461263,1.3953094013530176e-11,1.2634704393832408e-11,1.5264173258699996e-11,0.9999999999860469,0.9999999999847358,0.9999999999873653,0.05140100420172511,7.1720304401653e-13,6.494364936349344e-13,7.845938338062987e-13
TUR.40.25_1,2058,8,albopictus,25.930409768048456,71.73774176680712,0.6474867559356855,0.11567956424001395,0.11528294961940759,0.11607787564139092,5.369706077484881e-8,4.8781853753676605e-8,5.898080917832171e-8,0.9999999463029392,0.9999999410191909,0.9999999512181462,0.06073723936696063,3.2614112335842246e-9,2.962875128201123e-9,3.582331525120754e-9
TUR.40.25_1,2058,9,albopictus,21.71608335831586,73.00337900213098,0.5160782114327134,0.0668778710025895,0.06664850929445365,0.06707706637173502,1.06412656464272e-14,9.658940314238862e-15,1.1546319456101628e-14,0.9999999999999893,0.9999999999999885,0.9999999999999903,0.0502987534324979,5.352423969593522e-16,4.858326572851143e-16,5.8076547537530905e-16
TUR.40.25_1,2058,10,albopictus,19.138095575220447,78.56182237870759,0.5085735391782578,0.03686766166562782,0.036723326164741575,0.036994290333265,0,0,0,1,1,1,0.04802527519140842,0,0,0
TUR.40.25_1,2058,11,albopictus,13.623316386166742,80.39635562641836,0.2949978780838047,0.0012959626161697187,0.0012816382544769372,0.0013111538504001043,0,0,0,1,1,1,0.02906891633538844,0,0,0
TUR.40.25_1,2058,12,albopictus,7.706561817842372,79.49379649573874,0.24264038651610206,0,0,0,0,0,0,1,1,1,0.023207786570919042,0,0,0
TUR.40.25_1,2059,1,albopictus,6.301433444023132,80.52757127730943,0.23327326526528738,0,0,0,0,0,0,1,1,1,0.02232192726940796,0,0,0
TUR.40.25_1,2059,2,albopictus,7.706661382142236,78.34584855500287,0.17449546187267742,0,0,0,0,0,0,1,1,1,0.01852225729957291,0,0,0
TUR.40.25_1,2059,3,albopictus,8.95429881881265,76.87450519093818,0.2142077296367505,0,0,0,0,0,0,1,1,1,0.02051639540952399,0,0,0
TUR.40.25_1,2059,4,albopictus,14.686140340917252,74.64040767065666,0.2832503240418375,0.0034932168314165527,0.0034653096299058486,0.003522075505870031,0,0,0,1,1,1,0.027927639568477658,0,0,0
TUR.40.25_1,2059,5,albopictus,21.487715552834903,58.71025229032476,0.3959090568886225,0.05110463070357066,0.05091827322693114,0.05131889651163835,0,0,0,1,1,1,0.037589091497225335,0,0,0
TUR.40.25_1,2059,6,albopictus,22.166778788847083,70.98813657668677,0.44530696254982016,0.07083926860077944,0.07059699012074086,0.07108095460393125,5.478872910913424e-14,4.96269692007445e-14,6.028788579470756e-14,0.9999999999999453,0.9999999999999397,0.9999999999999504,0.04355375967466402,2.386255140499501e-15,2.1614410899511787e-15,2.6257640891962836e-15
TUR.40.25_1,2059,7,albopictus,24.108386095832376,76.76756341726141,0.5229392246035749,0.10589874992213916,0.10559235607762278,0.10620707087993563,4.622487558281208e-9,4.2603887473458e-9,5.008639555881266e-9,0.9999999953775125,0.9999999949913605,0.9999999957396112,0.049347817218858614,2.281096711225091e-10,2.1024088518530257e-10,2.471654293187739e-10
TUR.40.25_1,2059,8,albopictus,27.16900000852697,68.27327567183642,0.6209573658232653,0.11437358606920629,0.11395093815683253,0.11479134147039514,3.9240170342513813e-8,3.537248281226813e-8,4.3345967368213497e-8,0.9999999607598297,0.9999999566540326,0.9999999646275172,0.058322715262155156,2.2885932817248986e-9,2.063019243175391e-9,2.5280545125789848e-9
TUR.40.25_1,2059,9,albopictus,23.23328955033246,67.7961684613595,0.49493300641638327,0.0805204804028559,0.0802444277265072,0.0807951894925683,2.0805659417533207e-12,1.8854751093755342e-12,2.2886248451925438e-12,0.9999999999979194,0.9999999999977114,0.9999999999981146,0.04828846602827186,1.0046733779793467e-13,9.104670076623265e-14,1.105141830885391e-13
TUR.40.25_1,2059,10,albopictus,19.1794106539558,70.06708666093415,0.4877358221160506,0.03321992598043543,0.03308410231083602,0.033356621909168646,0,0,0,1,1,1,0.04610363055458244,0,0,0
TUR.40.25_1,2059,11,albopictus,13.355823138180902,75.39859103901601,0.2829109686323335,8.447919269941441e-4,8.339508066443019e-4,8.555103603803711e-4,0,0,0,1,1,1,0.027894651207347798,0,0,0
TUR.40.25_1,2059,12,albopictus,10.033917202669032,79.45709147864889,0.23269871371445253,0,0,0,0,0,0,1,1,1,0.02226756513363204,0,0,0
TUR.40.25_1,2060,1,albopictus,6.7071861028671265,82.51799638717272,0.24142092656245176,0,0,0,0,0,0,1,1,1,0.02309250631842641,0,0,0
TUR.40.25_1,2060,2,albopictus,6.146512666169335,75.19997453156537,0.18703980763133832,0,0,0,0,0,0,1,1,1,0.01916295626642861,0,0,0
TUR.40.25_1,2060,3,albopictus,8.221543157801907,72.39880481252021,0.22168947867614425,0,0,0,0,0,0,1,1,1,0.021225324266023082,0,0,0
TUR.40.25_1,2060,4,albopictus,12.50899819766774,72.50476466528556,0.2931435610571483,1.7985570967737546e-4,1.7623666288997265e-4,1.8378472859085376e-4,0,0,0,1,1,1,0.02888885823764964,0,0,0
TUR.40.25_1,2060,5,albopictus,17.588539908914004,69.2948088699146,0.4097371862987366,0.018275606019744116,0.018179102406023093,0.01836911564088708,0,0,0,1,1,1,0.03887613426240055,0,0,0
TUR.40.25_1,2060,6,albopictus,22.577797160429114,74.30958585647193,0.46086043928449383,0.08049738832577101,0.08022897125382307,0.08075934638579638,2.063610060609733e-12,1.8752333019733667e-12,2.259986642272338e-12,0.9999999999979364,0.99999999999774,0.9999999999981247,0.04504020983629353,9.294543015014878e-14,8.446090141288603e-14,1.0179027259516655e-13
TUR.40.25_1,2060,7,albopictus,26.391379412482767,67.0814519670661,0.5412042052743185,0.10848643489363936,0.10807914334834058,0.10885652454864349,9.057780649857073e-9,8.147590238594126e-9,9.945010909229166e-9,0.9999999909422194,0.9999999900549891,0.9999999918524097,0.05102668563595647,4.621885257797063e-10,4.157445257953301e-10,5.074609453113943e-10
TUR.40.25_1,2060,8,albopictus,27.292159417096308,64.48963385665087,0.6426458790395299,0.10589444834448715,0.10546822399198551,0.10631041631803964,4.621006409633033e-9,4.1229237107698324e-9,5.14624179104306e-9,0.9999999953789936,0.9999999948537582,0.9999999958770763,0.06029711801849358,2.786333688458583e-10,2.4860041756953404e-10,3.103035486262271e-10
TUR.40.25_1,2060,9,albopictus,22.792299102334415,65.8221465497384,0.5122197987819036,0.07275197910020414,0.07249730050519534,0.07299915911044967,1.1689127443759163e-13,1.056932319443149e-13,1.285666018091547e-13,0.9999999999998831,0.9999999999998714,0.9999999999998943,0.04993224880031477,5.8366441978036986e-15,5.277500753952909e-15,6.419619548945711e-15
TUR.40.25_1,2060,10,albopictus,15.452525812036852,78.74220415360993,0.5047712345392288,0.006587409153435538,0.006541455515706321,0.006630763449928338,0,0,0,1,1,1,0.04767491738930418,0,0,0
TUR.40.25_1,2060,11,albopictus,13.455492594662836,80.70556735737539,0.29279235279801386,0.0010522631944677747,0.0010389269896983792,0.0010650267815905884,0,0,0,1,1,1,0.028854751413370794,0,0,0
TUR.40.25_1,2060,12,albopictus,8.178184284883388,85.64461436683249,0.24082630733935867,0,0,0,0,0,0,1,1,1,0.023036289735668736,0,0,0
TUR.40.25_1,2061,1,albopictus,6.154404997825623,77.04897172896959,0.22527350845356597,0,0,0,0,0,0,1,1,1,0.021564745166095522,0,0,0
TUR.40.25_1,2061,2,albopictus,5.61186996978872,78.27736710969037,0.16851140168411305,0,0,0,0,0,0,1,1,1,0.01789278175372555,0,0,0
TUR.40.25_1,2061,3,albopictus,7.745378339991849,80.13184466847724,0.20686179677840863,0,0,0,0,0,0,1,1,1,0.019819836158157855,0,0,0
TUR.40.25_1,2061,4,albopictus,13.276553434484146,72.91214381567619,0.27353667894582073,7.244021793546523e-4,7.138119831653648e-4,7.340423488305445e-4,0,0,0,1,1,1,0.026982944229307915,0,0,0
TUR.40.25_1,2061,5,albopictus,18.512213538674747,65.43316793973882,0.38233194949457494,0.024863879723708734,0.024744655286444317,0.02497896347354134,0,0,0,1,1,1,0.03632373559554569,0,0,0
TUR.40.25_1,2061,6,albopictus,24.084900126737708,60.43287687209693,0.4300358280590604,0.07933795874979492,0.07903954116966003,0.07963890070403819,1.3684992028473174e-12,1.2281203831676634e-12,1.5213524884316598e-12,0.9999999999986315,0.9999999999984787,0.999999999998772,0.04209204193740701,5.760292583755735e-14,5.169409467247766e-14,6.403683274464394e-14
TUR.40.25_1,2061,7,albopictus,25.731682833503275,71.88948114187079,0.5050058081043407,0.1143818349095579,0.1140174429098453,0.1147507986643359,3.930735721602296e-8,3.594828076602941e-8,4.292460098753725e-8,0.9999999606926427,0.999999957075399,0.9999999640517192,0.047696535559069164,1.8748247611870733e-9,1.7146084518443237e-9,2.047354757360926e-9
TUR.40.25_1,2061,8,albopictus,25.94754348081701,69.60396796309618,0.5996625641605715,0.11114932236310979,0.11078081599212543,0.11150067352000169,1.7762881770355677e-8,1.6181945072801795e-8,1.936811424019247e-8,0.9999999822371183,0.9999999806318858,0.9999999838180549,0.0563801177603237,1.0014733659753601e-9,9.123399687956552e-10,1.0919765616574538e-9
TUR.40.25_1,2061,9,albopictus,20.244733642129336,80.95542062810755,0.4779600211712781,0.05297302134364718,0.052793886865028054,0.05314294625449467,0,0,0,1,1,1,0.046671755814092664,0,0,0
TUR.40.25_1,2061,10,albopictus,15.919471460230211,76.18583818681306,0.47100965351350554,0.008588612637200729,0.008535136686385657,0.008646523428182064,0,0,0,1,1,1,0.04455834493792188,0,0,0
TUR.40.25_1,2061,11,albopictus,13.579720118466547,81.13533878071523,0.27320896122118254,0.0012420009541258682,0.0012269934338646506,0.0012567640030700603,0,0,0,1,1,1,0.02695105621324223,0,0,0
TUR.40.25_1,2061,12,albopictus,10.48568703146542,80.34650340491842,0.22471866028655976,5.281459140627923e-20,1.7485770174128022e-22,3.874572426979064e-19,0,0,0,1,1,1,0.02151220669032261,0,0,0
TUR.40.25_1,2062,1,albopictus,5.045476794242859,80.43137987105943,0.24296638502529064,0,0,0,0,0,0,1,1,1,0.023238602162766187,0,0,0
TUR.40.25_1,2062,2,albopictus,7.606206098023583,73.91008042756147,0.18174620879211292,0,0,0,0,0,0,1,1,1,0.019284437639562113,0,0,0
TUR.40.25_1,2062,3,albopictus,8.152247274623196,78.1100322295124,0.22310862607906728,0,0,0,0,0,0,1,1,1,0.021359736862276768,0,0,0
TUR.40.25_1,2062,4,albopictus,11.603207868688248,73.30202113501213,0.2950201224791975,8.432911480183954e-6,8.092750121752302e-6,8.766092704357312e-6,0,0,0,1,1,1,0.029071076110478766,0,0,0
TUR.40.25_1,2062,5,albopictus,17.575024436501895,72.07096243436773,0.4123601229725438,0.01886227835631374,0.018772010419250716,0.018953077852695007,0,0,0,1,1,1,0.0391200678537682,0,0,0
TUR.40.25_1,2062,6,albopictus,22.090030894559973,67.82507352737036,0.46381064197081984,0.06642082341853205,0.0661969008488063,0.06664749764391016,8.75632899521861e-15,7.990830219739564e-15,9.658940314238862e-15,0.9999999999999912,0.9999999999999903,0.999999999999992,0.045321900775809554,3.96853473881642e-16,3.62159614335377e-16,4.3776153452140046e-16
TUR.40.25_1,2062,7,albopictus,25.036894854377298,71.10340936452704,0.5446687293778196,0.10626893495231185,0.10592749603032224,0.10662184792004334,5.095646724462277e-9,4.653881563454477e-9,5.58322797716837e-9,0.9999999949043533,0.999999994416772,0.9999999953461185,0.05134480078095072,2.616349659176197e-10,2.389526217337095e-10,2.866697282023404e-10
TUR.40.25_1,2062,8,albopictus,25.737855294171503,66.87785178267626,0.6467597830266941,0.10398256912633692,0.10362023300382328,0.10433344925841005,2.7786068559354506e-9,2.5175515477871003e-9,3.0489034269498557e-9,0.9999999972213931,0.9999999969510965,0.9999999974824485,0.060671157824941035,1.6858129508992291e-10,1.5274276728821576e-10,1.849805010094783e-10
TUR.40.25_1,2062,9,albopictus,22.193633864907657,70.79982675603723,0.5154987789189314,0.07098896020448668,0.07074877638630428,0.07122888841345795,5.817712978029022e-14,5.2735593669694936e-14,6.395162177597058e-14,0.9999999999999418,0.999999999999936,0.9999999999999473,0.05024372306012992,2.9230355971141384e-15,2.6496325637516927e-15,3.2131675737580392e-15
TUR.40.25_1,2062,10,albopictus,16.870637613184314,75.37400957353181,0.5080025326181651,0.014267341066992333,0.014189450822305492,0.014344198151549558,0,0,0,1,1,1,0.0479726688528227,0,0,0
TUR.40.25_1,2062,11,albopictus,12.531821825925043,80.46131229145742,0.2946666659568988,2.2131832596893666e-4,2.1719058847917072e-4,2.2545255672792912e-4,0,0,0,1,1,1,0.0290367573878898,0,0,0
TUR.40.25_1,2062,12,albopictus,10.574114575105556,77.65755381995749,0.24236795934132613,1.6369056585667328e-14,3.7546473732231445e-15,6.630668944980054e-14,0,0,0,1,1,1,0.02318203415954545,0,0,0
TUR.40.25_1,2063,1,albopictus,10.110528826713562,79.53822954146959,0.26578538767038107,0,0,0,0,0,0,1,1,1,0.02539319529566919,0,0,0
TUR.40.25_1,2063,2,albopictus,9.92702118438833,78.75873612824506,0.1988155133328653,0,0,0,0,0,0,1,1,1,0.02107638417166291,0,0,0
TUR.40.25_1,2063,3,albopictus,9.970604742274563,75.07628741750068,0.24406262071544793,0,0,0,0,0,0,1,1,1,0.023342218670187154,0,0,0
TUR.40.25_1,2063,4,albopictus,15.965143484227799,63.333183396975016,0.3227279263982745,0.0074235042311557795,0.007370210116568383,0.007471673440924611,0,0,0,1,1,1,0.03175758335518675,0,0,0
TUR.40.25_1,2063,5,albopictus,17.38158113816205,63.55889273221929,0.4510883064447589,0.015456228695781803,0.01537039513760234,0.015540874725041499,0,0,0,1,1,1,0.04271459875721206,0,0,0
TUR.40.25_1,2063,6,albopictus,21.629644618314856,68.3543780317649,0.5073709734333453,0.06114851629211673,0.060935296679073006,0.061365603261005694,8.251177519014164e-16,7.771561172376096e-16,8.881784197001252e-16,0.9999999999999992,0.9999999999999991,0.9999999999999992,0.04947146583705053,4.0819784674734855e-17,3.844705230397524e-17,4.3939488347400275e-17
TUR.40.25_1,2063,7,albopictus,25.196513232062845,71.52487237722235,0.5958231192127623,0.10869435720641152,0.10832924792187477,0.10903521304407732,9.551006752595015e-9,8.688744812523907e-9,1.0409022954682711e-8,0.9999999904489932,0.999999989590977,0.9999999913112552,0.05602944197825843,5.351375786784769e-10,4.868255233372022e-10,5.832117476897551e-10
TUR.40.25_1,2063,8,albopictus,27.088096001568964,69.70576315962938,0.7075023964466041,0.11756536643052308,0.11715393430349649,0.11799225318888723,8.391246514161121e-8,7.608893963506613e-8,9.262034833534827e-8,0.9999999160875349,0.9999999073796516,0.9999999239110603,0.06617663360785897,5.553044460808643e-9,5.03530987984027e-9,6.1293028564206135e-09
TUR.40.25_1,2063,9,albopictus,22.513931106118594,64.36309351018762,0.5639135750581896,0.0678075322455034,0.06754997554346946,0.0680442244606297,1.5775825090713625e-14,1.4099832412739488e-14,1.7430501486614958e-14,0.9999999999999842,0.9999999999999826,0.9999999999999859,0.054830835547208356,8.65001671170442e-16,7.731055922661169e-16,9.557289605179555e-16
TUR.40.25_1,2063,10,albopictus,17.065326410181385,69.18763872392243,0.5557132936533589,0.014434628435244902,0.014355295951568073,0.014515301800888001,0,0,0,1,1,1,0.0523582091034831,0,0,0
TUR.40.25_1,2063,11,albopictus,12.439026453915766,81.79995822651601,0.32234127382164734,1.8443861032029518e-4,1.8075053856673312e-4,1.8825337451561938e-4,0,0,0,1,1,1,0.03172014528889566,0,0,0
TUR.40.25_1,2063,12,albopictus,9.605428471284755,77.36614146644186,0.26513075883196024,0,0,0,0,0,0,1,1,1,0.025331450850819448,0,0,0
TUR.40.25_1,2064,1,albopictus,7.008845686912537,76.59975297896959,0.2406655896461795,0,0,0,0,0,0,1,1,1,0.023021094583259516,0,0,0
TUR.40.25_1,2064,2,albopictus,5.089796224061181,75.21586656037397,0.18645461365694657,0,0,0,0,0,0,1,1,1,0.019103577235207614,0,0,0
TUR.40.25_1,2064,3,albopictus,9.323411787257474,76.79318347462959,0.2209958758075879,0,0,0,0,0,0,1,1,1,0.02115962390723436,0,0,0
TUR.40.25_1,2064,4,albopictus,13.473227781407974,77.34309016577384,0.292226398835187,0.0010214852148791665,0.0010080798305094117,0.001033702583443059,0,0,0,1,1,1,0.028799787507841734,0,0,0
TUR.40.25_1,2064,5,albopictus,20.360253165749942,68.25204611356695,0.408455236025462,0.04548311093533768,0.04531645977963772,0.04565421990295065,0,0,0,1,1,1,0.038756890123695986,0,0,0
TUR.40.25_1,2064,6,albopictus,24.350551829618567,64.14737729934302,0.4594185389985591,0.08734740414873644,0.08702964709608742,0.08762860881125377,2.0778008313904194e-11,1.8724707895323432e-11,2.2724191972578468e-11,0.999999999979222,0.9999999999772758,0.9999999999812752,0.04490250422919506,9.329846061893333e-13,8.407862754602026e-13,1.020373126153745e-12
TUR.40.25_1,2064,7,albopictus,25.403227862189798,72.11472375661688,0.5395109323617082,0.1118968075330282,0.11153321979697554,0.11225728947794839,2.1390225237616357e-8,1.9525551844812306e-8,2.3363247317331747e-8,0.9999999786097747,0.9999999766367527,0.9999999804744482,0.050871169267869276,1.088145768740631e-9,9.93287652946004e-10,1.1885157089270763e-9
TUR.40.25_1,2064,8,albopictus,26.68052802366369,69.43086463057665,0.6406352241910024,0.11520997164687986,0.1148181642747427,0.11558605919181751,4.79885145857617e-8,4.3626916920724844e-8,5.245327395486665e-8,0.9999999520114854,0.999999947546726,0.999999956373083,0.06011425330990239,2.8847937217744244e-9,2.6225995349025198e-9,3.1531893974565596e-9
TUR.40.25_1,2064,9,albopictus,23.298410247353946,70.03992380193567,0.5106172097736744,0.08440766393246217,0.08412635680777951,0.08470485228444433,7.899281007084369e-12,7.179812300250887e-12,8.714640120643935e-12,0.9999999999921008,0.9999999999912853,0.9999999999928202,0.04977997978589366,3.9322604885575357e-13,3.574109111729998e-13,4.3381460904699293e-13
TUR.40.25_1,2064,10,albopictus,19.01700945461498,76.71493669755525,0.5031919499546293,0.03454659082402862,0.03441588333777092,0.03468307488163863,0,0,0,1,1,1,0.047529358622311446,0,0,0
TUR.40.25_1,2064,11,albopictus,13.376745799008539,77.22331332905507,0.29187628940608024,8.95781645452553e-4,8.848976177935791e-4,9.070458536253543e-4,0,0,0,1,1,1,0.02876578427740817,0,0,0
TUR.40.25_1,2064,12,albopictus,8.329290165620693,75.68630137855124,0.24007283081628727,0,0,0,0,0,0,1,1,1,0.022965049794565928,0,0,0
TUR.40.25_1,2065,1,albopictus,8.516727328300476,78.17655809371568,0.25026226003930274,0,0,0,0,0,0,1,1,1,0.023928003506782702,0,0,0
TUR.40.25_1,2065,2,albopictus,8.899572530213526,79.48340653840131,0.1872037440947013,0,0,0,0,0,0,1,1,1,0.019857729632805854,0,0,0
TUR.40.25_1,2065,3,albopictus,10.45426925490884,70.25959125050849,0.22980820573594618,1.119001402733312e-25,3.2367509454891025e-31,7.991252524372973e-26,0,0,0,1,1,1,0.02199402912901305,0,0,0
TUR.40.25_1,2065,4,albopictus,13.470423025243424,77.48889552466056,0.3038790843475347,0.0010204681690588956,0.0010073393926351916,0.001033798619102065,0,0,0,1,1,1,0.029930837455961035,0,0,0
TUR.40.25_1,2065,5,albopictus,17.60105593064252,73.7044768386646,0.4247426092068317,0.01949321997422126,0.01939826441602555,0.019581385119968535,0,0,0,1,1,1,0.04027080559047391,0,0,0
TUR.40.25_1,2065,6,albopictus,22.75066016702091,79.90465574172583,0.47773810141602496,0.09074994481092317,0.09048828080795109,0.09100770808237812,6.10130738154524e-11,5.620032772490902e-11,6.603335656052422e-11,0.9999999999389869,0.9999999999339666,0.9999999999437996,0.046650599342279,2.8462964612055638e-12,2.6217789715995045e-12,3.080495660130866e-12
TUR.40.25_1,2065,7,albopictus,24.283551272223978,68.94920022756415,0.5610242222299181,0.0944205011074774,0.09409762356697123,0.09471710356854832,1.8623417852303704e-10,1.6896113119724276e-10,2.0318036419997297e-10,0.9999999998137659,0.9999999997968196,0.9999999998310388,0.05284513472379848,9.84157025422583e-12,8.928773741203685e-12,1.0737093719378014e-11
TUR.40.25_1,2065,8,albopictus,24.80461249631994,72.60993796431688,0.6661808998225882,0.10673465607632551,0.1063835229780056,0.10706163386200807,5.755602862311804e-9,5.245768339157131e-9,6.261484383762728e-9,0.9999999942443971,0.9999999937385156,0.9999999947542317,0.06243493355475438,3.593506822759916e-10,3.2751919769890966e-10,3.9093536145435806e-10
TUR.40.25_1,2065,9,albopictus,22.242799590615665,66.21677316717005,0.530978346845486,0.06659619932344787,0.06636511509009839,0.06682535231591459,9.438005932338456e-15,8.548717289613705e-15,1.0436096431476471e-14,0.9999999999999906,0.9999999999999896,0.9999999999999915,0.051712767438434115,4.880654058615801e-16,4.4207782909471434e-16,5.39679427726015e-16
TUR.40.25_1,2065,10,albopictus,14.901817994959215,78.5964445710904,0.5232570007800795,0.004399261768167594,0.004364086979239902,0.004433698926675253,0,0,0,1,1,1,0.04937705173216089,0,0,0
TUR.40.25_1,2065,11,albopictus,13.438649752560785,81.3612832997582,0.30351501411581555,0.0010403791508806339,0.001027915741086006,0.001053843974349917,0,0,0,1,1,1,0.02989551948257474,0,0,0
TUR.40.25_1,2065,12,albopictus,11.170239224153407,80.45996013099264,0.24964586463086413,4.7637744886267705e-7,4.417134650553088e-7,5.078397481152186e-7,0,0,0,1,1,1,0.023869777935000225,0,0,0
TUR.40.25_1,2066,1,albopictus,9.628571391105652,78.65371568648912,0.24426811326641498,0,0,0,0,0,0,1,1,1,0.023361640660835237,0,0,0
TUR.40.25_1,2066,2,albopictus,7.710962453309228,74.93580674592084,0.18271994091014793,0,0,0,0,0,0,1,1,1,0.019386748828385203,0,0,0
TUR.40.25_1,2066,3,albopictus,8.484157407985013,68.92774310597724,0.2243039634479603,0,0,0,0,0,0,1,1,1,0.02147293727707522,0,0,0
TUR.40.25_1,2066,4,albopictus,12.970756811254166,81.88858424536369,0.2966007362957597,5.242018700153993e-4,5.1644433513315e-4,5.321687405838343e-4,0,0,0,1,1,1,0.029224530349764688,0,0,0
TUR.40.25_1,2066,5,albopictus,17.175833533791934,71.49430990751226,0.41456940314737545,0.015674129855261402,0.01559672043504745,0.01575382873645304,0,0,0,1,1,1,0.039325483279537665,0,0,0
TUR.40.25_1,2066,6,albopictus,22.51639960793888,70.44741086867896,0.4662955758892489,0.07485490236732911,0.07460397337278807,0.07509919458209646,2.6264246333340677e-13,2.384759056894836e-13,2.8777813465552524e-13,0.9999999999997373,0.9999999999997122,0.9999999999997615,0.04555910250205253,1.1965754908398253e-14,1.0864748231576997e-14,1.311091353462055e-14
TUR.40.25_1,2066,7,albopictus,25.688509997199564,68.43580301076727,0.5475868724247049,0.10675887136346945,0.10640651222314161,0.10710903799560018,5.792980821262006e-9,5.277446668561226e-9,6.3391502103105065e-9,0.9999999942070191,0.9999999936608498,0.9999999947225534,0.05161266407676268,2.989911731309247e-10,2.723830820874808e-10,3.271804303368957e-10
TUR.40.25_1,2066,8,albopictus,24.883969643536737,77.98256903731493,0.650224893950173,0.11853183640163976,0.11817346861704793,0.11888479742953284,1.051196019429268e-7,9.662151485012593e-8,1.13989750091803e-7,0.9999998948803981,0.9999998860102499,0.9999999033784852,0.060986093272502484,6.410833848859667e-9,5.8925687167802645e-9,6.951789531207947e-9
TUR.40.25_1,2066,9,albopictus,22.381933043984805,73.54686655095911,0.5182606396541687,0.07676828599699101,0.07651272836263952,0.07703046199888944,5.377066569778321e-13,4.886091531375314e-13,5.917544232403315e-13,0.9999999999994623,0.9999999999994083,0.9999999999995114,0.05050599629728747,2.7157410426349214e-14,2.4677692079184928e-14,2.988714670907966e-14
TUR.40.25_1,2066,10,albopictus,17.779426294214588,72.46510454423493,0.510724231108279,0.020655561550106356,0.020553441328114402,0.020751993965535988,0,0,0,1,1,1,0.048223390479314565,0,0,0
TUR.40.25_1,2066,11,albopictus,14.329791644040277,81.46243381245351,0.29624538607801404,0.0028010298812935065,0.0027759569885807633,0.00282631382536236,0,0,0,1,1,1,0.029190033209387733,0,0,0
TUR.40.25_1,2066,12,albopictus,7.908216252046474,83.28372111732077,0.24366648142859118,0,0,0,0,0,0,1,1,1,0.023304776741181144,0,0,0
TUR.40.25_1,2067,1,albopictus,9.07247245311737,79.20179613082506,0.25334305016017833,0,0,0,0,0,0,1,1,1,0.024218967191566465,0,0,0
TUR.40.25_1,2067,2,albopictus,7.003317990723779,81.96057938996381,0.18950826833781853,0,0,0,0,0,0,1,1,1,0.02009970993147292,0,0,0
TUR.40.25_1,2067,3,albopictus,9.7181537992814,76.91278186330146,0.23263720140559394,0,0,0,0,0,0,1,1,1,0.0222617448666782,0,0,0
TUR.40.25_1,2067,4,albopictus,11.25576619540944,76.61794673315666,0.30761991079436524,9.126326359952447e-7,8.636650097154696e-7,9.702736401930426e-7,0,0,0,1,1,1,0.030293655627589344,0,0,0
TUR.40.25_1,2067,5,albopictus,16.506651710061465,77.94748831327398,0.42997129544243845,0.012256117997405586,0.012187994608600644,0.012323831395744245,0,0,0,1,1,1,0.04075630753753867,0,0,0
TUR.40.25_1,2067,6,albopictus,22.724260554594153,72.89379148391333,0.48361917522626385,0.08071719161487349,0.0804695469894746,0.08098046497995802,2.2291533063878432e-12,2.0412893597665515e-12,2.4419549715659627e-12,0.9999999999977709,0.9999999999975581,0.9999999999979587,0.04721110632619807,1.0524079376527245e-13,9.637152900647546e-14,1.1528739580638866e-13
TUR.40.25_1,2067,7,albopictus,25.01740556604722,63.6709523943122,0.567930568720781,0.0924977311995045,0.09216808111178776,0.0928097840492028,1.0443036180252108e-10,9.433723247020964e-11,1.1467652105690007e-10,0.9999999998955696,0.9999999998853234,0.9999999999056628,0.053477959967167865,5.584722707832078e-12,5.044962741455279e-12,6.132666402254984e-12
TUR.40.25_1,2067,8,albopictus,25.387507775250604,70.27030020796923,0.6743817509400005,0.10796680609689649,0.10760856647173372,0.10831832156096355,7.92356398449101e-9,7.215897776524649e-9,8.66439858748791e-9,0.999999992076436,0.9999999913356015,0.9999999927841022,0.06317871884022563,5.006006211886955e-10,4.558911768028601e-10,5.474056022785468e-10
TUR.40.25_1,2067,9,albopictus,23.13028128006879,66.79654230169153,0.5375148212028401,0.0779662014411082,0.07769691795623532,0.07821973041328824,8.343755686368581e-13,7.555733816388965e-13,9.138301226840894e-13,0.9999999999991657,0.9999999999990862,0.9999999999992444,0.052332410420253384,4.366488470253636e-14,3.954097631054548e-14,4.7822933034694273e-14
TUR.40.25_1,2067,10,albopictus,18.755382257349353,75.86257311112946,0.5296984234637437,0.031250914074647675,0.03112447782240784,0.03137770762635031,0,0,0,1,1,1,0.04996945070747649,0,0,0
TUR.40.25_1,2067,11,albopictus,13.500159838620355,82.2966852162621,0.30725135876833554,0.0011439427014245324,0.0011301105786422508,0.0011585842260800506,0,0,0,1,1,1,0.030257916245215122,0,0,0
TUR.40.25_1,2067,12,albopictus,9.60821892233456,77.55747142249655,0.2527190667722954,0,0,0,0,0,0,1,1,1,0.024160042397513792,0,0,0
TUR.40.25_1,2068,1,albopictus,5.797420382499695,75.37016923873522,0.24309959046869956,0,0,0,0,0,0,1,1,1,0.023251193365652623,0,0,0
TUR.40.25_1,2068,2,albopictus,7.7923919348155755,82.57196092072553,0.18834034515545817,0,0,0,0,0,0,1,1,1,0.01929490760173902,0,0,0
TUR.40.25_1,2068,3,albopictus,8.949978674159329,74.96434131154365,0.22323094457782638,0,0,0,0,0,0,1,1,1,0.021371321226727025,0,0,0
TUR.40.25_1,2068,4,albopictus,13.15812043582692,75.76749812475822,0.29518186619623604,6.368808508197518e-4,6.281815985727823e-4,6.46824328415159e-4,0,0,0,1,1,1,0.02908678014878996,0,0,0
TUR.40.25_1,2068,5,albopictus,19.271996329812442,75.46977377469976,0.41258619792122037,0.03687864637879658,0.03673450503204634,0.0370177173893376,0,0,0,1,1,1,0.039141089967160037,0,0,0
TUR.40.25_1,2068,6,albopictus,22.83646796731388,68.67886381057349,0.46406492448078546,0.07679128106449638,0.07651963878402866,0.07705650336231042,5.423672622129061e-13,4.899386452095201e-13,5.974110095507967e-13,0.9999999999994577,0.9999999999994026,0.9999999999995101,0.04534617626149462,2.459428147077071e-14,2.2216844162988772e-14,2.7090304939647875e-14
TUR.40.25_1,2068,7,albopictus,26.297417696784525,65.09034021169501,0.5449673420422843,0.10377535417270456,0.10340740893309744,0.10414292293547067,2.6283059531007067e-9,2.377070010273208e-9,2.897259815393127e-9,0.9999999973716941,0.9999999971027402,0.99999999762293,0.051372214622591006,1.3502189751652313e-10,1.2211535074067986e-10,1.4883865305378413e-10
TUR.40.25_1,2068,8,albopictus,25.028626778546503,69.76377326094774,0.6471143667427426,0.10361392448079824,0.10328823751829455,0.10394110739553462,2.515899262478527e-9,2.301731058529377e-9,2.744546298560912e-9,0.9999999974841007,0.9999999972554537,0.999999997698269,0.060703389921417994,1.5272361393324197e-10,1.3972287794014695e-10,1.6660326411892755e-10
TUR.40.25_1,2068,9,albopictus,24.229858230142032,66.25255502752161,0.5157813992633692,0.08945581756782288,0.08914131739542334,0.08974380720481252,4.071765780100378e-11,3.682669724724974e-11,4.4527984077724624e-11,0.9999999999592823,0.9999999999554721,0.9999999999631733,0.050270564725440114,2.046899651953682e-12,1.8512988675920553e-12,2.2384469056726223e-12
TUR.40.25_1,2068,10,albopictus,15.366494851953844,75.88951250321931,0.5082810431726321,0.005978058814098114,0.005936521314646849,0.006020064729199653,0,0,0,1,1,1,0.04799832815153138,0,0,0
TUR.40.25_1,2068,11,albopictus,13.709045985165766,77.72677707417226,0.294828215892675,0.0013796213610428845,0.001363640929474851,0.001395236670162895,0,0,0,1,1,1,0.0290524431661362,0,0,0
TUR.40.25_1,2068,12,albopictus,11.027230038362392,79.80171122962545,0.2425008367000143,8.59431415223661e-8,7.811192673398129e-8,9.418614514942401e-8,0,0,0,1,1,1,0.023194595077934643,0,0,0
TUR.40.25_1,2069,1,albopictus,9.193631052970886,77.86673601119615,0.2573076399872563,0,0,0,0,0,0,1,1,1,0.024593273274499117,0,0,0
TUR.40.25_1,2069,2,albopictus,7.044779935303857,79.70424699250287,0.19247390150724727,0,0,0,0,0,0,1,1,1,0.020411020270299396,0,0,0
TUR.40.25_1,2069,3,albopictus,10.627118910060208,71.64056506642646,0.23627776340841722,4.761528365250553e-13,2.018645708511145e-13,1.1190807059209482e-12,0,0,0,1,1,1,0.022606153555349895,0,0,0
TUR.40.25_1,2069,4,albopictus,12.94720677768483,77.57432185522697,0.31243388444855025,4.6733620642390894e-4,4.6002687809300227e-4,4.744144461113791e-4,0,0,0,1,1,1,0.030760357363493918,0,0,0
TUR.40.25_1,2069,5,albopictus,16.602612327126895,73.77938986356695,0.4366999577158611,0.012202466024556966,0.012133673373642392,0.01226877354694715,0,0,0,1,1,1,0.041380726169679694,0,0,0
TUR.40.25_1,2069,6,albopictus,24.195722804350012,64.83848218825904,0.4911873783448007,0.08690226495776589,0.0865829991356316,0.08721650392711436,1.7990396616873738e-11,1.6192924778835052e-11,1.989327313989264e-11,0.9999999999820096,0.9999999999801067,0.9999999999838072,0.04793192351488862,8.62314314642503e-13,7.761580319814662e-13,9.535228466021224e-13
TUR.40.25_1,2069,7,albopictus,26.021212633918314,66.5714650896247,0.5768181689680085,0.1052788295213999,0.10489840032446825,0.10570630522112814,3.926688230460052e-9,3.544745499906021e-9,4.39044665900834e-9,0.9999999960733118,0.9999999956095533,0.9999999964552545,0.05429170443950826,2.131865968342328e-10,1.9245027499417463e-10,2.3836483236830733e-10
TUR.40.25_1,2069,8,albopictus,25.21918235105627,75.50851660811571,0.6849352160050706,0.11720841995601317,0.11684701839101334,0.11756411329797328,7.713609630288776e-8,7.077655361786839e-8,8.3788595289791e-8,0.9999999228639037,0.9999999162114047,0.9999999292234464,0.06413500887737911,4.9471242211520764e-9,4.539254894592287e-9,5.373782302733871e-9
TUR.40.25_1,2069,9,albopictus,23.492196868447696,70.03814615300989,0.5459264424835386,0.08683125643301708,0.08654916827794071,0.08708052990630319,1.7574039001821974e-11,1.6015216930398424e-11,1.903614488263372e-11,0.999999999982426,0.9999999999809639,0.9999999999839847,0.05312921733772391,9.336949376294363e-13,8.508759410059335e-13,1.011375478741848e-12
TUR.40.25_1,2069,10,albopictus,16.903293329126697,75.9585051179654,0.5379877251823258,0.014613194640833714,0.01453643250468947,0.014688674381622233,0,0,0,1,1,1,0.050731250583119225,0,0,0
TUR.40.25_1,2069,11,albopictus,13.396193125668695,78.78688144428945,0.3120595649163181,9.431261023939504e-4,9.301823882874262e-4,9.560399093967249e-4,0,0,0,1,1,1,0.030724076151494528,0,0,0
TUR.40.25_1,2069,12,albopictus,11.373419537263759,79.48010173255514,0.2566738918231527,2.5424736419988253e-6,2.417747195492404e-6,2.67388546310063e-6,0,0,0,1,1,1,0.024533449289454667,0,0,0
TUR.40.25_1,2070,1,albopictus,8.501780390739441,80.02073533980943,0.24050678171414067,0,0,0,0,0,0,1,1,1,0.02300607975824187,0,0,0
TUR.40.25_1,2070,2,albopictus,5.3485843328868645,77.82453965607709,0.17990635108139505,0,0,0,0,0,0,1,1,1,0.019091092466627435,0,0,0
TUR.40.25_1,2070,3,albopictus,10.45418437789468,77.62146869191474,0.22085004732384947,6.666002518108179e-25,3.185335608592791e-30,8.661211931713953e-25,0,0,0,1,1,1,0.021145809989644326,0,0,0
TUR.40.25_1,2070,4,albopictus,13.613359731786392,70.93182765356681,0.2920335674871143,0.001104255814780966,0.0010911040199523686,0.0011175110273505652,0,0,0,1,1,1,0.028781059542652976,0,0,0
TUR.40.25_1,2070,5,albopictus,16.03966791489545,81.24987936552007,0.4081857087886892,0.009861246676838381,0.00980590773149636,0.00992122053516028,0,0,0,1,1,1,0.038731817422585135,0,0,0
TUR.40.25_1,2070,6,albopictus,22.653427348417395,71.70097379592505,0.4591153826220039,0.07822047539707218,0.07797424673809403,0.07848364183894102,9.150441515615171e-13,8.358758130100341e-13,1.0054318488883496e-12,0.999999999999085,0.9999999999989945,0.9999999999991641,0.044873549400697765,4.106127893891531e-14,3.7508714587954176e-14,4.511729574012624e-14
TUR.40.25_1,2070,7,albopictus,25.144036349128275,69.5779233720954,0.53915492544104,0.1043590551709403,0.10399161846365663,0.10470443998525474,3.0732921044718253e-9,2.7820252518351294e-9,3.366360745715724e-9,0.9999999969267079,0.9999999966336393,0.9999999972179747,0.0508384690498308,1.5624146553428026e-10,1.4143390466126798e-10,1.711406265816342e-10
TUR.40.25_1,2070,8,albopictus,28.092524865094354,64.68953543746142,0.6402124884135504,0.10658490349783134,0.10611870408316261,0.10703908221657094,5.538990944797817e-9,4.893790855886593e-9,6.224858128955901e-9,0.9999999944610091,0.9999999937751419,0.9999999951062091,0.06007580187836836,3.3275932260575006e-10,2.939984098924137e-10,3.7396334367610553e-10
TUR.40.25_1,2070,9,albopictus,21.973857711343204,66.11589731267786,0.5102802689452542,0.0632325951688146,0.06301225272563397,0.06345247312827659,2.154165734680191e-15,1.9984014443252818e-15,2.3314683517128287e-15,0.9999999999999979,0.9999999999999977,0.999999999999998,0.04974796245442015,1.0716535608946854e-16,9.941640002115311e-17,1.1598580002467863e-16
TUR.40.25_1,2070,10,albopictus,19.307624536402088,75.26052232987946,0.5028599088302278,0.03718726644053475,0.037041522668933985,0.03732234864808196,0,0,0,1,1,1,0.04749875237999257,0,0,0
TUR.40.25_1,2070,11,albopictus,12.524934390011957,70.26537418110586,0.2916836890846139,1.7817859187705561e-4,1.745793954414076e-4,1.8196398313199687e-4,0,0,0,1,1,1,0.02874707809505117,0,0,0
TUR.40.25_1,2070,12,albopictus,7.040949597078212,77.91599955970358,0.23991441402784364,0,0,0,0,0,0,1,1,1,0.022950071092103452,0,0,0
TUR.40.25_1,2071,1,albopictus,6.307525992393494,76.73686082809068,0.255225410702992,0,0,0,0,0,0,1,1,1,0.024396703103950812,0,0,0
TUR.40.25_1,2071,2,albopictus,8.294267812195947,74.63199662629194,0.19091633098895702,0,0,0,0,0,0,1,1,1,0.02024753031656079,0,0,0
TUR.40.25_1,2071,3,albopictus,11.726480329737942,69.97419848927802,0.23436571572023415,1.3998613426922555e-5,1.3495923388616606e-5,1.4517172073925469e-5,0,0,0,1,1,1,0.02242528292091317,0,0,0
TUR.40.25_1,2071,4,albopictus,14.804474157445572,70.44076930395744,0.3099055530564958,0.0036319746197558695,0.0036015966003907357,0.0036605019177849496,0,0,0,1,1,1,0.030515270480266365,0,0,0
TUR.40.25_1,2071,5,albopictus,18.134024451760684,67.28527975614507,0.43316601896286494,0.02216978149979585,0.02207095615265305,0.02227453113955964,0,0,0,1,1,1,0.041052827993469654,0,0,0
TUR.40.25_1,2071,6,albopictus,22.038137660307044,68.1107027998313,0.48721250708446334,0.06605782746124668,0.06584409625688402,0.0662766570068826,7.488787368004069e-15,6.772360450213455e-15,8.215650382226158e-15,0.9999999999999926,0.9999999999999918,0.9999999999999932,0.047553413489930696,3.5611740224886725e-16,3.2204885679185365e-16,3.906822197147077e-16
TUR.40.25_1,2071,7,albopictus,25.279873904059915,64.41857202321845,0.5721503414476894,0.09589712037112681,0.09555127255471453,0.09622916278120484,2.8805916285623565e-10,2.59932825263931e-10,3.1700786995436656e-10,0.9999999997119409,0.9999999996829921,0.9999999997400671,0.05386440762592348,1.5516136168470554e-11,1.4001127655374323e-11,1.7075441127847742e-11
TUR.40.25_1,2071,8,albopictus,27.580167153302362,64.85862952315478,0.6793924650604803,0.10710225517733753,0.10667348956537272,0.10753590200693212,6.337767567310415e-9,5.6590525487898445e-9,7.081483660575926e-9,0.9999999936622325,0.9999999929185163,0.9999999943409474,0.06363288068141981,4.0329040739723596e-10,3.6010181560702887e-10,4.5061520482085195e-10
TUR.40.25_1,2071,9,albopictus,23.341312240151797,71.01451028875208,0.5415086023228276,0.0863519005499078,0.08607189637568273,0.08662715167555785,1.5031288880251738e-11,1.3699744116912882e-11,1.6427625926240807e-11,0.9999999999849687,0.9999999999835724,0.9999999999863003,0.05271081254518939,7.92311450479539e-13,7.221246440636562e-13,8.659135107605724e-13
TUR.40.25_1,2071,10,albopictus,19.588838296778064,72.097444021774,0.5336341280796326,0.03878151366133385,0.038632238804384905,0.038929058042503385,0,0,0,1,1,1,0.050331224351585546,0,0,0
TUR.40.25_1,2071,11,albopictus,12.598861315671137,78.22545718891836,0.30953426265737344,2.448171442663809e-4,2.4024892241927498e-4,2.4891919127953535e-4,0,0,0,1,1,1,0.030479273774792204,0,0,0
TUR.40.25_1,2071,12,albopictus,10.187837376314052,77.7658835929067,0.25459679106513894,0,0,0,0,0,0,1,1,1,0.024337351293062026,0,0,0
TUR.40.25_1,2072,1,albopictus,8.46046245098114,80.47842271773912,0.2575987367661475,0,0,0,0,0,0,1,1,1,0.02462075073484815,0,0,0
TUR.40.25_1,2072,2,albopictus,9.457031407777002,77.83882951203412,0.199573495375316,0,0,0,0,0,0,1,1,1,0.020433874080486247,0,0,0
TUR.40.25_1,2072,3,albopictus,9.822485769496243,70.19439807423896,0.23654506870823347,0,0,0,0,0,0,1,1,1,0.02263143670141321,0,0,0
TUR.40.25_1,2072,4,albopictus,11.617658895604752,78.33102809301994,0.31278734654312285,1.0525394021009435e-5,1.0143773528352666e-5,1.0938113035552289e-5,0,0,0,1,1,1,0.030794615705461936,0,0,0
TUR.40.25_1,2072,5,albopictus,19.213616202859317,67.7604079299732,0.43719400426278554,0.03251321140421185,0.032375568469584885,0.03264767463736145,0,0,0,1,1,1,0.04142655757811864,0,0,0
TUR.40.25_1,2072,6,albopictus,23.87528060464298,61.043152140651614,0.49174306749447083,0.07823955868352064,0.07792642613540395,0.07852763597834032,9.216665208811037e-13,8.214512403625918e-13,1.0214329382307596e-12,0.9999999999990783,0.9999999999989786,0.9999999999991785,0.04798482743495336,4.4226008957053595e-14,3.941719601502736e-14,4.9013283277380376e-14
TUR.40.25_1,2072,7,albopictus,24.658894594977884,65.0937696245368,0.5774707337772027,0.09178957535182196,0.09147807074722289,0.09208553000748372,8.411826046827997e-11,7.635021781471352e-11,9.198782291441887e-11,0.9999999999158817,0.9999999999080122,0.9999999999236499,0.054351425387961005,4.571947357606788e-12,4.1497431669109736e-12,4.999669293734008e-12
TUR.40.25_1,2072,8,albopictus,25.77928290647619,67.54523306929735,0.6857100955816665,0.10562119292292706,0.10524041285307584,0.10599711338137395,4.298183727824423e-9,3.881656299165037e-9,4.739892200955609e-9,0.9999999957018163,0.9999999952601077,0.9999999961183437,0.06420518521402052,2.7596568232885626e-10,2.492224616250606e-10,3.043256566568463e-10
TUR.40.25_1,2072,9,albopictus,23.76710302689496,65.45465387395716,0.5465440589248007,0.08335197153406852,0.08307402494228601,0.08364367493412797,5.534245839378116e-12,5.029221483709989e-12,6.101710803285699e-12,0.9999999999944658,0.9999999999938983,0.9999999999949708,0.05318769582815375,2.9435378434306864e-13,2.6749270252798295e-13,3.2453593823651934e-13
TUR.40.25_1,2072,10,albopictus,18.63368959987865,74.04447313554353,0.5385963604093689,0.029216639138962747,0.029097866726462758,0.029340050563555778,0,0,0,1,1,1,0.05078716103984071,0,0,0
TUR.40.25_1,2072,11,albopictus,14.162154772702387,72.95721530659414,0.3124126035364454,0.002104940984784912,0.0020828929658545593,0.0021266612419606878,0,0,0,1,1,1,0.030758294730934832,0,0,0
TUR.40.25_1,2072,12,albopictus,5.34306885214413,79.18232646400045,0.25696427163130325,0,0,0,0,0,0,1,1,1,0.024560860754935243,0,0,0
TUR.40.25_1,2073,1,albopictus,7.903380274772644,79.9999986454735,0.24338854952366948,0,0,0,0,0,0,1,1,1,0.023278506572029123,0,0,0
TUR.40.25_1,2073,2,albopictus,8.443867841187647,81.74617814484662,0.18206200061269334,0,0,0,0,0,0,1,1,1,0.019317619430306077,0,0,0
TUR.40.25_1,2073,3,albopictus,8.38048347304849,74.3725825835163,0.22349628687092069,0,0,0,0,0,0,1,1,1,0.02139645041160909,0,0,0
TUR.40.25_1,2073,4,albopictus,11.692389768712662,73.68782435766838,0.29553273257546714,1.3273897478835135e-5,1.2799099649045194e-5,1.3744110078488919e-5,0,0,0,1,1,1,0.029120845631764536,0,0,0
TUR.40.25_1,2073,5,albopictus,17.89464838364545,70.40513754423101,0.41307661634444803,0.02105840460259394,0.020962461788385952,0.02115969763690005,0,0,0,1,1,1,0.03918669110229189,0,0,0
TUR.40.25_1,2073,6,albopictus,23.450247035307044,68.09124021438208,0.4646165328227169,0.08352262749698196,0.0832455715614762,0.08378954509964939,5.863329599620215e-12,5.331493579951996e-12,6.4098948371338335e-12,0.9999999999941367,0.9999999999935901,0.9999999999946686,0.045398834310433456,2.661883290006183e-13,2.4204359366338035e-13,2.9100175365834174e-13
TUR.40.25_1,2073,7,albopictus,25.883008059333353,66.54624231130438,0.5456151146191216,0.10432017414366321,0.10396087751595143,0.10470453244719055,3.0420635168670883e-9,2.759157452514316e-9,3.3664437015801244e-9,0.9999999969579365,0.9999999966335562,0.9999999972408425,0.051431680023052095,1.5645843740930863e-10,1.4190810323093585e-10,1.7314185527528803e-10
TUR.40.25_1,2073,8,albopictus,25.70685324949377,70.10183936202196,0.6478835558454923,0.11035342568629354,0.10999173868149542,0.11071217689683784,1.455005084582961e-8,1.3268580306702303e-8,1.5905916225800177e-8,0.9999999854499492,0.9999999840940839,0.9999999867314197,0.0607733063562802,8.842546975530567e-10,8.063754958921254e-10,9.66655119667882e-10
TUR.40.25_1,2073,9,albopictus,22.94717008927289,64.21179880193567,0.5163944801221846,0.07261531731789526,0.07235788909160883,0.07286641999419576,1.1081036088711471e-13,1.000310945187266e-13,1.221273082663288e-13,0.9999999999998892,0.9999999999998778,0.9999999999999,0.05032878903439353,5.5769512759126085e-15,5.0344438529124704e-15,6.146519533074407e-15
TUR.40.25_1,2073,10,albopictus,15.631812768823961,77.03633257157868,0.5088852087724636,0.007252133302316273,0.007203423377240706,0.00729453378431768,0,0,0,1,1,1,0.04805398781415615,0,0,0
TUR.40.25_1,2073,11,albopictus,12.098606684628656,78.70877933247304,0.29517866190732506,6.983730309177645e-5,6.812790775896722e-5,7.169759188616291e-5,0,0,0,1,1,1,0.02908646904009371,0,0,0
TUR.40.25_1,2073,12,albopictus,8.41199089499081,78.73410716468405,0.24278908404945307,0,0,0,0,0,0,1,1,1,0.0232218425916626,0,0,0
TUR.40.25_1,2074,1,albopictus,6.288762927055359,79.3486085697899,0.25258306209042275,0,0,0,0,0,0,1,1,1,0.02414719855786196,0,0,0
TUR.40.25_1,2074,2,albopictus,9.345359960023096,78.34252213898725,0.18893977426243053,0,0,0,0,0,0,1,1,1,0.020040022309126493,0,0,0
TUR.40.25_1,2074,3,albopictus,8.234028661952298,75.13399615773506,0.23193932752455476,0,0,0,0,0,0,1,1,1,0.022195709928047203,0,0,0
TUR.40.25_1,2074,4,albopictus,13.826342863195084,73.37150966040275,0.30669710094394625,0.001479080284084614,0.0014621700747597304,0.001494592780315387,0,0,0,1,1,1,0.03020416604189924,0,0,0
TUR.40.25_1,2074,5,albopictus,18.573496650247012,79.30776358182867,0.4286814512779073,0.030716106654832924,0.030591698109037186,0.030832955671962346,0,0,0,1,1,1,0.04063656378564817,0,0,0
TUR.40.25_1,2074,6,albopictus,23.982662425321692,67.29290800002661,0.4821683961216284,0.08844785117427864,0.08815646133801315,0.08876166356105149,2.957874389863946e-11,2.692035760976097e-11,3.265069881130955e-11,0.9999999999704212,0.9999999999673492,0.9999999999730796,0.047072867676946295,1.3923562975909379e-12,1.2672184315803525e-12,1.5369620247046021e-12
TUR.40.25_1,2074,7,albopictus,27.80033021814683,62.17386682302314,0.5662268691071368,0.10105753210973875,0.10062583768092943,0.10145385193998846,1.2523240293660364e-9,1.1090455248607967e-9,1.3948498384097617e-9,0.999999998747676,0.9999999986051501,0.9999999988909545,0.053321890078939393,6.677628423707026e-11,5.913640356916704e-11,7.43760297603117e-11
TUR.40.25_1,2074,8,albopictus,25.640033104840448,73.83786994063524,0.6723587150412409,0.11784393568638936,0.11746448239098908,0.11819748467037072,8.954436822716793e-8,8.185242860170305e-8,9.716406008386524e-8,0.9999999104556317,0.99999990283594,0.9999999181475714,0.06299529219998756,5.6408736413337264e-9,5.156317657042902e-9,6.120878356320239e-9
TUR.40.25_1,2074,9,albopictus,23.100646804360782,70.10732187322473,0.5359023638996985,0.08199494130943097,0.08170259849599631,0.08226956103841643,3.477668486517871e-12,3.1399216560146216e-12,3.8187453199611814e-12,0.9999999999965223,0.9999999999961813,0.9999999999968601,0.05217959074724776,1.8146331838110303e-13,1.6383982698926344e-13,1.9926056796354213e-13
TUR.40.25_1,2074,10,albopictus,19.454704004175525,76.6261076570279,0.528109414086355,0.03967524375633078,0.039527206826213676,0.03981779388925157,0,0,0,1,1,1,0.04982334843061187,0,0,0
TUR.40.25_1,2074,11,albopictus,14.433196642819574,75.61591434223867,0.3063296545142323,0.002836588011021982,0.002812786646614797,0.0028624293980536114,0,0,0,1,1,1,0.030168530585523268,0,0,0
TUR.40.25_1,2074,12,albopictus,10.087771191316493,73.60688701087545,0.2519609505515217,0,0,0,0,0,0,1,1,1,0.024088446213044068,0,0,0
TUR.40.25_1,2075,1,albopictus,7.9254902601242065,80.32070024459459,0.24463706134221982,0,0,0,0,0,0,1,1,1,0.023396510571558116,0,0,0
TUR.40.25_1,2075,2,albopictus,7.643505254212548,79.54627274933881,0.18299592523617594,0,0,0,0,0,0,1,1,1,0.01941574488759623,0,0,0
TUR.40.25_1,2075,3,albopictus,11.069866979823392,72.63011279591865,0.2246427572209292,1.0933790184206605e-7,1.0015717267652191e-7,1.19483567831955e-7,0,0,0,1,1,1,0.021505019222970767,0,0,0
TUR.40.25_1,2075,4,albopictus,14.40090207492604,68.71853267065666,0.2970487287474772,0.0024922295999268733,0.0024675578739135943,0.0025158401265330697,0,0,0,1,1,1,0.02926801938389101,0,0,0
TUR.40.25_1,2075,5,albopictus,17.087984870461856,68.92460775907476,0.41519557813818136,0.014539710309583998,0.014456625556598946,0.01461813948271776,0,0,0,1,1,1,0.03938369606638881,0,0,0
TUR.40.25_1,2075,6,albopictus,22.363455043119544,68.5752032270774,0.4669998792597547,0.07069049784797901,0.07046975009041205,0.07092166185404312,5.160327720687974e-14,4.718447854656915e-14,5.651312751098203e-14,0.9999999999999484,0.9999999999999435,0.9999999999999528,0.04562632172899406,2.3544677281115607e-15,2.1528541987805823e-15,2.5784861377277312e-15
TUR.40.25_1,2075,7,albopictus,24.581345614264993,69.07234246999579,0.5484139600057055,0.0978320874042659,0.09747822649088855,0.09817958427761536,5.045425537364423e-10,4.552366233978589e-10,5.566080152341612e-10,0.9999999994954575,0.999999999443392,0.9999999995447634,0.05168857065706001,2.6079083438299593e-11,2.3530530374181645e-11,2.8770272723716878e-11
TUR.40.25_1,2075,8,albopictus,24.913737633649042,72.48700171553759,0.6512070083172729,0.10768747272298065,0.10734850038535972,0.10801554480641959,7.371532940836367e-9,6.7458403668618775e-9,8.015232635938396e-9,0.9999999926284671,0.9999999919847674,0.9999999932541597,0.06107533603618398,4.5021885146338065e-10,4.1200446725254377e-10,4.895330266481261e-10
TUR.40.25_1,2075,9,albopictus,22.431033919839297,71.56706155828333,0.5190434322307718,0.07506369788086582,0.0748205524120327,0.07529213738304873,2.842549529091798e-13,2.5901225608748745e-13,3.095329548230552e-13,0.9999999999997158,0.9999999999996905,0.999999999999741,0.050580319074046476,1.437770621652437e-14,1.3100922556993752e-14,1.5656275618882545e-14
TUR.40.25_1,2075,10,albopictus,17.24148340786205,72.29438921220368,0.511495640523182,0.016331556661539338,0.01625049296225402,0.016410714953110434,0,0,0,1,1,1,0.04829444035346209,0,0,0
TUR.40.25_1,2075,11,albopictus,12.258991816464594,79.12310886128164,0.2966928418007359,1.1144333143415902e-4,1.088450570209361e-4,1.1407093795303613e-4,0,0,0,1,1,1,0.0292334716850724,0,0,0
TUR.40.25_1,2075,12,albopictus,8.916844143587001,77.8462287467153,0.2440345207860785,0,0,0,0,0,0,1,1,1,0.02333956279418825,0,0,0
TUR.59.4_1,2025,1,albopictus,6.417662176139214,77.05788846229612,0.06320792421232822,0,0,0,0,0,0,1,1,1,0.0060982257709665255,0,0,0
TUR.59.4_1,2025,2,albopictus,5.300040262586931,68.47041050694055,0.0472814401466033,0,0,0,0,0,0,1,1,1,0.005053058715036474,0,0,0
TUR.59.4_1,2025,3,albopictus,6.994823834475349,58.27931918354798,0.058041910311397375,0,0,0,0,0,0,1,1,1,0.005601213442467334,0,0,0
TUR.59.4_1,2025,4,albopictus,10.657383764491362,64.13983739791068,0.0767497509617878,1.465685064039284e-12,7.275752159748861e-13,3.1710872201768233e-12,0,0,0,1,1,1,0.0076455976798393,0,0,0
TUR.59.4_1,2025,5,albopictus,16.234515330370733,59.7750282703888,0.10727585792710304,0.00827017179278439,0.008212483967628581,0.008325405564543366,0,0,0,1,1,1,0.010327832504898882,0,0,0
TUR.59.4_1,2025,6,albopictus,21.487884605632107,47.428368130794134,0.12066075685124628,0.042720467819778604,0.04253382850799279,0.04290743868656729,0,0,0,1,1,1,0.011993572496537874,0,0,0
TUR.59.4_1,2025,7,albopictus,25.958779839908377,40.96706828441224,0.1416960612216161,0.06267777179808355,0.06236192452572064,0.06301149277610908,1.6766588117889114e-15,1.4432899320127035e-15,1.9984014443252818e-15,0.9999999999999983,0.999999999999998,0.9999999999999986,0.013618933689051205,2.283430517691657e-17,1.965606987815623e-17,2.7216096754370165e-17
TUR.59.4_1,2025,8,albopictus,25.377353556015912,42.28030934382277,0.16825514091127397,0.06282280465999551,0.0625200786971707,0.06315693488313395,1.7896795156957525e-15,1.5543122344752192e-15,2.1094237467877974e-15,0.9999999999999982,0.9999999999999979,0.9999999999999984,0.016150908090942773,2.890494937024507e-17,2.5103554043637157e-17,3.4069109059221856e-17
TUR.59.4_1,2025,9,albopictus,21.183403127333698,43.32588875491181,0.1341074722993631,0.03759885977566902,0.037408980002415305,0.03777857396115923,0,0,0,1,1,1,0.013321223798181014,0,0,0
TUR.59.4_1,2025,10,albopictus,18.190073574290558,45.872029949045135,0.13215731706284153,0.016762327592250246,0.016664682680765444,0.016859090468057624,0,0,0,1,1,1,0.012707980723908663,0,0,0
TUR.59.4_1,2025,11,albopictus,10.09295647284564,66.42916255672243,0.07665779892870517,0,0,0,0,0,0,1,1,1,0.00763647273740331,0,0,0
TUR.59.4_1,2025,12,albopictus,7.740716204923742,74.32426846659918,0.06305224323088378,0,0,0,0,0,0,1,1,1,0.006083251632005626,0,0,0
TUR.59.4_1,2026,1,albopictus,2.8997087802957084,72.41125912880003,0.07193484005680319,0,0,0,0,0,0,1,1,1,0.006937261467330091,0,0,0
TUR.59.4_1,2026,2,albopictus,4.302268045790056,74.9658328702218,0.053809437297386326,0,0,0,0,0,0,1,1,1,0.0057487094218527934,0,0,0
TUR.59.4_1,2026,3,albopictus,8.54355849939234,63.77552737446595,0.06605557114668446,0,0,0,0,0,0,1,1,1,0.006372086228409679,0,0,0
TUR.59.4_1,2026,4,albopictus,15.596580351100249,49.54158986983451,0.08734634349467939,0.004839724424296112,0.004800040436513424,0.0048816767403898785,0,0,0,1,1,1,0.008696598255212185,0,0,0
TUR.59.4_1,2026,5,albopictus,18.480006358202765,43.922531169558724,0.12208709237183561,0.01810029457375915,0.0179903679070867,0.018209092224771028,0,0,0,1,1,1,0.011745358279264928,0,0,0
TUR.59.4_1,2026,6,albopictus,22.286838615641873,37.911591092219915,0.1373200014616887,0.042012480803249326,0.041800155361283474,0.042226073111241026,0,0,0,1,1,1,0.013638146323552314,0,0,0
TUR.59.4_1,2026,7,albopictus,27.534585503970877,35.40584239329896,0.16125958299810617,0.05538345232821295,0.055032308372197664,0.05576642404380207,1.0880185641326535e-17,0,1.1102230246251565e-16,1,0.9999999999999999,1,0.015484627103110715,1.6847561746856088e-19,0,1.7191389537608254e-18
TUR.59.4_1,2026,8,albopictus,27.121551401474896,37.074731493480975,0.19148558983727393,0.0581421566998924,0.057800846548923784,0.05848786341844762,2.1882495815361836e-16,1.1102230246251565e-16,2.220446049250313e-16,0.9999999999999998,0.9999999999999998,0.9999999999999999,0.018360222747052957,4.017674974314975e-18,2.0383942031024734e-18,4.076788406204947e-18
TUR.59.4_1,2026,9,albopictus,22.613407247206744,50.90537178713837,0.1526232618851811,0.05515696625095392,0.05491351914363863,0.05541346463137125,0,0,0,1,1,1,0.015146447165027332,0,0,0
TUR.59.4_1,2026,10,albopictus,17.39845522712259,55.6581665762424,0.1504038549552229,0.013965539917317665,0.013879851561522724,0.014041971935188378,0,0,0,1,1,1,0.014449796740799159,0,0,0
TUR.59.4_1,2026,11,albopictus,10.190421987982358,66.23319392879274,0.08724169593861542,0,0,0,0,0,0,1,1,1,0.008686224453101632,0,0,0
TUR.59.4_1,2026,12,albopictus,6.471782908720129,75.98585904277105,0.0717576647003958,0,0,0,0,0,0,1,1,1,0.006920234265423986,0,0,0
TUR.59.4_1,2027,1,albopictus,6.255280050284722,71.1998028299719,0.06848079226888,0,0,0,0,0,0,1,1,1,0.00660526216145052,0,0,0
TUR.59.4_1,2027,2,albopictus,7.112601297743181,75.08722416660852,0.05122570502357207,0,0,0,0,0,0,1,1,1,0.005473434270068411,0,0,0
TUR.59.4_1,2027,3,albopictus,10.56432094293482,59.05619754048158,0.06288382433778014,8.764177202424602e-16,1.0126670727818228e-16,4.7135193148119894e-15,0,0,0,1,1,1,0.00606705204593283,0,0,0
TUR.59.4_1,2027,4,albopictus,11.157049024806303,65.97464574752006,0.08315229170707909,2.2838740535619282e-7,2.1010745869580915e-7,2.474039208830102e-7,0,0,0,1,1,1,0.008280753277124964,0,0,0
TUR.59.4_1,2027,5,albopictus,16.187619349535773,62.69681171765443,0.1162249169501912,0.00838498519559421,0.008331293677172048,0.008439312898894507,0,0,0,1,1,1,0.011184555149061914,0,0,0
TUR.59.4_1,2027,6,albopictus,21.943180168376248,45.77225927459296,0.13072639748742787,0.04527537718004781,0.04506561055798995,0.04547728592809024,0,0,0,1,1,1,0.012987563919140244,0,0,0
TUR.59.4_1,2027,7,albopictus,25.373445062076346,44.05104884471498,0.15351648792072514,0.06506663498720355,0.06472994212688721,0.06538717966195882,4.871880676660112e-15,4.218847493575595e-15,5.551115123125783e-15,0.9999999999999951,0.9999999999999944,0.9999999999999958,0.0147466219738277,7.184378264030257e-17,6.221374915298979e-17,8.186019625393393e-17
TUR.59.4_1,2027,8,albopictus,26.711963541367474,40.92135396052199,0.18229115251768957,0.06347218653388373,0.06311934993971448,0.06381413996961517,2.4028556921962264e-15,1.9984014443252818e-15,2.7755575615628914e-15,0.9999999999999976,0.9999999999999972,0.999999999999998,0.017486386422219558,4.201726315057307e-17,3.494481988219356e-17,4.853447205860217e-17
TUR.59.4_1,2027,9,albopictus,21.83529483570772,55.48732292849579,0.14529485134469955,0.051998187631714265,0.05179454573614907,0.05220066324267802,0,0,0,1,1,1,0.014424441523910314,0,0,0
TUR.59.4_1,2027,10,albopictus,16.65587195228128,53.68662421784396,0.14318201221402843,0.00954203129664594,0.009477672145310584,0.009603924421827965,0,0,0,1,1,1,0.013760766773891486,0,0,0
TUR.59.4_1,2027,11,albopictus,10.150300909491147,72.06481319148806,0.08305266894371988,0,0,0,0,0,0,1,1,1,0.008270873446728721,0,0,0
TUR.59.4_1,2027,12,albopictus,6.829115615171545,77.06677640116949,0.06831212422474842,0,0,0,0,0,0,1,1,1,0.00658904713097086,0,0,0
TUR.59.4_1,2028,1,albopictus,4.59037164116607,73.47684903358518,0.06504853051396203,0,0,0,0,0,0,1,1,1,0.006275246959759118,0,0,0
TUR.59.4_1,2028,2,albopictus,7.685531156904558,75.59496037266321,0.050396064696095734,0,0,0,0,0,0,1,1,1,0.005199819891599788,0,0,0
TUR.59.4_1,2028,3,albopictus,8.019368073519537,74.52022494526673,0.05973208297897545,0,0,0,0,0,0,1,1,1,0.005763849075191452,0,0,0
TUR.59.4_1,2028,4,albopictus,9.957483137355132,72.48682226119193,0.07898469344771016,0,0,0,0,0,0,1,1,1,0.007867358399277324,0,0,0
TUR.59.4_1,2028,5,albopictus,16.85551466661341,58.456501048709114,0.11039971656625905,0.011275087263244278,0.011204527069550595,0.011344197492929859,0,0,0,1,1,1,0.010626973990927602,0,0,0
TUR.59.4_1,2028,6,albopictus,20.495103920207303,59.068607846370305,0.12417438195740017,0.04106239488431204,0.040878429431927654,0.04123141918597626,0,0,0,1,1,1,0.012340659935081932,0,0,0
TUR.59.4_1,2028,7,albopictus,25.057899026309745,46.22402629222474,0.1458222315784387,0.06660305113065386,0.06629188870835578,0.06693979639972729,9.476197604385561e-15,8.323897127127112e-15,1.0880185641326534e-14,0.9999999999999906,0.9999999999999891,0.9999999999999917,0.014012723738070165,1.327873391176172e-16,1.1664047086654815e-16,1.524610356108265e-16
TUR.59.4_1,2028,8,albopictus,25.530485041001263,44.11815037775832,0.1731547081174879,0.06569780773013538,0.06535347654418537,0.06599380632132168,6.414646591679229e-15,5.551115123125783e-15,7.327471962526033e-15,0.9999999999999936,0.9999999999999927,0.9999999999999944,0.016617291199194417,1.0659405035385372e-16,9.22444964812331e-17,1.217627353552277e-16
TUR.59.4_1,2028,9,albopictus,21.07515537037569,48.437926413603215,0.13801266396142764,0.039867121507424025,0.039693282759892444,0.040056022087900434,0,0,0,1,1,1,0.013706465544138347,0,0,0
TUR.59.4_1,2028,10,albopictus,17.175505245433136,51.90083472809787,0.13600572046517065,0.011985340044627637,0.011907869184255,0.012057741572664676,0,0,0,1,1,1,0.013075605614656372,0,0,0
TUR.59.4_1,2028,11,albopictus,10.42558472296771,65.35962825496462,0.07889006378371892,5.303418385279852e-38,1.0959324950200604e-50,3.275487420576728e-40,0,0,0,1,1,1,0.007857969837004597,0,0,0
TUR.59.4_1,2028,12,albopictus,4.972931132597082,71.95366299784918,0.06488831612315381,0,0,0,0,0,0,1,1,1,0.006259839517160692,0,0,0
TUR.59.4_1,2029,1,albopictus,2.6733973350595024,68.04183621620237,0.06141373662736199,0,0,0,0,0,0,1,1,1,0.005925638572925718,0,0,0
TUR.59.4_1,2029,2,albopictus,4.728497522718767,67.83862034580774,0.04593933353627717,0,0,0,0,0,0,1,1,1,0.00490997790653247,0,0,0
TUR.59.4_1,2029,3,albopictus,7.293135067995856,69.89474429341126,0.056394362536554915,0,0,0,0,0,0,1,1,1,0.0054426537532454855,0,0,0
TUR.59.4_1,2029,4,albopictus,10.806597555384917,65.56421483931693,0.0745711720566759,5.360603744221645e-10,4.168777969543734e-10,7.170126059911783e-10,0,0,0,1,1,1,0.0074293818918077514,0,0,0
TUR.59.4_1,2029,5,albopictus,15.983557841357062,69.0475120960724,0.10423078067044683,0.008113950851035766,0.008062655967395398,0.008166234359357767,0,0,0,1,1,1,0.010036148089954233,0,0,0
TUR.59.4_1,2029,6,albopictus,21.874994362101834,57.586552182307805,0.1172357427468769,0.05419055631638593,0.05398003881588964,0.05440108014156931,0,0,0,1,1,1,0.011655120944838893,0,0,0
TUR.59.4_1,2029,7,albopictus,25.59605553570916,39.865086167713024,0.13767394980045267,0.06044720471620381,0.060134589080459565,0.060754447814363136,5.931921620572211e-16,5.551115123125783e-16,6.661338147750939e-16,0.9999999999999994,0.9999999999999993,0.9999999999999994,0.01323492335661558,7.85085280057241e-18,7.34685831983194e-18,8.816229983798327e-18
TUR.59.4_1,2029,8,albopictus,25.725791818955365,49.409299517162616,0.16347913713181633,0.07376689471052998,0.07342494338497857,0.07409377043604987,1.7345125336021283e-13,1.5165646516379638e-13,1.9629020631128925e-13,0.9999999999998266,0.9999999999998037,0.9999999999998483,0.015696073925534515,2.7225036952185177e-15,2.3804110884961978e-15,3.0809855891204173e-15
TUR.59.4_1,2029,9,albopictus,20.289888494154987,64.2427588720993,0.1303007666552662,0.042098035662760554,0.04193184290296411,0.04226307671488361,0,0,0,1,1,1,0.012945552732631538,0,0,0
TUR.59.4_1,2029,10,albopictus,15.03213747809915,63.00077216706271,0.12840596752096956,0.003917598369227492,0.003882262870152034,0.003951681873530921,0,0,0,1,1,1,0.012349495256908649,0,0,0
TUR.59.4_1,2029,11,albopictus,10.895360876532163,72.9936309405115,0.07448183012664958,6.792844833027191e-9,5.8588572387778546e-9,7.972506247776618e-9,0,0,0,1,1,1,0.0074205140347233245,0,0,0
TUR.59.4_1,2029,12,albopictus,5.674996600431554,71.5629693332984,0.06126247472608201,0,0,0,0,0,0,1,1,1,0.005911086958879985,0,0,0
TUR.59.4_1,2030,1,albopictus,7.195159467704156,77.26526303505003,0.07255314989893016,0,0,0,0,0,0,1,1,1,0.006996681024915796,0,0,0
TUR.59.4_1,2030,2,albopictus,6.82963468397365,66.56789128086633,0.05427195177095735,0,0,0,0,0,0,1,1,1,0.005797978445246987,0,0,0
TUR.59.4_1,2030,3,albopictus,9.07008733468897,70.61622561665345,0.06662334622945468,0,0,0,0,0,0,1,1,1,0.006426680583782374,0,0,0
TUR.59.4_1,2030,4,albopictus,12.007130468592925,63.278959407188026,0.0880971216129586,3.580933912882828e-5,3.4665191099369274e-5,3.6900340759999274e-5,0,0,0,1,1,1,0.008771020351713732,0,0,0
TUR.59.4_1,2030,5,albopictus,20.079735896166632,47.90231327405091,0.12313648166290182,0.03122363340563291,0.031073435170567928,0.031376616805297665,0,0,0,1,1,1,0.011845714199983925,0,0,0
TUR.59.4_1,2030,6,albopictus,24.8749924547532,30.31835226165351,0.13850032393627276,0.048053761563515665,0.04778494036281052,0.0483319431278081,0,0,0,1,1,1,0.013754561959414269,0,0,0
TUR.59.4_1,2030,7,albopictus,26.819861916934745,39.53799495067201,0.16264567612386116,0.061583977248475544,0.061230786432365014,0.06193345784988567,1.0154099783221683e-15,8.881784197001252e-16,1.2212453270876722e-15,0.999999999999999,0.9999999999999988,0.9999999999999991,0.015616679213136364,1.585733190127505e-17,1.3870397464487251e-17,1.907179651366997e-17
TUR.59.4_1,2030,8,albopictus,26.972995645859662,46.57293858576613,0.1931314880519413,0.07187242521628379,0.07149829795533548,0.07223795113225474,8.283218555504846e-14,7.127076706581193e-14,9.548195567532502e-14,0.9999999999999172,0.9999999999999044,0.9999999999999287,0.01851656634291643,1.5337676591588186e-15,1.31968988668465e-15,1.7679979668135617e-15
TUR.59.4_1,2030,9,albopictus,21.951080434462604,52.63967049319306,0.1539351222422294,0.05073869347034782,0.05051791214983335,0.05094958311511876,0,0,0,1,1,1,0.015275637724189606,0,0,0
TUR.59.4_1,2030,10,albopictus,16.465268696055695,68.27641456208224,0.15169663858745475,0.010545189721663666,0.010483251052829476,0.010608011996520965,0,0,0,1,1,1,0.014573089335108591,0,0,0
TUR.59.4_1,2030,11,albopictus,10.941055227728452,64.6989303179529,0.08799157456766499,1.0326994359027996e-8,8.954096141075277e-9,1.1893311754945298e-8,0,0,0,1,1,1,0.008760558167500099,0,0,0
TUR.59.4_1,2030,12,albopictus,8.374376521391028,74.21261227763434,0.07237445164671091,0,0,0,0,0,0,1,1,1,0.006979508493442088,0,0,0
TUR.59.4_1,2031,1,albopictus,8.560750993735649,74.24206967567503,0.0694056391831071,0,0,0,0,0,0,1,1,1,0.006694168317417759,0,0,0
TUR.59.4_1,2031,2,albopictus,2.4961679157088787,65.18835179112024,0.051917518503681113,0,0,0,0,0,0,1,1,1,0.00554714870426809,0,0,0
TUR.59.4_1,2031,3,albopictus,9.82572116571314,68.9900659486847,0.06373308307102094,0,0,0,0,0,0,1,1,1,0.006148736389506304,0,0,0
TUR.59.4_1,2031,4,albopictus,9.716750944361968,71.77193273482474,0.08427528018090187,0,0,0,0,0,0,1,1,1,0.008392115952391643,0,0,0
TUR.59.4_1,2031,5,albopictus,17.590237757738898,58.629020732547005,0.11779455789966563,0.015811102847597767,0.015725947674232237,0.015897366625573946,0,0,0,1,1,1,0.01133474553663305,0,0,0
TUR.59.4_1,2031,6,albopictus,22.97547539542703,43.925316372981634,0.13249188385694255,0.051608673673153915,0.051354869056089596,0.05184120378482094,0,0,0,1,1,1,0.013161804237986519,0,0,0
TUR.59.4_1,2031,7,albopictus,26.34832146588494,34.39331111278138,0.1555897590589883,0.05491321918211237,0.05459206251853744,0.05523918968786823,0,0,0,1,1,1,0.014944282536767939,0,0,0
TUR.59.4_1,2031,8,albopictus,24.976657755234662,52.31123890925246,0.1847530313060502,0.07445428345202938,0.07412156175841127,0.07479311618028497,2.257110054415534e-13,1.9839130338539235e-13,2.5625057631373237e-13,0.9999999999997743,0.9999999999997438,0.9999999999998016,0.017720438806942296,3.999698059980467e-15,3.5155809514703693e-15,4.540872656811191e-15
TUR.59.4_1,2031,9,albopictus,22.222978704115924,44.85099709231415,0.14725708762245207,0.046784457915859515,0.04657421033422324,0.046989801415112754,0,0,0,1,1,1,0.0146178157625233,0,0,0
TUR.59.4_1,2031,10,albopictus,16.749125087962433,65.97405402741427,0.14511571417309801,0.011849072586071666,0.011780093854788393,0.011914354503572042,0,0,0,1,1,1,0.013945306868317076,0,0,0
TUR.59.4_1,2031,11,albopictus,9.238947798224057,68.52346950252321,0.08417431199202657,0,0,0,0,0,0,1,1,1,0.008382103816633735,0,0,0
TUR.59.4_1,2031,12,albopictus,6.84458516625797,73.32184231913824,0.0692346932430141,0,0,0,0,0,0,1,1,1,0.006677735768669479,0,0,0
TUR.59.4_1,2032,1,albopictus,5.725435289389947,77.83890958046018,0.06121725745873905,0,0,0,0,0,0,1,1,1,0.00590673695089694,0,0,0
TUR.59.4_1,2032,2,albopictus,4.3122837718795335,65.51645390293665,0.04742780264261271,0,0,0,0,0,0,1,1,1,0.004894308061758945,0,0,0
TUR.59.4_1,2032,3,albopictus,4.329008004244636,66.7117685243683,0.0562139417044301,0,0,0,0,0,0,1,1,1,0.005425288550291674,0,0,0
TUR.59.4_1,2032,4,albopictus,11.193022573695464,66.77574743209037,0.07433259869029965,3.444103770404382e-7,3.200028963504181e-7,3.7132551041218206e-7,0,0,0,1,1,1,0.007405701517960717,0,0,0
TUR.59.4_1,2032,5,albopictus,17.475461146410773,64.04978565564271,0.10389731818704007,0.01621463117509983,0.016128889739773125,0.01630420939700054,0,0,0,1,1,1,0.010004200883717784,0,0,0
TUR.59.4_1,2032,6,albopictus,21.776640022502225,55.10413793670234,0.11686067386924835,0.05110014760863825,0.050894459958311405,0.05130080030822159,0,0,0,1,1,1,0.011618050509195177,0,0,0
TUR.59.4_1,2032,7,albopictus,25.541677026187674,42.556202500720836,0.13723349356568615,0.06369172191417764,0.06336186255636124,0.06401326202860938,2.649547248267936e-15,2.328692794151266e-15,3.000377724049483e-15,0.9999999999999973,0.999999999999997,0.9999999999999978,0.013192861799196653,3.4955110676840664e-17,3.072212220602275e-17,3.9583568658773024e-17
TUR.59.4_1,2032,8,albopictus,27.543941385605756,38.873986864574725,0.16295612311712207,0.060035131654742405,0.05966978571640209,0.06042543730324588,4.878319970202938e-16,4.440892098500626e-16,5.551115123125783e-16,0.9999999999999996,0.9999999999999994,0.9999999999999996,0.015646252850388787,7.632742773889626e-18,6.948332065443446e-18,8.685415081804308e-18
TUR.59.4_1,2032,9,albopictus,20.64843951954561,62.488028647489934,0.12988389922935628,0.04488414102792723,0.0447148638569524,0.045059042698541184,0,0,0,1,1,1,0.012904404790309076,0,0,0
TUR.59.4_1,2032,10,albopictus,16.831442440257355,63.49275367341037,0.12799516207042638,0.01193815009494633,0.011871090459677042,0.012004150442366631,0,0,0,1,1,1,0.012310230068937389,0,0,0
TUR.59.4_1,2032,11,albopictus,7.822435785742368,65.27548366267946,0.07424354258929301,0,0,0,0,0,0,1,1,1,0.007396861820788914,0,0,0
TUR.59.4_1,2032,12,albopictus,8.678735003751868,72.81363309062262,0.06106647948522898,0,0,0,0,0,0,1,1,1,0.00589223161593988,0,0,0
TUR.59.4_1,2033,1,albopictus,4.679573329932549,73.61863370155393,0.0705866263383944,0,0,0,0,0,0,1,1,1,0.006807685839596234,0,0,0
TUR.59.4_1,2033,2,albopictus,3.890354650862077,67.96537510654993,0.05280093263557144,0,0,0,0,0,0,1,1,1,0.00564127071790943,0,0,0
TUR.59.4_1,2033,3,albopictus,8.105534932192633,67.72436465473939,0.06481754758081619,0,0,0,0,0,0,1,1,1,0.006253033796183138,0,0,0
TUR.59.4_1,2033,4,albopictus,13.345885122523589,60.45696844039115,0.08570928503372523,6.47789088413972e-4,6.37955597460926e-4,6.579956997965025e-4,0,0,0,1,1,1,0.00853430280909806,0,0,0
TUR.59.4_1,2033,5,albopictus,14.590162417467901,71.36043171277161,0.1197989175090518,0.0030707970765669317,0.0030398323657007636,0.003098249664338235,0,0,0,1,1,1,0.011526498619791381,0,0,0
TUR.59.4_1,2033,6,albopictus,24.21713455985574,36.76844457732734,0.13474632909880624,0.05203408522620868,0.05177262803395887,0.052316033470966895,0,0,0,1,1,1,0.013384256429222696,0,0,0
TUR.59.4_1,2033,7,albopictus,26.460094003116385,41.009571641345836,0.1582372313552687,0.06345512346904696,0.06309444952330032,0.06381081594037101,2.383648833870211e-15,1.9984014443252818e-15,2.7755575615628914e-15,0.9999999999999977,0.9999999999999972,0.999999999999998,0.015196628375674703,3.622342550643597e-17,3.036896409482289e-17,4.217911679836512e-17
TUR.59.4_1,2033,8,albopictus,27.30202091441435,35.67865147639113,0.18789673777487476,0.05612328663115593,0.055770880028294605,0.05645294807752334,1.1035616864774056e-16,1.1102230246251565e-16,1.1102230246251565e-16,0.9999999999999999,0.9999999999999999,0.9999999999999999,0.018019231929003676,1.988533397659881e-18,2.0005366173640655e-18,2.0005366173640655e-18
TUR.59.4_1,2033,9,albopictus,22.956344716689166,54.68854057986298,0.1497627734867998,0.0619521289218981,0.06170841338477763,0.06220257819786054,1.2017054018542694e-15,1.1102230246251565e-15,1.3322676295501878e-15,0.9999999999999988,0.9999999999999987,0.9999999999999989,0.014864690652687917,1.7862979054227735e-17,1.6503121816544472e-17,1.9803746179853366e-17
TUR.59.4_1,2033,10,albopictus,17.84483965705423,55.23642890534396,0.14758496301924198,0.016752371475514772,0.01665664986530611,0.016845829187244785,0,0,0,1,1,1,0.014180905919154774,0,0,0
TUR.59.4_1,2033,11,albopictus,14.531035353155698,61.22723537166384,0.08560659879808086,0.0025156233504335804,0.0024903042257883113,0.002541877769606978,0,0,0,1,1,1,0.008524121768804016,0,0,0
TUR.59.4_1,2033,12,albopictus,9.042431578916663,78.21169675029059,0.07041277162947693,0,0,0,0,0,0,1,1,1,0.0067909755867009425,0,0,0
TUR.59.4_1,2034,1,albopictus,5.310144933707574,70.66432614540159,0.07185185102005386,0,0,0,0,0,0,1,1,1,0.006929285952713138,0,0,0
TUR.59.4_1,2034,2,albopictus,5.243433493025163,70.52864567539758,0.053747358986434256,0,0,0,0,0,0,1,1,1,0.005742096388348106,0,0,0
TUR.59.4_1,2034,3,albopictus,6.553789994295905,71.63712252827455,0.06597936484363214,0,0,0,0,0,0,1,1,1,0.00636475839075179,0,0,0
TUR.59.4_1,2034,4,albopictus,11.786911810145659,62.82121099410209,0.08724557467522451,1.4996908910909849e-5,1.446362126945788e-5,1.5586604291196627e-5,0,0,0,1,1,1,0.008686608957530262,0,0,0
TUR.59.4_1,2034,5,albopictus,18.40182985978968,47.00336841931458,0.12194624420719849,0.01840888475643151,0.018314077907973767,0.018514029643857347,0,0,0,1,1,1,0.011731887814640074,0,0,0
TUR.59.4_1,2034,6,albopictus,25.08255204032449,29.477028409114446,0.13716157955321262,0.04775115689212735,0.04744696519643194,0.048034517982021026,0,0,0,1,1,1,0.013622520067044785,0,0,0
TUR.59.4_1,2034,7,albopictus,26.28534653607537,37.150730698963024,0.16107354272264238,0.058254041768714994,0.0579288412210925,0.05857867484581596,2.2160051571518125e-16,2.220446049250313e-16,2.220446049250313e-16,0.9999999999999998,0.9999999999999998,0.9999999999999998,0.015466901829564783,3.4274734219476364e-18,3.434342106159956e-18,3.434342106159956e-18
TUR.59.4_1,2034,8,albopictus,27.92215145335478,37.35867848444777,0.19126467873718078,0.057117180895374105,0.056736993548047364,0.057473982451942206,1.1102230246251565e-16,1.1102230246251565e-16,1.1102230246251565e-16,0.9999999999999999,0.9999999999999999,0.9999999999999999,0.018339236543073345,2.036064266416709e-18,2.036064266416709e-18,2.036064266416709e-18
TUR.59.4_1,2034,9,albopictus,22.72773753895479,50.53306877810517,0.15244718507067245,0.05578775482591965,0.05554581230306168,0.056014112979965655,9.85878045867139e-17,0,1.1102230246251565e-16,0.9999999999999999,0.9999999999999999,1,0.015129106024725059,1.49154534833727e-18,0,1.6796681850644933e-18
TUR.59.4_1,2034,10,albopictus,17.06417330573587,58.05936591706271,0.150230338602976,0.012397917916960082,0.012323948198866551,0.012473315037340536,0,0,0,1,1,1,0.014433247336410382,0,0,0
TUR.59.4_1,2034,11,albopictus,10.436241079779233,67.32919460017946,0.08714104784786264,8.354196589324446e-33,8.749715486197005e-41,1.1600184422196872e-32,0,0,0,1,1,1,0.0086762470190066,0,0,0
TUR.59.4_1,2034,12,albopictus,6.067804560941808,69.61938107646246,0.07167488006546556,0,0,0,0,0,0,1,1,1,0.006912278258148441,0,0,0
TUR.59.4_1,2035,1,albopictus,6.0161075916360405,78.84298367713987,0.06950576922527586,0,0,0,0,0,0,1,1,1,0.006703793408346592,0,0,0
TUR.59.4_1,2035,2,albopictus,7.342825907118181,74.99605290196008,0.05199241880541822,0,0,0,0,0,0,1,1,1,0.005555129188527519,0,0,0
TUR.59.4_1,2035,3,albopictus,9.177217862185309,69.53432406636048,0.06382502943691508,0,0,0,0,0,0,1,1,1,0.0061575796738972954,0,0,0
TUR.59.4_1,2035,4,albopictus,10.399212682948393,68.6319791215435,0.08439686233845588,1.0926976535822288e-114,2.9123584807934935e-169,1.3989013692647869e-125,0,0,0,1,1,1,0.008404172061700077,0,0,0
TUR.59.4_1,2035,5,albopictus,17.124526164110968,57.72093586316224,0.11796449760757073,0.01269413405042224,0.012617421988571449,0.012766923781775673,0,0,0,1,1,1,0.011351004772408246,0,0,0
TUR.59.4_1,2035,6,albopictus,22.21811112235574,53.30980352508124,0.1326830270849822,0.05379094836117225,0.053565989197909454,0.0540088386408681,0,0,0,1,1,1,0.013180666801542507,0,0,0
TUR.59.4_1,2035,7,albopictus,26.232743768131034,43.90683039989076,0.1558142251012144,0.0671671885026407,0.0668101445509647,0.06752351974878147,1.2055800802102112e-14,1.0325074129013956e-14,1.3988810110276972e-14,0.9999999999999879,0.999999999999986,0.9999999999999897,0.01496568019709743,1.804232593241709e-16,1.5452175742614716e-16,2.093520584483284e-16
TUR.59.4_1,2035,8,albopictus,27.258832819321576,37.41323628474074,0.18501957058201127,0.05845111306255814,0.058091868368491034,0.05880075767047414,2.2282176104226893e-16,2.220446049250313e-16,2.220446049250313e-16,0.9999999999999998,0.9999999999999998,0.9999999999999998,0.01774577552046519,3.95414495253084e-18,3.940353714529985e-18,3.940353714529985e-18
TUR.59.4_1,2035,9,albopictus,22.87452518238741,47.42442619998017,0.14746953229649917,0.05406242693339991,0.05383340953666477,0.054293321633371604,0,0,0,1,1,1,0.014638749459854106,0,0,0
TUR.59.4_1,2035,10,albopictus,17.71794184516458,51.9626099356174,0.14532506953313107,0.015190960138769622,0.015108065674339201,0.015282909440539531,0,0,0,1,1,1,0.013965284327422722,0,0,0
TUR.59.4_1,2035,11,albopictus,11.092541624518002,58.22340541560915,0.08429574848491804,7.530883471412744e-8,6.830906488158079e-8,8.332941297554595e-8,0,0,0,1,1,1,0.008394145603478065,0,0,0
TUR.59.4_1,2035,12,albopictus,8.366823897642249,79.62677395976324,0.06933457666510427,0,0,0,0,0,0,1,1,1,0.006687337311973129,0,0,0
TUR.59.4_1,2036,1,albopictus,6.28377345467315,78.70344205116331,0.07680387911443894,0,0,0,0,0,0,1,1,1,0.007405079750402055,0,0,0
TUR.59.4_1,2036,2,albopictus,6.149423616773943,78.14406315586633,0.05950346964304737,0,0,0,0,0,0,1,1,1,0.006136624872344787,0,0,0
TUR.59.4_1,2036,3,albopictus,7.3462547274196845,66.19903506489564,0.07052666131152907,0,0,0,0,0,0,1,1,1,0.006801922261214788,0,0,0
TUR.59.4_1,2036,4,albopictus,15.076245153651518,56.827562465049354,0.09325853788729122,0.0037073562837058927,0.003672338198752874,0.003742006116517628,0,0,0,1,1,1,0.009282502880361032,0,0,0
TUR.59.4_1,2036,5,albopictus,17.708962580736944,58.4549713551056,0.13035077684965257,0.01657479209597386,0.016488314918999884,0.016662362641749143,0,0,0,1,1,1,0.012535360854282196,0,0,0
TUR.59.4_1,2036,6,albopictus,21.30921562980203,62.73762945281562,0.14661475279475053,0.05240116931221523,0.05220862946045178,0.05260778335692004,0,0,0,1,1,1,0.014554519200112526,0,0,0
TUR.59.4_1,2036,7,albopictus,28.612756280338065,33.367874711414196,0.17217472797397343,0.04954399775455573,0.04916447691018339,0.04988300100072397,0,0,0,1,1,1,0.016524025919216423,0,0,0
TUR.59.4_1,2036,8,albopictus,28.098705179551068,36.66263737727004,0.2044466364616339,0.05569227246330746,0.05531592576183313,0.056077279700021035,6.994405055138486e-17,0,1.1102230246251565e-16,0.9999999999999999,0.9999999999999999,1,0.019590716586757373,1.3702540712820117e-18,0,2.1750064623523994e-18
TUR.59.4_1,2036,9,albopictus,24.16974651112276,45.73515618044892,0.16295384193006485,0.06132529113944312,0.061034896151599426,0.061626146818478875,8.966161146872765e-16,7.771561172376096e-16,9.992007221626409e-16,0.9999999999999991,0.999999999999999,0.9999999999999992,0.01616333266974146,1.449230453874151e-17,1.2561432859236078e-17,1.6150413676160672e-17
TUR.59.4_1,2036,10,albopictus,16.93783911536722,67.67202155671114,0.16058421044941296,0.01330626492458494,0.013233833473165675,0.013382827749905981,0,0,0,1,1,1,0.015420278420589573,0,0,0
TUR.59.4_1,2036,11,albopictus,13.209840704413022,70.54690700252321,0.09314680707313759,6.303987484269438e-4,6.215103715666303e-4,6.394024925036694e-4,0,0,0,1,1,1,0.009271433451266353,0,0,0
TUR.59.4_1,2036,12,albopictus,9.153597579282874,69.2964898411109,0.07661471132530052,0,0,0,0,0,0,1,1,1,0.007386908585376162,0,0,0
TUR.59.4_1,2037,1,albopictus,5.6356144275735405,69.29817624305784,0.07661111039655243,0,0,0,0,0,0,1,1,1,0.0073865626825078134,0,0,0
TUR.59.4_1,2037,2,albopictus,9.925355928785661,66.29150120518274,0.05730742902759197,0,0,0,0,0,0,1,1,1,0.006121269901647186,0,0,0
TUR.59.4_1,2037,3,albopictus,9.552280804690191,68.24858798237611,0.07034964767322596,0,0,0,0,0,0,1,1,1,0.006784908282716939,0,0,0
TUR.59.4_1,2037,4,albopictus,12.301904524073882,69.39222539839896,0.09302446990807214,1.0134025270839679e-4,9.890654108944357e-5,1.0362590186673277e-4,0,0,0,1,1,1,0.009259313084709841,0,0,0
TUR.59.4_1,2037,5,albopictus,17.81860651689417,55.078598064089974,0.13002361170619178,0.016538571693649747,0.016446359129752022,0.01662945574209244,0,0,0,1,1,1,0.012504096100281803,0,0,0
TUR.59.4_1,2037,6,albopictus,23.209358299479764,41.46614126311835,0.1462467669814639,0.05096597568670832,0.050715048847047174,0.05121063861548665,0,0,0,1,1,1,0.014518255537220748,0,0,0
TUR.59.4_1,2037,7,albopictus,27.14369156781365,36.808628648181774,0.17174258962436548,0.05777210005653511,0.05742790310129647,0.05811110045772698,1.5620837956475953e-16,1.1102230246251565e-16,2.220446049250313e-16,0.9999999999999999,0.9999999999999998,0.9999999999999999,0.016482896251044488,2.574766513909709e-18,1.8299690930417265e-18,3.659938186083453e-18
TUR.59.4_1,2037,8,albopictus,25.859962351181927,47.04718174982863,0.20393349941124878,0.07077024070963273,0.07043621832444225,0.07109778962358727,5.334876984619541e-14,4.651834473179406e-14,6.072919944699606e-14,0.9999999999999466,0.9999999999999393,0.9999999999999535,0.019542029797797178,1.0425432500101743e-15,9.090628788929208e-16,1.1867718251895649e-15
TUR.59.4_1,2037,9,albopictus,22.602426641127643,47.64091789919892,0.16254484692166515,0.05211186446272703,0.05187650199929236,0.052357041011784476,0,0,0,1,1,1,0.016123093418262457,0,0,0
TUR.59.4_1,2037,10,albopictus,15.229851330027861,71.48273627839083,0.16018116293777585,0.005111522037960306,0.005070177800005917,0.00514936665574614,0,0,0,1,1,1,0.015381874535489337,0,0,0
TUR.59.4_1,2037,11,albopictus,10.07116406104144,70.17233424861696,0.09291301952514204,0,0,0,0,0,0,1,1,1,0.009248271180284706,0,0,0
TUR.59.4_1,2037,12,albopictus,5.699844584745519,73.19826138652105,0.07642241739635172,0,0,0,0,0,0,1,1,1,0.00736843678725263,0,0,0
TUR.59.4_1,2038,1,albopictus,6.600513490683892,73.98286862587034,0.070765478814201,0,0,0,0,0,0,1,1,1,0.006824876165441585,0,0,0
TUR.59.4_1,2038,2,albopictus,6.119874971754411,65.67590061924524,0.05293471970001474,0,0,0,0,0,0,1,1,1,0.005655524080259489,0,0,0
TUR.59.4_1,2038,3,albopictus,6.938528916415046,72.81607760639955,0.064981782358165735,0,0,0,0,0,0,1,1,1,0.006268827975030478,0,0,0
TUR.59.4_1,2038,4,albopictus,13.647615278468413,66.0179654496685,0.08592645531969989,0.0010651510947792006,0.001051142979094836,0.0010798674273255265,0,0,0,1,1,1,0.008555834264196926,0,0,0
TUR.59.4_1,2038,5,albopictus,18.965596339281866,49.18839268078919,0.1201024641453895,0.0230245016762863,0.022910382585198143,0.02314489560392971,0,0,0,1,1,1,0.011555535077804824,0,0,0
TUR.59.4_1,2038,6,albopictus,21.961881721720975,46.51257375823554,0.13508774950399233,0.045981236068502844,0.0457758317855703,0.04618388767363747,0,0,0,1,1,1,0.013417940928883931,0,0,0
TUR.59.4_1,2038,7,albopictus,26.823735742007987,38.74123057689271,0.15863817303587824,0.06051523501548807,0.06015214682015065,0.06086374740688325,6.153966225497243e-16,5.551115123125783e-16,7.771561172376096e-16,0.9999999999999993,0.9999999999999992,0.9999999999999994,0.01523483880071641,9.375468343050371e-18,8.457034406504033e-18,1.1839848169105646e-17
TUR.59.4_1,2038,8,albopictus,27.467687494614545,45.40552296686965,0.1883728307473015,0.06981427330765008,0.06942236187142108,0.07019652946809123,3.6261327274189625e-14,3.0753177782116836e-14,4.218847493575595e-14,0.9999999999999637,0.9999999999999578,0.9999999999999692,0.018064474190896518,6.550418106722505e-16,5.555399863331018e-16,7.621126166302479e-16
TUR.59.4_1,2038,9,albopictus,21.80624210133272,57.54988396365204,0.15014224257621867,0.05344353960835851,0.05322567591694064,0.05364773614675082,0,0,0,1,1,1,0.014902072783294473,0,0,0
TUR.59.4_1,2038,10,albopictus,19.112204159007355,50.27814261994357,0.14795891396996846,0.024511345477426328,0.024387454421690054,0.024627688357932186,0,0,0,1,1,1,0.014216580885324959,0,0,0
TUR.59.4_1,2038,11,albopictus,9.547526289434995,52.57780986507204,0.08582350889755236,0,0,0,0,0,0,1,1,1,0.00854562764869815,0,0,0
TUR.59.4_1,2038,12,albopictus,6.180003867429845,73.55982602275152,0.07059118359202014,0,0,0,0,0,0,1,1,1,0.006808123861687498,0,0,0
TUR.59.4_1,2039,1,albopictus,8.054243597037651,79.76648373817503,0.07820427767698217,0,0,0,0,0,0,1,1,1,0.007539589522698731,0,0,0
TUR.59.4_1,2039,2,albopictus,6.083656805403093,68.2865344693429,0.05849916636672886,0,0,0,0,0,0,1,1,1,0.006248166342148198,0,0,0
TUR.59.4_1,2039,3,albopictus,10.188008687075445,67.02761019917298,0.07181260462924194,0,0,0,0,0,0,1,1,1,0.006925514225420204,0,0,0
TUR.59.4_1,2039,4,albopictus,12.473928297267241,69.36332525191459,0.09495896140636441,1.5565952202310825e-4,1.5213333216987986e-4,1.5899395639501135e-4,0,0,0,1,1,1,0.00945095249145711,0,0,0
TUR.59.4_1,2039,5,albopictus,17.899352213915655,54.264240306521614,0.1327275193089059,0.016888783095484014,0.016800976263514674,0.016980431649459986,0,0,0,1,1,1,0.012762458846005131,0,0,0
TUR.59.4_1,2039,6,albopictus,28.065839851603787,27.42382101165351,0.14928804340752636,0.04441424975837634,0.04406845150899739,0.044758215542975564,0,0,0,1,1,1,0.01481792220622713,0,0,0
TUR.59.4_1,2039,7,albopictus,27.36077263775994,34.97317561473451,0.1753140647410886,0.055111136429045464,0.05471201956876987,0.05547670565332538,3.3306690738754697e-19,0,0,1,1,1,0.016822767209845768,5.603107048283962e-21,0,0
TUR.59.4_1,2039,8,albopictus,27.748939401963177,38.07742085505324,0.20817440098497353,0.05851847576673376,0.05814970596751416,0.058906940314355234,2.2637447472106943e-16,2.220446049250313e-16,3.3306690738754696e-16,0.9999999999999998,0.9999999999999997,0.9999999999999998,0.019944336825364672,4.514888772502009e-18,4.428532390879852e-18,6.642798586319778e-18
TUR.59.4_1,2039,9,albopictus,23.42218791737276,46.395148398466496,0.16592505026785906,0.057131217135936475,0.056853730153135364,0.05739861904354243,1.1102230246251565e-16,1.1102230246251565e-16,1.1102230246251565e-16,0.9999999999999999,0.9999999999999999,0.9999999999999999,0.01645560761800302,1.826939446170408e-18,1.826939446170408e-18,1.826939446170408e-18
TUR.59.4_1,2039,10,albopictus,16.012616718516632,53.92286841950412,0.1635122122648606,0.0066997934052917376,0.006647996543838095,0.0067473858978356355,0,0,0,1,1,1,0.015699224499522324,0,0,0
TUR.59.4_1,2039,11,albopictus,11.289709021063413,75.25145869930056,0.0948451933556371,1.1575377434862115e-6,1.0913371848786913e-6,1.2243065557070794e-6,0,0,0,1,1,1,0.009439683143924182,0,0,0
TUR.59.4_1,2039,12,albopictus,9.44593595055973,69.4888497654273,0.07801166070919492,0,0,0,0,0,0,1,1,1,0.007521089539155312,0,0,0
TUR.59.4_1,2040,1,albopictus,6.223430665976861,76.99830289100706,0.06622258091245284,0,0,0,0,0,0,1,1,1,0.006388145346873042,0,0,0
TUR.59.4_1,2040,2,albopictus,5.919694918043474,73.8641711880929,0.05130565511068811,0,0,0,0,0,0,1,1,1,0.005293421767935236,0,0,0
TUR.59.4_1,2040,3,albopictus,8.048651597079107,62.44268740864564,0.06081017767642752,0,0,0,0,0,0,1,1,1,0.005867574056676483,0,0,0
TUR.59.4_1,2040,4,albopictus,11.155813062892241,68.66749395308646,0.08041027539528474,2.5265480128875726e-7,2.3272196894259576e-7,2.7304409473425246e-7,0,0,0,1,1,1,0.008008784956626935,0,0,0
TUR.59.4_1,2040,5,albopictus,16.13611426072962,69.58365253796693,0.11239230318126442,0.008937196538356153,0.00888346464853928,0.008990849258803052,0,0,0,1,1,1,0.01081773735091196,0,0,0
TUR.59.4_1,2040,6,albopictus,24.082073295817654,44.36577657805976,0.1264155852784828,0.059274764459612175,0.05900885468044644,0.059557802128705685,3.3584246494910984e-16,3.3306690738754696e-16,4.440892098500626e-16,0.9999999999999997,0.9999999999999996,0.9999999999999997,0.012561989671213691,4.218849575845664e-18,4.183983050425452e-18,5.578644067233936e-18
TUR.59.4_1,2040,7,albopictus,26.388864068424002,39.62731608714662,0.1484541534334103,0.061534395794673714,0.061190281449053224,0.06189384143418451,9.906520048730272e-16,8.881784197001252e-16,1.2212453270876722e-15,0.999999999999999,0.9999999999999988,0.9999999999999991,0.014263824803350755,1.413048663859704e-17,1.2668821372719523e-17,1.7419629387489345e-17
TUR.59.4_1,2040,8,albopictus,26.77098835215849,36.37955632258254,0.17627994941747793,0.057431976194487186,0.05707365868982253,0.05778886965064497,1.1324274851176597e-16,1.1102230246251565e-16,1.1102230246251565e-16,0.9999999999999999,0.9999999999999999,0.9999999999999999,0.01691466315586443,1.915462945920789e-18,1.87790484894195e-18,1.87790484894195e-18
TUR.59.4_1,2040,9,albopictus,21.67544376148897,52.912345053739934,0.14050363219453652,0.04838927163118323,0.048184081869625105,0.048593811080416924,0,0,0,1,1,1,0.013952117533588049,0,0,0
TUR.59.4_1,2040,10,albopictus,14.774064625010771,56.16886298737521,0.13846046569995948,0.0028827853526225944,0.0028576583517941484,0.002909446357339943,0,0,0,1,1,1,0.013310027571404648,0,0,0
TUR.59.4_1,2040,11,albopictus,8.37822144171771,72.3818145342615,0.08031393777580488,0,0,0,0,0,0,1,1,1,0.007999228303373518,0,0,0
TUR.59.4_1,2040,12,albopictus,6.463274226469152,69.1221505466773,0.06605947483803722,0,0,0,0,0,0,1,1,1,0.006372461597696333,0,0,0
TUR.59.4_1,2041,1,albopictus,7.872384103782037,80.57570309852659,0.07923264000529216,0,0,0,0,0,0,1,1,1,0.007638353211266713,0,0,0
TUR.59.4_1,2041,2,albopictus,7.705844419844011,65.60266606113977,0.0592684125092169,0,0,0,0,0,0,1,1,1,0.006330067227494185,0,0,0
TUR.59.4_1,2041,3,albopictus,11.348438641604254,67.79720248432923,0.07275691841222402,1.408629725941337e-6,1.3314233370826896e-6,1.4899365260656078e-6,0,0,0,1,1,1,0.00701626239410591,0,0,0
TUR.59.4_1,2041,4,albopictus,13.685771787867827,56.2491551774517,0.09620764270036082,9.520746459457178e-4,9.383178855384525e-4,9.646573601979772e-4,0,0,0,1,1,1,0.00957463277607451,0,0,0
TUR.59.4_1,2041,5,albopictus,18.11569895463831,55.397724193240364,0.1344728455856997,0.018668559262824458,0.01857328215262334,0.018764260192891968,0,0,0,1,1,1,0.012929191695970066,0,0,0
TUR.59.4_1,2041,6,albopictus,23.6099835283616,44.00147680388984,0.1512511355102566,0.05597650955788449,0.055715509444836706,0.05622851266331745,1.1013412404281553e-16,1.1102230246251565e-16,1.1102230246251565e-16,0.9999999999999999,0.9999999999999999,0.9999999999999999,0.015011303540004461,1.6532567661192072e-18,1.6665894819750073e-18,1.6665894819750073e-18
TUR.59.4_1,2041,7,albopictus,25.746951608096854,34.17442378367982,0.17761939106284425,0.05401762560987349,0.05369943703856604,0.05433675451428046,0,0,0,1,1,1,0.017042085746352686,0,0,0
TUR.59.4_1,2041,8,albopictus,25.97772777781767,43.19396367121535,0.21091183067616875,0.06568003374545009,0.0653382810807993,0.0660043996822677,6.367573135435123e-15,5.440092820663267e-15,7.327471962526033e-15,0.9999999999999937,0.9999999999999927,0.9999999999999946,0.02020393148452404,1.2865001135102715e-16,1.0991126261813177e-16,1.4804374148564688e-16
TUR.59.4_1,2041,9,albopictus,23.32531177296358,51.501280905790715,0.16810691392144575,0.06174793446945267,0.06148584491845497,0.06200133798505269,1.092237411626229e-15,9.992007221626409e-16,1.2212453270876722e-15,0.9999999999999989,0.9999999999999988,0.999999999999999,0.016670180184890304,1.8207794456487437e-17,1.6656856079323738e-17,2.035837965250679e-17
TUR.59.4_1,2041,10,albopictus,18.36389597724466,63.858331371164276,0.16566234783680903,0.02305429386439032,0.022949670564772245,0.023159395458749493,0,0,0,1,1,1,0.015904014171182257,0,0,0
TUR.59.4_1,2041,11,albopictus,12.555568624945249,74.12328487117556,0.09609237863456874,2.0605074096976002e-4,2.0210356075828304e-4,2.101233639957645e-4,0,0,0,1,1,1,0.00956321666481219,0,0,0
TUR.59.4_1,2041,12,albopictus,9.052448020261878,79.44363034404059,0.07903749018330117,0,0,0,0,0,0,1,1,1,0.007619611821517824,0,0,0
TUR.59.4_1,2042,1,albopictus,8.50261357689605,72.95973630165159,0.07556506645782306,0,0,0,0,0,0,1,1,1,0.0072860752800071316,0,0,0
TUR.59.4_1,2042,2,albopictus,7.909171598799089,69.52303807041712,0.05652495650541882,0,0,0,0,0,0,1,1,1,0.006037943252008682,0,0,0
TUR.59.4_1,2042,3,albopictus,9.587952992495367,63.82677401753236,0.06938909740630754,0,0,0,0,0,0,1,1,1,0.006692578215174549,0,0,0
TUR.59.4_1,2042,4,albopictus,13.76017555068521,60.07347692427787,0.09175431885038389,0.0011100587442048825,0.0010954720069950095,0.0011241856068889013,0,0,0,1,1,1,0.009133466059504491,0,0,0
TUR.59.4_1,2042,5,albopictus,19.604546687182257,40.57717899670716,0.12824827637672132,0.024554867504826338,0.024420979327643526,0.02468413273226162,0,0,0,1,1,1,0.012334423167240094,0,0,0
TUR.59.4_1,2042,6,albopictus,24.398603523478787,34.06665853606757,0.14424992157134164,0.05015201898246172,0.04987540279691519,0.050411099161477166,0,0,0,1,1,1,0.01432145041858579,0,0,0
TUR.59.4_1,2042,7,albopictus,27.81494858685662,40.39502009715638,0.1693976256371794,0.061647347614977095,0.06128475702353789,0.062030267322305946,1.0448308884747348e-15,8.881784197001252e-16,1.2212453270876722e-15,0.999999999999999,0.9999999999999988,0.9999999999999991,0.016259679422313544,1.6988615297130225e-17,1.444149637414109e-17,1.9857057514443997e-17
TUR.59.4_1,2042,8,albopictus,27.272067911484662,38.801477098949725,0.20114900249090906,0.06032665717421079,0.05993449862558507,0.06069685744926013,5.631051180898794e-16,4.440892098500626e-16,6.661338147750939e-16,0.9999999999999994,0.9999999999999993,0.9999999999999996,0.019277792694662232,1.0855423731839991e-17,8.56105972542586e-18,1.284158958813879e-17
TUR.59.4_1,2042,9,albopictus,23.53414737477022,46.59177696902314,0.16032546841358714,0.05812950771220757,0.05786930344930338,0.05838071175704034,2.2115642650533118e-16,2.220446049250313e-16,2.220446049250313e-16,0.9999999999999998,0.9999999999999998,0.9999999999999998,0.015904709659241623,3.517428752842701e-18,3.5315549727336354e-18,3.5315549727336354e-18
TUR.59.4_1,2042,10,albopictus,15.61481913398294,56.46059577546115,0.15799405804238434,0.005408603122484863,0.005368414895463602,0.005451160908835321,0,0,0,1,1,1,0.01517345282248983,0,0,0
TUR.59.4_1,2042,11,albopictus,10.528300215216245,73.031838948324,0.09164439020492672,6.367425260732334e-17,2.515329598871886e-18,3.3220675109830685e-16,0,0,0,1,1,1,0.009122573538044021,0,0,0
TUR.59.4_1,2042,12,albopictus,7.14699052361881,77.19479764140387,0.07537894986159456,0,0,0,0,0,0,1,1,1,0.007268195067046457,0,0,0
TUR.59.4_1,2043,1,albopictus,4.013783248908379,69.25906796669065,0.06854601563480416,0,0,0,0,0,0,1,1,1,0.006611532388290264,0,0,0
TUR.59.4_1,2043,2,albopictus,6.291642683393816,64.45039097569055,0.0512744940751116,0,0,0,0,0,0,1,1,1,0.005478633043038084,0,0,0
TUR.59.4_1,2043,3,albopictus,8.668857953127691,68.75920809956361,0.06294371696678754,0,0,0,0,0,0,1,1,1,0.006072812925106308,0,0,0
TUR.59.4_1,2043,4,albopictus,12.024252737269682,57.746141566611854,0.08323148869312078,3.304835971551906e-5,3.210568031826428e-5,3.409170157193762e-5,0,0,0,1,1,1,0.008288607363557854,0,0,0
TUR.59.4_1,2043,5,albopictus,17.3052617521847,59.85528187146302,0.11633561339567013,0.014201547367307533,0.014123750283796175,0.01428287089717945,0,0,0,1,1,1,0.011195147836354669,0,0,0
TUR.59.4_1,2043,6,albopictus,23.986633384928982,36.85453466521796,0.13085090562141366,0.051043607301147896,0.05078679464706324,0.05129838596576642,0,0,0,1,1,1,0.012999852950299595,0,0,0
TUR.59.4_1,2043,7,albopictus,27.66179230633904,30.47392329539857,0.15366270208874655,0.04899675198717182,0.04863698212898751,0.04935371058114235,0,0,0,1,1,1,0.01476056297225703,0,0,0
TUR.59.4_1,2043,8,albopictus,26.303138620713177,39.64527287531691,0.18246477262562744,0.06146736298810535,0.061098525123076834,0.06181207434868487,9.616751839303107e-16,7.771561172376096e-16,1.1102230246251565e-15,0.999999999999999,0.9999999999999989,0.9999999999999992,0.01750289442414621,1.6832099214653613e-17,1.3602481471089274e-17,1.9432116387270392e-17
TUR.59.4_1,2043,9,albopictus,22.90448772206026,46.943106772489934,0.14543323495479185,0.05385078614429278,0.05360264086549367,0.0540728556328919,0,0,0,1,1,1,0.014438080179921764,0,0,0
TUR.59.4_1,2043,10,albopictus,17.875456417308136,54.08612983307834,0.1433183834864244,0.016686893888000858,0.016600116795281613,0.016778300763900956,0,0,0,1,1,1,0.013773782304050908,0,0,0
TUR.59.4_1,2043,11,albopictus,12.321985174627866,60.375588948323994,0.083131771045754907,8.757780561222957e-5,8.537339602949153e-5,8.962160322168407e-5,0,0,0,1,1,1,0.008278718201557789,0,0,0
TUR.59.4_1,2043,12,albopictus,6.948438391965978,71.0640450779273,0.06837718694566251,0,0,0,0,0,0,1,1,1,0.0065953020163997955,0,0,0
TUR.59.4_1,2044,1,albopictus,8.039268526084282,76.92403836463987,0.07270871080888572,0,0,0,0,0,0,1,1,1,0.0070116298639956165,0,0,0
TUR.59.4_1,2044,2,albopictus,4.203624504453996,69.03650395176477,0.05633075589782659,0,0,0,0,0,0,1,1,1,0.005810373681277903,0,0,0
TUR.59.4_1,2044,3,albopictus,9.081168553408453,66.00296725483705,0.0667661930717789,0,0,0,0,0,0,1,1,1,0.00644041553510144,0,0,0
TUR.59.4_1,2044,4,albopictus,12.168730581507964,64.08440221724662,0.08828601028866279,6.165632809827367e-5,6.001789369210795e-5,6.329442966587056e-5,0,0,0,1,1,1,0.008789743367813463,0,0,0
TUR.59.4_1,2044,5,albopictus,16.360008379992315,63.83111194958802,0.12340049808621206,0.00937914888321649,0.009317745929573611,0.00943626233930028,0,0,0,1,1,1,0.011870961196183027,0,0,0
TUR.59.4_1,2044,6,albopictus,23.504285896525662,37.918209591975774,0.13879728191053958,0.049526811638762845,0.049269735748564546,0.04976728059078089,0,0,0,1,1,1,0.01378384886930406,0,0,0
TUR.59.4_1,2044,7,albopictus,27.70532181683709,28.099835008045055,0.16299440404833324,0.04615593811975022,0.045789999589132026,0.04652397261692246,0,0,0,1,1,1,0.01564989948667428,0,0,0
TUR.59.4_1,2044,8,albopictus,27.81915844188017,41.48615803767043,0.19354558048024084,0.06324136708071217,0.06285665794697741,0.06363987277320902,2.166378187951068e-15,1.7763568394002505e-15,2.55351295663786e-15,0.9999999999999978,0.9999999999999974,0.9999999999999982,0.018555896992761167,4.0199090502984606e-17,3.296189453429784e-17,4.7382723393053144e-17
TUR.59.4_1,2044,9,albopictus,22.81838046803194,53.60280525881806,0.15426517390399017,0.05958293346721744,0.0593353418803166,0.059816058162051065,4.005684672847565e-16,3.3306690738754696e-16,4.440892098500626e-16,0.9999999999999996,0.9999999999999996,0.9999999999999997,0.015308138179059738,6.131957447369222e-18,5.0986342411606616e-18,6.7981789882142155e-18
TUR.59.4_1,2044,10,albopictus,19.414015377269074,54.82301490387912,0.1520218907256284,0.028734100854533064,0.028594057307254506,0.028868328726130994,0,0,0,1,1,1,0.0146041061575799,0,0,0
TUR.59.4_1,2044,11,albopictus,11.051060606451596,63.23523097713259,0.08818023694038395,5.496251164894449e-8,4.9769829747412823e-8,6.093250008826234e-8,0,0,0,1,1,1,0.008779258949595636,0,0,0
TUR.59.4_1,2044,12,albopictus,7.191512809080236,73.2326241794898,0.07252962941047968,0,0,0,0,0,0,1,1,1,0.006994420771721299,0,0,0
TUR.59.4_1,2045,1,albopictus,6.28418210411773,67.03969235633909,0.07560448801774952,0,0,0,0,0,0,1,1,1,0.007289862466151487,0,0,0
TUR.59.4_1,2045,2,albopictus,3.9880800422500164,65.52618138096399,0.05655444502524252,0,0,0,0,0,0,1,1,1,0.0060410836545278235,0,0,0
TUR.59.4_1,2045,3,albopictus,11.132381817873785,60.60671176167298,0.06942529702327174,1.3677322672247265e-7,1.2430955274843037e-7,1.4906317297251093e-7,0,0,0,1,1,1,0.006696057952453316,0,0,0
TUR.59.4_1,2045,4,albopictus,12.28219589065103,66.08358587203178,0.09180218618576291,8.922091129315491e-5,8.709479321569658e-5,9.130707617360694e-5,0,0,0,1,1,1,0.009138209062222291,0,0,0
TUR.59.4_1,2045,5,albopictus,18.083686015185187,56.39151005139466,0.12831518225465732,0.018700346639884964,0.018602331485184805,0.018799287850057585,0,0,0,1,1,1,0.012340818046459257,0,0,0
TUR.59.4_1,2045,6,albopictus,23.113596046672146,47.24351934539374,0.1443251753518804,0.055723415657558395,0.05547127541549177,0.055978277660045955,8.315570454442422e-17,0,1.1102230246251565e-16,0.9999999999999999,0.9999999999999999,1,0.014328867994400918,1.1915271133984592e-18,0,1.5908239164198388e-18
TUR.59.4_1,2045,7,albopictus,27.506360558902518,34.677010148425914,0.16948599873024336,0.05449275502494745,0.054134140070609564,0.05485595050294028,0,0,0,1,1,1,0.016268092564554082,0,0,0
TUR.59.4_1,2045,8,albopictus,27.329917795517865,43.30922474909621,0.20125393996833818,0.06673957159399513,0.0663486230627826,0.0670825989854581,1.0051404153443854e-14,8.43769498715119e-15,1.1549095013663188e-14,0.9999999999999899,0.9999999999999885,0.9999999999999916,0.019287752113236523,1.9386899170158108e-16,1.6274416931927057e-16,2.2275608175575156e-16
TUR.59.4_1,2045,9,albopictus,23.324514501235065,51.80231774050751,0.16040910865049918,0.06206848230266391,0.0618065843181324,0.06233659897919529,1.2669865157022287e-15,1.1102230246251565e-15,1.4432899320127035e-15,0.9999999999999988,0.9999999999999986,0.9999999999999989,0.015912940621142457,2.016148119215774e-17,1.7666913067085296e-17,2.2966986987210885e-17
TUR.59.4_1,2045,10,albopictus,15.773904407725615,69.39566199860568,0.15807648200519023,0.007166694956703529,0.007120398566684581,0.0072168629984236295,0,0,0,1,1,1,0.015181308272453231,0,0,0
TUR.59.4_1,2045,11,albopictus,12.909170080633725,67.28679042537478,0.091692200191601,3.6356502913891247e-4,3.574963147124602e-4,3.7000401681822667e-4,0,0,0,1,1,1,0.009127310910374886,0,0,0
TUR.59.4_1,2045,12,albopictus,9.385578856748694,78.12559903300543,0.07541827432630369,0,0,0,0,0,0,1,1,1,0.00727197299342186,0,0,0
TUR.59.4_1,2046,1,albopictus,6.998240980155328,72.83490414833128,0.07672009056196286,0,0,0,0,0,0,1,1,1,0.007397031192781012,0,0,0
TUR.59.4_1,2046,2,albopictus,6.123979586012224,73.4677859952218,0.05738894948934154,0,0,0,0,0,0,1,1,1,0.0061299507337008174,0,0,0
TUR.59.4_1,2046,3,albopictus,8.262401959475348,68.34008731098939,0.07044972083755306,0,0,0,0,0,0,1,1,1,0.006794527027471409,0,0,0
TUR.59.4_1,2046,4,albopictus,13.883437002406401,68.36939824996146,0.09315679826182299,0.001461229997839151,0.0014452146074531282,0.0014784279408373532,0,0,0,1,1,1,0.009272423306376343,0,0,0
TUR.59.4_1,2046,5,albopictus,15.37791456895716,76.24446491589661,0.13020857175490613,0.0060548548992657835,0.006013908034352337,0.006095222488435846,0,0,0,1,1,1,0.012521771486333266,0,0,0
TUR.59.4_1,2046,6,albopictus,22.71225746940164,47.6687169467121,0.14645480465085528,0.053010490394001984,0.05279016847552713,0.05324323723740933,0,0,0,1,1,1,0.014538757056500207,0,0,0
TUR.59.4_1,2046,7,albopictus,26.41436913434197,37.50946101512513,0.1719868953879604,0.05879035245366602,0.058444598658974084,0.05912585884218005,2.62234678416462e-16,2.220446049250313e-16,3.3306690738754696e-16,0.9999999999999998,0.9999999999999997,0.9999999999999998,0.016506148772657325,4.3284846152920725e-18,3.665101283058486e-18,5.497651924587729e-18
TUR.59.4_1,2046,8,albopictus,27.11376178965849,44.87538685847121,0.2042235971057415,0.06923789101270629,0.06886707333776282,0.06962326529359021,2.8631652604360627e-14,2.4533153286654396e-14,3.341771304121721e-14,0.9999999999999714,0.9999999999999666,0.9999999999999756,0.019569554759495955,5.603086934959002e-16,4.801028866662915e-16,6.539697652972224e-16
TUR.59.4_1,2046,9,albopictus,25.571794622084674,42.21162712771454,0.16277606879291132,0.06333845498345303,0.06301909468879931,0.06366165689384139,2.2614132788589813e-15,1.9984014443252818e-15,2.55351295663786e-15,0.9999999999999978,0.9999999999999974,0.999999999999998,0.01614584254119833,3.651242272103214e-17,3.226587505417932e-17,4.1228618124784687e-17
TUR.59.4_1,2046,10,albopictus,14.710671032176299,56.7203003653049,0.16040902244199448,0.0027540542092066955,0.002726651749503182,0.0027790667375529594,0,0,0,1,1,1,0.015403586031391137,0,0,0
TUR.59.4_1,2046,11,albopictus,12.278215338202084,70.58746486385134,0.09304518933947083,9.766973150603993e-5,9.521737577512515e-5,1.0015683243770359e-4,0,0,0,1,1,1,0.00926136584095294,0,0,0
TUR.59.4_1,2046,12,albopictus,6.810916171354406,75.07506192363043,0.07653112914384906,0,0,0,0,0,0,1,1,1,0.007378879704435515,0,0,0
TUR.59.4_1,2047,1,albopictus,7.617848905570367,76.05665250038206,0.07620314254802395,0,0,0,0,0,0,1,1,1,0.00734737277645936,0,0,0
TUR.59.4_1,2047,2,albopictus,6.235435026533464,70.09655491612024,0.05700225673072709,0,0,0,0,0,0,1,1,1,0.006088772485915217,0,0,0
TUR.59.4_1,2047,3,albopictus,9.838688275393316,70.45392550679017,0.06997502323223531,0,0,0,0,0,0,1,1,1,0.006748899631748739,0,0,0
TUR.59.4_1,2047,4,albopictus,12.215616071925444,63.7318097489849,0.0925290979880927,7.02251989520399e-5,6.842154348691789e-5,7.204731246762381e-5,0,0,0,1,1,1,0.009210233357456077,0,0,0
TUR.59.4_1,2047,5,albopictus,18.12146296220667,51.199401897097786,0.12933121274667922,0.017630636176850744,0.017534059657658183,0.01772215254742361,0,0,0,1,1,1,0.012437925386308168,0,0,0
TUR.59.4_1,2047,6,albopictus,26.76402863334207,34.467289486995305,0.1454679768220361,0.05503410371530397,0.05470414792986942,0.05537926841920113,0,0,0,1,1,1,0.014441504200111921,0,0,0
TUR.59.4_1,2047,7,albopictus,26.72499611798455,38.73278865184388,0.17082802965483773,0.060490453590016334,0.06013267670651174,0.06084725916267696,6.078471059822732e-16,5.551115123125783e-16,6.661338147750939e-16,0.9999999999999994,0.9999999999999993,0.9999999999999994,0.016395845427323863,9.966167193131498e-18,9.10152255080502e-18,1.0921827060966025e-17
TUR.59.4_1,2047,8,albopictus,26.949336893418256,48.25082936335402,0.20284751709658136,0.07454962312101679,0.07418073335630272,0.07493100351110538,2.342191995907683e-13,2.0294876890147862e-13,2.7000901514639964e-13,0.9999999999997657,0.99999999999973,0.999999999999797,0.019438983091179307,4.552983060474496e-15,3.9451176870515e-15,5.24870067989684e-15
TUR.59.4_1,2047,9,albopictus,24.02497112049776,43.724879386015324,0.16167926657509696,0.05824219764381195,0.057948157709680134,0.058519570092171264,2.2171153801764377e-16,2.220446049250313e-16,2.220446049250313e-16,0.9999999999999998,0.9999999999999998,0.9999999999999998,0.01603792728103104,3.555793524092519e-18,3.561135226932919e-18,3.561135226932919e-18
TUR.59.4_1,2047,10,albopictus,16.885695064769074,45.57539527497287,0.159328169630666,0.009549342925115173,0.00948351432536184,0.009619004514630377,0,0,0,1,1,1,0.015300593180312294,0,0,0
TUR.59.4_1,2047,11,albopictus,12.453774382086362,67.24820094783571,0.09241824109836098,1.419437972838398e-4,1.3909036330715787e-4,1.4530229018098513e-4,0,0,0,1,1,1,0.009199249709384794,0,0,0
TUR.59.4_1,2047,12,albopictus,5.5651523926678825,66.00358975566168,0.0760154543717571,0,0,0,0,0,0,1,1,1,0.007329342693883634,0,0,0
TUR.59.4_1,2048,1,albopictus,5.432150873191216,75.55511899208128,0.07920811368490271,0,0,0,0,0,0,1,1,1,0.007635997823340124,0,0,0
TUR.59.4_1,2048,2,albopictus,5.999023455030779,67.87144200108118,0.0613661398678832,0,0,0,0,0,0,1,1,1,0.006328113979601535,0,0,0
TUR.59.4_1,2048,3,albopictus,11.711240193423102,65.18322695942689,0.07273439663973977,1.1378745161808555e-5,1.0931798347156903e-5,1.1804765627946529e-5,0,0,0,1,1,1,0.007014098157506865,0,0,0
TUR.59.4_1,2048,4,albopictus,14.204002226100249,58.282011165000526,0.09617786179859325,0.001759528525027827,0.001738882743008846,0.0017799149283298846,0,0,0,1,1,1,0.009571683195625513,0,0,0
TUR.59.4_1,2048,5,albopictus,16.811610362109015,58.93097309460755,0.13443121975959704,0.011102473310426261,0.011034283829638964,0.011169362538608719,0,0,0,1,1,1,0.012925215464946849,0,0,0
TUR.59.4_1,2048,6,albopictus,25.544395530925076,27.733673611751165,0.1512043159948581,0.04687839797246621,0.0465900285650169,0.04718450811926021,0,0,0,1,1,1,0.015006691859864474,0,0,0
TUR.59.4_1,2048,7,albopictus,27.927777795230643,29.614555924793102,0.17756440930163706,0.047313491559623305,0.04697516356792256,0.04764631365806219,0,0,0,1,1,1,0.017036855594633415,0,0,0
TUR.59.4_1,2048,8,albopictus,28.06907070384306,39.66233220148879,0.21084654330050207,0.059955788624914685,0.05957803205175911,0.06033146070698324,4.690692279041286e-16,4.440892098500626e-16,5.551115123125783e-16,0.9999999999999996,0.9999999999999994,0.9999999999999996,0.02019774098296767,9.474138768288221e-18,8.96959883388234e-18,1.1211998542352925e-17
TUR.59.4_1,2048,9,albopictus,21.661394231459674,56.013739707060246,0.16805487673033054,0.050711184965136866,0.05051753710751987,0.05092046796622646,0,0,0,1,1,1,0.01666506319940031,0,0,0
TUR.59.4_1,2048,10,albopictus,17.28284891913919,58.30549018464084,0.16561106735670333,0.013762101434878937,0.013684017141734083,0.013839452137313763,0,0,0,1,1,1,0.015899130457649124,0,0,0
TUR.59.4_1,2048,11,albopictus,10.418229986639584,70.3958297320154,0.09606263341258425,3.8637799627820435e-43,3.6274530474502386e-60,2.504300906250329e-46,0,0,0,1,1,1,0.009560270584232478,0,0,0
TUR.59.4_1,2048,12,albopictus,8.807082877439612,76.50787747538824,0.0790130242711861,0,0,0,0,0,0,1,1,1,0.007617262190540042,0,0,0
TUR.59.4_1,2049,1,albopictus,5.273292573935845,71.85638089393674,0.07196181478510037,0,0,0,0,0,0,1,1,1,0.006939853812096941,0,0,0
TUR.59.4_1,2049,2,albopictus,7.821508425123552,71.38737217686243,0.05382961521047788,0,0,0,0,0,0,1,1,1,0.005750858910543388,0,0,0
TUR.59.4_1,2049,3,albopictus,9.643674275454352,66.74949588032533,0.06608034121752622,0,0,0,0,0,0,1,1,1,0.0063744680546337085,0,0,0
TUR.59.4_1,2049,4,albopictus,13.811862791285796,61.52039159712943,0.08737909735750386,0.0012085317816478622,0.0011938060999881308,0.0012228664351752047,0,0,0,1,1,1,0.008699845151458607,0,0,0
TUR.59.4_1,2049,5,albopictus,15.935888430651495,67.19562153210755,0.12213287361139522,0.00768659017706406,0.0076343102601510995,0.007738870315656101,0,0,0,1,1,1,0.011749736674968925,0,0,0
TUR.59.4_1,2049,6,albopictus,23.36187561820535,49.31102422820624,0.13737149486497247,0.05970270352258652,0.05945608942451832,0.05996192403470064,4.3010039973978566e-16,3.3306690738754696e-16,4.440892098500626e-16,0.9999999999999996,0.9999999999999996,0.9999999999999997,0.013643225423346728,5.867956708321434e-18,4.544106898545251e-18,6.058809198060334e-18
TUR.59.4_1,2049,7,albopictus,28.764218835269705,23.782066911121227,0.1613200534660082,0.03800101469397042,0.037631531623142644,0.03835617413140041,0,0,0,1,1,1,0.015490388451277814,0,0,0
TUR.59.4_1,2049,8,albopictus,28.487848169663373,33.7954594140132,0.19155739470616093,0.05057251456430174,0.050186066562927095,0.05095145054667895,0,0,0,1,1,1,0.01836704399904654,0,0,0
TUR.59.4_1,2049,9,albopictus,20.908729665419635,59.721129538603215,0.15268049383312082,0.04577212459854293,0.045579562154639375,0.045949039381460006,0,0,0,1,1,1,0.015152083657624327,0,0,0
TUR.59.4_1,2049,10,albopictus,13.724175060496611,59.50570838532443,0.15046025465137933,0.0010530810319174624,0.0010396295994490852,0.0010666133394182605,0,0,0,1,1,1,0.014455175893733352,0,0,0
TUR.59.4_1,2049,11,albopictus,10.8407220139223,65.15819698055056,0.0872744105598236,1.265038681992352e-9,1.0119769485103192e-9,1.5661952777148345e-9,0,0,0,1,1,1,0.00868946749326338,0,0,0
TUR.59.4_1,2049,12,albopictus,8.294234977048987,78.60843289531012,0.07178457298999517,0,0,0,0,0,0,1,1,1,0.006922820269598673,0,0,0
TUR.59.4_1,2050,1,albopictus,4.5635719623635795,76.21590848182737,0.07351739852882598,0,0,0,0,0,0,1,1,1,0.0070893381942869205,0,0,0
TUR.59.4_1,2050,2,albopictus,6.3725347694228685,70.6931506802804,0.05499323892678473,0,0,0,0,0,0,1,1,1,0.0058748081709549815,0,0,0
TUR.59.4_1,2050,3,albopictus,7.307840725954841,65.31658114643861,0.0675087863572826,0,0,0,0,0,0,1,1,1,0.006511814002763572,0,0,0
TUR.59.4_1,2050,4,albopictus,16.2842691786149,47.25242437300834,0.08926795332641828,0.0071332293517273266,0.007081458222051461,0.007184609702041745,0,0,0,1,1,1,0.008887069790330271,0,0,0
TUR.59.4_1,2050,5,albopictus,17.828021189745733,58.9225006519806,0.1247729948108361,0.017517853386646076,0.017428776600277498,0.01760895565936091,0,0,0,1,1,1,0.012002198016139554,0,0,0
TUR.59.4_1,2050,6,albopictus,23.242887581095975,44.99605993377265,0.14034102620463348,0.05449176907663445,0.05423640984862487,0.0547386592844385,0,0,0,1,1,1,0.013936083674026323,0,0,0
TUR.59.4_1,2050,7,albopictus,25.380061654483573,49.785023301502086,0.16480727586941854,0.07291619816193629,0.07257805193895625,0.07324101866026328,1.2474798971595648e-13,1.0902390101819037e-13,1.4122314428988148e-13,0.9999999999998752,0.9999999999998588,0.999999999999891,0.015822577941458915,1.9738347903210363e-15,1.725039171342219e-15,2.2345142076645482e-15
TUR.59.4_1,2050,8,albopictus,27.45721233592314,40.931760454662616,0.1956982514936836,0.06307804463680747,0.0627069654714904,0.06343571183607362,2.0106138975961584e-15,1.6653345369377348e-15,2.3314683517128287e-15,0.999999999999998,0.9999999999999977,0.9999999999999983,0.018760333078799873,3.7719786411767954e-17,3.1242230600580856e-17,4.37391228408132e-17
TUR.59.4_1,2050,9,albopictus,24.62799083485323,29.90851891238251,0.15598095665357734,0.046968344051822285,0.04667849586233473,0.047233265558159876,0,0,0,1,1,1,0.015477075416682529,0,0,0
TUR.59.4_1,2050,10,albopictus,16.600897396312043,54.25259559235568,0.15371272301826885,0.009347604136051539,0.009281929934175186,0.009410094004864958,0,0,0,1,1,1,0.014765332243853235,0,0,0
TUR.59.4_1,2050,11,albopictus,10.642715383978452,67.89236598689821,0.08916100353577236,8.844326335880944e-13,4.230041601959788e-13,1.9515833511008005e-12,0,0,0,1,1,1,0.008876469801607834,0,0,0
TUR.59.4_1,2050,12,albopictus,5.602767691892736,72.98168576396246,0.07333632533430434,0,0,0,0,0,0,1,1,1,0.0070719390574487395,0,0,0
TUR.59.4_1,2051,1,albopictus,7.609721693045953,75.34456296180784,0.07583177910882918,0,0,0,0,0,0,1,1,1,0.00731169779087304,0,0,0
TUR.59.4_1,2051,2,albopictus,5.757179277784685,69.08263890049524,0.05672446563978822,0,0,0,0,0,0,1,1,1,0.00605918993665977,0,0,0
TUR.59.4_1,2051,3,albopictus,10.486170193728277,65.40684451313783,0.06963401150468247,4.2078473988891295e-21,5.528182442047177e-24,3.991628832911072e-20,0,0,0,1,1,1,0.006716120677303317,0,0,0
TUR.59.4_1,2051,4,albopictus,12.6889208204606,60.4862042802349,0.09207817269937782,2.086470500028446e-4,2.046130383407543e-4,2.1275304274311361e-4,0,0,0,1,1,1,0.009165555133978764,0,0,0
TUR.59.4_1,2051,5,albopictus,17.66368403154261,58.39118961682435,0.12870093842524205,0.01624870038431472,0.01616538206898025,0.016336407123771903,0,0,0,1,1,1,0.012377687902501933,0,0,0
TUR.59.4_1,2051,6,albopictus,23.841859901652615,37.66529516326484,0.144759062643972,0.051100340137018224,0.05081944392328149,0.051362977727057724,0,0,0,1,1,1,0.014371634084446971,0,0,0
TUR.59.4_1,2051,7,albopictus,29.00986245099236,34.7118459638556,0.1699955274445318,0.04952230892909644,0.049155948316372815,0.04989911942847978,0,0,0,1,1,1,0.01631659843194111,0,0,0
TUR.59.4_1,2051,8,albopictus,27.354698068955365,46.70899739313918,0.2018589731984917,0.07201199304929451,0.07161185635935763,0.07237068818951568,8.755363101187186e-14,7.4495964952348e-14,1.0058620603103918e-13,0.9999999999999124,0.9999999999998994,0.9999999999999255,0.019345172706301428,1.6937401129884496e-15,1.4411373079257503e-15,1.9458575275420712e-15
TUR.59.4_1,2051,9,albopictus,23.049770467421588,45.97552788455048,0.1608913493518148,0.05403843899494516,0.053789169750214395,0.05427094994562887,0,0,0,1,1,1,0.01596039616025069,0,0,0
TUR.59.4_1,2051,10,albopictus,17.120713794932648,49.62793891510959,0.15855171009033456,0.011317590055603894,0.011239886514654225,0.011393719540919023,0,0,0,1,1,1,0.015226598860129559,0,0,0
TUR.59.4_1,2051,11,albopictus,13.22139256140765,65.60228877742556,0.09196785605240321,5.893357878499011e-4,5.803790752276935e-4,5.98283951473772e-4,0,0,0,1,1,1,0.009154624520320898,0,0,0
TUR.59.4_1,2051,12,albopictus,8.50887082604801,75.64101803935309,0.07564500559991467,0,0,0,0,0,0,1,1,1,0.007293754930897345,0,0,0
TUR.59.4_1,2052,1,albopictus,5.380017551429131,62.93010373329221,0.07322614772232808,0,0,0,0,0,0,1,1,1,0.007061352054947734,0,0,0
TUR.59.4_1,2052,2,albopictus,4.939942377455095,69.9305545499093,0.0567316378848592,0,0,0,0,0,0,1,1,1,0.005851602417370927,0,0,0
TUR.59.4_1,2052,3,albopictus,5.913186928805183,69.19131411763001,0.06724133961860965,0,0,0,0,0,0,1,1,1,0.006486100265947425,0,0,0
TUR.59.4_1,2052,4,albopictus,12.262278402552885,72.659689082481,0.08891430420497197,9.785684820519443e-5,9.56252114839446e-5,1.0010361508876952e-4,0,0,0,1,1,1,0.008852018548839546,0,0,0
TUR.59.4_1,2052,5,albopictus,15.939129015978644,69.39308552136536,0.12427868684979519,0.007936504246309987,0.007885303935182466,0.007985664679372876,0,0,0,1,1,1,0.011954934771602366,0,0,0
TUR.59.4_1,2052,6,albopictus,23.36839302848367,47.766014615169134,0.13978504302398792,0.05815438473160152,0.05787558649419975,0.058401340097193076,2.2148949341271874e-16,2.220446049250313e-16,2.220446049250313e-16,0.9999999999999998,0.9999999999999998,0.9999999999999998,0.013881258654699136,3.074552947360229e-18,3.082258593844841e-18,3.082258593844841e-18
TUR.59.4_1,2052,7,albopictus,26.84500649396111,37.49300822581849,0.16415436576957498,0.0588541904864175,0.05849571833678728,0.05921991538666994,2.778888230636767e-16,2.220446049250313e-16,3.3306690738754696e-16,0.9999999999999997,0.9999999999999997,0.9999999999999998,0.015760390875655506,4.379636471459417e-18,3.499509765448995e-18,5.2492646481734924e-18
TUR.59.4_1,2052,8,albopictus,26.349870569565716,48.408647203930194,0.194922961906207,0.07404232056993662,0.07366796571430997,0.07441534084945073,1.928812665141777e-13,1.6664170043867445e-13,2.2193913373769194e-13,0.9999999999998072,0.9999999999997781,0.9999999999998335,0.018686709843068527,3.604316261514008e-15,3.1139851038530547e-15,4.147312194978229e-15
TUR.59.4_1,2052,9,albopictus,22.912235372206744,53.80276406008759,0.15536301341384398,0.060628688506276555,0.0603751327896478,0.06086984895234887,6.511458039426543e-16,5.551115123125783e-16,7.771561172376096e-16,0.9999999999999993,0.9999999999999992,0.9999999999999994,0.015416235608363582,1.003821712897728e-17,8.557729862725728e-18,1.198082180781602e-17
TUR.59.4_1,2052,10,albopictus,19.126635158763214,49.88843696198459,0.15310376574497103,0.024480763497705147,0.02435875807138904,0.024607807085847734,0,0,0,1,1,1,0.014707269324926053,0,0,0
TUR.59.4_1,2052,11,albopictus,13.08829109808978,64.52298885066774,0.08880777811284374,4.6929659593004426e-4,4.6159377944472214e-4,4.769103602282936e-4,0,0,0,1,1,1,0.00884146018048415,0,0,0
TUR.59.4_1,2052,12,albopictus,10.766458258909338,73.34813321269293,0.07304579187791667,2.680098555114412e-10,2.0601775885886198e-10,3.560987481560853e-10,0,0,0,1,1,1,0.007044021359676078,0,0,0
TUR.59.4_1,2053,1,albopictus,7.386398347861626,68.33589596962034,0.07622751765906662,0,0,0,0,0,0,1,1,1,0.007349714323828138,0,0,0
TUR.59.4_1,2053,2,albopictus,6.028302210218767,73.19090763828821,0.0570204900514411,0,0,0,0,0,0,1,1,1,0.0060907141592514424,0,0,0
TUR.59.4_1,2053,3,albopictus,10.00230922418482,67.72684420796205,0.06999740615378508,0,0,0,0,0,0,1,1,1,0.006751051099882388,0,0,0
TUR.59.4_1,2053,4,albopictus,14.323854292140288,55.68472875533256,0.09255869528503768,0.0019049672239819188,0.0018832177758856844,0.0019264643901738868,0,0,0,1,1,1,0.009213165823009795,0,0,0
TUR.59.4_1,2053,5,albopictus,18.259772440966437,68.34804157605286,0.12937258194178816,0.023595364302407097,0.023492092260793785,0.023702273986416347,0,0,0,1,1,1,0.012441879054021054,0,0,0
TUR.59.4_1,2053,6,albopictus,20.438009346232693,66.71430639373358,0.14551450768637617,0.04535902698042953,0.04517821385671816,0.04553238758279884,0,0,0,1,1,1,0.014446090078309326,0,0,0
TUR.59.4_1,2053,7,albopictus,25.586598901187674,48.566883653064586,0.1708826724432163,0.07201996200229757,0.07166424343240804,0.07236738664325329,8.77877770477653e-14,7.605027718682322e-14,1.0036693698367571e-13,0.9999999999999122,0.9999999999998996,0.999999999999924,0.016401046723926394,1.4398114331500318e-15,1.2473041495086412e-15,1.6461228230066413e-15
TUR.59.4_1,2053,8,albopictus,25.85917652354521,45.6092964654048,0.20291240196338117,0.06872198950610038,0.06837751190625015,0.06905717747694451,2.3127610937478948e-14,1.9984014443252818e-14,2.653433028854124e-14,0.9999999999999769,0.9999999999999735,0.99999999999998,0.019445140191620025,4.497196369765228e-16,3.8859196244041044e-16,5.159637723514338e-16
TUR.59.4_1,2053,9,albopictus,23.627094380995807,49.31387245852509,0.16173098294720825,0.061703200350837074,0.06144096518703925,0.06197332003746296,1.0708101072509634e-15,9.964251646010782e-16,1.2212453270876722e-15,0.9999999999999989,0.9999999999999988,0.999999999999999,0.016043015962742158,1.7179023643692848e-17,1.598566482137308e-17,1.9592458276891792e-17
TUR.59.4_1,2053,10,albopictus,18.77436503242044,43.43176810822482,0.15937913395703251,0.019872702617798065,0.019764754911195736,0.019978598683570926,0,0,0,1,1,1,0.015305449736911059,0,0,0
TUR.59.4_1,2053,11,albopictus,12.23547356268939,72.27718501765993,0.09244780293549545,9.007268081491717e-5,8.793250022512457e-5,9.227694393836032e-5,0,0,0,1,1,1,0.009202178694096674,0,0,0
TUR.59.4_1,2053,12,albopictus,8.684709773344153,75.90011990702887,0.07603976944695365,0,0,0,0,0,0,1,1,1,0.007331678516459106,0,0,0
TUR.59.4_1,2054,1,albopictus,7.363546880729058,72.97488827919065,0.07460962108169529,0,0,0,0,0,0,1,1,1,0.007194282269027852,0,0,0
TUR.59.4_1,2054,2,albopictus,3.490788238890031,74.2498904874093,0.05581025444981925,0,0,0,0,0,0,1,1,1,0.00596182747434626,0,0,0
TUR.59.4_1,2054,3,albopictus,8.258239647921393,69.28003634663392,0.06851174103810347,0,0,0,0,0,0,1,1,1,0.00660823741613914,0,0,0
TUR.59.4_1,2054,4,albopictus,11.622741544947905,65.87860692916068,0.09059417642221199,7.485250635682841e-6,7.170298337825412e-6,7.810298239085566e-6,0,0,0,1,1,1,0.009018504760391344,0,0,0
TUR.59.4_1,2054,5,albopictus,18.024630686816046,50.61891941418763,0.12662670402319356,0.016847960252065107,0.01675028846468017,0.01694613701770723,0,0,0,1,1,1,0.012179420244833983,0,0,0
TUR.59.4_1,2054,6,albopictus,21.75539597342996,52.680538693538274,0.14242602427285841,0.048952722441940356,0.048761801997370645,0.04914166204354507,0,0,0,1,1,1,0.014141656378415579,0,0,0
TUR.59.4_1,2054,7,albopictus,26.602246789371268,36.91602000560365,0.16725576054357294,0.058118286272786465,0.05778516160134641,0.05845595896836297,2.1804780203638074e-16,1.1102230246251565e-16,2.220446049250313e-16,0.9999999999999998,0.9999999999999998,0.9999999999999999,0.01605575128300174,3.500921277301329e-18,1.782546475204343e-18,3.565092950408686e-18
TUR.59.4_1,2054,8,albopictus,29.61233127818388,34.50816502619582,0.19860567270438767,0.04607328777745761,0.045712030199018074,0.046442582164897876,0,0,0,1,1,1,0.019036379115301982,0,0,0
TUR.59.4_1,2054,9,albopictus,25.851446263930377,34.91499245364228,0.15829831175705486,0.05503006956193596,0.05469440579584183,0.0553486720789125,2.220446049250313e-19,0,0,1,1,1,0.015705197905998336,3.487254464306829e-21,0,0
TUR.59.4_1,2054,10,albopictus,16.84710081885843,53.40091865143771,0.15599637975943711,0.010466583064012961,0.0103985528641149,0.010533048154879663,0,0,0,1,1,1,0.014983044101136045,0,0,0
TUR.59.4_1,2054,11,albopictus,12.632475782843198,68.13803249080446,0.09048563771553114,2.159767233481208e-4,2.113846238854395e-4,2.2041680199407656e-4,0,0,0,1,1,1,0.009007748717035358,0,0,0
TUR.59.4_1,2054,12,albopictus,7.002483592313879,71.7175103489234,0.07442585774537411,0,0,0,0,0,0,1,1,1,0.0071766265032299215,0,0,0
TUR.59.4_1,2055,1,albopictus,6.872762235648492,72.71517605995237,0.07326353363166054,0,0,0,0,0,0,1,1,1,0.0070649444917649795,0,0,0
TUR.59.4_1,2055,2,albopictus,3.802421825773576,68.44199864170618,0.05480334030109454,0,0,0,0,0,0,1,1,1,0.0058545812143598885,0,0,0
TUR.59.4_1,2055,3,albopictus,7.056466481264899,70.29825534077455,0.06727566995967726,0,0,0,0,0,0,1,1,1,0.00648940100282247,0,0,0
TUR.59.4_1,2055,4,albopictus,12.147871816859526,61.65581335005912,0.08895969976678647,5.463388927751126e-5,5.313289923432065e-5,5.619564938394498e-5,0,0,0,1,1,1,0.008856517910572959,0,0,0
TUR.59.4_1,2055,5,albopictus,16.97019400316126,56.38498691907044,0.12434213784186626,0.011584829258958708,0.011508060929307005,0.011654940101064337,0,0,0,1,1,1,0.011961001763259205,0,0,0
TUR.59.4_1,2055,6,albopictus,24.950557792887967,40.15974859344062,0.1398564108496497,0.058735459677874066,0.05844407501402857,0.059030822596757425,2.4502622153477203e-16,2.220446049250313e-16,3.3306690738754696e-16,0.9999999999999998,0.9999999999999997,0.9999999999999998,0.013888296344627293,3.402996776879212e-18,3.083821274924524e-18,4.625731912386786e-18
TUR.59.4_1,2055,7,albopictus,26.595523385440604,42.136524766345836,0.1642381754526743,0.06510762582621273,0.0647648096998102,0.06544785095706378,4.962141808562137e-15,4.218847493575595e-15,5.773159728050814e-15,0.999999999999995,0.9999999999999942,0.9999999999999958,0.015768373631321775,7.824490604901055e-17,6.652436357226537e-17,9.103333962520524e-17
TUR.59.4_1,2055,8,albopictus,25.250131494858685,51.81233754206496,0.19502248062195696,0.07520868472879116,0.07489073721222811,0.07552164927550055,3.00508840034297e-13,2.65898414397725e-13,3.3751057504360916e-13,0.9999999999996995,0.9999999999996625,0.9999999999997341,0.018696160672241113,5.61836155671002e-15,4.9712794780740165e-15,6.310151939595808e-15
TUR.59.4_1,2055,9,albopictus,25.67603313221651,40.25627434451142,0.15544233463602725,0.06113011346083948,0.060829253138079076,0.06144041314479865,8.211209490127658e-16,6.661338147750939e-16,9.992007221626409e-16,0.9999999999999992,0.999999999999999,0.9999999999999993,0.015424045416142729,1.2665006809719116e-17,1.0274478212319457e-17,1.5411717318479185e-17
TUR.59.4_1,2055,10,albopictus,17.916523540721222,57.23890082917209,0.15318193349901302,0.017726986529035454,0.017630323247708867,0.01781687000581771,0,0,0,1,1,1,0.014714722663170421,0,0,0
TUR.59.4_1,2055,11,albopictus,12.89487068793353,73.94542842586306,0.08885311928732605,4.000144838979367e-4,3.9303242969114847e-4,4.063072945090043e-4,0,0,0,1,1,1,0.008845954199525274,0,0,0
TUR.59.4_1,2055,12,albopictus,9.211551413816565,74.94640744364996,0.07308308570583483,0,0,0,0,0,0,1,1,1,0.0070476050108928545,0,0,0
TUR.59.4_1,2056,1,albopictus,8.009830030448295,78.78722043251096,0.08096205439018496,0,0,0,0,0,0,1,1,1,0.007804423621010859,0,0,0
TUR.59.4_1,2056,2,albopictus,8.312519091017107,71.28915898106165,0.06272499776302885,0,0,0,0,0,0,1,1,1,0.006467786116289842,0,0,0
TUR.59.4_1,2056,3,albopictus,14.071189305361578,58.164370910842905,0.07434498693163935,0.0015302724357625485,0.001510002107416898,0.0015496859528988456,0,0,0,1,1,1,0.007168856430814219,0,0,0
TUR.59.4_1,2056,4,albopictus,14.157807195887846,56.44562734542045,0.0983075712299607,0.00163111958626055,0.0016115728014344298,0.0016494811918541677,0,0,0,1,1,1,0.009782593188717437,0,0,0
TUR.59.4_1,2056,5,albopictus,17.72701945024378,57.91194156994935,0.1374079904138645,0.016573066781517615,0.0164820926012935,0.016663264986062708,0,0,0,1,1,1,0.013209525665145883,0,0,0
TUR.59.4_1,2056,6,albopictus,25.39327439139871,31.96887258636054,0.15455250082466918,0.05095396278705903,0.05063198679930638,0.05125752238873717,0,0,0,1,1,1,0.015336430620646269,0,0,0
TUR.59.4_1,2056,7,albopictus,29.18930581036736,23.89591273631654,0.18149629747312496,0.03628704032722841,0.03593691718391435,0.03662291154335061,0,0,0,1,1,1,0.01741080713779941,0,0,0
TUR.59.4_1,2056,8,albopictus,27.712549097397748,41.16725697565871,0.21551541265817867,0.06299189891460663,0.06261909456990487,0.06335832987186905,1.9354517988290354e-15,1.6653345369377348e-15,2.2232216068118734e-15,0.9999999999999981,0.9999999999999977,0.9999999999999983,0.020640341187287192,3.9948385479380026e-17,3.437307303336777e-17,4.588805249954592e-17
TUR.59.4_1,2056,9,albopictus,22.745689504286823,61.97719490725556,0.17177619106677708,0.06776111412634149,0.06750705778335811,0.06800637761754817,1.5468848424404767e-14,1.3877787807814457e-14,1.709743457922741e-14,0.9999999999999846,0.9999999999999829,0.9999999999999861,0.017030924960631855,2.6344879674342593e-16,2.3635156277445965e-16,2.911851253381343e-16
TUR.59.4_1,2056,10,albopictus,16.77150210212259,68.44336097321505,0.16927826732863657,0.01238632877672956,0.012313826521502928,0.012450437524254157,0,0,0,1,1,1,0.0162483163650059,0,0,0
TUR.59.4_1,2056,11,albopictus,12.250881124945249,72.40804439265993,0.09818979129023804,9.428355386159792e-5,9.204933038371748e-5,9.662793342586001e-5,0,0,0,1,1,1,0.009770930345386453,0,0,0
TUR.59.4_1,2056,12,albopictus,6.053568110746496,71.85786069072027,0.08076264502428201,0,0,0,0,0,0,1,1,1,0.007785276362965443,0,0,0
TUR.59.4_1,2057,1,albopictus,6.502848657615044,72.56593747352659,0.06959408711428929,0,0,0,0,0,0,1,1,1,0.006712282967950567,0,0,0
TUR.59.4_1,2057,2,albopictus,5.8824296172927415,71.97538487217493,0.05205848325912872,0,0,0,0,0,0,1,1,1,0.005562168176879823,0,0,0
TUR.59.4_1,2057,3,albopictus,9.882280728396246,63.629126922805796,0.06390612906258526,0,0,0,0,0,0,1,1,1,0.00616537966731423,0,0,0
TUR.59.4_1,2057,4,albopictus,12.806382024989409,61.72004522261771,0.08450410167706288,2.705441817702332e-4,2.6583751798767364e-4,2.754126717846275e-4,0,0,0,1,1,1,0.008414805812757553,0,0,0
TUR.59.4_1,2057,5,albopictus,18.913575312670538,49.177543681765755,0.11811438984706904,0.022630476372571727,0.022511530409916863,0.022755900421627107,0,0,0,1,1,1,0.011365345714715258,0,0,0
TUR.59.4_1,2057,6,albopictus,24.602228248820584,39.671181241145696,0.13285162150513852,0.05676939912769859,0.05647641123175028,0.05706135056836189,1.1102230246251565e-16,1.1102230246251565e-16,1.1102230246251565e-16,0.9999999999999999,0.9999999999999999,0.9999999999999999,0.013197303884624034,1.4651950635684623e-18,1.4651950635684623e-18,1.4651950635684623e-18
TUR.59.4_1,2057,7,albopictus,25.79860451642205,47.9867597516974,0.15601221130570628,0.07193384598506473,0.07160014208559605,0.07227354533446198,8.484413172027416e-14,7.415734692983734e-14,9.681144774731365e-14,0.9999999999999152,0.9999999999999032,0.9999999999999258,0.014984553229803854,1.271351407998938e-15,1.1112147124511789e-15,1.4506762920239958e-15
TUR.59.4_1,2057,8,albopictus,26.702529795029584,46.66124119807082,0.1852546667198155,0.07186264980075138,0.07148329357188714,0.07223315873682931,8.25163271045426e-14,7.083222897108499e-14,9.525713551283843e-14,0.9999999999999175,0.9999999999999047,0.9999999999999292,0.01776812276701012,1.4661602302762775e-15,1.258555740219209e-15,1.6925404782258327e-15
TUR.59.4_1,2057,9,albopictus,23.145734899184284,49.205817343778996,0.14765691527105498,0.05791586995501365,0.05767406203491379,0.058167889094806705,1.965094753586527e-16,1.1102230246251565e-16,2.220446049250313e-16,0.9999999999999998,0.9999999999999998,0.9999999999999999,0.014657213279077097,2.880281291691318e-18,1.6272775659272983e-18,3.2545551318545967e-18
TUR.59.4_1,2057,10,albopictus,16.998212421641632,48.07450263581271,0.14550972763424921,0.010448603437685246,0.01037857342554926,0.010514571584850429,0,0,0,1,1,1,0.013982904747230962,0,0,0
TUR.59.4_1,2057,11,albopictus,9.75661270758685,66.80069118221071,0.08440285934264936,0,0,0,0,0,0,1,1,1,0.00840476672195567,0,0,0
TUR.59.4_1,2057,12,albopictus,7.979816661161535,73.62036526835699,0.06942267702734692,0,0,0,0,0,0,1,1,1,0.006695806102200663,0,0,0
TUR.59.4_1,2058,1,albopictus,6.625381025321343,68.92469449256956,0.07520984013844864,0,0,0,0,0,0,1,1,1,0.007251948424360721,0,0,0
TUR.59.4_1,2058,2,albopictus,6.192134874708513,77.2605334927804,0.05625923646845668,0,0,0,0,0,0,1,1,1,0.006009644745489373,0,0,0
TUR.59.4_1,2058,3,albopictus,8.330928704317877,66.85853518696595,0.06906290390404797,0,0,0,0,0,0,1,1,1,0.006661221872514167,0,0,0
TUR.59.4_1,2058,4,albopictus,14.20754989455728,63.95071996627006,0.09132298793916024,0.0019264106200133583,0.001907182083372816,0.001946751145235881,0,0,0,1,1,1,0.009090726001257043,0,0,0
TUR.59.4_1,2058,5,albopictus,15.73113550859339,69.90807728161927,0.1276453898139358,0.007025166991851181,0.006977496640401374,0.007073655508307389,0,0,0,1,1,1,0.012276797263152561,0,0,0
TUR.59.4_1,2058,6,albopictus,25.110286796794217,34.527828732600774,0.1435718123455867,0.05299868083734538,0.05269686532230784,0.053294410989935086,0,0,0,1,1,1,0.014254608380491307,0,0,0
TUR.59.4_1,2058,7,albopictus,27.78905632916619,33.8450361188849,0.1686012987379045,0.052835552895461796,0.052457847147463994,0.05317873169851556,0,0,0,1,1,1,0.01618386564182328,0,0,0
TUR.59.4_1,2058,8,albopictus,27.089038736679974,48.70276417780715,0.20020341449436355,0.07531697485135681,0.07492403575021123,0.07570009866280125,3.1329638883192954e-13,2.693373302165014e-13,3.6083080967586054e-13,0.9999999999996867,0.9999999999996392,0.9999999999997307,0.019188044154749617,6.0115449424306695e-15,5.168056584716607e-15,6.923637508454468e-15
TUR.59.4_1,2058,9,albopictus,21.050102346083698,57.928805472441105,0.15957178911816394,0.04597339810735329,0.045786739703494464,0.04615578784042411,0,0,0,1,1,1,0.01583053763967568,0,0,0
TUR.59.4_1,2058,10,albopictus,16.915034855113312,72.66307227692599,0.15725133855106024,0.014066437576333838,0.01398776301819251,0.01414035450537038,0,0,0,1,1,1,0.015102664807038146,0,0,0
TUR.59.4_1,2058,11,albopictus,11.394879271002377,74.82013850887087,0.09121357606090716,2.5244831796643023e-6,2.39633923479609e-6,2.6539033991905497e-6,0,0,0,1,1,1,0.009079884217461531,0,0,0
TUR.59.4_1,2058,12,albopictus,5.216773257536047,63.674579745896054,0.07502459846388107,0,0,0,0,0,0,1,1,1,0.007234151654053167,0,0,0
TUR.59.4_1,2059,1,albopictus,3.634717020041802,71.4435772440344,0.0721282772013932,0,0,0,0,0,0,1,1,1,0.00695585115338504,0,0,0
TUR.59.4_1,2059,2,albopictus,4.795294302351335,71.00234715244837,0.05395413413544952,0,0,0,0,0,0,1,1,1,0.00576412341143917,0,0,0
TUR.59.4_1,2059,3,albopictus,8.773468873080084,67.40592898579408,0.06623319858085666,0,0,0,0,0,0,1,1,1,0.006389166298722215,0,0,0
TUR.59.4_1,2059,4,albopictus,14.790271604762358,65.89465917525443,0.0875812231060422,0.003366328342686799,0.003337405848392813,0.0033953728903756064,0,0,0,1,1,1,0.00871988167754556,0,0,0
TUR.59.4_1,2059,5,albopictus,22.30476488786585,39.839843791629036,0.12241539196242421,0.0435474297007913,0.0433245290035322,0.04375246924546485,0,0,0,1,1,1,0.011776755547689977,0,0,0
TUR.59.4_1,2059,6,albopictus,23.231723869548123,49.3220372592121,0.13768926326802441,0.05871601690361875,0.05845707439442441,0.05896131916317569,2.383648833870211e-16,2.220446049250313e-16,3.3306690738754696e-16,0.9999999999999998,0.9999999999999997,0.9999999999999998,0.013674568227066142,3.2595368608124847e-18,3.0363640994992873e-18,4.554546149248931e-18
TUR.59.4_1,2059,7,albopictus,22.949664620792166,61.49671611156068,0.16169321979007367,0.06941826507505414,0.0691575039260086,0.06967833346177425,3.078404198220142e-14,2.7644553313166398e-14,3.419486915845482e-14,0.9999999999999692,0.9999999999999658,0.9999999999999724,0.01552594127700202,4.77951228084424e-16,4.292077113691731e-16,5.30907530528937e-16
TUR.59.4_1,2059,8,albopictus,27.377803690293256,46.46072926569777,0.19200050619350695,0.07159077383490037,0.07122687469392466,0.07196350022542457,7.408662572316871e-14,6.394884621840902e-14,8.559819519859957e-14,0.999999999999926,0.9999999999999144,0.999999999999936,0.01840913724224924,1.3638708607529656e-15,1.177243086518183e-15,1.5757889230998594e-15
TUR.59.4_1,2059,9,albopictus,22.33375560536104,48.39639961916962,0.15303367508626375,0.05056095198231726,0.050352093386522793,0.05078316407643298,0,0,0,1,1,1,0.015186866025521661,0,0,0
TUR.59.4_1,2059,10,albopictus,19.142700756297394,46.676927257394745,0.1508083000365617,0.023466306280386345,0.02334946085988374,0.02359092244682467,0,0,0,1,1,1,0.014488370269666873,0,0,0
TUR.59.4_1,2059,11,albopictus,10.871742178412045,63.06616359432009,0.08747629414635773,2.3187535999073115e-9,1.9333281782406023e-9,2.7700059957276593e-9,0,0,0,1,1,1,0.00870948022381779,0,0,0
TUR.59.4_1,2059,12,albopictus,7.952908263486974,78.22938168681402,0.07195062540971454,0,0,0,0,0,0,1,1,1,0.006938778483505992,0,0,0
TUR.59.4_1,2060,1,albopictus,7.015118154532769,75.82002682899534,0.07464754048652195,0,0,0,0,0,0,1,1,1,0.00719792548188436,0,0,0
TUR.59.4_1,2060,2,albopictus,4.793396967298845,65.83945194981165,0.057832855716175184,0,0,0,0,0,0,1,1,1,0.005964848443605786,0,0,0
TUR.59.4_1,2060,3,albopictus,8.24424209314234,68.34727420063783,0.06854656127182317,0,0,0,0,0,0,1,1,1,0.0066115848427587,0,0,0
TUR.59.4_1,2060,4,albopictus,12.508464658961577,62.71516241011771,0.09064021977695479,1.4686636305105526e-4,1.4373374564572244e-4,1.499463112014947e-4,0,0,0,1,1,1,0.009023067561139908,0,0,0
TUR.59.4_1,2060,5,albopictus,18.42052187639124,49.1121864735138,0.12669106045849116,0.019106443924699873,0.019003619494934176,0.019210542566454467,0,0,0,1,1,1,0.012185572413859203,0,0,0
TUR.59.4_1,2060,6,albopictus,23.040653312907498,51.08328680144843,0.14249841051465875,0.05896205007510882,0.05871959598395061,0.059218264514222435,3.0764280012363087e-16,2.220446049250313e-16,3.3306690738754696e-16,0.9999999999999997,0.9999999999999997,0.9999999999999998,0.014148792610631511,4.352774177103215e-18,3.141663065393876e-18,4.712494598090814e-18
TUR.59.4_1,2060,7,albopictus,25.724084405338065,45.90864238109193,0.16734076618763988,0.06874336505461329,0.06841018098728469,0.0690709914061698,2.3333557308546914e-14,2.0314305793078804e-14,2.6645352591003757e-14,0.9999999999999767,0.9999999999999734,0.9999999999999797,0.01606384552208817,3.748266600852891e-16,3.263258701484787e-16,4.2802682790345616e-16
TUR.59.4_1,2060,8,albopictus,27.702510721543256,42.199086809643084,0.1987066115483995,0.06453999486666905,0.06418030117611874,0.06490999786757909,3.867683950886658e-15,3.3306690738754696e-15,4.551914400963142e-15,0.9999999999999961,0.9999999999999954,0.9999999999999967,0.019045961391137123,7.366375920170798e-17,6.343579458768663e-17,8.669558593650506e-17
TUR.59.4_1,2060,9,albopictus,23.724723928114948,43.7573195715622,0.15837876489004046,0.05645994026761185,0.056182844812071815,0.05671628444173153,1.1102230246251565e-16,1.1102230246251565e-16,1.1102230246251565e-16,0.9999999999999999,0.9999999999999999,0.9999999999999999,0.015713116834204177,1.7445064097958626e-18,1.7445064097958626e-18,1.7445064097958626e-18
TUR.59.4_1,2060,10,albopictus,16.142501438365265,55.0138794668674,0.1560756629643352,0.007344077949010601,0.007291875343099109,0.007392994220883376,0,0,0,1,1,1,0.014990601681931004,0,0,0
TUR.59.4_1,2060,11,albopictus,12.377592970343198,73.35535579402712,0.09053162590683661,1.3400419845112856e-4,1.311054968096456e-4,1.3700001330929984e-4,0,0,0,1,1,1,0.00901230610067938,0,0,0
TUR.59.4_1,2060,12,albopictus,7.07499574212467,74.41846860087652,0.07446368375478818,0,0,0,0,0,0,1,1,1,0.007180260807507666,0,0,0
TUR.59.4_1,2061,1,albopictus,4.852314266211846,56.995323612442604,0.0696547460995613,0,0,0,0,0,0,1,1,1,0.006718113772610446,0,0,0
TUR.59.4_1,2061,2,albopictus,3.5528571780990155,69.97880284092493,0.052103858015810446,0,0,0,0,0,0,1,1,1,0.0055670027052695525,0,0,0
TUR.59.4_1,2061,3,albopictus,8.47726382928736,73.84024752827455,0.06396183035995599,0,0,0,0,0,0,1,1,1,0.006170736866848769,0,0,0
TUR.59.4_1,2061,4,albopictus,13.872956121669096,57.1109715837017,0.08457775639791057,0.0012081880663187528,0.0011928532057560268,0.001222364871419238,0,0,0,1,1,1,0.00842210927892828,0,0,0
TUR.59.4_1,2061,5,albopictus,18.322739741381476,53.1562538563263,0.11821733967127435,0.019540699455106957,0.01943582422971204,0.019643954050801687,0,0,0,1,1,1,0.011375195320217246,0,0,0
TUR.59.4_1,2061,6,albopictus,22.927858436808865,48.63202718841132,0.1329674164654059,0.05562422535562589,0.05538887694919364,0.055859550927712776,5.007105841059456e-17,0,1.1102230246251565e-16,1,0.9999999999999999,1,0.013208730496365617,6.613751162133245e-19,0,1.466463672313358e-18
TUR.59.4_1,2061,7,albopictus,26.74083092633416,48.12837657298646,0.1561481932952725,0.07418840205378531,0.07378276647128229,0.07454962111718141,2.0404711253974029e-13,1.7417178810319455e-13,2.336020266113792e-13,0.9999999999997959,0.9999999999997664,0.9999999999998258,0.01499751550195405,3.060199733443718e-15,2.6121440920807164e-15,3.5034500153920415e-15
TUR.59.4_1,2061,8,albopictus,28.194446451523724,41.08023991633254,0.18541613676082158,0.06165140494020421,0.06126093995557959,0.06203150317378295,1.0483836021535353e-15,8.881784197001252e-16,1.2212453270876722e-15,0.999999999999999,0.9999999999999988,0.9999999999999991,0.017783471133043127,1.8643899525253166e-17,1.579489528772904e-17,2.171798102062743e-17
TUR.59.4_1,2061,9,albopictus,21.11103832020479,64.95304787356415,0.14778561469107937,0.051907655108041025,0.051716456284674354,0.05209849194367456,0,0,0,1,1,1,0.014669894501991299,0,0,0
TUR.59.4_1,2061,10,albopictus,16.69085844825296,44.93100898346896,0.1456365555414966,0.008582352880625076,0.008519632160561145,0.008643825598014776,0,0,0,1,1,1,0.01399500671986953,0,0,0
TUR.59.4_1,2061,11,albopictus,12.370306898565854,71.32485347469118,0.0844764258195452,1.2604843123190579e-4,1.2316970859032383e-4,1.29033189356304e-4,0,0,0,1,1,1,0.008412061511904878,0,0,0
TUR.59.4_1,2061,12,albopictus,8.152429805082434,74.46452725566168,0.06948318660966861,0,0,0,0,0,0,1,1,1,0.0067016226421277025,0,0,0
TUR.59.4_1,2062,1,albopictus,4.703000339515069,70.96233029579221,0.07512539745947643,0,0,0,0,0,0,1,1,1,0.007243835781049812,0,0,0
TUR.59.4_1,2062,2,albopictus,7.540384310133318,64.39612309238977,0.056196070789130914,0,0,0,0,0,0,1,1,1,0.006002917643150751,0,0,0
TUR.59.4_1,2062,3,albopictus,9.194821736391852,69.37128390522767,0.06898536276564743,0,0,0,0,0,0,1,1,1,0.0066537678490945495,0,0,0
TUR.59.4_1,2062,4,albopictus,14.743593061671538,47.99480260787162,0.09122045404546851,0.0024846266383317123,0.002457951136683673,0.0025100725775861737,0,0,0,1,1,1,0.00908056577055294,0,0,0
TUR.59.4_1,2062,5,albopictus,18.43470110612757,55.14581684460755,0.1275020745422307,0.020933602405149007,0.020830060810546155,0.021040724231166156,0,0,0,1,1,1,0.012263098217913049,0,0,0
TUR.59.4_1,2062,6,albopictus,22.324335182414334,44.80531744109687,0.1434106155070209,0.0475229783309845,0.04729281189672887,0.04774672396223316,0,0,0,1,1,1,0.014238718348344559,0,0,0
TUR.59.4_1,2062,7,albopictus,26.941228417789237,43.16585978831849,0.1684119997669532,0.06671297909445524,0.06634347200387941,0.06709304337185455,9.93860549414194e-15,8.43769498715119e-15,1.1657341758564144e-14,0.99999999999999,0.9999999999999883,0.9999999999999916,0.016165842697852595,1.6066593305431214e-16,1.364024498947455e-16,1.884507531440563e-16
TUR.59.4_1,2062,8,albopictus,27.453163034775677,43.87420811701613,0.19997863389879034,0.06746382046532746,0.06709087543721155,0.06783141771423916,1.367317370437604e-14,1.1657341758564144e-14,1.58789648097013e-14,0.9999999999999863,0.9999999999999841,0.9999999999999883,0.01916670835860368,2.6206973272830427e-16,2.2343286972297107e-16,3.0434748754407555e-16
TUR.59.4_1,2062,9,albopictus,22.040165059706744,55.499945761747746,0.15939262812890084,0.05401951147695312,0.053797564063889185,0.05421763195658376,0,0,0,1,1,1,0.015812905004274236,0,0,0
TUR.59.4_1,2062,10,albopictus,17.18895014594583,58.52286689362521,0.15707478287330887,0.013225672981945253,0.013146917156799106,0.013301600800667947,0,0,0,1,1,1,0.015085836674579078,0,0,0
TUR.59.4_1,2062,11,albopictus,11.22216789862689,74.4328399248865,0.09111116501061056,6.201067951215073e-7,5.832415079024465e-7,6.628889016529284e-7,0,0,0,1,1,1,0.009069736048515686,0,0,0
TUR.59.4_1,2062,12,albopictus,8.521170363706702,72.91251767314215,0.07494036376704562,0,0,0,0,0,0,1,1,1,0.007226058847171424,0,0,0
TUR.59.4_1,2063,1,albopictus,7.820636304862359,74.45770688270628,0.08218105103543437,0,0,0,0,0,0,1,1,1,0.007921463467015166,0,0,0
TUR.59.4_1,2063,2,albopictus,7.493578928358415,70.85312382481165,0.0614739131863308,0,0,0,0,0,0,1,1,1,0.0065648473127308815,0,0,0
TUR.59.4_1,2063,3,albopictus,9.707736393984625,69.42955722065736,0.07546435439758852,0,0,0,0,0,0,1,1,1,0.007276399916930298,0,0,0
TUR.59.4_1,2063,4,albopictus,16.681898916468903,43.30124486861381,0.0997877288227313,0.008343039923054338,0.008285384481760761,0.008405636120269663,0,0,0,1,1,1,0.009929150123400343,0,0,0
TUR.59.4_1,2063,5,albopictus,18.817742487963507,41.44600681653138,0.13947685935014079,0.01957612926250474,0.019463475365322433,0.019690051660723643,0,0,0,1,1,1,0.013407074291052812,0,0,0
TUR.59.4_1,2063,6,albopictus,23.481021965251248,41.06513265716132,0.15687950427633818,0.05230114164098773,0.05203886062319807,0.052559538665208266,0,0,0,1,1,1,0.01556553551568629,0,0,0
TUR.59.4_1,2063,7,albopictus,29.659371880924002,27.335289567371227,0.18422897736139307,0.03748840333256803,0.037100221079058616,0.037827664315662805,0,0,0,1,1,1,0.017670621336083325,0,0,0
TUR.59.4_1,2063,8,albopictus,27.197538263657513,46.13732304621535,0.21876029777144115,0.07118790594142467,0.07078350169164022,0.07155897364451357,6.310363342976188e-14,5.3512749786932545e-14,7.294165271787278e-14,0.9999999999999369,0.9999999999999271,0.9999999999999465,0.020947832541891143,1.3218843458715358e-15,1.1209761213927839e-15,1.527969526462778e-15
TUR.59.4_1,2063,9,albopictus,24.949127309462604,32.161254050321965,0.17436252119662995,0.05008307496082146,0.04977556073378986,0.05036673656735892,0,0,0,1,1,1,0.017285120341105076,0,0,0
TUR.59.4_1,2063,10,albopictus,17.76824625800638,45.58255546174045,0.1718269877327998,0.014158629201966694,0.01406980633180091,0.014244214076351437,0,0,0,1,1,1,0.016490929152094935,0,0,0
TUR.59.4_1,2063,11,albopictus,11.330357481451596,73.11657100398806,0.09966817554175042,1.4805486703910378e-6,1.3956430268246393e-6,1.5638991295028488e-6,0,0,0,1,1,1,0.009917313430794161,0,0,0
TUR.59.4_1,2063,12,albopictus,8.382178530973547,72.83224118388434,0.0819786392834149,0,0,0,0,0,0,1,1,1,0.007902030210098387,0,0,0
TUR.59.4_1,2064,1,albopictus,6.63514760399566,72.69058652137815,0.0744139897175756,0,0,0,0,0,0,1,1,1,0.00717548622624653,0,0,0
TUR.59.4_1,2064,2,albopictus,3.950380342848161,65.38009373447962,0.057651913278757384,0,0,0,0,0,0,1,1,1,0.005946241737409097,0,0,0
TUR.59.4_1,2064,3,albopictus,10.283811947878668,66.72408999653626,0.06833209871901404,0,0,0,0,0,0,1,1,1,0.006590967407958281,0,0,0
TUR.59.4_1,2064,4,albopictus,14.04247363875894,59.74298681197318,0.09035663249613612,0.0015211314724136603,0.0015033010686696707,0.001537681885292358,0,0,0,1,1,1,0.008994964317293186,0,0,0
TUR.59.4_1,2064,5,albopictus,20.228415629443,53.70795063367005,0.12629468042512554,0.035420399332537975,0.03525978127410319,0.03558001488636814,0,0,0,1,1,1,0.01214767975976283,0,0,0
TUR.59.4_1,2064,6,albopictus,22.614627922282498,54.473881283870305,0.14205257381150124,0.05857689367400634,0.05832942410917159,0.05881518572034246,2.2315482794965644e-16,2.220446049250313e-16,2.220446049250313e-16,0.9999999999999998,0.9999999999999998,0.9999999999999998,0.014104838765616301,3.1475628679987504e-18,3.131903351242538e-18,3.131903351242538e-18
TUR.59.4_1,2064,7,albopictus,25.498925713931815,48.50950679149232,0.16681720487048907,0.07159764763215032,0.07127745406852379,0.07191529413670056,7.42448325041778e-14,6.517009154549669e-14,8.404388296412435e-14,0.9999999999999257,0.999999999999916,0.9999999999999348,0.016013990945325074,1.18895607545908e-15,1.0436332559155902e-15,1.3458779807974475e-15
TUR.59.4_1,2064,8,albopictus,28.116498834946576,45.34499898005324,0.1980849154868899,0.06847276314042203,0.06809387943706213,0.06887373292896813,2.0873192063675104e-14,1.7763568394002505e-14,2.453870440177752e-14,0.9999999999999791,0.9999999999999755,0.9999999999999822,0.01898694136451773,3.9631807380331605e-16,3.372758315215259e-16,4.659149416377828e-16
TUR.59.4_1,2064,9,albopictus,22.65557300343233,49.709445120878605,0.15788324310749063,0.0544117113756095,0.05416880676074354,0.05466126517100085,0,0,0,1,1,1,0.01566434206667744,0,0,0
TUR.59.4_1,2064,10,albopictus,17.00633581946878,68.66362159333224,0.15558734692791185,0.013937626296987492,0.013865941339622313,0.014010021820954819,0,0,0,1,1,1,0.014944052593175772,0,0,0
TUR.59.4_1,2064,11,albopictus,11.897175718756284,69.5598693438318,0.09024837838512728,2.817531568531664e-5,2.725906813595936e-5,2.9061524815719395e-5,0,0,0,1,1,1,0.008984236222311037,0,0,0
TUR.59.4_1,2064,12,albopictus,6.565002665800207,66.14741147197027,0.07423070822088364,0,0,0,0,0,0,1,1,1,0.007157876422058673,0,0,0
TUR.59.4_1,2065,1,albopictus,5.934632333762505,79.26282925819456,0.07738128775551584,0,0,0,0,0,0,1,1,1,0.007460542673451087,0,0,0
TUR.59.4_1,2065,2,albopictus,8.265904444105486,70.92027775547571,0.05788354499966174,0,0,0,0,0,0,1,1,1,0.006182616873687485,0,0,0
TUR.59.4_1,2065,3,albopictus,9.727245709475348,66.85238589497376,0.07105687806798879,0,0,0,0,0,0,1,1,1,0.006852883237311924,0,0,0
TUR.59.4_1,2065,4,albopictus,12.4233597166398,69.57383550582084,0.09395965202698311,1.3861488474704192e-4,1.3564374980331334e-4,1.4159346628484241e-4,0,0,0,1,1,1,0.009351961049994362,0,0,0
TUR.59.4_1,2065,5,albopictus,15.807790896471808,70.23992542615052,0.13133074903064004,0.007404451913155695,0.007353723382029447,0.00745614474121484,0,0,0,1,1,1,0.012629003627671498,0,0,0
TUR.59.4_1,2065,6,albopictus,22.685968483195584,56.13045934783515,0.1477169969281087,0.06090293128048175,0.06063464580391265,0.06113952807566972,7.386313782831166e-16,6.661338147750939e-16,7.771561172376096e-16,0.9999999999999992,0.9999999999999992,0.9999999999999993,0.01466313336403191,1.0830650406624042e-17,9.767608964338533e-18,1.1395543791728288e-17
TUR.59.4_1,2065,7,albopictus,28.348081139957205,31.224381059070446,0.17346913102826586,0.04789615393472663,0.04751434202472702,0.04824756060631907,0,0,0,1,1,1,0.016647213136253836,0,0,0
TUR.59.4_1,2065,8,albopictus,27.685275919297162,43.347165728100116,0.205983658496109,0.06630897040116608,0.0659026039688027,0.06670071721262509,8.36175573226683e-15,6.994405055138486e-15,9.880984919163893e-15,0.9999999999999917,0.9999999999999901,0.999999999999993,0.019736535806591737,1.65032091415858e-16,1.38045325816547e-16,1.9501641266147114e-16
TUR.59.4_1,2065,9,albopictus,24.367298238417682,37.67494118411103,0.1641789227139,0.05362730932105636,0.05335633590351644,0.053912150554201496,0,0,0,1,1,1,0.01628385322677761,0,0,0
TUR.59.4_1,2065,10,albopictus,14.85874995063333,66.11870734772677,0.16179147643393235,0.003570807583986888,0.0035419760606751516,0.0036039297670487007,0,0,0,1,1,1,0.015535302308332666,0,0,0
TUR.59.4_1,2065,11,albopictus,11.544507910223569,71.58326869685915,0.0938470812248196,5.823624407002916e-6,5.587523011288239e-6,6.090861805008836e-6,0,0,0,1,1,1,0.009340809182785126,0,0,0
TUR.59.4_1,2065,12,albopictus,8.178025470060462,79.43789303935309,0.07719069781013581,0,0,0,0,0,0,1,1,1,0.007442235920016027,0,0,0
TUR.59.4_1,2066,1,albopictus,8.125273736960747,65.74244351600706,0.07552789285606602,0,0,0,0,0,0,1,1,1,0.007282504039509696,0,0,0
TUR.59.4_1,2066,2,albopictus,7.312295931227068,62.93260685703821,0.056497149526334924,0,0,0,0,0,0,1,1,1,0.006034981917369953,0,0,0
TUR.59.4_1,2066,3,albopictus,8.28816356378443,69.32383670063783,0.0693549620208156,0,0,0,0,0,0,1,1,1,0.006689296893778507,0,0,0
TUR.59.4_1,2066,4,albopictus,11.131496275172514,77.26609624800834,0.0917091810814608,2.7839820230359386e-7,2.5673816342782106e-7,3.006437756184521e-7,0,0,0,1,1,1,0.009128993498946136,0,0,0
TUR.59.4_1,2066,5,albopictus,16.51774611192591,61.15180591931458,0.12818518571094767,0.009844944132649462,0.009779634719218966,0.009908990900277284,0,0,0,1,1,1,0.012328392908946828,0,0,0
TUR.59.4_1,2066,6,albopictus,24.36251457999734,36.70197347747382,0.14417895903019218,0.052606217637530886,0.0523223816116574,0.05290040381589644,0,0,0,1,1,1,0.01431445576830448,0,0,0
TUR.59.4_1,2066,7,albopictus,27.712398080264823,36.15559825267396,0.16931429189357003,0.05600581782783924,0.05563140877496603,0.05635645720118626,1.0791367799356521e-16,0,1.1102230246251565e-16,0.9999999999999999,0.9999999999999999,1,0.016251745961582964,1.753785680531488e-18,0,1.804306255690831e-18
TUR.59.4_1,2066,8,albopictus,26.988675958970013,48.11005559016066,0.2010500489233026,0.074334209607143,0.07396002280576877,0.07471140253022877,2.157296563609634e-13,1.8640644583456378e-13,2.484734640262332e-13,0.9999999999997843,0.9999999999997515,0.9999999999998136,0.01926840110505812,4.156765549019396e-15,3.5917541669086656e-15,4.78768636882069e-15
TUR.59.4_1,2066,9,albopictus,22.541048162123737,53.04314720828095,0.16024659764176505,0.05653299880719084,0.05630442420739608,0.056764530898529925,1.1102230246251565e-16,1.1102230246251565e-16,1.1102230246251565e-16,0.9999999999999999,0.9999999999999999,0.9999999999999999,0.01589694799312369,1.7649157683234594e-18,1.7649157683234594e-18,1.7649157683234594e-18
TUR.59.4_1,2066,10,albopictus,16.602841938243195,61.679986644601776,0.15791633418837406,0.010368604535326464,0.010303751154567645,0.010434670114929597,0,0,0,1,1,1,0.015166045260943006,0,0,0
TUR.59.4_1,2066,11,albopictus,12.445908476324643,73.21287685115603,0.09159930651448037,1.5759920562352235e-4,1.5443731329939218e-4,1.6097307346825117e-4,0,0,0,1,1,1,0.009118106286857608,0,0,0
TUR.59.4_1,2066,12,albopictus,7.5515978196088005,73.4141656223609,0.07534186781833875,0,0,0,0,0,0,1,1,1,0.007264632558357631,0,0,0
TUR.59.4_1,2067,1,albopictus,8.774478944785454,76.27242703651487,0.0783338704854104,0,0,0,0,0,0,1,1,1,0.007552036128377848,0,0,0
TUR.59.4_1,2067,2,albopictus,6.5467105087111985,72.58061711094446,0.05859610570924779,0,0,0,0,0,0,1,1,1,0.006258487750980923,0,0,0
TUR.59.4_1,2067,3,albopictus,10.37368430810816,68.54175509663392,0.07193160575540654,0,0,0,0,0,0,1,1,1,0.006936950641713513,0,0,0
TUR.59.4_1,2067,4,albopictus,11.601732099757475,58.19001592574271,0.09511631850829826,5.265726199404988e-6,5.017716003998375e-6,5.513840070396464e-6,0,0,0,1,1,1,0.009466539361565496,0,0,0
TUR.59.4_1,2067,5,albopictus,15.818664691027472,65.58605579724427,0.1329474629295605,0.006998241398208569,0.006950875608503294,0.007047104790110911,0,0,0,1,1,1,0.012783471841656957,0,0,0
TUR.59.4_1,2067,6,albopictus,23.59836586783914,39.88733724700507,0.14953542957852137,0.05188803684805425,0.051609488973650024,0.052141223682740614,0,0,0,1,1,1,0.014842293946960128,0,0,0
TUR.59.4_1,2067,7,albopictus,27.43747475567986,31.779060929675914,0.1756045787983964,0.05101738973390991,0.050642878407758905,0.051366491736461795,0,0,0,1,1,1,0.016850408125190453,0,0,0
TUR.59.4_1,2067,8,albopictus,28.814971811631146,34.54526295710402,0.2085193681155177,0.05020570492679437,0.04983772416231109,0.05056574171828663,0,0,0,1,1,1,0.019977054375038383,0,0,0
TUR.59.4_1,2067,9,albopictus,24.70761501087862,39.1555014868454,0.16620000572926777,0.0566427860234338,0.05634666470827716,0.05693408957595307,1.1102230246251565e-16,1.1102230246251565e-16,1.1102230246251565e-16,0.9999999999999999,0.9999999999999999,0.9999999999999999,0.01648265033644647,1.8299417910368453e-18,1.8299417910368453e-18,1.8299417910368453e-18
TUR.59.4_1,2067,10,albopictus,18.673090542063996,49.391500163888885,0.16378316939699142,0.020956296844978684,0.020841077418631733,0.021063348040141646,0,0,0,1,1,1,0.015725034159388085,0,0,0
TUR.59.4_1,2067,11,albopictus,12.435734678717221,68.29703670223024,0.09500236193180686,1.3901721140105114e-4,1.3589825427690126e-4,1.4190303871137937e-4,0,0,0,1,1,1,0.009455251517041963,0,0,0
TUR.59.4_1,2067,12,albopictus,8.20782683877384,74.31148923075934,0.0781409343308146,0,0,0,0,0,0,1,1,1,0.007533505720502931,0,0,0
TUR.59.4_1,2068,1,albopictus,5.292027267463067,74.59988064979612,0.07516658468740847,0,0,0,0,0,0,1,1,1,0.0072477927610106185,0,0,0
TUR.59.4_1,2068,2,albopictus,7.328121202833513,78.65868870518274,0.05823498294212992,0,0,0,0,0,0,1,1,1,0.006006198817800623,0,0,0
TUR.59.4_1,2068,3,albopictus,9.077577492770025,69.54604281636048,0.06902318374172593,0,0,0,0,0,0,1,1,1,0.006657403583481325,0,0,0
TUR.59.4_1,2068,4,albopictus,11.894887769923491,69.46336950240287,0.09127046533006586,2.78549599050308e-5,2.704001535611351e-5,2.8721334477382977e-5,0,0,0,1,1,1,0.009085521473544689,0,0,0
TUR.59.4_1,2068,5,albopictus,16.330233714159796,75.14844898572083,0.12757197709427792,0.010738777880172476,0.010680452664085278,0.010800471969565243,0,0,0,1,1,1,0.01226978000145973,0,0,0
TUR.59.4_1,2068,6,albopictus,23.11343582938699,47.75569585906562,0.1434892398592175,0.05621741127529266,0.05597782631125407,0.0564394214699809,1.1102230246251565e-16,1.1102230246251565e-16,1.1102230246251565e-16,0.9999999999999999,0.9999999999999999,0.9999999999999999,0.014246468802094792,1.581675768368961e-18,1.581675768368961e-18,1.581675768368961e-18
TUR.59.4_1,2068,7,albopictus,27.316194085513846,37.90029200877748,0.16850433103780782,0.0590336885204844,0.05866379017250424,0.059388732938255105,3.1452618287630687e-16,2.220446049250313e-16,3.3306690738754696e-16,0.9999999999999997,0.9999999999999997,0.9999999999999998,0.01617463349645465,5.0873457330631335e-18,3.59149010452745e-18,5.3872351567911755e-18
TUR.59.4_1,2068,8,albopictus,27.24827755198759,41.03888859797316,0.20008827146284278,0.06348725598661516,0.06311881616278735,0.06382841676272348,2.419175970658216e-15,1.9984014443252818e-15,2.7755575615628914e-15,0.9999999999999976,0.9999999999999972,0.999999999999998,0.01917711502979924,4.639281586663884e-17,3.832357437354287e-17,5.3227186629920656e-17
TUR.59.4_1,2068,9,albopictus,24.91542636646944,38.80774224001923,0.1594800145618175,0.057062692381221955,0.056770779662609454,0.057393003664823874,1.1102230246251565e-16,1.1102230246251565e-16,1.1102230246251565e-16,0.9999999999999999,0.9999999999999999,0.9999999999999999,0.015821505426651616,1.7565399608900485e-18,1.7565399608900485e-18,1.7565399608900485e-18
TUR.59.4_1,2068,10,albopictus,15.737095440135283,52.45166938385959,0.1571608985559323,0.0055314038018990565,0.00549106156439586,0.005576703677587861,0,0,0,1,1,1,0.015094044694135222,0,0,0
TUR.59.4_1,2068,11,albopictus,11.818872381659116,71.81735377986696,0.09116111637788912,2.194176282915603e-5,2.1243292198141286e-5,2.2676733471832774e-5,0,0,0,1,1,1,0.009074685868309396,0,0,0
TUR.59.4_1,2068,12,albopictus,8.64513848809635,75.13090909159918,0.07498144955092381,0,0,0,0,0,0,1,1,1,0.007230006151800139,0,0,0
TUR.59.4_1,2069,1,albopictus,7.830763849265435,79.70058865760862,0.07955972477999533,0,0,0,0,0,0,1,1,1,0.0076697642998402316,0,0,0
TUR.59.4_1,2069,2,albopictus,5.731287973768572,69.43217961094446,0.059513081819128795,0,0,0,0,0,0,1,1,1,0.006356115515005922,0,0,0
TUR.59.4_1,2069,3,albopictus,12.071367642458746,58.52553881855775,0.07305727039172855,3.961468209889075e-5,3.847996871167248e-5,4.0713926246748274e-5,0,0,0,1,1,1,0.007045124358313393,0,0,0
TUR.59.4_1,2069,4,albopictus,12.741328085170073,69.15381444869193,0.09660480295067267,2.750266909464059e-4,2.701242655123564e-4,2.798757948183376e-4,0,0,0,1,1,1,0.009613967753630992,0,0,0
TUR.59.4_1,2069,5,albopictus,15.594365260180304,59.07985691418763,0.1350279705998246,0.005537160747074872,0.0054954432394062145,0.005580494984877208,0,0,0,1,1,1,0.01298221746806405,0,0,0
TUR.59.4_1,2069,6,albopictus,25.191978538737576,38.83055166350898,0.1518755239387965,0.05804797088937699,0.057758040867212646,0.05832843601310731,2.1471713296250527e-16,1.1102230246251565e-16,2.220446049250313e-16,0.9999999999999998,0.9999999999999998,0.9999999999999999,0.015072803174432714,3.2363890833223407e-18,1.6734173129898349e-18,3.3468346259796697e-18
TUR.59.4_1,2069,7,albopictus,27.746924905215995,37.614307969470836,0.17835263178920174,0.05788917480693988,0.057525679674172527,0.0582770449625722,1.8351986597053838e-16,1.1102230246251565e-16,2.220446049250313e-16,0.9999999999999998,0.9999999999999998,0.9999999999999999,0.017111832766099067,3.1403612557447677e-18,1.8997950730458365e-18,3.799590146091673e-18
TUR.59.4_1,2069,8,albopictus,27.360860712387982,46.37081685114699,0.21178250781900204,0.07145550093719509,0.0710759551461617,0.07185559781731883,7.02282676456889e-14,6.017408793468348e-14,8.204548151979907e-14,0.9999999999999297,0.999999999999918,0.9999999999999398,0.020286484720238418,1.424684678523082e-15,1.2207207154412394e-15,1.6644144072160073e-15
TUR.59.4_1,2069,9,albopictus,24.509500615737018,49.62524712283173,0.16880088564903642,0.06805716763135745,0.06776218424514427,0.06836531625329756,1.7528756224294283e-14,1.5432100042289676e-14,1.9875767698351862e-14,0.9999999999999825,0.99999999999998,0.9999999999999846,0.016738418126487575,2.9340365091950936e-16,2.583089430776312e-16,3.3268891031994905e-16
TUR.59.4_1,2069,10,albopictus,18.29053934882669,49.213121105050995,0.16634622801189067,0.018252013644455424,0.018154983436454906,0.0183467679774848,0,0,0,1,1,1,0.015969141409752585,0,0,0
TUR.59.4_1,2069,11,albopictus,12.765146185370053,66.10577541072634,0.09648906305672456,2.717402351592895e-4,2.6674653203869305e-4,2.769292037872643e-4,0,0,0,1,1,1,0.009602504969862036,0,0,0
TUR.59.4_1,2069,12,albopictus,8.8362715104047,71.9040108982398,0.07936376934890743,0,0,0,0,0,0,1,1,1,0.007650946137626735,0,0,0
TUR.59.4_1,2070,1,albopictus,7.72418454552398,75.6564678690344,0.07436488618001055,0,0,0,0,0,0,1,1,1,0.007170768357378177,0,0,0
TUR.59.4_1,2070,2,albopictus,4.833678263075212,66.58737675449915,0.055627185337045956,0,0,0,0,0,0,1,1,1,0.005942329673879421,0,0,0
TUR.59.4_1,2070,3,albopictus,9.826594731386969,72.9324487611847,0.06828700843707805,0,0,0,0,0,0,1,1,1,0.006586632583014396,0,0,0
TUR.59.4_1,2070,4,albopictus,13.367388571009917,61.40891088423881,0.09029700889155767,6.79448842584361e-4,6.69840153778002e-4,6.891586742299331e-4,0,0,0,1,1,1,0.008989055570439941,0,0,0
TUR.59.4_1,2070,5,albopictus,14.737033030566046,72.92768482556458,0.12621134239140286,0.0035587313200718933,0.0035290074297143702,0.0035879715248561764,0,0,0,1,1,1,0.01213971272731551,0,0,0
TUR.59.4_1,2070,6,albopictus,23.62888535331277,41.43103078948554,0.14195883762129238,0.05354831377643245,0.05327956561325419,0.053805714801240495,0,0,0,1,1,1,0.01409559731666754,0,0,0
TUR.59.4_1,2070,7,albopictus,27.42152932110955,40.11923274364076,0.16670712725044823,0.06198140286478335,0.061622773580921095,0.06235171183411706,1.220579193272897e-15,9.992007221626409e-16,1.4432899320127035e-15,0.9999999999999988,0.9999999999999986,0.999999999999999,0.016003508808394074,1.953354987088534e-17,1.5990717558483543e-17,2.3097703140031784e-17
TUR.59.4_1,2070,8,albopictus,28.50866687999052,41.916955614574725,0.19795420525181717,0.06181636431021534,0.06142059482596247,0.062211432690282155,1.1308731728831844e-15,8.881784197001252e-16,1.3322676295501878e-15,0.9999999999999989,0.9999999999999987,0.9999999999999991,0.018974532081435957,2.1457789298907255e-17,1.6852769918639117e-17,2.5279154877958675e-17
TUR.59.4_1,2070,9,albopictus,22.919910543105182,41.56648171145478,0.1577790607381775,0.04914574592344471,0.04891523432702606,0.049382419286818156,0,0,0,1,1,1,0.015654086971153225,0,0,0
TUR.59.4_1,2070,10,albopictus,17.040031040416046,59.81274573884006,0.1554846795509372,0.012559256262404905,0.012485518932860613,0.012631326741385547,0,0,0,1,1,1,0.014934265469365937,0,0,0
TUR.59.4_1,2070,11,albopictus,10.903052259893979,56.934068257406025,0.0901888262141573,3.170021463871254e-9,2.6514407639717935e-9,3.74091371668287e-9,0,0,0,1,1,1,0.008978334490718165,0,0,0
TUR.59.4_1,2070,12,albopictus,5.602208838743322,71.97388089335699,0.07418172562522606,0,0,0,0,0,0,1,1,1,0.007153170089843619,0,0,0
TUR.59.4_1,2071,1,albopictus,5.921708616263726,72.17459531044065,0.07891589784662825,0,0,0,0,0,0,1,1,1,0.007607934412465545,0,0,0
TUR.59.4_1,2071,2,albopictus,6.533301847822527,75.57251469395227,0.05903147978909678,0,0,0,0,0,0,1,1,1,0.006304841951593421,0,0,0
TUR.59.4_1,2071,3,albopictus,11.768631360110113,59.163421051223764,0.07246606374179927,1.245883788931543e-5,1.2005720678929093e-5,1.292695142742217e-5,0,0,0,1,1,1,0.006988312262902752,0,0,0
TUR.59.4_1,2071,4,albopictus,14.306585157618803,58.70932210860404,0.0958230408945035,0.001962037930208879,0.001940754215687079,0.001983210010563481,0,0,0,1,1,1,0.009536540105073543,0,0,0
TUR.59.4_1,2071,5,albopictus,17.387148043688605,60.025165599490364,0.13393527395625954,0.01476199871404409,0.014680672714129397,0.01484246463551431,0,0,0,1,1,1,0.012877839915456879,0,0,0
TUR.59.4_1,2071,6,albopictus,21.58431443046121,52.25136236297187,0.1506464906169565,0.04703723263019442,0.04684908626313579,0.04724787174994803,0,0,0,1,1,1,0.014951744900904007,0,0,0
TUR.59.4_1,2071,7,albopictus,27.404464272891776,36.71676310863099,0.1769093358464327,0.0573219400935395,0.05693789393641891,0.057708611779390684,1.1168843627729075e-16,1.1102230246251565e-16,1.1102230246251565e-16,0.9999999999999999,0.9999999999999999,0.9999999999999999,0.016974539451992676,1.895859767920242e-18,1.8845524532010356e-18,1.8845524532010356e-18
TUR.59.4_1,2071,8,albopictus,27.72302234874052,42.54367604304152,0.21006868486490127,0.06503062979609732,0.06465760822959564,0.06539229829662577,4.7996051577570144e-15,4.107825191113079e-15,5.553890680687343e-15,0.9999999999999952,0.9999999999999944,0.9999999999999959,0.020123982001768348,9.658716781029669e-17,8.266580021237023e-17,1.1176639609794104e-16
TUR.59.4_1,2071,9,albopictus,24.903549306532916,49.35860359866181,0.16743488599459327,0.06996774780196789,0.06964155955487723,0.07027796189360708,3.855604724378736e-14,3.3639757646142243e-14,4.363731598289177e-14,0.9999999999999615,0.9999999999999564,0.9999999999999664,0.016604095454353596,6.401882887784122e-16,5.58557747017867e-16,7.245581599517249e-16
TUR.59.4_1,2071,10,albopictus,20.2919755823472,42.75594871125217,0.16500009236154456,0.030447028330661093,0.03029648013477022,0.030609373830692687,0,0,0,1,1,1,0.015840942186718276,0,0,0
TUR.59.4_1,2071,11,albopictus,11.709545065374936,68.79482417781618,0.095708237610896807,1.2522230405390266e-5,1.2071336972602511e-5,1.2999436273250716e-5,0,0,0,1,1,1,0.009525169194053884,0,0,0
TUR.59.4_1,2071,12,albopictus,8.37170098809635,64.74824155009527,0.07872152815989307,0,0,0,0,0,0,1,1,1,0.007589267372234532,0,0,0
TUR.59.4_1,2072,1,albopictus,5.443079504020074,69.6068081400305,0.07964973213311577,0,0,0,0,0,0,1,1,1,0.007678407844576851,0,0,0
TUR.59.4_1,2072,2,albopictus,8.453375833875993,69.75436131260462,0.06170828183037318,0,0,0,0,0,0,1,1,1,0.006363283376083162,0,0,0
TUR.59.4_1,2072,3,albopictus,9.24829425531275,66.3478769228058,0.07313992140079562,0,0,0,0,0,0,1,1,1,0.0070530664609795846,0,0,0
TUR.59.4_1,2072,4,albopictus,11.717470968470854,72.50766576705131,0.09671409370848207,1.4411994796547189e-5,1.3941469314874205e-5,1.491403549857065e-5,0,0,0,1,1,1,0.00962479169848185,0,0,0
TUR.59.4_1,2072,5,albopictus,17.946242472704718,57.405578654910286,0.13518073018093837,0.017980179831747593,0.0178886896988504,0.01807903938182243,0,0,0,1,1,1,0.012996808626954959,0,0,0
TUR.59.4_1,2072,6,albopictus,26.75600823234109,28.383629361262884,0.1520473434611907,0.047957369996423756,0.047632080529251566,0.048291729705067475,0,0,0,1,1,1,0.01508972600110381,0,0,0
TUR.59.4_1,2072,7,albopictus,27.17270234051873,32.613724320789196,0.17855440534175995,0.05243547203381134,0.05209339450683272,0.05278388394149304,0,0,0,1,1,1,0.0171310249178116,0,0,0
TUR.59.4_1,2072,8,albopictus,27.79753864512724,39.236631060131366,0.2120221011939001,0.0600439044447713,0.05967683199462526,0.060415132450072614,4.89386309254769e-16,4.440892098500626e-16,5.551115123125783e-16,0.9999999999999996,0.9999999999999994,0.9999999999999996,0.020309200540845063,9.939044696599124e-18,9.019096820870348e-18,1.1273871026087935e-17
TUR.59.4_1,2072,9,albopictus,25.864555471083698,29.913512351103215,0.16899185313872636,0.049494398529230474,0.049177012907476385,0.04979120802259046,0,0,0,1,1,1,0.016757195046797846,0,0,0
TUR.59.4_1,2072,10,albopictus,20.234030330882355,48.747022319650604,0.16653441850307604,0.032902086587689804,0.032745402876254825,0.03305522732444389,0,0,0,1,1,1,0.015987062399849483,0,0,0
TUR.59.4_1,2072,11,albopictus,13.081965376349057,66.07901149471071,0.09659822287590222,4.7745403540810287e-4,4.6990103618533495e-4,4.852624988575594e-4,0,0,0,1,1,1,0.00961331607200222,0,0,0
TUR.59.4_1,2072,12,albopictus,4.948938117307775,66.0796700779273,0.07945355501411065,0,0,0,0,0,0,1,1,1,0.007659568556932839,0,0,0
TUR.59.4_1,2073,1,albopictus,6.727152379996636,68.53049893592893,0.07525593105461015,0,0,0,0,0,0,1,1,1,0.007256376479054305,0,0,0
TUR.59.4_1,2073,2,albopictus,6.512482183821062,79.58353916904993,0.05629371386857619,0,0,0,0,0,0,1,1,1,0.006013316546192526,0,0,0
TUR.59.4_1,2073,3,albopictus,8.807473561343024,65.69190921040345,0.06910522778756975,0,0,0,0,0,0,1,1,1,0.006665290440447502,0,0,0
TUR.59.4_1,2073,4,albopictus,12.148861730799956,63.46054662642631,0.09137895349064891,5.7174908267401155e-5,5.558979616720176e-5,5.8766177112765195e-5,0,0,0,1,1,1,0.009096271664138289,0,0,0
TUR.59.4_1,2073,5,albopictus,19.598096034106085,54.8610878407013,0.12772361485668934,0.03034607220752585,0.030211728918395103,0.03048071855492781,0,0,0,1,1,1,0.012284274462892264,0,0,0
TUR.59.4_1,2073,6,albopictus,24.371101463542264,39.177799740901555,0.14365979759264738,0.05520459519236552,0.05494239290833321,0.05547254583007335,1.1102230246251566e-19,0,0,1,1,1,0.014263281447518206,1.5835423469743543e-21,0,0
TUR.59.4_1,2073,7,albopictus,27.23234131756951,39.660782426257946,0.16870462282834991,0.06155203964539376,0.061190584481059906,0.06190587911982448,1.0004219674897285e-15,8.881784197001252e-16,1.2212453270876722e-15,0.999999999999999,0.9999999999999988,0.9999999999999991,0.016193702873988025,1.6200536090139173e-17,1.438289742771206e-17,1.9776483963104083e-17
TUR.59.4_1,2073,8,albopictus,27.727535135605756,43.95694508601027,0.20032610533874937,0.06716292199664001,0.0668116758654703,0.06757795843041305,1.2041478925084447e-14,1.0325074129013956e-14,1.432187701766452e-14,0.999999999999988,0.9999999999999857,0.9999999999999897,0.019199689567586886,2.311926572962612e-16,1.9823821803939052e-16,2.7497559276431587e-16
TUR.59.4_1,2073,9,albopictus,24.957019918105182,38.69354546267548,0.15966957964584555,0.0570919968816673,0.05679841362235688,0.05741787864577743,1.1102230246251565e-16,1.1102230246251565e-16,1.1102230246251565e-16,0.9999999999999999,0.9999999999999999,0.9999999999999999,0.015840161837723077,1.7586112386028892e-18,1.7586112386028892e-18,1.7586112386028892e-18
TUR.59.4_1,2073,10,albopictus,15.23436030219583,64.62574164948458,0.15734770703486636,0.004662232541705164,0.004624163391201887,0.004699101745662755,0,0,0,1,1,1,0.015111849899327234,0,0,0
TUR.59.4_1,2073,11,albopictus,10.383621145697202,70.13980251033571,0.09126947456141289,0,0,0,0,0,0,1,1,1,0.00908542329683959,0,0,0
TUR.59.4_1,2073,12,albopictus,6.517433867735021,77.30116665995855,0.07507057585821515,0,0,0,0,0,0,1,1,1,0.0072385688816670735,0,0,0
TUR.59.4_1,2074,1,albopictus,4.658285411841729,69.06052823280393,0.07809888157614664,0,0,0,0,0,0,1,1,1,0.007529466749381264,0,0,0
TUR.59.4_1,2074,2,albopictus,8.03994561994777,75.81288639805383,0.05842032689374441,0,0,0,0,0,0,1,1,1,0.006239771999104082,0,0,0
TUR.59.4_1,2074,3,albopictus,9.002924344118902,73.22936953755189,0.07171582260217653,0,0,0,0,0,0,1,1,1,0.0069162130436278835,0,0,0
TUR.59.4_1,2074,4,albopictus,14.696542585597319,51.266988887168495,0.09483098497631592,0.0025073002832581978,0.0024801132120217968,0.002533578558965293,0,0,0,1,1,1,0.009438275717251976,0,0,0
TUR.59.4_1,2074,5,albopictus,17.16823973375208,68.3513222157013,0.13254864209880607,0.014976623094129692,0.014905377346717673,0.015056980760669244,0,0,0,1,1,1,0.012745368927402412,0,0,0
TUR.59.4_1,2074,6,albopictus,24.3767071611741,43.98939947234687,0.14908684753763407,0.06051753471356902,0.06022723804240744,0.060778469711405304,6.156186671546493e-16,5.551115123125783e-16,6.661338147750939e-16,0.9999999999999993,0.9999999999999993,0.9999999999999994,0.01479810055031161,9.109986937203316e-18,8.214595975837075e-18,9.85751517100449e-18
TUR.59.4_1,2074,7,albopictus,28.675553826724784,34.82039317454896,0.17507779353708033,0.05116195367836749,0.05080215165682635,0.05152217436006746,0,0,0,1,1,1,0.016800286649430674,0,0,0
TUR.59.4_1,2074,8,albopictus,27.377971536972943,46.5933281426509,0.20789384382353268,0.07179729518654172,0.07139912182880528,0.07220727921542185,8.044409582907974e-14,6.849798506181059e-14,9.426071034823735e-14,0.9999999999999195,0.9999999999999057,0.9999999999999315,0.019917727273656816,1.602263561499524e-15,1.3643241852561622e-15,1.8774591213373524e-15
TUR.59.4_1,2074,9,albopictus,24.79121219410616,45.9677573462204,0.1657014326621649,0.06501350366969691,0.06470269489825355,0.06530640694475028,4.7576387274261835e-15,4.107825191113079e-15,5.440092820663267e-15,0.9999999999999952,0.9999999999999946,0.9999999999999959,0.016433613587879425,7.81851964372523e-17,6.75064118773093e-17,8.940038329697718e-17
TUR.59.4_1,2074,10,albopictus,19.176781261668488,55.93103950104709,0.16329184644698438,0.027152542519181283,0.027023822510857564,0.027273197120625054,0,0,0,1,1,1,0.015678233348720427,0,0,0
TUR.59.4_1,2074,11,albopictus,12.44353954932269,68.32769923885134,0.09471737025107542,1.4173371064343375e-4,1.3856318310246995e-4,1.4484100972380354e-4,0,0,0,1,1,1,0.009427021413505599,0,0,0
TUR.59.4_1,2074,12,albopictus,8.057267413419837,74.73324216044684,0.07790652419872916,0,0,0,0,0,0,1,1,1,0.007510991510104592,0,0,0
TUR.59.4_1,2075,1,albopictus,5.711345228202203,65.594723179093,0.07564197189145959,0,0,0,0,0,0,1,1,1,0.007293463487500151,0,0,0
TUR.59.4_1,2075,2,albopictus,4.9861893829177415,77.03385655186243,0.05658248409713691,0,0,0,0,0,0,1,1,1,0.006044069687776266,0,0,0
TUR.59.4_1,2075,3,albopictus,10.11151160913355,71.75726260395814,0.06945971732204147,0,0,0,0,0,0,1,1,1,0.00669936663905113,0,0,0
TUR.59.4_1,2075,4,albopictus,13.504860723719878,62.722440852500526,0.09184770070009288,8.399069950500275e-4,8.282811477432182e-4,8.511956650634183e-4,0,0,0,1,1,1,0.009142718911277381,0,0,0
TUR.59.4_1,2075,5,albopictus,16.010866305407355,60.56378559460755,0.12837879951089198,0.00734370915007846,0.007290789537691032,0.007392088262018397,0,0,0,1,1,1,0.01234689856005644,0,0,0
TUR.59.4_1,2075,6,albopictus,25.04063423942117,32.24996618377265,0.1443967301866252,0.050430820952615626,0.05014599834182475,0.05072375406721801,0,0,0,1,1,1,0.01433592092266367,0,0,0
TUR.59.4_1,2075,7,albopictus,29.24465706769158,30.374649613757946,0.16957002802451668,0.0430366907340467,0.042670056783095045,0.04340063364240788,0,0,0,1,1,1,0.016276092109248075,0,0,0
TUR.59.4_1,2075,8,albopictus,26.37014377818388,40.54054799128371,0.20135371945851413,0.06271659883667145,0.06239157718286994,0.06305720163331405,1.7070789226636406e-15,1.4432899320127035e-15,1.9984014443252818e-15,0.9999999999999983,0.999999999999998,0.9999999999999986,0.019297221903138873,3.2941880776811516e-17,2.7851486088615356e-17,3.8563596122698186e-17
TUR.59.4_1,2075,9,albopictus,21.935009114882526,57.636263968534855,0.16048863772249272,0.05484388076025376,0.0546155706898001,0.055069019888063224,0,0,0,1,1,1,0.015920766943080755,0,0,0
TUR.59.4_1,2075,10,albopictus,17.85279520820169,46.38834540925021,0.15815485458654574,0.014818478295714924,0.014731687973902688,0.014905167322204415,0,0,0,1,1,1,0.01518877754571235,0,0,0
TUR.59.4_1,2075,11,albopictus,11.04622166297015,74.80755763728884,0.09173766017608463,8.854035078739664e-8,8.077783714280857e-8,9.71194749341413e-8,0,0,0,1,1,1,0.009131815405843291,0,0,0
TUR.59.4_1,2075,12,albopictus,7.3599216797772575,71.63906491435309,0.0754556658773134,0,0,0,0,0,0,1,1,1,0.007275565210212331,0,0,0
TUR.81.6_1,2025,1,aegypti,5.779921812169691,80.47095238336914,1.3172110912425776e-4,0,0,0,0,0,0,1,1,1,1.2747122863587812e-5,0,0,0
TUR.81.6_1,2025,2,aegypti,4.760240375119098,77.69281993082922,9.853137584746186e-5,0,0,0,0,0,0,1,1,1,1.0556877402256859e-5,0,0,0
TUR.81.6_1,2025,3,aegypti,4.094910288558287,81.18496996974257,1.209554798260056e-4,0,0,0,0,0,0,1,1,1,1.1705300507869332e-5,0,0,0
TUR.81.6_1,2025,4,aegypti,8.359876674764298,78.46498834996325,1.599413751943062e-4,0,0,0,0,0,0,1,1,1,1.599400961393993e-5,0,0,0
TUR.81.6_1,2025,5,aegypti,13.871016586528105,77.55293363615462,2.2355575134768102e-4,0,0,0,0,0,0,1,1,1,2.1634193527186873e-5,0,0,0
TUR.81.6_1,2025,6,aegypti,18.970891980563895,80.33396819250854,2.514489902694609e-4,0.01282948474522354,0.012744671092265415,0.012913062265446874,0,0,0,1,1,1,2.5144582896596823e-5,0,0,0
TUR.81.6_1,2025,7,aegypti,22.26643960616168,72.40091830762508,2.952851651946776e-4,0.05023703902089,0.049996873058806957,0.0504863832820201,0,0,0,1,1,1,2.8575575439004908e-5,0,0,0
TUR.81.6_1,2025,8,aegypti,21.506611487444708,84.8764401841341,3.5063252041377135e-4,0.04755633580603979,0.047336244624811216,0.04777361047653161,0,0,0,1,1,1,3.3931603705017466e-5,0,0,0
TUR.81.6_1,2025,9,aegypti,17.44926379708683,83.55658835195622,2.7947105071483115e-4,0.004019992850895221,0.003987708952271042,0.004052123131792651,0,0,0,1,1,1,2.794671455474962e-5,0,0,0
TUR.81.6_1,2025,10,aegypti,15.611001968383789,79.31659173352973,2.7540705693683266e-4,2.080471913842581e-4,2.0548579677683325e-4,2.106416727100489e-4,0,0,0,1,1,1,2.6651940663313667e-5,0,0,0
TUR.81.6_1,2025,11,aegypti,9.46683285516851,80.64316960458311,1.5974975327451036e-4,0,0,0,0,0,0,1,1,1,1.597484772819513e-5,0,0,0
TUR.81.6_1,2025,12,aegypti,7.745657286223243,74.09463078580839,1.3139668031567157e-4,0,0,0,0,0,0,1,1,1,1.2715726926959547e-5,0,0,0
TUR.81.6_1,2026,1,aegypti,1.0630886975456684,83.3131078399121,1.4990742118232877e-4,0,0,0,0,0,0,1,1,1,1.4507064563407113e-5,0,0,0
TUR.81.6_1,2026,2,aegypti,2.372895299511798,82.21414408854406,1.1213528763188686e-4,0,0,0,0,0,0,1,1,1,1.201442292964039e-5,0,0,0
TUR.81.6_1,2026,3,aegypti,7.881332064376158,71.57740313624647,1.3765541589452407e-4,0,0,0,0,0,0,1,1,1,1.3321403130039933e-5,0,0,0
TUR.81.6_1,2026,4,aegypti,13.12348942195668,74.2710567703734,1.8202396908999484e-4,0,0,0,0,0,0,1,1,1,1.8202231246378098e-5,0,0,0
TUR.81.6_1,2026,5,aegypti,16.610295379863068,73.32482999845931,2.544213786067877e-4,0.001269985864637649,0.001256785221344463,0.0012823584217126359,0,0,0,1,1,1,2.462112063139621e-5,0,0,0
TUR.81.6_1,2026,6,aegypti,19.438379315768973,69.35413268225463,2.861657477742391e-4,0.014331681856275081,0.014244086948861739,0.014428431626335034,0,0,0,1,1,1,2.861616532712219e-5,0,0,0
TUR.81.6_1,2026,7,aegypti,23.933660675497617,64.38329059156062,3.360542431052165e-4,0.067779543272488793,0.06743964346198356,0.06814040384661106,1.5612067194581415e-14,1.3541945342865346e-14,1.8096635301390052e-14,0.9999999999999843,0.9999999999999819,0.9999999999999865,3.2520849550743414e-5,5.077176884110789e-19,4.403955671197143e-19,5.885179540111781e-19
TUR.81.6_1,2026,8,aegypti,23.712114951189825,63.97077001811847,3.9904323055998936e-4,0.0640032670571504,0.06365852875711336,0.06436640821410322,3.0475622025960546e-15,2.55351295663786e-15,3.552713678800501e-15,0.999999999999997,0.9999999999999964,0.9999999999999974,3.8616341198283166e-5,1.1768570183844062e-19,9.860732758776445e-20,1.3719280360036793e-19
TUR.81.6_1,2026,9,aegypti,22.72679065255558,72.34095114492497,3.1805672444084216e-4,0.05768244131858497,0.05740490061459233,0.05795743177914201,1.3011813848606834e-16,1.1102230246251565e-16,2.220446049250313e-16,0.9999999999999999,0.9999999999999998,0.9999999999999999,3.1805166649023775e-5,4.138429078610158e-21,3.531082831578633e-21,7.062165663157266e-21
TUR.81.6_1,2026,10,aegypti,14.929178237915039,80.08586358411567,3.1343162804580593e-4,1.0127349253763388e-5,9.955734532353528e-6,1.0290473705827915e-5,0,0,0,1,1,1,3.0331633023461535e-5,0,0,0
TUR.81.6_1,2026,11,aegypti,10.152120330754448,78.39503117684873,1.8180589054488095e-4,0,0,0,0,0,0,1,1,1,1.818042378853857e-5,0,0,0
TUR.81.6_1,2026,12,aegypti,6.793300947722266,79.59640080533964,1.495381995262422e-4,0,0,0,0,0,0,1,1,1,1.4471333953047782e-5,0,0,0
TUR.81.6_1,2027,1,aegypti,5.055871767156264,83.04572807916992,1.4270941537430554e-4,0,0,0,0,0,0,1,1,1,1.3810493218913145e-5,0,0,0
TUR.81.6_1,2027,2,aegypti,6.0958526721772035,85.36736521891515,1.0675096145715425e-4,0,0,0,0,0,0,1,1,1,1.143753760413091e-5,0,0,0
TUR.81.6_1,2027,3,aegypti,8.37680974076776,71.0414229116371,1.310457065465826e-4,0,0,0,0,0,0,1,1,1,1.2681762154853615e-5,0,0,0
TUR.81.6_1,2027,4,aegypti,10.618586582296036,75.98060572056872,1.7328384417572757e-4,0,0,0,0,0,0,1,1,1,1.732823428202135e-5,0,0,0
TUR.81.6_1,2027,5,aegypti,14.461651886210722,85.69834226652571,2.422049950118118e-4,0,0,0,0,0,0,1,1,1,2.343891836986689e-5,0,0,0
TUR.81.6_1,2027,6,aegypti,18.17627909604241,78.69822600500854,2.7242511573420837e-4,0.007113288262422185,0.007062827208338661,0.0071620379423630596,0,0,0,1,1,1,2.7242140499539325e-5,0,0,0
TUR.81.6_1,2027,7,aegypti,22.66223161360797,79.43972903760555,3.199181480766713e-4,0.0639713100315541,0.06366740880853423,0.06424406169936352,2.999822612537173e-15,2.6645352591003757e-15,3.3306690738754696e-15,0.999999999999997,0.9999999999999967,0.9999999999999973,3.095934153130031e-5,9.28725327948559e-20,8.24922571086803e-20,1.0311532138585037e-19
TUR.81.6_1,2027,8,aegypti,24.01403107362635,71.79520239116535,3.798826348498568e-4,0.079241618589849,0.07886066840719419,0.07964636714045681,1.3235492701824114e-12,1.1517398146310141e-12,1.5253354135325026e-12,0.9999999999986765,0.9999999999984747,0.9999999999988483,3.676215988590581e-5,4.8656529887319756e-17,4.2340443212428864e-17,5.607462435191612e-17
TUR.81.6_1,2027,9,aegypti,20.263560519498938,78.13656729482732,3.0278480440012903e-4,0.02529054525982937,0.02516504583155621,0.025422244240887546,0,0,0,1,1,1,3.0278022051466458e-5,0,0,0
TUR.81.6_1,2027,10,aegypti,13.713155746459961,82.48263024671333,2.9838178820933863e-4,0,0,0,0,0,0,1,1,1,2.8875240025705295e-5,0,0,0
TUR.81.6_1,2027,11,aegypti,9.050938346806694,77.30441685800108,1.7307623696433393e-4,0,0,0,0,0,0,1,1,1,1.7307473920369354e-5,0,0,0
TUR.81.6_1,2027,12,aegypti,7.002432188566993,82.28325230680448,1.4235792239104917e-4,0,0,0,0,0,0,1,1,1,1.3776478238081147e-5,0,0,0
TUR.81.6_1,2028,1,aegypti,4.397819322698256,80.6212361968457,1.3555681020973998e-4,0,0,0,0,0,0,1,1,1,1.3118314942217602e-5,0,0,0
TUR.81.6_1,2028,2,aegypti,5.974257289486774,81.04944071940344,1.0502204620687174e-4,0,0,0,0,0,0,1,1,1,1.0864290590828496e-5,0,0,0
TUR.81.6_1,2028,3,aegypti,7.814534807906432,77.15713030909804,1.2447768722577757e-4,0,0,0,0,0,0,1,1,1,1.2046155240530432e-5,0,0,0
TUR.81.6_1,2028,4,aegypti,9.097120327108048,79.1202236404906,1.6459884665446215e-4,0,0,0,0,0,0,1,1,1,1.6459749202279994e-5,0,0,0
TUR.81.6_1,2028,5,aegypti,15.797992790446562,77.82775968595931,2.3006566493564805e-4,3.223892782934219e-4,3.1848715183917324e-4,3.2637323111352375e-4,0,0,0,1,1,1,2.226417133699421e-5,0,0,0
TUR.81.6_1,2028,6,aegypti,19.068519620334403,83.89037230627807,2.5877115124527036e-4,0.014408988270704767,0.014333603937329775,0.01449185161081786,0,0,0,1,1,1,2.5876780314848524e-5,0,0,0
TUR.81.6_1,2028,7,aegypti,21.12739579817828,82.04809695752742,3.0388382972304544e-4,0.039241983215691834,0.03905062768034786,0.03941457018888466,0,0,0,1,1,1,2.9407680139592607e-5,0,0,0
TUR.81.6_1,2028,8,aegypti,23.11370339113123,74.1935788560091,3.608428925257139e-4,0.0663773742542358,0.06604572563073605,0.06667902038218981,8.601341860980938e-15,7.438494264988549e-15,9.769962616701378e-15,0.9999999999999915,0.9999999999999902,0.9999999999999926,3.491967021596043e-5,3.003560212001897e-19,2.597497666367131e-19,3.411638725974739e-19
TUR.81.6_1,2028,9,aegypti,18.236417041105383,74.93612021230778,2.876092103440255e-4,0.0070342677877686,0.0069805290461935265,0.007085877646219696,0,0,0,1,1,1,2.876050744304859e-5,0,0,0
TUR.81.6_1,2028,10,aegypti,15.033516883850098,74.65061425550239,2.834268736106017e-4,1.9469970985582512e-5,1.91242043222995e-5,1.9811668741753096e-5,0,0,0,1,1,1,2.7428030968335015e-5,0,0,0
TUR.81.6_1,2028,11,aegypti,10.37286255640142,82.82196446542295,1.6440164472998332e-4,0,0,0,0,0,0,1,1,1,1.6440029334208184e-5,0,0,0
TUR.81.6_1,2028,12,aegypti,4.911677202757667,83.48388249479277,1.352229340776266e-4,0,0,0,0,0,0,1,1,1,1.3086004772122628e-5,0,0,0
TUR.81.6_1,2029,1,aegypti,0.51829378043904,82.03407036432617,1.279821415562858e-4,0,0,0,0,0,0,1,1,1,1.2385291839334123e-5,0,0,0
TUR.81.6_1,2029,2,aegypti,2.6615820518311337,80.40381083659094,9.573451495575935e-5,0,0,0,0,0,0,1,1,1,1.0257216853881701e-5,0,0,0
TUR.81.6_1,2029,3,aegypti,6.060286188826842,77.21100909327772,1.1752209986705538e-4,0,0,0,0,0,0,1,1,1,1.1373041765239122e-5,0,0,0
TUR.81.6_1,2029,4,aegypti,8.898010295980118,75.14293634801012,1.5540136168694791e-4,0,0,0,0,0,0,1,1,1,1.554001542136696e-5,0,0,0
TUR.81.6_1,2029,5,aegypti,15.861232841716093,82.92502683683821,2.172100129198784e-4,4.0519201022638676e-4,4.005625823916715e-4,4.098882673302001e-4,0,0,0,1,1,1,2.102010290550016e-5,0,0,0
TUR.81.6_1,2029,6,aegypti,21.089427976047293,79.14705565588744,2.443114887264856e-4,0.03688969802975245,0.03669978405820578,0.03707442614489268,0,0,0,1,1,1,2.4430850434575824e-5,0,0,0
TUR.81.6_1,2029,7,aegypti,22.140852142782773,72.65455752881648,2.869033525656583e-4,0.0484734221691602,0.04823615305527214,0.048704274853556835,0,0,0,1,1,1,2.7764455131196186e-5,0,0,0
TUR.81.6_1,2029,8,aegypti,24.220659873064825,70.55978216411457,3.4067964626307895e-4,0.08098650755467182,0.08061491603432797,0.08136434890327697,2.4527518904804423e-12,2.148339839358471e-12,2.791977760097097e-12,0.9999999999975473,0.999999999997208,0.9999999999978517,3.296845455402764e-5,8.086343923360984e-17,7.082744436049678e-17,9.204719189961703e-17
TUR.81.6_1,2029,9,aegypti,19.81766627816593,79.04799765371403,2.715381293952568e-4,0.020533416856919885,0.02042580246035386,0.02064144063039318,0,0,0,1,1,1,2.7153444278060768e-5,0,0,0
TUR.81.6_1,2029,10,aegypti,14.380169868469238,80.7068428931977,2.675894940517067e-4,0,0,0,0,0,0,1,1,1,2.589542219666452e-5,0,0,0
TUR.81.6_1,2029,11,aegypti,10.48591301721685,78.27186223153623,1.552151790482832e-4,0,0,0,0,0,0,1,1,1,1.5521397446649488e-5,0,0,0
TUR.81.6_1,2029,12,aegypti,3.972173056181739,84.30119664274198,1.2766692181678113e-4,0,0,0,0,0,0,1,1,1,1.2354787080615104e-5,0,0,0
TUR.81.6_1,2030,1,aegypti,4.07062987720265,78.56641899713867,1.5119593775999427e-4,0,0,0,0,0,0,1,1,1,1.4631757899286058e-5,0,0,0
TUR.81.6_1,2030,2,aegypti,4.965065299588092,74.78556285075109,1.1309913702583542e-4,0,0,0,0,0,0,1,1,1,1.2117691261526176e-5,0,0,0
TUR.81.6_1,2030,3,aegypti,6.897886419997496,80.69971758937147,1.388386213955366e-4,0,0,0,0,0,0,1,1,1,1.3435905356296018e-5,0,0,0
TUR.81.6_1,2030,4,aegypti,10.869403881185196,74.73730432896716,1.835885407426528e-4,0,0,0,0,0,0,1,1,1,1.8358685551556064e-5,0,0,0
TUR.81.6_1,2030,5,aegypti,16.43534191916971,76.78021329924056,2.566082360782976e-4,0.0010392181926442469,0.0010294033602079719,0.0010490163703167743,0,0,0,1,1,1,2.483274676656766e-5,0,0,0
TUR.81.6_1,2030,6,aegypti,19.482460050021903,74.52398589270385,2.8862546128981395e-4,0.015942877299140686,0.015848632021808164,0.01603590294541531,0,0,0,1,1,1,2.8862129609730225e-5,0,0,0
TUR.81.6_1,2030,7,aegypti,23.61794870039996,73.53804141553523,3.3894276896885095e-4,0.07461553559579587,0.07427421082983557,0.0749895994443891,2.4010482491121366e-13,2.1027624086400465e-13,2.761207928969611e-13,0.9999999999997599,0.9999999999997239,0.9999999999997897,3.2800375181940566e-5,7.875528340081957e-18,6.897139592187455e-18,9.056865602555234e-18
TUR.81.6_1,2030,8,aegypti,24.273762366350958,67.18601812602863,4.024731729452724e-4,0.07681872986188036,0.07643622135203373,0.0772239698029288,5.487654775038209e-13,4.749506343770803e-13,6.354028414534696e-13,0.9999999999994512,0.9999999999993646,0.999999999999525,3.8948258233584276e-5,2.1373459527495e-17,1.84984999559232e-17,2.4747833951282942e-17
TUR.81.6_1,2030,9,aegypti,19.51525805978214,75.33462637685857,3.2079055415285863e-4,0.016446671885917166,0.016348150069776364,0.016552578324321943,0,0,0,1,1,1,3.207854088793649e-5,0,0,0
TUR.81.6_1,2030,10,aegypti,15.28196907043457,83.1311821876313,3.1612570313239226e-4,7.710324618905868e-5,7.598817933484094e-5,7.822242602859181e-5,0,0,0,1,1,1,3.059234202529293e-5,0,0,0
TUR.81.6_1,2030,11,aegypti,9.96853421014898,74.96722813729795,1.8336858772182325e-4,0,0,0,0,0,0,1,1,1,1.833669065298693e-5,0,0,0
TUR.81.6_1,2030,12,aegypti,8.732701620634863,74.13631016813261,1.5082354249034712e-4,0,0,0,0,0,0,1,1,1,1.4595720174037652e-5,0,0,0
TUR.81.6_1,2031,1,aegypti,8.165344518773695,76.88197075495117,1.4463673481771768e-4,0,0,0,0,0,0,1,1,1,1.3997005410493202e-5,0,0,0
TUR.81.6_1,2031,2,aegypti,0.7662644973572568,80.97381816080969,1.0819265472651339e-4,0,0,0,0,0,0,1,1,1,1.1592002961524628e-5,0,0,0
TUR.81.6_1,2031,3,aegypti,6.5651237017968125,75.01600176905897,1.328155052493554e-4,0,0,0,0,0,0,1,1,1,1.2853030810333621e-5,0,0,0
TUR.81.6_1,2031,4,aegypti,9.156615299337052,80.3790127029906,1.7562407744788495e-4,0,0,0,0,0,0,1,1,1,1.75622535265596e-5,0,0,0
TUR.81.6_1,2031,5,aegypti,16.69314869712381,79.98850339933821,2.4547602232947996e-4,0.001586802007745384,0.0015722996315393597,0.001602060868134424,0,0,0,1,1,1,2.3755461930896615e-5,0,0,0
TUR.81.6_1,2031,6,aegypti,20.86675646725823,70.64131072180541,2.761042718785399e-4,0.029328798857672943,0.029168354552572093,0.02948987878016026,0,0,0,1,1,1,2.7610046023474055e-5,0,0,0
TUR.81.6_1,2031,7,aegypti,21.77236001631793,73.63641482862117,3.2423870720356114e-4,0.04354689201399397,0.043339334953282224,0.043756389727034,0,0,0,1,1,1,3.137744712444768e-5,0,0,0
TUR.81.6_1,2031,8,aegypti,25.303776404436896,68.13967336894855,3.850130264672594e-4,0.09451397564691315,0.09404769640831666,0.09498974849918464,1.917389497174682e-10,1.6645897993328162e-10,2.20270951478696e-10,0.999999999808261,0.999999999779729,0.9999999998335409,3.725863102199689e-5,7.143930780068362e-15,6.202033713632125e-15,8.206994106008915e-15
TUR.81.6_1,2031,9,aegypti,18.87248347787296,75.0325099828156,3.0687397426435635e-4,0.01108957701476811,0.011017133287609135,0.01115894623997978,0,0,0,1,1,1,3.0686926573042506e-5,0,0,0
TUR.81.6_1,2031,10,aegypti,16.89408779144287,77.07890557630317,3.024114944516885e-4,0.0019635660517790987,0.0019448412098897585,0.001980864469852641,0,0,0,1,1,1,2.9265200261030522e-5,0,0,0
TUR.81.6_1,2031,11,aegypti,7.826132038060356,85.02840062264951,1.7541366645922081e-4,0,0,0,0,0,0,1,1,1,1.754121279706755e-5,0,0,0
TUR.81.6_1,2031,12,aegypti,6.080566248472999,80.71471745573027,1.4428049485081573e-4,0,0,0,0,0,0,1,1,1,1.3962531056899152e-5,0,0,0
TUR.81.6_1,2032,1,aegypti,3.854997676961562,81.78128563532226,1.2757269203973647e-4,0,0,0,0,0,0,1,1,1,1.234566818253402e-5,0,0,0
TUR.81.6_1,2032,2,aegypti,2.041742383557208,83.19729075602453,9.883638555231773e-5,0,0,0,0,0,0,1,1,1,1.0224401408298611e-5,0,0,0
TUR.81.6_1,2032,3,aegypti,1.133142734275145,84.01424700831679,1.171461148554804e-4,0,0,0,0,0,0,1,1,1,1.1336656532079381e-5,0,0,0
TUR.81.6_1,2032,4,aegypti,10.0706224862267,78.6879497757445,1.549041906626152e-4,0,0,0,0,0,0,1,1,1,1.5490299090314963e-5,0,0,0
TUR.81.6_1,2032,5,aegypti,15.548527801738066,79.6366433529515,2.1651509928819325e-4,1.7598219813213294e-4,1.736487669437081e-4,1.7830569008265041e-4,0,0,0,1,1,1,2.0952854610567506e-5,0,0,0
TUR.81.6_1,2032,6,aegypti,21.32117655697991,69.85712340491088,2.4352987013712544e-4,0.03468817034203359,0.03451146497422375,0.034875019909433314,0,0,0,1,1,1,2.4352690482176698e-5,0,0,0
TUR.81.6_1,2032,7,aegypti,23.374651123495664,71.17324191602351,2.8598547107394455e-4,0.06731166644737774,0.06698167419091018,0.06763936896036073,1.2812417793384156e-14,1.1102230246251565e-14,1.4654943925052066e-14,0.9999999999999872,0.9999999999999853,0.9999999999999889,2.7675630352441694e-5,3.545917387707466e-19,3.0726122038295604e-19,4.0558481090550197e-19
TUR.81.6_1,2032,8,aegypti,22.966854712542364,73.06426824809894,3.395897198501874e-4,0.06251548931197322,0.06219853011901547,0.06280406573121859,1.5563106359195445e-15,1.3322676295501878e-15,1.7763568394002505e-15,0.9999999999999984,0.9999999999999982,0.9999999999999987,3.2862981276249315e-5,5.114500728825165e-20,4.378228616486088e-20,5.837638155314784e-20
TUR.81.6_1,2032,9,aegypti,18.985997424406165,88.98210257314763,2.706694054119446e-4,0.014764708394878198,0.014685544402580148,0.014844298073420524,0,0,0,1,1,1,2.7066574234901886e-5,0,0,0
TUR.81.6_1,2032,10,aegypti,15.152314186096191,89.5906319556977,2.6673340282178326e-4,4.930922811275674e-5,4.8642474173915755e-5,4.997706572295422e-5,0,0,0,1,1,1,2.5812576800232634e-5,0,0,0
TUR.81.6_1,2032,11,aegypti,5.37314389032476,85.54476567391904,1.5471860367261258e-4,0,0,0,0,0,0,1,1,1,1.5471740678618673e-5,0,0,0
TUR.81.6_1,2032,12,aegypti,8.055064520415137,78.09398991666777,1.2725848077351076e-4,0,0,0,0,0,0,1,1,1,1.2315261015638512e-5,0,0,0
TUR.81.6_1,2033,1,aegypti,2.3956373158623188,83.6246541655957,1.4709783348365997e-4,0,0,0,0,0,0,1,1,1,1.4235172887011593e-5,0,0,0
TUR.81.6_1,2033,2,aegypti,2.542660295086749,82.04480204752844,1.1003363100786928e-4,0,0,0,0,0,0,1,1,1,1.1789248114291162e-5,0,0,0
TUR.81.6_1,2033,3,aegypti,6.7222844607689805,80.52648455714491,1.350754571433026e-4,0,0,0,0,0,0,1,1,1,1.3071732997360641e-5,0,0,0
TUR.81.6_1,2033,4,aegypti,10.608138126485489,76.71916162877184,1.7861244816338173e-4,0,0,0,0,0,0,1,1,1,1.786108530521524e-5,0,0,0
TUR.81.6_1,2033,5,aegypti,14.619978988871855,77.50701231047103,2.4965297441455913e-4,0,0,0,0,0,0,1,1,1,2.4159673416290772e-5,0,0,0
TUR.81.6_1,2033,6,aegypti,21.33835986081292,70.22054198401244,2.808023857846484e-4,0.03513007783688051,0.03494186477540967,0.035309706143903385,0,0,0,1,1,1,2.8079844332284942e-5,0,0,0
TUR.81.6_1,2033,7,aegypti,21.400905777426328,84.92497378858211,3.297558633447809e-4,0.04573042535819205,0.04553092520773267,0.04592947889369125,0,0,0,1,1,1,3.1911348565172304e-5,0,0,0
TUR.81.6_1,2033,8,aegypti,22.457728049334357,75.48289312602863,3.915643016118703e-4,0.05621154151605162,0.05594168679159801,0.05648097827634176,1.1102230246251565e-16,1.1102230246251565e-16,1.1102230246251565e-16,0.9999999999999999,0.9999999999999999,0.9999999999999999,3.789260156805696e-5,4.206923872380415e-21,4.206923872380415e-21,4.206923872380415e-21
TUR.81.6_1,2033,9,aegypti,19.865601764005774,70.12297934316716,3.1209565691383157e-4,0.018285296178386867,0.018171332094692603,0.018394455086976968,0,0,0,1,1,1,3.120907867792955e-5,0,0,0
TUR.81.6_1,2033,10,aegypti,16.18439292907715,77.74740075452583,3.0755724477921526e-4,6.990631248456148e-4,6.917742961904979e-4,7.065561797674946e-4,0,0,0,1,1,1,2.97631614017968e-5,0,0,0
TUR.81.6_1,2033,11,aegypti,12.731919982854057,76.83368321542295,1.7839845687954464e-4,0,0,0,0,0,0,1,1,1,1.7839686558884793e-5,0,0,0
TUR.81.6_1,2033,12,aegypti,8.766747793730566,81.02138096891386,1.4673553183603495e-4,0,0,0,0,0,0,1,1,1,1.4200111935758208e-5,0,0,0
TUR.81.6_1,2034,1,aegypti,5.12805871402516,74.63069664606445,1.497344775506244e-4,0,0,0,0,0,0,1,1,1,1.449032832556707e-5,0,0,0
TUR.81.6_1,2034,2,aegypti,4.15935403020943,81.02822337321203,1.1200592056164897e-4,0,0,0,0,0,0,1,1,1,1.2000562338521092e-5,0,0,0
TUR.81.6_1,2034,3,aegypti,4.796331549392027,79.57074267482069,1.3749660702861994e-4,0,0,0,0,0,0,1,1,1,1.330603473481684e-5,0,0,0
TUR.81.6_1,2034,4,aegypti,8.794178051107071,82.60788690953356,1.8181397357393974e-4,0,0,0,0,0,0,1,1,1,1.8181232076752707e-5,0,0,0
TUR.81.6_1,2034,5,aegypti,16.66332634757547,73.75842374845931,2.541278604016684e-4,0.0013768399315185799,0.0013621029848022222,0.0013910819036818765,0,0,0,1,1,1,2.459271634269733e-5,0,0,0
TUR.81.6_1,2034,6,aegypti,20.162706403171317,72.74683287756713,2.8583560705606017e-4,0.022123734885274502,0.021997314080328075,0.022241470155452494,0,0,0,1,1,1,2.8583152199557205e-5,0,0,0
TUR.81.6_1,2034,7,aegypti,21.417879272909726,77.74681979688289,3.356665475475589e-4,0.04098615892415074,0.04079050914317248,0.04118382275746158,0,0,0,1,1,1,3.2483331845245544e-5,0,0,0
TUR.81.6_1,2034,8,aegypti,23.30756249147303,80.98029150249347,3.9858286652360084e-4,0.07874078198556712,0.078421642075871,0.07907075929204657,1.1049544612617979e-12,9.831524483416843e-13,1.2419149042486312e-12,0.999999999998895,0.9999999999987581,0.9999999999990168,3.8571791559305346e-5,4.26200731623146e-17,3.792195130845616e-17,4.790288282107286e-17
TUR.81.6_1,2034,9,aegypti,20.87367557076847,75.42516440176091,3.1768979207299163e-4,0.031802629939177,0.03164624363486196,0.03197088772231985,0,0,0,1,1,1,3.176847457864174e-5,0,0,0
TUR.81.6_1,2034,10,aegypti,14.827462196350098,83.93862389905708,3.1307003151097307e-4,3.7054155114349194e-6,3.6459194526165616e-6,3.766977378299823e-6,0,0,0,1,1,1,3.0296640871174674e-5,0,0,0
TUR.81.6_1,2034,11,aegypti,9.710333564702202,78.22177525643858,1.8159614661940953e-4,0,0,0,0,0,0,1,1,1,1.8159449777122028e-5,0,0,0
TUR.81.6_1,2034,12,aegypti,5.772948107298682,82.40387303434355,1.4936568185433094e-4,0,0,0,0,0,0,1,1,1,1.4454638936012287e-5,0,0,0
TUR.81.6_1,2035,1,aegypti,5.435592455022475,83.32937370905273,1.448453991644034e-4,0,0,0,0,0,0,1,1,1,1.4017198451510282e-5,0,0,0
TUR.81.6_1,2035,2,aegypti,6.579292117672809,78.92614970377844,1.0834874197255885e-4,0,0,0,0,0,0,1,1,1,1.1608726400935687e-5,0,0,0
TUR.81.6_1,2035,3,aegypti,6.2665044314721055,79.97748095607069,1.330071153591074e-4,0,0,0,0,0,0,1,1,1,1.2871573485617738e-5,0,0,0
TUR.81.6_1,2035,4,aegypti,10.51362614070668,79.25569116978747,1.758774465759224e-4,0,0,0,0,0,0,1,1,1,1.758758999415022e-5,0,0,0
TUR.81.6_1,2035,5,aegypti,15.178305710063261,74.95159238859603,2.4583016537544234e-4,4.262482034770203e-5,4.201520944257611e-5,4.3291865636762496e-5,0,0,0,1,1,1,2.3789733023860116e-5,0,0,0
TUR.81.6_1,2035,6,aegypti,20.86305239621331,72.95394805090697,2.765026016498894e-4,0.030416869936700397,0.03025773314917426,0.03058798754116763,0,0,0,1,1,1,2.7649877900048914e-5,0,0,0
TUR.81.6_1,2035,7,aegypti,23.023061920614804,75.57975131543758,3.247064795028607e-4,0.0663633578992379,0.06604407587180583,0.0666752572929786,8.548384222706318e-15,7.438494264988549e-15,9.769962616701378e-15,0.9999999999999915,0.9999999999999902,0.9999999999999926,3.142271399003693e-5,2.686134325070448e-19,2.3373767780526516e-19,3.069987409979602e-19
TUR.81.6_1,2035,8,aegypti,23.221394202288458,68.64854254009113,3.855684765867228e-4,0.06186314210714772,0.061539056198467085,0.062177075851639264,1.1526335441658375e-15,9.992007221626409e-16,1.3322676295501878e-15,0.9999999999999989,0.9999999999999987,0.999999999999999,3.731238225512801e-5,4.30075033999987e-20,3.728255929493241e-20,4.971007905990988e-20
TUR.81.6_1,2035,9,aegypti,21.501981005949133,75.711198032132,3.0731669483209754e-4,0.04089772655955429,0.040705839699643025,0.041106002473220715,0,0,0,1,1,1,3.0731197270261745e-5,0,0,0
TUR.81.6_1,2035,10,aegypti,15.967299461364746,64.752874845102,3.0284777709454233e-4,3.6988083110291956e-4,3.650378922170597e-4,3.7509565125130813e-4,0,0,0,1,1,1,2.930741992546171e-5,0,0,0
TUR.81.6_1,2035,11,aegypti,9.672895172063042,76.92522069100889,1.7566673203179192e-4,0,0,0,0,0,0,1,1,1,1.7566518910050455e-5,0,0,0
TUR.81.6_1,2035,12,aegypti,8.99779160934336,79.85176426969511,1.444886452576642e-4,0,0,0,0,0,0,1,1,1,1.3982674363255398e-5,0,0,0
TUR.81.6_1,2036,1,aegypti,6.585394662969252,85.35133110651367,1.600541746635326e-4,0,0,0,0,0,0,1,1,1,1.5488993721390898e-5,0,0,0
TUR.81.6_1,2036,2,aegypti,6.214978992062457,82.76127085856359,1.2400127224230356e-4,0,0,0,0,0,0,1,1,1,1.2827635543333216e-5,0,0,0
TUR.81.6_1,2036,3,aegypti,5.4863296992638535,81.47029406642226,1.4697287035687177e-4,0,0,0,0,0,0,1,1,1,1.4223079853326048e-5,0,0,0
TUR.81.6_1,2036,4,aegypti,13.012435955159805,76.52270471959216,1.9434458889293335e-4,0,0,0,0,0,0,1,1,1,1.9434270041474022e-5,0,0,0
TUR.81.6_1,2036,5,aegypti,15.696760261760039,79.7336663632054,2.7164234731340845e-4,2.617804317516123e-4,2.5830872207687063e-4,2.650123993770552e-4,0,0,0,1,1,1,2.6287623569265506e-5,0,0,0
TUR.81.6_1,2036,6,aegypti,21.31718066159417,82.07844451086791,3.055353912150259e-4,0.042307731743189234,0.042110943320185466,0.04249086040369643,0,0,0,1,1,1,3.0553072366878986e-5,0,0,0
TUR.81.6_1,2036,7,aegypti,24.03047769209918,70.17556125196101,3.588006791002287e-4,0.0771752756309415,0.07677881705375922,0.07754556716972377,6.256826168282714e-13,5.392242208301923e-13,7.14880932228823e-13,0.9999999999993743,0.9999999999992851,0.9999999999994608,3.4722043540380554e-5,2.1724979063970482e-17,1.8722966873693715e-17,2.4822126855037032e-17
TUR.81.6_1,2036,8,aegypti,23.980805060442755,66.7006246018587,4.2605318948597684e-4,0.07153886282314599,0.07115568688438441,0.07190375165409783,7.257183742837014e-14,6.21697138214472e-14,8.360534486939741e-14,0.9999999999999274,0.9999999999999164,0.9999999999999378,4.12301038371643e-5,2.9921443928255075e-18,2.5632637563850568e-18,3.4470570503071865e-18
TUR.81.6_1,2036,9,aegypti,19.97257350472843,70.32867926382146,3.395849660081172e-4,0.01937809321436736,0.01925748103449173,0.019494406669275568,0,0,0,1,1,1,3.3957920017591015e-5,0,0,0
TUR.81.6_1,2036,10,aegypti,16.642136573791504,83.48265313489692,3.346468116431879e-4,0.0015641991022428985,0.001549486861311046,0.0015781429410317053,0,0,0,1,1,1,3.238465092614273e-5,0,0,0
TUR.81.6_1,2036,11,aegypti,12.28250668329351,86.44903966073545,1.941117493091774e-4,0,0,0,0,0,0,1,1,1,1.941098653523987e-5,0,0,0
TUR.81.6_1,2036,12,aegypti,8.150489172514746,80.45720250211698,1.5965996157543637e-4,0,0,0,0,0,0,1,1,1,1.545084465792712e-5,0,0,0
TUR.81.6_1,2037,1,aegypti,2.9237506810356586,85.70323692926758,1.5965245747947865e-4,0,0,0,0,0,0,1,1,1,1.5450118466264762e-5,0,0,0
TUR.81.6_1,2037,2,aegypti,9.757138072567829,74.51740489176672,1.1942486969223716e-4,0,0,0,0,0,0,1,1,1,1.2795439890411764e-5,0,0,0
TUR.81.6_1,2037,3,aegypti,8.20278515885858,74.90493304347304,1.466039857105562e-4,0,0,0,0,0,0,1,1,1,1.4187381846220148e-5,0,0,0
TUR.81.6_1,2037,4,aegypti,10.387953800313614,83.26135980992419,1.9385680679571336e-4,0,0,0,0,0,0,1,1,1,1.9385492778467572e-5,0,0,0
TUR.81.6_1,2037,5,aegypti,16.73299416373758,79.41580289884993,2.7096055691923755e-4,0.0016580824722860626,0.0016414316242226704,0.0016740845628484648,0,0,0,1,1,1,2.6221645585966513e-5,0,0,0
TUR.81.6_1,2037,6,aegypti,19.814256696140067,81.65164855139525,3.047685332605505e-4,0.021340426261395748,0.021224716090189395,0.02145256801910834,0,0,0,1,1,1,3.0476388911515606e-5,0,0,0
TUR.81.6_1,2037,7,aegypti,24.56407373091754,70.11839419873836,3.5790013152783455e-4,0.0861056974587188,0.08567226294525386,0.08653015235046965,1.3886060856727057e-11,1.2012080219392373e-11,1.5916123974335507e-11,0.9999999999861139,0.9999999999840838,0.9999999999879879,3.463489679755849e-5,4.809422846973582e-16,4.160371587226486e-16,5.512533112682566e-16
TUR.81.6_1,2037,8,aegypti,23.738941809710333,74.97291387798175,4.2498384600963635e-4,0.07885796151704957,0.0785125519609894,0.07920826438853777,1.1530365551237764e-12,1.0159595387193577e-12,1.3045703406433517e-12,0.9999999999988469,0.9999999999986955,0.999999999998984,4.112662324595728e-5,4.742049999139201e-17,4.178298518204757e-17,5.365257289748928e-17
TUR.81.6_1,2037,9,aegypti,20.505101428312415,75.31579703115544,3.387326476191803e-4,0.027051553468482547,0.02690323858075191,0.02719259683144722,0,0,0,1,1,1,3.387269106935875e-5,0,0,0
TUR.81.6_1,2037,10,aegypti,16.229007720947266,79.54579400403755,3.3380688744184453e-4,7.784112414180267e-4,7.699741320333211e-4,7.867522338904126e-4,0,0,0,1,1,1,3.2303370567920986e-5,0,0,0
TUR.81.6_1,2037,11,aegypti,9.22282479089849,81.72552128915342,1.9362455161197145e-4,0,0,0,0,0,0,1,1,1,1.9362267710043568e-5,0,0,0
TUR.81.6_1,2037,12,aegypti,6.278075060423682,81.69855839811308,1.592592338199431e-4,0,0,0,0,0,0,1,1,1,1.541206515098814e-5,0,0,0
TUR.81.6_1,2038,1,aegypti,4.312656683080336,78.77145897516601,1.474705501450034e-4,0,0,0,0,0,0,1,1,1,1.4271241727259465e-5,0,0,0
TUR.81.6_1,2038,2,aegypti,4.631099521237262,75.44777903727453,1.1031243434992735e-4,0,0,0,0,0,0,1,1,1,1.1819119548284185e-5,0,0,0
TUR.81.6_1,2038,3,aegypti,4.968700552687926,81.16327197169569,1.354177114935101e-4,0,0,0,0,0,0,1,1,1,1.3104853952561335e-5,0,0,0
TUR.81.6_1,2038,4,aegypti,13.926497501485489,76.17945825963122,1.7906501659200664e-4,0,0,0,0,0,0,1,1,1,1.7906341338802534e-5,0,0,0
TUR.81.6_1,2038,5,aegypti,16.05941304038553,76.32317441984603,2.5028554541111687e-4,5.428076024194295e-4,5.366598325819725e-4,5.493493033397585e-4,0,0,0,1,1,1,2.4220888483528213e-5,0,0,0
TUR.81.6_1,2038,6,aegypti,18.349315671359793,85.81804564612182,2.815138831959175e-4,0.00906084213920606,0.009003216060770243,0.009120273730590062,0,0,0,1,1,1,2.8150992072983883e-5,0,0,0
TUR.81.6_1,2038,7,aegypti,21.088052917929257,83.78215915235164,3.3059139913435413e-4,0.039704766511406794,0.03950798822756877,0.03990200677214602,0,0,0,1,1,1,3.199220428373728e-5,0,0,0
TUR.81.6_1,2038,8,aegypti,24.156843802508185,75.5541745591341,3.9255644769411866e-4,0.08766770548268714,0.0872921563135239,0.0880695200016661,2.305742474728589e-11,2.038621493838377e-11,2.6181340428976795e-11,0.9999999999769426,0.9999999999738186,0.9999999999796139,3.7988612062167526e-5,8.759195638772649e-16,7.744440107102256e-16,9.945927848239422e-16
TUR.81.6_1,2038,9,aegypti,18.965577349943274,77.750992954007,3.128864452518367e-4,0.012288983344172865,0.012215865373143987,0.012365152812432762,0,0,0,1,1,1,3.1288155040609666e-5,0,0,0
TUR.81.6_1,2038,10,aegypti,16.688790321350098,78.05711602552192,3.083365336832821e-4,0.0015290793713161723,0.0015146801819211578,0.0015446311179376883,0,0,0,1,1,1,2.9838574209573032e-5,0,0,0
TUR.81.6_1,2038,11,aegypti,7.844034412327934,80.04025670175108,1.7885048309680598e-4,0,0,0,0,0,0,1,1,1,1.7884888373176366e-5,0,0,0
TUR.81.6_1,2038,12,aegypti,6.036004385527442,76.97317845426542,1.4710733049704276e-4,0,0,0,0,0,0,1,1,1,1.4236091939734408e-5,0,0,0
TUR.81.6_1,2039,1,aegypti,7.6240852299858535,81.89490257868164,1.6297251210575846e-4,0,0,0,0,0,0,1,1,1,1.577140905961727e-5,0,0,0
TUR.81.6_1,2039,2,aegypti,5.774123012143024,78.5734809415714,1.2190837102616145e-4,0,0,0,0,0,0,1,1,1,1.3061525878876878e-5,0,0,0
TUR.81.6_1,2039,3,aegypti,8.864461565718932,75.55453784083632,1.496526906830553e-4,0,0,0,0,0,0,1,1,1,1.4482413582039833e-5,0,0,0
TUR.81.6_1,2039,4,aegypti,11.444177669637345,79.65212213902575,1.978881583852789e-4,0,0,0,0,0,0,1,1,1,1.9788620041150118e-5,0,0,0
TUR.81.6_1,2039,5,aegypti,16.826332176432892,76.43643278166243,2.7659532048468217e-4,0.0017849438586109725,0.0017679492956415499,0.0018023487900964174,0,0,0,1,1,1,2.6766930838473257e-5,0,0,0
TUR.81.6_1,2039,6,aegypti,24.11420634213616,58.70803740637572,3.111063510102476e-4,0.06319193986656586,0.06282757495935995,0.06355170366205116,2.1158630403306233e-15,1.7763568394002505e-15,2.4424906541753444e-15,0.9999999999999979,0.9999999999999976,0.9999999999999982,3.111015117018834e-5,6.58248190401e-20,5.526272980593976e-20,7.598625348316717e-20
TUR.81.6_1,2039,7,aegypti,21.949501205893124,81.11468631299617,3.653428480771734e-4,0.05240434917929001,0.0521719767564695,0.05264910282123076,0,0,0,1,1,1,3.5355134483827655e-5,0,0,0
TUR.81.6_1,2039,8,aegypti,22.738299033221075,75.5467282700716,4.3382160276148485e-4,0.06118851179341257,0.060905063277975444,0.06148108646776159,8.426592756904938e-16,7.771561172376096e-16,9.992007221626409e-16,0.9999999999999991,0.999999999999999,0.9999999999999992,4.198185448844871e-5,3.53763990953799e-20,3.262645502867711e-20,4.194829932258486e-20
TUR.81.6_1,2039,9,aegypti,20.5779125550214,79.30378836416325,3.457767665231729e-4,0.029776210316120842,0.029617851157211786,0.029925367392460128,0,0,0,1,1,1,3.4577078851349974e-5,0,0,0
TUR.81.6_1,2039,10,aegypti,13.80925464630127,84.83933495862739,3.4074857264000576e-4,0,0,0,0,0,0,1,1,1,3.297512462863139e-5,0,0,0
TUR.81.6_1,2039,11,aegypti,11.861833312932182,74.25777073983701,1.976510733360314e-4,0,0,0,0,0,0,1,1,1,1.9764912005171276e-5,0,0,0
TUR.81.6_1,2039,12,aegypti,9.232101759489844,75.32355839811308,1.6257111115881612e-4,0,0,0,0,0,0,1,1,1,1.573256441855797e-5,0,0,0
TUR.81.6_1,2040,1,aegypti,4.691452306859633,83.31208550104492,1.3800345313598917e-4,0,0,0,0,0,0,1,1,1,1.335508370425842e-5,0,0,0
TUR.81.6_1,2040,2,aegypti,4.4270222774323305,78.46446452311437,1.0691757211999029e-4,0,0,0,0,0,0,1,1,1,1.1060377328786508e-5,0,0,0
TUR.81.6_1,2040,3,aegypti,5.380852366195006,79.20698840235976,1.2672436485455614e-4,0,0,0,0,0,0,1,1,1,1.2263573013537865e-5,0,0,0
TUR.81.6_1,2040,4,aegypti,10.072545093648575,79.73204767613512,1.6756966459575788e-4,0,0,0,0,0,0,1,1,1,1.6756826062391816e-5,0,0,0
TUR.81.6_1,2040,5,aegypti,15.71406468223123,78.61084074064681,2.342180828836411e-4,2.6790661929113063e-4,2.6451602406450534e-4,2.7137665075584465e-4,0,0,0,1,1,1,2.266600920763917e-5,0,0,0
TUR.81.6_1,2040,6,aegypti,22.134546307956473,70.03014281409057,2.634416698693956e-4,0.046261576377044165,0.0460343102577622,0.04651703119315483,0,0,0,1,1,1,2.6343819982455052e-5,0,0,0
TUR.81.6_1,2040,7,aegypti,24.98078935286578,67.29060489209773,3.093685797790775e-4,0.08802923859463861,0.08754004721622868,0.08846698886177728,2.5919641544192017e-11,2.2084861717175386e-11,2.9727603712004226e-11,0.9999999999740804,0.9999999999702724,0.9999999999779151,2.9938446653110518e-5,7.759938056385398e-16,6.611864543609779e-16,8.899982778566487e-16
TUR.81.6_1,2040,8,aegypti,24.148956915911505,63.57190908672199,3.67355687486877e-4,0.06989057360749903,0.06953263761595052,0.07025841093854578,3.739353271470236e-14,3.219646771412954e-14,4.3301473517942665e-14,0.9999999999999626,0.9999999999999567,0.9999999999999678,3.5549918488642085e-5,1.3293370400100402e-18,1.1445818028595017e-18,1.5393638540009556e-18
TUR.81.6_1,2040,9,aegypti,20.530438647550696,78.23355215810857,2.928002224290956e-4,0.028661036498611993,0.028518133025344332,0.02880993648296153,0,0,0,1,1,1,2.9279593587228092e-5,0,0,0
TUR.81.6_1,2040,10,aegypti,13.823752403259277,84.30737542493598,2.885423993769233e-4,0,0,0,0,0,0,1,1,1,2.7923068148139052e-5,0,0,0
TUR.81.6_1,2040,11,aegypti,7.361363151494194,87.47308751229795,1.673689034056632e-4,0,0,0,0,0,0,1,1,1,1.6736750279577883e-5,0,0,0
TUR.81.6_1,2040,12,aegypti,5.059526285704444,80.40201909147245,1.3766355092760844e-4,0,0,0,0,0,0,1,1,1,1.3322190380860022e-5,0,0,0
TUR.81.6_1,2041,1,aegypti,6.696902078740736,77.5570501006543,1.651155507857121e-4,0,0,0,0,0,0,1,1,1,1.597879660730772e-5,0,0,0
TUR.81.6_1,2041,2,aegypti,5.1629326930817445,75.86084208659094,1.235114288126774e-4,0,0,0,0,0,0,1,1,1,1.3233279812174814e-5,0,0,0
TUR.81.6_1,2041,3,aegypti,8.5524918086388535,76.91537768458632,1.5162057778591104e-4,0,0,0,0,0,0,1,1,1,1.4672851493258143e-5,0,0,0
TUR.81.6_1,2041,4,aegypti,12.379793209188126,74.79961359410387,2.004903271329094e-4,0,0,0,0,0,0,1,1,1,2.0048831732788486e-5,0,0,0
TUR.81.6_1,2041,5,aegypti,16.820976341471955,79.161362591232745,2.802324643369423e-4,0.0018519186239811165,0.0018348697864116626,0.0018683724248799675,0,0,0,1,1,1,2.7118903018208407e-5,0,0,0
TUR.81.6_1,2041,6,aegypti,20.22398760739495,78.28438475744994,3.1519730435679435e-4,0.02487461758465736,0.02473848883733703,0.025010807745770927,0,0,0,1,1,1,3.151923369415499e-5,0,0,0
TUR.81.6_1,2041,7,aegypti,20.969988037558164,78.9282925752032,3.7014699476889114e-4,0.03501993377416393,0.034842443038029094,0.0351868623146765,0,0,0,1,1,1,3.582003536028999e-5,0,0,0
TUR.81.6_1,2041,8,aegypti,21.283239981707403,79.49108709575519,4.3952622412925284e-4,0.04005074841687123,0.039849017003746476,0.0402394747937678,0,0,0,1,1,1,4.2533891291829384e-5,0,0,0
TUR.81.6_1,2041,9,aegypti,21.342200503629797,69.4517986180695,3.5032362522783336e-4,0.034730925107195894,0.03453021382751077,0.034922254637540555,0,0,0,1,1,1,3.50317488967411e-5,0,0,0
TUR.81.6_1,2041,10,aegypti,14.758193969726563,84.40573357923286,3.4522931213325626e-4,1.105975348928658e-6,1.0866424554291017e-6,1.1253843520270947e-6,0,0,0,1,1,1,3.340873018686796e-5,0,0,0
TUR.81.6_1,2041,11,aegypti,11.192855575505424,82.22407933358701,2.0025012448779002e-4,0,0,0,0,0,0,1,1,1,2.0024811949514998e-5,0,0,0
TUR.81.6_1,2041,12,aegypti,9.039849600371191,83.04585606657011,1.6470887153910836e-4,0,0,0,0,0,0,1,1,1,1.5939441179169123e-5,0,0,0
TUR.81.6_1,2042,1,aegypti,8.029641431920668,74.71745812067383,1.5747257149968777e-4,0,0,0,0,0,0,1,1,1,1.5239164995572985e-5,0,0,0
TUR.81.6_1,2042,2,aegypti,7.009969531613239,77.65013346842687,1.1779424901034804e-4,0,0,0,0,0,0,1,1,1,1.2620732751877917e-5,0,0,0
TUR.81.6_1,2042,3,aegypti,6.946451807723326,72.67427355860976,1.4460226285531618e-4,0,0,0,0,0,0,1,1,1,1.3993669460754532e-5,0,0,0
TUR.81.6_1,2042,4,aegypti,11.734721225850723,76.002036689807,1.9120989648883425e-4,0,0,0,0,0,0,1,1,1,1.912080684396411e-5,0,0,0
TUR.81.6_1,2042,5,aegypti,16.230392540202423,68.28461545988509,2.6726087619756433e-4,6.452989218956519e-4,6.375592794534747e-4,6.532449182715998e-4,0,0,0,1,1,1,2.5863621291866146e-5,0,0,0
TUR.81.6_1,2042,6,aegypti,19.55845454159905,73.64820006506713,3.006072402668519e-4,0.01640676313907869,0.016301282307302874,0.0165045466990916,0,0,0,1,1,1,3.0060272207643735e-5,0,0,0
TUR.81.6_1,2042,7,aegypti,23.398637939901914,81.84171420606258,3.5301338257827245e-4,0.08188457240939072,0.08155480347665058,0.08223430808246768,3.3500791030149914e-12,2.983019387059471e-12,3.7726960444572905e-12,0.9999999999966499,0.9999999999962274,0.999999999997017,3.416200187633667e-5,1.144454086030744e-16,1.0190591389787432e-16,1.2888284934959788e-16
TUR.81.6_1,2042,8,aegypti,23.22701706605799,74.95327581645832,4.1918113966749873e-4,0.06933300455806472,0.06900326316239179,0.0696503150876963,2.975031332397293e-14,2.5868196473766147e-14,3.375355550616632e-14,0.9999999999999702,0.9999999999999662,0.9999999999999741,4.056509395633512e-5,1.2068242552173705e-18,1.0493458204392606e-18,1.3692161504680094e-18
TUR.81.6_1,2042,9,aegypti,20.224835620206946,79.9239665868195,3.3410761045345167e-4,0.025534168688642375,0.025396731407368228,0.025674102864991437,0,0,0,1,1,1,3.3410202912032005e-5,0,0,0
TUR.81.6_1,2042,10,aegypti,13.091562271118164,77.12988519056098,3.292491063379386e-4,0,0,0,0,0,0,1,1,1,3.186230912821664e-5,0,0,0
TUR.81.6_1,2042,11,aegypti,9.899169662419487,83.21500035409483,1.909808125047517e-4,0,0,0,0,0,0,1,1,1,1.9097898883324582e-5,0,0,0
TUR.81.6_1,2042,12,aegypti,7.763750395354102,78.28023869596464,1.5708471689463387e-4,0,0,0,0,0,0,1,1,1,1.520163125023899e-5,0,0,0
TUR.81.6_1,2043,1,aegypti,2.744568628423354,89.75706993708008,1.4284533652987908e-4,0,0,0,0,0,0,1,1,1,1.3823646697330716e-5,0,0,0
TUR.81.6_1,2043,2,aegypti,5.487305461483844,77.69198069743078,1.0685263459485008e-4,0,0,0,0,0,0,1,1,1,1.1448431029958961e-5,0,0,0
TUR.81.6_1,2043,3,aegypti,6.456929827437682,73.20999438380507,1.311705188010512e-4,0,0,0,0,0,0,1,1,1,1.2693840606869955e-5,0,0,0
TUR.81.6_1,2043,4,aegypti,10.110468906514786,71.16586267857653,1.7344888542602502e-4,0,0,0,0,0,0,1,1,1,1.734473812087245e-5,0,0,0
TUR.81.6_1,2043,5,aegypti,15.181269729838652,84.13618558927962,2.4243567904006142e-4,5.121098255960246e-5,5.048811870536549e-5,5.190487589793678e-5,0,0,0,1,1,1,2.3461242107170044e-5,0,0,0
TUR.81.6_1,2043,6,aegypti,19.240865735446707,76.09502318518432,2.726845824024778e-4,0.014199454668447133,0.01411218210499751,0.01428880865321533,0,0,0,1,1,1,2.7268086459253382e-5,0,0,0
TUR.81.6_1,2043,7,aegypti,22.838100601645078,74.00878268750789,3.202228486758678e-4,0.0613066604598716,0.06097886323213053,0.061588501443782355,8.925082894961633e-16,7.771561172376096e-16,9.992007221626409e-16,0.9999999999999991,0.999999999999999,0.9999999999999992,3.0988827772748806e-5,2.7657785668947237e-20,2.4083157069614463e-20,3.096405908950431e-20
TUR.81.6_1,2043,8,aegypti,22.866905829485724,71.30925573589191,3.802444476046473e-4,0.05895118195956206,0.05866724658087387,0.059242221855462115,3.035349749325178e-16,2.220446049250313e-16,3.3306690738754696e-16,0.9999999999999997,0.9999999999999997,0.9999999999999998,3.679717273563643e-5,1.116922890389893e-20,8.170613682442525e-21,1.2255920523663787e-20
TUR.81.6_1,2043,9,aegypti,19.63219951180851,77.24736899160466,3.0307318663753247e-4,0.018082640194111713,0.01797278432505515,0.018181400616069213,0,0,0,1,1,1,3.0306859401640907e-5,0,0,0
TUR.81.6_1,2043,10,aegypti,15.202729225158691,82.45291375501411,2.986659768688545e-4,5.473487267105046e-5,5.396332858586504e-5,5.5510943782949174e-5,0,0,0,1,1,1,2.890274135958215e-5,0,0,0
TUR.81.6_1,2043,11,aegypti,11.618657806340385,82.19593449716123,1.732410804826737e-4,0,0,0,0,0,0,1,1,1,1.732395798681452e-5,0,0,0
TUR.81.6_1,2043,12,aegypti,6.683136305388282,83.24172551237089,1.4249350877310879e-4,0,0,0,0,0,0,1,1,1,1.3789599319968815e-5,0,0,0
TUR.81.6_1,2044,1,aegypti,7.810738367192885,79.36591850885742,1.5152011634758547e-4,0,0,0,0,0,0,1,1,1,1.4663129561109933e-5,0,0,0
TUR.81.6_1,2044,2,aegypti,2.4204331031617,79.51144633463781,1.1738954786340445e-4,0,0,0,0,0,0,1,1,1,1.2143672595721355e-5,0,0,0
TUR.81.6_1,2044,3,aegypti,7.048222208724303,78.40572650050429,1.3913630471199288e-4,0,0,0,0,0,0,1,1,1,1.3464713031763331e-5,0,0,0
TUR.81.6_1,2044,4,aegypti,10.223530811422012,77.42202722935778,1.8398217217692025e-4,0,0,0,0,0,0,1,1,1,1.8398047971546205e-5,0,0,0
TUR.81.6_1,2044,5,aegypti,14.905170524821562,83.41348356291243,2.571584287406704e-4,8.718067149048114e-6,8.574740778566531e-6,8.854757781208061e-6,0,0,0,1,1,1,2.4885989894141147e-5,0,0,0
TUR.81.6_1,2044,6,aegypti,18.397316007053153,79.98395445959838,2.892443019529296e-4,0.008593281744855134,0.008534338844503614,0.008652412328055126,0,0,0,1,1,1,2.8924011888031842e-5,0,0,0
TUR.81.6_1,2044,7,aegypti,22.28343598982867,74.77953464063289,3.3966949476417615e-4,0.05260904508166662,0.05234720009932474,0.05286878205110054,0,0,0,1,1,1,3.2870701175413686e-5,0,0,0
TUR.81.6_1,2044,8,aegypti,24.757992407854864,65.49661459209308,4.0333611401817247e-4,0.08168582255890698,0.08126921388880534,0.08209474875866561,3.130083303659603e-12,2.7009783298836965e-12,3.5956126964720167e-12,0.99999999999687,0.9999999999964044,0.999999999997299,3.90317654038741e-5,1.2217267720302484e-16,1.054239525329681e-16,1.4034311125188692e-16
TUR.81.6_1,2044,9,aegypti,20.621876941007727,70.82155340932927,3.2147835985913987e-4,0.026499330266426948,0.02635072331683942,0.026638983033276234,0,0,0,1,1,1,3.214731924972014e-5,0,0,0
TUR.81.6_1,2044,10,aegypti,18.231196403503418,75.26976250989692,3.1680350695080837e-4,0.007040399806256262,0.006991689363304163,0.007095218412251261,0,0,0,1,1,1,3.065793393441929e-5,0,0,0
TUR.81.6_1,2044,11,aegypti,8.942708709660698,77.63360234384092,1.8376174755572439e-4,0,0,0,0,0,0,1,1,1,1.837600591469979e-5,0,0,0
TUR.81.6_1,2044,12,aegypti,5.797086557921241,81.46071202360136,1.5114692262677403e-4,0,0,0,0,0,0,1,1,1,1.4627014568668883e-5,0,0,0
TUR.81.6_1,2045,1,aegypti,5.616821569554945,79.00679527887695,1.5755472340803838e-4,0,0,0,0,0,0,1,1,1,1.5247115059069394e-5,0,0,0
TUR.81.6_1,2045,2,aegypti,3.194875537472613,81.2707465665714,1.178557011239242e-4,0,0,0,0,0,0,1,1,1,1.2627316823721202e-5,0,0,0
TUR.81.6_1,2045,3,aegypti,8.539802218184752,74.58452136134413,1.4467770044887453e-4,0,0,0,0,0,0,1,1,1,1.4000969770888716e-5,0,0,0
TUR.81.6_1,2045,4,aegypti,11.601844829671524,81.70132410435778,1.9130964883136913e-4,0,0,0,0,0,0,1,1,1,1.913078188742201e-5,0,0,0
TUR.81.6_1,2045,5,aegypti,17.775987709269806,72.67402738615462,2.6740030359624075e-4,0.004621181615010695,0.004583494013196085,0.004658510004661113,0,0,0,1,1,1,2.587711391688341e-5,0,0,0
TUR.81.6_1,2045,6,aegypti,19.913675336276786,79.6345205606726,3.007640641392047e-4,0.02177996891039556,0.021657493494358162,0.021896465882674018,0,0,0,1,1,1,3.0075954123298665e-5,0,0,0
TUR.81.6_1,2045,7,aegypti,23.081901718588437,71.9183056977618,3.5319754622515986e-4,0.06321409247333315,0.06290706282005672,0.06351088179961738,2.1370683001009637e-15,1.887379141862766e-15,2.4424906541753444e-15,0.9999999999999979,0.9999999999999976,0.9999999999999981,3.417982355569116e-5,7.304461742391179e-20,6.451028605156114e-20,8.348389959613794e-20
TUR.81.6_1,2045,8,aegypti,24.268858573015997,68.12574972392902,4.1939982238945036e-4,0.07811748714473887,0.07773101317848381,0.07851041095535337,8.827831798896569e-13,7.649325617364867e-13,1.0151463003538197e-12,0.9999999999991173,0.9999999999989849,0.9999999999992351,4.058625594172138e-5,3.582886408004828e-17,3.104574872879364e-17,4.120098756445169e-17
TUR.81.6_1,2045,9,aegypti,20.899298892301672,73.91582602285466,3.342819111429738e-4,0.03136510684171878,0.031192826401067422,0.031542273745314535,0,0,0,1,1,1,3.342763239855273e-5,0,0,0
TUR.81.6_1,2045,10,aegypti,15.880757331848145,76.45614098890083,3.294208723931367e-4,3.787210587749057e-4,3.74125434840931e-4,3.834221242100995e-4,0,0,0,1,1,1,3.18789311198886e-5,0,0,0
TUR.81.6_1,2045,11,aegypti,11.761374214116264,73.13802739266904,1.9108044533640105e-4,0,0,0,0,0,0,1,1,1,1.91078619761198e-5,0,0,0
TUR.81.6_1,2045,12,aegypti,9.722508749541113,78.94950444303495,1.5716666646301087e-4,0,0,0,0,0,0,1,1,1,1.520956173306498e-5,0,0,0
TUR.81.6_1,2046,1,aegypti,5.433524412267348,77.1148885405957,1.5987956489424185e-4,0,0,0,0,0,0,1,1,1,1.5472096263402513e-5,0,0,0
TUR.81.6_1,2046,2,aegypti,5.740253745633014,80.49990306071203,1.1959475291133965e-4,0,0,0,0,0,0,1,1,1,1.2813641430797773e-5,0,0,0
TUR.81.6_1,2046,3,aegypti,4.769057894454283,78.00400836085585,1.468125315276037e-4,0,0,0,0,0,0,1,1,1,1.4207563412971247e-5,0,0,0
TUR.81.6_1,2046,4,aegypti,14.51728062068715,82.29875910191637,1.9413257028172973e-4,0,0,0,0,0,0,1,1,1,1.9413068592100124e-5,0,0,0
TUR.81.6_1,2046,5,aegypti,16.982507789836212,80.22265714689681,2.7134600135621175e-4,0.002297515903959222,0.0022775680857820037,0.002317351593258925,0,0,0,1,1,1,2.625894568164533e-5,0,0,0
TUR.81.6_1,2046,6,aegypti,21.063188580905692,79.08505156653197,3.05202069923767e-4,0.036466268290656585,0.03628510305050141,0.03664375780163194,0,0,0,1,1,1,3.051974125556356e-5,0,0,0
TUR.81.6_1,2046,7,aegypti,22.27952973982867,71.17882663282039,3.5840924848662073e-4,0.04940935790879444,0.04915643450701827,0.04965443638628805,0,0,0,1,1,1,3.4684164473053336e-5,0,0,0
TUR.81.6_1,2046,8,aegypti,25.871098181780646,70.42110265972003,4.255883903060858e-4,0.1078292118523073,0.1073049555837001,0.10835907279915596,7.657628789514704e-9,6.670067762004628e-9,8.755537880822394e-9,0.9999999923423712,0.9999999912444621,0.9999999933299323,4.118512512485406e-5,3.1538039985584777e-13,2.7470757536941587e-13,3.6059792315706983e-13
TUR.81.6_1,2046,9,aegypti,22.18743632821476,71.07455557607732,3.3921449861672333e-4,0.04789921639588227,0.04767250202309638,0.04812871308718449,0,0,0,1,1,1,3.392087453579773e-5,0,0,0
TUR.81.6_1,2046,10,aegypti,13.373441696166992,88.12639092786567,3.34281731490185e-4,0,0,0,0,0,0,1,1,1,3.2349321732350056e-5,0,0,0
TUR.81.6_1,2046,11,aegypti,10.761336067143608,83.07694646005186,1.938999847123791e-4,0,0,0,0,0,0,1,1,1,1.938981048643651e-5,0,0,0
TUR.81.6_1,2046,12,aegypti,6.4420107217396,80.64873082242948,1.5948578186963195e-4,0,0,0,0,0,0,1,1,1,1.5433988817648014e-5,0,0,0
TUR.81.6_1,2047,1,aegypti,7.197446149938246,80.36951958307617,1.5880227962338121e-4,0,0,0,0,0,0,1,1,1,1.536784445765882e-5,0,0,0
TUR.81.6_1,2047,2,aegypti,5.110591231900104,84.74677500895422,1.1878891092728854e-4,0,0,0,0,0,0,1,1,1,1.2727302320825196e-5,0,0,0
TUR.81.6_1,2047,3,aegypti,9.380625391707701,73.48723895167616,1.4582329329758306e-4,0,0,0,0,0,0,1,1,1,1.4111832036589611e-5,0,0,0
TUR.81.6_1,2047,4,aegypti,9.999133152120255,79.01589929967028,1.9282448466930536e-4,0,0,0,0,0,0,1,1,1,1.9282262561759467e-5,0,0,0
TUR.81.6_1,2047,5,aegypti,15.774686897502226,75.34930509611556,2.6951764354975075e-4,2.925229731133412e-4,2.888721884549495e-4,2.960967908502493e-4,0,0,0,1,1,1,2.6082012460015847e-05,0,0,0
TUR.81.6_1,2047,6,aegypti,22.964942960178153,58.46298125403197,3.031455863776519e-4,0.04806245440842734,0.04778908637506687,0.04835157295584371,0,0,0,1,1,1,3.0314099156214525e-5,0,0,0
TUR.81.6_1,2047,7,aegypti,23.111488510580624,78.71035892041805,3.559942493928324e-4,0.0717993677621058,0.0714624667903289,0.07209266679220012,8.042666532759313e-14,7.016609515630989e-14,9.015010959956271e-14,0.9999999999999196,0.9999999999999098,0.9999999999999298,3.4450462962021255e-5,2.770735855027126e-18,2.417254462372113e-18,3.105713011781892e-18
TUR.81.6_1,2047,8,aegypti,24.17115082460291,78.60377325298175,4.227207311113081e-4,0.09301996408965696,0.09262724429189982,0.09341443826895346,1.2242742852830446e-10,1.0849697806847303e-10,1.376590702539815e-10,0.9999999998775726,0.999999999862341,0.999999999891503,4.09076211099757e-5,5.0082148597045086e-15,4.4383532704024384e-15,5.6313050883014015e-15
TUR.81.6_1,2047,9,aegypti,20.315449939054602,70.8932163121613,3.369288357600355e-4,0.02309687728737668,0.022967622456590984,0.023235458717998973,0,0,0,1,1,1,3.3692315977162934e-5,0,0,0
TUR.81.6_1,2047,10,aegypti,14.580817222595215,77.78534173352973,3.320293061355728e-4,0,0,0,0,0,0,1,1,1,3.213135211277418e-5,0,0,0
TUR.81.6_1,2047,11,aegypti,12.316652992192436,74.82359715585264,1.9259346628590652e-4,0,0,0,0,0,0,1,1,1,1.925916116851667e-5,0,0,0
TUR.81.6_1,2047,12,aegypti,4.913914522703956,79.22973210416777,1.584111499500774e-4,0,0,0,0,0,0,1,1,1,1.5329993779955586e-5,0,0,0
TUR.81.6_1,2048,1,aegypti,5.629986566655775,81.7811711944043,1.6506443956564447e-4,0,0,0,0,0,0,1,1,1,1.5973850439165993e-5,0,0,0
TUR.81.6_1,2048,2,aegypti,6.446002780514606,76.1187690275089,1.2788295307592686e-4,0,0,0,0,0,0,1,1,1,1.3229183501439756e-5,0,0,0
TUR.81.6_1,2048,3,aegypti,10.569406176314635,73.876238890641,1.515736439103244e-4,0,0,0,0,0,0,1,1,1,1.4668309571863603e-5,0,0,0
TUR.81.6_1,2048,4,aegypti,13.557768863790177,74.34381830601794,2.0042826571481305e-4,0,0,0,0,0,0,1,1,1,2.0042625715421813e-5,0,0,0
TUR.81.6_1,2048,5,aegypti,15.110250557170195,78.325974407639,2.8014571888452025e-4,3.245139871653389e-5,3.1935277558657615e-5,3.293167150696355e-5,0,0,0,1,1,1,2.7110508524552657e-5,0,0,0
TUR.81.6_1,2048,6,aegypti,19.794668225681082,72.98622801916869,3.150997356013922e-4,0.018446298806524913,0.018336570344993232,0.018555890961522412,0,0,0,1,1,1,3.150947712615704e-5,0,0,0
TUR.81.6_1,2048,7,aegypti,22.553348709555234,72.37886172803523,3.700324164362206e-4,0.05485392948489391,0.05457353247655699,0.05512714812504088,0,0,0,1,1,1,3.5808947531745794e-5,0,0,0
TUR.81.6_1,2048,8,aegypti,25.5486380072201,68.24231542827472,4.3939016958163417e-4,0.09840543146128883,0.09790819209746408,0.09896249982243482,5.952758095340016e-10,5.150423781907775e-10,6.953953080035547e-10,0.9999999994047242,0.9999999993046047,0.9999999994849575,4.25207252826576e-5,2.5311559164606892e-14,2.1899975471976693e-14,2.956871285446821e-14
TUR.81.6_1,2048,9,aegypti,18.28266643075382,84.71640127920232,3.5021518318334574e-4,0.008469877813031268,0.00841308465357829,0.008524014028701577,0,0,0,1,1,1,3.5020905072125075e-5,0,0,0
TUR.81.6_1,2048,10,aegypti,15.701812744140625,80.66324853284614,3.451224470241719e-4,2.6930954214845695e-4,2.662020719851078e-4,2.726261273864119e-4,0,0,0,1,1,1,3.339838874760748e-5,0,0,0
TUR.81.6_1,2048,11,aegypti,10.790670135441948,85.68426915292295,2.0018813742398795e-4,0,0,0,0,0,0,1,1,1,2.001861336731192e-5,0,0,0
TUR.81.6_1,2048,12,aegypti,7.688589891966651,78.1784473141287,1.6465788620586584e-4,0,0,0,0,0,0,1,1,1,1.593450719339362e-5,0,0,0
TUR.81.6_1,2049,1,aegypti,3.9944365445305317,84.67674767145508,1.4996363472159473e-4,0,0,0,0,0,0,1,1,1,1.4512504504349266e-5,0,0,0
TUR.81.6_1,2049,2,aegypti,7.460865794735797,79.85173258952062,1.1217733706042537e-4,0,0,0,0,0,0,1,1,1,1.2018928171486642e-5,0,0,0
TUR.81.6_1,2049,3,aegypti,8.262573862777037,75.39484698390272,1.377070350743187e-4,0,0,0,0,0,0,1,1,1,1.3326398468072043e-5,0,0,0
TUR.81.6_1,2049,4,aegypti,12.656158489339493,74.83174097447497,1.820922259611563e-4,0,0,0,0,0,0,1,1,1,1.8209056809270763e-5,0,0,0
TUR.81.6_1,2049,5,aegypti,15.305674637065215,78.48009580656478,2.5451678366441335e-4,7.764610475344422e-5,7.651153816766327e-5,7.878353887575211e-5,0,0,0,1,1,1,2.463035315147799e-5,0,0,0
TUR.81.6_1,2049,6,aegypti,20.992172269260184,75.00582030432494,2.862730566010617e-4,0.03316577339481875,0.033001961993719985,0.03333604924817267,0,0,0,1,1,1,2.862689590266143e-5,0,0,0
TUR.81.6_1,2049,7,aegypti,22.803474594565,71.60048038037898,3.361802595375005e-4,0.05820163046314597,0.05790610112632583,0.05849556016964119,2.2148949341271874e-16,2.220446049250313e-16,2.220446049250313e-16,0.9999999999999998,0.9999999999999998,0.9999999999999998,3.253304429262638e-5,7.205727499547357e-21,7.223786966964769e-21,7.223786966964769e-21
TUR.81.6_1,2049,8,aegypti,23.272186896380255,70.8013669419466,3.991928671299002e-4,0.06514223503128506,0.06482497276119102,0.06545501005342427,5.035194483582473e-15,4.3298697960381105e-15,5.773159728050814e-15,0.999999999999995,0.9999999999999942,0.9999999999999957,3.863082159738518e-5,1.9451369980341248e-19,1.672664276306548e-19,2.2302190350753973e-19
TUR.81.6_1,2049,9,aegypti,18.246760592741126,79.82727926992497,3.181759920129687e-4,0.007646671852585649,0.007595712252417453,0.007700672520297861,0,0,0,1,1,1,3.181709302690905e-5,0,0,0
TUR.81.6_1,2049,10,aegypti,11.975860595703125,89.18487786634223,3.13549161260582e-4,0,0,0,0,0,0,1,1,1,3.0343006860444888e-5,0,0,0
TUR.81.6_1,2049,11,aegypti,9.99119923395269,82.42227574471983,1.8187406563912464e-4,0,0,0,0,0,0,1,1,1,1.8187241174083546e-5,0,0,0
TUR.81.6_1,2049,12,aegypti,7.018387636717628,83.11911351285917,1.4959427461168186e-4,0,0,0,0,0,0,1,1,1,1.4476760495707452e-5,0,0,0
TUR.81.6_1,2050,1,aegypti,3.856162590139052,75.9137395537793,1.53205367757644e-4,0,0,0,0,0,0,1,1,1,1.4826216002572501e-5,0,0,0
TUR.81.6_1,2050,2,aegypti,6.516419231015094,81.89127574137609,1.1460225147464266e-4,0,0,0,0,0,0,1,1,1,1.2278737273718754e-5,0,0,0
TUR.81.6_1,2050,3,aegypti,5.1661111361840195,79.81177050685194,1.4068381971764617e-4,0,0,0,0,0,0,1,1,1,1.3614470520728617e-5,0,0,0
TUR.81.6_1,2050,4,aegypti,14.604357761495255,67.37772333531481,1.8602847614342149e-4,0,0,0,0,0,0,1,1,1,1.860267458242415e-5,0,0,0
TUR.81.6_1,2050,5,aegypti,18.277193153605744,76.20248502775618,2.600186206088544e-4,0.0074032995203564605,0.007349483614004104,0.007456105972179199,0,0,0,1,1,1,2.516277572905956e-5,0,0,0
TUR.81.6_1,2050,6,aegypti,21.530839948093192,78.07414153235229,2.9246136236357083e-4,0.042970703866748367,0.042761296168620753,0.04317475226917668,0,0,0,1,1,1,2.9245708572323004e-5,0,0,0
TUR.81.6_1,2050,7,aegypti,23.469947983236874,73.33084231885555,3.4344739903724344e-4,0.07167366098173122,0.07132474015279175,0.07200362738734561,7.653311318023271e-14,6.650235917504688e-14,8.704703624573539e-14,0.9999999999999235,0.999999999999913,0.9999999999999335,3.323629273033202e-5,2.543676953221846e-18,2.2102918767995393e-18,2.8931207779710832e-18
TUR.81.6_1,2050,8,aegypti,24.489399573382208,70.68401159526691,4.0782213720282594e-4,0.08578397195156433,0.08535499826034527,0.0862112625072469,1.2491774392664467e-11,1.0816761375487261e-11,1.4340192922013272e-11,0.9999999999875082,0.9999999999856598,0.9999999999891832,3.94658796406544e-5,4.929988646791046e-16,4.2689300254665957e-16,5.659483278839399e-16
TUR.81.6_1,2050,9,aegypti,20.031434283537024,78.26364249013982,3.250539369660971e-4,0.022629593931655784,0.022500822931232206,0.022746997128617757,0,0,0,1,1,1,3.250486540207209e-5,0,0,0
TUR.81.6_1,2050,10,aegypti,15.332056045532227,86.41693353040473,3.203270889653284e-4,9.881405864159662e-5,9.743400490493402e-5,1.0016246504488725e-4,0,0,0,1,1,1,3.099891523006271e-5,0,0,0
TUR.81.6_1,2050,11,aegypti,10.191919067326713,84.34874364022764,1.8580559989459598e-4,0,0,0,0,0,0,1,1,1,1.8580387371902596e-5,0,0,0
TUR.81.6_1,2050,12,aegypti,5.298784575041602,82.69151646696073,1.5282802326623273e-4,0,0,0,0,0,0,1,1,1,1.4789699334549766e-5,0,0,0
TUR.81.6_1,2051,1,aegypti,6.852034849279066,81.5656713164746,1.5802838292121118e-4,0,0,0,0,0,0,1,1,1,1.5292952376566582e-5,0,0,0
TUR.81.6_1,2051,2,aegypti,3.3990204921540097,82.00571665934484,1.1821001277394323e-4,0,0,0,0,0,0,1,1,1,1.2665278306234207e-5,0,0,0
TUR.81.6_1,2051,3,aegypti,10.101032877669615,71.79738909816054,1.4511264754331422e-4,0,0,0,0,0,0,1,1,1,1.4043060834967314e-5,0,0,0
TUR.81.6_1,2051,4,aegypti,9.716848415486954,77.41709101109606,1.918847863656216e-4,0,0,0,0,0,0,1,1,1,1.9188294538841077e-5,0,0,0
TUR.81.6_1,2051,5,aegypti,14.502213562236113,74.75764555021712,2.682041937931448e-4,0,0,0,0,0,0,1,1,1,2.595490772616671e-5,0,0,0
TUR.81.6_1,2051,6,aegypti,19.311046628391043,70.485083609989,3.016682563913856e-4,0.013556080610301538,0.013469312024817222,0.013647535044459182,0,0,0,1,1,1,3.0166370625028804e-5,0,0,0
TUR.81.6_1,2051,7,aegypti,23.98960511824664,71.93560916455867,3.54259370169121e-4,0.07901566071403675,0.07864152075397052,0.0794150566221944,1.2205987331981304e-12,1.0643264047871526e-12,1.4046763752162406e-12,0.9999999999987794,0.9999999999985953,0.9999999999989357,3.428257719406691e-5,4.184527029384519e-17,3.6487852131799266e-17,4.815592626603286e-17
TUR.81.6_1,2051,8,aegypti,25.283072135027716,61.22397817851886,4.2066067139099553e-4,0.08191911975019138,0.0814695383152332,0.08237169508062311,3.394864833694555e-12,2.896002881946913e-12,3.955288874202267e-12,0.9999999999966052,0.9999999999960447,0.999999999997104,4.0708268627343e-5,1.3819906960355808e-16,1.1789126326385443e-16,1.6101296198976697e-16
TUR.81.6_1,2051,9,aegypti,19.403823123258704,71.64328116201482,3.352868686832463e-4,0.014568968578537506,0.014468722910710155,0.014661231823025983,0,0,0,1,1,1,3.352812478818468e-5,0,0,0
TUR.81.6_1,2051,10,aegypti,14.656684875488281,73.0341134010102,3.304112161078255e-4,0,0,0,0,0,0,1,1,1,3.197476777438979e-5,0,0,0
TUR.81.6_1,2051,11,aegypti,13.09127018732183,77.03049870614561,1.9165489381218863e-4,0,0,0,0,0,0,1,1,1,1.9165305724433424e-5,0,0,0
TUR.81.6_1,2051,12,aegypti,7.960456213530372,77.89085728727323,1.5763915935382102e-4,0,0,0,0,0,0,1,1,1,1.5255286155091419e-5,0,0,0
TUR.81.6_1,2052,1,aegypti,4.300410074346205,75.85469566950195,1.5259842045248703e-4,0,0,0,0,0,0,1,1,1,1.4767480035704494e-5,0,0,0
TUR.81.6_1,2052,2,aegypti,3.8682940593537167,80.60171733073156,1.182249592555345e-4,0,0,0,0,0,0,1,1,1,1.2230093410670051e-5,0,0,0
TUR.81.6_1,2052,3,aegypti,4.268615389571471,80.93791491603163,1.401264785062606e-4,0,0,0,0,0,0,1,1,1,1.356053500733978e-5,0,0,0
TUR.81.6_1,2052,4,aegypti,13.170298618428848,82.08508264927966,1.8529149490098667e-4,0,0,0,0,0,0,1,1,1,1.852897782650409e-5,0,0,0
TUR.81.6_1,2052,5,aegypti,14.816792572245879,81.02246946379134,2.5898851570209396e-4,3.01593650571226e-6,2.9651596741922744e-6,3.0684159498156236e-6,0,0,0,1,1,1,2.5063090660859544e-5,0,0,0
TUR.81.6_1,2052,6,aegypti,20.32697489682366,76.84585478918822,2.913027304021247e-4,0.02553201769278888,0.025382391623089622,0.02567765436720949,0,0,0,1,1,1,2.9129848757913912e-5,0,0,0
TUR.81.6_1,2052,7,aegypti,23.112327743979062,75.95484286817195,3.420867778242936e-4,0.06843032539458838,0.06811594695247454,0.06874373819179468,2.0483947871241524e-14,1.787459069646502e-14,2.3314683517128287e-14,0.9999999999999795,0.9999999999999767,0.9999999999999821,3.3104624077351374e-5,6.781133938975126e-19,5.917316055429968e-19,7.718238333169523e-19
TUR.81.6_1,2052,8,aegypti,23.536509177264044,80.4049817490755,4.0620648527899656e-4,0.08269915492156411,0.08234976579590135,0.08303986456756104,4.433218681043627e-12,3.925573754948175e-12,4.9710568994498775e-12,0.9999999999955668,0.9999999999950289,0.9999999999960745,3.930953238706625e-5,1.7426775332143157e-16,1.5431246865795257e-16,1.9540992218687406e-16
TUR.81.6_1,2052,9,aegypti,21.560218081754797,74.82689017080388,3.237661843634315e-4,0.0411795177049026,0.040966583013392496,0.04137886152291186,0,0,0,1,1,1,3.237609431927524e-5,0,0,0
TUR.81.6_1,2052,10,aegypti,14.858379364013672,81.83451318128364,3.1905806251891923e-4,5.224435781552715e-6,5.134031367923361e-6,5.313437927726234e-6,0,0,0,1,1,1,3.087611001850732e-5,0,0,0
TUR.81.6_1,2052,11,aegypti,12.292171218815971,74.69418736581358,1.8506950161168527e-4,0,0,0,0,0,0,1,1,1,1.8506778908577992e-5,0,0,0
TUR.81.6_1,2052,12,aegypti,9.415603003081152,82.86061436735136,1.5222257087098344e-4,0,0,0,0,0,0,1,1,1,1.4731108032073337e-5,0,0,0
TUR.81.6_1,2053,1,aegypti,7.0575592938591445,80.44708000788086,1.588530757332294e-4,0,0,0,0,0,0,1,1,1,1.53727601346354e-5,0,0,0
TUR.81.6_1,2053,2,aegypti,3.900241672116168,82.20304331950109,1.1882690795467706e-4,0,0,0,0,0,0,1,1,1,1.2731373379093469e-5,0,0,0
TUR.81.6_1,2053,3,aegypti,6.377061510787291,81.13875109767226,1.4586993781705933e-4,0,0,0,0,0,0,1,1,1,1.411634595860356e-5,0,0,0
TUR.81.6_1,2053,4,aegypti,12.37982944881215,77.30791437535387,1.928861634671659e-4,0,0,0,0,0,0,1,1,1,1.9288430322506045e-5,0,0,0
TUR.81.6_1,2053,5,aegypti,17.515270317302033,82.49993223234603,0.00026960385420025425,0.0042213287125992096,0.004190019744673485,0.004251002226152199,0,0,0,1,1,1,2.6090355208507887e-5,0,0,0
TUR.81.6_1,2053,6,aegypti,21.149108914767996,80.05482390539916,3.032425536034509e-4,0.03833641634626204,0.03814594199997146,0.0385130208760538,0,0,0,1,1,1,3.0323795584763502e-5,0,0,0
TUR.81.6_1,2053,7,aegypti,22.677686859579648,84.19159060987117,3.561081213286785e-4,0.0696776654090838,0.06938212352946077,0.06997090973468047,3.424605043989004e-14,3.0309088572266774e-14,3.852473895449293e-14,0.9999999999999658,0.9999999999999615,0.9999999999999697,3.446148244712344e-5,1.1801696661175746e-18,1.044496123821481e-18,1.3276196152602707e-18
TUR.81.6_1,2053,8,aegypti,23.573898932513067,72.26855291606769,4.2285594685722536e-4,0.07215596342412921,0.07178569730087254,0.07247563185378784,9.261214017897146e-14,7.982503547054876e-14,1.0481338019729946e-13,0.9999999999999074,0.9999999999998952,0.9999999999999202,4.092070596928288e-5,3.7897541574497e-18,3.266496805477902e-18,4.289037512700348e-18
TUR.81.6_1,2053,9,aegypti,20.45772098092472,69.57170218252263,3.3703660923906163e-4,0.024131643832046457,0.023984803081381026,0.024277682770211865,0,0,0,1,1,1,3.3703092961911985e-5,0,0,0
TUR.81.6_1,2053,10,aegypti,15.75853443145752,70.88770531995551,3.3213551240129696e-4,2.6034453837434936e-4,2.5699742712542256e-4,2.6362764521721e-4,0,0,0,1,1,1,3.214162980813562e-5,0,0,0
TUR.81.6_1,2053,11,aegypti,11.10477516931646,70.72273656014951,1.9265507118788088e-4,0,0,0,0,0,0,1,1,1,1.9265321540062885e-5,0,0,0
TUR.81.6_1,2053,12,aegypti,8.880853972014258,83.32589299283964,1.5846182094921623e-4,0,0,0,0,0,0,1,1,1,1.533489734983906e-5,0,0,0
TUR.81.6_1,2054,1,aegypti,6.500059885137221,76.69725548395508,1.5548148689725045e-4,0,0,0,0,0,0,1,1,1,1.5046482306768638e-5,0,0,0
TUR.81.6_1,2054,2,aegypti,2.7026632419403867,86.66392741373937,1.1630485747233892e-4,0,0,0,0,0,0,1,1,1,1.2461157088305974e-5,0,0,0
TUR.81.6_1,2054,3,aegypti,5.969102526412291,76.90471942042616,1.4277391055048713e-4,0,0,0,0,0,0,1,1,1,1.3816734601324043e-5,0,0,0
TUR.81.6_1,2054,4,aegypti,10.889428180806778,81.48290216832262,1.88792236847496e-4,0,0,0,0,0,0,1,1,1,1.887904547337449e-5,0,0,0
TUR.81.6_1,2054,5,aegypti,15.827922905192656,81.00277036711165,2.63881627288608e-4,3.644314304640569e-4,3.599827049563782e-4,3.6875216900282516e-4,0,0,0,1,1,1,2.553660560844495e-5,0,0,0
TUR.81.6_1,2054,6,aegypti,19.092824963962332,84.73493865149291,2.9680635963236197e-4,0.014816983767240539,0.014732145899564666,0.014892940206359014,0,0,0,1,1,1,2.9680195497538975e-5,0,0,0
TUR.81.6_1,2054,7,aegypti,22.854580093832578,79.94034701856258,3.485498782116895e-4,0.06826020175976348,0.06797284588693214,0.0685535155250233,1.9077961432856227e-14,1.687538997430238e-14,2.1538326677728037e-14,0.9999999999999809,0.9999999999999785,0.9999999999999831,3.3730064503911805e-5,6.4350086973338225e-19,5.692079923618858e-19,7.264891481460911e-19
TUR.81.6_1,2054,8,aegypti,24.710352561053107,72.59868826152668,4.1388100958849173e-4,0.09287020150704185,0.09239242505417605,0.09331341738191146,1.170914952774993e-10,1.010176831073295e-10,1.3353302907859184e-10,0.9999999998829086,0.999999999866467,0.9999999998989823,4.005219881719757e-5,4.689771848657352e-15,4.045980327867421e-15,5.348291429318386e-15
TUR.81.6_1,2054,9,aegypti,21.584872470182532,68.00729101919255,3.298831508387034e-4,0.03706707181676726,0.03684915156418687,0.03727895561709569,0,0,0,1,1,1,3.298777097537897e-5,0,0,0
TUR.81.6_1,2054,10,aegypti,15.121016502380371,79.1654839454438,3.250860776926801e-4,3.485109997126509e-5,3.4322691425031874e-5,3.5365202297284994e-5,0,0,0,1,1,1,3.1459448143644764e-5,0,0,0
TUR.81.6_1,2054,11,aegypti,12.32096932214849,75.99107762460264,1.8856604940335707e-4,0,0,0,0,0,0,1,1,1,1.885642715571123e-5,0,0,0
TUR.81.6_1,2054,12,aegypti,4.157224020537208,84.31727940641386,1.5509853632929174e-4,0,0,0,0,0,0,1,1,1,1.5009423131262523e-5,0,0,0
TUR.81.6_1,2055,1,aegypti,4.595829767339369,78.5260213530957,1.5267633020042223e-4,0,0,0,0,0,0,1,1,1,1.4775019577362158e-5,0,0,0
TUR.81.6_1,2055,2,aegypti,3.576295196133502,81.23195109538,1.1420651537179171e-4,0,0,0,0,0,0,1,1,1,1.223633749669606e-5,0,0,0
TUR.81.6_1,2055,3,aegypti,5.560385847792906,80.0542402944496,1.4019802065320488e-4,0,0,0,0,0,0,1,1,1,1.3567458347019112e-5,0,0,0
TUR.81.6_1,2055,4,aegypti,10.645148319356583,80.08743250279528,1.8538609623184888e-4,0,0,0,0,0,0,1,1,1,1.853843778421016e-5,0,0,0
TUR.81.6_1,2055,5,aegypti,14.460016334758086,81.0078362850804,2.591207433484657e-4,0,0,0,0,0,0,1,1,1,2.5075886563863392e-5,0,0,0
TUR.81.6_1,2055,6,aegypti,21.91053202572991,72.43055632727416,2.9145145620302867e-4,0.04473502477507293,0.044506701684794,0.044965581245460996,0,0,0,1,1,1,2.9144720904650256e-5,0,0,0
TUR.81.6_1,2055,7,aegypti,22.086702515097226,78.23825961621883,3.422614316283975e-4,0.05232591311483173,0.05208260063029929,0.05256307167235676,0,0,0,1,1,1,3.3121525498724935e-5,0,0,0
TUR.81.6_1,2055,8,aegypti,23.164486548479864,75.51398290874347,4.0641387566209427e-4,0.06886987327324948,0.0685647900184808,0.06918947406064134,2.457789527454679e-14,2.1649348980190553e-14,2.7977620220553945e-14,0.9999999999999755,0.999999999999972,0.9999999999999784,3.9329601634996436e-5,9.666388301745866e-19,8.514602710479108e-19,1.1003486579696078e-18
TUR.81.6_1,2055,9,aegypti,22.301520571989172,68.52348059438786,3.2393148451358324e-4,0.04751868825818554,0.04727270398544958,0.04777123437522664,0,0,0,1,1,1,3.239262379894914e-5,0,0,0
TUR.81.6_1,2055,10,aegypti,13.803400039672852,76.26587914808051,3.1922095891819945e-4,0,0,0,0,0,0,1,1,1,3.0891873699312455e-5,0,0,0
TUR.81.6_1,2055,11,aegypti,12.942865112248588,77.76530095223936,1.8516398960296534e-4,0,0,0,0,0,0,1,1,1,1.851622753279436e-5,0,0,0
TUR.81.6_1,2055,12,aegypti,8.340004286345312,78.01534611783964,1.52300288727377e-4,0,0,0,0,0,0,1,1,1,1.4738629004140691e-5,0,0,0
TUR.81.6_1,2056,1,aegypti,7.7924788418938125,79.09299980768554,1.687195353137959e-4,0,0,0,0,0,0,1,1,1,1.632756366976018e-5,0,0,0
TUR.81.6_1,2056,2,aegypti,6.966407119351276,77.17057261637609,1.3071472253080681e-4,0,0,0,0,0,0,1,1,1,1.3522121250941765e-5,0,0,0
TUR.81.6_1,2056,3,aegypti,10.20959725450067,77.55585772609022,1.5493000693343406e-4,0,0,0,0,0,0,1,1,1,1.4993114079597802e-5,0,0,0
TUR.81.6_1,2056,4,aegypti,11.094132465474747,84.20080530552966,2.0486643848995062e-4,0,0,0,0,0,0,1,1,1,2.048643399910066e-5,0,0,0
TUR.81.6_1,2056,5,aegypti,16.66173466514139,79.09149259611556,2.8634911089707075e-4,0.0014981827000518507,0.0014840354578452557,0.0015128534139610332,0,0,0,1,1,1,2.771082032848593e-5,0,0,0
TUR.81.6_1,2056,6,aegypti,21.21274950925042,71.7709951700476,3.220771300472884e-4,0.03435021837060425,0.034163044579598366,0.034537250610116005,0,0,0,1,1,1,3.220719434193775e-5,0,0,0
TUR.81.6_1,2056,7,aegypti,22.592682053061093,70.33729297193172,3.782262098150565e-4,0.05355809862616196,0.05329913000096023,0.05382957260658766,0,0,0,1,1,1,3.6601866569063723e-5,0,0,0
TUR.81.6_1,2056,8,aegypti,24.96213211732752,64.44049658061847,4.4911978272449817e-4,0.08294707443231879,0.08248858156451087,0.08337408360575994,4.830159827662328e-12,4.117231555689216e-12,5.569258942905719e-12,0.9999999999951699,0.9999999999944307,0.9999999999958827,4.3462260268412045e-5,2.0992966356788838e-16,1.7894418945868374e-16,2.420525816787497e-16
TUR.81.6_1,2056,9,aegypti,19.886679873746985,75.57788199209294,3.5797015469847e-4,0.020157856111221683,0.020034971489636698,0.02027510973843586,0,0,0,1,1,1,3.579637476436304e-5,0,0,0
TUR.81.6_1,2056,10,aegypti,16.405110359191895,79.98546075208442,3.527646478036318e-4,0.0010453568625021282,0.0010333388675007472,0.0010558925406038866,0,0,0,1,1,1,3.413793159112721e-5,0,0,0
TUR.81.6_1,2056,11,aegypti,11.542646148625542,84.54319401864561,2.0462099293092946e-4,0,0,0,0,0,0,1,1,1,2.0461889945755374e-5,0,0,0
TUR.81.6_1,2056,12,aegypti,4.680129847105811,81.53024632535917,1.6830397946104769e-4,0,0,0,0,0,0,1,1,1,1.6287349242971594e-5,0,0,0
TUR.81.6_1,2057,1,aegypti,4.158376974218031,85.13233696588867,1.4502944776972199e-4,0,0,0,0,0,0,1,1,1,1.4035009357038497e-5,0,0,0
TUR.81.6_1,2057,2,aegypti,2.134182988720782,81.35586009196203,1.0848641589912545e-4,0,0,0,0,0,0,1,1,1,1.16234770074497e-5,0,0,0
TUR.81.6_1,2057,3,aegypti,5.68890633653192,79.03246600245741,1.331761215838167e-4,0,0,0,0,0,0,1,1,1,1.2887928716120989e-5,0,0,0
TUR.81.6_1,2057,4,aegypti,10.061145824544571,79.7315059891234,1.7610092622343643e-4,0,0,0,0,0,0,1,1,1,1.7609937565610245e-5,0,0,0
TUR.81.6_1,2057,5,aegypti,16.935077751384064,78.51349729582259,2.461425308309113e-4,0.002112152587685809,0.002093132552736244,0.0021320891626186774,0,0,0,1,1,1,2.3819961219362362e-5,0,0,0
TUR.81.6_1,2057,6,aegypti,20.83419802609612,80.98258879797729,2.7685394120567923e-4,0.03418883258928896,0.03402331296535608,0.03436888759702421,0,0,0,1,1,1,2.7685010883571337e-5,0,0,0
TUR.81.6_1,2057,7,aegypti,22.11048905989703,83.04895907910945,3.251190695819047e-4,0.05713418513625287,0.05689571748659197,0.05738979259913564,1.1102230246251565e-16,1.1102230246251565e-16,1.1102230246251565e-16,0.9999999999999999,0.9999999999999999,0.9999999999999999,3.146264080677863e-5,3.4930548239196646e-21,3.4930548239196646e-21,3.4930548239196646e-21
TUR.81.6_1,2057,8,aegypti,23.64924492555506,80.53391851665363,3.860584012980355e-4,0.08525835260169952,0.08486042512717523,0.0856087134962967,1.0496329139186856e-11,9.178541260368433e-12,1.1762890661515255e-11,0.9999999999895036,0.9999999999882372,0.9999999999908215,3.735979255381494e-5,3.921406792165839e-16,3.429083974339958e-16,4.39459154947417e-16
TUR.81.6_1,2057,9,aegypti,20.42975352792179,81.94898337148747,3.0770718848533926e-4,0.029027691600563624,0.02888504632488903,0.02917310560493641,0,0,0,1,1,1,3.0770245434852406e-5,0,0,0
TUR.81.6_1,2057,10,aegypti,14.300053596496582,76.05451440198676,3.032325922928133e-4,0,0,0,0,0,0,1,1,1,2.934465901383021e-5,0,0,0
TUR.81.6_1,2057,11,aegypti,8.125185707036186,84.05284520272764,1.758899439337083e-4,0,0,0,0,0,0,1,1,1,1.758883970792713e-5,0,0,0
TUR.81.6_1,2057,12,aegypti,7.367746195372413,82.98067051969511,1.4467224055166356e-4,0,0,0,0,0,0,1,1,1,1.4000441401096353e-5,0,0,0
TUR.81.6_1,2058,1,aegypti,5.06850175296559,86.66560875543945,1.5673230348169453e-4,0,0,0,0,0,0,1,1,1,1.5167527244286383e-5,0,0,0
TUR.81.6_1,2058,2,aegypti,6.766257583218463,82.40969309977453,1.1724050613045823e-4,0,0,0,0,0,0,1,1,1,1.2561403904598478e-5,0,0,0
TUR.81.6_1,2058,3,aegypti,6.487241888747496,79.26922137355116,1.4392249729676968e-4,0,0,0,0,0,0,1,1,1,1.3927886615472396e-5,0,0,0
TUR.81.6_1,2058,4,aegypti,12.590587658040665,78.14909326939684,1.903110315643178e-4,0,0,0,0,0,0,1,1,1,1.9030922066121114e-5,0,0,0
TUR.81.6_1,2058,5,aegypti,15.376019561991972,83.00342649504134,2.6600450070800617e-4,1.0874562777021639e-4,1.0738393216819177e-4,1.1007267508635705e-4,0,0,0,1,1,1,2.5742039704290676e-5,0,0,0
TUR.81.6_1,2058,6,aegypti,20.370407132541434,75.86506560461791,2.9919410575188535e-4,0.025653229803320594,0.02550649578279846,0.025799081192589984,0,0,0,1,1,1,2.9918962994091025e-5,0,0,0
TUR.81.6_1,2058,7,aegypti,22.495821167440976,69.28175097974422,3.513538902961717e-4,0.051101640809653716,0.050853179270720264,0.0513459414057096,0,0,0,1,1,1,3.400141132237078e-5,0,0,0
TUR.81.6_1,2058,8,aegypti,24.82775940614588,70.7428952622591,4.1721059718834446e-4,0.0916282366549544,0.09114894734893585,0.09209817430714355,8.015913854908518e-11,6.898122628662407e-11,9.234395470514301e-11,0.9999999999198409,0.9999999999076561,0.9999999999310187,4.037440401460923e-5,3.2363774452438026e-15,2.7850758995193425e-15,3.728332135572219e-15
TUR.81.6_1,2058,9,aegypti,19.55899928597843,80.28352469228825,3.325369929406277e-4,0.018204346342466822,0.01810330458879062,0.01830423068045386,0,0,0,1,1,1,3.3253146395906263e-5,0,0,0
TUR.81.6_1,2058,10,aegypti,18.33091449737549,73.08561944349067,3.2770132832775155e-4,0.007348395199650582,0.007294602241156461,0.007401921088257456,0,0,0,1,1,1,3.17125289207576e-5,0,0,0
TUR.81.6_1,2058,11,aegypti,12.123711326543022,78.06371708993467,1.900830244887104e-4,0,0,0,0,0,0,1,1,1,1.9008121792229993e-5,0,0,0
TUR.81.6_1,2058,12,aegypti,5.066990217741798,86.97926671110136,1.563462721551775e-4,0,0,0,0,0,0,1,1,1,1.5130169939925331e-5,0,0,0
TUR.81.6_1,2059,1,aegypti,3.5758076134849994,79.43439232477539,1.5031053132316544e-4,0,0,0,0,0,0,1,1,1,1.4546074655452657e-5,0,0,0
TUR.81.6_1,2059,2,aegypti,5.379509269314655,75.65265879801672,1.1243682621639144e-4,0,0,0,0,0,0,1,1,1,1.204673024646219e-5,0,0,0
TUR.81.6_1,2059,3,aegypti,6.541791105971617,82.13550860499647,1.3802557965059776e-4,0,0,0,0,0,0,1,1,1,1.335722495121594e-5,0,0,0
TUR.81.6_1,2059,4,aegypti,14.302794498555802,75.50585138707262,1.825134425746082e-4,0,0,0,0,0,0,1,1,1,1.8251177702710564e-5,0,0,0
TUR.81.6_1,2059,5,aegypti,18.916238868937775,61.497239056076495,2.5510553311330344e-4,0.00920034261283117,0.009123721237958881,0.009268745229730825,0,0,0,1,1,1,2.468732749971725e-5,0,0,0
TUR.81.6_1,2059,6,aegypti,20.448560742770926,74.9300527872351,2.869352648133428e-4,0.026196665465409972,0.026042618033261637,0.026337006572147627,0,0,0,1,1,1,2.8693114826006116e-5,0,0,0
TUR.81.6_1,2059,7,aegypti,21.93352143904742,84.17234164746883,3.369579133318034e-4,0.054818731895987856,0.05458028863699197,0.055044526924844045,0,0,0,1,1,1,3.260829866025272e-5,0,0,0
TUR.81.6_1,2059,8,aegypti,24.413746497210333,78.05434240581378,4.001162819913478e-4,0.09699458749856986,0.09657066743839694,0.09742227076439175,3.9669418894217047e-10,3.5015120802839303e-10,4.479634246878916e-10,0.9999999996033058,0.9999999995520366,0.9999999996498488,3.8720180869700194e-5,1.5360070745799863e-14,1.3557918106603399e-14,1.7345224826925484e-14
TUR.81.6_1,2059,9,aegypti,20.587483630460852,77.99604147695622,3.1891199824898446e-4,0.0292897147513354,0.029133644781259238,0.029441447596640337,0,0,0,1,1,1,3.18906913059358e-5,0,0,0
TUR.81.6_1,2059,10,aegypti,16.513846397399902,73.75187920911567,3.1427446468943376e-4,0.0011129188486679786,0.0011007095503669927,0.0011253159462207274,0,0,0,1,1,1,3.0413195382550384e-5,0,0,0
TUR.81.6_1,2059,11,aegypti,10.785506942692924,74.63397618417295,1.8229477760306966e-4,0,0,0,0,0,0,1,1,1,1.8229311604334164e-5,0,0,0
TUR.81.6_1,2059,12,aegypti,7.495300135191749,82.23686558805448,1.4994031680766869e-4,0,0,0,0,0,0,1,1,1,1.4510247964838463e-5,0,0,0
TUR.81.6_1,2060,1,aegypti,4.0854359093834365,86.36771141657226,1.5556050841430456e-4,0,0,0,0,0,0,1,1,1,1.5054129435254637e-5,0,0,0
TUR.81.6_1,2060,2,aegypti,3.2925751796540097,80.99695811442297,1.2051982395700907e-4,0,0,0,0,0,0,1,1,1,1.2467490275724913e-5,0,0,0
TUR.81.6_1,2060,3,aegypti,5.984996462569518,77.97188098048476,1.4284647360112798e-4,0,0,0,0,0,0,1,1,1,1.3823756734976378e-5,0,0,0
TUR.81.6_1,2060,4,aegypti,11.942358059041641,74.23191034703356,1.888881881357261e-4,0,0,0,0,0,0,1,1,1,1.88886404209887e-5,0,0,0
TUR.81.6_1,2060,5,aegypti,15.662301147685332,75.60688871427962,2.6401574181842866e-4,2.2306436887701973e-4,2.2014852662538385e-4,2.259394996963083e-4,0,0,0,1,1,1,2.5549584102391165e-5,0,0,0
TUR.81.6_1,2060,6,aegypti,22.365287808810965,72.8338613809851,2.9695720774474814e-4,0.05220392295288099,0.05195789776215603,0.05245331831729714,0,0,0,1,1,1,2.9695279860963986e-5,0,0,0
TUR.81.6_1,2060,7,aegypti,23.90469758650836,75.82094699414851,3.487270243188881e-4,0.08323344624309117,0.08287156058924491,0.08359160989252215,5.320646145889896e-12,4.693753719031691e-12,5.995220986321215e-12,0.9999999999946794,0.9999999999940048,0.9999999999953062,3.3747207097145626e-5,1.7955694737597601e-16,1.5840107881915993e-16,2.023219642185357e-16
TUR.81.6_1,2060,8,aegypti,25.95672669130213,66.70959295513019,4.140913594244125e-4,0.1010634260594203,0.10051947054231553,0.10156547854102077,1.2554623808336274e-9,1.0766976976661623e-9,1.4384177488002692e-9,0.9999999987445376,0.9999999985615823,0.9999999989233023,4.0072554437387e-5,5.030958460004702e-14,4.314602710233654e-14,5.764107354250244e-14
TUR.81.6_1,2060,9,aegypti,21.070145831388587,67.27919882558903,3.300508098156662e-4,0.03014944692354872,0.02997847125746403,0.030313388923087096,0,0,0,1,1,1,3.300453631982503e-5,0,0,0
TUR.81.6_1,2060,10,aegypti,13.626066207885742,76.78731774671333,3.252512986173386e-4,0,0,0,0,0,0,1,1,1,3.147543676229603e-5,0,0,0
TUR.81.6_1,2060,11,aegypti,11.6482693938648,80.97620793466123,1.886618857346535e-4,0,0,0,0,0,0,1,1,1,1.8866010608076245e-5,0,0,0
TUR.81.6_1,2060,12,aegypti,6.248361906584571,86.89605290494902,1.5517736321651922e-4,0,0,0,0,0,0,1,1,1,1.5017051425147976e-5,0,0,0
TUR.81.6_1,2061,1,aegypti,2.8765423718620746,81.73892723688476,1.4515585705966386e-4,0,0,0,0,0,0,1,1,1,1.4047242342329902e-5,0,0,0
TUR.81.6_1,2061,2,aegypti,2.5177245727356747,83.56691966227453,1.0858097387347506e-4,0,0,0,0,0,0,1,1,1,1.1633608101191406e-5,0,0,0
TUR.81.6_1,2061,3,aegypti,6.187042380080504,84.49495226954726,1.3329219938198466e-4,0,0,0,0,0,0,1,1,1,1.289916190660989e-5,0,0,0
TUR.81.6_1,2061,4,aegypti,12.13697819148793,72.83925592808825,1.7625441776177118e-4,0,0,0,0,0,0,1,1,1,1.7625286448996746e-5,0,0,0
TUR.81.6_1,2061,5,aegypti,16.116008842692658,67.9376687435765,2.4635707141577406e-4,5.226789846990512e-4,5.164699096160188e-4,5.290415737852638e-4,0,0,0,1,1,1,2.384072271666149e-5,0,0,0
TUR.81.6_1,2061,6,aegypti,21.57966044369866,64.31616881506713,2.7709525019956705e-4,0.03474547546268658,0.034548034799066304,0.03494436329246863,0,0,0,1,1,1,2.7709141114606872e-5,0,0,0
TUR.81.6_1,2061,7,aegypti,24.14289872786578,73.12186557325008,3.2540244700190064e-4,0.08354560812078894,0.08315019533381593,0.08393457381710177,5.915295808733845e-12,5.161296390276959e-12,6.731107338175946e-12,0.9999999999940847,0.9999999999932689,0.9999999999948387,3.149006356484296e-5,1.8627304102187793e-16,1.6252955140681597e-16,2.1196299794094144e-16
TUR.81.6_1,2061,8,aegypti,25.38325371461756,67.65629400493488,3.8639489412162854e-4,0.09479741444599114,0.09430417824670648,0.09528710618605855,2.0865048411256028e-10,1.7970284982293805e-10,2.4048627811357195e-10,0.9999999997913496,0.9999999997595137,0.9999999998202972,3.7392355158316626e-5,7.801933005891554e-15,6.719512783540935e-15,8.992348321924388e-15
TUR.81.6_1,2061,9,aegypti,19.487136111539954,85.80288046621403,3.0797538951488605e-4,0.019022830047889523,0.018915897488733683,0.019125165185307103,0,0,0,1,1,1,3.079706471220689e-5,0,0,0
TUR.81.6_1,2061,10,aegypti,13.814666748046875,75.13123559339301,3.03496893214236e-4,0,0,0,0,0,0,1,1,1,2.937023577143094e-5,0,0,0
TUR.81.6_1,2061,11,aegypti,12.01945851129644,77.83222600106748,1.7604325157751787e-4,0,0,0,0,0,0,1,1,1,1.760417020257865e-5,0,0,0
TUR.81.6_1,2061,12,aegypti,8.198047003325293,79.28218419157011,1.4479833849579608e-4,0,0,0,0,0,0,1,1,1,1.4012644257044293e-5,0,0,0
TUR.81.6_1,2062,1,aegypti,2.596298259847304,85.5084203399121,1.5655633055630186e-4,0,0,0,0,0,0,1,1,1,1.5150497864491186e-5,0,0,0
TUR.81.6_1,2062,2,aegypti,5.634467422085651,74.15262828043859,1.1710887305686723e-4,0,0,0,0,0,0,1,1,1,1.2547300538012784e-5,0,0,0
TUR.81.6_1,2062,3,aegypti,6.767635012374205,79.98513323878554,1.437609067228004e-4,0,0,0,0,0,0,1,1,1,1.3912249035685775e-5,0,0,0
TUR.81.6_1,2062,4,aegypti,10.21701149379506,76.56029474644762,1.9009735775097543e-4,0,0,0,0,0,0,1,1,1,1.9009555091265007e-5,0,0,0
TUR.81.6_1,2062,5,aegypti,15.456439102397246,75.6937493710179,2.657058412158826e-4,1.2438432038702136e-4,1.226675883337304e-4,1.2604263168999996e-4,0,0,0,1,1,1,2.571313791632779e-5,0,0,0
TUR.81.6_1,2062,6,aegypti,19.060419110690848,81.06241515295775,2.98858182264003e-4,0.01372921011027163,0.01365284570683953,0.013813804919640462,0,0,0,1,1,1,2.9885371649829295e-5,0,0,0
TUR.81.6_1,2062,7,aegypti,23.54245584151324,73.07771426709773,3.509594038339043e-4,0.07265438349121775,0.07232195975116763,0.07300690089170819,1.1262935029066057e-13,9.85878045867139e-14,1.290079154614432e-13,0.9999999999998874,0.999999999999871,0.9999999999999014,3.396323651050359e-5,3.825257261946062e-18,3.348360924229875e-18,4.381526344544048e-18
TUR.81.6_1,2062,8,aegypti,23.34860672670252,75.55109228374347,4.167421693807953e-4,0.07232917203480184,0.07198876508512098,0.07266233025125815,9.912792808819404e-14,8.64863736182997e-14,1.1269873922969963e-13,0.9999999999999009,0.9999999999998873,0.9999999999999135,4.0329074120437625e-5,3.997737559274188e-18,3.4879153720602695e-18,4.545035807674428e-18
TUR.81.6_1,2062,9,aegypti,20.376546130460852,77.91195791982732,3.3216363335776495e-4,0.026575094445349744,0.026422719298147147,0.026716962664711182,0,0,0,1,1,1,3.3215811678477536e-5,0,0,0
TUR.81.6_1,2062,10,aegypti,14.880533218383789,81.10913323743598,3.2733339804075977e-4,6.549800894331003e-6,6.444285844906008e-6,6.653059629047592e-6,0,0,0,1,1,1,3.167692389249854e-5,0,0,0
TUR.81.6_1,2062,11,aegypti,10.70114682001226,80.92902012948545,1.8986960667283128e-4,0,0,0,0,0,0,1,1,1,1.898678041611923e-5,0,0,0
TUR.81.6_1,2062,12,aegypti,8.439263662871191,77.68758732877714,1.561707326507217e-4,0,0,0,0,0,0,1,1,1,1.5113182502801692e-5,0,0,0
TUR.81.6_1,2063,1,aegypti,7.540890974156996,75.5675252593457,1.7125984322822167e-4,0,0,0,0,0,0,1,1,1,1.6573395875352226e-5,0,0,0
TUR.81.6_1,2063,2,aegypti,7.619369327145465,76.20113597086828,1.2810754550190545e-4,0,0,0,0,0,0,1,1,1,1.3725714248180587e-5,0,0,0
TUR.81.6_1,2063,3,aegypti,7.977186823592467,80.3618574819496,1.5726269426607193e-4,0,0,0,0,0,0,1,1,1,1.521885460487038e-5,0,0,0
TUR.81.6_1,2063,4,aegypti,14.895426792256973,66.42137491612536,2.0795098844516666e-4,5.679795474006013e-6,5.576726565106123e-6,5.782357109002762e-6,0,0,0,1,1,1,2.0794882627961364e-5,0,0,0
TUR.81.6_1,2063,5,aegypti,14.100015724406523,77.40245908781478,2.906604961278783e-4,0,0,0,0,0,0,1,1,1,2.8128039508468206e-5,0,0,0
TUR.81.6_1,2063,6,aegypti,19.08312609616448,77.78977873938354,3.2692645043566523e-4,0.013239829473060459,0.013157991232631857,0.013319891334780667,0,0,0,1,1,1,3.2692110644827466e-5,0,0,0
TUR.81.6_1,2063,7,aegypti,23.328664947958554,80.26572543653133,3.839209329095071e-4,0.07819568885017956,0.07786679008983399,0.07854823007715989,9.077354423681073e-13,8.038014698286133e-13,1.0290795993128654e-12,0.9999999999990923,0.9999999999989709,0.9999999999991962,3.715294848072315e-5,3.372504812442872e-17,2.986359459727201e-17,3.823334133583411e-17
TUR.81.6_1,2063,8,aegypti,25.916380545672247,69.08348669292316,4.5588190743316506e-4,0.10556487803729801,0.10506230498790456,0.10609084332741721,4.239932120508882e-9,3.7025388560651963e-9,4.858109245442499e-9,0.9999999957600679,0.9999999951418908,0.9999999962974612,4.4116630777968346e-5,1.8705151988413875e-13,1.6334353965410957e-13,2.143234118602211e-13
TUR.81.6_1,2063,9,aegypti,20.00571559457218,70.45200079702458,3.633598946323635e-4,0.019742406641117316,0.019623641967930844,0.019855218846334607,0,0,0,1,1,1,3.6335329319125975e-5,0,0,0
TUR.81.6_1,2063,10,aegypti,13.939825057983398,76.85170983655708,3.580760115711913e-4,0,0,0,0,0,0,1,1,1,3.465191685725344e-5,0,0,0
TUR.81.6_1,2063,11,aegypti,10.453731277409721,82.47930546884092,2.0770184736093565e-4,0,0,0,0,0,0,1,1,1,2.076996903732642e-5,0,0,0
TUR.81.6_1,2063,12,aegypti,7.334136805113624,81.15211827360136,1.708380306025416e-4,0,0,0,0,0,0,1,1,1,1.653257597444835e-5,0,0,0
TUR.81.6_1,2064,1,aegypti,4.986424726598402,78.87561546930664,1.5507380414888532e-4,0,0,0,0,0,0,1,1,1,1.5007029730340626e-5,0,0,0
TUR.81.6_1,2064,2,aegypti,2.5202997318085507,81.19171366862219,1.2014275195470353e-4,0,0,0,0,0,0,1,1,1,1.2428483312842964e-5,0,0,0
TUR.81.6_1,2064,3,aegypti,7.679826403365416,79.794695921891,1.4239954790828697e-4,0,0,0,0,0,0,1,1,1,1.3780506458394015e-5,0,0,0
TUR.81.6_1,2064,4,aegypti,12.051343959920548,82.95968592076403,1.8829721110826537e-4,0,0,0,0,0,0,1,1,1,1.882954383269908e-5,0,0,0
TUR.81.6_1,2064,5,aegypti,18.269508445964142,76.61535734220931,2.631897121982462e-4,0.007406092702782027,0.0073542228957143175,0.007460645142074695,0,0,0,1,1,1,2.546964779126526e-5,0,0,0
TUR.81.6_1,2064,6,aegypti,21.648210553561942,73.15165618078979,2.960281137148455e-4,0.04133053490720379,0.04111581783709055,0.041549936774741815,0,0,0,1,1,1,2.9602373212589406e-5,0,0,0
TUR.81.6_1,2064,7,aegypti,23.075082947226132,84.40107852491023,3.4763595736408666e-4,0.07844443779784423,0.07813181057903702,0.07874343103545663,9.928641242495927e-13,8.851641641882679e-13,1.1041556557955799e-12,0.9999999999990071,0.9999999999988959,0.9999999999991148,3.3641623530256126e-5,3.3401561084702246e-17,2.977835957409553e-17,3.714558889107797e-17
TUR.81.6_1,2064,8,aegypti,25.582380911883185,66.82521642925128,4.127957861908233e-4,0.09609977827216566,0.09557019444750398,0.09658716683708357,3.061149232985727e-10,2.6138231024042117e-10,3.5183411184469545e-10,0.9999999996938851,0.9999999996481659,0.9999999997386176,3.994718139888054e-5,1.2228428369912486e-14,1.0441486561632574e-14,1.4054781088174074e-14
TUR.81.6_1,2064,9,aegypti,20.332665667814368,83.62703818105778,3.290181753856313e-4,0.028475587533230692,0.028333523834386032,0.028622394229282616,0,0,0,1,1,1,3.2901276279750924e-5,0,0,0
TUR.81.6_1,2064,10,aegypti,17.25382900238037,80.1383843360688,3.2423368048286585e-4,0.0031168374553843864,0.0030911332797334897,0.003141616290710766,0,0,0,1,1,1,3.137696068278295e-5,0,0,0
TUR.81.6_1,2064,11,aegypti,11.365543106023003,80.03575535897764,1.8807161674257397e-4,0,0,0,0,0,0,1,1,1,1.8806984820707306e-5,0,0,0
TUR.81.6_1,2064,12,aegypti,5.246534666594337,81.77363926969511,1.5469185770265934e-4,0,0,0,0,0,0,1,1,1,1.497006772510634e-5,0,0,0
TUR.81.6_1,2065,1,aegypti,6.14001635944142,79.42049919733398,1.612574558591797e-4,0,0,0,0,0,0,1,1,1,1.560543847833884e-5,0,0,0
TUR.81.6_1,2065,2,aegypti,6.7999518504914125,80.23414073161047,1.2062545705166872e-4,0,0,0,0,0,0,1,1,1,1.292407259612105e-5,0,0,0
TUR.81.6_1,2065,3,aegypti,7.751485491500182,78.44748980616835,1.4807780680443694e-4,0,0,0,0,0,0,1,1,1,1.4330007660379174e-5,0,0,0
TUR.81.6_1,2065,4,aegypti,11.435163539998673,84.41773188023669,1.9580566411813276e-4,0,0,0,0,0,0,1,1,1,1.9580374713723536e-5,0,0,0
TUR.81.6_1,2065,5,aegypti,16.169241035685822,84.19662565275618,2.736845441455172e-4,7.570322413347017e-4,7.491289266173467e-4,7.64889399975007e-4,0,0,0,1,1,1,2.6485250305907648e-5,0,0,0
TUR.81.6_1,2065,6,aegypti,21.14532092038323,86.03536894934447,3.078323946616812e-4,0.04212061753853491,0.04192860314127994,0.042309716809499825,0,0,0,1,1,1,3.078276566714777e-5,0,0,0
TUR.81.6_1,2065,7,aegypti,22.150739838095273,80.2853482392657,3.6149812895465644e-4,0.055302939976545624,0.0550556588250933,0.05555057028450022,9.992007221626408e-19,0,0,1,1,1,3.498307797666911e-5,3.495511677775975e-23,0,0
TUR.81.6_1,2065,8,aegypti,23.327835700091192,74.10974706889972,4.2925624115477365e-4,0.07011716935332868,0.06979597579277957,0.07044747139462025,4.097577832595789e-14,3.5857428137830996e-14,4.674038933671909e-14,0.999999999999959,0.9999999999999533,0.9999999999999641,4.154006375101105e-5,1.7021364439075874e-18,1.4895198507927968e-18,1.941598752794388e-18
TUR.81.6_1,2065,9,aegypti,20.29673694161808,70.96430319570622,3.421379528626057e-4,0.022915084131924696,0.022789482402142194,0.0230487706639085,0,0,0,1,1,1,3.421321000107724e-5,0,0,0
TUR.81.6_1,2065,10,aegypti,13.126330375671387,84.65184258802192,3.3716267364103955e-4,0,0,0,0,0,0,1,1,1,3.262811352777728e-5,0,0,0
TUR.81.6_1,2065,11,aegypti,11.586253860417534,81.56802769784483,1.955710740552448e-4,0,0,0,0,0,0,1,1,1,1.9556916166507676e-5,0,0,0
TUR.81.6_1,2065,12,aegypti,9.412913641508887,77.40794713102323,1.6086027909208546e-4,0,0,0,0,0,0,1,1,1,1.5567002616068137e-5,0,0,0
TUR.81.6_1,2066,1,aegypti,7.094702047460219,78.4905217803418,1.573951041866159e-4,0,0,0,0,0,0,1,1,1,1.5231668273107957e-5,0,0,0
TUR.81.6_1,2066,2,aegypti,4.654486476498493,81.73491130045812,1.1773630111580842e-4,0,0,0,0,0,0,1,1,1,1.2614524127152471e-5,0,0,0
TUR.81.6_1,2066,3,aegypti,5.993834162459654,76.3104429922035,1.4453112698282214e-4,0,0,0,0,0,0,1,1,1,1.3986785440400773e-5,0,0,0
TUR.81.6_1,2066,4,aegypti,12.11610702907338,84.27008783726794,1.9111583238120796e-4,0,0,0,0,0,0,1,1,1,1.9111400612947804e-5,0,0,0
TUR.81.6_1,2066,5,aegypti,15.372617805705351,76.46353239103743,2.671293994472257e-4,9.550969442539734e-5,9.420062129350449e-5,9.682598490523894e-5,0,0,0,1,1,1,2.5850898064394556e-5,0,0,0
TUR.81.6_1,2066,6,aegypti,19.721284894382254,80.23696807043822,3.0045935905190994e-4,0.01987610272991149,0.019762906288077836,0.019987587300896194,0,0,0,1,1,1,3.0045484530560884e-5,0,0,0
TUR.81.6_1,2066,7,aegypti,22.84763734480914,78.16510135205867,3.5283972060040354e-4,0.06607425717801114,0.06575857493090245,0.06637786292670263,7.548295322123977e-15,6.5503158452884236e-15,8.548717289613705e-15,0.9999999999999925,0.9999999999999915,0.9999999999999934,3.4145196452506354e-5,2.577380266554579e-19,2.2366182136333844e-19,2.9189763127079763e-19
TUR.81.6_1,2066,8,aegypti,23.13061012941248,85.73192419292316,4.189749270155354e-4,0.08150941680669345,0.08117935738794695,0.08184736391305825,2.941109578102896e-12,2.6176477652128937e-12,3.3012398370502182e-12,0.9999999999970589,0.9999999999966988,0.9999999999973823,4.0545138702552386e-5,1.1924769578358726e-16,1.0613289171498306e-16,1.3384922708359254e-16
TUR.81.6_1,2066,9,aegypti,20.274504885954016,86.56736105703435,3.3394324901188637e-4,0.028999411865048307,0.028866184489223155,0.029139609760920084,0,0,0,1,1,1,3.3393767316924894e-5,0,0,0
TUR.81.6_1,2066,10,aegypti,15.160974502563477,81.4293770728852,3.290871349967939e-4,4.431738000625046e-5,4.3693243712620726e-5,4.495964248388884e-5,0,0,0,1,1,1,3.1846634981569366e-5,0,0,0
TUR.81.6_1,2066,11,aegypti,12.621542671147514,80.98031254891904,1.908868610930733e-4,0,0,0,0,0,0,1,1,1,1.9088503921516065e-5,0,0,0
TUR.81.6_1,2066,12,aegypti,5.966530165251563,86.09304387174589,1.5700744038338758e-4,0,0,0,0,0,0,1,1,1,1.5194152991893084e-5,0,0,0
TUR.81.6_1,2067,1,aegypti,7.790907186620375,75.65118157038086,1.632425748973058e-4,0,0,0,0,0,0,1,1,1,1.5797543755913246e-5,0,0,0
TUR.81.6_1,2067,2,aegypti,5.321603118496784,81.99978099039953,1.2211038616703962e-4,0,0,0,0,0,0,1,1,1,1.3083170075312012e-5,0,0,0
TUR.81.6_1,2067,3,aegypti,8.350705767379088,78.32506854151991,1.4990068111338142e-4,0,0,0,0,0,0,1,1,1,1.450641230804628e-5,0,0,0
TUR.81.6_1,2067,4,aegypti,9.487847370259903,81.43967401890856,1.9821608011746038e-4,0,0,0,0,0,0,1,1,1,1.982141156497974e-5,0,0,0
TUR.81.6_1,2067,5,aegypti,14.361395920024199,86.39801878019759,2.770536683582828e-4,0,0,0,0,0,0,1,1,1,2.6811285896100046e-5,0,0,0
TUR.81.6_1,2067,6,aegypti,21.053953198825614,73.47221282141479,3.1162188733313014e-4,0.03317514878486599,0.032992807161981566,0.033365379258330864,0,0,0,1,1,1,3.116170319739098e-5,0,0,0
TUR.81.6_1,2067,7,aegypti,22.81143777510699,67.83888751538875,3.6594826004603077e-4,0.054586194562805855,0.05429085579802972,0.054846699431414354,0,0,0,1,1,1,3.541372066573345e-5,0,0,0
TUR.81.6_1,2067,8,aegypti,24.13602127748377,70.67391790630207,4.345404913124528e-4,0.07971692789638389,0.07933209996853781,0.08007824907854807,1.5677883435927242e-12,1.3636758389168335e-12,1.7779472338830259e-12,0.9999999999984323,0.999999999998222,0.9999999999986363,4.205142142510443e-5,6.592772834178406e-17,5.734450738952459e-17,7.476520840361384e-17
TUR.81.6_1,2067,9,aegypti,21.174712405485266,71.33652609609685,3.463497554132187e-4,0.033601983273594815,0.033409517341718535,0.033777385790757924,0,0,0,1,1,1,3.4634375757458535e-5,0,0,0
TUR.81.6_1,2067,10,aegypti,17.455430030822754,72.50411462171333,3.413132292778271e-4,0.0034042225315489413,0.0033733138856383914,0.0034324042980996335,0,0,0,1,1,1,3.3029767016024e-5,0,0,0
TUR.81.6_1,2067,11,aegypti,11.196197250310112,84.36286564950498,1.9797860219306234e-4,0,0,0,0,0,0,1,1,1,1.9797664242982016e-5,0,0,0
TUR.81.6_1,2067,12,aegypti,6.770858130034278,80.65468175016386,1.628405087862885e-4,0,0,0,0,0,0,1,1,1,1.5758634746232403e-5,0,0,0
TUR.81.6_1,2068,1,aegypti,2.9918582860161274,84.62147270807617,1.5664216199931427e-4,0,0,0,0,0,0,1,1,1,1.5158804007375792e-5,0,0,0
TUR.81.6_1,2068,2,aegypti,5.893553554135211,84.96969065836828,1.2135783034421275e-4,0,0,0,0,0,0,1,1,1,1.2554179507073826e-5,0,0,0
TUR.81.6_1,2068,3,aegypti,6.756263876662535,78.88560778712538,1.438397231208914e-4,0,0,0,0,0,0,1,1,1,1.391987632282099e-5,0,0,0
TUR.81.6_1,2068,4,aegypti,12.053913158528946,79.25613367467028,1.902015779410542e-4,0,0,0,0,0,0,1,1,1,1.9019976912004743e-5,0,0,0
TUR.81.6_1,2068,5,aegypti,17.89123734305887,80.01049131437728,2.658515134840517e-4,0.005733378189231543,0.005691853302975468,0.005774677648914908,0,0,0,1,1,1,2.5727234870043247e-5,0,0,0
TUR.81.6_1,2068,6,aegypti,20.567258862888114,77.38295653479369,2.9902203018346193e-4,0.02874640933080833,0.028597913778736214,0.028902435811470915,0,0,0,1,1,1,2.9901755951966535e-5,0,0,0
TUR.81.6_1,2068,7,aegypti,24.344505478354062,70.10029346021297,3.51151816059988e-4,0.08239097250635863,0.08199278516949766,0.08278852552852099,3.990939800857518e-12,3.471403720034516e-12,4.56251425529075e-12,0.9999999999960091,0.9999999999954374,0.9999999999965287,3.3981856415898903e-05,1.3561954327723633e-16,1.1796474277583023e-16,1.550427043187822e-16
TUR.81.6_1,2068,8,aegypti,23.375771185931036,71.59364904643878,4.1697064677059467e-4,0.06784467999539427,0.06750815332577198,0.06817382561106324,1.6036616479198073e-14,1.3877787807814457e-14,1.8321455463876643e-14,0.999999999999984,0.9999999999999817,0.9999999999999861,4.035118394363213e-5,6.470964613856037e-19,5.599851685638164e-19,7.392924195379504e-19
TUR.81.6_1,2068,9,aegypti,22.84921382455265,64.59362906240544,3.3234574087054347e-4,0.05206709978000654,0.051775576196502,0.0523225328672808,0,0,0,1,1,1,3.323402182475732e-5,0,0,0
TUR.81.6_1,2068,10,aegypti,12.761392593383789,82.71678399427192,3.2751285739446436e-4,0,0,0,0,0,0,1,1,1,3.1694290376416134e-5,0,0,0
TUR.81.6_1,2068,11,aegypti,11.572043159428764,77.25011082772764,1.8997370199920369e-4,0,0,0,0,0,0,1,1,1,1.8997189751068788e-5,0,0,0
TUR.81.6_1,2068,12,aegypti,9.063384375151465,80.16781193815214,1.562563526910745e-4,0,0,0,0,0,0,1,1,1,1.512146818793969e-5,0,0,0
TUR.81.6_1,2069,1,aegypti,6.940159601323744,79.35918175348633,1.6579717369673874e-4,0,0,0,0,0,0,1,1,1,1.60447590585866e-5,0,0,0
TUR.81.6_1,2069,2,aegypti,4.311116992550739,85.49608073405187,1.2402130337780311e-4,0,0,0,0,0,0,1,1,1,1.3287908505410506e-5,0,0,0
TUR.81.6_1,2069,3,aegypti,9.226654673323912,74.18247515773085,1.5224649133015438e-4,0,0,0,0,0,0,1,1,1,1.4733422881052505e-5,0,0,0
TUR.81.6_1,2069,4,aegypti,12.235453647725723,78.47333490758044,2.0131798267330353e-4,0,0,0,0,0,0,1,1,1,2.0131595624084397e-5,0,0,0
TUR.81.6_1,2069,5,aegypti,13.877583587870879,82.88375944181868,2.813893079364493e-4,0,0,0,0,0,0,1,1,1,2.723085258227176e-5,0,0,0
TUR.81.6_1,2069,6,aegypti,20.747707394992606,74.89171507971557,3.1649848830416383e-4,0.029888200197540703,0.029725698823487766,0.03005326759602129,0,0,0,1,1,1,3.1649347979278986e-5,0,0,0
TUR.81.6_1,2069,7,aegypti,24.295986343832578,70.9889615205157,3.716750196634668e-4,0.08293947814070846,0.08254435983453821,0.08335775343981512,4.815956411441391e-12,4.196670788658707e-12,5.538508540681164e-12,0.9999999999951841,0.9999999999944614,0.9999999999958034,3.596790342941247e-5,1.7321985512698379e-16,1.5094544965151268e-16,1.992085403341963e-16
TUR.81.6_1,2069,8,aegypti,25.11507858949549,68.94851125957355,4.4134065737274757e-4,0.09309198915401837,0.09260397401467359,0.09354318442042842,1.2522757131261385e-10,1.0773270608943619e-10,1.4309554374758448e-10,0.9999999998747724,0.9999999998569045,0.9999999998922673,4.270947412177151e-5,5.348403716308378e-15,4.601207222795191e-15,6.1115354226282825e-15
TUR.81.6_1,2069,9,aegypti,22.739033923429602,66.94291418813786,3.517698161413658e-4,0.05265029507982787,0.05238181387200564,0.05292820633743524,0,0,0,1,1,1,3.5176362911393255e-5,0,0,0
TUR.81.6_1,2069,10,aegypti,14.290814399719238,83.36069726331489,3.466544729227048e-4,0,0,0,0,0,0,1,1,1,3.354664435573085e-5,0,0,0
TUR.81.6_1,2069,11,aegypti,11.458595016423393,76.39623662118467,2.0107678843396163e-4,0,0,0,0,0,0,1,1,1,2.010747668534929e-5,0,0,0
TUR.81.6_1,2069,12,aegypti,8.8067830415333,79.97758824430448,1.6538881561437057e-4,0,0,0,0,0,0,1,1,1,1.600524116773805e-5,0,0,0
TUR.81.6_1,2070,1,aegypti,6.248122495763441,85.8691838897168,1.549714756432336e-4,0,0,0,0,0,0,1,1,1,1.4997127120386367e-5,0,0,0
TUR.81.6_1,2070,2,aegypti,2.733723699170001,86.8968451993839,1.1592335362007054e-4,0,0,0,0,0,0,1,1,1,1.2420282184066878e-5,0,0,0
TUR.81.6_1,2070,3,aegypti,9.37301220963983,77.71270281886366,1.423055827603827e-4,0,0,0,0,0,0,1,1,1,1.3771413182261938e-5,0,0,0
TUR.81.6_1,2070,4,aegypti,11.437829059713028,77.32537043004137,1.881729594828097e-4,0,0,0,0,0,0,1,1,1,1.8817118904057573e-5,0,0,0
TUR.81.6_1,2070,5,aegypti,14.191907966838164,90.27352994963118,2.630160412800666e-4,0,0,0,0,0,0,1,1,1,2.5452841356132794e-5,0,0,0
TUR.81.6_1,2070,6,aegypti,20.37416842404534,78.57245543616088,2.958327737302905e-4,0.0268216648617664,0.026670827582423635,0.026962608733634597,0,0,0,1,1,1,2.9582839792152704e-5,0,0,0
TUR.81.6_1,2070,7,aegypti,23.542410065146054,73.50627261670711,3.474065629268824e-4,0.07322025845189453,0.07287616464093948,0.07354455150418562,1.4039591711423328e-13,1.2256862191861728e-13,1.5887846593898305e-13,0.9999999999998596,0.9999999999998411,0.9999999999998774,3.3619424815167775e-5,4.7200299797784924e-18,4.120686569291679e-18,5.341402640384834e-18
TUR.81.6_1,2070,8,aegypti,27.18487610536463,61.23303808452472,4.1252339475648616e-4,0.1019847582754011,0.10136527271219468,0.10260283356648228,1.6202189523362164e-9,1.3611832522242296e-9,1.9110310528480665e-9,0.999999998379781,0.9999999980889689,0.9999999986388167,3.992082199022473e-5,6.468047238140251e-14,5.4339554308118635e-14,7.628993047853943e-14
TUR.81.6_1,2070,9,aegypti,20.19365619210636,70.04293173574528,3.288010662587594e-4,0.02150560252418607,0.021381758298625146,0.02162951197014424,0,0,0,1,1,1,3.287956608111209e-5,0,0,0
TUR.81.6_1,2070,10,aegypti,17.26932430267334,76.72748803479926,3.240197284992419e-4,0.003003757025084994,0.002976959138436536,0.003030628618095925,0,0,0,1,1,1,3.135625630157346e-5,0,0,0
TUR.81.6_1,2070,11,aegypti,9.488468864384819,75.8742715943292,1.8794751398000623e-4,0,0,0,0,0,0,1,1,1,1.8794574777714068e-5,0,0,0
TUR.81.6_1,2070,12,aegypti,3.8796451898182136,83.47175938688261,1.5458978123189708e-4,0,0,0,0,0,0,1,1,1,1.496018950475353e-5,0,0,0
TUR.81.6_1,2071,1,aegypti,3.9268651429344623,83.26978813776367,1.6445548119846428e-4,0,0,0,0,0,0,1,1,1,1.591491992392058e-5,0,0,0
TUR.81.6_1,2071,2,aegypti,5.858438788967975,79.53155741862219,1.2301767678599777e-4,0,0,0,0,0,0,1,1,1,1.3180378507948731e-5,0,0,0
TUR.81.6_1,2071,3,aegypti,10.468862200484557,69.18078906153944,1.510144560019774e-4,0,0,0,0,0,0,1,1,1,1.4614195405382446e-5,0,0,0
TUR.81.6_1,2071,4,aegypti,13.331959766500137,73.46242487340075,1.9968884255530266e-4,0,0,0,0,0,0,1,1,1,1.9968684878635123e-5,0,0,0
TUR.81.6_1,2071,5,aegypti,15.699238861308379,73.19613737150618,2.7911220082337186e-4,2.348195522624525e-4,0.00023140094569584334,2.3801377734516304e-4,0,0,0,1,1,1,2.701049335429584e-5,0,0,0
TUR.81.6_1,2071,6,aegypti,19.627313641940848,80.01311400549682,3.1393726462341744e-4,0.018823872628708656,0.018714466710607284,0.01893091610608193,0,0,0,1,1,1,3.139323368450686e-5,0,0,0
TUR.81.6_1,2071,7,aegypti,23.068067718954648,70.05157977613094,3.6866728693461695e-4,0.06092072013945983,0.060625718444782935,0.061229437301074274,7.429612480791548e-16,6.661338147750939e-16,8.881784197001252e-16,0.9999999999999992,0.9999999999999991,0.9999999999999993,3.5676842947029996e-5,2.6506511763449395e-20,2.3765551491436996e-20,3.168740198858266e-20
TUR.81.6_1,2071,8,aegypti,26.33214058595545,66.40478338481769,4.377691643492077e-4,0.10522532978128504,0.1046667023540436,0.1057759533592029,3.877304615484967e-9,3.332671080769067e-9,4.47181127127827e-9,0.9999999961226954,0.9999999955281887,0.999999996667329,4.2363860466521075e-5,1.6425759171660328e-13,1.4118481264651077e-13,1.8944318872904885e-13
TUR.81.6_1,2071,9,aegypti,21.880297885221594,73.57676047109685,3.489231637352185e-4,0.0451533588886415,0.044925193482591164,0.045397155441844,0,0,0,1,1,1,3.489170764370275e-5,0,0,0
TUR.81.6_1,2071,10,aegypti,17.973532676696777,73.19779443128364,3.4384921577963436e-4,0.005532998689225239,0.00548955155949212,0.005578824261380769,0,0,0,1,1,1,3.327517692830462e-5,0,0,0
TUR.81.6_1,2071,11,aegypti,10.245990493718315,77.78380223397764,1.9944960014960388e-4,0,0,0,0,0,0,1,1,1,1.9944761115553433e-5,0,0,0
TUR.81.6_1,2071,12,aegypti,6.939036688383887,78.22463566862089,1.6405042770183486e-4,0,0,0,0,0,0,1,1,1,1.5875721821489996e-5,0,0,0
TUR.81.6_1,2072,1,aegypti,5.421170515172621,77.38340508112304,1.6598474303286404e-4,0,0,0,0,0,0,1,1,1,1.606291063838139e-5,0,0,0
TUR.81.6_1,2072,2,aegypti,7.278162776547321,81.93825755289953,1.2859595416461533e-4,0,0,0,0,0,0,1,1,1,1.3302941256232437e-5,0,0,0
TUR.81.6_1,2072,3,aegypti,7.357802057967467,77.67772967433241,1.5241873053465637e-4,0,0,0,0,0,0,1,1,1,1.4750090945536698e-5,0,0,0
TUR.81.6_1,2072,4,aegypti,10.738110584371231,84.68691980748278,2.0154573734196382e-4,0,0,0,0,0,0,1,1,1,2.0154370632186058e-5,0,0,0
TUR.81.6_1,2072,5,aegypti,16.76838120292215,77.56642240568587,2.8170764874109374e-4,0.0016864850528428626,0.0016707029888913896,0.0017027726067726427,0,0,0,1,1,1,2.7261658917532294e-5,0,0,0
TUR.81.6_1,2072,6,aegypti,21.278745679294364,71.43588164465697,3.16856548758466e-4,0.03503573320820586,0.03484589848379824,0.035217007155242966,0,0,0,1,1,1,3.168515289075913e-5,0,0,0
TUR.81.6_1,2072,7,aegypti,21.678751160116757,78.34503299268367,3.720955023239261e-4,0.045544357928536984,0.04532119192258601,0.04575902591214318,0,0,0,1,1,1,3.600859383534605e-5,0,0,0
TUR.81.6_1,2072,8,aegypti,24.4091116400326,69.40559973003253,4.4183995402698325e-4,0.08237064025471705,0.08193885495653173,0.08280025368418592,3.9641682159086144e-12,3.4073577293014523e-12,4.580869017445366e-12,0.9999999999960358,0.9999999999954191,0.9999999999965926,4.275779108797728e-5,1.6949907641342017e-16,1.4569108995147614e-16,1.958678404493167e-16
TUR.81.6_1,2072,9,aegypti,22.011414752287024,64.47297400259099,3.521677796856856e-4,0.040382328049970745,0.04015748621552121,0.04059251877867878,0,0,0,1,1,1,3.521615786516996e-5,0,0,0
TUR.81.6_1,2072,10,aegypti,17.166638374328613,71.25065087659614,3.470466493868821e-4,0.002460796061053494,0.0024375730783210833,0.0024840511482130353,0,0,0,1,1,1,3.3584595642954795e-5,0,0,0
TUR.81.6_1,2072,11,aegypti,11.737522819462944,76.83450719003233,2.0130427023522414e-4,0,0,0,0,0,0,1,1,1,2.0130224407832742e-5,0,0,0
TUR.81.6_1,2072,12,aegypti,3.6433494897449714,85.13136632047636,1.6557592296762423e-4,0,0,0,0,0,0,1,1,1,1.602334804096106e-5,0,0,0
TUR.81.6_1,2073,1,aegypti,5.2775395337273086,83.13753258356445,1.568283538847572e-4,0,0,0,0,0,0,1,1,1,1.5176822303564208e-5,0,0,0
TUR.81.6_1,2073,2,aegypti,7.023814498501666,79.91573558024328,1.173123547386835e-4,0,0,0,0,0,0,1,1,1,1.2569101873083355e-5,0,0,0
TUR.81.6_1,2073,3,aegypti,6.130315447554869,79.68648058985976,1.440106974544146e-4,0,0,0,0,0,0,1,1,1,1.3936421995652815e-5,0,0,0
TUR.81.6_1,2073,4,aegypti,10.094965976827286,77.85006678013903,1.904276600504879e-4,0,0,0,0,0,0,1,1,1,1.904258469276332e-5,0,0,0
TUR.81.6_1,2073,5,aegypti,16.597255790934845,74.52961820646712,2.661675164931501e-4,0.0012716357195174351,0.0012589314488481937,0.00128476346183684,0,0,0,1,1,1,2.575781501923391e-5,0,0,0
TUR.81.6_1,2073,6,aegypti,21.997938184177176,69.1949224771765,2.9937746115350354e-4,0.043607416906677375,0.043390965989064015,0.04383165850072512,0,0,0,1,1,1,2.993729798550504e-5,0,0,0
TUR.81.6_1,2073,7,aegypti,25.77020471236285,61.864404025398514,3.5156921082698053e-4,0.08908504417967064,0.08857466987723327,0.08961662684867894,3.6297704064658375e-11,3.0765270886412564e-11,4.2783221410047645e-11,0.9999999999637023,0.9999999999572168,0.9999999999692347,3.40222480844643e-5,1.2349294925842756e-15,1.0467036784832752e-15,1.4555813726652056e-15
TUR.81.6_1,2073,8,aegypti,24.7241693945492,72.18916525127277,4.1746627674598346e-4,0.09239752503138764,0.09191473900257348,0.09283731110494274,1.0142133100021766e-10,8.730442757620693e-11,1.1563728863350775e-10,0.9999999998985787,0.9999999998843627,0.9999999999126955,4.039914619824447e-5,4.0973351786983374e-15,3.5270243334052304e-15,4.671647729473673e-15
TUR.81.6_1,2073,9,aegypti,20.780173526090735,68.91180914663396,3.3274078189475943e-4,0.0274988989442354,0.027333810158641253,0.027656224358083313,0,0,0,1,1,1,3.327352461346411e-5,0,0,0
TUR.81.6_1,2073,10,aegypti,13.999387741088867,83.00022363050239,3.279021538370488e-4,0,0,0,0,0,0,1,1,1,3.173196303096759e-5,0,0,0
TUR.81.6_1,2073,11,aegypti,10.115354278508354,81.59370823983701,1.9019951324509264e-4,0,0,0,0,0,0,1,1,1,1.9019770446382367e-5,0,0,0
TUR.81.6_1,2073,12,aegypti,6.146327814635108,81.03274113737089,1.5644208598630387e-4,0,0,0,0,0,0,1,1,1,1.5139442105849277e-5,0,0,0
TUR.81.6_1,2074,1,aegypti,3.46447662746205,89.46207176813476,1.62752873643138e-4,0,0,0,0,0,0,1,1,1,1.5750154059523958e-5,0,0,0
TUR.81.6_1,2074,2,aegypti,6.92338687093819,78.99351725748937,1.2174407480929159e-4,0,0,0,0,0,0,1,1,1,1.3043922942546082e-5,0,0,0
TUR.81.6_1,2074,3,aegypti,5.952666903243346,82.42856127833632,1.494510033771168e-4,0,0,0,0,0,0,1,1,1,1.4462895738143189e-5,0,0,0
TUR.81.6_1,2074,4,aegypti,12.756765407674454,75.2031856766234,1.9762146401874464e-4,0,0,0,0,0,0,1,1,1,1.9761951131958e-5,0,0,0
TUR.81.6_1,2074,5,aegypti,17.155328834758087,82.9249505428929,2.762225522787172e-4,0.0029230263284060307,0.002900860758939958,0.002948058420785341,0,0,0,1,1,1,2.673085746096593e-5,0,0,0
TUR.81.6_1,2074,6,aegypti,21.05708315793206,77.91126158850463,3.106870722020335e-4,0.035691287496094855,0.03550227764637957,0.03587566571121609,0,0,0,1,1,1,3.106822459286729e-5,0,0,0
TUR.81.6_1,2074,7,aegypti,24.647567917318906,73.8932812836993,3.648504746060632e-4,0.09405857190769412,0.09361656801093778,0.09447810698415549,1.6734359142844823e-10,1.4628601108235273e-10,1.8925484235321476e-10,0.9999999998326564,0.9999999998107452,0.999999999853714,3.5307487121771786e-5,5.9084816992709756e-15,5.164991452385534e-15,6.68211290911908e-15
TUR.81.6_1,2074,8,aegypti,24.259300849016974,77.18601812602863,4.3323694030122744e-4,0.09237971949271716,0.09197574370973532,0.09278719246552346,1.0082870915972819e-10,8.895028325017761e-11,1.1389381104898175e-10,0.9999999998991713,0.9999999998861061,0.9999999999110497,4.192527662405521e-5,4.227271523168014e-15,3.7292652310517614e-15,4.7750295339964355e-15
TUR.81.6_1,2074,9,aegypti,21.06156276254093,80.83641928457341,3.453107623091632e-4,0.03747960330964227,0.03728433624093114,0.03765843811768725,0,0,0,1,1,1,3.453048004020687e-5,0,0,0
TUR.81.6_1,2074,10,aegypti,18.40061855316162,77.00405358655708,3.4028934493548216e-4,0.008227651829385701,0.00816801366254514,0.008285750015205888,0,0,0,1,1,1,3.2930684702336954e-5,0,0,0
TUR.81.6_1,2074,11,aegypti,12.271970489445854,74.6655313599542,1.9738469848961166e-4,0,0,0,0,0,0,1,1,1,1.9738275046643494e-5,0,0,0
TUR.81.6_1,2074,12,aegypti,7.453245958861182,76.05223424039823,1.6235201366525688e-4,0,0,0,0,0,0,1,1,1,1.5711361768699916e-5,0,0,0
TUR.81.6_1,2075,1,aegypti,5.059208196752211,83.20355736383789,1.576328373072194e-4,0,0,0,0,0,0,1,1,1,1.5254674353371023e-5,0,0,0
TUR.81.6_1,2075,2,aegypti,5.472402869778522,82.36512217692297,1.1791413268444085e-4,0,0,0,0,0,0,1,1,1,1.26335772689945e-5,0,0,0
TUR.81.6_1,2075,3,aegypti,9.476004267440123,77.25329119776991,1.4474943006168554e-4,0,0,0,0,0,0,1,1,1,1.4007911249058758e-5,0,0,0
TUR.81.6_1,2075,4,aegypti,12.9159594002892,72.54325830845934,1.9140449805136024e-4,0,0,0,0,0,0,1,1,1,1.9140266627859504e-5,0,0,0
TUR.81.6_1,2075,5,aegypti,14.459546173320097,78.6693581967015,2.6753287772606865e-4,0,0,0,0,0,0,1,1,1,2.5889943339296728e-5,0,0,0
TUR.81.6_1,2075,6,aegypti,19.634168652927176,80.33476164953979,3.009131796545968e-4,0.018986477586095528,0.018880891385658113,0.019098054327128737,0,0,0,1,1,1,3.0090865226317653e-5,0,0,0
TUR.81.6_1,2075,7,aegypti,23.27055566451129,74.10350162061336,3.5337265768434065e-4,0.06907911373436956,0.06874868958119608,0.0694163793829927,2.680344834971038e-14,2.3314683517128287e-14,3.0753177782116836e-14,0.9999999999999732,0.9999999999999692,0.9999999999999767,3.4196769246652714e-5,9.165913382296203e-19,7.9728685229397355e-19,1.0516593242163365e-18
TUR.81.6_1,2075,8,aegypti,23.106611868914435,77.42582525493488,4.1960775620910375e-4,0.07012135046265623,0.06980046097863378,0.07043620449768577,4.103573036928765e-14,3.597122599785507e-14,4.651834473179406e-14,0.9999999999999589,0.9999999999999535,0.999999999999964,4.060637775249454e-5,1.6663123687248065e-18,1.4606611910892553e-18,1.8889414785999938e-18
TUR.81.6_1,2075,9,aegypti,20.575177417081946,79.37129324697575,3.344476444383028e-4,0.02977214494208089,0.029621783226103503,0.029913456892377687,0,0,0,1,1,1,3.344420517392699e-5,0,0,0
TUR.81.6_1,2075,10,aegypti,14.59675121307373,75.36132287366645,3.2958419563891203e-4,0,0,0,0,0,0,1,1,1,3.189473609133131e-5,0,0,0
TUR.81.6_1,2075,11,aegypti,9.913035133305717,83.27523442391904,1.9117518091982e-4,0,0,0,0,0,0,1,1,1,1.9117335353424636e-5,0,0,0
TUR.81.6_1,2075,12,aegypti,6.404319128569434,80.96725804410917,1.572445879678261e-4,0,0,0,0,0,0,1,1,1,1.521710240914853e-5,0,0,0
