district_id,year,month,species,temp_c,rh,lambda_import,lambda_local_i1_mean,lambda_local_i1_p2_5,lambda_local_i1_p97_5,p_establishment_mean,p_establishment_p2_5,p_establishment_p97_5,q_extinction_mean,q_extinction_p2_5,q_extinction_p97_5,q_import_month,p_month_major_mean,p_month_major_p2_5,p_month_major_p97_5
TUR.10.4_1,2025,1,aegypti,1.9657135480631363,81.5102606665912,0.08123857982022421,0,0,0,0,0,0,1,1,1,0.00783097494075613,0,0,0
TUR.10.4_1,2025,2,aegypti,3.5756135087542456,70.99600939237706,0.06076891619572938,0,0,0,0,0,0,1,1,1,0.006489804965054025,0,0,0
TUR.10.4_1,2025,3,aegypti,6.340497035642757,78.78458372269813,0.07459891180592007,0,0,0,0,0,0,1,1,1,0.007193253342989259,0,0,0
TUR.10.4_1,2025,4,aegypti,12.522296106114107,66.99001559929393,0.09864334017277274,0,0,0,0,0,0,1,1,1,0.009815841055718089,0,0,0
TUR.10.4_1,2025,5,aegypti,15.194339640000287,82.29067097431889,0.13787730661299288,2.1020639915620077e-4,2.073514140010518e-4,2.1316209583450464e-4,0,0,0,1,1,1,0.013254342397861607,0,0,0
TUR.10.4_1,2025,6,aegypti,18.075207317576687,86.63648591833791,0.1550803740002709,0.02959788705203809,0.029402207022385256,0.029794384816812396,0,0,0,1,1,1,0.015388406997314252,0,0,0
TUR.10.4_1,2025,7,aegypti,20.67627721674302,85.82045300119134,0.1821161970308538,0.1378548872471277,0.13717496897809306,0.1384661334698559,6.4063388836945735e-6,5.6002757042761255e-6,7.197551351209585e-6,0.9999935936611163,0.9999928024486489,0.9999943997242957,0.017469751170336,1.119171462109923e-7,9.783542303898211e-8,1.2573943114134713e-7
TUR.10.4_1,2025,8,aegypti,23.336569786071777,85.56484474353869,0.2162515043077085,0.343738396365199,0.34226375756633987,0.3450407742314366,0.41815973898716535,0.4156553787464013,0.4203583936830731,0.5818402610128347,0.5796416063169268,0.5843446212535987,0.02071010307027399,0.008660131294263063,0.008608265735551743,0.008705665659631254
TUR.10.4_1,2025,9,aegypti,21.33476978189805,80.64357407747113,0.17236289165710952,0.16647643148475028,0.1657145103447347,0.16722792334804776,8.243427349622165e-4,7.365622705910956e-4,9.174610696092045e-4,0.9991756572650378,0.9990825389303908,0.999263437729409,0.01708859412254915,1.4086858415641424e-5,1.2586813688114454e-5,1.5678119841791508e-5
TUR.10.4_1,2025,10,aegypti,16.77194219477036,82.89293431083571,0.16985643627484143,0.007378562372913884,0.0073135805748320015,0.007446178314320224,0,0,0,1,1,1,0.01630335753557599,0,0,0
TUR.10.4_1,2025,11,aegypti,9.891834546537961,73.60925639741846,0.0985251579563449,0,0,0,0,0,0,1,1,1,0.009804138770710624,0,0,0
TUR.10.4_1,2025,12,aegypti,5.2754260674119,73.84113307619232,0.08103848937278163,0,0,0,0,0,0,1,1,1,0.0078117627988619764,0,0,0
TUR.10.4_1,2026,1,aegypti,5.386256086229182,74.13976200936463,0.07697053414691382,0,0,0,0,0,0,1,1,1,0.007421088099246798,0,0,0
TUR.10.4_1,2026,2,aegypti,1.5337925952010076,80.52215532743566,0.05757628886995753,0,0,0,0,0,0,1,1,1,0.006149899569147466,0,0,0
TUR.10.4_1,2026,3,aegypti,6.737254161497249,72.80940214310829,0.07067969554842884,0,0,0,0,0,0,1,1,1,0.006816631182288702,0,0,0
TUR.10.4_1,2026,4,aegypti,10.405821000828462,76.2376886339619,0.09346089751859332,0,0,0,0,0,0,1,1,1,0.00930255080025999,0,0,0
TUR.10.4_1,2026,5,aegypti,14.795085794785443,84.62063465840092,0.13063362210694276,9.220943856844524e-6,9.075026011824578e-6,9.372056937127608e-6,0,0,0,1,1,1,0.0125623894866157,0,0,0
TUR.10.4_1,2026,6,aegypti,16.16892966102151,88.49244294958791,0.14693288889243253,0.003244334406033193,0.00321138849447133,0.003275809635902857,0,0,0,1,1,1,0.014585869279404307,0,0,0
TUR.10.4_1,2026,7,aegypti,19.954179819892435,83.88656170480462,0.17254832609444215,0.09501995645369107,0.09454538382803235,0.09550268897744933,2.2282148881558327e-10,1.9307908050159028e-10,2.5624637411958416e-10,0.9999999997771785,0.9999999997437536,0.999999999806921,0.01655958251277745,3.689830829661569e-12,3.197308965057284e-12,4.2433329758332935e-12
TUR.10.4_1,2026,8,aegypti,21.21584415435791,89.36805977039415,0.20489026067999053,0.18264320696736774,0.18181645863172083,0.1834072902132968,0.006682296853723652,0.006078048574518641,0.00727239322112267,0.9933177031462763,0.9927276067788774,0.9939219514254813,0.019632806002823355,1.3119223778243334e-4,1.1932914853926151e-4,1.42777485286549e-4
TUR.10.4_1,2026,9,aegypti,20.747897681067972,81.0951045340141,0.16330743185458285,0.13204071645773852,0.13131644092558462,0.13269953757937103,2.0084881841581083e-6,1.7266660809645007e-6,2.2926249707677647e-6,0.9999979915118158,0.9999977073750292,0.9999982733339191,0.01619811952801764,3.2533731677604145e-8,2.7968743564436767e-8,3.71362133094142e-8
TUR.10.4_1,2026,10,aegypti,12.93986135370591,88.65097569267165,0.16093265856317981,0,0,0,0,0,0,1,1,1,0.01545347866212421,0,0,0
TUR.10.4_1,2026,11,aegypti,12.600487042875852,70.11733592622706,0.09334892426222613,0,0,0,0,0,0,1,1,1,0.009291457576206752,0,0,0
TUR.10.4_1,2026,12,aegypti,4.658952631056309,78.27014918947357,0.07678095588678872,0,0,0,0,0,0,1,1,1,0.007402877798347918,0,0,0
TUR.10.4_1,2027,1,aegypti,1.3178260797251236,78.31272038338807,0.07609406793041523,0,0,0,0,0,0,1,1,1,0.007336894668990346,0,0,0
TUR.10.4_1,2027,2,aegypti,2.4267673593096655,84.70047716581456,0.05692066561587486,0,0,0,0,0,0,1,1,1,0.0060800837702462696,0,0,0
TUR.10.4_1,2027,3,aegypti,4.539976615568294,78.74471250687782,0.06987486333533334,0,0,0,0,0,0,1,1,1,0.006739272108204686,0,0,0
TUR.10.4_1,2027,4,aegypti,8.463714277043062,78.48745975212596,0.09239665494646396,0,0,0,0,0,0,1,1,1,0.009197110949526799,0,0,0
TUR.10.4_1,2027,5,aegypti,15.688494570115033,74.57418690449467,0.129146092394637,9.367668148522964e-4,9.241389461159623e-4,9.490282172203352e-4,0,0,0,1,1,1,0.012420233178904505,0,0,0
TUR.10.4_1,2027,6,aegypti,18.603863323436062,86.30595002966604,0.14525975884813594,0.04393196149293107,0.04365839789422929,0.04420502838214121,0,0,0,1,1,1,0.014420982887151768,0,0,0
TUR.10.4_1,2027,7,aegypti,20.820234354804544,89.60231335275384,0.17058351215348003,0.15563850261018664,0.15493331139292765,0.1563396338110211,1.5433085515815338e-4,1.3720181947630416e-4,1.7276657465641886e-4,0.9998456691448419,0.9998272334253435,0.9998627981805237,0.01637257014256921,2.526792751239555e-6,2.2463464130639083e-6,2.8286328618536377e-6
TUR.10.4_1,2027,8,aegypti,24.242478370666504,92.88365425281603,0.20255716797684212,0.48925304908065315,0.48737983508997346,0.4909545827513961,0.591212197987107,0.5896424398372246,0.5926303429554105,0.40878780201289294,0.40736965704458955,0.4103575601627753,0.0194114306045976,0.011476274553818345,0.011445803302425903,0.011503802776457827
TUR.10.4_1,2027,9,aegypti,17.628123816321878,83.52886613069379,0.16144784430578804,0.01911206116522173,0.01897281104247148,0.019249193634692775,0,0,0,1,1,1,0.016015155943964077,0,0,0
TUR.10.4_1,2027,10,aegypti,13.965504702399757,84.82090519706618,0.15910011264252005,0,0,0,0,0,0,1,1,1,0.015278860593950339,0,0,0
TUR.10.4_1,2027,11,aegypti,9.297504712553586,73.05932201021143,0.09228595673355909,0,0,0,0,0,0,1,1,1,0.009186142877903758,0,0,0
TUR.10.4_1,2027,12,aegypti,4.361113466322422,74.93762965822357,0.07590664840469706,0,0,0,0,0,0,1,1,1,0.007318890204256023,0,0,0
TUR.10.4_1,2028,1,aegypti,2.2980104857672226,76.63059147713807,0.07531779612726737,0,0,0,0,0,0,1,1,1,0.007262319960269048,0,0,0
TUR.10.4_1,2028,2,aegypti,4.838685761027805,71.61239580595128,0.0583521333442329,0,0,0,0,0,0,1,1,1,0.006018244962754715,0,0,0
TUR.10.4_1,2028,3,aegypti,8.946312446256771,71.02184263383094,0.06916203659822642,0,0,0,0,0,0,1,1,1,0.006670751408994424,0,0,0
TUR.10.4_1,2028,4,aegypti,11.199972306980806,80.21775302605174,0.0914540726941166,0,0,0,0,0,0,1,1,1,0.009103715226059017,0,0,0
TUR.10.4_1,2028,5,aegypti,13.215268976548138,84.72950611836185,0.12782861164036372,0,0,0,0,0,0,1,1,1,0.012294310570713507,0,0,0
TUR.10.4_1,2028,6,aegypti,17.455156887278836,89.76124177771291,0.14377789491323656,0.017776103032003027,0.01763428553394105,0.01790801463734722,0,0,0,1,1,1,0.014274922665304945,0,0,0
TUR.10.4_1,2028,7,aegypti,20.706586893867044,90.41083843820306,0.16884330855853263,0.1500336891950287,0.1493706050888529,0.15069341185783666,5.998978979142389e-5,5.336548062352675e-5,6.711627876112848e-5,0.9999400102102086,0.9999328837212389,0.9999466345193765,0.01620690664615765,9.72248922872228e-7,8.648893625928329e-7,1.0877472643191024e-6
TUR.10.4_1,2028,8,aegypti,20.22187900543213,91.71339668445665,0.20049078590130767,0.12233542549948699,0.12173560989695975,0.12290367869427934,2.5075405213415003e-7,2.1866331486042335e-7,2.841290118821282e-7,0.9999997492459478,0.9999997158709881,0.9999997813366852,0.019215320289506677,4.818319425649348e-9,4.201685630608279e-9,5.459629966856142e-9
TUR.10.4_1,2028,9,aegypti,19.721629675696878,79.587879497393,0.15980083800658218,0.07871614328520808,0.07827165088386297,0.07913844444652576,1.096776558462409e-12,9.31135724080434e-13,1.2723572195838526e-12,0.9999999999989032,0.9999999999987276,0.9999999999990689,0.015853079673650128,1.7387286165496355e-14,1.4761368820829025e-14,2.0170780375406768e-14
TUR.10.4_1,2028,10,aegypti,12.535780962775734,84.63954685966384,0.15747705667138995,0,0,0,0,0,0,1,1,1,0.015124178363219665,0,0,0
TUR.10.4_1,2028,11,aegypti,5.703599263640012,79.05849803560206,0.09134450376636725,0,0,0,0,0,0,1,1,1,0.00909285802223525,0,0,0
TUR.10.4_1,2028,12,aegypti,3.9574791565537453,77.44739528322357,0.07513228855733144,0,0,0,0,0,0,1,1,1,0.007244497830494301,0,0,0
TUR.10.4_1,2029,1,aegypti,2.585593270658351,80.35810765145447,0.07536179719915923,0,0,0,0,0,0,1,1,1,0.007266547195336259,0,0,0
TUR.10.4_1,2029,2,aegypti,2.635614882045261,71.76618914091222,0.056372904948483134,0,0,0,0,0,0,1,1,1,0.0060217502474358975,0,0,0
TUR.10.4_1,2029,3,aegypti,6.635465163847103,75.03612486039344,0.06920244144145103,0,0,0,0,0,0,1,1,1,0.006674635463906675,0,0,0
TUR.10.4_1,2029,4,aegypti,11.801244889988618,74.38216647820018,0.09150750066777395,0,0,0,0,0,0,1,1,1,0.009109009369976273,0,0,0
TUR.10.4_1,2029,5,aegypti,14.94385326609892,77.22593556172123,0.1279032898202871,4.332088035563997e-5,4.2562064134882745e-5,4.406282050335137e-5,0,0,0,1,1,1,0.01230144861555138,0,0,0
TUR.10.4_1,2029,6,aegypti,17.30479201148538,84.78430543738088,0.14386189075241176,0.01414224227583341,0.01402523864479014,0.014259427884267746,0,0,0,1,1,1,0.014283202311038856,0,0,0
TUR.10.4_1,2029,7,aegypti,20.031726893256693,86.75939495675775,0.16894194775060073,0.10327348417160725,0.10273992911012901,0.1037834295873148,2.298255317056963e-9,1.9836876585799246e-9,2.6306468114967174e-9,0.9999999977017446,0.9999999973693532,0.9999999980163123,0.016216297622873466,3.7269192234747134e-11,3.216806946235306e-11,4.265935163589388e-11
TUR.10.4_1,2029,8,aegypti,22.319058418273926,87.42350258045275,0.20060791372418227,0.2630558469559157,0.26193182946160926,0.2640493651219429,0.23976645121374776,0.23651484435696757,0.24262412218752627,0.7602335487862523,0.7573758778124737,0.7634851556430324,0.019226437372395266,0.004609854658262587,0.004547337842671051,0.004664797490270851
TUR.10.4_1,2029,9,aegypti,19.67801814920762,87.48245652376019,0.1598941945374826,0.08679900005652219,0.08633544752264011,0.0872407322365262,1.7421357578761842e-11,1.4935211400946e-11,2.0049925608667254e-11,0.9999999999825786,0.9999999999799501,0.9999999999850647,0.01586226728500173,2.7634223038191094e-13,2.3690631519981063e-13,3.1803727904908097e-13
TUR.10.4_1,2029,10,aegypti,13.797747668098,79.45858525077712,0.1575690556364182,0,0,0,0,0,0,1,1,1,0.01513294679737398,0,0,0
TUR.10.4_1,2029,11,aegypti,6.741824437590207,82.15520061128565,0.09139786772925272,0,0,0,0,0,0,1,1,1,0.009098145881320852,0,0,0
TUR.10.4_1,2029,12,aegypti,4.041211761534214,73.41589351320404,0.07517618125467783,0,0,0,0,0,0,1,1,1,0.007248714729615191,0,0,0
TUR.10.4_1,2030,1,aegypti,3.8657716387499343,80.45009526131776,0.0742005367660855,0,0,0,0,0,0,1,1,1,0.007154977499318149,0,0,0
TUR.10.4_1,2030,2,aegypti,4.000797043376438,76.83013109647862,0.05550424700179035,0,0,0,0,0,0,1,1,1,0.005929235895307916,0,0,0
TUR.10.4_1,2030,3,aegypti,4.194285888334408,82.18651548539344,0.06813609137942045,0,0,0,0,0,0,1,1,1,0.006572123797473406,0,0,0
TUR.10.4_1,2030,4,aegypti,10.523950731053072,76.62612399773143,0.09009744884039873,0,0,0,0,0,0,1,1,1,0.008969278753630516,0,0,0
TUR.10.4_1,2030,5,aegypti,15.22605598674101,83.02466450459232,0.125932410206897,2.448840653304489e-4,2.4134988087118597e-4,2.484879267273796e-4,0,0,0,1,1,1,0.012113046622775236,0,0,0
TUR.10.4_1,2030,6,aegypti,17.150930965647976,85.53833375769338,0.14164510283377363,0.012116757899531094,0.01202265211663825,0.01221363155748129,0,0,0,1,1,1,0.014064665580623026,0,0,0
TUR.10.4_1,2030,7,aegypti,19.945283945868997,88.26723797433587,0.16633869773931556,0.10114031059055317,0.10064528426182238,0.1016356141548068,1.2821449769662152e-9,1.1150597334363964e-9,1.4664580771928113e-9,0.999999998717855,0.9999999985335419,0.9999999988849403,0.01596842431072476,2.0473835020060948e-11,1.7805746955316025e-11,2.3417024810504376e-11
TUR.10.4_1,2030,8,aegypti,22.577738761901855,89.98900856189806,0.19751671843124463,0.29780381453541827,0.29663249585260376,0.2988756406543691,0.328416595009635,0.3257674201603201,0.33082728845633336,0.671583404990365,0.6691727115436666,0.6742325798396799,0.018932997100955307,0.006217910441223032,0.0061677536214810305,0.006263552093260664
TUR.10.4_1,2030,9,aegypti,18.48817211038926,77.98440964876019,0.15743036261606652,0.035634378889089345,0.03538627642190128,0.0358614998316768,0,0,0,1,1,1,0.01561976241557328,0,0,0
TUR.10.4_1,2030,10,aegypti,15.079580363105324,83.56203984062087,0.1551410521042863,1.2111318395708857e-4,1.1927511800337443e-4,1.2302489765418883e-4,0,0,0,1,1,1,0.014901507283745175,0,0,0
TUR.10.4_1,2030,11,aegypti,6.812552262755002,80.84498942964503,0.08998950525110215,0,0,0,0,0,0,1,1,1,0.00895858115457826,0,0,0
TUR.10.4_1,2030,12,aegypti,6.22461811453104,84.68695827150482,0.07401778100355416,0,0,0,0,0,0,1,1,1,0.007137417845732186,0,0,0
TUR.10.4_1,2031,1,aegypti,5.147630321382381,75.82160099862244,0.08412108302010418,0,0,0,0,0,0,1,1,1,0.008107703798991839,0,0,0
TUR.10.4_1,2031,2,aegypti,5.627388248973362,70.73110918485753,0.06292511582126517,0,0,0,0,0,0,1,1,1,0.006719300559534402,0,0,0
TUR.10.4_1,2031,3,aegypti,6.691677112241878,74.0686108223075,0.07724582663953704,0,0,0,0,0,0,1,1,1,0.00744753124921127,0,0,0
TUR.10.4_1,2031,4,aegypti,11.058575784458833,73.54623660759471,0.1021433982033795,0,0,0,0,0,0,1,1,1,0.01016235061373194,0,0,0
TUR.10.4_1,2031,5,aegypti,13.835385210373822,82.16825733906498,0.1427694622659139,0,0,0,0,0,0,1,1,1,0.013721391186797272,0,0,0
TUR.10.4_1,2031,6,aegypti,18.071501339183133,81.07728181677541,0.16058292802427757,0.02712313560580299,0.026931491236737635,0.027310858903564227,0,0,0,1,1,1,0.015930045812121763,0,0,0
TUR.10.4_1,2031,7,aegypti,20.612855967353372,96.36520702951165,0.1885780347667311,0.15764870448226945,0.15697576424035573,0.15831688522089193,2.1378082194251048e-4,1.9154123255799016e-4,2.3754276824077824e-4,0.9997862191780575,0.9997624572317593,0.9998084587674421,0.01808397371825321,3.866006765474929e-6,3.46382661554052e-6,4.295717177827347e-6
TUR.10.4_1,2031,8,aegypti,22.410330772399902,93.288797990609,0.22392452929811638,0.2982864201248411,0.29705952409727043,0.2993778356860057,0.32950298401416683,0.32673655080404107,0.3319497150481511,0.6704970159858331,0.6680502849518489,0.6732634491959589,0.02143700565762907,0.007063557332517356,0.007004253288140437,0.007116007919535573
TUR.10.4_1,2031,9,aegypti,18.623706396888284,87.24718888460004,0.17847866310266713,0.04518401807343974,0.04490716500377756,0.04547046132329387,0,0,0,1,1,1,0.017689536493466607,0,0,0
TUR.10.4_1,2031,10,aegypti,14.984412249396827,83.5919318083943,0.17588327379669272,6.653917361180815e-5,6.549609055098286e-5,6.75227780563583e-5,0,0,0,1,1,1,0.01687692378766703,0,0,0
TUR.10.4_1,2031,11,aegypti,10.085946370573605,80.6823841440005,0.10202102265149729,0,0,0,0,0,0,1,1,1,0.010150237346751911,0,0,0
TUR.10.4_1,2031,12,aegypti,8.595172084867954,74.16262813234466,0.08391389297347737,0,0,0,0,0,0,1,1,1,0.008087815514660979,0,0,0
TUR.10.4_1,2032,1,aegypti,2.606942283510066,78.78694065926697,0.08112510095855059,0,0,0,0,0,0,1,1,1,0.007820079054003504,0,0,0
TUR.10.4_1,2032,2,aegypti,4.4002266030840795,83.46768145048253,0.06285131737921247,0,0,0,0,0,0,1,1,1,0.006480769059867941,0,0,0
TUR.10.4_1,2032,3,aegypti,7.028916854520931,76.14108244095985,0.07449470762592872,0,0,0,0,0,0,1,1,1,0.007183241555773878,0,0,0
TUR.10.4_1,2032,4,aegypti,11.548327600254732,74.91903171257518,0.0985055493106077,0,0,0,0,0,0,1,1,1,0.009802197128821577,0,0,0
TUR.10.4_1,2032,5,aegypti,17.480913050034466,77.2991472316431,0.13768471142189412,0.01506747997671536,0.014949016175527236,0.015187858693910657,0,0,0,1,1,1,0.013235951019842318,0,0,0
TUR.10.4_1,2032,6,aegypti,18.103119457469266,86.58011995154104,0.1548637485453649,0.03025020067079643,0.030049258292036345,0.030454391306297315,0,0,0,1,1,1,0.015367077572866261,0,0,0
TUR.10.4_1,2032,7,aegypti,20.01651388056138,87.89496929757806,0.18186180633646787,0.10427288195270851,0.10371185396998898,0.10479189075054607,3.007690090206516e-9,2.5804561903930437e-9,3.445693844139619e-9,0.9999999969923099,0.9999999965543062,0.9999999974195438,0.0174455624965687,5.247084543900813e-11,4.5017509739159425e-11,6.011206730197977e-11
TUR.10.4_1,2032,8,aegypti,21.08690357208252,92.6809870164879,0.21594943139360345,0.18261574238006575,0.18185142540141508,0.18340832059727122,0.0066614855487393595,0.00610243115531279,0.007273224990510582,0.9933385144512606,0.9927267750094895,0.9938975688446873,0.02068147520478214,1.377693482032676e-4,1.262072786274915e-4,1.5042102230004644e-4
TUR.10.4_1,2032,9,aegypti,17.385322150062112,92.10760911165082,0.17212212495755239,0.017165257662007254,0.017047341662182497,0.017292791718053577,0,0,0,1,1,1,0.01706492860414177,0,0,0
TUR.10.4_1,2032,10,aegypti,15.291791971992042,84.32378147880446,0.16961917074066957,3.2727519310561654e-4,3.229132146460547e-4,3.3175476957677494e-4,0,0,0,1,1,1,0.016280770439876302,0,0,0
TUR.10.4_1,2032,11,aegypti,8.88283329150256,80.55071605318018,0.09838753217810205,0,0,0,0,0,0,1,1,1,0.009790511029332927,0,0,0
TUR.10.4_1,2032,12,aegypti,5.51247850805521,72.78430171632904,0.08092529000930032,0,0,0,0,0,0,1,1,1,0.007800893538336129,0,0,0
TUR.10.4_1,2033,1,aegypti,4.185930835603572,76.3559409034076,0.07967184635699516,0,0,0,0,0,0,1,1,1,0.007680531496031762,0,0,0
TUR.10.4_1,2033,2,aegypti,5.100694428019993,76.33489183866612,0.05959695215181451,0,0,0,0,0,0,1,1,1,0.006365044465226455,0,0,0
TUR.10.4_1,2033,3,aegypti,6.643027324339046,73.06095091019813,0.07316022821857218,0,0,0,0,0,0,1,1,1,0.007055017774459826,0,0,0
TUR.10.4_1,2033,4,aegypti,11.741853868260103,73.51462802605174,0.09674094574003679,0,0,0,0,0,0,1,1,1,0.009627451053545788,0,0,0
TUR.10.4_1,2033,5,aegypti,14.054036028244916,88.00001393086185,0.1352182622209257,0,0,0,0,0,0,1,1,1,0.013000393547210276,0,0,0
TUR.10.4_1,2033,6,aegypti,16.06953581641702,90.19427858191213,0.15208955840534075,0.0027825484919404117,0.002754170262610937,0.0028104951567658847,0,0,0,1,1,1,0.015093883785548767,0,0,0
TUR.10.4_1,2033,7,aegypti,21.30666166193345,83.30437023751946,0.1786039797971741,0.17189473607117173,0.17109622864783317,0.1726724711600841,0.0017609197993481813,0.0015778467973919129,0.001952066030373356,0.9982390802006518,0.9980479339696267,0.9984221532026081,0.017135740247873232,3.0174664278967488e-5,2.7037572871046484e-5,3.345009644317485e-5
TUR.10.4_1,2033,8,aegypti,20.35909938812256,92.10675300769884,0.21208096773478624,0.13142029516474438,0.1308382641859291,0.13200094691468758,1.7673297955462797e-6,1.5641404866928442e-6,1.9876459527473635e-6,0.9999982326702045,0.9999980123540472,0.9999984358595133,0.02031478159028699,3.5902918794529234e-8,3.1775172363690325e-8,4.037859340888058e-8
TUR.10.4_1,2033,9,aegypti,16.903460081885843,87.76627000032269,0.16903877261446112,0.00939858884100895,0.009315952395477105,0.009473237586329952,0,0,0,1,1,1,0.016761808359668007,0,0,0
TUR.10.4_1,2033,10,aegypti,11.805398997138527,85.18183659355056,0.16658065568825886,0,0,0,0,0,0,1,1,1,0.015991465421135942,0,0,0
TUR.10.4_1,2033,11,aegypti,10.988128949614133,74.92185557954737,0.09662504273668289,0,0,0,0,0,0,1,1,1,0.009615972271738493,0,0,0
TUR.10.4_1,2033,12,aegypti,6.25970283895731,73.29360957765716,0.07947561477070418,0,0,0,0,0,0,1,1,1,0.007661687018062691,0,0,0
TUR.10.4_1,2034,1,aegypti,3.74089490115533,76.55995854256776,0.08095377606033254,0,0,0,0,0,0,1,1,1,0.007803628744344815,0,0,0
TUR.10.4_1,2034,2,aegypti,4.4527707200579565,80.18448595487706,0.0605558743644297,0,0,0,0,0,0,1,1,1,0.006467126931442468,0,0,0
TUR.10.4_1,2034,3,aegypti,9.568304080625667,74.43638578568641,0.07433738519364828,0,0,0,0,0,0,1,1,1,0.007168126052266022,0,0,0
TUR.10.4_1,2034,4,aegypti,10.762887155308443,76.01148471550486,0.09829751932962591,0,0,0,0,0,0,1,1,1,0.00978159783154886,0,0,0
TUR.10.4_1,2034,5,aegypti,15.776381380417767,79.59984455830326,0.137393940515087,0.0012654757066866045,0.0012503814142345504,0.0012806367084680212,0,0,0,1,1,1,0.01320818395717449,0,0,0
TUR.10.4_1,2034,6,aegypti,19.933710659251492,85.77368532019338,0.15453669790821675,0.09677189262844181,0.0962995383077915,0.09726741280380592,3.7215392867384624e-10,3.235808010426666e-10,4.2841235281532157e-10,0.999999999627846,0.9999999995715877,0.9999999996764192,0.015334874563804668,5.7069338146405415e-12,4.962070995244727e-12,6.569649692007386e-12
TUR.10.4_1,2034,7,aegypti,22.12612539179185,88.44474346749993,0.18147773956684668,0.25104526905610886,0.24999539667591866,0.25205079185147955,0.20355003070519548,0.2002332828318653,0.20670940937581475,0.7964499692948045,0.7932905906241852,0.7997667171681347,0.017409042478329195,0.0035436111310119603,0.0034858697263952473,0.0035986128884938984
TUR.10.4_1,2034,8,aegypti,22.42187213897705,89.86120857410509,0.21549337631426796,0.2830336359186171,0.28193530319193294,0.2841510859990301,0.29337613020095055,0.2906271611595707,0.296156960956372,0.7066238697990495,0.7038430390436279,0.7093728388404292,0.020638252652196987,0.006054770697211056,0.005998036779601992,0.006112162184924445
TUR.10.4_1,2034,9,aegypti,18.438585814307718,90.14223893342816,0.17175862703655143,0.04131129351444032,0.04105275169543956,0.04156682595892554,0,0,0,1,1,1,0.017029198469261098,0,0,0
TUR.10.4_1,2034,10,aegypti,12.646494921515968,88.02747105399978,0.16926095870987254,0,0,0,0,0,0,1,1,1,0.016246668552382215,0,0,0
TUR.10.4_1,2034,11,aegypti,8.366699983091916,79.92814220064112,0.09817975143284356,0,0,0,0,0,0,1,1,1,0.009769936169022664,0,0,0
TUR.10.4_1,2034,12,aegypti,7.566662468016148,73.33470912599701,0.08075438708393826,0,0,0,0,0,0,1,1,1,0.007784483428778022,0,0,0
TUR.10.4_1,2035,1,aegypti,3.120018946527339,77.97828587411072,0.07173231937598558,0,0,0,0,0,0,1,1,1,0.006917798462872771,0,0,0
TUR.10.4_1,2035,2,aegypti,1.037916655474178,80.27610735380284,0.05365794569933352,0,0,0,0,0,0,1,1,1,0.005732571356931726,0,0,0
TUR.10.4_1,2035,3,aegypti,2.672528524061336,84.89140287553016,0.0658696025780485,0,0,0,0,0,0,1,1,1,0.00635420378741014,0,0,0
TUR.10.4_1,2035,4,aegypti,11.577551996006685,70.14223727898143,0.08710043426714095,0,0,0,0,0,0,1,1,1,0.008672220890104554,0,0,0
TUR.10.4_1,2035,5,aegypti,14.04234016642851,80.6007829738306,0.12174337629424845,0,0,0,0,0,0,1,1,1,0.011712485570376185,0,0,0
TUR.10.4_1,2035,6,aegypti,15.828699672923367,86.45721803503713,0.13693339964031906,0.0016006575751351456,0.0015819294088508884,0.0016187688333353567,0,0,0,1,1,1,0.01360001265751376,0,0,0
TUR.10.4_1,2035,7,aegypti,20.96928602106431,91.61894543283196,0.16080558323232721,0.1710862054469435,0.1703551902136296,0.17185448195291192,0.001577648269795609,0.00142526975307575,0.0017489916790781794,0.9984223517302044,0.9982510083209217,0.9985747302469243,0.015441371015908478,2.4361052266520077e-5,2.2008119054994928e-5,2.7006829420382902e-5
TUR.10.4_1,2035,8,aegypti,21.117440223693848,92.42210640125353,0.1909464937332167,0.18414562506938334,0.18337576005604675,0.1848901064210683,0.007894560049725668,0.00724697746774664,0.008552287459796982,0.9921054399502743,0.991447712540203,0.9927530225322533,0.018309008684081807,1.4454156850743255e-4,1.3268497339031843e-4,1.5658390537018685e-4
TUR.10.4_1,2035,9,aegypti,18.075335081885843,89.38460953889691,0.15219357625744936,0.030846389726040906,0.03065588809400326,0.031053777398722504,0,0,0,1,1,1,0.015104128514140669,0,0,0
TUR.10.4_1,2035,10,aegypti,14.92783456690171,85.9254507903279,0.1499804177017436,4.474736820334771e-5,4.4021884028003006e-5,4.543484219821687e-5,0,0,0,1,1,1,0.01440941023546849,0,0,0
TUR.10.4_1,2035,11,aegypti,10.26396875521716,78.77483714693018,0.08699608132901569,0,0,0,0,0,0,1,1,1,0.008661876039489314,0,0,0
TUR.10.4_1,2035,12,aegypti,8.734985508024693,63.07344051027435,0.07155564282757967,0,0,0,0,0,0,1,1,1,0.0069008188658796765,0,0,0
TUR.10.4_1,2036,1,aegypti,6.489383565782405,70.27297123788026,0.07938181479575969,0,0,0,0,0,0,1,1,1,0.007652679108575811,0,0,0
TUR.10.4_1,2036,2,aegypti,3.9846267800860327,78.11795000517003,0.06150071404429223,0,0,0,0,0,0,1,1,1,0.006341947253209801,0,0,0
TUR.10.4_1,2036,3,aegypti,1.5435117372476,81.88947263871376,0.07289390107566278,0,0,0,0,0,0,1,1,1,0.007029425683353185,0,0,0
TUR.10.4_1,2036,4,aegypti,11.160260354771333,72.63022861198924,0.09638877707806483,0,0,0,0,0,0,1,1,1,0.009592572621853312,0,0,0
TUR.10.4_1,2036,5,aegypti,14.429431803086224,83.3465105128931,0.1347260235507717,0,0,0,0,0,0,1,1,1,0.012953375713762316,0,0,0
TUR.10.4_1,2036,6,aegypti,18.41525706122903,87.62165437536916,0.15153590270274464,0.039106488668897973,0.03887055094044777,0.03935477011229663,0,0,0,1,1,1,0.01503935238720533,0,0,0
TUR.10.4_1,2036,7,aegypti,20.97821813471177,88.63077862374993,0.17795380293455526,0.16391424548477754,0.16321993902421056,0.1646662318445086,5.650048484025593e-4,5.082931123304963e-4,6.310988628996983e-4,0.9994349951515974,0.9993689011371003,0.9994917068876695,0.017073896147352885,9.646834104376157e-6,8.678543812345667e-6,1.0775316443861945e-5
TUR.10.4_1,2036,8,aegypti,23.866389274597168,82.42006172351915,0.21130892369422477,0.3717383979495982,0.37018003339284494,0.37336002312258043,0.46198464073443957,0.45972235030841935,0.46432401334985407,0.5380153592655604,0.5356759866501459,0.5402776496915807,0.02024158271378451,0.00935130031792418,0.00930550797914329,0.009398652922217454
TUR.10.4_1,2036,9,aegypti,19.224856909583597,81.93979294954144,0.1684234162323457,0.06155795045354389,0.06120105230506993,0.06189822866727991,1.003530591958679e-15,8.881784197001252e-16,1.2212453270876722e-15,0.999999999999999,0.9999999999999988,0.9999999999999991,0.01670130230841127,1.6760267792040814e-17,1.4833736291218775e-17,2.0396387400425816e-17
TUR.10.4_1,2036,10,aegypti,14.306251581977394,88.41743992607009,0.1659742476551827,0,0,0,0,0,0,1,1,1,0.015933717531858016,0,0,0
TUR.10.4_1,2036,11,aegypti,9.462164689512814,78.076060901813,0.09627329599952568,0,0,0,0,0,0,1,1,1,0.009581135224022597,0,0,0
TUR.10.4_1,2036,12,aegypti,5.037474073469639,77.47128291750091,0.0791862975565805,0,0,0,0,0,0,1,1,1,0.007633902704314188,0,0,0
TUR.10.4_1,2037,1,aegypti,5.126077997087337,81.86920079110291,0.07863817704980225,0,0,0,0,0,0,1,1,1,0.007581262320313975,0,0,0
TUR.10.4_1,2037,2,aegypti,0.5765988331370275,74.10700182401769,0.05882373622851907,0,0,0,0,0,0,1,1,1,0.006282723801482204,0,0,0
TUR.10.4_1,2037,3,aegypti,3.6890888401471513,80.07656065140907,0.07221104119863152,0,0,0,0,0,0,1,1,1,0.006963804828293396,0,0,0
TUR.10.4_1,2037,4,aegypti,10.19764105011435,75.58273563103221,0.09548582048647836,0,0,0,0,0,0,1,1,1,0.009503139092693624,0,0,0
TUR.10.4_1,2037,5,aegypti,15.710514910080853,79.17830525166264,0.13346392899255485,0.001072987146150689,0.0010602836216475526,0.0010863680501277167,0,0,0,1,1,1,0.012832812269933047,0,0,0
TUR.10.4_1,2037,6,aegypti,17.732834423289578,85.70231996374807,0.15011633554611778,0.02175257148750777,0.021604248462179045,0.021904489617252162,0,0,0,1,1,1,0.014899520683823386,0,0,0
TUR.10.4_1,2037,7,aegypti,19.680830057929544,90.78211529367181,0.1762867565809378,0.09136054249970425,0.09090827723318254,0.09182796840026879,7.382899380736774e-11,6.403116370456984e-11,8.501379877845494e-11,0.9999999999261711,0.9999999999149862,0.9999999999359689,0.016915310770739822,1.248840374142651e-12,1.0831070330749152e-12,1.4380348261387066e-12
TUR.10.4_1,2037,8,aegypti,22.69395160675049,88.13784279041369,0.20932941123131416,0.2992563816594364,0.29809357523022717,0.300404215851781,0.33167600452400936,0.3290718176169631,0.3342320561344338,0.6683239954759906,0.6657679438655661,0.670928182383037,0.0200538766065248,0.006651389668069646,0.006599165625175412,0.006702648411665006
TUR.10.4_1,2037,9,aegypti,17.34151512033799,89.35256608186566,0.16684564920931003,0.015749672811162137,0.01562848361911246,0.015873542769724205,0,0,0,1,1,1,0.016546148442999398,0,0,0
TUR.10.4_1,2037,10,aegypti,15.234284457038429,76.1408820037068,0.1644194241010621,2.2334789411093632e-4,2.1994455131773473e-4,2.2685499887811978e-4,0,0,0,1,1,1,0.015785637091401017,0,0,0
TUR.10.4_1,2037,11,aegypti,7.674769689055051,82.55065501802393,0.09537142121854239,0,0,0,0,0,0,1,1,1,0.009491807816301101,0,0,0
TUR.10.4_1,2037,12,aegypti,4.93737880140543,61.257476765157165,0.0784444913887926,0,0,0,0,0,0,1,1,1,0.007562660473798943,0,0,0
TUR.10.4_1,2038,1,aegypti,4.543249236940242,79.9327002417865,0.08159221183559207,0,0,0,0,0,0,1,1,1,0.007864928817687744,0,0,0
TUR.10.4_1,2038,2,aegypti,4.666197071605198,78.28155474149816,0.06103344364504682,0,0,0,0,0,0,1,1,1,0.0065179628572124,0,0,0
TUR.10.4_1,2038,3,aegypti,6.6992316433392904,74.15722623978797,0.07492364130740266,0,0,0,0,0,0,1,1,1,0.007224452237274748,0,0,0
TUR.10.4_1,2038,4,aegypti,10.76769367386313,80.16279849724314,0.09907273521223685,0,0,0,0,0,0,1,1,1,0.009858358159480551,0,0,0
TUR.10.4_1,2038,5,aegypti,12.650344736435834,74.69463215595951,0.13847748733893542,0,0,0,0,0,0,1,1,1,0.013311652900436122,0,0,0
TUR.10.4_1,2038,6,aegypti,17.650762165293973,82.99174867468557,0.15575543977964657,0.01935843852123385,0.019209849690719153,0.019512327996325997,0,0,0,1,1,1,0.015454872513100515,0,0,0
TUR.10.4_1,2038,7,aegypti,20.37558942682603,87.10162670724603,0.1829089499067616,0.1226748274918219,0.12208397968108843,0.12326293515666821,2.705850689858069e-7,2.3649867992026062e-7,3.0778551257659714e-7,0.999999729414931,0.9999996922144875,0.9999997635013201,0.01754512605451819,4.7474491438264826e-9,4.149399150928122e-9,5.40013561591089e-9
TUR.10.4_1,2038,8,aegypti,21.97766399383545,86.88101448230822,0.2171928483767936,0.23270952228880856,0.23176041997101787,0.23367313128935968,0.14206754996481258,0.1387064294077252,0.1454694315911233,0.8579324500351875,0.8545305684088768,0.8612935705922748,0.020799310174963948,0.002954907037515325,0.0028849980485130176,0.0030256638286394726
TUR.10.4_1,2038,9,aegypti,17.708932455848245,87.72401841340863,0.17311318833740869,0.021950265244441616,0.02179693672415011,0.022117334053607923,0,0,0,1,1,1,0.01716233887247831,0,0,0
TUR.10.4_1,2038,10,aegypti,14.125068720649269,82.84425877372634,0.17059582234013201,0,0,0,0,0,0,1,1,1,0.016373741945476805,0,0,0
TUR.10.4_1,2038,11,aegypti,8.86325960299548,85.95483745210596,0.09895403854792638,0,0,0,0,0,0,1,1,1,0.009846605438722178,0,0,0
TUR.10.4_1,2038,12,aegypti,4.020701088011265,77.27646632814545,0.08139125039325588,0,0,0,0,0,0,1,1,1,0.00784563370475122,0,0,0
TUR.10.4_1,2039,1,aegypti,3.5281927460421096,76.286337937099,0.07872599511449672,0,0,0,0,0,0,1,1,1,0.00758969637733764,0,0,0
TUR.10.4_1,2039,2,aegypti,1.9953875046305578,81.32396654569737,0.05888942679851304,0,0,0,0,0,0,1,1,1,0.006289717832685615,0,0,0
TUR.10.4_1,2039,3,aegypti,5.986389178892269,79.84755674515907,0.07229168185086358,0,0,0,0,0,0,1,1,1,0.006971554387067869,0,0,0
TUR.10.4_1,2039,4,aegypti,7.654845868839937,77.81900272087596,0.09559245291713067,0,0,0,0,0,0,1,1,1,0.009513700945164905,0,0,0
TUR.10.4_1,2039,5,aegypti,12.952532656052533,86.18750630146732,0.13361297293520913,0,0,0,0,0,0,1,1,1,0.012847050679156369,0,0,0
TUR.10.4_1,2039,6,aegypti,18.372128093943875,84.64994417029104,0.15028397582672015,0.036220174258278205,0.03598724378102197,0.036461839340778006,0,0,0,1,1,1,0.014916034797478828,0,0,0
TUR.10.4_1,2039,7,aegypti,20.648468073676614,87.32780010812493,0.17648362230665776,0.13938171473562994,0.13872932841590918,0.14002436346005276,8.600197799871423e-6,7.5725203550480735e-6,9.704863750620296e-6,0.9999913998022001,0.9999902951362494,0.999992427479645,0.016934039851761673,1.4563609227605575e-7,1.2823336147066052e-7,1.6434254950892133e-7
TUR.10.4_1,2039,8,aegypti,22.800393104553223,91.35941566639025,0.20956317687120593,0.32612696825108134,0.32483141049885217,0.3273177924593751,0.38673963555025154,0.38429618063351084,0.38897317530125863,0.6132603644497485,0.6110268246987414,0.6157038193664891,0.02007604516860162,0.007764202391795379,0.00771514748051945,0.0078090430367224635
TUR.10.4_1,2039,9,aegypti,20.332374152015237,80.6851924246391,0.16703197171278028,0.10877668760696582,0.10822212697353006,0.10928245577745889,9.768132141263486e-9,8.452867908403939e-9,1.1085476356309519e-8,0.9999999902318678,0.9999999889145236,0.999999991547132,0.016564472230659044,1.6180395359936708e-10,1.4001729573818603e-10,1.8362506526771644e-10
TUR.10.4_1,2039,10,aegypti,15.582872446845558,80.85351322929274,0.1646030371521835,7.919549561488246e-4,7.815560732351965e-4,8.025519420811446e-4,0,0,0,1,1,1,0.015803125445908894,0,0,0
TUR.10.4_1,2039,11,aegypti,8.799225617857541,77.51311839693018,0.09547792589544087,0,0,0,0,0,0,1,1,1,0.009502357135620865,0,0,0
TUR.10.4_1,2039,12,aegypti,3.188196577131748,80.4417876782431,0.07853209315778253,0,0,0,0,0,0,1,1,1,0.007571073915544457,0,0,0
TUR.10.4_1,2040,1,aegypti,4.666908132432796,83.7508383643451,0.0824041874507076,0,0,0,0,0,0,1,1,1,0.007942886027488716,0,0,0
TUR.10.4_1,2040,2,aegypti,3.4167554479174536,71.12950090849034,0.06384228404827212,0,0,0,0,0,0,1,1,1,0.006582613264691783,0,0,0
TUR.10.4_1,2040,3,aegypti,4.728863973280086,78.519172345745,0.07566925376683517,0,0,0,0,0,0,1,1,1,0.007296084409460946,0,0,0
TUR.10.4_1,2040,4,aegypti,11.675282632603365,71.01424655632518,0.10005867055220813,0,0,0,0,0,0,1,1,1,0.009955974910837995,0,0,0
TUR.10.4_1,2040,5,aegypti,14.04448688731474,80.12088642842045,0.1398555642464257,0,0,0,0,0,0,1,1,1,0.013443231135424782,0,0,0
TUR.10.4_1,2040,6,aegypti,16.49003371070413,88.08595643835744,0.15730546050071129,0.005415123892003635,0.005365917712268092,0.005466015235162797,0,0,0,1,1,1,0.015607467221389837,0,0,0
TUR.10.4_1,2040,7,aegypti,20.484306391547708,87.42602856271478,0.18472919235110105,0.12966430932775547,0.12902116545803083,0.1302639107945979,1.2273631858639167e-6,1.0700342920472172e-6,1.388219396245005e-6,0.9999987726368141,0.9999986117806038,0.9999989299657079,0.017718172689663247,2.1746632880072124e-8,1.8959052370354153e-8,2.459671099380905e-8
TUR.10.4_1,2040,8,aegypti,21.79542827606201,88.19446815662462,0.21935427154074455,0.2229786772023375,0.22201275391831382,0.2239191807603046,0.1071558255090614,0.10367172783964154,0.11055071552607637,0.8928441744909386,0.8894492844739236,0.8963282721603585,0.021004108147662737,0.002250712547644403,0.002177532183398889,0.0023220191847112062
TUR.10.4_1,2040,9,aegypti,17.707387503455667,87.16458543001019,0.17483594697358973,0.021731542469470996,0.021577231150659446,0.02189223743388727,0,0,0,1,1,1,0.017331643495376636,0,0,0
TUR.10.4_1,2040,10,aegypti,16.12214380152085,77.90273808280837,0.17229352907787662,0.0025072585406440335,0.0024777264231921623,0.002533782295983263,0,0,0,1,1,1,0.01653533276048247,0,0,0
TUR.10.4_1,2040,11,aegypti,10.51397161624011,76.23791850679346,0.09993879266244922,0,0,0,0,0,0,1,1,1,0.009944106400849972,0,0,0
TUR.10.4_1,2040,12,aegypti,3.865312732756138,87.61159511232513,0.08220122611417706,0,0,0,0,0,0,1,1,1,0.007923400426020466,0,0,0
TUR.10.4_1,2041,1,aegypti,1.240842031835414,79.48416050789979,0.08045032874190854,0,0,0,0,0,0,1,1,1,0.007755287056818383,0,0,0
TUR.10.4_1,2041,2,aegypti,-2.6559944052167017,80.4730220266544,0.06017928053462647,0,0,0,0,0,0,1,1,1,0.006427037728050311,0,0,0
TUR.10.4_1,2041,3,aegypti,3.1445201822720903,75.92192808304969,0.07387508486553879,0,0,0,0,0,0,1,1,1,0.007123707010155411,0,0,0
TUR.10.4_1,2041,4,aegypti,9.232463514103609,77.08781680779002,0.09768621217482007,0,0,0,0,0,0,1,1,1,0.009721063221899029,0,0,0
TUR.10.4_1,2041,5,aegypti,13.901015169480267,79.09500752217045,0.13653949475250174,0,0,0,0,0,0,1,1,1,0.01312658444622583,0,0,0
TUR.10.4_1,2041,6,aegypti,19.008032406077664,84.75085054236135,0.1535756422299491,0.05620371753736281,0.05588037453748348,0.05652601173783526,1.1102230246251565e-16,1.1102230246251565e-16,1.1102230246251565e-16,0.9999999999999999,0.9999999999999999,0.9999999999999999,0.015240238215338264,1.6920063367440746e-18,1.6920063367440746e-18,1.6920063367440746e-18
TUR.10.4_1,2041,7,aegypti,20.86709981806138,87.8582108747265,0.1803491389532016,0.15456332087328126,0.15383252897961824,0.155289628802872,1.2928819285390337e-4,1.142875137729149e-4,1.454986388824936e-4,0.9998707118071462,0.9998545013611175,0.999885712486227,0.01730171860870877,2.236907932186708e-6,1.9773704037879014e-6,2.5173765078950367e-6
TUR.10.4_1,2041,8,aegypti,21.89294147491455,84.71581520252306,0.21415323422673027,0.2181112420219066,0.2170779849725927,0.21909949555825958,0.08969704181844555,0.08603599720032723,0.0932141427659088,0.9103029581815545,0.9067858572340912,0.9139640027996728,0.020511229844873302,0.001839796641143349,0.0017647041135087876,0.0019119367070643894
TUR.10.4_1,2041,9,aegypti,18.489388998816995,81.78757889924847,0.1706904690777022,0.03780388220653734,0.03754790066755076,0.03805973958027251,0,0,0,1,1,1,0.016924196052905516,0,0,0
TUR.10.4_1,2041,10,aegypti,17.761599596808935,81.26343296806228,0.16820833362030474,0.020864821057953137,0.02070541117098115,0.021022401662693188,0,0,0,1,1,1,0.01614645150239291,0,0,0
TUR.10.4_1,2041,11,aegypti,10.656195928068723,75.645396839313,0.09756917667045616,0,0,0,0,0,0,1,1,1,0.009709473374595379,0,0,0
TUR.10.4_1,2041,12,aegypti,4.653854764997959,75.40783687257904,0.08025217975517718,0,0,0,0,0,0,1,1,1,0.007736259879118856,0,0,0
TUR.10.4_1,2042,1,aegypti,5.612524139283992,67.3859816443744,0.08548606819276985,0,0,0,0,0,0,1,1,1,0.008238719494925939,0,0,0
TUR.10.4_1,2042,2,aegypti,7.418292294078342,76.33545641386144,0.06394616603841194,0,0,0,0,0,0,1,1,1,0.006827957773884785,0,0,0
TUR.10.4_1,2042,3,aegypti,6.456706542631283,73.5393368354911,0.07849925092067797,0,0,0,0,0,0,1,1,1,0.007567919692522351,0,0,0
TUR.10.4_1,2042,4,aegypti,8.777173196568208,73.39746341423533,0.10380082127768751,0,0,0,0,0,0,1,1,1,0.01032639499480037,0,0,0
TUR.10.4_1,2042,5,aegypti,14.204639322617474,82.9032732082056,0.14508610147342205,0,0,0,0,0,0,1,1,1,0.013942481082833358,0,0,0
TUR.10.4_1,2042,6,aegypti,17.636091793284695,83.6925619681426,0.16318861625209072,0.019300514059192714,0.019151432800623425,0.01944926158663449,0,0,0,1,1,1,0.016186430357258863,0,0,0
TUR.10.4_1,2042,7,aegypti,21.74957281000474,84.68638928048821,0.19163798373678304,0.20727350602776473,0.2064087370932354,0.20817948747993123,0.05337350920037621,0.0507500180866392,0.0561648928099297,0.9466264907996238,0.9438351071900704,0.9492499819133609,0.018374699664195138,9.80722201581069e-4,9.325163402944664e-4,0.0010320130370541712
TUR.10.4_1,2042,8,aegypti,24.672478675842285,89.74574531726915,0.22755802581664103,0.5081669750000014,0.5062234744492681,0.5098909800934788,0.6064271934856936,0.6049175708043268,0.6077592901070639,0.3935728065143064,0.3922407098929362,0.39508242919567305,0.021781035997624265,0.01320861253125015,0.01317573138528447,0.013237626975712525
TUR.10.4_1,2042,9,aegypti,20.12263255960801,85.59574540315472,0.18137473528844858,0.10612947765014338,0.10566425834363291,0.10661937588763759,4.918092449734957e-9,4.3420175233066516e-9,5.579623074680739e-9,0.9999999950819075,0.9999999944203769,0.9999999956579825,0.017973979504220305,8.839769289139674e-11,7.804333397087915e-11,1.002880307855863e-10
TUR.10.4_1,2042,10,aegypti,12.540601786445167,87.01393650810134,0.1787372320700902,0,0,0,0,0,0,1,1,1,0.017148414575499316,0,0,0
TUR.10.4_1,2042,11,aegypti,11.19227628848132,71.69166911714503,0.10367646000703161,0,0,0,0,0,0,1,1,1,0.010314087211564682,0,0,0
TUR.10.4_1,2042,12,aegypti,5.662291683256626,71.09077449464935,0.08527551619059735,0,0,0,0,0,0,1,1,1,0.008218511160984043,0,0,0
TUR.10.4_1,2043,1,aegypti,4.5308743590105545,79.46140202401307,0.08393906915585092,0,0,0,0,0,0,1,1,1,0.008090232211270698,0,0,0
TUR.10.4_1,2043,2,aegypti,3.6434817414812963,82.33098558866612,0.06278896394259195,0,0,0,0,0,0,1,1,1,0.006704810771711256,0,0,0
TUR.10.4_1,2043,3,aegypti,6.935701865812435,80.80352750931922,0.0770786888555318,0,0,0,0,0,0,1,1,1,0.007431476956136551,0,0,0
TUR.10.4_1,2043,4,aegypti,12.993227159275728,70.49199924187205,0.10192238922504153,0,0,0,0,0,0,1,1,1,0.010140474071226091,0,0,0
TUR.10.4_1,2043,5,aegypti,15.43785560832304,82.69084797627201,0.14246055015266673,5.3126553588338e-4,5.242769836211335e-4,5.386888110625177e-4,0,0,0,1,1,1,0.013691906222596528,0,0,0
TUR.10.4_1,2043,6,aegypti,20.15174731086282,84.75975404577932,0.16023547268712007,0.10627866710318981,0.10569950487423044,0.10683777677893844,5.11728819652113e-9,4.3825788526019595e-9,5.9069119401344845e-9,0.9999999948827119,0.999999994093088,0.9999999956174211,0.015895853182332775,8.134366186358435e-11,6.966483000095718e-11,9.389540496134621e-11
TUR.10.4_1,2043,7,aegypti,21.728702601264505,87.89622814767571,0.1881700060587201,0.21669197534005227,0.21580725409010532,0.21764245261317258,0.08467890417981754,0.08157371748967858,0.08803158984742007,0.9153210958201825,0.9119684101525799,0.9184262825103214,0.01804520037910695,0.0015280477938080046,0.0014720140777699114,0.0015885476784880525
TUR.10.4_1,2043,8,aegypti,20.158791542053223,91.62884773426134,0.22344002092738008,0.11848370344858539,0.11789777145895278,0.11903511726987363,1.0408573999709513e-7,9.059775550046557e-8,1.1802524724768836e-7,0.99999989591426,0.9999998819747528,0.9999999094022445,0.021391121811417557,2.2265107431093988e-9,1.9379876237514837e-9,2.5246924406979767e-9
TUR.10.4_1,2043,9,aegypti,20.499406393836527,86.58967240510785,0.1780924865344184,0.12887565774448034,0.12824531712946521,0.12947827023553143,1.0400573046869254e-6,9.081447060993453e-7,1.1779688983803991e-6,0.9999989599426953,0.9999988220311016,0.9999990918552939,0.01765160123261067,1.8358676801397464e-8,1.6030208213572057e-8,2.0793037258628486e-8
TUR.10.4_1,2043,10,aegypti,15.593092020820167,81.79163121024978,0.1755027129055116,8.278910406622479e-4,8.180404732415138e-4,8.383989975820955e-4,0,0,0,1,1,1,0.01684071619893368,0,0,0
TUR.10.4_1,2043,11,aegypti,9.623359014006223,79.28068126314112,0.1018002784587076,0,0,0,0,0,0,1,1,1,0.010128386746899198,0,0,0
TUR.10.4_1,2043,12,aegypti,3.1284956112504005,87.42803187990326,0.08373232740898044,0,0,0,0,0,0,1,1,1,0.008070386610343427,0,0,0
TUR.10.4_1,2044,1,aegypti,5.185178624986507,77.71092900155213,0.0856127040406126,0,0,0,0,0,0,1,1,1,0.008250873536317371,0,0,0
TUR.10.4_1,2044,2,aegypti,4.887145529323093,72.0669169851505,0.06632806825224645,0,0,0,0,0,0,1,1,1,0.006838037792536444,0,0,0
TUR.10.4_1,2044,3,aegypti,7.793342132230892,79.54508939896766,0.07861553676006111,0,0,0,0,0,0,1,1,1,0.0075790879326642635,0,0,0
TUR.10.4_1,2044,4,aegypti,12.541673814549165,73.3707452745869,0.10395458791226508,0,0,0,0,0,0,1,1,1,0.010341612755758067,0,0,0
TUR.10.4_1,2044,5,aegypti,14.730005152085248,83.53905354267826,0.1453010265700922,1.964251615074919e-6,1.930232046101599e-6,1.997025952140697e-6,0,0,0,1,1,1,0.013962990079957827,0,0,0
TUR.10.4_1,2044,6,aegypti,20.30658587287454,81.92717347937307,0.16343035773364725,0.10958055938049731,0.10901082597769889,0.11016435464631674,1.198932385015894e-8,1.0344491269131951e-8,1.3859276951078137e-8,0.9999999880106761,0.999999986140723,0.9999999896555087,0.016210212924786083,1.9434949243529247e-10,1.6768640607121952e-10,2.2466183036055664e-10
TUR.10.4_1,2044,7,aegypti,21.99692731745103,87.49903423898431,0.19192186904186753,0.23657508546805017,0.23559923415409892,0.2375441258892411,0.1556089430367022,0.15221805398020732,0.15896289625329355,0.8443910569632977,0.8410371037467065,0.8477819460197927,0.018401667261291443,0.002863463992642648,0.002801065980505075,0.0029251823237442997
TUR.10.4_1,2044,8,aegypti,20.68283748626709,87.88290657215197,0.22789512172176238,0.14275984517620666,0.14209257260956598,0.14342120965184044,1.6264085228320568e-5,1.4335723811836897e-5,1.834687231135612e-5,0.9999837359147716,0.9999816531276886,0.9999856642761882,0.021812947116510717,3.5476763098377967e-7,3.127043853845017e-7,4.0019935548098585e-7
TUR.10.4_1,2044,9,aegypti,18.24400001413682,91.4504512137016,0.18164341700309602,0.03637030908795409,0.0361378180248129,0.036587530914703036,0,0,0,1,1,1,0.018000364393263357,0,0,0
TUR.10.4_1,2044,10,aegypti,14.916663225959327,85.69789646903884,0.17900200668661856,4.041475203687171e-5,3.9811705184060745e-5,4.097294859596303e-5,0,0,0,1,1,1,0.017173598203011786,0,0,0
TUR.10.4_1,2044,11,aegypti,10.278676320524777,82.35573924653956,0.1038300424174978,0,0,0,0,0,0,1,1,1,0.010329286929652959,0,0,0
TUR.10.4_1,2044,12,aegypti,5.404351390898228,75.38204951906341,0.0854018401346191,0,0,0,0,0,0,1,1,1,0.008230635514223872,0,0,0
TUR.10.4_1,2045,1,aegypti,5.02392803370843,76.15808018563416,0.08157678234446471,0,0,0,0,0,0,1,1,1,0.007863447383748445,0,0,0
TUR.10.4_1,2045,2,aegypti,1.9159287910990637,79.95026354276769,0.06102190191874712,0,0,0,0,0,0,1,1,1,0.006516734303121718,0,0,0
TUR.10.4_1,2045,3,aegypti,5.89399768795599,76.12438932572547,0.0749094728759706,0,0,0,0,0,0,1,1,1,0.0072230910035406826,0,0,0
TUR.10.4_1,2045,4,aegypti,13.393706475987154,77.74910983757518,0.09905400006761299,0,0,0,0,0,0,1,1,1,0.00985650311305708,0,0,0
TUR.10.4_1,2045,5,aegypti,14.76725185618681,84.88139210468998,0.1384513005606368,5.4715702700588385e-6,5.374033773332373e-6,5.56598975536664e-6,0,0,0,1,1,1,0.013309152427365079,0,0,0
TUR.10.4_1,2045,6,aegypti,17.3617826349595,85.30139528113088,0.1557259856550181,0.015119982428829778,0.015005009288076836,0.01523802292913118,0,0,0,1,1,1,0.015451972617341103,0,0,0
TUR.10.4_1,2045,7,aegypti,20.82117467768052,85.79320843332025,0.18287436091896228,0.14674271089165947,0.14604603764177632,0.14740365062003083,3.361083822649369e-5,2.9604781661440872e-5,3.774336475486084e-5,0.9999663891617735,0.9999622566352452,0.9999703952183386,0.017541837456790166,5.895958609556218e-7,5.193222678487581e-7,6.620879696021117e-7
TUR.10.4_1,2045,8,aegypti,21.215983390808105,88.26726020984728,0.2171517761340934,0.17949802081873042,0.1787430907049078,0.1803394503311896,0.00463791934010398,0.004230882475831405,0.0051198652110314965,0.9953620806598961,0.9948801347889685,0.9957691175241686,0.020795418105772456,9.644747181831054e-5,8.798297004129978e-5,1.0646973770859889e-4
TUR.10.4_1,2045,9,aegypti,17.759321745704202,82.59968217073285,0.1730804517766097,0.021246751334516936,0.021095906252062382,0.021403131811389392,0,0,0,1,1,1,0.01715912139472686,0,0,0
TUR.10.4_1,2045,10,aegypti,12.990064677070167,84.45678471366774,0.1705635618257037,0,0,0,0,0,0,1,1,1,0.016370671073997145,0,0,0
TUR.10.4_1,2045,11,aegypti,9.362079431028928,75.22953380220362,0.09893532584942927,0,0,0,0,0,0,1,1,1,0.009844752592794714,0,0,0
TUR.10.4_1,2045,12,aegypti,7.5118128433823586,77.0980376782431,0.081375858904932,0,0,0,0,0,0,1,1,1,0.007844155890843085,0,0,0
TUR.10.4_1,2046,1,aegypti,5.4022451513994705,78.23849400399354,0.08463293530211212,0,0,0,0,0,0,1,1,1,0.008156835066208346,0,0,0
TUR.10.4_1,2046,2,aegypti,3.8668921094469946,70.27577166044347,0.06330799681818519,0,0,0,0,0,0,1,1,1,0.00676004704208899,0,0,0
TUR.10.4_1,2046,3,aegypti,9.676003474851742,65.49882856522743,0.07771584498953366,0,0,0,0,0,0,1,1,1,0.007492677113457136,0,0,0
TUR.10.4_1,2046,4,aegypti,13.583226358189302,70.86627444939158,0.10276491102258503,0,0,0,0,0,0,1,1,1,0.010223868380810686,0,0,0
TUR.10.4_1,2046,5,aegypti,15.892081148484174,79.96056996113529,0.14363817284878155,0.0016476163828410776,0.001629632762912013,0.0016666731866799148,0,0,0,1,1,1,0.013804302927262535,0,0,0
TUR.10.4_1,2046,6,aegypti,18.2986780054429,82.65390382605275,0.16156002835643923,0.03324942703499027,0.033010408305572836,0.03346681164016301,0,0,0,1,1,1,0.01602619462260424,0,0,0
TUR.10.4_1,2046,7,aegypti,21.86585813410142,89.05400402658196,0.18972547716721538,0.23179269412047707,0.2308547241474852,0.23274842709035728,0.13881922743814554,0.13548503606276255,0.14220700551117096,0.8611807725618544,0.857792994488829,0.8645149639372375,0.01819300238235555,0.0025255385354989385,0.002464879583863366,0.0025871723900523823
TUR.10.4_1,2046,8,aegypti,22.672961235046387,87.32760872058947,0.22528704481983647,0.2933496404772564,0.2921388342903821,0.2944796429520534,0.3182200865299584,0.31539764405844106,0.32083882642212164,0.6817799134700415,0.6791611735778783,0.6846023559415588,0.02156602688699616,0.006862742942087328,0.006801874071859585,0.006919218757011769
TUR.10.4_1,2046,9,aegypti,21.035560187171487,87.38229020295941,0.17956465376896652,0.16456722733672002,0.16376856415149504,0.16533168838364334,6.228929011955374e-4,5.520185350612439e-4,6.963049747382072e-4,0.9993771070988045,0.9993036950252617,0.9994479814649387,0.01779620870058829,1.1085132067790702e-5,9.823837056542909e-6,1.2391588649698993e-5
TUR.10.4_1,2046,10,aegypti,14.374315317939308,88.08236454765212,0.17695347227521624,0,0,0,0,0,0,1,1,1,0.01697873820753193,0,0,0
TUR.10.4_1,2046,11,aegypti,10.000252057524289,78.88109935396143,0.10264179085112299,0,0,0,0,0,0,1,1,1,0.010211682165088942,0,0,0
TUR.10.4_1,2046,12,aegypti,6.785894550383091,79.17597194337982,0.08442448456441516,0,0,0,0,0,0,1,1,1,0.00813682675735894,0,0,0
TUR.10.4_1,2047,1,aegypti,3.6357046240557205,80.73895939705994,0.08479516302481577,0,0,0,0,0,0,1,1,1,0.008172406343131877,0,0,0
TUR.10.4_1,2047,2,aegypti,3.8197755914263647,78.11772112333409,0.06342934806419931,0,0,0,0,0,0,1,1,1,0.006772960983766008,0,0,0
TUR.10.4_1,2047,3,aegypti,5.399433631559505,76.91446653519813,0.07786481376280892,0,0,0,0,0,0,1,1,1,0.007506985326291016,0,0,0
TUR.10.4_1,2047,4,aegypti,11.28448883224936,72.12828311638377,0.10296189482598882,0,0,0,0,0,0,1,1,1,0.010243365175474861,0,0,0
TUR.10.4_1,2047,5,aegypti,15.93914306865019,86.43617878681889,0.14391350412012868,0.0020264735368556827,0.0020033665727263615,0.0020491790436711647,0,0,0,1,1,1,0.013830579723808745,0,0,0
TUR.10.4_1,2047,6,aegypti,18.012934292063992,87.75751100378713,0.161869712941839,0.028605411125823307,0.028414954652894855,0.02878531275920492,0,0,0,1,1,1,0.016056666302767586,0,0,0
TUR.10.4_1,2047,7,aegypti,20.818304117988138,87.8634370099804,0.19008915038721924,0.15135533340352442,0.15067101853695403,0.1520301843420488,7.531406277326858e-5,6.685793623479874e-5,8.436243926519261e-5,0.9999246859372267,0.9999156375607349,0.9999331420637652,0.0182275556690481,1.372791271861936e-6,1.2186567546374623e-6,1.5377210580829875e-6
TUR.10.4_1,2047,8,aegypti,21.580313682556152,90.90906013660509,0.22571888384450564,0.2153658405648733,0.2144668338087374,0.21622076679654176,0.08003802734265994,0.07692021515547631,0.08302084838346781,0.91996197265734,0.9169791516165322,0.9230797848445236,0.02160691564285855,0.0017293749050136592,0.0016620086000949065,0.0017938244676201382
TUR.10.4_1,2047,9,aegypti,18.5231910312877,91.6043589895805,0.179908850325012,0.04489655983846565,0.04463148905468068,0.045182979502358694,0,0,0,1,1,1,0.017830015235010377,0,0,0
TUR.10.4_1,2047,10,aegypti,15.800519045661476,79.60486363212478,0.1772926636163795,0.0013379409686284447,0.0013222764309153943,0.0013535929775553128,0,0,0,1,1,1,0.01701100531989841,0,0,0
TUR.10.4_1,2047,11,aegypti,10.222285558195676,81.8529926645083,0.10283853865296351,0,0,0,0,0,0,1,1,1,0.010231155841100348,0,0,0
TUR.10.4_1,2047,12,aegypti,8.34366051107645,75.79558559084076,0.08458631272058656,0,0,0,0,0,0,1,1,1,0.00815235999590469,0,0,0
TUR.10.4_1,2048,1,aegypti,3.1185637587297927,79.87193974373963,0.08601388206179024,0,0,0,0,0,0,1,1,1,0.008289376139105409,0,0,0
TUR.10.4_1,2048,2,aegypti,1.8594011765055578,86.87552599393956,0.06663887917065114,0,0,0,0,0,0,1,1,1,0.006869970270373393,0,0,0
TUR.10.4_1,2048,3,aegypti,4.135554570814266,80.17215696488563,0.07898392630954033,0,0,0,0,0,0,1,1,1,0.007614467704523897,0,0,0
TUR.10.4_1,2048,4,aegypti,11.245202218785005,76.86302432732127,0.10444171533498026,0,0,0,0,0,0,1,1,1,0.010389820555536167,0,0,0
TUR.10.4_1,2048,5,aegypti,16.106089479783,81.52588520771732,0.14598190190241225,0.0025856696978803066,0.0025577990383934524,0.002612889293523933,0,0,0,1,1,1,0.01402795906305565,0,0,0
TUR.10.4_1,2048,6,aegypti,17.898941601023953,77.72935853796682,0.1641961864532359,0.022294250706649667,0.022120680668832618,0.022463031520912745,0,0,0,1,1,1,0.016285551487225547,0,0,0
TUR.10.4_1,2048,7,aegypti,23.445816096137552,84.42940075509759,0.1928212079484673,0.34690739418376626,0.34554846967910924,0.34834075399116005,0.42347476697511643,0.42121002805866603,0.4258495769973666,0.5765252330248836,0.5741504230026334,0.5787899719413341,0.018487094792573044,0.007828818159331757,0.00778694971630291,0.007872721497327451
TUR.10.4_1,2048,8,aegypti,21.525744438171387,86.10638679676134,0.2289630299836601,0.19543231049911727,0.19455771410562964,0.19630300192626846,0.02338455534424252,0.02171873102667142,0.025103598796027547,0.9766154446557574,0.9748964012039725,0.9782812689733286,0.021914033573832814,5.124499309228822e-4,4.759450008995219e-4,5.501211068401767e-4
TUR.10.4_1,2048,9,aegypti,17.627645071815042,87.73687394319379,0.1824945914568159,0.02035974366863536,0.020202874084427187,0.020501127025396755,0,0,0,1,1,1,0.018083946136419726,0,0,0
TUR.10.4_1,2048,10,aegypti,15.103705462287452,77.06836460868728,0.17984080358754695,1.224387418392502e-4,1.2050471637757674e-4,1.2434950422416882e-4,0,0,0,1,1,1,0.017253374810883293,0,0,0
TUR.10.4_1,2048,11,aegypti,12.536393453093137,81.41279948823878,0.10431658622454872,0,0,0,0,0,0,1,1,1,0.010377437573919956,0,0,0
TUR.10.4_1,2048,12,aegypti,5.052390016615391,80.83605189943451,0.08580203005519307,0,0,0,0,0,0,1,1,1,0.008269044070784548,0,0,0
TUR.10.4_1,2049,1,aegypti,3.0289918059099685,85.18733128426697,0.09492363668624441,0,0,0,0,0,0,1,1,1,0.00914409453629439,0,0,0
TUR.10.4_1,2049,2,aegypti,4.376554499202244,77.10607103788487,0.0710057528768396,0,0,0,0,0,0,1,1,1,0.007578893484118443,0,0,0
TUR.10.4_1,2049,3,aegypti,8.75784160580267,74.14432493363563,0.08716548242380145,0,0,0,0,0,0,1,1,1,0.00839989136596786,0,0,0
TUR.10.4_1,2049,4,aegypti,14.888072168125825,66.43388614372752,0.11526031849398292,2.1133790503618086e-5,2.073161815100231e-5,2.149628212624482e-5,0,0,0,1,1,1,0.0114598616150422,0,0,0
TUR.10.4_1,2049,5,aegypti,17.643781549790326,79.2293230128931,0.16110344849912642,0.01815490198838537,0.01800082972974918,0.018297860943237466,0,0,0,1,1,1,0.015469751169968182,0,0,0
TUR.10.4_1,2049,6,aegypti,17.881052578196805,86.1498373587676,0.18120446112357938,0.024967660999092527,0.024787460368031488,0.02513376573713609,0,0,0,1,1,1,0.017957257995806608,0,0,0
TUR.10.4_1,2049,7,aegypti,21.381961878608255,86.77890331857415,0.21279460768384417,0.18708781744836173,0.18619884144054366,0.18789529448610814,0.010783600100097579,0.009826907260092527,0.011696978856261137,0.9892163998999024,0.9883030211437388,0.9901730927399074,0.020382438206530407,2.19796062684174e-4,2.0029632999014096e-4,2.3841294874083532e-4
TUR.10.4_1,2049,8,aegypti,23.57197856903076,96.44584144764025,0.2526801831492441,0.44118848204389566,0.4397134007706284,0.4427190490926031,0.546677664301094,0.5451582789226382,0.5482462287427665,0.453322335698906,0.4517537712572335,0.4548417210773618,0.024156370371920866,0.013205748132913848,0.013169045296974189,0.013243638956519114
TUR.10.4_1,2049,9,aegypti,20.229913290809183,86.90035660920941,0.20139830782439222,0.11410798665480872,0.113588092950026,0.11465516086768303,3.683079753469265e-8,3.238360416213393e-8,4.1946144754834156e-8,0.9999999631692025,0.9999999580538553,0.9999999676163958,0.019938379058386024,7.343464022693715e-10,6.456765750613536e-10,8.363381341598141e-10
TUR.10.4_1,2049,10,aegypti,14.46512704737046,74.06453465263259,0.19846962713347904,0,0,0,0,0,0,1,1,1,0.019023463957137388,0,0,0
TUR.10.4_1,2049,11,aegypti,8.45458154818591,77.87575114839503,0.11512222787497164,0,0,0,0,0,0,1,1,1,0.011446210708826565,0,0,0
TUR.10.4_1,2049,12,aegypti,5.153447784483433,79.6209868969931,0.09468983997316228,0,0,0,0,0,0,1,1,1,0.009121675683918307,0,0,0
TUR.10.4_1,2050,1,aegypti,1.5059009069193374,76.93731602547791,0.08471700666507079,0,0,0,0,0,0,1,1,1,0.008164904608225276,0,0,0
TUR.10.4_1,2050,2,aegypti,1.9716085892252844,72.13599352323644,0.06337088474189582,0,0,0,0,0,0,1,1,1,0.006766739462226612,0,0,0
TUR.10.4_1,2050,3,aegypti,6.846518058439388,77.83777586137,0.07779304515975614,0,0,0,0,0,0,1,1,1,0.0075000920923011805,0,0,0
TUR.10.4_1,2050,4,aegypti,14.666762506260591,69.47882327751658,0.10286699404857429,0,0,0,0,0,0,1,1,1,0.010233972263495539,0,0,0
TUR.10.4_1,2050,5,aegypti,12.63430679545683,87.57276020771732,0.14378085792665557,0,0,0,0,0,0,1,1,1,0.013817920453552013,0,0,0
TUR.10.4_1,2050,6,aegypti,18.404715145335476,86.46761689978322,0.16172051637136012,0.03814147894486217,0.03791599736943971,0.03838464796470751,0,0,0,1,1,1,0.016041986096162808,0,0,0
TUR.10.4_1,2050,7,aegypti,21.946842249702005,90.01179821603509,0.1899139437422726,0.24221080673665496,0.24118245791700454,0.24316922123924864,0.17482951661379761,0.17137527729775506,0.17803348070929015,0.8251704833862024,0.8219665192907099,0.828624722702245,0.018210909103142048,0.0031838044356001308,0.0031208995973951805,0.003242151534512876
TUR.10.4_1,2050,8,aegypti,24.090874671936035,82.25760139637072,0.22551083699775537,0.39060778547083436,0.38896602883094883,0.3921864831717852,0.48797517318179917,0.4858162798794575,0.4900385192760589,0.5120248268182008,0.5099614807239411,0.5141837201205425,0.021587216902999806,0.010534025906754393,0.010487421408766311,0.010578567806437136
TUR.10.4_1,2050,9,aegypti,20.029944952796487,83.56401475129925,0.17974302694162875,0.0982231822451527,0.09772377807650083,0.09872811517340989,5.650479424357258e-10,4.885195803439047e-10,6.506891275792625e-10,0.9999999994349521,0.9999999993493108,0.9999999995114804,0.017813728424980968,1.0065610593644298e-11,8.702355134531988e-12,1.1591199407784776e-11
TUR.10.4_1,2050,10,aegypti,13.746198710273292,83.7041144255818,0.17712925159258644,0,0,0,0,0,0,1,1,1,0.016995460143338637,0,0,0
TUR.10.4_1,2050,11,aegypti,9.658702184172238,73.61293376558253,0.10274375157389087,0,0,0,0,0,0,1,1,1,0.010221774066867306,0,0,0
TUR.10.4_1,2050,12,aegypti,6.9206544533371925,74.89143367433685,0.08450834885978759,0,0,0,0,0,0,1,1,1,0.0081448765865767,0,0,0
TUR.10.4_1,2051,1,aegypti,4.057075845598079,79.17919834969666,0.08597606909017728,0,0,0,0,0,0,1,1,1,0.008285747146110634,0,0,0
TUR.10.4_1,2051,2,aegypti,2.242134223514072,80.45614580595128,0.06431270153837117,0,0,0,0,0,0,1,1,1,0.006866960523497223,0,0,0
TUR.10.4_1,2051,3,aegypti,6.697003383299007,73.89900938187782,0.07894920381019685,0,0,0,0,0,0,1,1,1,0.007611133043502583,0,0,0
TUR.10.4_1,2051,4,aegypti,13.348014985813814,69.47449741081736,0.10439580121597407,0,0,0,0,0,0,1,1,1,0.010385276837150292,0,0,0
TUR.10.4_1,2051,5,aegypti,15.30039394603056,87.49306355244389,0.1459177261045024,3.5783362154069803e-4,3.5340789756770015e-4,3.626208344159037e-4,0,0,0,1,1,1,0.014021835604449251,0,0,0
TUR.10.4_1,2051,6,aegypti,20.512995327220242,86.43329225378713,0.16412400338710184,0.12935709522206718,0.12874692408310326,0.12999844061974353,1.1507574158891032e-6,1.0098887966158987e-6,1.3134545486542803e-6,0.9999988492425841,0.9999986865454513,0.9999989901112034,0.0162784507090884,1.8732547872668705e-8,1.6439424997372506e-8,2.1381005128896653e-8
TUR.10.4_1,2051,7,aegypti,22.160173472236185,83.26748211496087,0.19273644090054715,0.23316287816597936,0.23215096843450406,0.23416726914966543,0.14366862742098668,0.1400919277981116,0.14720697707372443,0.8563313725790133,0.8527930229262757,0.8599080722018884,0.018479043151341412,0.002654858765606405,0.00258876477893591,0.0027202440815238794
TUR.10.4_1,2051,8,aegypti,21.730679512023926,87.51724495105822,0.22886237445753274,0.2155373427224769,0.21455005684110295,0.21647052988194,0.08063556729385525,0.07720733851560006,0.08389730924265544,0.9193644327061448,0.9161026907573446,0.9227926614844,0.02190450613153838,0.0017662822782083282,0.0016911886199147208,0.001837729124725318
TUR.10.4_1,2051,9,aegypti,19.202985342811136,90.23341782747113,0.18241436414186554,0.06887887992931185,0.06851786178418182,0.06921973574232872,2.4685808952540355e-14,2.120525977034049e-14,2.8313462685503052e-14,0.9999999999999754,0.9999999999999717,0.9999999999999788,0.018076068455968652,4.462223725170833e-16,3.833077272352728e-16,5.117960897286672e-16
TUR.10.4_1,2051,10,aegypti,16.121555384467626,84.66516636649978,0.17976174291689823,0.00280032871412609,0.002767877903125323,0.0028280239901029795,0,0,0,1,1,1,0.01724585575560955,0,0,0
TUR.10.4_1,2051,11,aegypti,7.555319596739377,90.95746196382471,0.10427072711414564,0,0,0,0,0,0,1,1,1,0.010372899242479083,0,0,0
TUR.10.4_1,2051,12,aegypti,8.129521049559116,74.32646937990326,0.08576431021684791,0,0,0,0,0,0,1,1,1,0.00826542394178953,0,0,0
TUR.10.4_1,2052,1,aegypti,3.5995170944918167,74.07266148446229,0.08534301153005552,0,0,0,0,0,0,1,1,1,0.008224989265142368,0,0,0
TUR.10.4_1,2052,2,aegypti,5.075557718806736,76.13738207304112,0.06611912515848711,0,0,0,0,0,0,1,1,1,0.006816570560568058,0,0,0
TUR.10.4_1,2052,3,aegypti,7.628672618528499,74.98136869584266,0.07836788634748268,0,0,0,0,0,0,1,1,1,0.0075553031203927645,0,0,0
TUR.10.4_1,2052,4,aegypti,11.769247209324556,82.06677493767283,0.10362711579101676,0,0,0,0,0,0,1,1,1,0.010309203671969192,0,0,0
TUR.10.4_1,2052,5,aegypti,14.940963632920209,80.99412403828373,0.14484330713369156,4.549560815634744e-5,4.478104293705809e-5,4.6225607376405795e-5,0,0,0,1,1,1,0.013919312179910492,0,0,0
TUR.10.4_1,2052,6,aegypti,19.149490917430203,86.6932943900176,0.16291552825860212,0.0632134224918897,0.06286569249024503,0.06356596355630371,2.136624210891114e-15,1.7763568394002505e-15,2.4452662117369048e-15,0.9999999999999979,0.9999999999999976,0.9999999999999982,0.0161595632230358,3.452691401976393e-17,2.87051506529604e-17,3.951443394571576e-17
TUR.10.4_1,2052,7,aegypti,22.379671152900247,85.05713207833978,0.1913172871486458,0.2579104933295667,0.2567928704159107,0.2590568755235565,0.22464286809467046,0.22128474141327373,0.2280658377770629,0.7753571319053295,0.7719341622229371,0.7787152585867263,0.018344234299386364,0.0041209014060147806,0.004059299143364218,0.004183693163868283
TUR.10.4_1,2052,8,aegypti,21.631217002868652,90.1456095140465,0.2271772188332881,0.2168087879846951,0.21592878467956045,0.21774996000942254,0.08508981992944863,0.08199850054570872,0.08841250244550931,0.9149101800705514,0.9115874975544908,0.9180014994542913,0.02174498572567629,0.0018502769197662266,0.0017830562238932955,0.00192252860364892
TUR.10.4_1,2052,9,aegypti,19.948157843421487,89.21950181184613,0.18107121373365495,0.10275520968394648,0.10225023228336955,0.10323006183011545,1.9964332116373386e-9,1.7357239617821207e-9,2.2657924675373306e-9,0.9999999980035668,0.9999999977342074,0.9999999982642761,0.017944172445409468,3.5824341825363055e-11,3.1146130087847685e-11,4.06577707629997e-11
TUR.10.4_1,2052,10,aegypti,15.259994562934425,87.4710821990193,0.1784381242451159,3.0533388668126815e-4,3.0138558681131285e-4,3.094071587772527e-4,0,0,0,1,1,1,0.017119964621811867,0,0,0
TUR.10.4_1,2052,11,aegypti,6.671569158049191,82.84758342378565,0.10350296263273201,0,0,0,0,0,0,1,1,1,0.010296916271884449,0,0,0
TUR.10.4_1,2052,12,aegypti,3.710455097258091,81.05149074220795,0.08513281187613572,0,0,0,0,0,0,1,1,1,0.008204814469879529,0,0,0
TUR.10.4_1,2053,1,aegypti,0.6986636990297805,83.5324774634662,0.08547107067217143,0,0,0,0,0,0,1,1,1,0.008237280078374987,0,0,0
TUR.10.4_1,2053,2,aegypti,3.8051951032214086,83.13379625761144,0.06393494743914042,0,0,0,0,0,0,1,1,1,0.0068267639875441155,0,0,0
TUR.10.4_1,2053,3,aegypti,6.023443717619076,77.75306669388954,0.07848547915461676,0,0,0,0,0,0,1,1,1,0.0075665970262432936,0,0,0
TUR.10.4_1,2053,4,aegypti,8.87526956726523,78.02026614861033,0.10378261065005943,0,0,0,0,0,0,1,1,1,0.010324592735409976,0,0,0
TUR.10.4_1,2053,5,aegypti,12.775644190171185,82.01906452900639,0.14506064783119246,0,0,0,0,0,0,1,1,1,0.013940052168038286,0,0,0
TUR.10.4_1,2053,6,aegypti,18.785811031565945,83.43090425329885,0.1631599867375346,0.04765933388631139,0.04735844355346189,0.04795330815968162,0,0,0,1,1,1,0.016183613742735692,0,0,0
TUR.10.4_1,2053,7,aegypti,21.81316572077134,81.01481182687493,0.19160436311684703,0.1996336754900827,0.19870109124061813,0.20057788350741726,0.03246668867764503,0.030280081270427178,0.03474661756220726,0.967533311322355,0.9652533824377928,0.9697199187295727,0.01837150583469538,5.96461960474594e-4,5.562906897347031e-4,6.383476872800195e-4
TUR.10.4_1,2053,8,aegypti,23.212199211120605,86.80016578846056,0.22751810344973758,0.33956733477319095,0.338157013035992,0.34085839548392827,0.4110127408081317,0.4085588278711232,0.4132461258746142,0.5889872591918683,0.5867538741253858,0.5914411721288768,0.021777256685511448,0.00895072995759427,0.008897290465681138,0.008999366957464646
TUR.10.4_1,2053,9,aegypti,20.6794410312877,85.99386246858441,0.18134291523418675,0.1383990323914712,0.1377424102730433,0.13901823976570715,7.11827565448031e-6,6.255486987022385e-6,8.005524359208649e-6,0.9999928817243455,0.9999919944756408,0.9999937445130129,0.017970854687122784,1.2792149740954948e-7,1.1241644764096681e-7,1.4386611495356038e-7
TUR.10.4_1,2053,10,aegypti,14.995698984931495,82.93402622978103,0.17870587473460445,7.112106807751998e-5,7.006696099283625e-5,7.219513836770402e-5,0,0,0,1,1,1,0.017145432028371044,0,0,0
TUR.10.4_1,2053,11,aegypti,12.729879666777219,73.6566044198794,0.10365827119711908,0,0,0,0,0,0,1,1,1,0.010312287089033534,0,0,0
TUR.10.4_1,2053,12,aegypti,6.201526798307896,76.93118281984466,0.08526055560885991,0,0,0,0,0,0,1,1,1,0.008217075260457896,0,0,0
TUR.10.4_1,2054,1,aegypti,5.964260446428157,72.31178196786072,0.08150030146167407,0,0,0,0,0,0,1,1,1,0.00785610418114846,0,0,0
TUR.10.4_1,2054,2,aegypti,7.6889088254504125,67.55294756376378,0.06096469190390979,0,0,0,0,0,0,1,1,1,0.0065106445852752826,0,0,0
TUR.10.4_1,2054,3,aegypti,7.873091239591732,71.9824520698661,0.07483924281233875,0,0,0,0,0,0,1,1,1,0.007216343614273701,0,0,0
TUR.10.4_1,2054,4,aegypti,11.892731820835786,73.83259067253611,0.09896113372560497,0,0,0,0,0,0,1,1,1,0.0098473079698993,0,0,0
TUR.10.4_1,2054,5,aegypti,13.342509157517377,88.65029011494389,0.13832149796992319,0,0,0,0,0,0,1,1,1,0.013296757991946184,0,0,0
TUR.10.4_1,2054,6,aegypti,17.122830951915066,90.73447023230275,0.1555799874860042,0.012711839083931234,0.012614653668006461,0.012813965778054073,0,0,0,1,1,1,0.015437598291479615,0,0,0
TUR.10.4_1,2054,7,aegypti,20.738367136786966,94.978938413789,0.18270291026644944,0.16322201885066184,0.16256167135604735,0.16385334945913124,5.090578785664208e-4,4.6005504277371877e-4,5.590772459511284e-4,0.9994909421214336,0.9994409227540488,0.9995399449572263,0.01752553637706966,8.921512368849718e-6,8.062711387585148e-6,9.798128611508423e-6
TUR.10.4_1,2054,8,aegypti,23.195937156677246,86.3516413133629,0.2169481892915999,0.33551907415424265,0.33415815993577475,0.3368594912056778,0.40390611375230595,0.40148110538182635,0.4062807100386771,0.5960938862476941,0.5937192899613228,0.5985188946181736,0.020776125673564128,0.008391604179638796,0.008341221900974267,0.008440939090508422
TUR.10.4_1,2054,9,aegypti,18.549603995154886,89.95729478059613,0.17291818323199143,0.044652127316445356,0.04437874481692264,0.04491474481938824,0,0,0,1,1,1,0.017143172849433674,0,0,0
TUR.10.4_1,2054,10,aegypti,13.672709521125343,91.60654209892165,0.17040365294715465,0,0,0,0,0,0,1,1,1,0.016355449240453845,0,0,0
TUR.10.4_1,2054,11,aegypti,8.974113275023068,82.88730205171534,0.09884257076835495,0,0,0,0,0,0,1,1,1,0.009835568357175584,0,0,0
TUR.10.4_1,2054,12,aegypti,5.140540756285191,80.6538238110556,0.08129956639439126,0,0,0,0,0,0,1,1,1,0.007836830632169667,0,0,0
TUR.10.4_1,2055,1,aegypti,5.425093995927669,75.6929541480365,0.08777795490448531,0,0,0,0,0,0,1,1,1,0.008458663280172418,0,0,0
TUR.10.4_1,2055,2,aegypti,4.268083820872776,78.42208818876378,0.06566056665721337,0,0,0,0,0,0,1,1,1,0.007010372601699233,0,0,0
TUR.10.4_1,2055,3,aegypti,3.2577108332120317,85.35407224808876,0.08060382063441217,0,0,0,0,0,0,1,1,1,0.007770025804012648,0,0,0
TUR.10.4_1,2055,4,aegypti,10.33320299316855,74.65298709587596,0.10658372763869854,0,0,0,0,0,0,1,1,1,0.010601773572452733,0,0,0
TUR.10.4_1,2055,5,aegypti,15.699337847092572,82.31508503681889,0.14897586871914104,0.0011013058122689382,0.0010872707036158709,0.0011146327821023323,0,0,0,1,1,1,0.014313591962838879,0,0,0
TUR.10.4_1,2055,6,aegypti,18.115963543162625,87.02887330847463,0.16756371302514633,0.030771908203556665,0.030574936797029703,0.030973832425750827,0,0,0,1,1,1,0.01661676417017388,0,0,0
TUR.10.4_1,2055,7,aegypti,20.450729426215677,92.94962627999993,0.19677580979044898,0.13897753427089413,0.13834021581485773,0.13958601875230275,7.957380660855607e-6,7.0244770789817945e-6,8.926110106535767e-6,0.9999920426193392,0.9999910738898935,0.9999929755229211,0.018862651254575535,1.500972963056231e-7,1.3250026138659303e-7,1.6837010199952623e-7
TUR.10.4_1,2055,8,aegypti,21.243536949157715,92.57202400379259,0.23365887039329536,0.19418288507076356,0.19335775901028657,0.1950169924359763,0.02104321477014888,0.019578777235894643,0.022578105775281444,0.9789567852298511,0.9774218942247186,0.9804212227641054,0.022358410234988635,4.7049282849396075e-4,4.377503333395893e-4,5.048105512527086e-4
TUR.10.4_1,2055,9,aegypti,20.051045950721292,83.17886765657269,0.18623740302409794,0.09867405454947886,0.09815426299502192,0.09918588579405836,6.425171069635027e-10,5.525973539866058e-10,7.407435886896962e-10,0.9999999993574828,0.9999999992592564,0.9999999994474026,0.018451390044914695,1.1855333751113764e-11,1.019618931619466e-11,1.3667748878183447e-11
TUR.10.4_1,2055,10,aegypti,16.82861715204575,80.6963019255818,0.18352918818329567,0.007664372309901531,0.007593395284725885,0.007732640161430151,0,0,0,1,1,1,0.017604094231658096,0,0,0
TUR.10.4_1,2055,11,aegypti,11.151399899931516,78.49973643892237,0.1064560322347775,0,0,0,0,0,0,1,1,1,0.010589139331170005,0,0,0
TUR.10.4_1,2055,12,aegypti,8.277674831449986,72.5295791211142,0.08756175799026918,0,0,0,0,0,0,1,1,1,0.008437917755669044,0,0,0
TUR.10.4_1,2056,1,aegypti,6.157258378862239,75.80535801766541,0.08638360949094348,0,0,0,0,0,0,1,1,1,0.00832485898361135,0,0,0
TUR.10.4_1,2056,2,aegypti,4.4441135030322,81.26453356229894,0.06692532388035183,0,0,0,0,0,0,1,1,1,0.006899398473297236,0,0,0
TUR.10.4_1,2056,3,aegypti,5.044238109251156,80.97706571732704,0.07932343573893544,0,0,0,0,0,0,1,1,1,0.007647072741064576,0,0,0
TUR.10.4_1,2056,4,aegypti,12.815586244358736,69.73404178337596,0.10489065411069343,0,0,0,0,0,0,1,1,1,0.010434246996530394,0,0,0
TUR.10.4_1,2056,5,aegypti,14.646757013657513,79.39770375019779,0.14660939960394034,0,0,0,0,0,0,1,1,1,0.014087830973171012,0,0,0
TUR.10.4_1,2056,6,aegypti,19.192665661082547,81.65974794226369,0.16490197757019195,0.060135121938501825,0.059796160211472334,0.060503363975210764,5.134781488891349e-16,4.440892098500626e-16,5.578870698741386e-16,0.9999999999999994,0.9999999999999994,0.9999999999999996,0.016354978729078318,8.39792420292831e-18,7.263069580910971e-18,9.124231161019367e-18
TUR.10.4_1,2056,7,aegypti,21.16935354120591,92.02046520822259,0.19365004264110208,0.18691720004523682,0.1861434254300765,0.1876989692185561,0.01059514040546867,0.009770048039473045,0.011467444441745486,0.9894048595945313,0.9885325555582546,0.9902299519605269,0.01856581859794315,1.9670745478766918e-4,1.8138893959404668e-4,2.1290249328743813e-4
TUR.10.4_1,2056,8,aegypti,23.43202495574951,85.07652534656603,0.22994721893569675,0.349558692893534,0.3480551503654189,0.35084055315423623,0.42784764842556483,0.42537844692799315,0.4299404928480557,0.5721523515744352,0.5700595071519443,0.5746215530720068,0.02200718604755092,0.00941572279890856,0.009361382622162611,0.009461780415482896
TUR.10.4_1,2056,9,aegypti,19.66138225443223,85.83009751497113,0.1832790375777947,0.08387346198791501,0.08341513046518456,0.08432989850482105,6.613429026636197e-12,5.6472826415188134e-12,7.687581127235887e-12,0.9999999999933866,0.9999999999923124,0.9999999999943527,0.018160969139318417,1.201062804578126e-13,1.0256012577363177e-13,1.3961392360773764e-13
TUR.10.4_1,2056,10,aegypti,14.67340570337632,85.38027714530837,0.18061384250142262,6.23622208071113e-9,6.127763706946815e-9,6.344327105467768e-9,0,0,0,1,1,1,0.017326891549697576,0,0,0
TUR.10.4_1,2056,11,aegypti,6.0483863844591035,77.98698009126612,0.10476498713749831,0,0,0,0,0,0,1,1,1,0.010421811345097343,0,0,0
TUR.10.4_1,2056,12,aegypti,3.003295697271824,88.29623408937591,0.08617084684648318,0,0,0,0,0,0,1,1,1,0.008304440248358524,0,0,0
TUR.10.4_1,2057,1,aegypti,3.2429832094896804,82.91831120370057,0.08839629075019101,0,0,0,0,0,0,1,1,1,0.008517994300259013,0,0,0
TUR.10.4_1,2057,2,aegypti,4.98378087096738,81.55913500272862,0.06612310058224821,0,0,0,0,0,0,1,1,1,0.007059581174142293,0,0,0
TUR.10.4_1,2057,3,aegypti,4.2662298866712,76.13256040726844,0.08117161959547617,0,0,0,0,0,0,1,1,1,0.00782454564306323,0,0,0
TUR.10.4_1,2057,4,aegypti,10.43539158035727,72.99408969597361,0.10733453733162947,0,0,0,0,0,0,1,1,1,0.01067605576168551,0,0,0
TUR.10.4_1,2057,5,aegypti,16.126585848191205,85.30670033222904,0.1500253021432215,0.0028556181350514694,0.0028261951557759265,0.002885946761381525,0,0,0,1,1,1,0.01441369129228176,0,0,0
TUR.10.4_1,2057,6,aegypti,20.37658747504739,87.10632692175588,0.16874408513925782,0.12272483943960727,0.12213727238282325,0.1232692333690757,2.7354735163120925e-7,2.3934711603779133e-7,3.0821662380942084e-7,0.9999997264526483,0.9999996917833762,0.999999760652884,0.016732833134716518,4.577222189288649e-9,4.004955353935995e-9,5.157337335548732e-9
TUR.10.4_1,2057,7,aegypti,23.587432917426614,86.20276196115228,0.19816196120960197,0.37106529941829375,0.3697084629795437,0.3724101102062273,0.4610093592445963,0.4590332157661481,0.46295765568792785,0.5389906407554037,0.5370423443120721,0.5409667842338519,0.01899425580758085,0.0087565296991808,0.008718994324438673,0.00879353614021444
TUR.10.4_1,2057,8,aegypti,23.80861759185791,86.27621711902697,0.23530483782769832,0.39259046323243413,0.39098840022577636,0.3941563883478497,0.4905611172560904,0.4884758741220251,0.49258719209690727,0.5094388827439096,0.5074128079030927,0.5115241258779749,0.022514123596244273,0.0110445536254153,0.010997606203766731,0.01109016892479669
TUR.10.4_1,2057,9,aegypti,20.736527975867777,85.24619706331097,0.1875493185526181,0.14025703466134493,0.13959341823529353,0.14088469204191717,1.0164212956126128e-5,8.938749793427348e-6,1.1425161185690812e-5,0.9999898357870439,0.9999885748388143,0.9999910612502065,0.018580152484797607,1.8885262661277892e-7,1.6608333418533323e-7,2.1228123699352632e-7
TUR.10.4_1,2057,10,aegypti,16.307760294745947,85.61755894462478,0.1848220261847105,0.003921280619894298,0.0038829347476688485,0.003959854590950107,0,0,0,1,1,1,0.01772699739076944,0,0,0
TUR.10.4_1,2057,11,aegypti,7.308226396055783,85.98796428316065,0.10720594240064991,0,0,0,0,0,0,1,1,1,0.01066333347545212,0,0,0
TUR.10.4_1,2057,12,aegypti,4.681266225874424,79.37683864259857,0.08817857087611625,0,0,0,0,0,0,1,1,1,0.008497103886238144,0,0,0
TUR.10.4_1,2058,1,aegypti,4.8184016817797195,72.44233616707947,0.09076159419237405,0,0,0,0,0,0,1,1,1,0.0087449188890929,0,0,0
TUR.10.4_1,2058,2,aegypti,3.4132273297839086,79.78736071073644,0.06789241913722015,0,0,0,0,0,0,1,1,1,0.0072477948952209825,0,0,0
TUR.10.4_1,2058,3,aegypti,10.987910289426937,67.76306120072547,0.08334360565515522,0,0,0,0,0,0,1,1,1,0.008033071267931957,0,0,0
TUR.10.4_1,2058,4,aegypti,10.806402360691743,78.7943292589619,0.1102065894105237,0,0,0,0,0,0,1,1,1,0.010960153951567797,0,0,0
TUR.10.4_1,2058,5,aegypti,18.311662561753216,72.63619862324467,0.1540396715309228,0.02876844480567713,0.028561339616081774,0.028970231530968144,0,0,0,1,1,1,0.014796504751592776,0,0,0
TUR.10.4_1,2058,6,aegypti,19.290142620311062,87.26333223181447,0.1732593307682386,0.06940399905177798,0.06901768909970327,0.06978644701537061,3.065581122285721e-14,2.609024107869118e-14,3.574918139293004e-14,0.9999999999999694,0.9999999999999643,0.9999999999999739,0.017176702196014304,5.265657399522514e-16,4.481443012308974e-16,6.140530425376551e-16
TUR.10.4_1,2058,7,aegypti,22.355060633491068,89.36938030832025,0.2034643688669934,0.2748019005713903,0.273672206010664,0.2758965034379838,0.27221955771411593,0.26922079881407757,0.2751081879719516,0.727780442285884,0.7248918120280484,0.7307792011859224,0.01949751626014251,0.005307605252859778,0.0052491369024460326,0.005363926368281468
TUR.10.4_1,2058,8,aegypti,22.643881797790527,88.65127052478869,0.24160111268440063,0.29727263531094916,0.2959981524999059,0.29840188655342653,0.3272163885641045,0.3243226375359529,0.32976496914251335,0.6727836114358955,0.6702350308574867,0.6756773624640471,0.02310954086404815,0.0075618205029084305,0.007494947245272981,0.0076207170299304895
TUR.10.4_1,2058,9,aegypti,18.349661406348734,89.10043748079144,0.19256775365873857,0.038074839717276786,0.037827461198467714,0.03830864609158033,0,0,0,1,1,1,0.019072548103352016,0,0,0
TUR.10.4_1,2058,10,aegypti,16.846548136542822,82.1627783660115,0.18976748454066525,0.00802392188971904,0.0079454434638358,0.00809623717657587,0,0,0,1,1,1,0.018196993645198112,0,0,0
TUR.10.4_1,2058,11,aegypti,10.205418874235715,77.007213245563,0.11007455354293572,0,0,0,0,0,0,1,1,1,0.010947094991940243,0,0,0
TUR.10.4_1,2058,12,aegypti,5.722886241972446,79.75628657961029,0.09053804858100635,0,0,0,0,0,0,1,1,1,0.008723474393606101,0,0,0
TUR.10.4_1,2059,1,aegypti,2.6512457603205215,80.5398779761615,0.0858294669661702,0,0,0,0,0,0,1,1,1,0.008271677296380675,0,0,0
TUR.10.4_1,2059,2,aegypti,3.489846478038303,79.74697832548253,0.06420303871305323,0,0,0,0,0,0,1,1,1,0.0068552915504775935,0,0,0
TUR.10.4_1,2059,3,aegypti,5.697213191648617,77.3608471504325,0.07881458354795731,0,0,0,0,0,0,1,1,1,0.00759820434804348,0,0,0
TUR.10.4_1,2059,4,aegypti,8.397237931980806,81.40137729362986,0.10421779067934869,0,0,0,0,0,0,1,1,1,0.010367660495563813,0,0,0
TUR.10.4_1,2059,5,aegypti,15.944475061753216,81.26691303974857,0.1456689144432625,0.0018795491617788868,0.0018577068158469971,0.0019009150903563814,0,0,0,1,1,1,0.013998094396201255,0,0,0
TUR.10.4_1,2059,6,aegypti,17.74517878364114,88.48945222693166,0.1638441472858435,0.02294548079799872,0.022792027663118383,0.023106478055406558,0,0,0,1,1,1,0.016250920276111303,0,0,0
TUR.10.4_1,2059,7,aegypti,22.376821574042825,85.89742596261712,0.1924077962915461,0.26126881498297105,0.2600782913425564,0.2624335696986636,0.2345787094297021,0.23108820078528314,0.23797105762457246,0.765421290570298,0.7620289423754276,0.7689117992147169,0.018447826051270932,0.0043274672268907724,0.004263074930588074,0.004390048676295084
TUR.10.4_1,2059,8,aegypti,23.826655387878418,94.39268745594103,0.22847212970040634,0.4546664656776622,0.45307137318843993,0.4562344114879793,0.5601157364544361,0.5585684467612981,0.561628857961451,0.43988426354556387,0.438371142038549,0.4414315532387018,0.02186756704966286,0.012248368422488675,0.01221453296137873,0.012281456708497607
TUR.10.4_1,2059,9,aegypti,19.73980670816758,83.45541794954144,0.18210332022562706,0.08436748018583021,0.08389352206984012,0.08484376241327683,7.808062751912814e-12,6.638681271375902e-12,9.127831823718678e-12,0.9999999999921919,0.9999999999908722,0.9999999999933613,0.018045525834454734,1.4090059810668642e-13,1.1979849438932463e-13,1.6471652498747349e-13
TUR.10.4_1,2059,10,aegypti,15.300396975348976,84.50442265312087,0.17945522211866086,3.3935157737054346e-4,3.3494776833973254e-4,3.4394804117383356e-4,0,0,0,1,1,1,0.017216703589227444,0,0,0
TUR.10.4_1,2059,11,aegypti,9.638372708769406,79.99331248872706,0.10409292984766835,0,0,0,0,0,0,1,1,1,0.010355303786723669,0,0,0
TUR.10.4_1,2059,12,aegypti,6.412493385374546,78.7756499829306,0.08561806917355708,0,0,0,0,0,0,1,1,1,0.008251388458691111,0,0,0
TUR.10.4_1,2060,1,aegypti,4.425381290315486,81.22955998299744,0.09856175389471143,0,0,0,0,0,0,1,1,1,0.009492889575481223,0,0,0
TUR.10.4_1,2060,2,aegypti,2.8148437839083593,73.77699236356847,0.0763602880279117,0,0,0,0,0,0,1,1,1,0.007868222344083908,0,0,0
TUR.10.4_1,2060,3,aegypti,8.690500278135433,77.36730161820594,0.09050625457140202,0,0,0,0,0,0,1,1,1,0.008720424390006531,0,0,0
TUR.10.4_1,2060,4,aegypti,13.986234819187837,70.21684512810252,0.1196778752038294,0,0,0,0,0,0,1,1,1,0.011896458385519892,0,0,0
TUR.10.4_1,2060,5,aegypti,16.304330713608685,79.51515827900639,0.16727802470363232,0.0035317966646141144,0.0034968040307798297,0.0035710408503048176,0,0,0,1,1,1,0.016057871283192915,0,0,0
TUR.10.4_1,2060,6,aegypti,20.00433977912454,78.37330232458791,0.1881494443888509,0.08945048628643827,0.08897642818864357,0.08997535530599358,4.07283707870576e-11,3.495344291781777e-11,4.78821204907831e-11,0.9999999999592716,0.999999999952118,0.9999999999650465,0.018639048258204727,7.591380685780222e-13,6.514989093356096e-13,8.924771545328797e-13
TUR.10.4_1,2060,7,aegypti,22.45623212702134,89.13789684884759,0.22095033950270065,0.2827373543729772,0.2816152709583793,0.2838383643088643,0.2926357851587246,0.28982131757909824,0.2953817294224325,0.7073642148412753,0.7046182705775675,0.7101786824209017,0.02115531040349128,0.006190800870202206,0.006131259934934647,0.006248892173451633
TUR.10.4_1,2060,8,aegypti,27.48542881011963,74.70736946277697,0.26236460058883715,0.5654172406824268,0.562572756707876,0.5682834191824468,0.6462766219657077,0.6444904279205611,0.6480629325728753,0.3537233780342924,0.3519370674271247,0.35550957207943895,0.025070504237730606,0.016202480789737496,0.01615770000435924,0.01624726449738439
TUR.10.4_1,2060,9,aegypti,21.7242351139293,80.50271256624066,0.20911725618152183,0.19184933872452897,0.19096750325300413,0.19275314692798637,0.017113781389276325,0.015763504204889457,0.018557886608418353,0.9828862186107237,0.9814421133915817,0.9842364957951105,0.020694591666420625,3.5416271771946225e-4,3.2621928275209186e-4,3.840478855529534e-4
TUR.10.4_1,2060,10,aegypti,16.38126188166001,83.2088980559529,0.20607632859413824,0.004244895704917405,0.004201449276870947,0.0042876287051529524,0,0,0,1,1,1,0.019745326842461552,0,0,0
TUR.10.4_1,2060,11,aegypti,11.79614763400134,78.03609050386378,0.11953449201623467,0,0,0,0,0,0,1,1,1,0.011882290540401574,0,0,0
TUR.10.4_1,2060,12,aegypti,4.544873155653477,77.46240230226654,0.09831899650676641,0,0,0,0,0,0,1,1,1,0.009469619664836615,0,0,0
TUR.10.4_1,2061,1,aegypti,4.037307369111873,80.38541325448182,0.08912031729854519,0,0,0,0,0,0,1,1,1,0.008587462120817957,0,0,0
TUR.10.4_1,2061,2,aegypti,3.807047853999607,79.930808586713,0.06666469435133901,0,0,0,0,0,0,1,1,1,0.007117197753575111,0,0,0
TUR.10.4_1,2061,3,aegypti,8.741119403501644,69.47714964066688,0.08183647110747136,0,0,0,0,0,0,1,1,1,0.00788838062342212,0,0,0
TUR.10.4_1,2061,4,aegypti,10.769379770054536,82.9077096910908,0.10821368117266494,0,0,0,0,0,0,1,1,1,0.010763027743821985,0,0,0
TUR.10.4_1,2061,5,aegypti,17.86111057505888,77.90899525410404,0.15125411277265746,0.021634054665048703,0.021469606348787862,0.02179894342151036,0,0,0,1,1,1,0.014530887446314034,0,0,0
TUR.10.4_1,2061,6,aegypti,18.912487591014187,85.22396455603322,0.1701262155033455,0.05324003883046101,0.05293390679409491,0.053551784181322996,0,0,0,1,1,1,0.016868724084283304,0,0,0
TUR.10.4_1,2061,7,aegypti,22.19265371210435,91.62061627023431,0.19978504425496577,0.270317925473934,0.2691989504292203,0.2714475266095347,0.2601579868384406,0.25708962918433653,0.26323693323195846,0.7398420131615594,0.7367630667680416,0.7429103708156635,0.019148332783161526,0.004981591708179817,0.004922837774721272,0.005040548398344411
TUR.10.4_1,2061,8,aegypti,24.017888069152832,87.1983438890465,0.23723214663327805,0.4196550473815266,0.4178787337824001,0.42138381815466575,0.5234160500660994,0.52139225144313,0.5253733262723236,0.4765839499339007,0.4746266737276764,0.47860774855687,0.02269642115685211,0.01187967111255618,0.011833738126672612,0.011924094277652932
TUR.10.4_1,2061,9,aegypti,19.65015178568223,88.51762803254925,0.18908547673986126,0.08684049902569876,0.08637565187954728,0.08730775493898743,1.7657353357236615e-11,1.5132786690408295e-11,2.0489293595105095e-11,0.9999999999823427,0.9999999999795107,0.9999999999848672,0.018730902519094483,3.307381644796048e-13,2.834507523402882e-13,3.837829610150205e-13
TUR.10.4_1,2061,10,aegypti,15.30434709436753,83.87360142509353,0.18633584596767525,3.407092679938433e-4,3.358577168361283e-4,3.451411129021494e-4,0,0,0,1,1,1,0.017870888557380615,0,0,0
TUR.10.4_1,2061,11,aegypti,8.34864311358508,79.51378978364893,0.10808403296056668,0,0,0,0,0,0,1,1,1,0.01075020238020341,0,0,0
TUR.10.4_1,2061,12,aegypti,8.289159931242466,74.61637874269623,0.08890081414863843,0,0,0,0,0,0,1,1,1,0.008566402073757917,0,0,0
TUR.10.4_1,2062,1,aegypti,4.531334268449641,75.28645237801697,0.09306731424843574,0,0,0,0,0,0,1,1,1,0.008966077122695038,0,0,0
TUR.10.4_1,2062,2,aegypti,2.4900316100649755,79.11463884794347,0.06961716751622544,0,0,0,0,0,0,1,1,1,0.007431233062288323,0,0,0
TUR.10.4_1,2062,3,aegypti,7.33822729076971,77.0021053901786,0.08546087810738077,0,0,0,0,0,0,1,1,1,0.008236301825720216,0,0,0
TUR.10.4_1,2062,4,aegypti,13.399171983494478,75.26892337517283,0.1130062928068238,0,0,0,0,0,0,1,1,1,0.011237017014642192,0,0,0
TUR.10.4_1,2062,5,aegypti,15.63983429179472,80.0857912135767,0.15795291659055888,9.107686904946421e-4,8.999980240352011e-4,9.222957014908038e-4,0,0,0,1,1,1,0.01516953179591507,0,0,0
TUR.10.4_1,2062,6,aegypti,20.213875377879422,79.37025056677541,0.17766083470177924,0.10073307421389631,0.1002196025770216,0.10125874938444146,1.145630904475503e-9,9.903142084155548e-10,1.3217306721324818e-9,0.9999999988543691,0.9999999986782694,0.9999999990096858,0.017609197068763738,2.0173640364975177e-11,1.7438638055986265e-11,2.327461587741042e-11
TUR.10.4_1,2062,7,aegypti,25.10447126276353,82.77269299142571,0.20863320575406055,0.48578066609630904,0.48377016644456655,0.4878873391897663,0.5882897133001883,0.586580541915923,0.5900692968741453,0.41171028669981174,0.40993070312585467,0.41341945808407704,0.01998785078310228,0.011758647006678183,0.01172448434408674,0.011794217057610497
TUR.10.4_1,2062,8,aegypti,23.33467197418213,71.17430366687853,0.24773878067095578,0.2665613611378255,0.2652092763168557,0.26787424439573115,0.24974395791061504,0.2459303318387026,0.25342052140855953,0.7502560420893849,0.7465794785914405,0.7540696681612974,0.023689610120654514,0.005916336992891621,0.005825993678102053,0.006003433348741755
TUR.10.4_1,2062,9,aegypti,19.687385138343362,83.82638962922894,0.19745977143027094,0.08250185330438975,0.08204689252508261,0.08295897501273662,4.149550925092172e-12,3.5368236117605534e-12,4.835873368413957e-12,0.9999999999958504,0.9999999999951641,0.9999999999964632,0.019552302198232452,8.113327367435717e-14,6.91530440789863e-14,9.455245749161397e-14
TUR.10.4_1,2062,10,aegypti,14.767265375922706,87.15669010917556,0.1945883638893287,5.719055871934461e-6,5.629139873471814e-6,5.811822088507094e-6,0,0,0,1,1,1,0.018654933959500686,0,0,0
TUR.10.4_1,2062,11,aegypti,10.10659628054675,82.02152598970362,0.11287090268184614,0,0,0,0,0,0,1,1,1,0.011223630049635336,0,0,0
TUR.10.4_1,2062,12,aegypti,5.399812377989292,75.96110530519623,0.09283808965352702,0,0,0,0,0,0,1,1,1,0.008944092748257915,0,0,0
TUR.10.4_1,2063,1,aegypti,-1.2223900681745041,83.7628012549701,0.08518622246831055,0,0,0,0,0,0,1,1,1,0.00820994081484161,0,0,0
TUR.10.4_1,2063,2,aegypti,3.384942780070774,74.56768755399816,0.06372187236240678,0,0,0,0,0,0,1,1,1,0.00680409010764238,0,0,0
TUR.10.4_1,2063,3,aegypti,6.295777816434994,79.39169279252235,0.07822391173080266,0,0,0,0,0,0,1,1,1,0.007541475264885911,0,0,0
TUR.10.4_1,2063,4,aegypti,11.552198564305025,73.6732355089619,0.1034367358411542,0,0,0,0,0,0,1,1,1,0.010290361764195288,0,0,0
TUR.10.4_1,2063,5,aegypti,15.251839525559369,80.46953449970951,0.14457720630342574,2.603659174910642e-4,2.566412811420053e-4,2.640980173443483e-4,0,0,0,1,1,1,0.013893918605554112,0,0,0
TUR.10.4_1,2063,6,aegypti,19.723732555613797,84.67427430945119,0.16261622580417257,0.08523632159610899,0.08479300753130352,0.08566083936384594,1.0429280772328298e-11,8.97474594641068e-12,1.1966927448980867e-11,0.9999999999895707,0.9999999999880331,0.9999999999910253,0.0161301161966102,1.6822551070472801e-13,1.4476369495066063e-13,1.9302793026846546e-13
TUR.10.4_1,2063,7,aegypti,21.984638270209818,90.21129925363275,0.1909658060207849,0.2461740491432438,0.24515477235706487,0.24712876613814713,0.18793317131498993,0.18459991151860472,0.1910397475449246,0.8120668286850101,0.8089602524550754,0.8154000884813952,0.018310843395147325,0.003441214868702174,0.0033801800705752236,0.0034980988995435953
TUR.10.4_1,2063,8,aegypti,23.301156044006348,92.53814186267931,0.22675985714951202,0.3837788198673131,0.38230910862668577,0.3851271549471116,0.4788646432858666,0.47686310677020005,0.48069099544491134,0.5211353567141334,0.5193090045550887,0.5231368932298001,0.02170547336386941,0.010393983759740204,0.01035053946221259,0.010433625597881396
TUR.10.4_1,2063,9,aegypti,20.47513728983262,83.72162278352582,0.18073855631740798,0.12189583668189277,0.12132124154880065,0.12249703223820502,2.2719307129870358e-7,1.9912523625265078e-7,2.594538372036048e-7,0.9999997728069288,0.9999997405461628,0.9999998008747637,0.017911503086606828,4.069369397822414e-9,3.5666322837606682e-9,4.6472082059043536e-9
TUR.10.4_1,2063,10,aegypti,15.680894907783058,84.33984898368728,0.17811030424464552,0.001088756616151911,0.0010754203775783335,0.0011020776515199488,0,0,0,1,1,1,0.017088782733619357,0,0,0
TUR.10.4_1,2063,11,aegypti,12.545798589201535,76.11298717134424,0.10331281077251442,0,0,0,0,0,0,1,1,1,0.010278096704712802,0,0,0
TUR.10.4_1,2063,12,aegypti,7.926311172544956,68.34907527589935,0.08497640898551274,0,0,0,0,0,0,1,1,1,0.008189802778796662,0,0,0
TUR.10.4_1,2064,1,aegypti,7.429861413835384,72.63343724129822,0.09583660213677862,0,0,0,0,0,0,1,1,1,0.009231634269892597,0,0,0
TUR.10.4_1,2064,2,aegypti,6.0523355107836645,75.81497911893956,0.0742489886147761,0,0,0,0,0,0,1,1,1,0.0076515068950642195,0,0,0
TUR.10.4_1,2064,3,aegypti,8.976663608213558,69.34030882035438,0.08800383077106413,0,0,0,0,0,0,1,1,1,0.008480337100579716,0,0,0
TUR.10.4_1,2064,4,aegypti,14.99203220535727,72.66849002556346,0.11636887998905493,5.694091236031479e-5,5.598820518529304e-5,5.78911930732727e-5,0,0,0,1,1,1,0.011569441294513982,0,0,0
TUR.10.4_1,2064,5,aegypti,17.575277216294232,78.65813313252201,0.16265292434704165,0.01686412643760338,0.016724104771225195,0.0169947723580259,0,0,0,1,1,1,0.01561736969966876,0,0,0
TUR.10.4_1,2064,6,aegypti,19.995800579295437,89.41242585974416,0.18294726637487108,0.10560554258739546,0.10509568736231012,0.10614663223961164,4.285989643193488e-9,3.7354939946832035e-9,4.9298130189168175e-9,0.9999999957140103,0.999999995070187,0.999999996264506,0.018128394007312254,7.769810896307122e-11,6.77185069475659e-11,8.936959278930156e-11
TUR.10.4_1,2064,7,aegypti,20.744640406440286,88.5404389631054,0.21484124360780768,0.14818356792255788,0.14747673754982474,0.14883660559921724,4.3413866134728974e-5,3.823671536656026e-5,4.86075615035414e-5,0.9999565861338653,0.9999513924384965,0.9999617632846335,0.02057644355730448,8.933029661256232e-7,7.86775615556744e-7,1.0001707457358256e-6
TUR.10.4_1,2064,8,aegypti,22.259325981140137,84.5380426805504,0.25511043429957053,0.24598483658796638,0.24497502087603554,0.24702140413060847,0.18731558421474445,0.18400910741224233,0.1906917776070924,0.8126844157852555,0.8093082223929076,0.8159908925877577,0.024385847750825307,0.0045678493180176544,0.0044872180781202016,0.0046501806560607945
TUR.10.4_1,2064,9,aegypti,19.747581061194925,85.10839493928754,0.20333533534734177,0.08691052258234265,0.08646944742386786,0.08733312335489404,1.80595912668835e-11,1.5603807135278203e-11,2.065794479921834e-11,0.9999999999819404,0.999999999979342,0.9999999999843963,0.020128201306641613,3.6350708853549797e-13,3.1407657116889043e-13,4.158072715001569e-13
TUR.10.4_1,2064,10,aegypti,16.651953753303076,77.88116978446853,0.20037848691676133,0.005799977415910243,0.005746771922233479,0.005856845953954916,0,0,0,1,1,1,0.01920466141317645,0,0,0
TUR.10.4_1,2064,11,aegypti,7.332063008757199,79.62038005464503,0.11622946122914427,0,0,0,0,0,0,1,1,1,0.011555660622174724,0,0,0
TUR.10.4_1,2064,12,aegypti,6.2425538673996925,76.24350734377045,0.0956005567917546,0,0,0,0,0,0,1,1,1,0.009209001792615523,0,0,0
TUR.10.4_1,2065,1,aegypti,5.221776353715755,77.58273991463807,0.09156552604145923,0,0,0,0,0,0,1,1,1,0.008822035392157201,0,0,0
TUR.10.4_1,2065,2,aegypti,5.78540350013303,66.49661211454503,0.06849378448939944,0,0,0,0,0,0,1,1,1,0.007311757846652278,0,0,0
TUR.10.4_1,2065,3,aegypti,6.827274341245785,73.79786649857704,0.08408183176940527,0,0,0,0,0,0,1,1,1,0.008103936080882668,0,0,0
TUR.10.4_1,2065,4,aegypti,10.392036592259126,71.72552737907908,0.11118275766753322,0,0,0,0,0,0,1,1,1,0.011056696169681635,0,0,0
TUR.10.4_1,2065,5,aegypti,13.189365274765912,83.50952778584232,0.15540409663901253,0,0,0,0,0,0,1,1,1,0.014926583555671669,0,0,0
TUR.10.4_1,2065,6,aegypti,20.785505855784695,87.11855684118947,0.17479399634342166,0.1475184857228973,0.14681258912178818,0.14819397340843027,3.859423729012812e-5,3.3969201216033086e-5,4.341303056141776e-5,0.9999614057627099,0.9999565869694386,0.999966030798784,0.017327521131049628,6.687424621814385e-7,5.8860205187569e-7,7.522402044158696e-7
TUR.10.4_1,2065,7,aegypti,21.207817133735208,89.68664867990228,0.20526657923737865,0.18300614086594175,0.18208528828770149,0.18382441633104368,0.0069609034662384975,0.0062676053513218925,0.007615538786808942,0.9930390965337615,0.9923844612131911,0.9937323946486781,0.019668508291571518,1.369105875425408e-4,1.2327444782077266e-4,1.497862877731362e-4
TUR.10.4_1,2065,8,aegypti,25.05185031890869,92.31794227771837,0.24374112389718,0.5754040045493635,0.5734664262801011,0.577208865069778,0.6524171118894122,0.6512437505749441,0.6535049752291063,0.3475828881105878,0.34649502477089367,0.34875624942505595,0.02331183183916996,0.015209038001362911,0.01518168479971344,0.015234398088601858
TUR.10.4_1,2065,9,aegypti,21.22830348856309,88.82474168001019,0.19427344593585877,0.18196869257572945,0.18114496492274215,0.18281061360832493,0.006190591991490279,0.00562532897942,0.0068036312562127004,0.9938094080085097,0.9931963687437873,0.99437467102058,0.019239849872591086,1.1910606053873765e-4,1.0823048504797683e-4,1.3090084395800064e-4
TUR.10.4_1,2065,10,aegypti,16.809266146491552,81.4587759856404,0.1914483730938088,0.007568430879822844,0.007500625712438803,0.007635811807356058,0,0,0,1,1,1,0.018356687246902426,0,0,0
TUR.10.4_1,2065,11,aegypti,11.182908345671262,77.27470744722315,0.11104955227620426,0,0,0,0,0,0,1,1,1,0.011043522823964924,0,0,0
TUR.10.4_1,2065,12,aegypti,7.30030170828104,72.99384303712982,0.09134000034767562,0,0,0,0,0,0,1,1,1,0.008800402630464221,0,0,0
TUR.10.4_1,2066,1,aegypti,2.6950239413965713,82.91621312020447,0.084749642961798,0,0,0,0,0,0,1,1,1,0.00816803716693748,0,0,0
TUR.10.4_1,2066,2,aegypti,3.565344105296604,72.82025865995519,0.06339529767950682,0,0,0,0,0,0,1,1,1,0.006769337431145606,0,0,0
TUR.10.4_1,2066,3,aegypti,3.39948536839117,85.92367521439735,0.0778230140763302,0,0,0,0,0,0,1,1,1,0.007502970553959987,0,0,0
TUR.10.4_1,2066,4,aegypti,9.82800689865561,75.42737064079783,0.10290662242867606,0,0,0,0,0,0,1,1,1,0.01023789453815982,0,0,0
TUR.10.4_1,2066,5,aegypti,15.073506243088666,80.98338185078373,0.14383624792363153,1.115318499947481e-4,1.0988963639865841e-4,1.1331667167522782e-4,0,0,0,1,1,1,0.013823206693165058,0,0,0
TUR.10.4_1,2066,6,aegypti,18.973705852732937,87.55269227820119,0.1617828174247961,0.05735588784248722,0.05703253091293303,0.057685165544170906,1.113553693699032e-16,1.1102230246251565e-16,1.1102230246251565e-16,0.9999999999999999,0.9999999999999999,0.9999999999999999,0.01604811623914737,1.7870439115013974e-18,1.7816988150562285e-18,1.7816988150562285e-18
TUR.10.4_1,2066,7,aegypti,22.246587809394388,91.92692883126946,0.18998710600407342,0.27657351811244474,0.2754686675673857,0.27765466663613175,0.2768785677115488,0.2739830849906907,0.27969562870105763,0.7231214322884512,0.7203043712989423,0.7260169150093093,0.018217860360195237,0.005044135083299858,0.004991385583415906,0.0050954559070328824
TUR.10.4_1,2066,8,aegypti,26.531535148620605,84.7305704515465,0.22559771257187197,0.6321090420623914,0.6296537205291537,0.6347375575936484,0.6835975498726242,0.6823650945281725,0.6849091445588069,0.3164024501273757,0.3150908554411932,0.3176349054718275,0.021595442691542788,0.01476259171235332,0.014735976293592329,0.014790916180233307
TUR.10.4_1,2066,9,aegypti,21.80246883280137,85.68813737092816,0.1798122709693965,0.2146770247176174,0.2137514401704975,0.21564092789799552,0.07764998203637885,0.07446281989581,0.08099309164437318,0.9223500179636211,0.9190069083556267,0.92553718010419,0.01782052945478052,0.0013837637920424675,0.001326966875239299,0.0014433397752822907
TUR.10.4_1,2066,10,aegypti,14.986157473395851,87.02106999198806,0.17719748869209706,7.179989551322763e-5,7.072258000327904e-5,7.285973680011119e-5,0,0,0,1,1,1,0.017001951481125488,0,0,0
TUR.10.4_1,2066,11,aegypti,10.376411725493039,79.1153446542544,0.10278333247618233,0,0,0,0,0,0,1,1,1,0.01022569169063925,0,0,0
TUR.10.4_1,2066,12,aegypti,4.485990442335606,73.77979274416107,0.08454090477338615,0,0,0,0,0,0,1,1,1,0.008148001492915391,0,0,0
TUR.10.4_1,2067,1,aegypti,4.756329881547786,82.2051840674701,0.08880278930398497,0,0,0,0,0,0,1,1,1,0.00855699701710777,0,0,0
TUR.10.4_1,2067,2,aegypti,1.8328304391436498,80.27728990995519,0.066427173802187,0,0,0,0,0,0,1,1,1,0.007091929924728513,0,0,0
TUR.10.4_1,2067,3,aegypti,6.553166408201351,77.23752561722938,0.08154489482789425,0,0,0,0,0,0,1,1,1,0.007860385756047528,0,0,0
TUR.10.4_1,2067,4,aegypti,11.977418100132661,76.67183932976268,0.10782812517142641,0,0,0,0,0,0,1,1,1,0.010724886383415178,0,0,0
TUR.10.4_1,2067,5,aegypti,13.227750666001263,82.72565327412357,0.15071520743037956,0,0,0,0,0,0,1,1,1,0.014479491792961041,0,0,0
TUR.10.4_1,2067,6,aegypti,17.98417910407571,88.122226579959,0.16952007048873632,0.028079434560926275,0.02789480482130123,0.02826414583927543,0,0,0,1,1,1,0.016809130266016492,0,0,0
TUR.10.4_1,2067,7,aegypti,21.777824457953958,90.48248608224603,0.19907322739469926,0.22989348957787856,0.22892698285885016,0.2308313899547947,0.1320527824903287,0.12859364393566713,0.13540189244083026,0.8679472175096713,0.8645981075591698,0.8714063560643328,0.019080763995854677,0.0025196679776938926,0.0024536649713034334,0.0025835715542555813
TUR.10.4_1,2067,8,aegypti,21.227160453796387,90.45950569324572,0.2363869089809777,0.18664906659201638,0.18587362763008056,0.1874476090417034,0.010306034694822944,0.00949693067574062,0.011178664725962628,0.9896939653051771,0.9888213352740374,0.9905030693242594,0.022616477198665663,2.3308619868412037e-4,2.147871160851962e-4,2.5282201588626196e-4
TUR.10.4_1,2067,9,aegypti,20.221444662879495,84.23528702913129,0.18841178151469115,0.10907221437346581,0.10849987864471394,0.10961691424895659,1.0534659662719826e-8,9.077580853666944e-9,1.2068044460966654e-8,0.9999999894653403,0.9999999879319555,0.9999999909224191,0.018664792661666763,1.9662723836588984e-10,1.6943116450320949e-10,2.2524754769571864e-10
TUR.10.4_1,2067,10,aegypti,17.137910898993994,81.29108189384353,0.1856719474395024,0.011185308248652836,0.011090198701484075,0.011279439183393579,0,0,0,1,1,1,0.017807786458861274,0,0,0
TUR.10.4_1,2067,11,aegypti,10.455588628264035,83.51818431489893,0.10769893888471208,0,0,0,0,0,0,1,1,1,0.010712106223017548,0,0,0
TUR.10.4_1,2067,12,aegypti,6.12858072668314,81.31067653322357,0.08858406822484614,0,0,0,0,0,0,1,1,1,0.008536011361122808,0,0,0
TUR.10.4_1,2068,1,aegypti,4.3751877421129715,80.51862248299744,0.09228595486062126,0,0,0,0,0,0,1,1,1,0.008891136838511615,0,0,0
TUR.10.4_1,2068,2,aegypti,5.25361467414426,75.97239641630284,0.0714981401570414,0,0,0,0,0,0,1,1,1,0.007369073574133078,0,0,0
TUR.10.4_1,2068,3,aegypti,10.704208392759456,64.2944523445243,0.08474337959633728,0,0,0,0,0,0,1,1,1,0.00816743598552383,0,0,0
TUR.10.4_1,2068,4,aegypti,12.409007226719575,76.6533380480244,0.11205753299270672,0,0,0,0,0,0,1,1,1,0.011143202705956035,0,0,0
TUR.10.4_1,2068,5,aegypti,15.77947223887724,85.12945423847904,0.15662680123838213,0.0014001648581201793,0.0013840575681975608,0.0014153628457512519,0,0,0,1,1,1,0.01504313670475832,0,0,0
TUR.10.4_1,2068,6,aegypti,18.708147609935086,84.62885652380666,0.17616925882294138,0.046047983333709956,0.04576454958938813,0.04633237092487281,0,0,0,1,1,1,0.017462655097587487,0,0,0
TUR.10.4_1,2068,7,aegypti,19.924003657172708,89.69192059152337,0.20688159709056564,0.10222324507641284,0.1017353551052711,0.10270546384584339,1.7269883623161063e-9,1.5072409265126651e-9,1.9651761606898077e-9,0.9999999982730117,0.9999999980348238,0.9999999984927591,0.01982171433763713,3.4231869982253636e-11,2.987609908332957e-11,3.895316048032786e-11
TUR.10.4_1,2068,8,aegypti,24.08541202545166,92.32939399890978,0.24565885579543792,0.4670399105033429,0.46535788131432565,0.4687661296370177,0.571769629097011,0.5702232453076329,0.573348014333891,0.42823037090298904,0.42665198566610896,0.42977675469236715,0.023493075606352054,0.01343262712579195,0.013396297814511654,0.013469708249497923
TUR.10.4_1,2068,9,aegypti,19.708573874305277,81.53103287874066,0.1958019708655003,0.08056026849470634,0.08010567761007253,0.08097877684549151,2.114141639530942e-12,1.7952861419701094e-12,2.4406032750334816e-12,0.9999999999978859,0.9999999999975594,0.9999999999982047,0.01938975004993826,4.099267796067164e-14,3.4810149560918395e-14,4.732268747395993e-14
TUR.10.4_1,2068,10,aegypti,14.58569818384507,87.32712315360915,0.1929546706199762,0,0,0,0,0,0,1,1,1,0.018499771678557098,0,0,0
TUR.10.4_1,2068,11,aegypti,8.614094068022336,83.15751994722315,0.11192327955407295,0,0,0,0,0,0,1,1,1,0.011129926874304585,0,0,0
TUR.10.4_1,2068,12,aegypti,6.768782295286655,76.79009242677826,0.0920586547522049,0,0,0,0,0,0,1,1,1,0.008869335390468858,0,0,0
TUR.10.4_1,2069,1,aegypti,5.220218765138484,75.63803013680604,0.08620982637598334,0,0,0,0,0,0,1,1,1,0.00830818112772147,0,0,0
TUR.10.4_1,2069,2,aegypti,4.937222490840427,75.933982414838,0.06448755906225605,0,0,0,0,0,0,1,1,1,0.006885566433226686,0,0,0
TUR.10.4_1,2069,3,aegypti,2.352336187025203,80.70018736039344,0.07916385600114388,0,0,0,0,0,0,1,1,1,0.007631747517575227,0,0,0
TUR.10.4_1,2069,4,aegypti,12.016885911717134,76.44797000603221,0.1046796392583507,0,0,0,0,0,0,1,1,1,0.010413365469090219,0,0,0
TUR.10.4_1,2069,5,aegypti,16.145955927231732,80.9754396510767,0.14631445663622053,0.002754850339312803,0.002725521606633398,0.00278459781336261,0,0,0,1,1,1,0.01405968981081196,0,0,0
TUR.10.4_1,2069,6,aegypti,17.81892260383157,83.52838502722463,0.16457023432058582,0.022732996113490497,0.022563978503762305,0.022889130629188632,0,0,0,1,1,1,0.0163223464282225,0,0,0
TUR.10.4_1,2069,7,aegypti,21.538442667792825,90.16017468087884,0.19326046517587864,0.20951349108143144,0.20865957794991224,0.2103751757798366,0.060392674675206155,0.0576708542253826,0.0631719425100417,0.9396073253247939,0.9368280574899583,0.9423291457746173,0.018528816806185677,0.001119004805492464,0.0010685726929983534,0.001170501350059456
TUR.10.4_1,2069,8,aegypti,22.0850191116333,76.33673347644884,0.22948462025269942,0.20263801030066378,0.20166210163935971,0.20368396846557482,0.04006277091838337,0.037487139548991924,0.04289552778508909,0.9599372290816166,0.9571044722149109,0.962512860451008,0.021963402662256604,8.799147694461976e-4,8.233451405707143e-4,9.421317491539278e-4
TUR.10.4_1,2069,9,aegypti,20.173068579505472,88.16225846467816,0.18291032408868652,0.11316399263853037,0.11258094559645639,0.11371767529782831,2.9264584427535212e-8,2.5303938272491776e-8,3.3422059014798223e-8,0.9999999707354156,0.999999966577941,0.9999999746960617,0.018124766742425802,5.304137665631023e-10,4.5862797885365433e-10,6.057670236948072e-10
TUR.10.4_1,2069,10,aegypti,13.143202837775734,88.47690342704665,0.1802504907459243,0,0,0,0,0,0,1,1,1,0.01729233713582301,0,0,0
TUR.10.4_1,2069,11,aegypti,10.991135884733762,70.49665416353174,0.10455422509698156,0,0,0,0,0,0,1,1,1,0.010400954573478116,0,0,0
TUR.10.4_1,2069,12,aegypti,3.962373413145542,76.43685908937591,0.08599749175896158,0,0,0,0,0,0,1,1,1,0.008287803127782767,0,0,0
TUR.10.4_1,2070,1,aegypti,4.430336582063533,81.54077061532166,0.08988424318184021,0,0,0,0,0,0,1,1,1,0.008660752866367805,0,0,0
TUR.10.4_1,2070,2,aegypti,7.879558334880344,69.31867174589269,0.06723613403042293,0,0,0,0,0,0,1,1,1,0.0071779858172912325,0,0,0
TUR.10.4_1,2070,3,aegypti,4.71979000057806,87.53794828568641,0.08253796096266447,0,0,0,0,0,0,1,1,1,0.007955728940892803,0,0,0
TUR.10.4_1,2070,4,aegypti,10.459746515049654,81.14681491570018,0.10914127248383033,0,0,0,0,0,0,1,1,1,0.01085478425014419,0,0,0
TUR.10.4_1,2070,5,aegypti,15.753965265610638,81.11936817890873,0.15255064015501388,0.0012318428226637786,0.0012166964029940394,0.0012474887126043628,0,0,0,1,1,1,0.014654526885306551,0,0,0
TUR.10.4_1,2070,6,aegypti,19.48695811103372,87.48234163122854,0.1715845116965094,0.07805807934598127,0.07761869752922357,0.07851344935800222,8.642246918100227e-13,7.34190486184616e-13,1.0162287678028292e-12,0.9999999999991358,0.9999999999989838,0.9999999999992658,0.01701208329072479,1.4702262438973067e-14,1.2490109702230416e-14,1.7288168440292352e-14
TUR.10.4_1,2070,7,aegypti,21.11359411127427,88.60453350656243,0.2014975714432425,0.17320676799395068,0.17246810899036968,0.17393561948030134,0.0020982517138804103,0.0018994526729154886,0.002307013060528726,0.9979017482861195,0.9976929869394713,0.9981005473270844,0.019310874328212213,4.051907515570049e-5,3.668009185905778e-5,4.455043928541446e-5
TUR.10.4_1,2070,8,aegypti,22.755610466003418,96.55475868396837,0.23926566472046912,0.35063491045454476,0.3494341822699518,0.35185569864871385,0.42960438366668546,0.4276461714992957,0.4315851806855284,0.5703956163333145,0.5684148193144716,0.5723538285007044,0.022888727831202882,0.009833097812838426,0.00978827682750329,0.00987843573669158
TUR.10.4_1,2070,9,aegypti,18.729209479163675,87.28481705842816,0.19070628885336474,0.04862538669887936,0.048346287127910684,0.048902644415001494,0,0,0,1,1,1,0.01888993491464508,0,0,0
TUR.10.4_1,2070,10,aegypti,18.125422533820654,82.07681034843337,0.18793308866199296,0.028769790467018743,0.02858675102724345,0.028948181675732213,0,0,0,1,1,1,0.018022686362158535,0,0,0
TUR.10.4_1,2070,11,aegypti,8.392675687285031,88.05707133882471,0.10901051294686308,0,0,0,0,0,0,1,1,1,0.010841850148540999,0,0,0
TUR.10.4_1,2070,12,aegypti,4.222527898848057,78.72580714845795,0.08966285848412524,0,0,0,0,0,0,1,1,1,0.008639513864056925,0,0,0
TUR.10.4_1,2071,1,aegypti,4.566818820833064,75.65843876717713,0.09354786906855468,0,0,0,0,0,0,1,1,1,0.009012164386055566,0,0,0
TUR.10.4_1,2071,2,aegypti,2.2713813882403295,77.04695848905675,0.06997663706451009,0,0,0,0,0,0,1,1,1,0.007469460709653819,0,0,0
TUR.10.4_1,2071,3,aegypti,7.9236417004071615,72.4519344917411,0.0859021569520294,0,0,0,0,0,0,1,1,1,0.008278653599367747,0,0,0
TUR.10.4_1,2071,4,aegypti,12.476822053684907,81.34051761345408,0.11358980291615313,0,0,0,0,0,0,1,1,1,0.01129471065101506,0,0,0
TUR.10.4_1,2071,5,aegypti,16.53261173472685,79.91415272480717,0.15876850943357157,0.005060682551260379,0.005010911057179061,0.005112985961910819,0,0,0,1,1,1,0.015247259762093623,0,0,0
TUR.10.4_1,2071,6,aegypti,19.652700985179226,87.5691488822051,0.17857818974905598,0.0857170808732546,0.08525580484858392,0.08617527372059715,1.2224844470054563e-11,1.046711883834206e-11,1.4172071849394284e-11,0.9999999999877751,0.9999999999858279,0.9999999999895329,0.017699313051429688,2.1637134928053478e-13,1.852608130663332e-13,2.5083593624978355e-13
TUR.10.4_1,2071,7,aegypti,23.922691401313333,87.15773327462884,0.2097104872193271,0.40998386895106026,0.4084140804786061,0.4115619323958415,0.5121739120988942,0.5103009188561914,0.5140464066468546,0.4878260879011059,0.48595359335314536,0.48969908114380856,0.02009001470827776,0.010289581427262943,0.010251952965468542,0.010327199870272639
TUR.10.4_1,2071,8,aegypti,25.12196445465088,85.98657478504259,0.24901798450468862,0.5180063348498382,0.5159203663539663,0.5201030116548478,0.613902767969777,0.6123432741831542,0.6154607923392638,0.386097232030223,0.38453920766073624,0.3876567258168459,0.023810463929724524,0.01461730971310242,0.014580177442547405,0.014654406996153715
TUR.10.4_1,2071,9,aegypti,23.601117667029886,71.46901353059613,0.19847935865814664,0.2862875841443036,0.2848699297371606,0.28769156566980286,0.30140356906957033,0.2979325349824771,0.3048166271182224,0.6985964309304297,0.6951833728817776,0.7020674650175229,0.019652262297271794,0.005923261996689072,0.005855048324366744,0.0059903363086969965
TUR.10.4_1,2071,10,aegypti,16.379610117743994,85.37904881278884,0.19559312455059003,0.004383824088904795,0.004343541112594089,0.0044281173329085806,0,0,0,1,1,1,0.0187503503125398,0,0,0
TUR.10.4_1,2071,11,aegypti,8.31095771929797,82.50012553804346,0.11345371370172952,0,0,0,0,0,0,1,1,1,0.011281255346846875,0,0,0
TUR.10.4_1,2071,12,aegypti,4.955126442015171,77.62696071291107,0.09331746086815716,0,0,0,0,0,0,1,1,1,0.008990067521269185,0,0,0
TUR.10.4_1,2072,1,aegypti,4.774532424806453,75.41497715829041,0.0981788946741782,0,0,0,0,0,0,1,1,1,0.00945618972332396,0,0,0
TUR.10.4_1,2072,2,aegypti,7.877246628337375,64.93565706693761,0.07606366952023691,0,0,0,0,0,0,1,1,1,0.007837778637632353,0,0,0
TUR.10.4_1,2072,3,aegypti,9.147630233427181,70.73154417191688,0.09015468661822207,0,0,0,0,0,0,1,1,1,0.008686697803556243,0,0,0
TUR.10.4_1,2072,4,aegypti,9.72886482407065,77.60297641472361,0.1192129912482886,0,0,0,0,0,0,1,1,1,0.011850521969482108,0,0,0
TUR.10.4_1,2072,5,aegypti,16.32784927592558,85.4624773097681,0.16662823985687739,0.004042319125834819,0.004000578995388656,0.00408627497067064,0,0,0,1,1,1,0.015995996690834957,0,0,0
TUR.10.4_1,2072,6,aegypti,18.235470379100125,87.6493490775176,0.1874185853408329,0.03413763080016349,0.03390286308805948,0.03437549125992017,0,0,0,1,1,1,0.018567321984051532,0,0,0
TUR.10.4_1,2072,7,aegypti,23.304187830756693,86.64197094552728,0.22009206667966502,0.3472234600762667,0.3458376064267983,0.3486067150157442,0.42399960644952817,0.42169392338129613,0.42628761059067066,0.5760003935504718,0.5737123894093293,0.5783060766187038,0.02107400549844618,0.008935370037656373,0.008886780059998777,0.008983587449507276
TUR.10.4_1,2072,8,aegypti,22.246840476989746,93.96308387928087,0.26134545571257756,0.2858951863210405,0.28482388975770856,0.28700674945145277,0.300446881149485,0.2978190819214608,0.30315824406903685,0.699553118850515,0.6968417559309631,0.7021809180785392,0.02497434519906827,0.007503464123810676,0.0074378365587761544,0.007571178637323518
TUR.10.4_1,2072,9,aegypti,18.817498740027933,87.96764786897504,0.20830494850092565,0.05211372939177433,0.05180260929015162,0.05243189989809169,0,0,0,1,1,1,0.02061503870490633,0,0,0
TUR.10.4_1,2072,10,aegypti,19.086747225593115,78.1172003630818,0.20527583327604373,0.05335701311436862,0.0530349270906988,0.05370235925144037,0,0,0,1,1,1,0.019669386229132835,0,0,0
TUR.10.4_1,2072,11,aegypti,12.515937139006223,77.28993571870753,0.1190701650269944,0,0,0,0,0,0,1,1,1,0.011836408503091644,0,0,0
TUR.10.4_1,2072,12,aegypti,4.990626730024815,81.23555751466888,0.09793708026767024,0,0,0,0,0,0,1,1,1,0.009433009345943377,0,0,0
TUR.10.4_1,2073,1,aegypti,4.876278030275203,77.11574467538026,0.09598608157072006,0,0,0,0,0,0,1,1,1,0.009245966375372894,0,0,0
TUR.10.4_1,2073,2,aegypti,4.0052094560198706,83.56223253690831,0.07180049380276614,0,0,0,0,0,0,1,1,1,0.0076633953509126496,0,0,0
TUR.10.4_1,2073,3,aegypti,7.571302432676449,76.67048612748329,0.08814109317931984,0,0,0,0,0,0,1,1,1,0.008493507823757573,0,0,0
TUR.10.4_1,2073,4,aegypti,11.228752290501314,73.21393832878611,0.11655038427782695,0,0,0,0,0,0,1,1,1,0.011587381570257405,0,0,0
TUR.10.4_1,2073,5,aegypti,17.796672708847943,74.87808857685795,0.1629066193499761,0.01950011168619277,0.01935037528744646,0.019644221494812243,0,0,0,1,1,1,0.015641537108252113,0,0,0
TUR.10.4_1,2073,6,aegypti,18.615982616648953,84.52549348669729,0.18323261511647007,0.04313092464611992,0.04287286553421562,0.043385446763984356,0,0,0,1,1,1,0.018156411190295207,0,0,0
TUR.10.4_1,2073,7,aegypti,23.734882410834818,85.5506928693554,0.21517633841256648,0.38067200869897144,0.3792182540254886,0.38216817659873314,0.4746113164722253,0.47259922993908393,0.4766701897740891,0.5253886835277747,0.5233298102259109,0.527400770060916,0.02060820430801047,0.009780886976753434,0.00973942148639306,0.009823316658402552
TUR.10.4_1,2073,8,aegypti,25.469319343566895,76.26725258045275,0.2555083382575722,0.456358184734188,0.45417197974988677,0.4583424885995091,0.5617454763147081,0.5596381791188368,0.5636450798401512,0.43825452368529194,0.43635492015984884,0.4403618208811632,0.024423414840364144,0.013719742802732067,0.013668275409125366,0.013766137607666182
TUR.10.4_1,2073,9,aegypti,21.50652271158555,75.61318619905316,0.2036524840165385,0.16360482307687987,0.16273930371009468,0.16440366503846687,5.395845041580136e-4,4.7263713295843667e-4,6.069522186939207e-4,0.999460415495842,0.999393047781306,0.9995273628670416,0.020159277317547075,1.087763365557253e-5,9.528023033879496e-6,1.223571809515123e-5
TUR.10.4_1,2073,10,aegypti,14.227706011603859,82.64136265556228,0.20069102369426114,0,0,0,0,0,0,1,1,1,0.019234325604683855,0,0,0
TUR.10.4_1,2073,11,aegypti,11.06524877688464,84.48774303071924,0.11641074806198769,0,0,0,0,0,0,1,1,1,0.011573579654122756,0,0,0
TUR.10.4_1,2073,12,aegypti,5.783214725553989,74.87649531984466,0.0957496680581716,0,0,0,0,0,0,1,1,1,0.009223298924992518,0,0,0
TUR.10.4_1,2074,1,aegypti,5.754559862016536,72.3142920386615,0.10131760581922976,0,0,0,0,0,0,1,1,1,0.009757017991055439,0,0,0
TUR.10.4_1,2074,2,aegypti,8.457215557628146,76.49708513700597,0.07578863528640799,0,0,0,0,0,0,1,1,1,0.008087331068132975,0,0,0
TUR.10.4_1,2074,3,aegypti,9.110232371946468,79.01147428666297,0.09303686939901548,0,0,0,0,0,0,1,1,1,0.008963157259178844,0,0,0
TUR.10.4_1,2074,4,aegypti,11.396217500462251,78.83703860954783,0.12302414786710873,0,0,0,0,0,0,1,1,1,0.012227049457021244,0,0,0
TUR.10.4_1,2074,5,aegypti,16.67099941478056,80.42448292500248,0.1719552290764521,0.006202046407287288,0.006144507207946977,0.006261554028796976,0,0,0,1,1,1,0.01650313486907229,0,0,0
TUR.10.4_1,2074,6,aegypti,18.4729944116929,89.8462484915801,0.1934102274809413,0.04217536020640352,0.041922940552152343,0.042434342596762306,0,0,0,1,1,1,0.0191551851922942,0,0,0
TUR.10.4_1,2074,7,aegypti,22.03385549433091,89.17118389718743,0.22712825734892692,0.24621278922945913,0.2451848926335708,0.24723177693073378,0.18805948179815873,0.18469883880970678,0.1913733671434773,0.8119405182018413,0.8086266328565227,0.8153011611902932,0.021740350538799857,0.004088479056437022,0.004015417499832317,0.00416052408548964
TUR.10.4_1,2074,8,aegypti,27.180211067199707,85.11102546863634,0.2697004886071309,0.6883108167248975,0.6854568105983615,0.6910137061183312,0.7094323226603295,0.7082237758573116,0.7105701403106374,0.2905676773396705,0.2894298596893626,0.2917762241426885,0.02576238509509754,0.018276668695284902,0.0182455336471401,0.018305981591760136
TUR.10.4_1,2074,9,aegypti,23.831409033607034,82.08587296663129,0.21496431318005568,0.36649321318039896,0.364986518664354,0.3679869362093145,0.4542849998231881,0.4520345618979914,0.4565024503657282,0.545715000176812,0.5434975496342718,0.5479654381020085,0.021267029750356437,0.00966129260638041,0.009613432476073921,0.009708451193038554
TUR.10.4_1,2074,10,aegypti,14.212996538947609,88.90674351493728,0.21183835924307035,0,0,0,0,0,0,1,1,1,0.02029178003447696,0,0,0
TUR.10.4_1,2074,11,aegypti,10.824670125456418,70.97534526460596,0.12287675559061428,0,0,0,0,0,0,1,1,1,0.012212490339342352,0,0,0
TUR.10.4_1,2074,12,aegypti,9.358746208250523,72.2221831860556,0.10106806077391947,0,0,0,0,0,0,1,1,1,0.00973310380909087,0,0,0
TUR.10.4_1,2075,1,aegypti,6.273750650285579,77.92813023446229,0.09781496660867182,0,0,0,0,0,0,1,1,1,0.009421303300029438,0,0,0
TUR.10.4_1,2075,2,aegypti,5.974202881389133,80.99170641386144,0.07316855515796042,0,0,0,0,0,0,1,1,1,0.0078088394083630774,0,0,0
TUR.10.4_1,2075,3,aegypti,9.865775127073421,69.89083067094032,0.08982050256770707,0,0,0,0,0,0,1,1,1,0.008654637824369593,0,0,0
TUR.10.4_1,2075,4,aegypti,11.213988458409029,79.83200320915721,0.11877109430666793,0,0,0,0,0,0,1,1,1,0.011806854981453174,0,0,0
TUR.10.4_1,2075,5,aegypti,15.153172380783978,79.78951893574467,0.16601058477743197,1.6555709380344352e-4,1.6317939577592397e-4,1.6794555659332004e-4,0,0,0,1,1,1,0.015937177990625995,0,0,0
TUR.10.4_1,2075,6,aegypti,20.88281306098489,87.79611574011525,0.1867238649181862,0.15542696290536726,0.1547052641150067,0.15614408194413992,1.4908288810288895e-4,1.3212696618117024e-4,1.6735063185138732e-4,0.9998509171118971,0.9998326493681486,0.9998678730338189,0.0184991374831337,2.75790484339798e-6,2.4442349126148255e-6,3.0958423465081073e-6
TUR.10.4_1,2075,7,aegypti,20.83276372797349,87.32934887521478,0.21927623268269608,0.15104286926940597,0.150326871022753,0.15173743803537493,7.139797486324396e-5,6.300374556800492e-5,8.026195781491996e-5,0.9999286020251368,0.999919738042185,0.999936996254432,0.02099671459831509,1.4991229011012083e-6,1.3228716643162586e-6,1.68523742134188e-6
TUR.10.4_1,2075,8,aegypti,25.234225273132324,91.89834846668322,0.2603767042671473,0.5912598393107669,0.589197354185331,0.593336041812692,0.6617381870585305,0.6605551627457826,0.6629228870212127,0.3382618129414695,0.3370771129787873,0.33944483725421726,0.024882932122616275,0.016465986391520564,0.01643654927784706,0.016495465200277656
TUR.10.4_1,2075,9,aegypti,21.430692251990823,83.48687394319379,0.2075328068181849,0.18078615363933,0.1799823035388991,0.18156300988790178,0.005400511879385374,0.004908330921860099,0.005903730308591715,0.9945994881206146,0.9940962696914083,0.99509166907814,0.020539413390064487,1.1092334600865027e-4,1.0081423785932088e-4,0.00012125915735161822
TUR.10.4_1,2075,10,aegypti,16.85152440912583,78.2975439910115,0.20451491987253395,0.007591524300954195,0.007524004495938318,0.007661289057241183,0,0,0,1,1,1,0.019597195180508287,0,0,0
TUR.10.4_1,2075,11,aegypti,12.556517888517941,71.70914043062159,0.11862879751148503,0,0,0,0,0,0,1,1,1,0.011792793209650432,0,0,0
TUR.10.4_1,2075,12,aegypti,8.498067058622837,72.4256972851767,0.09757404855620681,0,0,0,0,0,0,1,1,1,0.00939820803495417,0,0,0
TUR.39.3_1,2025,1,albopictus,1.2152294294141672,77.8297163676075,0.0011997127481294112,0,0,0,0,0,0,1,1,1,1.1609449420257878e-4,0,0,0
TUR.39.3_1,2025,2,albopictus,0.9362543459762546,82.47486039265675,8.97421442021254e-4,0,0,0,0,0,0,1,1,1,9.61476748754242e-5,0,0,0
TUR.39.3_1,2025,3,albopictus,5.302489902385894,71.35082719185532,0.0011016596509711967,0,0,0,0,0,0,1,1,1,1.0660654140626225e-4,0,0,0
TUR.39.3_1,2025,4,albopictus,11.550636628094843,52.86654334217316,0.0014567422643924658,1.3180391290759352e-5,1.2545820916573699e-5,1.3856549527333603e-5,0,0,0,1,1,1,1.456636164642866e-4,0,0,0
TUR.39.3_1,2025,5,albopictus,15.298782292534323,50.302617773069386,0.0020361404986079753,0.01591301197717026,0.015775416483114563,0.01605858715771945,0,0,0,1,1,1,1.9702644244468104e-4,0,0,0
TUR.39.3_1,2025,6,albopictus,22.76730565463795,30.183047962122025,0.0022901914593352417,0.1573315240184365,0.15638500918902087,0.15824131482726575,2.0340718316036032e-4,1.7404651619080946e-4,2.3469814961488974e-4,0.9997965928168396,0.9997653018503851,0.9998259534838092,2.289929230507859e-4,4.6578805441417506e-8,3.9855420489339394e-8,5.374421531492429e-8
TUR.39.3_1,2025,7,albopictus,24.53032471151913,35.04917070072136,0.0026894503043044435,0.20645487283994784,0.20538207308452971,0.20755125112251735,0.05090061592381061,0.0477187805755994,0.05421796845449176,0.9490993840761894,0.9457820315455082,0.9522812194244006,2.6023551714959847e-4,1.3246148108165941e-5,1.2418121540839322e-5,1.4109441059555281e-5
TUR.39.3_1,2025,8,albopictus,25.422099113464355,40.793145974985556,0.003193552707275823,0.24441355899737943,0.24310689571546307,0.2457031908957355,0.18215429542085032,0.17782593442056957,0.18639792276810094,0.8178457045791497,0.8136020772318991,0.8221740655794304,3.09005735691148e-4,5.6286722065822555e-5,5.4949233690593933e-5,5.75980272562588e-5
TUR.39.3_1,2025,9,albopictus,19.010950873879825,61.66373674193726,0.0025454157234541383,0.11179975091403287,0.11128623625884392,0.11231210527439393,2.0904078431360774e-8,1.8360873826894773e-8,2.368155972987118e-8,0.9999999790959215,0.9999999763184403,0.9999999816391262,2.545091793878518e-4,5.320279847424922e-12,4.673010930526875e-12,6.02717433347391e-12
TUR.39.3_1,2025,10,albopictus,14.642031038508696,74.28254549831783,0.0025084009641934647,0.01339098940578618,0.013274367297951594,0.013500860862788521,0,0,0,1,1,1,2.4271901937733542e-4,0,0,0
TUR.39.3_1,2025,11,albopictus,7.591015116695096,76.39626490781279,0.0014549969764767435,0,0,0,0,0,0,1,1,1,1.4548911307998846e-4,0,0,0
TUR.39.3_1,2025,12,albopictus,1.0478261233690906,83.16094951646612,0.0011967578582100275,0,0,0,0,0,0,1,1,1,1.1580857027071456e-4,0,0,0
TUR.39.3_1,2026,1,albopictus,4.349636592080488,83.7203413676075,0.0011366832267468336,0,0,0,0,0,0,1,1,1,1.0999555263391247e-4,0,0,0
TUR.39.3_1,2026,2,albopictus,1.315854926757953,75.303290568438,8.502734525902366e-4,0,0,0,0,0,0,1,1,1,9.109657751804612e-5,0,0,0
TUR.39.3_1,2026,3,albopictus,7.682564880260649,55.456383679892426,0.0010437815625408803,0,0,0,0,0,0,1,1,1,1.0100601750429039e-4,0,0,0
TUR.39.3_1,2026,4,albopictus,10.351044991437128,59.96149497181183,0.0013802091377372798,0,0,0,0,0,0,1,1,1,1.3801138932556523e-4,0,0,0
TUR.39.3_1,2026,5,albopictus,13.383130017448874,71.25634930993462,0.0019291674241824126,0.0032794053920792332,0.00323427508386405,0.0033218305778051787,0,0,0,1,1,1,1.866761955253704e-4,0,0,0
TUR.39.3_1,2026,6,albopictus,18.421166700475354,54.257972431116166,0.0021698712645374144,0.08229324679899484,0.08189732580689392,0.08273588404417719,3.8602062657489e-12,3.3587993497619095e-12,4.4811793165067115e-12,0.9999999999961398,0.9999999999955188,0.9999999999966411,2.169635864498476e-4,8.375241958530548e-16,7.287371530897599e-16,9.722527360341729e-16
TUR.39.3_1,2026,7,albopictus,22.78537727804745,46.67185517948113,0.0025481541767715457,0.21071773532046958,0.20982465272493833,0.21166610703982824,0.06429736879759061,0.06138721612304881,0.0674230825790683,0.9357026312024094,0.9325769174209317,0.9386127838769512,2.465651633066779e-4,1.5853491237767622e-5,1.513594896832186e-5,1.6624183366747603e-5
TUR.39.3_1,2026,8,albopictus,23.799044609069824,42.81522925745626,0.0030257724624101435,0.2238113344946896,0.22274460639131272,0.22493126930230775,0.1101614917808443,0.10631081134640871,0.114205321821395,0.8898385082191557,0.885794678178605,0.8936891886535913,2.9277382328785073e-4,3.225240112777093e-5,3.1125022694721507e-5,3.343632870946923e-5
TUR.39.3_1,2026,9,albopictus,21.49874765732709,43.80601732055054,0.0024116867662357096,0.16145223693194038,0.16070134959902777,0.1621944697204333,3.888560470941356e-4,3.456666294377603e-4,4.350212725449859e-4,0.9996111439529058,0.9995649787274551,0.9996543333705623,2.411395977959252e-4,9.37685907967932e-8,8.335391199409462e-8,1.0490085469416946e-7
TUR.39.3_1,2026,10,albopictus,12.410467470393462,66.73484652370846,0.0023766166579458027,5.057168184660992e-4,4.937573787041804e-4,5.168765819265641e-4,0,0,0,1,1,1,2.2996871358704762e-4,0,0,0
TUR.39.3_1,2026,11,albopictus,8.362307803157499,80.94767939755889,0.0013785555423222618,0,0,0,0,0,0,1,1,1,1.3784605259192784e-4,0,0,0
TUR.39.3_1,2026,12,albopictus,2.4524296344641376,80.5412443162708,0.001133883578403108,0,0,0,0,0,0,1,1,1,1.0972464868808096e-4,0,0,0
TUR.39.3_1,2027,1,albopictus,1.532305665423765,77.86012713420907,0.0011237397743186276,0,0,0,0,0,0,1,1,1,1.087430974586745e-4,0,0,0
TUR.39.3_1,2027,2,albopictus,2.908730765037677,78.74973221882863,8.405913584714857e-4,0,0,0,0,0,0,1,1,1,9.005930425354247e-5,0,0,0
TUR.39.3_1,2027,3,albopictus,3.167457010158721,74.76822373726547,0.0010318959846751345,0,0,0,0,0,0,1,1,1,9.985591580885522e-5,0,0,0
TUR.39.3_1,2027,4,albopictus,8.672171929303339,62.13159995228058,0.0013644926470783947,0,0,0,0,0,0,1,1,1,1.364399559302676e-4,0,0,0
TUR.39.3_1,2027,5,albopictus,16.89629644506118,54.85139630700493,0.0019071999259442146,0.04377287219772615,0.04348048011127486,0.04407145399818995,0,0,0,1,1,1,1.845507031922322e-4,0,0,0
TUR.39.3_1,2027,6,albopictus,20.643059057347912,43.89634675972945,0.002145162863087477,0.13483916903722495,0.13417339795387456,0.13547422911881918,3.53745464002031e-6,3.089089124383437e-6,4.00572334962046e-6,0.99999646254536,0.9999959942766503,0.9999969109108756,2.1449327933531492e-4,7.587602462378822e-10,6.625888564480601e-10,8.592007373701347e-10
TUR.39.3_1,2027,7,albopictus,25.2140271803912,29.818793503455737,0.002519138254313385,0.19350052449206798,0.19227745416658462,0.19460582973752955,0.019843558481901023,0.017781441150575412,0.021807712746270084,0.980156441518099,0.9781922872537299,0.98221855884942455,2.4375785922237103e-4,4.837023334902116e-6,4.334366028752836e-6,5.3158013735672095e-6
TUR.39.3_1,2027,8,albopictus,24.752671241760254,46.2761514986672,0.0029913178835052814,0.26080619694031737,0.259589748465076,0.26209156734755434,0.2332237663732447,0.2296454540242733,0.23697904154698834,0.7667762336267553,0.7630209584530117,0.7703545459757266,2.894404798429173e-4,6.75043988498444e-5,6.646869040653029e-5,6.859132749807495e-5
TUR.39.3_1,2027,9,albopictus,20.131073783425723,55.59682313720093,0.0023842248030466824,0.14211494715756756,0.14154114882269017,0.1427209009549121,1.4418738507276486e-5,1.2928935797817954e-5,1.6115861559296007e-5,0.9999855812614927,0.9999838841384407,0.9999870710642021,2.383940599238743e-4,3.4373416117303444e-9,3.0821814953369367e-9,3.841925666291675e-9
TUR.39.3_1,2027,10,albopictus,12.62630399535684,74.44130556911861,0.0023495540393301986,9.639742052811668e-4,9.461742298686363e-4,9.826127334099754e-4,0,0,0,1,1,1,2.2735034934606713e-4,0,0,0
TUR.39.3_1,2027,11,albopictus,9.443389193538358,69.18312251279326,0.0013628578812133218,0,0,0,0,0,0,1,1,1,1.3627650163516858e-4,0,0,0
TUR.39.3_1,2027,12,albopictus,2.76824615610873,78.48311595933721,0.0011209720056704056,0,0,0,0,0,0,1,1,1,1.0847527797064327e-4,0,0,0
TUR.39.3_1,2028,1,albopictus,-0.43584986765156764,79.45980517375985,0.0011122759700484047,0,0,0,0,0,0,1,1,1,1.0763381706968556e-4,0,0,0
TUR.39.3_1,2028,2,albopictus,4.343131085090778,72.006171427813,8.617309461655022e-4,0,0,0,0,0,0,1,1,1,8.914060737774676e-5,0,0,0
TUR.39.3_1,2028,3,albopictus,6.8823496359674365,76.86275193550766,0.001021369122615173,0,0,0,0,0,0,1,1,1,9.88372884296318e-5,0,0,0
TUR.39.3_1,2028,4,albopictus,8.603319027844599,71.47395377308136,0.0013505728081692938,0,0,0,0,0,0,1,1,1,1.3504816099296768e-4,0,0,0
TUR.39.3_1,2028,5,albopictus,14.151623669792624,62.60935376550103,0.0018877436717874506,0.00713099507710575,0.00705384804605411,0.007210050973575689,0,0,0,1,1,1,1.8266818559831144e-4,0,0,0
TUR.39.3_1,2028,6,albopictus,21.805107397191662,35.47379655831343,0.0021232790357529,0.14881736670148518,0.1481352546090883,0.1495690161865331,4.8551500976476317e-5,4.296552199967163e-5,5.5242865004950796e-5,0.9999514484990235,0.999944757134995,0.9999570344780003,2.1230536360128394e-4,1.0307744068198896e-8,9.121810770459248e-9,1.1728356541252723e-8
TUR.39.3_1,2028,7,albopictus,25.405118717866785,27.43099900882683,0.002493439326023168,0.18547845467053956,0.18427821703247788,0.18654399863908572,0.009121202397768096,0.008003705066978811,0.010186954944886714,0.9908787976022319,0.9898130450551132,0.9919962949330212,2.4127146929431298e-4,2.200685904240319e-6,1.9310656813083153e-6,2.4578215871877843e-6
TUR.39.3_1,2028,8,albopictus,24.67050838470459,32.78803428064962,0.0029608020260886354,0.19948034503286313,0.19829442980821824,0.20055944714330093,0.032107391070843865,0.029359840248879446,0.03470101511314272,0.9678926089291562,0.9652989848868573,0.9706401597511206,2.864881827521204e-4,9.198388120797715e-6,8.411247278794036e-6,9.941430759418122e-6
TUR.39.3_1,2028,9,albopictus,21.87626917221967,41.41575090209351,0.0023599021910835076,0.16647964828040313,0.16565173857968218,0.16729055213652072,8.248924358878961e-4,7.298183053894624e-4,9.257543882382424e-4,0.9991751075641121,0.9990742456117618,0.9992701816946106,2.359623756068574e-4,1.9464357879223527e-7,1.722096611010685e-7,2.1844320467716863e-7
TUR.39.3_1,2028,10,albopictus,11.090854013667387,54.68559878200924,0.00232558512032889,2.4898359267746045e-7,2.2481851003192863e-7,2.7460721630851964e-7,0,0,0,1,1,1,2.2503130120554715e-4,0,0,0
TUR.39.3_1,2028,11,albopictus,4.6947693986927765,58.416658279394824,0.0013489547193288604,0,0,0,0,0,0,1,1,1,1.3488637394776237e-4,0,0,0
TUR.39.3_1,2028,12,albopictus,2.8374302209738422,76.23314647691534,0.0011095364367254544,0,0,0,0,0,0,1,1,1,1.0736872944205889e-4,0,0,0
TUR.39.3_1,2029,1,albopictus,0.2435144559644602,81.70825640667,0.001112925767804555,0,0,0,0,0,0,1,1,1,1.0769669395316317e-4,0,0,0
TUR.39.3_1,2029,2,albopictus,0.8313443857957336,77.62408372029347,8.325021543390652e-4,0,0,0,0,0,0,1,1,1,8.919268148976922e-5,0,0,0
TUR.39.3_1,2029,3,albopictus,4.794006015667144,76.50212571480454,0.0010219658120896814,0,0,0,0,0,0,1,1,1,9.889502686344365e-5,0,0,0
TUR.39.3_1,2029,4,albopictus,12.72618518156164,57.049095679819644,0.0013513618202525342,8.412847978837869e-4,8.240612866783427e-4,8.585449864278565e-4,0,0,0,1,1,1,1.351270515427272e-4,0,0,0
TUR.39.3_1,2029,5,albopictus,14.867059651543112,58.195161565793995,0.001888846502051833,0.012826721144308486,0.012706445530641493,0.012946487991040078,0,0,0,1,1,1,1.8277489160667404e-4,0,0,0
TUR.39.3_1,2029,6,albopictus,20.80627850925221,38.392669391565384,0.00212451946707594,0.1281916415866705,0.12750141440136564,0.1288591129502477,9.001825431701471e-7,7.751135547545696e-7,1.0340920721496614e-6,0.9999990998174568,0.9999989659079278,0.9999992248864452,2.1242938039089942e-4,1.912252198843384e-10,1.6465689216910073e-10,2.1967153815389388e-10
TUR.39.3_1,2029,7,albopictus,23.85045410605038,37.727389542274096,0.0024948960070293007,0.20481807333364183,0.20379023241752275,0.2058125504331822,0.04610122214810504,0.04319007401590789,0.0489796167070303,0.9538987778518949,0.9510203832929697,0.9568099259840922,2.414124044021193e-4,1.1129406884650274e-5,1.0426619614485821e-5,1.1824287035938396e-5
TUR.39.3_1,2029,8,albopictus,25.163723945617676,39.94922812830587,0.002962531742961754,0.2370538883707337,0.23589397810330492,0.23823731760276617,0.15726599897153815,0.15324486377524477,0.16134891136656343,0.8427340010284619,0.8386510886334366,0.8467551362247552,2.8665552673778905e-4,4.5081167773130855e-5,4.392848714535351e-5,4.625155717635107e-5
TUR.39.3_1,2029,9,albopictus,19.333712409524356,55.90574495116577,0.0023612808589589217,0.11395028859643377,0.11345069679157423,0.11444897576469217,3.543535994365854e-8,3.1316382076429507e-8,3.990899302142026e-8,0.99999996456464,0.999999960091007,0.999999968683618,2.361002098535403e-4,8.366295918933516e-12,7.393804380098654e-12,9.422521627400799e-12
TUR.39.3_1,2029,10,albopictus,14.721798265681548,42.3010811123315,0.002326943739982302,0.008929064663912007,0.008837327420957946,0.009018955929302228,0,0,0,1,1,1,2.251627509313181e-4,0,0,0
TUR.39.3_1,2029,11,albopictus,4.8658836050068635,76.03264033505889,0.0013497427861156762,0,0,0,0,0,0,1,1,1,1.3496516999345065e-4,0,0,0
TUR.39.3_1,2029,12,albopictus,3.310285312068813,78.44439678209112,0.0011101846340311283,0,0,0,0,0,0,1,1,1,1.0743145147640298e-4,0,0,0
TUR.39.3_1,2030,1,albopictus,1.8658217118286036,82.60306994426766,0.0010957765395863876,0,0,0,0,0,0,1,1,1,1.0603726857905116e-4,0,0,0
TUR.39.3_1,2030,2,albopictus,2.148975272827289,79.568183146563,8.196740126517357e-4,0,0,0,0,0,0,1,1,1,8.781835938331817e-5,0,0,0
TUR.39.3_1,2030,3,albopictus,3.3656431692926323,79.08623978951157,0.0010062181985024214,0,0,0,0,0,0,1,1,1,9.737121380937186e-5,0,0,0
TUR.39.3_1,2030,4,albopictus,9.386855462018183,70.27287345081574,0.0013305384976813033,0,0,0,0,0,0,1,1,1,1.3304499849720042e-4,0,0,0
TUR.39.3_1,2030,5,albopictus,14.714007321526022,62.965242132200245,0.0018597410031319242,0.012108605943309399,0.012006262107533685,0.012211038027396324,0,0,0,1,1,1,1.7995874126974787e-4,0,0,0
TUR.39.3_1,2030,6,albopictus,21.10984830295338,34.640880298547806,0.002091782450602059,0.1286457636836962,0.12799153085038528,0.12930437361506666,9.909159314113181e-7,8.604787590793528e-7,1.135734472379468e-6,0.9999990090840686,0.9999988642655276,0.999999139521241,2.091563688164655e-4,2.0725637801637707e-10,1.7997461269273566e-10,2.375460981825739e-10
TUR.39.3_1,2030,7,albopictus,23.926774754243738,37.22559281986199,0.002456451806847341,0.2044264900729414,0.2034006017109733,0.20555017924764185,0.04498714370891259,0.042114985962725116,0.048209377204928953,0.9550128562910875,0.9517906227950711,0.9578850140372749,2.3769288916619669e-4,1.0693124163506322e-5,1.001043269067395e-5,1.1459026152742549e-5
TUR.39.3_1,2030,8,albopictus,22.83646869659424,53.659646829477744,0.002916881678569914,0.23918735844321787,0.23822945202223678,0.24020372174814408,0.16460038063101257,0.1613218919389035,0.1680636445994369,0.8353996193689874,0.8319363554005631,0.83867810806109655,2.8223903518731497e-4,4.645665262076179e-5,4.55313351354284e-5,4.743412090180887e-5
TUR.39.3_1,2030,9,albopictus,20.23036844590131,33.962889116204835,0.0023248955532099505,0.10447835549812423,0.10390698480124737,0.10510205354224535,3.1792211115933e-9,2.7195026869319964e-9,3.741810536417311e-9,0.9999999968207789,0.9999999962581895,0.9999999972804973,2.3246253171860243e-4,7.390497884942079e-13,6.321824796197536e-13,8.698307505069101e-13
TUR.39.3_1,2030,10,albopictus,12.722462976680083,67.05515902370846,0.002291087539683775,0.0010176891073650622,9.974054219892162e-4,0.0010377236180472591,0,0,0,1,1,1,2.216935713493795e-4,0,0,0
TUR.39.3_1,2030,11,albopictus,5.681344525340726,75.81363856503935,0.0013289444114670374,0,0,0,0,0,0,1,1,1,1.3288561107160923e-4,0,0,0
TUR.39.3_1,2030,12,albopictus,4.272405606639736,79.51867656724737,0.001093077644325193,0,0,0,0,0,0,1,1,1,1.0577611282780452e-4,0,0,0
TUR.39.3_1,2031,1,albopictus,5.16026786725749,82.04060809124032,0.0012422808954686746,0,0,0,0,0,0,1,1,1,1.2021350559698885e-4,0,0,0
TUR.39.3_1,2031,2,albopictus,2.2584042746354553,80.67793198689503,9.292637044536059e-4,0,0,0,0,0,0,1,1,1,9.955901200686679e-5,0,0,0
TUR.39.3_1,2031,3,albopictus,5.227650787243071,70.99889848091782,0.0011407486832527847,0,0,0,0,0,0,1,1,1,1.1038894055559467e-4,0,0,0
TUR.39.3_1,2031,4,albopictus,11.12457499784582,57.5263181224466,0.0015084303200896963,4.3370689554222655e-7,3.957914087402367e-7,4.738077921025648e-7,0,0,0,1,1,1,1.5083165577078894e-4,0,0,0
TUR.39.3_1,2031,5,albopictus,15.556923810173483,43.76062940026665,0.002108386733286508,0.01732032906780097,0.017172398877137132,0.01747562686978363,0,0,0,1,1,1,2.040166115819808e-4,0,0,0
TUR.39.3_1,2031,6,albopictus,23.30232457553639,26.21973390572554,0.002371451917414153,0.1560255045075612,0.15511593212908878,0.15692680210280927,1.6458671937019553e-4,1.413970459186037e-4,1.900309971242825e-4,0.9998354132806299,0.9998099690028758,0.9998586029540815,2.3711707504303625e-4,3.9026321487989804e-8,3.3527653947945196e-8,4.50595942056215e-8
TUR.39.3_1,2031,7,albopictus,23.259647144990808,41.84693071048699,0.0027848772446230846,0.20658910731868843,0.20565052525724623,0.207542645081187,0.051300017397637315,0.04850331088140169,0.05419149006845583,0.9486999826023627,0.9458085099315442,0.9514966891185983,2.694679364716457e-4,1.382370982910085e-5,1.307008709525403e-5,1.4602869003070475e-5
TUR.39.3_1,2031,8,albopictus,21.779484748840332,59.79681952845235,0.003306866183681724,0.22041862077657476,0.21958701226644456,0.22125072902346626,0.09793819404399676,0.094956715942812,0.1009275996810279,0.9020618059560033,0.8990724003189721,0.9050432840571879,3.1996810738132986e-4,3.1337098588603076e-5,3.0383120683368108e-5,3.229361305247901e-5
TUR.39.3_1,2031,9,albopictus,18.85817034104291,63.46342698851929,0.0026357320360253086,0.10904196765014583,0.10855041030922116,0.10950273783963144,1.0446580880341116e-8,9.195905725789542e-9,1.172357223522269e-8,0.9999999895534191,0.9999999882764278,0.9999999908040943,2.63538471237279e-4,2.7530759548616865e-12,2.4234749366167173e-12,3.089612304310398e-12
TUR.39.3_1,2031,10,albopictus,14.557723367915434,61.99696963161861,0.002597403920939757,0.010423382108014629,0.010318514238212775,0.01052038784361022,0,0,0,1,1,1,2.5133008107058874e-4,0,0,0
TUR.39.3_1,2031,11,albopictus,8.113579051021269,78.57860743710967,0.0015066231059560008,0,0,0,0,0,0,1,1,1,1.5065096159960767e-4,0,0,0
TUR.39.3_1,2031,12,albopictus,5.022574645412319,78.31610088365362,0.0012392211602939114,0,0,0,0,0,0,1,1,1,1.1991743774475427e-4,0,0,0
TUR.39.3_1,2032,1,albopictus,1.4516415969633005,78.75073687542,0.001198036918279919,0,0,0,0,0,0,1,1,1,1.1593233593498731e-4,0,0,0
TUR.39.3_1,2032,2,albopictus,4.3811950880815,72.16939469441456,9.281738659566916e-4,0,0,0,0,0,0,1,1,1,9.601337655418263e-5,0,0,0
TUR.39.3_1,2032,3,albopictus,5.269629623302642,69.69138810494125,0.001100120787497455,0,0,0,0,0,0,1,1,1,1.064576349996127e-4,0,0,0
TUR.39.3_1,2032,4,albopictus,11.06656489652746,59.36121421009308,0.001454707400485675,2.255736442314232e-7,2.0466527334119953e-7,2.495987573273431e-7,0,0,0,1,1,1,1.4546015969352233e-4,0,0,0
TUR.39.3_1,2032,5,albopictus,18.07894224279067,45.55054639245415,0.002033296296918323,0.06398826249659104,0.06360432677320135,0.06437018022778604,3.0299096565045148e-15,2.55351295663786e-15,3.555489236362061e-15,0.999999999999997,0.9999999999999964,0.9999999999999974,1.9675125131257687e-4,5.961385162813233e-19,5.024068694613768e-19,6.995469562826339e-19
TUR.39.3_1,2032,6,albopictus,21.53638867770924,38.48069734566695,0.0022869923842111423,0.14900172679563806,0.14829157417803018,0.1497511725523085,5.014075375482052e-5,4.416662765194812e-5,5.702122902363216e-5,0.9999498592462451,0.9999429787709764,0.9999558333723481,2.2867308874374714e-4,1.1465841033054445e-8,1.0099719164565969e-8,1.3039220564798567e-8
TUR.39.3_1,2032,7,albopictus,23.918466343599206,36.725428787879565,0.00268569352076963,0.2023415786518956,0.2012870856336231,0.20339111854304193,0.0392753657023112,0.036526269163974584,0.04208898850252411,0.9607246342976888,0.9579110114974758,0.9634737308360254,2.598720519977338e-4,1.0206569878021026e-5,9.4921565194636225e-06,1.0937751808659966e-5
TUR.39.3_1,2032,8,albopictus,24.23534870147705,41.31357367884298,0.003189091763636503,0.22724608348115186,0.22606016275795024,0.2283130833755098,0.12255233029772732,0.11827953958498598,0.12639052504864853,0.8774476697022727,0.8736094749513514,0.881720460415014,3.0857416477392263e-4,3.7816482962719105e-5,3.6498010137281173e-5,3.9000850702224274e-5
TUR.39.3_1,2032,9,albopictus,19.456194709329043,42.46375505248413,0.0025418601359558962,0.09685636528709612,0.09636233003282069,0.09734985999974746,3.8142496117110627e-10,3.2955599915673875e-10,4.387168600628044e-10,0.999999999618575,0.9999999995612832,0.9999999996704441,2.5415371106785045e-4,9.694056937554741e-14,8.375788019035854e-14,1.1150151809299656e-13
TUR.39.3_1,2032,10,albopictus,13.515192354426665,67.96568148464596,0.00250489708110408,0.0037139627234507497,0.00366592289982224,0.003762135581866298,0,0,0,1,1,1,2.423800161621692e-4,0,0,0
TUR.39.3_1,2032,11,albopictus,6.822131888393094,76.37166011044951,0.0014529645504915212,0,0,0,0,0,0,1,1,1,1.4528590003048958e-4,0,0,0
TUR.39.3_1,2032,12,albopictus,2.81564388884341,79.96647624986456,0.0011950861559258518,0,0,0,0,0,0,1,1,1,1.1564681135245447e-4,0,0,0
TUR.39.3_1,2033,1,albopictus,2.531579770257368,80.11571948040047,0.0011765755870303824,0,0,0,0,0,0,1,1,1,1.1385567153454623e-4,0,0,0
TUR.39.3_1,2033,2,albopictus,5.141297121696613,81.06666489705128,8.801141453286553e-4,0,0,0,0,0,0,1,1,1,9.429349823097954e-5,0,0,0
TUR.39.3_1,2033,3,albopictus,5.343416835674468,72.9284105048436,0.0010804135011236076,0,0,0,0,0,0,1,1,1,1.0455067946679719e-4,0,0,0
TUR.39.3_1,2033,4,albopictus,10.89865718168371,60.984230567514956,0.0014286481389415484,1.47278116028786e-8,1.2335406397746854e-8,1.7418402933681036e-8,0,0,0,1,1,1,1.4285460920260284e-4,0,0,0
TUR.39.3_1,2033,5,albopictus,13.932917538811179,69.11895154382134,0.00199687233978412,0.006247531743084885,0.006179272034168984,0.00631508268839325,0,0,0,1,1,1,1.9322703955215736e-4,0,0,0
TUR.39.3_1,2033,6,albopictus,19.747198385350842,41.638282489709916,0.002246023779342778,0.10386246249388026,0.10332359728179398,0.10437696254077465,2.6943538319335047e-9,2.323842460127956e-9,3.0845915238719714e-9,0.9999999973056461,0.9999999969154084,0.9999999976761575,2.245771567084276e-4,6.050903227420831e-13,5.218819323338539e-13,6.927287940380831e-13
TUR.39.3_1,2033,7,albopictus,25.746400608735925,29.38844987552605,0.002637582684279944,0.1952238902542634,0.19405083808040927,0.19639280986700086,0.022991496444983935,0.020796243431592334,0.025286526404509457,0.9770085035550161,0.9747134735954905,0.9792037565684076,2.5521736369471526e-4,5.867829110085217e-6,5.307562423364534e-6,6.453560605955711e-6
TUR.39.3_1,2033,8,albopictus,24.563965797424316,35.0035570467629,0.00313196317796417,0.20680360719452726,0.2056720504898143,0.20794053086907627,0.051949524441021175,0.04856646797686178,0.055421130978837434,0.9480504755589788,0.9445788690211626,0.9514335320231383,3.030472826638375e-4,1.574316221753008e-5,1.4717936148968247e-5,1.6795223145293307e-5
TUR.39.3_1,2033,9,albopictus,19.337393592385684,42.19087068358765,0.0024963258944518327,0.09315270005384056,0.09264088439064526,0.09364078703405151,1.2759487688640547e-10,1.0894743163181176e-10,1.473539762431031e-10,0.9999999998724052,0.9999999998526461,0.9999999998910526,2.496014338229102e-4,3.1847864219304516e-14,2.7193435146623695e-14,3.6779763749785583e-14
TUR.39.3_1,2033,10,albopictus,13.373467767939848,61.1795105251733,0.002460024986443795,0.0027306302854272872,0.0026930733436765887,0.002770062726918443,0,0,0,1,1,1,2.3803859848803288e-4,0,0,0
TUR.39.3_1,2033,11,albopictus,8.244013087276151,83.28608119199248,0.0014269365099227021,0,0,0,0,0,0,1,1,1,1.4268347073742582e-4,0,0,0
TUR.39.3_1,2033,12,albopictus,4.9606396974447895,81.70369701402471,0.001173677683889043,0,0,0,0,0,0,1,1,1,1.1357526118571659e-4,0,0,0
TUR.39.3_1,2034,1,albopictus,4.556750573327436,81.62857501018563,0.0011955068314059363,0,0,0,0,0,0,1,1,1,1.1568751717394576e-4,0,0,0
TUR.39.3_1,2034,2,albopictus,2.997776051216266,74.43945237263722,8.942752890301422e-4,0,0,0,0,0,0,1,1,1,9.581061940833191e-5,0,0,0
TUR.39.3_1,2034,3,albopictus,6.176232005962554,74.1343431220311,0.0010977974858347322,0,0,0,0,0,0,1,1,1,1.0623282326505112e-4,0,0,0
TUR.39.3_1,2034,4,albopictus,7.531957486096552,76.33046012073761,0.0014516352613526513,0,0,0,0,0,0,1,1,1,1.451529904203941e-4,0,0,0
TUR.39.3_1,2034,5,albopictus,14.135250989128561,68.00921796227837,0.0020290022587353116,0.007612355977077505,0.0075269808276108305,0.007694487508996425,0,0,0,1,1,1,1.9633578090438863e-4,0,0,0
TUR.39.3_1,2034,6,albopictus,19.04332570468678,64.59912843697555,0.0022821625752762896,0.11779386541872099,0.11728035677897218,0.11826588482126961,8.85717369725203e-8,7.838661522097112e-8,9.872534071364569e-8,0.999999911428263,0.9999999012746593,0.9999999216133848,2.2819021817843677e-4,2.0211203984202522e-11,1.7887058829542575e-11,2.2528157037187318e-11
TUR.39.3_1,2034,7,albopictus,22.991302265840417,50.19372865360222,0.002680021710643614,0.23066640836827493,0.22970209061074862,0.2316454067102182,0.13481220156261964,0.13136976154084387,0.1382979868572512,0.8651877984373804,0.8617020131427489,0.8686302384591561,2.5932330963607253e-4,3.495994628854383e-5,3.4067241348873264e-5,3.5863891667828446e-5
TUR.39.3_1,2034,8,albopictus,23.98740863800049,44.32372077356954,0.003182356846633538,0.2346545498045301,0.23361531385531303,0.23573075204842758,0.1489137472233207,0.14526585776735157,0.15267642777638135,0.8510862527766793,0.8473235722236186,0.8547341422326484,3.0792259951817336e-4,4.585390814899709e-5,4.473064054496013e-5,4.701252252605199e-5
TUR.39.3_1,2034,9,albopictus,19.18497927048627,50.664095323480225,0.002536492081877299,0.1008678287401995,0.10039865202053917,0.10137518886304712,1.1890085557242358e-9,1.0410556222639756e-9,1.3649128438597557e-9,0.9999999988109914,0.9999999986350872,0.9999999989589444,2.536170419470407e-4,3.015528327525038e-13,2.6402944742092524e-13,3.461651579752343e-13
TUR.39.3_1,2034,10,albopictus,13.578437174067778,52.101335934108846,0.0024996070878418697,0.0030937538860513402,0.003050079397788115,0.0031392632045337647,0,0,0,1,1,1,2.4186820528204755e-4,0,0,0
TUR.39.3_1,2034,11,albopictus,6.0523812933003205,74.13479792783232,0.0014498960920145997,0,0,0,0,0,0,1,1,1,1.4497909871602488e-4,0,0,0
TUR.39.3_1,2034,12,albopictus,5.756918174159877,81.87465648668096,0.0011925623006504,0,0,0,0,0,0,1,1,1,1.1540259550979481e-4,0,0,0
TUR.39.3_1,2035,1,albopictus,3.5615653173231028,81.76530901897469,0.0010593264702398973,0,0,0,0,0,0,1,1,1,1.0251021033125252e-4,0,0,0
TUR.39.3_1,2035,2,albopictus,-0.5184802811811952,79.39748307332081,7.924082577068917e-4,0,0,0,0,0,0,1,1,1,8.489728077620828e-5,0,0,0
TUR.39.3_1,2035,3,albopictus,3.375273849376861,70.59229752876938,9.727472107707827e-4,0,0,0,0,0,0,1,1,1,9.413239611677504e-5,0,0,0
TUR.39.3_1,2035,4,albopictus,11.642956116620233,65.95642905384308,0.0012862792725960824,3.329068358413189e-5,3.195569426572309e-5,3.46030219531063e-5,0,0,0,1,1,1,1.286196550424057e-4,0,0,0
TUR.39.3_1,2035,5,albopictus,12.10029691808364,69.15297864343071,0.0017978783093419504,2.2509154179191276e-4,2.1945608944303228e-4,2.3131925325173692e-4,0,0,0,1,1,1,1.7397308841149428e-4,0,0,0
TUR.39.3_1,2035,6,albopictus,18.101375860326428,45.835818958215775,0.0020222010965323728,0.06480474017568671,0.06444099326769451,0.0651954319275989,4.3458570075927126e-15,3.6637359812630166e-15,5.10702591327572e-15,0.9999999999999957,0.9999999999999949,0.9999999999999963,2.0219966454504412e-4,8.787308290959759e-19,7.4080618639299e-19,1.0326389264871982e-18
TUR.39.3_1,2035,7,albopictus,24.02022720785702,36.7370216528698,0.0023747400385522336,0.20441976011248136,0.2033162545535897,0.20549249642090983,0.044968296422358826,0.04188403679443042,0.04804077984072141,0.9550317035776412,0.9519592201592786,0.9581159632055696,2.2978714700638836e-4,1.0333136540631416e-5,9.624413320102763e-6,1.1039153739561387e-5
TUR.39.3_1,2035,8,albopictus,24.50490665435791,37.69698508631368,0.002819854104408204,0.21697633182431658,0.21580568381711046,0.21810130283068685,0.08568197866625189,0.08156823187074513,0.08965910867718543,0.9143180213337481,0.9103408913228145,0.9184317681292549,2.728518760325427e-4,2.337848862126713e-5,2.225604509059025e-5,2.4463656005975672e-5
TUR.39.3_1,2035,9,albopictus,16.168073485879336,61.581079881585694,0.002247559891169005,0.032659193573285804,0.03245249306340388,0.03288543845626828,0,0,0,1,1,1,2.2473073338169502e-4,0,0,0
TUR.39.3_1,2035,10,albopictus,12.03599580596475,75.21114199489986,0.002214876472296007,2.1137378779598635e-4,2.0545193984109186e-4,2.1743891388622765e-4,0,0,0,1,1,1,2.1431991462084188e-4,0,0,0
TUR.39.3_1,2035,11,albopictus,7.35647703838699,76.81976496884795,0.0012847382122962757,0,0,0,0,0,0,1,1,1,1.2846556882162297e-4,0,0,0
TUR.39.3_1,2035,12,albopictus,2.890810829532497,86.45124797838018,0.0010567173514211394,0,0,0,0,0,0,1,1,1,1.0225774081318306e-4,0,0,0
TUR.39.3_1,2036,1,albopictus,3.627004541566267,82.2113081644825,0.0011722924673335086,0,0,0,0,0,0,1,1,1,1.1344122318679428e-4,0,0,0
TUR.39.3_1,2036,2,albopictus,4.2641160685349915,70.77736588582081,9.082284651119746e-4,0,0,0,0,0,0,1,1,1,9.395025520297917e-5,0,0,0
TUR.39.3_1,2036,3,albopictus,3.8255924242822563,60.11764237740219,0.001076480442849714,0,0,0,0,0,0,1,1,1,1.04170100645673e-4,0,0,0
TUR.39.3_1,2036,4,albopictus,8.385100701275995,70.14090018421417,0.0014234473927665857,0,0,0,0,0,0,1,1,1,1.4233460874490955e-4,0,0,0
TUR.39.3_1,2036,5,albopictus,12.433034840752097,74.393159612669,0.0019896030717957715,6.270236938219231e-4,6.131506816416201e-4,6.402993090660439e-4,0,0,0,1,1,1,1.9252369768829602e-4,0,0,0
TUR.39.3_1,2036,6,albopictus,21.12985257541432,40.82796831124312,0.0022378475186800605,0.14287032736844718,0.14216487688345,0.14352521446635483,1.6601660860225632e-5,1.4530630583411974e-5,1.8702225650454873e-5,0.9999833983391397,0.9999812977743495,0.9999854693694166,2.237597139281844e-4,3.7147828848168227e-9,3.2513697425403906e-9,4.184804661366134e-9
TUR.39.3_1,2036,7,albopictus,26.65963150473202,25.152783600501635,0.0026279810212234416,0.17841418976099735,0.177078587860405,0.17965471930293528,0.0040764712977248005,0.003448055233376199,0.004720860319437248,0.9959235287022752,0.9952791396805627,0.9965519447666239,2.5428840721031243e-4,1.0365993933369948e-6,8.768004732684158e-7,1.2004600512920644e-6
TUR.39.3_1,2036,8,albopictus,26.131190299987793,32.133931955210166,0.0031205618083239247,0.20861907413732902,0.20728444389933642,0.2098928913903479,0.05755742953498498,0.05339953972707887,0.061607472576774486,0.942442570465015,0.9383925274232255,0.9466004602729211,3.019442580727283e-4,1.737913535751438e-5,1.6123684404318014e-05,1.8602022598930132e-5
TUR.39.3_1,2036,9,albopictus,20.76668436387006,51.80351487914429,0.002487238452279648,0.15692758204115856,0.15621593205348555,0.1576206493760463,1.9036106317998558e-4,1.693218214642439e-4,2.1250923880758722e-4,0.9998096389368201,0.9997874907611924,0.9998306781785358,2.4869291601670174e-4,4.734144789827021e-8,4.2109137525202174e-8,5.28495422795485e-8
TUR.39.3_1,2036,10,albopictus,12.74989255736856,74.99986880154049,0.002451069691441599,0.0012478390839212726,0.001225825295371543,0.0012697719617490273,0,0,0,1,1,1,2.3717216295493504e-4,0,0,0
TUR.39.3_1,2036,11,albopictus,7.482090727809598,68.52393519589873,0.001421741994636809,0,0,0,0,0,0,1,1,1,1.4216409319112167e-4,0,0,0
TUR.39.3_1,2036,12,albopictus,3.203780514133327,81.38778667466924,0.0011694051135067742,0,0,0,0,0,0,1,1,1,1.1316183350762454e-4,0,0,0
TUR.39.3_1,2037,1,albopictus,5.321433819939985,82.15823809612313,0.0011613105953486751,0,0,0,0,0,0,1,1,1,1.1237858137813639e-4,0,0,0
TUR.39.3_1,2037,2,albopictus,-1.7058412831495788,76.13869401082081,8.686954695924844e-4,0,0,0,0,0,0,1,1,1,9.30701833009584e-5,0,0,0
TUR.39.3_1,2037,3,albopictus,3.519054796108428,71.41589829781235,0.0010663961245187756,0,0,0,0,0,0,1,1,1,1.0319430005534258e-4,0,0,0
TUR.39.3_1,2037,4,albopictus,10.652520516339472,57.56119971424347,0.001410112736543754,2.6187893992722087e-12,1.1467987198964327e-12,6.3399055877444804e-12,0,0,0,1,1,1,1.4100133203198695e-4,0,0,0
TUR.39.3_1,2037,5,albopictus,15.79946512334487,56.13707135583306,0.001970964748302325,0.024256864031780186,0.024063749789787113,0.024442724707633787,0,0,0,1,1,1,1.9072033459344162e-4,0,0,0
TUR.39.3_1,2037,6,albopictus,21.662592214696545,35.83824892037398,0.0022168836759048688,0.14595527916546047,0.14520516992501864,0.14668511240089332,2.9188997677013993e-5,2.543017112001111e-5,3.320346452562184e-5,0.999970811002323,0.9999667965354744,0.99997456982888,2.2166379654009472e-4,6.470144042286928e-9,5.636948277125936e-9,7.360006005033692e-9
TUR.39.3_1,2037,7,albopictus,24.786590351777917,34.94277116458855,0.00260336246232466,0.20971396141908544,0.20853132008160186,0.21086934021226403,0.06104100515210337,0.05726702928025004,0.0647886646651461,0.9389589948478967,0.9352113353348539,0.9427329707197499,2.519065690164135e-4,1.537663017717958e-5,1.442594086375028e-5,1.6320690226951894e-5
TUR.39.3_1,2037,8,albopictus,25.00207805633545,40.2623461092629,0.00309132882145869,0.23624651034546143,0.23509559017089204,0.23741287777401843,0.15446724045602753,0.15045978136075994,0.15851004669242108,0.8455327595439724,0.8414899533075789,0.84954021863924,2.9911610954336254e-4,4.620364001710605e-5,4.500494444337545e-5,4.7412908490173735e-5
TUR.39.3_1,2037,9,albopictus,18.06269628861371,52.9868187121521,0.002463938350095404,0.07073592546611085,0.07035312716450616,0.07110545657867363,5.2655990678829314e-14,4.496125693975728e-14,6.084299730702014e-14,0.9999999999999474,0.9999999999999392,0.999999999999955,2.4636348254147844e-4,1.2972513240308017e-17,1.1076811839120818e-17,1.4989492704819275e-17
TUR.39.3_1,2037,10,albopictus,14.803507173762602,62.02612917751705,0.002428108413153645,0.0128746443774227,0.012755874204978743,0.01299249840137656,0,0,0,1,1,1,2.349506283081393e-4,0,0,0
TUR.39.3_1,2037,11,albopictus,8.040474192622831,67.98317897031279,0.0014084233143452963,0,0,0,0,0,0,1,1,1,1.4083241361895205e-4,0,0,0
TUR.39.3_1,2037,12,albopictus,3.510668259990566,71.17394237535284,0.0011584502898490296,0,0,0,0,0,0,1,1,1,1.1210180868870268e-4,0,0,0
TUR.39.3_1,2038,1,albopictus,5.372005976846113,81.52864520061532,0.0012049351047723061,0,0,0,0,0,0,1,1,1,1.1659982475442643e-4,0,0,0
TUR.39.3_1,2038,2,albopictus,4.860421200447223,80.43764420613331,9.01327922832201e-4,0,0,0,0,0,0,1,1,1,9.656618606057599e-5,0,0,0
TUR.39.3_1,2038,3,albopictus,6.142318870433989,71.96704575874985,0.0011064551819059383,0,0,0,0,0,0,1,1,1,1.070705754631085e-4,0,0,0
TUR.39.3_1,2038,4,albopictus,10.027263977948358,66.40443473011261,0.0014630834720301255,0,0,0,0,0,0,1,1,1,1.4629764465878825e-4,0,0,0
TUR.39.3_1,2038,5,albopictus,18.31481927983901,36.10444425012017,0.0020450038301640934,0.06080966317065099,0.06044101482536456,0.061191004646331,7.076561558960747e-16,5.551115123125783e-16,8.881784197001252e-16,0.9999999999999993,0.9999999999999991,0.9999999999999994,1.9788401484255314e-4,1.4003384125676295e-19,1.0984769474173436e-19,1.7575631158677497e-19
TUR.39.3_1,2038,6,albopictus,21.405111593358654,34.21407670968062,0.0023001606762163736,0.13543379685045723,0.1347147888035555,0.13617512235208543,3.983961466633268e-6,3.44319003134641e-6,4.601822206942718e-6,0.9999960160385334,0.999995398177793,0.9999965568099687,2.2998961595410705e-4,9.162697676869464e-10,7.918979529663707e-10,1.058371322063837e-9
TUR.39.3_1,2038,7,albopictus,25.48920227499569,30.844420639686206,0.002701157497284029,0.19980094155425776,0.19852764742924534,0.20107214574134763,0.032874488833394715,0.029885493557406193,0.0359816963997015,0.9671255111666053,0.9640183036002985,0.9701145064425938,2.6136817583233274e-4,8.592345177804769e-6,7.811116934948188e-6,9.404470351342796e-6
TUR.39.3_1,2038,8,albopictus,25.563040733337402,33.887037118784384,0.0032074542609779747,0.21348833167226708,0.21233684574849992,0.2147325677787723,0.07357192728572354,0.06966567996088026,0.0778378846064336,0.9264280727142764,0.9221621153935664,0.9303343200391198,3.1035063072615277e-4,2.283309403686295e-5,2.162078771582549e-5,2.415703658199616e-5
TUR.39.3_1,2038,9,albopictus,16.908590148476993,53.24961320678101,0.0025564959330568425,0.04305886214253448,0.042800580024959026,0.043327557718609355,0,0,0,1,1,1,2.5561691773301476e-4,0,0,0
TUR.39.3_1,2038,10,albopictus,11.925319040522856,68.82247011989986,0.002519320048331584,1.2290694278236416e-4,1.1920707691517311e-4,1.2679300813423923e-4,0,0,0,1,1,1,2.4377544790332717e-4,0,0,0
TUR.39.3_1,2038,11,albopictus,6.973926798824002,77.1135271758792,0.0014613305868658494,0,0,0,0,0,0,1,1,1,1.4612238177125203e-4,0,0,0
TUR.39.3_1,2038,12,albopictus,3.6845946134451557,83.1166074754505,0.0012019673521997385,0,0,0,0,0,0,1,1,1,1.1631265633904597e-4,0,0,0
TUR.39.3_1,2039,1,albopictus,2.9058235661291025,83.09722582805672,0.0011626074724231288,0,0,0,0,0,0,1,1,1,1.1250407149931974e-4,0,0,0
TUR.39.3_1,2039,2,albopictus,0.06554188316359244,76.27368088826222,8.69665572891041e-4,0,0,0,0,0,0,1,1,1,9.317411326104086e-5,0,0,0
TUR.39.3_1,2039,3,albopictus,6.303795482525054,78.66623399117172,0.001067587007209172,0,0,0,0,0,0,1,1,1,1.0330953486781258e-4,0,0,0
TUR.39.3_1,2039,4,albopictus,9.362977841321161,65.1020894542337,0.0014116874598673363,0,0,0,0,0,0,1,1,1,1.4115878214815414e-4,0,0,0
TUR.39.3_1,2039,5,albopictus,14.423843327690573,65.94494031335259,0.0019731657951255156,0.009781599685060505,0.009686027218704093,0.00988118421049809,0,0,0,1,1,1,1.9093329847774676e-4,0,0,0
TUR.39.3_1,2039,6,albopictus,21.731493276708264,39.64781923287398,0.0022193593491894544,0.15750098362329876,0.15671305861410995,0.15827566665587928,2.088597510448499e-4,1.8356759963252534e-4,2.3598724427598974e-4,0.9997911402489551,0.999764012755724,0.9998164324003675,2.2191130896120903e-4,4.6348340743674885e-8,4.073572631732085e-8,5.236823827543346e-8
TUR.39.3_1,2039,7,albopictus,27.15653397055233,23.902302948646167,0.0026062697302919073,0.1709304324888895,0.16967599371584505,0.1722300717602899,0.001548171752697274,0.0012972374847331355,0.0018397671500723994,0.9984518282473027,0.9981602328499276,0.9987027625152669,2.521878466162919e-4,3.9043010050489593e-7,3.271475278247842e-7,4.639669158521507e-7
TUR.39.3_1,2039,8,albopictus,24.87101459503174,42.48194297205587,0.0030947810189106075,0.24454731218663625,0.24334425826428044,0.24576304341405839,0.18259603934626328,0.17861589777959996,0.18659373877142021,0.8174039606537368,0.8134062612285797,0.8213841022204,2.994500931822186e-4,5.4678400996942595e-5,5.348654723392684e-5,5.587551246232034e-5
TUR.39.3_1,2039,9,albopictus,19.23176653244916,55.19399110595093,0.002466689918170219,0.10930810301100256,0.10877500664710571,0.10981177233268186,1.1181975925977916e-8,9.73998778852625e-9,1.2678507194108235e-8,0.9999999888180241,0.9999999873214929,0.9999999902600122,2.466385715225172e-4,2.75790656918237e-12,2.402256674808876e-12,3.127008903392813e-12
TUR.39.3_1,2039,10,albopictus,16.00618776153116,53.01857607693111,0.0024308199686564704,0.026356920750628916,0.026168822804899218,0.026558155965242473,0,0,0,1,1,1,2.3521297521766904e-4,0,0,0
TUR.39.3_1,2039,11,albopictus,8.124983088496855,72.59713923642607,0.0014099961510306896,0,0,0,0,0,0,1,1,1,1.4098967512454763e-4,0,0,0
TUR.39.3_1,2039,12,albopictus,3.690196734798305,79.04544811265752,0.001159743972718037,0,0,0,0,0,0,1,1,1,1.1222698976254275e-4,0,0,0
TUR.39.3_1,2040,1,albopictus,3.992234148194685,79.53255908000985,0.0012169261747636826,0,0,0,0,0,0,1,1,1,1.17760114903942e-4,0,0,0
TUR.39.3_1,2040,2,albopictus,3.4149575430680725,62.027320109453626,9.428082348547338e-4,0,0,0,0,0,0,1,1,1,9.752713028443605e-5,0,0,0
TUR.39.3_1,2040,3,albopictus,3.9916695612756645,64.7157640204686,0.0011174662160072831,0,0,0,0,0,0,1,1,1,1.0813604474801952e-4,0,0,0
TUR.39.3_1,2040,4,albopictus,10.273977616254022,54.220699836313784,0.0014776435394120567,0,0,0,0,0,0,1,1,1,1.477534373267586e-4,0,0,0
TUR.39.3_1,2040,5,albopictus,15.57291311376235,54.14317868615532,0.0020653549544387604,0.020358716418787014,0.02019492611713702,0.020529459392841898,0,0,0,1,1,1,1.9985308681758074e-4,0,0,0
TUR.39.3_1,2040,6,albopictus,18.478887838475842,54.0013882636357,0.002323051027365313,0.08370786064064158,0.0832968951916911,0.08416970571716713,6.252547590790414e-12,5.425213056575728e-12,7.285169689730254e-12,0.9999999999937474,0.9999999999927148,0.9999999999945748,2.3227812199544395e-4,1.4523300120759349e-15,1.2601583002065726e-15,1.6921855339486742e-15
TUR.39.3_1,2040,7,albopictus,25.664966358857995,29.774760452918628,0.0027280384209780774,0.1964211105372618,0.19509724429631004,0.19760962076495497,0.025366680345339745,0.022730565498810817,0.02784913185256765,0.9746333196546603,0.9721508681474323,0.9772694345011892,2.639688722441136e-4,6.696014003336254e-6,6.000161740192049e-6,7.351303928099904e-6
TUR.39.3_1,2040,8,albopictus,25.38461971282959,38.66450675379415,0.0032393736634297714,0.23371826632302206,0.23251674968344474,0.2349301311745778,0.14562496696955265,0.14138749059771652,0.1498811396203971,0.8543750330304474,0.8501188603796029,0.8586125094022834,3.1343864172239666e-4,4.5644491847805464e-5,4.431630300948639e-5,4.697854082242215e-5
TUR.39.3_1,2040,9,albopictus,20.588820289163028,36.21431581298218,0.0025819372381898245,0.11790787669281509,0.11730961853003351,0.11853074793456268,9.104052127340001e-8,7.892784189833524e-8,1.0500108892641522e-7,0.9999999089594788,0.9999998949989111,0.9999999210721581,2.5816039468795626e-4,2.3503056904538226e-11,2.0376042816342835e-11,2.710712255990855e-11
TUR.39.3_1,2040,10,albopictus,15.838675821528716,50.08777468532955,0.0025443913927638063,0.022813360540293297,0.022625486193879253,0.022986946063354392,0,0,0,1,1,1,2.4620111263684574e-4,0,0,0
TUR.39.3_1,2040,11,albopictus,7.417914645198514,74.02473628232451,0.0014758732101807861,0,0,0,0,0,0,1,1,1,1.475764305451932e-4,0,0,0
TUR.39.3_1,2040,12,albopictus,1.5680807353380848,75.5296476365833,0.0012139288882115056,0,0,0,0,0,0,1,1,1,1.1747008903051359e-4,0,0,0
TUR.39.3_1,2041,1,albopictus,2.6251104847692392,70.76934496868172,0.00118807203666603,0,0,0,0,0,0,1,1,1,1.1496810388667011e-4,0,0,0
TUR.39.3_1,2041,2,albopictus,-0.7205591004560975,63.71494980916066,8.887138375685139e-4,0,0,0,0,0,0,1,1,1,9.521480652208147e-5,0,0,0
TUR.39.3_1,2041,3,albopictus,4.604751731762114,68.62540147164047,0.001090970340427652,0,0,0,0,0,0,1,1,1,1.0557220174300941e-4,0,0,0
TUR.39.3_1,2041,4,albopictus,11.55520949644201,49.74658255726105,0.00144260761724235,1.220369845506524e-5,1.1568815455416591e-5,1.2821749242948857e-5,0,0,0,1,1,1,1.4425035664089592e-4,0,0,0
TUR.39.3_1,2041,5,albopictus,18.617768231560202,39.601262792600636,0.0020163839993291633,0.07125635269431949,0.07083475884272716,0.07166206615717623,6.488953818717391e-14,5.462019725399614e-14,7.605305274438478e-14,0.9999999999999352,0.999999999999924,0.9999999999999454,1.9511489803092363e-4,1.2660915626664163e-17,1.0657214217642393e-17,1.4839083631161093e-17
TUR.39.3_1,2041,6,albopictus,22.22598294650807,36.25147981637007,0.0022679699250424804,0.16175475105295967,0.16090932572960948,0.16259013202563824,4.075257061621761e-4,3.569983954369416e-4,4.6204991468275225e-4,0.9995924742938378,0.9995379500853173,0.9996430016045631,2.2677127601056224e-4,9.241512439350212e-8,8.095698166695852e-8,1.0477964873317913e-7
TUR.39.3_1,2041,7,albopictus,24.57989288778866,36.11601182620964,0.0026633547951616723,0.21161570941292202,0.21046337218517006,0.21270062892387964,0.06726394370042801,0.06345948795679111,0.07089091493794047,0.932736056299572,0.9291090850620595,0.936540512043209,2.5771079930059226e-4,1.733464469514734e-5,1.6354195364550946e-5,1.8269354351806934e-5
TUR.39.3_1,2041,8,albopictus,25.47681713104248,39.38184531580587,0.0031625659350951814,0.2381931203223655,0.23689321242103906,0.23943804662398094,0.16119281198934096,0.15671368688509343,0.16545867591715233,0.838807188010659,0.8345413240828476,0.8432863131149065,3.060079379295644e-4,4.9326280005926196e-5,4.795563216904686e-5,5.063166822996386e-5
TUR.39.3_1,2041,9,albopictus,21.29669458725873,43.20894471923218,0.0025207177696837195,0.15361981007766096,0.1528461687410424,0.15436341447262947,1.1050785916172923e-4,9.685802513102472e-5,1.248485644390701e-4,0.9998894921408382,0.9998751514355609,0.999903141974869,2.520400095472608e-4,2.7852401878169586e-8,2.4412097578752293e-8,3.146683337318503e-8
TUR.39.3_1,2041,10,albopictus,16.61784681151895,55.3734802517358,0.0024840621615057623,0.03831569311278863,0.03805451387677164,0.03856983617371074,0,0,0,1,1,1,2.4036422029471982e-4,0,0,0
TUR.39.3_1,2041,11,albopictus,7.870461718562772,78.73245417783232,0.001440879263707861,0,0,0,0,0,0,1,1,1,1.4407754620404667e-4,0,0,0
TUR.39.3_1,2041,12,albopictus,4.901251775157802,75.61650829332159,0.0011851458177939544,0,0,0,0,0,0,1,1,1,1.14684953932076e-4,0,0,0
TUR.39.3_1,2042,1,albopictus,5.278843440225019,77.02035204875985,0.0012624386840006567,0,0,0,0,0,0,1,1,1,1.221640229164267e-4,0,0,0
TUR.39.3_1,2042,2,albopictus,7.065584440879962,74.71507950886769,9.443423403025097e-4,0,0,0,0,0,0,1,1,1,1.011744179842955e-4,0,0,0
TUR.39.3_1,2042,3,albopictus,4.83329501331729,71.23432633736313,0.0011592589660793364,0,0,0,0,0,0,1,1,1,1.1218005890267779e-4,0,0,0
TUR.39.3_1,2042,4,albopictus,6.309176781598261,69.55947165638214,0.0015329067646027766,0,0,0,0,0,0,1,1,1,1.532789280448421e-4,0,0,0
TUR.39.3_1,2042,5,albopictus,14.411012593437643,60.13752911950493,0.002142598330734598,0.008864007298608817,0.008770855970838876,0.008959546144788295,0,0,0,1,1,1,2.0732673039736138e-4,0,0,0
TUR.39.3_1,2042,6,albopictus,20.3332903805901,42.133853626184525,0.0024099321246195964,0.12182595852450355,0.121176834881428,0.12242382240984423,2.2368197769462305e-7,1.9271816968369214e-7,2.552353768559001e-7,0.9999997763180223,0.9999997447646232,0.9999998072818304,2.4096417593033603e-4,5.389934342565265e-11,4.643817494463355e-11,6.150258225235074e-11
TUR.39.3_1,2042,7,albopictus,25.534751667695886,32.55197068851433,0.0028300658704720418,0.20745855622913578,0.20629378250637387,0.20869037375003202,0.05394703203307802,0.05040650617918257,0.05776797698291079,0.946052967966922,0.9422320230170892,0.9495934938208175,2.7383984132811623e-4,1.4772846692060888e-5,1.3803309654012065e-5,1.5819173650846563e-5
TUR.39.3_1,2042,8,albopictus,24.177090644836426,51.396470865122275,0.0033605248284192903,0.27241861775006504,0.27123650904569957,0.2735505597741182,0.2658574043164032,0.26266431187784806,0.26889608557889294,0.7341425956835967,0.731103914421107,0.737335688122152,3.251592044531959e-4,8.644598208551333e-5,8.540771868844719e-5,8.743403726741131e-5
TUR.39.3_1,2042,9,albopictus,21.31821329453412,45.92477266112671,0.0026785005670418986,0.1611906078912028,0.1604281454700615,0.16196386112178343,3.73510680279083e-4,3.312880631710091e-4,4.199504040581864e-4,0.9996264893197209,0.9995800495959418,0.999668711936829,2.6781418808030644e-4,1.0003145957826553e-7,8.872364365884108e-8,1.1246867649683982e-7
TUR.39.3_1,2042,10,albopictus,13.525285089717192,60.806860378688924,0.002639550523339766,0.003342569855541473,0.003295279446628026,0.0033922979975572927,0,0,0,1,1,1,2.554077511119912e-4,0,0,0
TUR.39.3_1,2042,11,albopictus,10.15883232784622,68.11824214169951,0.001531070225828839,0,0,0,0,0,0,1,1,1,1.5309530230089852e-4,0,0,0
TUR.39.3_1,2042,12,albopictus,4.636884909999721,83.6739347459583,0.0012593293002360765,0,0,0,0,0,0,1,1,1,1.218631515250701e-4,0,0,0
TUR.39.3_1,2043,1,albopictus,4.136688985040083,78.38800494182625,0.0012395929563914017,0,0,0,0,0,0,1,1,1,1.1995341369697154e-4,0,0,0
TUR.39.3_1,2043,2,albopictus,3.3681433398057434,71.70996018513722,9.272530446797954e-4,0,0,0,0,0,0,1,1,1,9.934360559860078e-5,0,0,0
TUR.39.3_1,2043,3,albopictus,7.5614196318475635,68.174725507285,0.0011382804307229044,0,0,0,0,0,0,1,1,1,1.1015010374693102e-4,0,0,0
TUR.39.3_1,2043,4,albopictus,11.747123101178339,60.99694113880402,0.0015051665100951116,4.759344833515955e-5,4.5814091703657816e-5,4.939020640106447e-5,0,0,0,1,1,1,1.5050532394667027e-4,0,0,0
TUR.39.3_1,2043,5,albopictus,15.435411397148581,60.12243054772759,0.0021038247899200146,0.02018068463885534,0.02002349728949708,0.02033375288322493,0,0,0,1,1,1,2.03575223163166e-4,0,0,0
TUR.39.3_1,2043,6,albopictus,22.255739492528576,48.17560548775679,0.002366320776540988,0.198895906398311,0.1980069383236511,0.19976316692850812,0.03073762387475975,0.028719652776946884,0.032763816654709094,0.9692623761252402,0.9672361833452909,0.9712803472230531,2.366040824922644e-4,7.272647294879851e-6,6.79518709478593e-6,7.752052778532216e-6
TUR.39.3_1,2043,7,albopictus,24.21794105978573,42.02512666385613,0.002778851570076744,0.22992843355971007,0.22868241462949596,0.2309845170319787,0.13217720138996195,0.12771639220648684,0.13594737733013787,0.8678227986100381,0.8640526226698622,0.8722836077935131,2.688849636416357e-4,3.554046198999308e-5,3.4341017474882105e-5,3.6554205610589856e-5
TUR.39.3_1,2043,8,albopictus,23.72318935394287,39.37252982508321,0.003299711074985412,0.20839363107372133,0.20738559107065324,0.20942859711573159,0.05684377122339621,0.05370920637262683,0.06011438804751023,0.9431562287766038,0.9398856119524898,0.9462907936273731,3.192758988233013e-4,1.8148846149855935e-5,1.7148055139706615e-5,1.919307527608155e-5
TUR.39.3_1,2043,9,albopictus,20.987133811501895,51.50349656859741,0.0026300290688761763,0.1641700303656059,0.16341610816111882,0.16485003662058348,5.870116202244202e-4,5.235468437872177e-4,6.48524381611243e-4,0.9994129883797755,0.9993514756183887,0.9994764531562128,2.629683246548886e-4,1.543654623233675e-7,1.3767623638907932e-7,1.7054137013015623e-7
TUR.39.3_1,2043,10,albopictus,13.260150278315825,72.42371218532955,0.002591783884823914,0.0028066434429136053,0.002767575314489351,0.0028457910968229523,0,0,0,1,1,1,2.5078634315200965e-4,0,0,0
TUR.39.3_1,2043,11,albopictus,7.280051009181668,75.42951380917998,0.0015033632062537731,0,0,0,0,0,0,1,1,1,1.5032502068701437e-4,0,0,0
TUR.39.3_1,2043,12,albopictus,3.118625861537807,78.05131511705206,0.001236539841604807,0,0,0,0,0,0,1,1,1,1.196579863738112e-4,0,0,0
TUR.39.3_1,2044,1,albopictus,5.80231264989604,79.95146624553719,0.0012643088132097506,0,0,0,0,0,0,1,1,1,1.223449810368038e-4,0,0,0
TUR.39.3_1,2044,2,albopictus,4.535628338508746,75.2802421675591,9.795177268867978e-4,0,0,0,0,0,0,1,1,1,1.0132428637044111e-4,0,0,0
TUR.39.3_1,2044,3,albopictus,7.130111839183989,67.99329087593735,0.0011609762487330162,0,0,0,0,0,0,1,1,1,1.1234622888967039e-4,0,0,0
TUR.39.3_1,2044,4,albopictus,10.348233559552362,63.478432227671206,0.001535177555059083,0,0,0,0,0,0,1,1,1,1.5350597225827212e-4,0,0,0
TUR.39.3_1,2044,5,albopictus,17.176706257988425,43.66037534142876,0.002145772295357548,0.04266453530974229,0.042378315347575,0.04293948570355013,0,0,0,1,1,1,2.0763382453481416e-4,0,0,0
TUR.39.3_1,2044,6,albopictus,19.922859472386975,64.4025113105107,0.0024135021074752406,0.15294219194702152,0.15230888328508405,0.15357054675979878,9.857156068815198e-5,8.844883040523555e-5,1.09390799823611e-4,0.9999014284393118,0.9998906092001764,0.9999115511695947,2.413210881283545e-4,2.378739628377497e-8,2.1344567997071726e-8,2.6398306844664813e-8
TUR.39.3_1,2044,7,albopictus,24.77860428305233,41.1364357153698,0.002834258223665194,0.2366887034554312,0.23549041154036213,0.23790096026417945,0.15600171222062442,0.15183853769516162,0.1601923541571093,0.8439982877793756,0.8398076458428907,0.8481614623048385,2.7424544174514676e-4,4.2782758480944404e-5,4.164102684414672e-5,4.393202293001144e-5
TUR.39.3_1,2044,8,albopictus,24.55273151397705,38.072801431528525,0.0033655029835718206,0.2193518837017002,0.21824345413557358,0.2204412810226228,0.09411838830108898,0.09016421246136536,0.09801848226295042,0.905881611698911,0.9019815177370496,0.9098357875386347,3.2564080463970413e-4,3.064878769775873e-5,2.936114669562425e-5,3.191881743366974e-5
TUR.39.3_1,2044,9,albopictus,19.500181983498965,52.39833680907593,0.0026824683970921677,0.11377778818380518,0.11324048487946228,0.11428316684410159,3.3986292619303525e-8,2.974864262150767e-8,3.8339990870994717e-8,0.9999999660137073,0.9999999616600092,0.9999999702513573,2.682108647424908e-4,9.11549293281473e-12,7.978909162429891e-12,1.0283202105728694e-11
TUR.39.3_1,2044,10,albopictus,11.145115221247954,75.36165469021236,0.002643460654259498,1.1893482434395965e-6,1.1074178284875302e-6,1.2770293114279568e-6,0,0,0,1,1,1,2.5578605416065603e-4,0,0,0
TUR.39.3_1,2044,11,albopictus,7.9203951520954865,77.22603785703154,0.0015333382957056448,0,0,0,0,0,0,1,1,1,1.5332207453977453e-4,0,0,0
TUR.39.3_1,2044,12,albopictus,3.8781714261892963,74.95502452867315,0.0012611948233209487,0,0,0,0,0,0,1,1,1,1.2204366400037081e-4,0,0,0
TUR.39.3_1,2045,1,albopictus,4.143538035561933,82.10343615520516,0.001204707245579745,0,0,0,0,0,0,1,1,1,1.1657777643570011e-4,0,0,0
TUR.39.3_1,2045,2,albopictus,2.2375222641755554,72.41014786824269,9.01157477260555e-4,0,0,0,0,0,0,1,1,1,9.654792579838478e-5,0,0,0
TUR.39.3_1,2045,3,albopictus,4.564749147304717,72.48225114205063,0.0011062459457542523,0,0,0,0,0,0,1,1,1,1.0705032897107003e-4,0,0,0
TUR.39.3_1,2045,4,albopictus,10.674039223614862,73.67156272083527,0.00146280679570352,3.068580831376531e-11,1.789317897309523e-11,5.7807076303389425e-11,0,0,0,1,1,1,1.4626998107336586e-4,0,0,0
TUR.39.3_1,2045,5,albopictus,14.238710347343893,67.04593823815728,0.002044617109817346,0.00832485646360874,0.008237993658423098,0.00841099183940034,0,0,0,1,1,1,1.978465976978372e-4,0,0,0
TUR.39.3_1,2045,6,albopictus,19.03449944888844,53.74205751412398,0.0022997257044470496,0.10058888125567945,0.10008833484078819,0.10106564458994043,1.1002404050053371e-9,9.546338164412305e-10,1.2529975779163038e-9,0.9999999988997595,0.9999999987470025,0.9999999990453662,2.299461287801341e-4,2.5299602185846417e-13,2.1951435049326604e-13,2.881219424127385e-13
TUR.39.3_1,2045,7,albopictus,25.653505100923425,28.051722733192065,0.0027006466950309674,0.18933039963775655,0.18813415131973515,0.19049055798730813,0.013500693036917435,0.011980990716459644,0.015071916169990795,0.9864993069630825,0.9849280838300092,0.9880190092835404,2.613187562751085e-4,3.5279843132592815e-6,3.1308575929688548e-6,3.938574388224691e-6
TUR.39.3_1,2045,8,albopictus,23.335375785827637,45.4340990389504,0.0032068477155008045,0.22222994280807293,0.2212302391223251,0.22324710659507876,0.10445539648495519,0.10085387937520561,0.10812425291879738,0.8955446035150448,0.8918757470812027,0.8991461206247944,3.1029195099196993e-4,3.2411668766956505e-5,3.129414699644135e-5,3.355008538772284e-5
TUR.39.3_1,2045,9,albopictus,20.196226905373965,43.56067888060913,0.002556012487021629,0.12039273528713106,0.1197714372096642,0.12103188150732995,1.616643949547969e-7,1.398536523672389e-7,1.8648581437685772e-7,0.999999838335605,0.9999998135141857,0.9999998601463477,2.555685854859213e-4,4.1316340742034756e-11,3.5742200110535015e-11,4.765991579348362e-11
TUR.39.3_1,2045,10,albopictus,14.929728830561919,51.63576357693111,0.0025188436324401872,0.012251539608428159,0.012132211968483252,0.012375319563232968,0,0,0,1,1,1,2.437293543777752e-4,0,0,0
TUR.39.3_1,2045,11,albopictus,8.642232672694853,74.77298915097685,0.0014610542420185053,0,0,0,0,0,0,1,1,1,1.4609475132409955e-4,0,0,0
TUR.39.3_1,2045,12,albopictus,5.087021333110683,84.42681102769659,0.0012017400542238788,0,0,0,0,0,0,1,1,1,1.1629066231899632e-4,0,0,0
TUR.39.3_1,2046,1,albopictus,2.99613235156764,84.58184496868172,0.0012498398127865668,0,0,0,0,0,0,1,1,1,1.2094492551983915e-4,0,0,0
TUR.39.3_1,2046,2,albopictus,2.922252197914264,68.31603928669972,9.349180033598393e-4,0,0,0,0,0,0,1,1,1,1.0016476924878948e-4,0,0,0
TUR.39.3_1,2046,3,albopictus,5.331630851635161,72.9988450751561,0.00114768980664014,0,0,0,0,0,0,1,1,1,1.1106058779752903e-4,0,0,0
TUR.39.3_1,2046,4,albopictus,10.227288582745722,64.68446402698761,0.0015176086791153806,0,0,0,0,0,0,1,1,1,1.5174935281359048e-4,0,0,0
TUR.39.3_1,2046,5,albopictus,14.233403149773093,64.72412274743462,0.002121215652292818,0.007999263051763888,0.007915754613732685,0.008080329947799112,0,0,0,1,1,1,2.0525786581415684e-4,0,0,0
TUR.39.3_1,2046,6,albopictus,20.53366307651295,44.10197038643843,0.0023858815114234273,0.13184412596847403,0.13119861844782763,0.1324798711563831,1.92875065071052e-6,1.6851838102849293e-6,2.192210610207912e-6,0.9999980712493493,0.9999978077893898,0.9999983148161897,2.385596912528598e-4,4.601221597372541e-10,4.0201692948589065e-10,5.229730863324429e-10
TUR.39.3_1,2046,7,albopictus,26.107784046846277,34.74045869510613,0.002801822411299454,0.22060478186922888,0.21930410529846217,0.22186726214611854,0.09860790852577192,0.09394503864652774,0.10314745966092326,0.901392091474228,0.8968525403390768,0.9060549613534722,2.711073480787807e-4,2.6733328580017012e-5,2.5469190292618695e-5,2.7964034249735913e-5
TUR.39.3_1,2046,8,albopictus,24.151179313659668,48.00054725062032,0.0033269875009739403,0.2552878575727987,0.2541727913337888,0.25641620077822497,0.21671001788327174,0.21329441219136636,0.22014550430518987,0.7832899821167283,0.7798544956948101,0.7867055878086336,3.2191470669051814e-4,6.976214184379036e-5,6.866260813931018e-5,7.08680754476414e-5
TUR.39.3_1,2046,9,albopictus,18.20040495255414,65.38517991820679,0.0026517696975599156,0.08862062346462031,0.08822776221012353,0.08902022011708789,3.1288699076093e-11,2.7541494085348007e-11,3.5441799495217194e-11,0.9999999999687113,0.9999999999645582,0.9999999999724585,2.65141813450942e-4,8.295942413556111e-15,7.302401686937564e-15,9.397102990126569e-15
TUR.39.3_1,2046,10,albopictus,14.16784509490518,63.79458468288814,0.0026132083670607335,0.007385388836409193,0.007299183075499783,0.007470740783337284,0,0,0,1,1,1,2.52859158029195e-4,0,0,0
TUR.39.3_1,2046,11,albopictus,8.68628765774124,72.9515398711917,0.0015157904686102022,0,0,0,0,0,0,1,1,1,1.515675593377619e-4,0,0,0
TUR.39.3_1,2046,12,albopictus,3.9408526243094135,78.21815471666143,0.0012467614600147005,0,0,0,0,0,0,1,1,1,1.2064705639858175e-4,0,0,0
TUR.39.3_1,2047,1,albopictus,0.5146056787275217,82.30636279094735,0.0012522355546552486,0,0,0,0,0,0,1,1,1,1.2117674343958829e-4,0,0,0
TUR.39.3_1,2047,2,albopictus,3.2420234877397034,72.03926011189503,9.36710090778978e-4,0,0,0,0,0,0,1,1,1,1.0035675936403976e-4,0,0,0
TUR.39.3_1,2047,3,albopictus,6.069306041607085,72.89084336617172,0.0011498897433791506,0,0,0,0,0,0,1,1,1,1.112734612341848e-4,0,0,0
TUR.39.3_1,2047,4,albopictus,9.85749278349035,71.41200308948761,0.0015205176908268296,0,0,0,0,0,0,1,1,1,1.520402097983098e-4,0,0,0
TUR.39.3_1,2047,5,albopictus,15.417150441338034,61.75652478600884,0.002125281681474086,0.020386784271075337,0.02022361396166241,0.020539843004695805,0,0,0,1,1,1,2.0565127166538577e-4,0,0,0
TUR.39.3_1,2047,6,albopictus,20.59850911533131,47.61237306588179,0.0023904548624818214,0.1413797826027831,0.14073222000023985,0.14206377474622195,1.2568325283694893e-5,1.1100508094463723e-5,1.4258789622126345e-5,0.9999874316747163,0.9999857412103779,0.9999888994919056,2.3901691715244588e-4,3.004042363077893e-9,2.653209223564491e-9,3.4080919378059277e-9
TUR.39.3_1,2047,7,albopictus,25.501390232759363,27.481795517615893,0.002807193054153593,0.18623974676696364,0.18501166332950125,0.18732486426859554,0.009884915945795002,0.008664787115641287,0.011039711838867,0.990115084054205,0.988960288161133,0.9913352128843588,0.00027162694666960085,2.6850095364419466e-6,2.3535896677637405e-6,2.9986832189036877e-6
TUR.39.3_1,2047,8,albopictus,24.738776206970215,40.68917258631368,0.0033333648008255857,0.2339750139589258,0.23282906510631987,0.23511858859999343,0.1465285465584622,0.1424920501008859,0.15054017202656825,0.8534714534415377,0.8494598279734318,0.857507949899114,3.2253166587803417e-4,4.72600962201879e-5,4.5958198293415036e-5,4.8553972465294896e-5
TUR.39.3_1,2047,9,albopictus,20.11674768784467,46.046995561517335,0.00265685271349968,0.12258830373067832,0.12200725586167609,0.12320648801529002,2.6540441772349157e-7,2.324548477511401e-7,3.039475473420872e-7,0.9999997345955822,0.9999996960524526,0.9999997675451523,2.656499801437784e-4,7.050467829831659e-11,6.17516256894154e-11,8.07436599161756e-11
TUR.39.3_1,2047,10,albopictus,13.877900446162505,65.13246767849361,0.002618217467133005,0.005521704315466832,0.005456192929467784,0.00559034978439557,0,0,0,1,1,1,2.533437869577382e-4,0,0,0
TUR.39.3_1,2047,11,albopictus,9.358851210597685,73.39736354062529,0.001518695995104595,0,0,0,0,0,0,1,1,1,1.5185806790662948e-4,0,0,0
TUR.39.3_1,2047,12,albopictus,5.785917025936,85.30095653550909,0.0012491513011763104,0,0,0,0,0,0,1,1,1,1.2087830342033534e-4,0,0,0
TUR.39.3_1,2048,1,albopictus,2.0678775125347517,76.62006060588875,0.0012702333183813236,0,0,0,0,0,0,1,1,1,1.22918249937487e-4,0,0,0
TUR.39.3_1,2048,2,albopictus,0.2930585343171569,74.12068863972706,9.841077113731478e-4,0,0,0,0,0,0,1,1,1,1.0179906412766115e-4,0,0,0
TUR.39.3_1,2048,3,albopictus,4.488333131679717,67.3295335517186,0.0011664165412610973,0,0,0,0,0,0,1,1,1,1.1287264952519749e-4,0,0,0
TUR.39.3_1,2048,4,albopictus,9.397581913891962,64.31150107532746,0.0015423713413154172,0,0,0,0,0,0,1,1,1,1.542252401962596e-4,0,0,0
TUR.39.3_1,2048,5,albopictus,16.44523805730483,57.46820233727837,0.0021558273063865306,0.03600908739194927,0.03576052680717669,0.03624198197434314,0,0,0,1,1,1,2.0860668760369627e-4,0,0,0
TUR.39.3_1,2048,6,albopictus,24.743252081029553,28.96474809639937,0.002424811690678286,0.18566010467173374,0.18454096103768286,0.1867536643599147,0.00929838045075129,0.008235674744816967,0.010410677230676412,0.9907016195492487,0.9895893227693235,0.991764325255183,2.4245177288517716e-4,2.254408825245523e-6,1.9967539427865523e-6,2.5240871515128426e-6
TUR.39.3_1,2048,7,albopictus,23.27486778708065,56.15135499637566,0.0028475394547443707,0.26589413888780494,0.26480694447727027,0.2669625026765492,0.24786620871074092,0.24478672514177852,0.25087445270276915,0.7521337912892591,0.7491255472972309,0.7552132748582215,2.755303688640742e-4,6.829466791501005e-5,6.744617667134299e-5,6.912353049176673e-5
TUR.39.3_1,2048,8,albopictus,26.593867301940918,32.317117532602744,0.003381273608297987,0.20995712971394093,0.20862558544955767,0.21143385600919715,0.06182954697926625,0.057563722014251674,0.06665175833841043,0.9381704530207338,0.9333482416615896,0.9424362779857482,3.2716649597552827e-4,2.0228556232960848e-5,1.8832921226712097e-5,2.1806222226185442e-5
TUR.39.3_1,2048,9,albopictus,19.970818351296817,44.61070100585327,0.002695038346557921,0.11542553527744934,0.11483663949868463,0.1159973779583444,5.060113015331602e-8,4.382144818682043e-8,5.7861543881210226e-8,0.9999999493988698,0.9999999421384561,0.9999999561785518,2.694675217596032e-4,1.3635361140649198e-11,1.180845704281936e-11,1.5591806834854254e-11
TUR.39.3_1,2048,10,albopictus,15.825951898799223,51.99942248196041,0.0026558478148593283,0.023260674779168915,0.0230883892235486,0.023436700638939288,0,0,0,1,1,1,2.5698450429423314e-4,0,0,0
TUR.39.3_1,2048,11,albopictus,9.718198554042509,81.23766505429717,0.0015405234632594612,0,0,0,0,0,0,1,1,1,1.5404048087253042e-4,0,0,0
TUR.39.3_1,2048,12,albopictus,3.705272418392055,81.43383770005987,0.0012671047364490214,0,0,0,0,0,0,1,1,1,1.226155211135893e-4,0,0,0
TUR.39.3_1,2049,1,albopictus,3.186840929200544,72.0335966776661,0.0014018105348875334,0,0,0,0,0,0,1,1,1,1.3564988274394896e-4,0,0,0
TUR.39.3_1,2049,2,albopictus,4.286417265586993,80.0870048628716,0.0010485967025197062,0,0,0,0,0,0,1,1,1,1.1234333571330524e-4,0,0,0
TUR.39.3_1,2049,3,albopictus,7.078853275188628,76.87607285835922,0.0012872398888816037,0,0,0,0,0,0,1,1,1,1.2456384342995896e-4,0,0,0
TUR.39.3_1,2049,4,albopictus,12.906957009259393,57.55745368152863,0.0017021379959705183,0.0012056283789601727,0.0011840445809638547,0.0012266985691012872,0,0,0,1,1,1,1.7019931405015676e-4,0,0,0
TUR.39.3_1,2049,5,albopictus,17.5608252918019,45.21426175500298,0.002379138844619435,0.05169044768926917,0.05135988944248104,0.05202778695026458,0,0,0,1,1,1,2.3021274000722958e-4,0,0,0
TUR.39.3_1,2049,6,albopictus,22.354641241185803,38.62726564400679,0.002675985997157458,0.17193709964669998,0.1711207897838565,0.17279009073278506,0.0017711198363776202,0.0015831460150125237,0.001982932475800045,0.9982288801636224,0.9980170675241999,0.9984168539849875,2.6756279840400854e-4,4.738857797300458e-7,4.2359097805890537e-7,5.305589622712489e-7
TUR.39.3_1,2049,7,albopictus,25.595096363740808,33.21789094608269,0.0031425020493520473,0.2107469231637184,0.2094933517733998,0.2120039923481745,0.06439814839319505,0.06032184083863397,0.06855005775827241,0.935601851606805,0.9314499422417276,0.939678159161366,3.040668638482069e-4,1.9581343019550265e-5,1.8341872965354124e-5,2.0843801079171337e-5
TUR.39.3_1,2049,8,albopictus,25.38752269744873,47.749742349497275,0.0037315230964728827,0.28029779365766117,0.279023126412742,0.28157948919999237,0.28648079816002603,0.28322653300685235,0.28973110556956266,0.713519201839974,0.7102688944304373,0.7167734669931477,3.610499441445425e-4,1.0343387617416134e-4,1.0225892392237647e-4,1.0460739948282714e-4
TUR.39.3_1,2049,9,albopictus,23.952120612649356,31.958082597650147,0.0029742041020818497,0.18551095752439317,0.1845386682397196,0.1865284853269866,0.009150619004438374,0.00823362783001389,0.010170552774696763,0.9908493809955616,0.9898294472253032,0.9917663721699861,2.973761851425838e-4,2.7211761712331115e-6,2.448484833973341e-6,3.024480184930644e-6
TUR.39.3_1,2049,10,albopictus,15.396000231013579,50.29432528347408,0.0029309540161268233,0.01705453547970914,0.01691283683467358,0.017186310909367945,0,0,0,1,1,1,2.8360048901454604e-4,0,0,0
TUR.39.3_1,2049,11,albopictus,7.71104361248367,73.70921504209014,0.0017000987053232479,0,0,0,0,0,0,1,1,1,1.6999541967321896e-4,0,0,0
TUR.39.3_1,2049,12,albopictus,3.9976405919912983,80.595733452013,0.0013983578785538538,0,0,0,0,0,0,1,1,1,1.3531579998027343e-4,0,0,0
TUR.39.3_1,2050,1,albopictus,0.48894468705882055,77.55985705364266,0.001251081359427551,0,0,0,0,0,0,1,1,1,0.00012106506065601152,0,0,0
TUR.39.3_1,2050,2,albopictus,3.6758716303636048,80.20402451619191,9.358467178197179e-4,0,0,0,0,0,0,1,1,1,1.0026426439757596e-4,0,0,0
TUR.39.3_1,2050,3,albopictus,5.880498554119292,76.9976014838475,0.0011488298810798786,0,0,0,0,0,0,1,1,1,1.1117090532264395e-4,0,0,0
TUR.39.3_1,2050,4,albopictus,12.85025344175451,52.99565940052277,0.0015191162178724337,9.91656873311192e-4,9.720938206889806e-4,0.0010113501401982645,0,0,0,1,1,1,1.519000838010598e-4,0,0,0
TUR.39.3_1,2050,5,albopictus,14.201909009148093,58.03411267663384,0.0021233227928567234,0.006997861135695618,0.006921380273989831,0.0070744247610939875,0,0,0,1,1,1,2.0546174076652157e-4,0,0,0
TUR.39.3_1,2050,6,albopictus,22.280418676488537,42.36180086129195,0.00238825156168586,0.1811164201047494,0.18025565387539372,0.18195822102966527,0.005612826450129768,0.005069554398183993,0.006177404814592674,0.9943871735498703,0.9938225951854074,0.994930445601816,2.387966397111585e-4,1.340324095572899e-6,1.210592555119262e-6,1.4751435118602626e-6
TUR.39.3_1,2050,7,albopictus,24.906862034517175,36.109984604529956,0.0028046056425326043,0.21624573042441733,0.21504551659363413,0.2173894003368002,0.08311347833963888,0.0789217991473173,0.08713602862397402,0.9168865216603611,0.9128639713760259,0.9210782008526827,2.7137661997922446e-4,2.2555054826527683e-5,2.1417531095278207e-5,2.3646680926387023e-5
TUR.39.3_1,2050,8,albopictus,28.22590732574463,29.497585138193564,0.0033302924126227544,0.18509576153505108,0.1836269223770134,0.1865603683760348,0.00876429357653289,0.007451462328818067,0.010204284544483194,0.9912357064234671,0.9897957154555168,0.9925485376711819,3.2223443384093997e-4,2.8241571786498626e-6,2.401117744813782e-6,3.288171852943396e-6
TUR.39.3_1,2050,9,albopictus,21.773464988259708,38.424131791986085,0.002654403871737268,0.1554932894905787,0.1546964629507396,0.15621573568709216,1.5075227772888588e-4,1.319346879703448e-4,1.6931640535816915e-4,0.9998492477222711,0.9998306835946419,0.9998680653120297,2.6540516099105016e-4,4.0010432540402465e-8,3.5016147101073336e-8,4.4937447822510795e-8
TUR.39.3_1,2050,10,albopictus,11.422150934443755,71.34392397732174,0.0026158042357769667,1.0828482050802963e-5,1.027434126581176e-5,1.1399920487650516e-5,0,0,0,1,1,1,2.531103075776864e-4,0,0,0
TUR.39.3_1,2050,11,albopictus,7.6878888769184845,78.74711787412139,0.001517296201221282,0,0,0,0,0,0,1,1,1,1.5171810976544187e-4,0,0,0
TUR.39.3_1,2050,12,albopictus,5.097330075633876,71.02355175035284,0.001247999948728977,0,0,0,0,0,0,1,1,1,1.2076689567797061e-4,0,0,0
TUR.39.3_1,2051,1,albopictus,3.063815631081953,80.47721545208016,0.0012696749050733964,0,0,0,0,0,0,1,1,1,1.2286421658092017e-4,0,0,0
TUR.39.3_1,2051,2,albopictus,1.8517065841485474,69.42476578816456,9.497552526517432e-4,0,0,0,0,0,0,1,1,1,1.0175431403414148e-4,0,0,0
TUR.39.3_1,2051,3,albopictus,6.364767696270171,71.95517442085922,0.0011659037673401168,0,0,0,0,0,0,1,1,1,1.1282303184234621e-4,0,0,0
TUR.39.3_1,2051,4,albopictus,12.21237788480871,56.91280799061066,0.0015416932921174529,2.371089205930787e-4,2.311153568038704e-4,2.4384997332063947e-4,0,0,0,1,1,1,1.5415744573143986e-4,0,0,0
TUR.39.3_1,2051,5,albopictus,13.399167004753561,73.41996930505181,0.002154879572895322,0.003473521249267702,0.0034270496822031565,0.0035197814193717765,0,0,0,1,1,1,2.0851499058771594e-4,0,0,0
TUR.39.3_1,2051,6,albopictus,19.37001256381764,66.16023225777633,0.0024237457076831167,0.1334939294962581,0.13293892890039963,0.1340588320031234,2.6978744014368727e-6,2.40705366441607e-6,3.018749158137379e-6,0.9999973021255986,0.9999969812508419,0.9999975929463356,2.4234520042498708e-4,6.53816912537661e-10,5.833379027366121e-10,7.315793697615641e-10
TUR.39.3_1,2051,7,albopictus,24.72124458761776,42.85844728153191,0.0028462876343871442,0.2436576914085744,0.24248294152122435,0.2449173846835303,0.17965276175889416,0.17574339162133706,0.1838195151441207,0.8203472382411058,0.8161804848558792,0.8242566083786629,2.7540925833002827e-4,4.947803387295831e-5,4.8401357142836145e-5,5.062559633242768e-5
TUR.39.3_1,2051,8,albopictus,23.86434841156006,44.86624701868673,0.003379787150532084,0.23394573813286385,0.23289300473447483,0.2350099976093195,0.14642594094511974,0.14271799511685518,0.15016050959503752,0.8535740590548803,0.8498394904049625,0.8572820048831449,3.270226922768016e-4,4.788460542703701e-5,4.66720229994614e-5,4.910589412142567e-5
TUR.39.3_1,2051,9,albopictus,17.973721335915958,65.64936296264038,0.0026938535679378725,0.08147569149650886,0.08104532039908131,0.08186829901448303,2.9092034337097063e-12,2.498035112097341e-12,3.3252456344001755e-12,0.9999999999970908,0.9999999999966748,0.999999999997502,2.693490758164385e-4,7.835912562317189e-16,6.728434488004321e-16,8.956518384883342e-16
TUR.39.3_1,2051,10,albopictus,16.44276651214151,50.68080752224361,0.0026546802649752357,0.032693458070208,0.03247500549289315,0.032932473197729614,0,0,0,1,1,1,2.5687154462572526e-4,0,0,0
TUR.39.3_1,2051,11,albopictus,8.007986323360136,67.91750514218779,0.0015398462264159542,0,0,0,0,0,0,1,1,1,1.5397276761808243e-4,0,0,0
TUR.39.3_1,2051,12,albopictus,6.02562354220187,76.06835918443487,0.001266547698511871,0,0,0,0,0,0,1,1,1,1.225616208249125e-4,0,0,0
TUR.39.3_1,2052,1,albopictus,2.7856355087064646,74.87379137981453,0.0012603260559568993,0,0,0,0,0,0,1,1,1,1.2195959999650174e-4,0,0,0
TUR.39.3_1,2052,2,albopictus,4.763342161827228,71.73791428669972,9.764321031133223e-4,0,0,0,0,0,0,1,1,1,1.0100511620314556e-4,0,0,0
TUR.39.3_1,2052,3,albopictus,6.9488293188898,70.96703049996079,0.001157319004136824,0,0,0,0,0,0,1,1,1,1.1199234169301242e-4,0,0,0
TUR.39.3_1,2052,4,albopictus,12.020055153790643,58.20937781482941,0.0015303415217435329,1.318764439867526e-4,1.277814784131753e-4,1.361559903959e-4,0,0,0,1,1,1,1.530224430458249e-4,0,0,0
TUR.39.3_1,2052,5,albopictus,16.509879056145163,49.86467145348931,0.0021390127995104804,0.033504357824958156,0.033267496627093184,0.03374556263551665,0,0,0,1,1,1,2.069798153840896e-4,0,0,0
TUR.39.3_1,2052,6,albopictus,20.504987997167248,52.288421344690384,0.0024058992236521692,0.14857305702991241,0.14786057433559718,0.1492588478618913,4.649344491744212e-5,4.092946376562934e-5,5.233470629451564e-5,0.9999535065550825,0.9999476652937055,0.9999590705362343,2.4056098293068207e-4,1.11845088091734e-8,9.846032034285528e-9,1.2589688387597235e-8
TUR.39.3_1,2052,7,albopictus,26.469367756563074,32.25377198856316,0.0028253298966782947,0.20966540557882743,0.20836241725057172,0.21097361459511915,0.06088814487120067,0.05673689496596672,0.06513152825461814,0.9391118551287994,0.9348684717453819,0.9432631050340333,2.7338164668477827e-4,1.6645701308470177e-5,1.5510825773577287e-5,1.7805764445343665e-5
TUR.39.3_1,2052,8,albopictus,24.333788871765137,40.51532538782735,0.0033549011580705935,0.2258018314966147,0.22469304418682295,0.22688136184187196,0.1173469802134606,0.113345160712742,0.12123993455303352,0.8826530197865394,0.8787600654469665,0.886654839287258,3.246151551025145e-4,3.809260818280421e-5,3.679355692488617e-5,3.9356320159551676e-5
TUR.39.3_1,2052,9,albopictus,20.312241385964786,51.243040483392335,0.00267401823020854,0.13945157965284719,0.13879656810585808,0.14006286396268888,8.71586415088177e-6,7.671257710206714e-6,9.776268451119896e-6,0.9999912841358491,0.9999902237315489,0.9999923287422898,2.673660743398587e-4,2.3303263825007644e-9,2.051034059227342e-9,2.613842517468537e-9
TUR.39.3_1,2052,10,albopictus,13.664164865718169,70.0685257229272,0.002635133367457905,0.004639468697292145,0.004578280505645406,0.004698908040488001,0,0,0,1,1,1,2.5498039350069224e-4,0,0,0
TUR.39.3_1,2052,11,albopictus,6.6276753110920685,72.23856532285185,0.0015285080563254474,0,0,0,0,0,0,1,1,1,1.5283912454333581e-4,0,0,0
TUR.39.3_1,2052,12,albopictus,1.4983912044588257,80.62552623765752,0.0012572218755906488,0,0,0,0,0,0,1,1,1,1.2165923203699691e-4,0,0,0
TUR.39.3_1,2053,1,albopictus,-4.227330885717974,78.5202910136036,0.0012622172040499722,0,0,0,0,0,0,1,1,1,1.22142591990948e-4,0,0,0
TUR.39.3_1,2053,2,albopictus,1.4045508701135132,81.32533188923878,9.441766665968397e-4,0,0,0,0,0,0,1,1,1,1.0115666902588138e-4,0,0,0
TUR.39.3_1,2053,3,albopictus,7.156078960308257,64.99374101021469,0.0011590555877910346,0,0,0,0,0,0,1,1,1,1.1216037934047574e-4,0,0,0
TUR.39.3_1,2053,4,albopictus,11.645881989422968,51.478539039194644,0.0015326378342230826,2.162342186387757e-5,2.0641296000436406e-5,2.259142982698837e-5,0,0,0,1,1,1,1.5325203912863739e-4,0,0,0
TUR.39.3_1,2053,5,albopictus,15.15985101812026,55.33810208703423,0.0021422224371734746,0.015459075526056227,0.015328112900508091,0.015584424734286725,0,0,0,1,1,1,2.0729036114230937e-4,0,0,0
TUR.39.3_1,2053,6,albopictus,23.20440511142506,27.30991716378218,0.0024095093305030353,0.15752866266943277,0.15659630347643205,0.15839180360282556,2.099319144285745e-4,1.801244517312256e-4,2.4039460806770107e-4,0.9997900680855715,0.9997596053919323,0.9998198755482688,2.4092190670554903e-4,5.057719710247833e-8,4.33959263553785e-8,5.79163273374037e-8
TUR.39.3_1,2053,7,albopictus,26.394283070283777,29.758895126990893,0.002829569368853888,0.19841556283029274,0.1971142993751643,0.19969908992068655,0.02965429416925915,0.0267871141182441,0.032610703740924916,0.9703457058307409,0.9673892962590751,0.9732128858817559,2.737918059407818e-4,8.119102754500658e-6,7.3340923503758635e-6,8.928543470227642e-6
TUR.39.3_1,2053,8,albopictus,25.654786109924316,39.745958169809775,0.0033599352640446356,0.24181693246271554,0.2404329423891906,0.24300023965467127,0.1735063194950443,0.1688410751191997,0.17747056510805284,0.8264936805049556,0.8225294348919472,0.8311589248808002,3.2510216838643746e-4,5.6407280696588915e-5,5.48905996339492e-5,5.7696065541394406e-5
TUR.39.3_1,2053,9,albopictus,21.521738837747012,51.63784639159546,0.0026780306557654026,0.18400201850586634,0.18316921505096803,0.18485094819062445,0.007772085265458702,0.007082279172304928,0.008516297869021902,0.9922279147345413,0.9914837021309781,0.9929177208276951,2.677672095364736e-4,2.081109583811419e-6,1.8964021311263764e-6,2.2803853159694114e-6
TUR.39.3_1,2053,10,albopictus,14.73558648894815,60.69934695095455,0.0026390874453882203,0.011931486218842841,0.011819917414576317,0.012040452087463144,0,0,0,1,1,1,2.5536294856154385e-4,0,0,0
TUR.39.3_1,2053,11,albopictus,9.025199191096952,81.97718989560576,0.0015308016176481733,0,0,0,0,0,0,1,1,1,1.5306844559470623e-4,0,0,0
TUR.39.3_1,2053,12,albopictus,4.538625937831752,78.15029125230596,0.0012591083657900342,0,0,0,0,0,0,1,1,1,1.2184177337748459e-4,0,0,0
TUR.39.3_1,2054,1,albopictus,3.212236084153547,83.62373797405282,0.0012035777934121278,0,0,0,0,0,0,1,1,1,1.1646848734925275e-4,0,0,0
TUR.39.3_1,2054,2,albopictus,5.257176657371661,78.03702469929738,9.003126128590241e-4,0,0,0,0,0,0,1,1,1,9.645741334796121e-5,0,0,0
TUR.39.3_1,2054,3,albopictus,5.268307353862944,78.65539262154282,0.0011052088042529172,0,0,0,0,0,0,1,1,1,1.0694997117821625e-4,0,0,0
TUR.39.3_1,2054,4,albopictus,8.881639817181757,75.61789755970246,0.0014614353668254462,0,0,0,0,0,0,1,1,1,1.4613285823605882e-4,0,0,0
TUR.39.3_1,2054,5,albopictus,12.373607579399557,69.8842484798565,0.002042700214874526,4.931878726270796e-4,4.821234049106228e-4,5.043986060653655e-4,0,0,0,1,1,1,1.976611284201235e-4,0,0,0
TUR.39.3_1,2054,6,albopictus,20.292211813085217,46.554534625940384,0.002297569636911685,0.12915319090041638,0.1285333402675522,0.129706282226942,1.102333615999429e-6,9.653001921489102e-7,1.2356257839463146e-6,0.999998897666384,0.9999987643742161,0.9999990346998079,2.2973057158126586e-4,2.532397316767925e-10,2.217589648898749e-10,2.8386101760653654e-10
TUR.39.3_1,2054,7,albopictus,26.43844772787655,25.042845932654956,0.002698114751046349,0.17843474782950547,0.17724013169658778,0.17965573292746143,0.004085446802181741,0.0035180981624900187,0.004721430881101187,0.9959145531978183,0.9952785691188988,0.99648190183751,2.6107379343798254e-4,1.0666030945346621e-6,9.18483232968465e-7,1.2326418705843235e-6
TUR.39.3_1,2054,8,albopictus,26.859732627868652,34.329889139048056,0.0032038411916197698,0.21923439147881693,0.21775171803785595,0.22063072051787347,0.09370047358962084,0.08841873352132583,0.0986986934991199,0.9062995264103791,0.9013013065008801,0.9115812664786742,3.100010873062775e-4,2.90472486938956e-5,2.7409903529855014e-5,3.059670230043619e-5
TUR.39.3_1,2054,9,albopictus,17.30109197953168,59.18592302123413,0.002553616142304258,0.05617678292648775,0.05583710908481713,0.05650834547475021,1.1080025785759062e-16,1.1102230246251565e-16,1.1102230246251565e-16,0.9999999999999999,0.9999999999999999,0.9999999999999999,2.5532901222857785e-4,2.8290520393450336e-20,2.834721482309653e-20,2.834721482309653e-20
TUR.39.3_1,2054,10,albopictus,11.723707521662993,67.90884249538814,0.0025164821347311074,5.2110883529105605e-5,5.0318992917614355e-5,5.393831631757434e-5,0,0,0,1,1,1,2.435008780152792e-4,0,0,0
TUR.39.3_1,2054,11,albopictus,9.22409464550369,78.52150141904326,0.0014596844562164283,0,0,0,0,0,0,1,1,1,1.4595779274639842e-4,0,0,0
TUR.39.3_1,2054,12,albopictus,2.664439422023647,75.97934703843877,0.001200613383894522,0,0,0,0,0,0,1,1,1,1.1618164238003104e-4,0,0,0
TUR.39.3_1,2055,1,albopictus,4.839411534478559,84.51115862834969,0.0012962847422576837,0,0,0,0,0,0,1,1,1,1.2543904240636117e-4,0,0,0
TUR.39.3_1,2055,2,albopictus,4.145858545951984,77.33718796834034,9.696602161483035e-4,0,0,0,0,0,0,1,1,1,1.0388676941175401e-4,0,0,0
TUR.39.3_1,2055,3,albopictus,4.474178697475615,71.32244584419907,0.0011903387697942878,0,0,0,0,0,0,1,1,1,1.1518743991356661e-4,0,0,0
TUR.39.3_1,2055,4,albopictus,12.482700684491327,49.79613547474152,0.0015740040886271956,4.176386812737208e-4,4.071665267412306e-4,4.277490417084865e-4,0,0,0,1,1,1,1.5738802206821667e-4,0,0,0
TUR.39.3_1,2055,5,albopictus,14.898448887993307,67.50046704675103,0.0022000415229010807,0.015038484080335165,0.014903938230024852,0.01517733286613627,0,0,0,1,1,1,2.1288458101287322e-4,0,0,0
TUR.39.3_1,2055,6,albopictus,21.162563604467053,37.0059048651982,0.002474542552135071,0.13515310028681257,0.1344502400014106,0.135865640367236,3.7672698302009255e-6,3.265577721331403e-6,4.328869068329078e-6,0.9999962327301698,0.9999956711309317,0.9999967344222787,2.4742364093455205e-4,9.321116177712046e-10,8.079811295665737e-10,1.0710645460149424e-9
TUR.39.3_1,2055,7,albopictus,23.273189320283777,46.694979874305346,0.002905940109385312,0.22547877710110906,0.22447389136579649,0.2264584500649518,0.11618139285940997,0.11255380776088708,0.11971580133519326,0.88381860714059,0.8802841986648068,0.8874461922391129,2.811804719449196e-4,3.2667938875427e-5,3.164793278540398e-5,3.366174551869388e-5
TUR.39.3_1,2055,8,albopictus,25.06246852874756,36.16958793055196,0.0034506207044078347,0.21854689981185837,0.2174201036384053,0.21973447697119133,0.09124718988298786,0.0872446095914773,0.0954845287903598,0.9087528101170121,0.9045154712096402,0.9127553904085226,3.33875287147678e-4,3.046518172360127e-5,2.912881907944155e-5,3.187992446804211e-5
TUR.39.3_1,2055,9,albopictus,21.79484255173627,42.986631791986085,0.0027503113309090906,0.16839468691317439,0.16760414322223127,0.16920763455988228,0.0010852778472031338,9.683171440967864e-4,0.001215100092541757,0.9989147221527969,0.9987848999074582,0.9990316828559032,2.7499331549596384e-4,2.9844415343671176e-7,2.6628074190675826e-7,3.341444031075103e-7
TUR.39.3_1,2055,10,albopictus,16.41077073882608,59.104475429958455,0.002710317034155334,0.036155740119800696,0.03593466417343741,0.036386544110638484,0,0,0,1,1,1,2.6225435055504676e-4,0,0,0
TUR.39.3_1,2055,11,albopictus,9.78483273220413,75.84305751035185,0.0015721183121365104,0,0,0,0,0,0,1,1,1,1.571994740813265e-4,0,0,0
TUR.39.3_1,2055,12,albopictus,4.4285270990256,79.18413524644659,0.0012930919957243818,0,0,0,0,0,0,1,1,1,1.2513010564529914e-4,0,0,0
TUR.39.3_1,2056,1,albopictus,5.156951464822187,77.80962054241219,0.001275693368410138,0,0,0,0,0,0,1,1,1,1.234465767870896e-4,0,0,0
TUR.39.3_1,2056,2,albopictus,3.6489479738999817,73.46563645466847,9.883378612677253e-4,0,0,0,0,0,0,1,1,1,1.022366211977932e-4,0,0,0
TUR.39.3_1,2056,3,albopictus,7.2746788519708545,64.40954301216782,0.0011714303387875533,0,0,0,0,0,0,1,1,1,1.1335780085319769e-4,0,0,0
TUR.39.3_1,2056,4,albopictus,10.921236374798944,61.12782340198761,0.0015490011663756849,2.3413392447850918e-8,2.0157941232309753e-8,2.717497843320727e-8,0,0,0,1,1,1,1.5488812023389809e-4,0,0,0
TUR.39.3_1,2056,5,albopictus,17.16590398900649,49.44693540002251,0.0021650940487841826,0.04610269345169091,0.04581569600449142,0.04640071627096425,0,0,0,1,1,1,2.0950328164937027e-4,0,0,0
TUR.39.3_1,2056,6,albopictus,22.661623281591076,35.70466585152632,0.002435234652310586,0.1710789035897946,0.17019090168909173,0.17198232680111275,0.0015769672680923396,0.0013932975757285054,0.0017794302354424945,0.9984230327319077,0.9982205697645575,0.9986067024242715,2.4349381579880092e-4,3.8398177749761445e-7,3.3925934325735257e-7,4.3328025797565173e-7
TUR.39.3_1,2056,7,albopictus,23.55880333395565,48.04706117313347,0.0028597794957328556,0.23930761522439117,0.23830590904915228,0.24036764954122705,0.16501057194544863,0.16158447949497395,0.168619740554615,0.8349894280545513,0.831380259445385,0.838415520505026,2.7671456188715915e-4,4.566082812263437e-5,4.4712778451216365e-5,4.665953763309673e-5
TUR.39.3_1,2056,8,albopictus,26.054057121276855,39.398370584360556,0.003395807885422715,0.2432567970792444,0.24188158600638962,0.24452946048048463,0.1783197938679525,0.17372813892556938,0.18254150045598527,0.8216802061320475,0.8174584995440146,0.8262718610744306,3.2857257776042204e-4,5.8590994336900245e-5,5.708230243629505e-5,5.9978131353078344e-5
TUR.39.3_1,2056,9,albopictus,20.257164786843692,46.106653612054444,0.002706622867282453,0.12713889138249038,0.1264976544290483,0.1277560993079147,7.189116201626877e-7,6.248755204857348e-7,8.184075127259937e-7,0.9999992810883799,0.9999991815924872,0.9999993751244796,2.706256609960045e-4,1.9455593240423588e-10,1.6910735077167434e-10,2.2148207409556802e-10
TUR.39.3_1,2056,10,albopictus,14.14910730193643,63.629003933376424,0.0026672638765609124,0.00722704165283415,0.007137334914926559,0.007307150532374208,0,0,0,1,1,1,2.580889999374003e-4,0,0,0
TUR.39.3_1,2056,11,albopictus,5.421504990581204,75.06055628964873,0.0015471453452855742,0,0,0,0,0,0,1,1,1,1.5470256685212735e-4,0,0,0
TUR.39.3_1,2056,12,albopictus,3.0504245580557514,69.52770214097784,0.0012725513383863532,0,0,0,0,0,0,1,1,1,1.231425468553038e-4,0,0,0
TUR.39.3_1,2057,1,albopictus,2.7668762580655955,83.19420306194344,0.0013054161844660546,0,0,0,0,0,0,1,1,1,1.263226191227096e-4,0,0,0
TUR.39.3_1,2057,2,albopictus,5.575125952415607,74.76772233113331,9.764908112612979e-4,0,0,0,0,0,0,1,1,1,1.0461854259080638e-4,0,0,0
TUR.39.3_1,2057,3,albopictus,5.04138245762271,70.26192948677719,0.001198723894860119,0,0,0,0,0,0,1,1,1,1.159988098300424e-4,0,0,0
TUR.39.3_1,2057,4,albopictus,12.846462586346796,50.77221732288605,0.0015850918742829968,9.412236261574586e-4,9.239805296765329e-4,9.597918019957882e-4,0,0,0,1,1,1,1.5849662551081778e-4,0,0,0
TUR.39.3_1,2057,5,albopictus,15.752564374138327,65.30454419518853,0.0022155393154519656,0.02674993277099794,0.026562735547149146,0.026949535320711693,0,0,0,1,1,1,2.1438404698292945e-4,0,0,0
TUR.39.3_1,2057,6,albopictus,22.365474981420178,43.9218976020146,0.0024919740172833996,0.18854201056026695,0.18767593908525515,0.18947652467133544,0.012487564552885497,0.01144074854268687,0.013676320697910733,0.9875124354471145,0.9863236793020892,0.9885592514573132,2.4916635463478887e-4,3.1114809379090866e-6,2.8506496086745608e-6,3.407678973114729e-6
TUR.39.3_1,2057,7,albopictus,27.209956898408777,30.671977249793628,0.0029264104761996456,0.20028871735660947,0.19901991721827728,0.20168533708501135,0.03405779348681252,0.031013528218898564,0.03754711897416228,0.9659422065131875,0.9624528810258378,0.9689864717811014,2.8316091620395056e-4,9.643836007610773e-6,8.781819065180393e-6,1.0631876609542527e-5
TUR.39.3_1,2057,8,albopictus,26.27181339263916,35.6462457979836,0.0034749279746534366,0.22553106111052254,0.22406791179442404,0.22680631218330877,0.1163697449221809,0.11108778256489552,0.1209695395473883,0.8836302550778191,0.8790304604526117,0.8889122174351045,3.3622681547695876e-4,3.9126628753050877e-5,3.735069137019164e-5,4.067320305173239e-5
TUR.39.3_1,2057,9,albopictus,20.82119638779584,51.69956437865601,0.0027696853990860277,0.15863263352785134,0.15795478412529734,0.15932481208022337,2.501520570243686e-4,2.241987156189007e-4,2.786907604238276e-4,0.9997498479429756,0.9997213092395761,0.999775801284381,2.769301876633934e-4,6.927465609614228e-8,6.208739239023394e-8,7.717788458422437e-8
TUR.39.3_1,2057,10,albopictus,12.57088693450479,71.10389559597408,0.002729409369779564,8.025934014934017e-4,7.867361491988071e-4,8.176331608593781e-4,0,0,0,1,1,1,2.641015096785937e-4,0,0,0
TUR.39.3_1,2057,11,albopictus,5.544293419841458,74.40889155576201,0.0015831928137826482,0,0,0,0,0,0,1,1,1,1.5830674954220303e-4,0,0,0
TUR.39.3_1,2057,12,albopictus,4.155102712047451,78.06718425767706,0.001302200947210225,0,0,0,0,0,0,1,1,1,1.2601150638735792e-4,0,0,0
TUR.39.3_1,2058,1,albopictus,3.2729336396955393,80.26490466106453,0.001340346444190695,0,0,0,0,0,0,1,1,1,1.2970253411093147e-4,0,0,0
TUR.39.3_1,2058,2,albopictus,3.9360950190354798,72.93296738728566,0.0010026197026156158,0,0,0,0,0,0,1,1,1,1.0741776986411544e-4,0,0,0
TUR.39.3_1,2058,3,albopictus,7.985541011699858,71.234295819785,0.001230799287737773,0,0,0,0,0,0,1,1,1,1.1910251522295745e-4,0,0,0
TUR.39.3_1,2058,4,albopictus,10.497100212994745,62.02098899036652,0.0016275056818602091,3.6392517916021015e-19,4.275953845101546e-22,2.1731494432068024e-18,0,0,0,1,1,1,1.6273732503080396e-4,0,0,0
TUR.39.3_1,2058,5,albopictus,19.269461575676413,49.17546246911431,0.00227482260352499,0.10128797269787186,0.10079913874176741,0.10175090553268652,1.335408605585009e-9,1.16376005221408e-9,1.5136968345430544e-9,0.9999999986645914,0.9999999984863032,0.9999999988362399,2.2011989298242884e-4,2.939499993491867e-13,2.561667381505891e-13,3.3319478522745844e-13
TUR.39.3_1,2058,6,albopictus,20.459350866429943,59.3525616645146,0.002558654131017679,0.1634979541840026,0.16279656223635675,0.16419866820677714,5.307114832854253e-4,4.767601615688538e-4,5.886939818329107e-4,0.9994692885167146,0.9994113060181671,0.9995232398384312,2.558326823385304e-4,1.357733423167705e-7,1.21970830966311e-7,1.506071604488636e-7
TUR.39.3_1,2058,7,albopictus,25.40609146566952,39.56065293949089,0.0030047152185576336,0.23827188341295144,0.23707355824414036,0.23944380030874224,0.16146386772634655,0.1573377010340997,0.1654782971142329,0.8385361322736534,0.8345217028857671,0.8426622989659003,2.907366200337602e-4,4.694345916033614e-5,4.574383140253641e-5,4.8110600791934416e-5
TUR.39.3_1,2058,8,albopictus,26.93027400970459,33.83467849146505,0.0035679099202761736,0.2166736174703335,0.2151906779899529,0.21811664265457015,0.08461827166914339,0.07942571059836773,0.08971359556182497,0.9153817283308566,0.9102864044381751,0.9205742894016323,3.452220023546504e-4,2.9212089181411466e-5,2.7419502851209487e-5,3.097110709828849e-5
TUR.39.3_1,2058,9,albopictus,20.121512244729434,47.83228532592163,0.0028437964998191557,0.12611361598571438,0.1255256727783959,0.12669510413009166,5.76315035015984e-7,5.062339509087632e-7,6.520317626684812e-7,0.999999423684965,0.9999993479682374,0.999999493766049,2.843392179220361e-4,1.6386896633315574e-10,1.4394216568698014e-10,1.8539820145748262e-10
TUR.39.3_1,2058,10,albopictus,14.771589601741118,68.26551668972408,0.002802442766573448,0.01371621494387951,0.01359712022330009,0.013834756668885133,0,0,0,1,1,1,2.7116736618260084e-4,0,0,0
TUR.39.3_1,2058,11,albopictus,8.12014128399246,76.3472689361331,0.0016255558063957907,0,0,0,0,0,0,1,1,1,1.6254236919710507e-4,0,0,0
TUR.39.3_1,2058,12,albopictus,2.5878635467413593,79.97050457017706,0.0013370451737802602,0,0,0,0,0,0,1,1,1,1.2938309771537426e-4,0,0,0
TUR.39.3_1,2059,1,albopictus,2.5381677524351023,83.58367602336922,0.001267509918468961,0,0,0,0,0,0,1,1,1,1.226547274681966e-4,0,0,0
TUR.39.3_1,2059,2,albopictus,2.3869267899323914,74.78885575398488,9.481357771535138e-4,0,0,0,0,0,0,1,1,1,1.0158081644306982e-4,0,0,0
TUR.39.3_1,2059,3,albopictus,5.121978427776519,73.44050309517563,0.0011639157261271525,0,0,0,0,0,0,1,1,1,1.1263066244482367e-4,0,0,0
TUR.39.3_1,2059,4,albopictus,9.868464806500604,52.740963508188784,0.0015390644732660719,0,0,0,0,0,0,1,1,1,1.538946043369016e-4,0,0,0
TUR.39.3_1,2059,5,albopictus,17.57701582067153,53.60323880578423,0.002151205179244752,0.058627413429292875,0.05825118575405881,0.05896172456242341,2.3248070135650776e-16,2.220446049250313e-16,3.3306690738754696e-16,0.9999999999999998,0.9999999999999997,0.9999999999999998,2.0815947818730862e-4,4.8393061482990194e-20,4.6220689095501615e-20,6.933103364325242e-20
TUR.39.3_1,2059,6,albopictus,20.22140721713795,50.45276613228804,0.0024196128568496284,0.13462411757166548,0.13395438595946943,0.13523050771493264,3.388066977850435e-6,2.9559556791680653e-6,3.816275965079496e-6,0.9999966119330221,0.999996183724035,0.9999970440443208,2.4193201541389264e-4,8.19681872308612e-10,7.151403149352718e-10,9.232793356072807e-10
TUR.39.3_1,2059,7,albopictus,27.616374745088464,28.565131394080737,0.0028414342860408896,0.18758812241781023,0.18620458379940447,0.18888965492617865,0.011360814807479878,0.00983281504117957,0.012914180058134538,0.9886391851925201,0.9870858199418655,0.9901671849588205,2.7493970870151596e-4,3.123539113780387e-6,2.7034313031377957e-6,3.5506209033024366e-6
TUR.39.3_1,2059,8,albopictus,27.647439002990723,37.65461905848165,0.0033740241053009726,0.2325738417219595,0.2310987925006436,0.234068499190688,0.14158515777887776,0.1363542559444477,0.1468600026453533,0.8584148422211222,0.8531399973546467,0.8636457440555524,3.26465160451872e-4,4.622262125188494e-5,4.451491404519973e-5,4.79446743275776e-5
TUR.39.3_1,2059,9,albopictus,20.932072471169864,55.824522416986085,0.0026892601425928552,0.17338511642906398,0.17263672841726077,0.17411174525864714,0.002148088059529611,0.0019427713759335302,0.0023607949583285656,0.9978519119404704,0.9976392050416715,0.9980572286240664,2.688898568999898e-4,5.775990909354939e-7,5.223915172641632e-7,6.347938185151854e-7
TUR.39.3_1,2059,10,albopictus,15.696888292537016,44.83686678738033,0.002650153636001342,0.019311050221915364,0.01913801727253767,0.019487356156673807,0,0,0,1,1,1,2.56433596186767e-4,0,0,0
TUR.39.3_1,2059,11,albopictus,7.9994428319966095,73.05899226376982,0.0015372205570892943,0,0,0,0,0,0,1,1,1,1.5371024107913023e-4,0,0,0
TUR.39.3_1,2059,12,albopictus,3.3920770706061054,79.631377983263,0.0012643880442647878,0,0,0,0,0,0,1,1,1,1.2235264762017195e-4,0,0,0
TUR.39.3_1,2060,1,albopictus,2.829413212945356,81.83138720500985,0.001455537416916314,0,0,0,0,0,0,1,1,1,1.4084853961449095e-4,0,0,0
TUR.39.3_1,2060,2,albopictus,-0.801849583930829,77.58788987263722,0.001127671251770369,0,0,0,0,0,0,1,1,1,1.1664884272943876e-4,0,0,0
TUR.39.3_1,2060,3,albopictus,9.11573662937564,61.40767381050766,0.001336575647125303,0,0,0,0,0,0,1,1,1,1.2933766552980508e-4,0,0,0
TUR.39.3_1,2060,4,albopictus,14.348396637860468,45.811581183970034,0.0017673754621117966,0.006685710086011988,0.00661161066851359,0.006765939530419331,0,0,0,1,1,1,1.7672192905116013e-4,0,0,0
TUR.39.3_1,2060,5,albopictus,18.05079168431899,44.38030408288384,0.0024703235724080675,0.062230824605713615,0.061864133570681934,0.06259625090117503,1.368238855548043e-15,1.1102230246251565e-15,1.6653345369377348e-15,0.9999999999999987,0.9999999999999983,0.9999999999999989,2.3903499810473683e-4,3.2705697224275373e-19,2.653821585871095e-19,3.9807323788066422e-19
TUR.39.3_1,2060,6,albopictus,25.780750555150647,10.477283191614212,0.0027785479200434786,0.12845924188164454,0.1274305515941024,0.12948616839959604,9.558439230240579e-7,7.634629121289204e-7,1.179923037142316e-6,0.999999044156077,0.999998820076963,0.9999992365370878,2.778161939366308e-4,2.655489206920017e-10,2.121023604594331e-10,3.278017273170281e-10
TUR.39.3_1,2060,7,albopictus,24.85817886801327,43.111327377967456,0.0032629440296901993,0.24731023092835852,0.2461563827671217,0.24845492505377978,0.19162290948809593,0.18787857926610732,0.1953162256811511,0.8083770905119041,0.804683774318849,0.8121214207338927,3.157189273536032e-4,6.049897943995824e-5,5.931682351861431e-5,6.16650292668073e-5
TUR.39.3_1,2060,8,albopictus,28.82388401031494,32.481981119028525,0.003874540356082757,0.1902442133733458,0.18874324167072562,0.191617530244225,0.014750134866443651,0.012729151184719586,0.01674296027206483,0.9852498651335564,0.9832570397279351,0.9872708488152804,3.748852312953632e-4,5.529607721044529e-6,4.7719707860772485e-6,6.2766885341621015e-6
TUR.39.3_1,2060,9,albopictus,22.930291007546817,41.71243898192749,0.0030881957642538613,0.19737054285166664,0.19644644175987863,0.1982731086946884,0.02734542530765772,0.025396176380585007,0.029312066342120205,0.9726545746923423,0.9706879336578798,0.974603823619415,3.0877189656830506e-4,8.443498834712402e-6,7.841625546616425e-6,9.050742316792438e-6
TUR.39.3_1,2060,10,albopictus,15.737151468501372,62.83392184109127,0.0030432880418294187,0.025609248775456287,0.025421481530278088,0.025805894503385673,0,0,0,1,1,1,2.944683816564764e-4,0,0,0
TUR.39.3_1,2060,11,albopictus,9.855119006160429,76.80743586728545,0.0017652580120233595,0,0,0,0,0,0,1,1,1,1.7651022143982953e-4,0,0,0
TUR.39.3_1,2060,12,albopictus,3.153235179317348,76.24467449205206,0.0014519524313877045,0,0,0,0,0,0,1,1,1,1.405016543361004e-4,0,0,0
TUR.39.3_1,2061,1,albopictus,3.1500276700757883,77.73516528118172,0.0013161084427744452,0,0,0,0,0,0,1,1,1,1.2735722255197146e-4,0,0,0
TUR.39.3_1,2061,2,albopictus,3.232059260063312,73.68339463337941,9.84488944051452e-4,0,0,0,0,0,0,1,1,1,1.0547539537053563e-4,0,0,0
TUR.39.3_1,2061,3,albopictus,5.847464229473296,75.94163987496079,0.0012085422697790168,0,0,0,0,0,0,1,1,1,1.1694886447533026e-4,0,0,0
TUR.39.3_1,2061,4,albopictus,8.309849598828485,72.94529013782746,0.001598074869257352,0,0,0,0,0,0,1,1,1,1.5979471838944992e-4,0,0,0
TUR.39.3_1,2061,5,albopictus,18.838383618523093,51.427373632444386,0.0022336861095051566,0.09126168723145202,0.09078872169367005,0.09172229414168749,7.160036319397989e-11,6.17011053360983e-11,8.230226777872217e-11,0.9999999999283996,0.9999999999176978,0.9999999999382988,2.1613981031254337e-4,1.5475688919056024e-14,1.3336065203418544e-14,1.778879654598516e-14
TUR.39.3_1,2061,6,albopictus,21.21952847873463,46.478362750940384,0.0025123850020771043,0.15934940307808576,0.15861176427512724,0.16009118377843493,2.802135155347579e-4,2.489531777403131e-4,3.143194804853283e-4,0.9997197864844652,0.9996856805195147,0.9997510468222597,2.5120694245861497e-4,7.039158047306615e-8,6.253876659550019e-8,7.895923564789962e-8
TUR.39.3_1,2061,7,albopictus,25.07198692770565,39.084742752723315,0.00295037979502704,0.23174581386693574,0.23052365186745022,0.23294540256625343,0.13865189029908734,0.1343047041458501,0.14290310621612806,0.8613481097009127,0.857096893783872,0.8656952958541498,2.8547986819049687e-4,3.9582323366946685e-5,3.834128923692097e-5,4.079595992659281e-5
TUR.39.3_1,2061,8,albopictus,26.790167808532715,37.88936026941915,0.0035033900298586467,0.23752897862495786,0.23612197018894418,0.23893806176822435,0.1589052953672638,0.15403801061580397,0.16375098878494007,0.8410947046327362,0.83624901121506,0.845961989384196,3.3898027802348185e-4,5.386576120299859e-5,5.2215847664729276e-5,5.550835570493904e-5
TUR.39.3_1,2061,9,albopictus,19.962517570046817,54.39259950438843,0.002792371031509161,0.13344867128548427,0.13282868527732516,0.13404877118966013,2.674313823218588e-6,2.3536958990794107e-6,3.012645026936878e-6,0.9999973256861768,0.9999969873549731,0.9999976463041009,2.7919812009957745e-4,7.466633919989435e-10,6.571474703090563e-10,8.411248280481171e-10
TUR.39.3_1,2061,10,albopictus,14.223099077449126,59.36323397488033,0.002751765113762439,0.007299204686785732,0.007221157406093512,0.0073797382622988504,0,0,0,1,1,1,2.662643950612775e-4,0,0,0
TUR.39.3_1,2061,11,albopictus,7.024092452052762,71.39823329160185,0.0015961602541425788,0,0,0,0,0,0,1,1,1,1.5960328745423524e-4,0,0,0
TUR.39.3_1,2061,12,albopictus,6.596706134212368,81.41616039293096,0.0013128668705093894,0,0,0,0,0,0,1,1,1,1.2704356191306498e-4,0,0,0
TUR.39.3_1,2062,1,albopictus,4.023249663522138,81.29329363811532,0.0013743967901100388,0,0,0,0,0,0,1,1,1,1.3299729605376065e-4,0,0,0
TUR.39.3_1,2062,2,albopictus,-0.11488113815293588,75.30244370564503,0.0010280903918150975,0,0,0,0,0,0,1,1,1,1.1014647541174316e-4,0,0,0
TUR.39.3_1,2062,3,albopictus,7.025313999065581,69.58760545113266,0.001262066682586616,0,0,0,0,0,0,1,1,1,1.2212802717681548e-4,0,0,0
TUR.39.3_1,2062,4,albopictus,11.527995446149042,65.75053458362824,0.001668851060656285,1.7613889558793155e-5,1.6796864378321462e-5,1.8404993106128683e-5,0,0,0,1,1,1,1.6687118152092228e-4,0,0,0
TUR.39.3_1,2062,5,albopictus,17.10732931249282,54.510434850706105,0.0023326125106724205,0.04818316428214298,0.047889845365203694,0.048465738403171185,0,0,0,1,1,1,2.2571121797054783e-4,0,0,0
TUR.39.3_1,2062,6,albopictus,23.848028463475842,32.230708789758744,0.0026236545334335747,0.18469450438742852,0.1837464263956312,0.18574868389695207,0.008384478744309223,0.007550397382085558,0.009372518105762196,0.9916155212556907,0.9906274818942378,0.9924496026179145,2.6233103853756656e-4,2.1995090165907906e-6,1.980703586613828e-6,2.4587024083967427e-6
TUR.39.3_1,2062,7,albopictus,26.982166065889245,37.96791764896355,0.0030810474183589924,0.2377139679945676,0.2363552503894887,0.2391549825870093,0.15954326767145113,0.15484853509055302,0.16449251679631913,0.8404567323285489,0.8355074832036808,0.8451514649094469,2.981214321678971e-4,4.756326745095917e-5,4.6163667050296535e-5,4.9038744688220526e-5
TUR.39.3_1,2062,8,albopictus,27.799588203430176,33.63966735254903,0.0036585495959518288,0.21018555855356438,0.20871212955811783,0.21164494288321242,0.06257041454486964,0.05783662711431331,0.06735268134089913,0.9374295854551303,0.9326473186591009,0.9421633728856866,3.539905172718072e-4,2.214933341064981e-5,2.0473617549452397e-5,2.3842210507508072e-5
TUR.39.3_1,2062,9,albopictus,21.600197623757754,43.217657487786866,0.0029160406982969077,0.16303902239573756,0.16221220133339137,0.16381184851232067,4.95477748546958e-4,4.362005355017934e-4,5.556118061245146e-4,0.999504522251453,0.9994443881938755,0.9995637994644982,2.915615574953234e-4,1.4446226407062727e-7,1.2717930751119702e-7,1.6199504355645317e-7
TUR.39.3_1,2062,10,albopictus,15.966690386042876,50.82136385769283,0.002873636409108611,0.024939256823853898,0.02475827449273605,0.025126057175822038,0,0,0,1,1,1,2.780551815333432e-4,0,0,0
TUR.39.3_1,2062,11,albopictus,8.1399552984272745,68.32074153134795,0.0016668516502866557,0,0,0,0,0,0,1,1,1,1.6667127382841151e-4,0,0,0
TUR.39.3_1,2062,12,albopictus,3.461011868846767,77.2357481004505,0.0013710116537708095,0,0,0,0,0,0,1,1,1,1.3266974572989643e-4,0,0,0
TUR.39.3_1,2063,1,albopictus,0.5164298192762278,61.67057482708016,0.001258010630988135,0,0,0,0,0,0,1,1,1,1.217355539152587e-4,0,0,0
TUR.39.3_1,2063,2,albopictus,2.1862999398042176,75.2494804488091,9.410300226447706e-4,0,0,0,0,0,0,1,1,1,1.0081956264962333e-4,0,0,0
TUR.39.3_1,2063,3,albopictus,5.540405418285552,70.96054551460922,0.0011551928199590564,0,0,0,0,0,0,1,1,1,1.1178660495625437e-4,0,0,0
TUR.39.3_1,2063,4,albopictus,8.259431698743036,69.81764273792511,0.001527530034229303,0,0,0,0,0,0,1,1,1,1.527413372769404e-4,0,0,0
TUR.39.3_1,2063,5,albopictus,14.674184743095847,66.991792425169,0.002135083083369896,0.012407279408637846,0.012304506083673438,0.012518351311424633,0,0,0,1,1,1,2.0659959891489166e-4,0,0,0
TUR.39.3_1,2063,6,albopictus,19.704250616185803,60.3403546332646,0.0024014791935270717,0.13555900328178394,0.13498508146219557,0.13611836850153247,4.0804451571508914e-06,3.6341585194721305e-6,4.5505690087349615e-6,0.9999959195548428,0.9999954494309913,0.9999963658414804,2.40119086149293e-4,9.797927622173803e-10,8.726308226173156e-10,1.092678471836733e-9
TUR.39.3_1,2063,7,albopictus,24.886401905732995,41.71733400028191,0.002820139303849681,0.24119166689148328,0.24002576957660313,0.24244227005500707,0.1714018989445283,0.16745932539916433,0.17560734527761207,0.8285981010554717,0.824392654722388,0.8325406746008357,2.7287946844745115e-4,4.677205907486662e-5,4.5696211701492725e-5,4.7919639034822806e-5
TUR.39.3_1,2063,8,albopictus,26.969731330871582,39.8845270479836,0.0033487376562748345,0.24811771901534196,0.2467786710442348,0.24952286869974313,0.19422672814162315,0.18990408941446274,0.19873078802507724,0.8057732718583769,0.8012692119749227,0.8100959105855373,3.2401888063149364e-4,6.293312704116615e-5,6.153251047941729e-5,6.439252748290016e-5
TUR.39.3_1,2063,9,albopictus,24.100460837869083,36.25275651732788,0.0026691056216435645,0.20404973845054458,0.20298826105560877,0.20506471239837631,0.04392593572393624,0.04099207607820669,0.04679888749475479,0.9560740642760638,0.9532011125052452,0.9590079239217933,2.668749447092278e-4,1.1722731667626577e-5,1.0939758036887868e-5,1.2489450512616055e-5
TUR.39.3_1,2063,10,albopictus,14.500966394648833,55.9275574001733,0.002630292196741647,0.00903881324488958,0.008944611221620323,0.009131418416748837,0,0,0,1,1,1,2.5451201245751953e-4,0,0,0
TUR.39.3_1,2063,11,albopictus,9.309294955257108,76.62518489072295,0.0015256999371868756,0,0,0,0,0,0,1,1,1,1.5255835550909147e-4,0,0,0
TUR.39.3_1,2063,12,albopictus,5.401869517696254,75.8940275193958,0.0012549121535086047,0,0,0,0,0,0,1,1,1,1.2143573771372651e-4,0,0,0
TUR.39.3_1,2064,1,albopictus,6.023631848504438,82.22484271038094,0.00141529299964789,0,0,0,0,0,0,1,1,1,1.3695445955730357e-4,0,0,0
TUR.39.3_1,2064,2,albopictus,4.088398476295612,77.63927384480519,0.0010964920653953466,0,0,0,0,0,0,1,1,1,1.1342378069811865e-4,0,0,0
TUR.39.3_1,2064,3,albopictus,8.089655067333403,70.54748246529282,0.0012996204253435898,0,0,0,0,0,0,1,1,1,1.2576180990209185e-4,0,0,0
TUR.39.3_1,2064,4,albopictus,11.63031993192785,65.81352286487824,0.0017185089783371028,3.106446151694998e-5,2.982066435388341e-5,3.241133358244789e-5,0,0,0,1,1,1,1.7183613231397388e-4,0,0,0
TUR.39.3_1,2064,5,albopictus,16.78595251195571,56.28597806359673,0.0024020211492064457,0.04227179086181205,0.042009280968342895,0.042547012977235864,0,0,0,1,1,1,2.3242664434197646e-4,0,0,0
TUR.39.3_1,2064,6,albopictus,22.01526288425221,40.778011035852494,0.002701723346112948,0.1687118555853784,0.167877038840965,0.1695660025581516,0.001135175201258459,0.0010067983885380743,0.0012775092958533713,0.9988648247987415,0.9987224907041466,0.998993201611462,2.701358413527144e-4,3.0665150807469076e-7,2.719723297602898e-7,3.4510104847126423e-7
TUR.39.3_1,2064,7,albopictus,25.866058125215417,30.971747605018237,0.0031727263001229524,0.2025190247407975,0.20132418560696205,0.20366311417456884,0.03975104585252172,0.03662072086548494,0.04283784208892707,0.9602489541474782,0.957162157911073,0.963379279134515,3.0699089769237187e-4,1.2203209250476277e-5,1.1242227972636994e-5,1.3150827598083791e-5
TUR.39.3_1,2064,8,albopictus,27.091567039489746,31.36634238611837,0.0037674124890823397,0.20416209486193274,0.2027321083505959,0.20548558202145556,0.04425059111225682,0.04030230741750188,0.048020587723117326,0.9557494088877432,0.9519794122768827,0.959697692582498,3.645218511552084e-4,1.613030738695207e-5,1.4691071705654073e-5,1.7504553530391804e-5
TUR.39.3_1,2064,9,albopictus,21.907088111428653,39.301355760491944,0.003002809681080187,0.16153813241306958,0.16073830513648876,0.16235533653431733,3.941258495038885e-4,3.476554392620568e-4,4.4582900485063966e-4,0.9996058741504961,0.9995541709951493,0.9996523445607379,3.0023588829042325e-4,1.1833072452401764e-7,1.043786396258409e-7,1.3385386729696723e-7
TUR.39.3_1,2064,10,albopictus,14.730740869746489,57.63538973659908,0.0029591436203944394,0.011359870545946548,0.01125189384727291,0.011464477457034295,0,0,0,1,1,1,2.8632773784442733e-4,0,0,0
TUR.39.3_1,2064,11,albopictus,7.329331175807645,65.90138423154326,0.0017164500740090933,0,0,0,0,0,0,1,1,1,1.716302772394318e-4,0,0,0
TUR.39.3_1,2064,12,albopictus,4.9042713464621235,68.47151165025518,0.0014118071360324914,0,0,0,0,0,0,1,1,1,1.366171640606595e-4,0,0,0
TUR.39.3_1,2065,1,albopictus,5.363867558648481,85.0614287089161,0.0013522187256868646,0,0,0,0,0,0,1,1,1,1.308513148992052e-4,0,0,0
TUR.39.3_1,2065,2,albopictus,3.096669932060382,77.00585099324269,0.0010115005284607919,0,0,0,0,0,0,1,1,1,1.08369184256496e-4,0,0,0
TUR.39.3_1,2065,3,albopictus,6.959145213970366,76.16991135933579,0.0012417012419844835,0,0,0,0,0,0,1,1,1,1.2015741684034964e-4,0,0,0
TUR.39.3_1,2065,4,albopictus,8.075575211468866,70.4628301158548,0.0016419215111970241,0,0,0,0,0,0,1,1,1,1.6417867232620953e-4,0,0,0
TUR.39.3_1,2065,5,albopictus,15.4034823810353,48.39291165734673,0.0022949721211515356,0.016675894037712725,0.016531337829885747,0.016822261840620155,0,0,0,1,1,1,2.2206941517688428e-4,0,0,0
TUR.39.3_1,2065,6,albopictus,24.188883108251233,31.48141832345015,0.0025813177208876253,0.18765408259483538,0.186608480184997,0.1886937582728161,0.011428277326475307,0.010255353185077969,0.012667074331515968,0.9885717226735247,0.9873329256684841,0.989744646814922,2.580984589493074e-4,2.9496207664085878e-6,2.6468908530494953e-6,3.269352364360599e-6
TUR.39.3_1,2065,7,albopictus,25.222900166231042,34.78045961063347,0.003031329848711766,0.21430925874756737,0.21313938036354155,0.21549670391494302,0.07638426967730721,0.07237657621626094,0.08049031995160237,0.9236157303226928,0.9195096800483976,0.9276234237837391,2.933114772636358e-4,2.240438297875492e-5,2.1228880489275624e-5,2.360873465042719e-5
TUR.39.3_1,2065,8,albopictus,27.40209674835205,37.753213724008994,0.0035995131159350926,0.23487172428427092,0.23344457703914162,0.23633118337837086,0.14967178412385923,0.14466437309303384,0.1547649630949581,0.8503282158761407,0.8452350369050419,0.8553356269069662,3.482793156349695e-4,5.212758654452259e-5,5.038360885760372e-5,5.390143543098333e-5
TUR.39.3_1,2065,9,albopictus,22.1919449076933,46.2246231249939,0.0028689857728686776,0.19046953862203947,0.18962946383499327,0.19134014693626694,0.015051587566511183,0.013880373991099027,0.01631976021993607,0.9849484124334889,0.983680239780064,0.986119626008901,2.868574258255707e-4,4.317659663917565e-6,3.981688352582869e-6,4.681444406781409e-6
TUR.39.3_1,2065,10,albopictus,15.538300836787505,57.93416445583736,0.002827265743905815,0.020989912047647816,0.020820992575056547,0.02115824111333388,0,0,0,1,1,1,2.7356893550622985e-4,0,0,0
TUR.39.3_1,2065,11,albopictus,7.523898856166531,74.9439486236331,0.0016399543644737484,0,0,0,0,0,0,1,1,1,1.6398198993083923e-4,0,0,0
TUR.39.3_1,2065,12,albopictus,5.298599463832729,77.10350780504034,0.001348888213872629,0,0,0,0,0,0,1,1,1,1.3052904942667531e-4,0,0,0
TUR.39.3_1,2066,1,albopictus,0.747846402337446,81.57417742717782,0.0012515633247859067,0,0,0,0,0,0,1,1,1,1.211116968171666e-4,0,0,0
TUR.39.3_1,2066,2,albopictus,3.299242993049762,82.75910874470753,9.362072424932903e-4,0,0,0,0,0,0,1,1,1,1.0030288816753608e-4,0,0,0
TUR.39.3_1,2066,3,albopictus,4.876148368725005,68.7941331610936,0.0011492724551787992,0,0,0,0,0,0,1,1,1,1.1121373031186543e-4,0,0,0
TUR.39.3_1,2066,4,albopictus,8.788832524243524,69.86615805774933,0.0015197014407173064,0,0,0,0,0,0,1,1,1,1.519585971943016e-4,0,0,0
TUR.39.3_1,2066,5,albopictus,14.646380368401022,55.33001111413384,0.00212414077965115,0.01020743246346674,0.01010723938093172,0.010309361929021831,0,0,0,1,1,1,2.0554088451141261e-4,0,0,0
TUR.39.3_1,2066,6,albopictus,20.292904180638928,57.11534852974898,0.0023891716093798797,0.15161570074150996,0.15095600610394408,0.15226829410614184,7.872903941674492e-5,7.021684863432464e-5,8.784231141155396e-5,0.9999212709605833,0.9999121576885884,0.9999297831513656,2.3888862250587284e-4,1.880747177747676e-8,1.6774006246957194e-8,2.098452877083804e-8
TUR.39.3_1,2066,7,albopictus,25.194532170015222,40.14371415775261,0.002805686086065205,0.23838756895569205,0.2370846053631954,0.23961327185438225,0.16186084384214638,0.15737590444036745,0.16605591647512002,0.8381391561578536,0.83394408352488,0.8426240955596326,2.714811506503434e-4,4.3942168131501445e-5,4.2724591622109436e-5,4.5081051276962905e-5
TUR.39.3_1,2066,8,albopictus,26.829617500305176,43.45021994959493,0.003331575371212126,0.26847542585663337,0.2670255290480289,0.26997903522343925,0.2550846193887068,0.2510510044336669,0.2592337043873383,0.7449153806112931,0.7407662956126617,0.7489489955663331,3.223585511082927e-4,8.222870831615384e-5,8.092843804351845e-5,8.356620134473784e-5
TUR.39.3_1,2066,9,albopictus,22.76730234482709,46.81992570678101,0.0026554264516867035,0.21072942940435102,0.20984029457269904,0.2116784540859587,0.06433566773024427,0.061437679242815506,0.06746416468873867,0.9356643322697558,0.9325358353112613,0.9385623207571845,2.6550739184094674e-4,1.7081595341402917e-5,1.6312157976520617e-5,1.7912234409235102e-5
TUR.39.3_1,2066,10,albopictus,15.864569032893462,47.86863177151119,0.0026168119456404263,0.0224543790184202,0.02227879028395977,0.022636322482045643,0,0,0,1,1,1,2.532078031989293e-4,0,0,0
TUR.39.3_1,2066,11,albopictus,7.970907942775418,76.41764247128935,0.0015178807229247215,0,0,0,0,0,0,1,1,1,1.5177655306586324e-4,0,0,0
TUR.39.3_1,2066,12,albopictus,3.5502419294241596,76.99960308091924,0.0012484807270076914,0,0,0,0,0,0,1,1,1,1.2081341698821912e-4,0,0,0
TUR.39.3_1,2067,1,albopictus,3.595527924706831,79.63629595745125,0.0013114192620452291,0,0,0,0,0,0,1,1,1,1.2690348855926015e-4,0,0,0
TUR.39.3_1,2067,2,albopictus,1.0631905544330094,70.03706284627003,9.809812949592232e-4,0,0,0,0,0,0,1,1,1,1.0509961539406643e-4,0,0,0
TUR.39.3_1,2067,3,albopictus,7.3664499777643115,67.94566056587875,0.0012042363380353192,0,0,0,0,0,0,1,1,1,1.1653221004948033e-4,0,0,0
TUR.39.3_1,2067,4,albopictus,12.129247048321893,53.7919316783548,0.0015923810664997546,1.6982210867254153e-4,1.6505456483670598e-4,1.7473852401684637e-4,0,0,0,1,1,1,1.5922542893564984e-4,0,0,0
TUR.39.3_1,2067,5,albopictus,16.32018274419448,55.06977628137017,0.0022257276787866903,0.03252639909753642,0.032302917037416175,0.032742071356205237,0,0,0,1,1,1,2.1536980576586373e-4,0,0,0
TUR.39.3_1,2067,6,albopictus,22.249731344335217,35.03883333199507,0.002503433591271414,0.15903384808436158,0.15817448044208002,0.1599216289926932,2.6679905243350645e-4,2.322088551536483e-4,3.0609007778994166e-4,0.9997332009475665,0.9996939099222101,0.9997677911448463,2.503120258431357e-4,6.678301130765998e-8,5.812466895222497e-8,7.661802746208331e-8
TUR.39.3_1,2067,7,albopictus,25.001664890962488,38.94674607913933,0.0029398678465970573,0.23011384816468491,0.22886876973238998,0.2312111583000269,0.13283940865585503,0.12838489123182975,0.1367541619617435,0.8671605913441449,0.8632458380382565,0.8716151087681703,2.844628727558529e-4,3.778787980143324e-5,3.6520734978254e-5,3.8901481772956746e-5
TUR.39.3_1,2067,8,albopictus,25.2794771194458,37.35522254358907,0.0034909077537170928,0.22646066952097416,0.2252439195707182,0.22760045302486417,0.1197227907106037,0.11533405746278884,0.12382882507973059,0.8802772092893963,0.8761711749202694,0.8846659425372112,3.377727245622575e-4,4.043909321051754e-5,3.895669882402615e-5,4.18259996265238e-5
TUR.39.3_1,2067,9,albopictus,20.881192039040958,41.932440202630616,0.0027824220546587646,0.13791124965460008,0.13718593563212142,0.13857333384425302,6.478332466046455e-6,5.612294422979725e-6,7.3480920409846325e-6,0.999993521667534,0.9999926519079589,0.999994387705577,2.7820349969331915e-4,1.8022947642309743e-9,1.5613599497822566e-9,2.044264921870549e-9
TUR.39.3_1,2067,10,albopictus,14.191695535884184,69.58070986599361,0.0027419608122904553,0.008254062009658955,0.008165997643947109,0.008337064390413599,0,0,0,1,1,1,2.653158438755687e-4,0,0,0
TUR.39.3_1,2067,11,albopictus,7.937651412013699,72.90895259091826,0.0015904732729932994,0,0,0,0,0,0,1,1,1,1.5903467994371479e-4,0,0,0
TUR.39.3_1,2067,12,albopictus,4.404166680705898,80.11220531480596,0.001308189239222228,0,0,0,0,0,0,1,1,1,1.2659094532441184e-4,0,0,0
TUR.39.3_1,2068,1,albopictus,4.594187773873701,77.04359118450203,0.001362857853554205,0,0,0,0,0,0,1,1,1,1.318807726650162e-4,0,0,0
TUR.39.3_1,2068,2,albopictus,3.4151475626756165,77.22434159382863,0.0010558681651472175,0,0,0,0,0,0,1,1,1,1.0922177608962969e-4,0,0,0
TUR.39.3_1,2068,3,albopictus,9.04621758640689,71.39706132271469,0.0012514708288387092,0,0,0,0,0,0,1,1,1,1.2110274668053478e-4,0,0,0
TUR.39.3_1,2068,4,albopictus,10.912051537457636,63.54370169788605,0.0016548399929292518,2.2359805740487353e-8,1.9291243179666916e-8,2.6129184414857743e-8,0,0,0,1,1,1,1.6547030757119163e-4,0,0,0
TUR.39.3_1,2068,5,albopictus,13.864334050346823,72.43812726403618,0.0023130287427506123,0.00608695552197189,0.006018807465592951,0.006154993165433243,0,0,0,1,1,1,2.2381644059643602e-4,0,0,0
TUR.39.3_1,2068,6,albopictus,21.192409795873303,42.441138935022416,0.0026016272823343547,0.1485475839585638,0.14783995964919194,0.14930033476842366,4.628961704849355e-5,4.078039909713449e-5,5.271513749257328e-5,0.9999537103829516,0.9999472848625074,0.9999592196009028,2.601288888455233e-4,1.204126664790942e-8,1.0608159903814578e-8,1.3712730141282073e-8
TUR.39.3_1,2068,7,albopictus,24.51436783285702,35.32068559329949,0.0030551800626275275,0.20736347354240256,0.20626188096248924,0.20846749056424801,0.05365292435372548,0.050311357319502086,0.057066464639220923,0.9463470756462745,0.9429335353607792,0.9496886426804979,2.956188828305839e-4,1.5860817558042154e-5,1.4872987244481526e-5,1.686992452373751e-5
TUR.39.3_1,2068,8,albopictus,25.980368614196777,46.1944635714211,0.0036278337415654987,0.2794801411051822,0.27807848546006775,0.2808632451197046,0.28439391128072394,0.28079285618787864,0.287920520579495,0.715606088719276,0.712079479420505,0.7192071438121213,3.5101906305567976e-4,9.982768427649985e-5,9.856364529179738e-5,1.010655913683179e-4
TUR.39.3_1,2068,9,albopictus,21.404627631692325,44.07657853881226,0.002891558679091098,0.15919710916689278,0.15841372909784884,0.15988639799390725,2.735766219175221e-4,2.4123522415109289e-4,3.044054657075357e-4,0.9997264233780825,0.9996955945342925,0.9997587647758489,2.891140663803249e-4,7.909484962916753e-8,6.974449660849161e-8,8.80079020191022e-8
TUR.39.3_1,2068,10,albopictus,17.901789034114167,40.408342770046346,0.002849510400922443,0.055427268526576985,0.05507890420678193,0.055769890681850565,1.3433698597964394e-17,0,1.1102230246251565e-16,1,0.9999999999999999,1,2.7572105301909566e-4,3.7039535233718916e-21,0,3.0611186143569354e-20
TUR.39.3_1,2068,11,albopictus,8.58793617916458,70.20107447812529,0.0016528573688833175,0,0,0,0,0,0,1,1,1,1.652720779534711e-4,0,0,0
TUR.39.3_1,2068,12,albopictus,4.86221383227145,77.76753978746221,0.0013595011375909052,0,0,0,0,0,0,1,1,1,1.315559719725634e-4,0,0,0
TUR.39.3_1,2069,1,albopictus,4.589622534921064,81.58572833049813,0.0012731269791540888,0,0,0,0,0,0,1,1,1,1.231982471648907e-4,0,0,0
TUR.39.3_1,2069,2,albopictus,3.9595885474015686,72.09523697957081,9.523375085328193e-4,0,0,0,0,0,0,1,1,1,1.0203095611638346e-4,0,0,0
TUR.39.3_1,2069,3,albopictus,2.4043540018884575,69.7473802314061,0.001169073701753827,0,0,0,0,0,0,1,1,1,1.1312976503130567e-4,0,0,0
TUR.39.3_1,2069,4,albopictus,12.457832673016718,55.9502683177591,0.0015458849473457559,4.503794847048336e-4,4.401864130676495e-4,4.612653134253931e-4,0,0,0,1,1,1,1.545765465489346e-4,0,0,0
TUR.39.3_1,2069,5,albopictus,15.588332120110007,59.709748968137745,0.002160738398560759,0.022253059221005626,0.022071512757326064,0.022413092795967014,0,0,0,1,1,1,2.0908185533141666e-4,0,0,0
TUR.39.3_1,2069,6,albopictus,23.681167883031506,33.58242387764937,0.0024303355439492737,0.18636273061018788,0.18537010626187325,0.18739296448077591,0.01000797901219812,0.009003445062652002,0.011116637862312779,0.9899920209878019,0.9888833621376872,0.9909965549373481,2.4300402413302002e-4,2.43197917340295e-6,2.1878733812850073e-6,2.7013877353714982e-6
TUR.39.3_1,2069,7,albopictus,26.5813367507037,31.037825791053393,0.0028540263049157983,0.2040651677138805,0.20276934600671961,0.20543943080897542,0.043977757278003654,0.04040220650470199,0.04788591451047636,0.9560222427219963,0.9521140854895236,0.959597793495298,2.761579553942628e-4,1.214480753271865e-5,1.1157390741755287e-5,1.3224076243397611e-5
TUR.39.3_1,2069,8,albopictus,28.37385654449463,28.98395713221212,0.0033889763339789557,0.18064513881869973,0.17916362458163934,0.18202295359803783,0.005323843147726676,0.004451227769686148,0.006223220474065676,0.9946761568522733,0.9937767795259344,0.9955487722303138,3.2791167688550615e-4,1.7457503340464658e-6,1.459609562157116e-6,2.0406666612790905e-6
TUR.39.3_1,2069,9,albopictus,22.025803397683536,51.56882707396851,0.0027011777908880936,0.20217474606935165,0.20134402678013444,0.20303791881943065,0.0388312955098834,0.03667128871585445,0.0411264900338796,0.9611687044901166,0.9588735099661204,0.9633287112841455,2.700813005660496e-4,1.0487606793973911e-5,9.904229349811068e-6,1.1107495916066879e-5
TUR.39.3_1,2069,10,albopictus,13.16794618438272,56.7769226345483,0.0026618979810209952,0.0018548630931746423,0.0018220532707433719,0.0018859917093965771,0,0,0,1,1,1,2.5756985360958495e-4,0,0,0
TUR.39.3_1,2069,11,albopictus,8.45824171734207,74.56771266171904,0.0015440328597228126,0,0,0,0,0,0,1,1,1,1.5439136639838758e-4,0,0,0
TUR.39.3_1,2069,12,albopictus,1.309041929376476,76.56430797593877,0.0012699912701415242,0,0,0,0,0,0,1,1,1,1.2289482879324076e-4,0,0,0
TUR.39.3_1,2070,1,albopictus,4.775403298547163,79.2275664042286,0.0013273899253267395,0,0,0,0,0,0,1,1,1,1.284488392890859e-4,0,0,0
TUR.39.3_1,2070,2,albopictus,6.592803259544513,77.65226670369191,9.929278344075003e-4,0,0,0,0,0,0,1,1,1,1.0637946641833818e-4,0,0,0
TUR.39.3_1,2070,3,albopictus,6.794788982280913,62.802655194785004,0.0012189017113623263,0,0,0,0,0,0,1,1,1,1.1795127333336097e-4,0,0,0
TUR.39.3_1,2070,4,albopictus,10.13140807432287,70.70462088733917,0.0016117733253790843,0,0,0,0,0,0,1,1,1,1.6116434416946213e-4,0,0,0
TUR.39.3_1,2070,5,albopictus,14.959675732780905,69.08117841149712,0.0022528329290624895,0.016137222620189823,0.015998699036997174,0.01627757763310453,0,0,0,1,1,1,2.1799232612851327e-4,0,0,0
TUR.39.3_1,2070,6,albopictus,23.74388150607838,36.68927736275679,0.0025339207863973,0.19870945928036163,0.19761692974630415,0.19971803797993828,0.030313839401079606,0.02786499630809899,0.03265593686237306,0.9696861605989204,0.9673440631376269,0.9721350036919011,2.5335997757836015e-4,7.680313670971539e-6,7.0598748398410485e-6,8.273707431251183e-6
TUR.39.3_1,2070,7,albopictus,26.588056339937097,31.141951767615893,0.0029756700044797453,0.20455339907410808,0.2032338578305939,0.20579768068784815,0.04535204511993025,0.04165904674195291,0.048935816956616404,0.9546479548800697,0.9510641830433836,0.9583409532580471,2.8792660612608767e-4,1.3058060432258713e-5,1.199474794285855e-5,1.4089923694326014e-5
TUR.39.3_1,2070,8,albopictus,25.395930290222168,43.62593253504415,0.0035334205594192763,0.25839272511614886,0.25712248461103965,0.25966830067846813,0.22608340977058466,0.22227906354205118,0.2298777833760252,0.7739165902294154,0.7701222166239747,0.7777209364579488,3.41885468944203e-4,7.729463256992074e-5,7.599398187555246e-5,7.859187376936629e-5
TUR.39.3_1,2070,9,albopictus,19.546915839700137,47.68425599852905,0.002816306813734746,0.10756707943496326,0.10704690701669188,0.10808834379340283,7.156273533315272e-9,6.237544142306817e-9,8.166909598594784e-9,0.9999999928437264,0.9999999918330904,0.9999999937624559,2.815910271758426e-4,2.015142414997544e-12,1.7564364620868367e-12,2.2997284627205538e-12
TUR.39.3_1,2070,10,albopictus,14.543299997554106,73.94571535915767,0.0027753528282014415,0.012233448443566613,0.012119234397422301,0.012346948012206361,0,0,0,1,1,1,2.6854646670215754e-4,0,0,0
TUR.39.3_1,2070,11,albopictus,5.964612023357083,76.24662959287139,0.0016098422984730713,0,0,0,0,0,0,1,1,1,1.6097127258152266e-4,0,0,0
TUR.39.3_1,2070,12,albopictus,1.9193915547255207,79.46938304918096,0.0013241205667944116,0,0,0,0,0,0,1,1,1,1.2813249034349106e-4,0,0,0
TUR.39.3_1,2071,1,albopictus,3.31920865934123,85.395023984795,0.001381493513675955,0,0,0,0,0,0,1,1,1,1.3368398417801242e-4,0,0,0
TUR.39.3_1,2071,2,albopictus,0.7941040295888396,75.95362778767628,0.0010333989558076705,0,0,0,0,0,0,1,1,1,1.1071518731486929e-4,0,0,0
TUR.39.3_1,2071,3,albopictus,8.785631324657622,72.73227403023422,0.0012685833875385774,0,0,0,0,0,0,1,1,1,1.2275859882437956e-4,0,0,0
TUR.39.3_1,2071,4,albopictus,12.38762316984289,60.732147742807925,0.001677468204362809,4.19245480483167e-4,4.08903730096345e-4,4.299098405182991e-4,0,0,0,1,1,1,1.677327517251026e-4,0,0,0
TUR.39.3_1,2071,5,albopictus,17.297120991875143,60.55808423425103,0.0023446569990572584,0.05715080353870904,0.05679441234630554,0.05747730618737718,1.1102230246251565e-16,1.1102230246251565e-16,1.1102230246251565e-16,0.9999999999999999,0.9999999999999999,0.9999999999999999,2.2687654985353856e-4,2.518835693949157e-20,2.518835693949157e-20,2.518835693949157e-20
TUR.39.3_1,2071,6,albopictus,20.309042257421154,57.18591279976851,0.002637201822753677,0.15239894596722253,0.15173024376021085,0.15306181838730576,8.994300928307186e-5,8.016359213657564e-5,1.0044025289332459e-4,0.9999100569907169,0.9998995597471066,0.9999198364078634,2.636854111647269e-4,2.371665938419965e-8,2.1137969752974412e-8,2.6484629381665445e-8
TUR.39.3_1,2071,7,albopictus,26.13157631369198,44.15984651248894,0.0030969564644066205,0.269343573972938,0.2680260927471821,0.2707254824403646,0.2574831670406623,0.2538429118589436,0.2612739318046149,0.7425168329593377,0.7387260681953851,0.7461570881410564,2.996605571011779e-4,7.715754927958051e-5,7.606670838383622e-5,7.829349196058606e-5
TUR.39.3_1,2071,8,albopictus,29.39255428314209,35.12328704249044,0.0036774405853091195,0.19235462027695108,0.19083311552980325,0.19383667600427845,0.017937811049662012,0.015566331617726092,0.020414642936448023,0.982062188950338,0.979585357063552,0.9844336683822739,3.5581802871031964e-4,6.382596567068927e-6,5.538781430470419e-6,7.263898006471988e-6
TUR.39.3_1,2071,9,albopictus,23.887612174539004,39.79294435302124,0.0029310977290551918,0.21366284245844996,0.21259977268520402,0.21478635288892914,0.07416616617653521,0.07055061839637382,0.07802392960046675,0.9258338338234647,0.9219760703995332,0.9294493816036262,2.9306682043273025e-4,2.1735642505042677e-5,2.0676045412988165e-5,2.2866224965675975e-5
TUR.39.3_1,2071,10,albopictus,15.826686228022856,65.87268679470455,0.002888474484525509,0.028245177891376542,0.028045259019189084,0.02845539940337565,0,0,0,1,1,1,2.794907240136757e-4,0,0,0
TUR.39.3_1,2071,11,albopictus,8.248671309474638,64.16047084042998,0.0016754584700002903,0,0,0,0,0,0,1,1,1,1.67531811978483e-4,0,0,0
TUR.39.3_1,2071,12,albopictus,3.874917489421718,75.01782207505987,0.0013780908981218397,0,0,0,0,0,0,1,1,1,1.3335474276776615e-4,0,0,0
TUR.39.3_1,2072,1,albopictus,4.347641505410566,72.33749072063485,0.0014498834395987753,0,0,0,0,0,0,1,1,1,1.4030145743615385e-4,0,0,0
TUR.39.3_1,2072,2,albopictus,5.46585347240462,70.29640885457081,0.0011232908575564862,0,0,0,0,0,0,1,1,1,1.1619575125654258e-4,0,0,0
TUR.39.3_1,2072,3,albopictus,6.017908241161528,76.53631303169907,0.0013313837720802554,0,0,0,0,0,0,1,1,1,1.2883529086749057e-4,0,0,0
TUR.39.3_1,2072,4,albopictus,9.893642762128046,64.19907431751496,0.0017605101622863034,0,0,0,0,0,0,1,1,1,1.7603552015788004e-4,0,0,0
TUR.39.3_1,2072,5,albopictus,18.015335026909323,53.843713506711964,0.0024607276985520957,0.07028925818157317,0.06991717125118854,0.07067808583442137,4.397271435863104e-14,3.7744807279693756e-14,5.1300630410366913e-14,0.999999999999956,0.9999999999999487,0.9999999999999623,2.381065866956522e-4,1.0470192923676532e-17,8.987287226853087e-18,1.2215018002347643e-17
TUR.39.3_1,2072,6,albopictus,23.112100881688733,30.656936359338822,0.002767754760944276,0.16573612363478887,0.16480622650425686,0.1666189048874213,7.405557340695523e-4,6.443313137007495e-4,8.402769106749447e-4,0.9992594442659305,0.9991597230893251,0.9993556686862992,2.7673717729581604e-4,2.0493930347663888e-7,1.7831042899685037e-7,2.3253586040703272e-7
TUR.39.3_1,2072,7,albopictus,27.92496658773983,26.451285568885424,0.003250269253131482,0.17498035500538242,0.17358963199710906,0.17635868556667983,0.002652335966672989,0.0022045094159847426,0.0031504235608030727,0.997347664033327,0.9968495764391969,0.9977954905840152,3.1449272257977334e-4,8.341403593552432e-7,6.933021681857879e-7,9.907852829164224e-7
TUR.39.3_1,2072,8,albopictus,26.872153282165527,32.045953592173056,0.003859489857871869,0.2081852514748877,0.20675820300155906,0.20961678598620703,0.0562000975587087,0.05180049179928202,0.06071799507610799,0.9437999024412913,0.939282004923892,0.948199508200718,3.734292764284719e-4,2.098676176655812e-5,1.934382017124488e-5,2.267387696745853e-5
TUR.39.3_1,2072,9,albopictus,22.572716544656192,37.78801194945679,0.0030761997903954895,0.17515434867186505,0.17427506999884043,0.1759803553889499,0.0027062512315198773,0.0024116549789848594,0.003003172750551092,0.9972937487684801,0.9969968272494489,0.9975883450210151,3.0757266886505263e-4,8.323689138979041e-7,7.417591582680655e-7,9.236938579498003e-7
TUR.39.3_1,2072,10,albopictus,15.233658159480376,60.37988894314205,0.0030314665102361645,0.01755364536970512,0.01740425912324548,0.017704144260791633,0,0,0,1,1,1,2.933246986932536e-4,0,0,0
TUR.39.3_1,2072,11,albopictus,9.676463858607939,76.05357539365264,0.0017584009373486813,0,0,0,0,0,0,1,1,1,1.7582463477172627e-4,0,0,0
TUR.39.3_1,2072,12,albopictus,4.643636447322719,79.62902812974737,0.0014463123798041436,0,0,0,0,0,0,1,1,1,1.3995591943105623e-4,0,0,0
TUR.39.3_1,2073,1,albopictus,4.5837381259702585,84.27876727092782,0.0014175004777067085,0,0,0,0,0,0,1,1,1,1.3716805718622105e-4,0,0,0
TUR.39.3_1,2073,2,albopictus,5.192746420555255,72.20388718709034,0.0010603332545668271,0,0,0,0,0,0,1,1,1,1.1360068137178381e-4,0,0,0
TUR.39.3_1,2073,3,albopictus,8.277073051342192,70.7357835517186,0.0013016474851640313,0,0,0,0,0,0,1,1,1,1.2595795229197737e-4,0,0,0
TUR.39.3_1,2073,4,albopictus,9.350851872388056,68.92186026722199,0.0017211893921203305,0,0,0,0,0,0,1,1,1,1.7210412759716132e-4,0,0,0
TUR.39.3_1,2073,5,albopictus,15.45372766606948,69.51209424401665,0.0024057676589291743,0.023283323691161394,0.02311052516689375,0.023454208519311244,0,0,0,1,1,1,2.3278912546342845e-4,0,0,0
TUR.39.3_1,2073,6,albopictus,22.27508382236256,46.130489063196244,0.0027059373110015087,0.19283189641376622,0.19200303003359256,0.19368652828447244,0.01869919780777773,0.01734416178967299,0.020149988344629655,0.9813008021922223,0.9798500116553703,0.982655838210327,2.7055712391843567e-4,5.05920117845426e-6,4.692586530589952e-6,5.451722893513e-6
TUR.39.3_1,2073,7,albopictus,27.313018574434167,34.03115007083855,0.0031776749034834583,0.21596775439119567,0.21453736491245645,0.2174647671237176,0.08214286034487274,0.07716353448484774,0.08740259951018117,0.9178571396551273,0.9125974004898189,0.9228364655151523,3.0746964766004137e-4,2.5256436328026007e-5,2.3725444760259587e-5,2.6873646475967114e-5
TUR.39.3_1,2073,8,albopictus,29.62576198577881,28.165859063974814,0.00377328864363849,0.15423096140759796,0.15267215452110713,0.15565248430346257,1.2303219838013014e-4,9.405543744971934e-5,1.5442956911765058e-4,0.9998769678016198,0.9998455704308824,0.9999059445625503,3.650903038229236e-4,4.491786268660392e-8,3.433872823471602e-8,5.6380738308406234e-8
TUR.39.3_1,2073,9,albopictus,23.138733695535098,37.84077684203491,0.003007493260019277,0.1893978771617623,0.1884080605374602,0.19034750505544928,0.013583733404424722,0.012313160390516196,0.014868906221689578,0.9864162665955752,0.9851310937783104,0.9876868396094838,3.0070410545679493e-4,4.084684402141119e-6,3.7026178805762124e-6,4.471141144514138e-6
TUR.39.3_1,2073,10,albopictus,14.852698648677153,45.79260866970455,0.0029637590919727903,0.010534156587289855,0.010424803210473994,0.010637085750125513,0,0,0,1,1,1,2.867742683937413e-4,0,0,0
TUR.39.3_1,2073,11,albopictus,10.69693924618118,59.88380610654326,0.0017191272764529512,2.969059150562412e-11,1.7204274228778623e-11,5.2129391674402605e-11,0,0,0,1,1,1,1.7189795149907816e-4,0,0,0
TUR.39.3_1,2073,12,albopictus,5.367369395625942,82.571319389513,0.001414009177077597,0,0,0,0,0,0,1,1,1,1.3683023567101493e-4,0,0,0
TUR.39.3_1,2074,1,albopictus,4.746184386422529,82.45543353069344,0.0014962352072164164,0,0,0,0,0,0,1,1,1,1.4478647296389813e-4,0,0,0
TUR.39.3_1,2074,2,albopictus,5.808204909019611,81.42478104695363,0.0011192292149572835,0,0,0,0,0,0,1,1,1,1.1991022608237589e-4,0,0,0
TUR.39.3_1,2074,3,albopictus,7.260187293895903,76.72520921089829,0.0013739471875438046,0,0,0,0,0,0,1,1,1,1.3295379191380352e-4,0,0,0
TUR.39.3_1,2074,4,albopictus,12.698050835553339,57.70790152698761,0.0018167924507117594,8.042720973134322e-4,7.88470209607785e-4,8.202860350329596e-4,0,0,0,1,1,1,1.8166274239650448e-4,0,0,0
TUR.39.3_1,2074,5,albopictus,17.687884274651022,53.38532803918267,0.0025393954557927354,0.061224896255143275,0.06089982406872902,0.06157823629018276,8.588685318500211e-16,7.771561172376096e-16,9.992007221626409e-16,0.9999999999999991,0.999999999999999,0.9999999999999992,2.457177537813493e-4,2.1103924643967244e-19,1.9096105546506038e-19,2.455213570265062e-19
TUR.39.3_1,2074,6,albopictus,21.875490469091076,42.62362260811812,0.0028562379603505753,0.16981477495156275,0.1689652354113946,0.17064188350988815,0.0013245632030642648,0.0011744650644640753,0.001482649157379115,0.9986754367969357,0.9985173508426208,0.9988255349355359,2.855830094419254e-4,3.782727457271289e-7,3.3540726759405554e-7,4.234194083108625e-7
TUR.39.3_1,2074,7,albopictus,28.347270741182214,29.28834458988152,0.003354178106078727,0.18242111993301038,0.18099896434990115,0.18379609215160217,0.00652875269294721,0.005530726925105106,0.007591828389929681,0.9934712473070528,0.9924081716100703,0.9944692730748949,3.245452050408826e-4,2.1188753813937662e-6,1.7949709039333668e-6,2.4638915014449212e-6
TUR.39.3_1,2074,8,albopictus,26.59470844268799,51.104608377329306,0.0039828750708681806,0.31524205177000064,0.3137847147016793,0.3167330193430927,0.36556358601988126,0.36262081468652807,0.36855373918846696,0.6344364139801187,0.631446260811533,0.6373791853134719,3.853652507170846e-4,1.4087550297958807e-4,1.3974146116690737e-4,1.4202780410508257e-4
TUR.39.3_1,2074,9,albopictus,23.06516153672162,46.19156495848999,0.003174543763390523,0.21740357075957537,0.21635024893862223,0.21838525968264855,0.08718926722063128,0.0834750047343259,0.09066849174401319,0.9128107327793687,0.9093315082559867,0.9165249952656741,3.17403993030152e-4,2.7674221565201312e-5,2.6495299820885885e-5,2.8778541321571154e-5
TUR.39.3_1,2074,10,albopictus,15.162985170588774,46.91280596584713,0.0031283803913009847,0.013689270727756005,0.013555938498129723,0.013819463367861629,0,0,0,1,1,1,3.0270066638671267e-4,0,0,0
TUR.39.3_1,2074,11,albopictus,8.883791224483183,57.894945022558886,0.0018146157953162867,0,0,0,0,0,0,1,1,1,1.8144511637507854e-4,0,0,0
TUR.39.3_1,2074,12,albopictus,6.690018874538295,79.40083293931768,0.0014925499831177941,0,0,0,0,0,0,1,1,1,1.4442988994589623e-4,0,0,0
TUR.39.3_1,2075,1,albopictus,1.2023213879369639,78.6732451151661,0.001444509033244599,0,0,0,0,0,0,1,1,1,1.3978142643156222e-4,0,0,0
TUR.39.3_1,2075,2,albopictus,5.696578760795734,77.1918403731255,0.0010805364714581342,0,0,0,0,0,0,1,1,1,1.1576506350696736e-4,0,0,0
TUR.39.3_1,2075,3,albopictus,8.12316670597476,70.86984727242172,0.0013264486185299153,0,0,0,0,0,0,1,1,1,1.2835775677977335e-4,0,0,0
TUR.39.3_1,2075,4,albopictus,7.7739966897403505,73.22680716663605,0.001753984329419765,0,0,0,0,0,0,1,1,1,1.7538305153619316e-4,0,0,0
TUR.39.3_1,2075,5,albopictus,14.45595926396987,71.59741376305962,0.002451606309744003,0.010935112974663696,0.010830956059143729,0.011031663051355303,0,0,0,1,1,1,2.3722408144044582e-4,0,0,0
TUR.39.3_1,2075,6,albopictus,21.263878149144787,53.82221956246382,0.002757495288791027,0.18068564646565455,0.1799263100217282,0.18148603966998347,0.005337027786632623,0.004875847003505976,0.005851624243630648,0.9946629722133674,0.9941483757563694,0.995124152996494,2.7571151347205447e-4,1.4714800084948895e-6,1.3443271567948142e-6,1.613360176481172e-6
TUR.39.3_1,2075,7,albopictus,27.414273991304285,27.15455552738152,0.0032382212034402277,0.1829567620575893,0.1815985448171201,0.18435576065363873,0.00693378798233419,0.005927916457424529,0.008071609507044095,0.9930662120176658,0.9919283904929559,0.9940720835425755,3.1332714828735675e-4,2.172544015333917e-6,1.8573771588905179e-6,2.5290543889312435e-6
TUR.39.3_1,2075,8,albopictus,26.8883695602417,45.627618631235556,0.0038451835583104606,0.2815793256047474,0.2801021755078343,0.2830376539191048,0.2897257644356729,0.2859865307207626,0.2933890070131009,0.7102742355643271,0.7066109929868991,0.7140134692792374,3.720453118732925e-4,1.0779111238719799e-4,1.0639994801356707e-4,1.0915400461438474e-4
TUR.39.3_1,2075,9,albopictus,21.552420447854434,45.1643089465271,0.003064796978797895,0.16678125508768502,0.16602937287807928,0.16748634944851273,8.614700522230378e-4,7.712595976711507e-4,9.52124653175776e-4,0.999138529947777,0.9990478753468243,0.9992287404023289,3.0643273777475333e-4,2.6398262661366516e-7,2.3633919004942544e-7,2.917621641754905e-7
TUR.39.3_1,2075,10,albopictus,16.48506959746866,55.33449404568111,0.003020229515295665,0.035710788061903094,0.0354744661641884,0.03595242761881591,0,0,0,1,1,1,2.922375659552001e-4,0,0,0
TUR.39.3_1,2075,11,albopictus,10.179955260280302,76.76152217099639,0.0017518829229257486,0,0,0,0,0,0,1,1,1,1.7517294771973724e-4,0,0,0
TUR.39.3_1,2075,12,albopictus,4.920666676891201,77.34307842271612,0.0014409512106012632,0,0,0,0,0,0,1,1,1,1.394371690827123e-4,0,0,0
TUR.40.25_1,2025,1,albopictus,6.359505534172058,77.44409807174303,0.21024810507762218,0,0,0,0,0,0,1,1,1,0.020140995682795926,0,0,0
TUR.40.25_1,2025,2,albopictus,5.459589162293603,78.3570866531474,0.15727194525121696,0,0,0,0,0,0,1,1,1,0.016709388864057373,0,0,0
TUR.40.25_1,2025,3,albopictus,6.3711202986100135,78.30648913869209,0.19306442681242897,0,0,0,0,0,0,1,1,1,0.01851019669363896,0,0,0
TUR.40.25_1,2025,4,albopictus,12.855841917150162,72.059558976809,0.25529219486293453,0.0014405423278008851,0.0014154278153362396,0.0014651973569473461,0,0,0,1,1,1,0.025206104427262566,0,0,0
TUR.40.25_1,2025,5,albopictus,16.39119036057416,77.93172598417242,0.3568309848933552,0.04607271087067481,0.04582267966046345,0.046340888039892614,0,0,0,1,1,1,0.03394260439657715,0,0,0
TUR.40.25_1,2025,6,albopictus,22.480251536649817,69.05631284621802,0.40135308667925335,0.29093712508721004,0.2899976481660016,0.29191223478803696,0.31256828007142184,0.31034371078360057,0.31486629210815176,0.6874317199285781,0.6851337078918482,0.6896562892163994,0.03934055519196611,0.01229660967340769,0.012209093882561804,0.012387014742770467
TUR.40.25_1,2025,7,albopictus,23.68981080896714,67.66090066701727,0.4713226820854364,0.34282622246309663,0.34167990585965496,0.343978303943922,0.41661238539791184,0.4146568713655101,0.4185680163203708,0.5833876146020881,0.5814319836796293,0.5853431286344899,0.04458728777729504,0.018575616319322044,0.018488425252406807,0.018662812598047897
TUR.40.25_1,2025,8,albopictus,25.663083413067987,70.70754462325243,0.5596659752237834,0.445051356347888,0.44356093255464746,0.4464846822711026,0.5506123527536843,0.5491036624029433,0.5520563012902496,0.44938764724631575,0.4479436987097503,0.4508963375970567,0.052720629419340415,0.029028629803238126,0.028949090698348178,0.029104755678934995
TUR.40.25_1,2025,9,albopictus,22.524923156289493,73.18037332586145,0.4460808083647116,0.3132869157736961,0.3122665603533526,0.31426794503593025,0.3616064411766854,0.35952212165883735,0.36360085299925793,0.6383935588233146,0.6363991470007421,0.6404778783411627,0.04362777100298365,0.015776083008860308,0.015685148794238584,0.015863094751141147
TUR.40.25_1,2025,10,albopictus,19.315660196192127,78.02623125321931,0.4395940197508578,0.15496065312388813,0.15439919637423236,0.1555350079241355,1.3797473119047144e-4,1.2559238236627967e-4,1.5148337272934684e-4,0.9998620252688095,0.9998485166272707,0.9998744076176337,0.04164916957442255,5.746532976337313e-6,5.230818430428898e-6,6.309156678510023e-6
TUR.40.25_1,2025,11,albopictus,13.11666927618139,76.27873325093007,0.25498633541643995,0.0024100137573027773,0.002375967239426529,0.002444322763486212,0,0,0,1,1,1,0.025176288979163464,0,0,0
TUR.40.25_1,2025,12,albopictus,7.415217175203212,78.10027232581686,0.2097302644468278,0,0,0,0,0,0,1,1,1,0.02009189018093871,0,0,0
TUR.40.25_1,2026,1,albopictus,7.5641173124313354,84.64732988326647,0.1992022630997832,0,0,0,0,0,0,1,1,1,0.01909301297794841,0,0,0
TUR.40.25_1,2026,2,albopictus,5.135301270905663,72.96501206818647,0.14900932117595633,0,0,0,0,0,0,1,1,1,0.01583851479281828,0,0,0
TUR.40.25_1,2026,3,albopictus,9.37962611983804,78.60300555714912,0.18292136678663315,0,0,0,0,0,0,1,1,1,0.017546306604533046,0,0,0
TUR.40.25_1,2026,4,albopictus,12.42329148685231,74.58320247046134,0.24187986355278765,6.146680431015876e-4,6.016198771699467e-4,6.277695192869645e-4,0,0,0,1,1,1,0.02389780138504294,0,0,0
TUR.40.25_1,2026,5,albopictus,17.072754691628848,74.78769064481695,0.3380840921664339,0.06243209779652158,0.06210335871850651,0.06274657033888116,1.4985790386390362e-15,1.3322676295501878e-15,1.7763568394002505e-15,0.9999999999999986,0.9999999999999982,0.9999999999999987,0.032188377376150545,4.823682762370219e-17,4.288353322599098e-17,5.717804430132131e-17
TUR.40.25_1,2026,6,albopictus,21.945726619047278,65.88474302199927,0.3802671283961087,0.25062775073638444,0.2497499083135681,0.25147464106947376,0.2022337073371054,0.1994533426817974,0.2049038099216993,0.7977662926628946,0.7950961900783007,0.8005466573182026,0.03731277556170054,0.007545900932880045,0.007442157810516853,0.007645529871345714
TUR.40.25_1,2026,7,albopictus,24.628830965827493,65.02182824880438,0.44656071876136794,0.36548910320777545,0.36421936291043444,0.3667576021664115,0.4527863564433732,0.4508803818889283,0.4546807026711056,0.5472136435566268,0.5453192973288943,0.5491196181110716,0.04229506876506217,0.01915063008165442,0.019070016756809714,0.019230751585621198
TUR.40.25_1,2026,8,albopictus,24.765817025128534,68.57853537642626,0.5302627046429963,0.39531197744475727,0.39400365372581075,0.39648261462711415,0.4940690710874028,0.49239049478517277,0.49556426339250476,0.5059309289125973,0.5044357366074953,0.5076095052148272,0.05002132842248341,0.024713991268254278,0.024630026651758233,0.024788782773602552
TUR.40.25_1,2026,9,albopictus,23.4714334712309,73.9374152570138,0.4226449818362197,0.3697482116228571,0.3686062749257096,0.37088497646214663,0.45909008396765405,0.45741564432675463,0.4607492587423515,0.540909916032346,0.5392507412576485,0.5425843556732454,0.04138380520483975,0.01899889460639092,0.018929599922464676,0.019067557572067784
TUR.40.25_1,2026,10,albopictus,16.193240838892322,74.11956926591462,0.416498990786015,0.03925179314338256,0.039024051630072644,0.039475912944009886,0,0,0,1,1,1,0.03950485740287202,0,0,0
TUR.40.25_1,2026,11,albopictus,12.99070892614477,76.13852023823476,0.24159007309826877,0.001962100789104431,0.0019310603077260253,0.001992036672865359,0,0,0,1,1,1,0.02386951446520158,0,0,0
TUR.40.25_1,2026,12,albopictus,7.194281353670009,76.81796183997702,0.1987116283540328,0,0,0,0,0,0,1,1,1,0.01904643764157765,0,0,0
TUR.40.25_1,2027,1,albopictus,6.941557288169861,79.91762407271959,0.19693393982787014,0,0,0,0,0,0,1,1,1,0.01887766539314739,0,0,0
TUR.40.25_1,2027,2,albopictus,5.519187131348779,78.4260563797099,0.14731254672321792,0,0,0,0,0,0,1,1,1,0.0156595806642863,0,0,0
TUR.40.25_1,2027,3,albopictus,6.976121748194974,74.38035693654365,0.18083843466148744,0,0,0,0,0,0,1,1,1,0.017348249447534436,0,0,0
TUR.40.25_1,2027,4,albopictus,11.655192655675553,75.02914821020744,0.23912556892296655,4.616249657623785e-5,4.443977719098749e-5,4.7877997856837994e-5,0,0,0,1,1,1,0.023628917053029053,0,0,0
TUR.40.25_1,2027,5,albopictus,18.208473990945254,76.54192495878179,0.33423431655549835,0.10344114658566604,0.10302682364564082,0.10385433525380881,2.4028692265920528e-9,2.1444245268398276e-9,2.6812920439489577e-9,0.9999999975971308,0.9999999973187079,0.9999999978555755,0.03182774333895244,7.6477905021039e-11,6.825219345001257e-11,8.53394749915826e-11
TUR.40.25_1,2027,6,albopictus,22.90515922097599,67.56655149367896,0.37593701304770843,0.30497919579467275,0.30398618721150367,0.3060201014285279,0.3442166483523745,0.342076569783239,0.34644915664771164,0.6557833516476255,0.6535508433522884,0.6579234302167609,0.036895830624606774,0.01270015915577904,0.012621199179368867,0.012782529403711829
TUR.40.25_1,2027,7,albopictus,25.697796877692728,63.74545343190986,0.44147571593596713,0.39047456283376863,0.3890262186293848,0.391984771484934,0.4878009009340781,0.4858958342058852,0.4897760978822633,0.5121990990659219,0.5102239021177367,0.5141041657941148,0.041823669018211884,0.020401623427452446,0.020321946547154898,0.020484233410859125
TUR.40.25_1,2027,8,albopictus,26.451709130231073,69.84857779585985,0.5242245843202028,0.4598446718341393,0.4581504407199582,0.46143336753840525,0.5650690552273262,0.5634621682653631,0.5665679725760276,0.4349309447726738,0.43343202742397235,0.4365378317346368,0.04946606115682939,0.02795174044370672,0.027872254074974148,0.028025885980946616
TUR.40.25_1,2027,9,albopictus,20.663459609536563,71.70280374578333,0.41783230835983387,0.20666488016888063,0.20589697856638772,0.20733931141980477,0.051524418431299464,0.04922863741618694,0.05356742754565299,0.9484755815687005,0.946432572454347,0.950771362583813,0.04092234349704815,0.0021084999495312754,0.0020145512102368386,0.0021921046702764505
TUR.40.25_1,2027,10,albopictus,16.290445047266346,79.20881792314118,0.41175630192883583,0.04432312222905794,0.044076749460980766,0.044563601290205715,0,0,0,1,1,1,0.03906391787225738,0,0,0
TUR.40.25_1,2027,11,albopictus,14.845346072140863,76.8581094716332,0.23883907832268492,0.016422972127799876,0.01630185392767646,0.016552725353110108,0,0,0,1,1,1,0.023600944538572644,0,0,0
TUR.40.25_1,2027,12,albopictus,8.81143166037167,72.68517985755514,0.19644889195746185,0,0,0,0,0,0,1,1,1,0.01883161031556202,0,0,0
TUR.40.25_1,2028,1,albopictus,5.7509483098983765,77.85587175338365,0.19492492297900102,0,0,0,0,0,0,1,1,1,0.018686896077902082,0,0,0
TUR.40.25_1,2028,2,albopictus,9.30992905181997,76.20727586213178,0.1510172320837087,0,0,0,0,0,0,1,1,1,0.015501074464564168,0,0,0
TUR.40.25_1,2028,3,albopictus,10.087360227809231,77.43194690236396,0.1789936157213109,0,0,0,0,0,0,1,1,1,0.017172800119245046,0,0,0
TUR.40.25_1,2028,4,albopictus,12.011288923375748,76.65289698950431,0.23668613518502601,2.0150092092209243e-4,1.9636314071632432e-4,2.0694686508284857e-4,0,0,0,1,1,1,0.023390708743491917,0,0,0
TUR.40.25_1,2028,5,albopictus,17.218857596902286,73.9299407058521,0.33082463321692723,0.06605075349124571,0.0657292100841209,0.06638143441215588,7.474687535591328e-15,6.439293542825908e-15,8.548717289613705e-15,0.9999999999999926,0.9999999999999915,0.9999999999999936,0.031508223450571804,2.355141250946155e-16,2.0289069981118287e-16,2.693548945769152e-16
TUR.40.25_1,2028,6,albopictus,22.280805812162512,67.04897336867896,0.3721019006542505,0.27184871004251676,0.27090311582583226,0.2727988457016252,0.2643209346946077,0.2617578159704069,0.26688316396172884,0.7356790653053923,0.7331168360382712,0.7382421840295931,0.03652639851483541,0.009654691796469026,0.009561070300508033,0.009748280803766269
TUR.40.25_1,2028,7,albopictus,25.530835207770853,62.47117669851142,0.4369720120418738,0.3767127880589725,0.3753071612114852,0.3781639407589451,0.46908956013609887,0.46710316355420095,0.4711288477035724,0.5309104398639011,0.5288711522964276,0.5328968364457991,0.04140596421039289,0.019423105538464252,0.019340856872686538,0.019507544206497758
TUR.40.25_1,2028,8,albopictus,24.835105278912714,67.65659171187548,0.5188767198362483,0.3914120124185403,0.3900479079766984,0.392737557136291,0.48902782064500966,0.4872424757317353,0.4907540772309376,0.5109721793549903,0.5092459227690624,0.5127575242682647,0.04897399899685673,0.023949647997703733,0.023862212517711992,0.024034189686011283
TUR.40.25_1,2028,9,albopictus,23.19130308487836,67.39512552312708,0.41356980211926153,0.31790134546475257,0.3168233861113827,0.3189889260683386,0.37087232211835164,0.3687338428447605,0.3730192955789648,0.6291276778816484,0.6269807044210353,0.6312661571552395,0.04051344890784847,0.01502531687347696,0.014938679702685831,0.015112298173080017
TUR.40.25_1,2028,10,albopictus,15.758989053614,72.67857500321931,0.40755577992167896,0.029692160628177148,0.029499147013761703,0.029893480787254484,0,0,0,1,1,1,0.038673215903131886,0,0,0
TUR.40.25_1,2028,11,albopictus,10.684316256467035,78.22518253071523,0.23640256721171013,7.025659646365846e-11,4.418585320425297e-11,1.160346715103534e-10,0,0,0,1,1,1,0.0233630148390942,0,0,0
TUR.40.25_1,2028,12,albopictus,8.340733303743251,77.50300517493795,0.1944448233127723,0,0,0,0,0,0,1,1,1,0.018641301977408764,0,0,0
TUR.40.25_1,2029,1,albopictus,5.930274844169617,78.30652482955553,0.19503879919405945,0,0,0,0,0,0,1,1,1,0.018697710362384212,0,0,0
TUR.40.25_1,2029,2,albopictus,8.262162366334131,74.00128220978803,0.14589492417725491,0,0,0,0,0,0,1,1,1,0.015510059683840671,0,0,0
TUR.40.25_1,2029,3,albopictus,9.101772154078763,77.95080676564521,0.17909818477880468,0,0,0,0,0,0,1,1,1,0.017182745873499328,0,0,0
TUR.40.25_1,2029,4,albopictus,14.345966619603775,71.38991938940666,0.2368244085305775,0.009845956928333385,0.009750128878181132,0.009938798852813454,0,0,0,1,1,1,0.023404212553530757,0,0,0
TUR.40.25_1,2029,5,albopictus,17.725691627053653,67.48301840360601,0.3310179027922236,0.07556986978960138,0.07519232605909973,0.07596474767125705,3.4455360786722624e-13,2.9807822876648514e-13,3.984618190955302e-13,0.9999999999996555,0.9999999999996015,0.9999999999997019,0.031526337474173216,1.0862513319566118e-14,9.397314833796018e-15,1.2562041779378643e-14
TUR.40.25_1,2029,6,albopictus,22.391538844389075,66.08063535598365,0.372319284636837,0.2730306351235555,0.27208397926129063,0.2739760360447268,0.26750267922152554,0.2649587137515271,0.27003057364844657,0.7324973207784744,0.7299694263515534,0.735041286248473,0.03654734266004933,0.009776512079990352,0.009683536902242985,0.009868899903819464
TUR.40.25_1,2029,7,albopictus,25.54637056238511,63.02897699148017,0.437227293501306,0.3811819845556496,0.3797651136882208,0.38260944297492594,0.47531433371097914,0.4733586840861457,0.4772737499545367,0.5246856662890208,0.5227262500454634,0.5266413159138543,0.04142964565507645,0.019692104420424628,0.019611082549442292,0.019773282341086017
TUR.40.25_1,2029,8,albopictus,25.185990670148065,65.085855780479,0.5191798504776965,0.38538998773752575,0.38406894868158975,0.3868538259122908,0.4810434452616903,0.4792601689092577,0.4830088624448629,0.5189565547383097,0.5169911375551371,0.5207398310907423,0.04900189714782177,0.023572041428347183,0.023484657503939136,0.023668350599009565
TUR.40.25_1,2029,9,albopictus,22.213605712441836,72.81843484929895,0.4138114118785886,0.2942544218826549,0.2932761949891611,0.2951446536179483,0.32031723021196473,0.31805225518454094,0.322368919738499,0.6796827697880352,0.677631080261501,0.6819477448154591,0.040536630759267944,0.012984581286933842,0.012892766830568201,0.013067749867703617
TUR.40.25_1,2029,10,albopictus,16.74016924465404,71.0277189851529,0.40779387625606955,0.05047952739805478,0.05018458693123294,0.050752767904030154,0,0,0,1,1,1,0.038695366136663134,0,0,0
TUR.40.25_1,2029,11,albopictus,10.046231844845941,75.39951419575429,0.23654067489528768,0,0,0,0,0,0,1,1,1,0.023376502853125758,0,0,0
TUR.40.25_1,2029,12,albopictus,8.815685047822841,78.16270366126608,0.19455841905095783,0,0,0,0,0,0,1,1,1,0.018652090127697307,0,0,0
TUR.40.25_1,2030,1,albopictus,6.725172400474548,81.13165910689928,0.19203341916285177,0,0,0,0,0,0,1,1,1,0.018412263727912936,0,0,0
TUR.40.25_1,2030,2,albopictus,4.597134747925927,83.1485905593974,0.1436468089633143,0,0,0,0,0,0,1,1,1,0.015272897535339447,0,0,0
TUR.40.25_1,2030,3,albopictus,7.50371345351724,77.67488208302802,0.17633843589610054,0,0,0,0,0,0,1,1,1,0.016920227385234243,0,0,0
TUR.40.25_1,2030,4,albopictus,13.195245069615982,76.87083064428947,0.2331751482231851,0.0027453018132302153,0.002706117895864316,0.0027854027825365635,0,0,0,1,1,1,0.023047762294147733,0,0,0
TUR.40.25_1,2030,5,albopictus,18.79577905991498,74.81510305936773,0.32591720180793304,0.12495959128507206,0.12443352992883705,0.12545258762501588,4.481032092619186e-7,3.9867111845948153e-7,4.982441244527624e-7,0.9999995518967907,0.9999995017558756,0.9999996013288815,0.031048165154458296,1.3912782447406835e-8,1.237800672824259e-8,1.546956586324784e-8
TUR.40.25_1,2030,6,albopictus,22.527361140531653,69.12496213821021,0.36658216490525103,0.29365840028228934,0.29254905976390555,0.29466652958042777,0.3189375739316937,0.3163574897002491,0.32126952231777994,0.6810624260683062,0.6787304776822201,0.683642510299751,0.03599443974661665,0.011479979287816442,0.011387110601406514,0.011563916463491641
TUR.40.25_1,2030,7,albopictus,22.988547381232767,73.68127496511298,0.4304899972176042,0.34172204667176265,0.34061234645498795,0.3427717808792879,0.414727532779277,0.4128222717782851,0.41652143641760253,0.585272467220723,0.5834785635823976,0.5871777282217149,0.040804457432855545,0.016922731957525212,0.01684498881611176,0.01699593122217391
TUR.40.25_1,2030,8,albopictus,24.085580208722284,77.7733328922954,0.5111797358252342,0.42969357105235884,0.42830488973588887,0.43094975335237035,0.5345508841157023,0.5330429215545642,0.5359087725761718,0.4654491158842977,0.4640912274238283,0.4669570784454357,0.048265344916072594,0.02580028279703592,0.025727500463902073,0.025865821751938033
TUR.40.25_1,2030,9,albopictus,22.033019851235782,65.87811197332239,0.40743493417730653,0.2548316559045136,0.2538684956693247,0.25571939284041184,0.21531584954123606,0.21235639422558333,0.21802964738084762,0.7846841504587639,0.7819703526191524,0.7876436057744167,0.039924635983536017,0.008596406914419659,0.008478251738232684,0.008704754305299059
TUR.40.25_1,2030,10,albopictus,15.73294039333568,82.5035490632779,0.4015101235996079,0.033273086589703814,0.033064964542592425,0.033478723212988656,0,0,0,1,1,1,0.03811061411288452,0,0,0
TUR.40.25_1,2030,11,albopictus,9.802878001156976,76.93807315571523,0.23289578667901356,0,0,0,0,0,0,1,1,1,0.02302046962435267,0,0,0
TUR.40.25_1,2030,12,albopictus,9.35267521353329,81.19121470862936,0.19156044126430577,0,0,0,0,0,0,1,1,1,0.018367333412088738,0,0,0
TUR.40.25_1,2031,1,albopictus,8.921178698539734,83.39028032271959,0.21770811775874085,0,0,0,0,0,0,1,1,1,0.02084813658348983,0,0,0
TUR.40.25_1,2031,2,albopictus,6.435558953705956,75.42250108185834,0.16285226049603274,0,0,0,0,0,0,1,1,1,0.017297113676107423,0,0,0
TUR.40.25_1,2031,3,albopictus,9.097764814601224,74.62750354298896,0.19991472908631577,0,0,0,0,0,0,1,1,1,0.019160642536533823,0,0,0
TUR.40.25_1,2031,4,albopictus,14.201212209813736,67.27245723120353,0.2643504596704342,0.008049392730095176,0.007962962470135837,0.00813485613348571,0,0,0,1,1,1,0.02608869875214115,0,0,0
TUR.40.25_1,2031,5,albopictus,18.00807268479291,65.90838766630132,0.3694920439375626,0.0828875873402962,0.08247484537808845,0.0832758135356138,4.730574709732593e-12,4.0978498372368215e-12,5.3865217841675415e-12,0.9999999999952695,0.9999999999946135,0.9999999999959022,0.03512555467027956,1.6616406058855405e-13,1.4393924848845818e-13,1.8920456541242875e-13
TUR.40.25_1,2031,6,albopictus,22.735443339628333,64.97143583205786,0.41559387669792175,0.2842964795501554,0.283283227168957,0.28521026003651206,0.2965145758176882,0.29400135596142535,0.2987700552259341,0.7034854241823117,0.7012299447740659,0.7059986440385746,0.040707636488341414,0.012070407565881201,0.011968100325557172,0.012162222801739016
TUR.40.25_1,2031,7,albopictus,23.32468324549058,76.32331140310126,0.4880461297662519,0.37636653874050585,0.3752036849232222,0.3774597824232247,0.4686018767896359,0.4669561975948398,0.47014222872787,0.5313981232103642,0.5298577712721301,0.5330438024051602,0.04613227541553944,0.02161767084029816,0.021541751914438204,0.021688730780149636
TUR.40.25_1,2031,8,albopictus,24.568137505475214,70.631998358604,0.579524015184803,0.40181467639034024,0.40050808412317995,0.4031345833494917,0.5022567321823489,0.5006342999020197,0.5038877632657031,0.4977432678176511,0.49611223673429694,0.49936570009798037,0.05453931149168345,0.027392736365288158,0.02730425002577712,0.027481691677595833
TUR.40.25_1,2031,9,albopictus,21.128347228555118,74.51394571355677,0.4619086251527669,0.2407389847227688,0.23997067596330088,0.2414849834852478,0.16987556503853266,0.16727209302851997,0.17239471118177754,0.8301244349614674,0.8276052888182225,0.83272790697148,0.04514030212611764,0.0076682343296843114,0.007550712816575446,0.007781949347690229
TUR.40.25_1,2031,10,albopictus,17.564275461084705,77.57846208818025,0.4551916726318415,0.08080328063777466,0.08042128113473779,0.08116998677127832,2.3000791271599042e-12,2.006825261524625e-12,2.6091517835169495e-12,0.9999999999977,0.9999999999973909,0.9999999999979932,0.04309466127921735,9.912113090035396e-14,8.648345489198048e-14,1.1244051233672877e-13
TUR.40.25_1,2031,11,albopictus,12.681141474667719,77.21729373676992,0.26403374773445504,0.001137159238785159,0.0011169532907297389,0.0011581371394576464,0,0,0,1,1,1,0.02605785333031907,0,0,0
TUR.40.25_1,2031,12,albopictus,10.065898670869716,76.8549949210317,0.21717190313275114,0,0,0,0,0,0,1,1,1,0.020797325373202558,0,0,0
TUR.40.25_1,2032,1,albopictus,6.206323981285095,79.28475053756334,0.20995441806726275,0,0,0,0,0,0,1,1,1,0.02011314639721351,0,0,0
TUR.40.25_1,2032,2,albopictus,8.888317265931299,78.06112718049116,0.16266126771115638,0,0,0,0,0,0,1,1,1,0.016686244026691166,0,0,0
TUR.40.25_1,2032,3,albopictus,8.030435407862942,74.98679461964912,0.19279474298200222,0,0,0,0,0,0,1,1,1,0.018484581011342205,0,0,0
TUR.40.25_1,2032,4,albopictus,12.685720724218033,72.85361110083244,0.2549355875991035,0.0010555527327380753,0.0010365450436424766,0.0010754207615650952,0,0,0,1,1,1,0.025171341949048687,0,0,0
TUR.40.25_1,2032,5,albopictus,17.70368273117963,77.48337698514898,0.3563325422314427,0.08559986607183348,0.08518103928548722,0.08599050210906223,1.1754224260585033e-11,1.0210757239725866e-11,1.3338410931318379e-11,0.9999999999882457,0.9999999999866616,0.9999999999897892,0.033896004154625015,3.9842123437118443e-13,3.461038698196154e-13,4.5211883234406347e-13
TUR.40.25_1,2032,6,albopictus,21.468000636381262,73.76921873000708,0.4007924529076346,0.25681232112907004,0.2559775817731974,0.2577158628016427,0.22134126828655498,0.2188149058109729,0.2240629724548637,0.778658731713445,0.7759370275451364,0.781185094189027,0.03928669586943401,0.008695767090528685,0.00859651465629454,0.008802693854435599
TUR.40.25_1,2032,7,albopictus,24.20185953028062,65.79636056691962,0.47066431063726016,0.353792634170766,0.3526064078454106,0.3549776519849809,0.4346954218356422,0.4327953511287795,0.43658426468388495,0.5653045781643578,0.563415735316115,0.5672046488712205,0.04452641327828655,0.019355428002832912,0.019270824669281178,0.019439531400111506
TUR.40.25_1,2032,8,albopictus,23.88794455808752,69.59015875899462,0.5588842006294169,0.3637562363574076,0.3624302965625938,0.3648955198915117,0.4501796999398757,0.44816976123946506,0.4518979086185382,0.5498203000601243,0.5481020913814618,0.5518302387605349,0.052648959713523125,0.023701492885980443,0.02359567170431587,0.023791954785482773
TUR.40.25_1,2032,9,albopictus,19.273315261392032,69.70359720281458,0.44545769626132786,0.13618108428051842,0.13562281652874225,0.13673711582591924,4.613940766730052e-6,4.125588429390592e-6,5.139962878192295e-6,0.9999953860592332,0.9999948600371218,0.9999958744115707,0.0435681764351753,2.0102098538634288e-7,1.7974436459060706e-7,2.2393880954733334e-7
TUR.40.25_1,2032,10,albopictus,17.436732965357166,75.40698381669587,0.4389799687781518,0.07429431614766997,0.07393137676529093,0.07466001579659011,2.124251885504691e-13,1.844080443902385e-13,2.4358848271788244e-13,0.9999999999997876,0.9999999999997564,0.9999999999998156,0.04159221856685602,8.835234871296712e-15,7.669939687765287e-15,1.0131385413570997e-14
TUR.40.25_1,2032,11,albopictus,11.80390415472143,76.83931827290273,0.2546301553952059,9.426319432291441e-5,9.119058737036766e-5,9.729432636598058e-5,0,0,0,1,1,1,0.025141567087795802,0,0,0
TUR.40.25_1,2032,12,albopictus,8.260136379915126,78.2937156241567,0.20943730078694348,0,0,0,0,0,0,1,1,1,0.020064108096833455,0,0,0
TUR.40.25_1,2033,1,albopictus,7.160541415214539,78.89930589645006,0.20619334756543328,0,0,0,0,0,0,1,1,1,0.019756427591877013,0,0,0
TUR.40.25_1,2033,2,albopictus,8.419631162110498,77.1052555984599,0.15423886392461716,0,0,0,0,0,0,1,1,1,0.016389794037962147,0,0,0
TUR.40.25_1,2033,3,albopictus,8.458269918666165,77.2540523100788,0.18934106657255845,0,0,0,0,0,0,1,1,1,0.01815647747603011,0,0,0
TUR.40.25_1,2033,4,albopictus,13.42954377567067,74.90483485571525,0.2503687357690155,0.003706859726497373,0.0036596462575624075,0.0037567348435443553,0,0,0,1,1,1,0.024726050473674266,0,0,0
TUR.40.25_1,2033,5,albopictus,17.596243690041934,71.76018667753179,0.34994929092496524,0.0758258036019275,0.0754419261749711,0.07618037388926707,3.791933433916483e-13,3.274824855736824e-13,4.318767565791859e-13,0.9999999999996209,0.9999999999995681,0.9999999999996726,0.03329902450303668,1.2626768432986899e-14,1.0904847311433407e-14,1.438107469962232e-14
TUR.40.25_1,2033,6,albopictus,22.664655909818762,63.762398051296145,0.3936127579725947,0.27549179425653825,0.27453279226447524,0.2765051383117461,0.27404166169774896,0.2715098494651851,0.27670280148347437,0.725958338302251,0.7232971985165256,0.728490150534815,0.03859668535145444,0.010577099789737742,0.010479380229628509,0.010679810964723622
TUR.40.25_1,2033,7,albopictus,26.751933153937845,61.83673150808173,0.4622329488621792,0.3957733786928728,0.3941028900097934,0.39734425142842694,0.49465816315543754,0.492518312379204,0.49665812690659855,0.5053418368445625,0.5033418730934015,0.507481687620796,0.043746487702828074,0.021639557251582873,0.021545946295914484,0.021727048641229135
TUR.40.25_1,2033,8,albopictus,26.685941079083612,62.68367606246141,0.548872489991099,0.4018718544932061,0.40027187800924635,0.40330144662110884,0.5023269866803197,0.5003396171323679,0.5040930263508787,0.4976730133196803,0.49590697364912123,0.49966038286763215,0.05173064997110455,0.025985701518999316,0.025882893600550988,0.02607705989903209
TUR.40.25_1,2033,9,albopictus,21.33504087784711,65.04389108709192,0.4374778794199188,0.2183807681749463,0.21755778671554774,0.21916649080271963,0.09065427787476497,0.08773179013429444,0.09345338395855073,0.909345722125235,0.9065466160414493,0.9122682098657056,0.042804656760999205,0.0038804252483455592,0.0037553291637264894,0.004000240023499633
TUR.40.25_1,2033,10,albopictus,14.690373140222887,70.23298021562165,0.43111619231341186,0.013178449769501409,0.013063551186425111,0.013293013404815474,0,0,0,1,1,1,0.04086258246630914,0,0,0
TUR.40.25_1,2033,11,albopictus,12.623021700802973,79.55091190083242,0.2500687750005988,0.0010555660687398011,0.0010371121510586716,0.001074703822563646,0,0,0,1,1,1,0.02469679564257965,0,0,0
TUR.40.25_1,2033,12,albopictus,9.933347477632411,80.34987559730124,0.20568549379367412,0,0,0,0,0,0,1,1,1,0.01970825024069167,0,0,0
TUR.40.25_1,2034,1,albopictus,8.647093653678894,79.12184770553209,0.20951102361991183,0,0,0,0,0,0,1,1,1,0.02007109939286922,0,0,0
TUR.40.25_1,2034,2,albopictus,7.480879941407372,75.87973832551069,0.15672058601485236,0,0,0,0,0,0,1,1,1,0.01665130003824722,0,0,0
TUR.40.25_1,2034,3,albopictus,9.69411643813638,77.25767627248115,0.19238758737506817,0,0,0,0,0,0,1,1,1,0.018445906426241998,0,0,0
TUR.40.25_1,2034,4,albopictus,10.57977227603688,76.4833642136254,0.25439719919549597,8.864414479146673e-14,2.181419014013438e-14,3.1214939941720657e-13,0,0,0,1,1,1,0.02511885689169413,0,0,0
TUR.40.25_1,2034,5,albopictus,18.30009729721967,78.26302481229742,0.3555800176020956,0.1095655710743349,0.10907294155129765,0.11003573198706035,1.1932626696742333e-8,1.0509620193555058e-8,1.3416787961184618e-8,0.9999999880673733,0.999999986583212,0.9999999894903798,0.033825645103864765,4.0362879580090826e-10,3.554946828436039e-10,4.538315080088362e-10
TUR.40.25_1,2034,6,albopictus,24.06550620583927,72.13594846633521,0.3999460351480309,0.38884963637270303,0.38763994908407445,0.3900976328486169,0.4856610418024149,0.4840573061870933,0.4873078358253153,0.5143389581975851,0.5126921641746848,0.5159426938129067,0.039205375947700905,0.01904052372701576,0.01897764866929636,0.019105086905791994
TUR.40.25_1,2034,7,albopictus,24.93941026575425,75.09216363698798,0.4696703332595803,0.45268690929950733,0.4512351960777368,0.4540224432183511,0.5581924140323958,0.5567721628711638,0.5594931418018257,0.44180758596760417,0.4405068581981743,0.4432278371288361,0.04443450055483267,0.02480300113102588,0.024739892980014114,0.024860798319818293
TUR.40.25_1,2034,8,albopictus,24.57846389097326,69.2406294926372,0.5577039151486329,0.3923682183220845,0.3910905916168719,0.39374516675295335,0.49027322752339675,0.48860953462147505,0.4920572578420194,0.5097267724766033,0.5079427421579806,0.511390465378525,0.052540745984001824,0.02575932111006352,0.025671909443908264,0.025853055393862033
TUR.40.25_1,2034,9,albopictus,21.471011947183047,71.09980691961145,0.4445169517374917,0.2467393819893976,0.24591722106034597,0.24756309858506167,0.18977449016607895,0.18709777806987216,0.19244477067110713,0.810225509833921,0.8075552293288929,0.8129022219301278,0.043478196402786384,0.008251052555679433,0.008134673941446841,0.00836715153592758
TUR.40.25_1,2034,10,albopictus,17.112899499780994,75.89708086259431,0.4380529043112724,0.06456096007199805,0.0642414201826318,0.06487115051105857,3.89999144090325e-15,3.3306690738754696e-15,4.440892098500626e-15,0.9999999999999961,0.9999999999999956,0.9999999999999967,0.041506230277498446,1.6187394282640326e-16,1.3824351755841773e-16,1.843246900778903e-16
TUR.40.25_1,2034,11,albopictus,10.657859423581293,82.63316440327382,0.25409241202181254,2.7650044612202552e-11,1.656775502777011e-11,4.856481022322939e-11,0,0,0,1,1,1,0.02508914331205203,0,0,0
TUR.40.25_1,2034,12,albopictus,10.9170301100787,79.66570201331686,0.20899499841916316,5.8891733230102436e-8,5.154153959783651e-8,6.774040784759909e-8,0,0,0,1,1,1,0.020022162557333356,0,0,0
TUR.40.25_1,2035,1,albopictus,8.735970377922058,77.17565019576647,0.1856455917249951,0,0,0,0,0,0,1,1,1,0.01780528132235315,0,0,0
TUR.40.25_1,2035,2,albopictus,5.248288312379052,77.8918995803935,0.1388685207275658,0,0,0,0,0,0,1,1,1,0.014768628114055216,0,0,0
TUR.40.25_1,2035,3,albopictus,7.377080763087553,76.32521167287177,0.17047268865233256,0,0,0,0,0,0,1,1,1,0.016362020824489565,0,0,0
TUR.40.25_1,2035,4,albopictus,12.470859808080338,78.8041649948754,0.22541877635760257,7.476618445160338e-4,7.32460410305086e-4,7.632385444017836e-4,0,0,0,1,1,1,0.022289707859491914,0,0,0
TUR.40.25_1,2035,5,albopictus,14.11060411789838,80.95048666532476,0.31507584485426315,0.00898413071870397,0.008892092936268366,0.009072984439606408,0,0,0,1,1,1,0.030031042711672895,0,0,0
TUR.40.25_1,2035,6,albopictus,20.036409602445715,71.24554471877661,0.3543881227358261,0.17421933650949345,0.1736136152363366,0.1748976044182045,0.0023961938279309816,0.0022114822995495526,0.002614491567270669,0.997603806172069,0.9973855084327293,0.9977885177004504,0.03481821029746168,8.343118061438064e-5,7.699985577483047e-5,9.103191721017033e-5
TUR.40.25_1,2035,7,albopictus,23.39062219507554,71.48473413259345,0.4161701156681462,0.3506670163610756,0.3494899543313654,0.351817594639727,0.42965675845261264,0.42773750852378967,0.4315236179226137,0.5703432415473874,0.5684763820773863,0.5722624914762104,0.03947428759835292,0.016960394451734483,0.016884633428071005,0.017034087399359014
TUR.40.25_1,2035,8,albopictus,24.41650901121252,68.02155905806688,0.4941757791367808,0.3771621426879108,0.37583560256062276,0.3784082516319437,0.4697224656959332,0.46785243977358326,0.4714703015606315,0.5302775343040668,0.5285296984393685,0.5321475602264167,0.046697934210487624,0.021935068800256717,0.02184774245276291,0.02201668912447713
TUR.40.25_1,2035,9,albopictus,18.913467238931094,75.04006876043177,0.3938819595803589,0.13046306479141834,0.1299691053293089,0.13097210328458464,1.4490512605738193e-6,1.3054330665535074e-6,1.6080937033480236e-6,0.9999985509487395,0.9999983919062967,0.9999986945669335,0.038622566134896785,5.596607814436789e-8,5.0419174947643956e-8,6.210870540867012e-8
TUR.40.25_1,2035,10,albopictus,15.741574960596422,79.126740896774,0.3881542327589008,0.03199638666502477,0.03179686829909106,0.03218816625642387,0,0,0,1,1,1,0.03686656293014112,0,0,0
TUR.40.25_1,2035,11,albopictus,12.619701960507562,79.55381107075429,0.22514870753625357,0.0010486685197652636,0.0010294114654962687,0.0010689118605335217,0,0,0,1,1,1,0.02226330259630971,0,0,0
TUR.40.25_1,2035,12,albopictus,7.69363094778622,81.08283152991842,0.18518834703169537,0,0,0,0,0,0,1,1,1,0.017761818748868285,0,0,0
TUR.40.25_1,2036,1,albopictus,8.075098872184753,77.15571458785631,0.20544273638663868,0,0,0,0,0,0,1,1,1,0.01968522031695219,0,0,0
TUR.40.25_1,2036,2,albopictus,7.259220281068017,79.982353681956,0.1591658620491312,0,0,0,0,0,0,1,1,1,0.016330619686168446,0,0,0
TUR.40.25_1,2036,3,albopictus,6.47916396926431,71.14121356496162,0.1886518032046937,0,0,0,0,0,0,1,1,1,0.018090983474987388,0,0,0
TUR.40.25_1,2036,4,albopictus,10.843805593602799,74.83901606909416,0.24945731173857116,9.748000267796991e-9,8.0099084767448e-9,1.1905698283315453e-8,0,0,0,1,1,1,0.024637157611394733,0,0,0
TUR.40.25_1,2036,5,albopictus,14.65996534684125,80.76584768827398,0.3486753611261575,0.01488362925312336,0.014765006090878123,0.015002782719126808,0,0,0,1,1,1,0.03317983884870701,0,0,0
TUR.40.25_1,2036,6,albopictus,22.13592742471134,67.42923765090552,0.39217987888246475,0.26627219931283724,0.2653611065616565,0.2671411480411684,0.24893321370158522,0.2463610213327166,0.25137466815629494,0.7510667862984148,0.748625331843705,0.7536389786672835,0.03845891801081891,0.009573702055918927,0.009474778320496556,0.009667597752619758
TUR.40.25_1,2036,7,albopictus,24.52679735071519,66.87072427541571,0.46055026984891445,0.3739219364112875,0.3726578465544315,0.3752685373272595,0.4651273054444491,0.4633146718464113,0.4670483160658042,0.5348726945555509,0.5329516839341958,0.5366853281535886,0.04359075879310248,0.02027525217971468,0.020196238105762345,0.020358990490349158
TUR.40.25_1,2036,8,albopictus,25.699233391705683,72.0561698063579,0.5468744147302597,0.4578762954307774,0.45629061025551026,0.45934501686195633,0.5631996206440972,0.5616828497002899,0.564597431872375,0.4368003793559027,0.435402568127625,0.43831715029971,0.051547272868818106,0.029031404524956124,0.028953219119236193,0.029103457881759255
TUR.40.25_1,2036,9,albopictus,22.91474516251508,69.85776437810755,0.4358853169505416,0.31714752233634,0.3159793653272994,0.3182063287078288,0.36937709095500915,0.36704767922996356,0.3714773192936454,0.6306229090449909,0.6285226807063546,0.6329523207700365,0.042652205283945865,0.01575474751059979,0.01565539296351232,0.015844326880842467
TUR.40.25_1,2036,10,albopictus,16.672668176538807,78.97786089189118,0.42954678846440003,0.05418062154229085,0.05388403027494641,0.05445442838348826,0,0,0,1,1,1,0.04071689973055703,0,0,0
TUR.40.25_1,2036,11,albopictus,12.572243311825922,78.32163333637929,0.24915844292539271,9.272410300571384e-4,9.093588242608246e-4,9.452195181755452e-4,0,0,0,1,1,1,0.024608006622268586,0,0,0
TUR.40.25_1,2036,12,albopictus,8.772188915925868,81.17877879554342,0.20493673136859913,0,0,0,0,0,0,1,1,1,0.01963721486438652,0,0,0
TUR.40.25_1,2037,1,albopictus,8.296467661857605,82.10114152877428,0.20351817754651938,0,0,0,0,0,0,1,1,1,0.019502622009163972,0,0,0
TUR.40.25_1,2037,2,albopictus,4.548600831452538,73.49243211213178,0.15223775579288396,0,0,0,0,0,0,1,1,1,0.016178881030397885,0,0,0
TUR.40.25_1,2037,3,albopictus,7.868749464259428,70.52975574025459,0.18688453947978523,0,0,0,0,0,0,1,1,1,0.01792303761200509,0,0,0
TUR.40.25_1,2037,4,albopictus,12.86619977390065,70.801746476809,0.24712043050839064,0.0014350817627532717,0.001410046631656828,0.0014604353335437752,0,0,0,1,1,1,0.024409200265070652,0,0,0
TUR.40.25_1,2037,5,albopictus,17.27659304001752,68.2149977737232,0.3454090190768371,0.06283475245596354,0.06250636309895931,0.06316760442604029,1.7992274337075286e-15,1.5543122344752192e-15,2.1094237467877974e-15,0.9999999999999982,0.9999999999999979,0.9999999999999984,0.03287418099273076,5.914812830278779e-17,5.109674171535413e-17,6.934557804226632e-17
TUR.40.25_1,2037,6,albopictus,22.95395492104923,64.26952390578833,0.3885059925913491,0.2910141409275903,0.29000573167630156,0.29204410977201023,0.3127500932524288,0.31036293061894016,0.3151756251487049,0.6872499067475712,0.6848243748512951,0.6896370693810598,0.038105593851207264,0.011917528030404249,0.011826563780635754,0.012009954363716895
TUR.40.25_1,2037,7,albopictus,23.03412156946519,69.01466043264227,0.45623589929122804,0.31879415115718684,0.31774148658130447,0.31985501895766627,0.3726343496535194,0.37055783111728663,0.3747169912912924,0.6273656503464806,0.6252830087087077,0.6294421688827133,0.0431913556900797,0.016094582738226684,0.01600489508753121,0.016184534853978708
TUR.40.25_1,2037,8,albopictus,24.56327948850744,74.28990393721728,0.5417513716486906,0.4285840498951427,0.42717360377134644,0.4298829898974999,0.533345782052756,0.5318062768250144,0.5347571207146775,0.46665421794724404,0.46524287928532243,0.4681937231749857,0.05107693394633539,0.027241667280465207,0.02716303407363781,0.02731375413207609
TUR.40.25_1,2037,9,albopictus,19.991210769204532,69.74936594060755,0.4318020042242323,0.1684045704285785,0.1677950612824586,0.16902733542299703,0.0010861627412225695,9.95094929713161e-4,0.0011847563544936158,0.9989138372587775,0.9988152436455063,0.9990049050702868,0.042261210418296224,4.5902552155320444e-5,4.2053916210787596e-5,5.006923759166825e-5
TUR.40.25_1,2037,10,albopictus,19.569518762476307,75.56075426347321,0.42552285418702457,0.16191185986785414,0.16129530714501714,0.1625040610959936,4.170432104308122e-4,3.789477023186549e-4,4.560413551645076e-4,0.9995829567895692,0.9995439586448355,0.9996210522976813,0.040343269682350136,1.6824886707603352e-5,1.5287989350148438e-5,1.839819937770615e-5
TUR.40.25_1,2037,11,albopictus,12.698712923947504,74.9136285756371,0.24682436145648173,0.001127428131807143,0.0011077460309937585,0.0011489465888442866,0,0,0,1,1,1,0.024380315613167336,0,0,0
TUR.40.25_1,2037,12,albopictus,10.81175781698788,75.27159800941061,0.20301691271276545,4.502262400279603e-9,3.6052375048383426e-9,5.5221059632231625e-9,0,0,0,1,1,1,0.01945505741790854,0,0,0
TUR.40.25_1,2038,1,albopictus,9.148571848869324,77.3224855229149,0.21116331631457883,0,0,0,0,0,0,1,1,1,0.020227776804660702,0,0,0
TUR.40.25_1,2038,2,albopictus,9.298297086182764,79.86986588898725,0.1579565509531271,0,0,0,0,0,0,1,1,1,0.0167815111859545,0,0,0
TUR.40.25_1,2038,3,albopictus,10.036739195094388,71.86700549611396,0.19390483739691483,0,0,0,0,0,0,1,1,1,0.018590018068875613,0,0,0
TUR.40.25_1,2038,4,albopictus,13.631940168492935,74.0130272995629,0.2564034832874349,0.004744873888640258,0.00468902437362646,0.004802177251180123,0,0,0,1,1,1,0.025314426125561007,0,0,0
TUR.40.25_1,2038,5,albopictus,19.600294898538028,60.62210608060796,0.3583842722675655,0.13209137631273415,0.13156789460253673,0.1326991710991964,2.028440598426773e-6,1.8184837048185186e-6,2.2924539648166985e-6,0.9999979715594016,0.9999977075460351,0.9999981815162953,0.0340878094268956,6.91450965529499e-8,6.198812597576875e-8,7.814473387260285e-8
TUR.40.25_1,2038,6,albopictus,22.55611251382267,63.99544935134497,0.4031001790241783,0.27156602969765914,0.27057733899496517,0.2725476529346088,0.263555652443899,0.2608699010450673,0.2662080792748611,0.736444347556101,0.7337919207251389,0.7391300989549328,0.039508376607774065,0.01041265597386117,0.010306546296121273,0.010517449052023387
TUR.40.25_1,2038,7,albopictus,24.398579653571634,61.77159555227119,0.47337435249035104,0.336557346921129,0.33527637850446435,0.3377706798623058,0.40574561375208956,0.40347728702551106,0.4078823549776311,0.5942543862479105,0.5921176450223689,0.596522712974489,0.044776964945249076,0.018168057123665884,0.018066488337345504,0.01826373391061903
TUR.40.25_1,2038,8,albopictus,26.09680114072912,64.43615943038134,0.5621022045028915,0.4054975866945966,0.40390715265969196,0.40708458233257105,0.5067769635255344,0.5048366968913046,0.5087016099818086,0.49322303647446564,0.4912983900181914,0.49516330310869544,0.05294393758506322,0.02683076792644375,0.026728042570862712,0.026932666288298043
TUR.40.25_1,2038,9,albopictus,19.043355773476993,74.89438547185755,0.44802260074498235,0.13594491479834261,0.1353897813639864,0.13648022123505874,4.403413020520053e-6,3.9390876691636215e-6,4.886922990798847e-6,0.9999955965869795,0.9999951130770092,0.9999960609123308,0.04381346060456437,1.9292876290018112e-7,1.7258506241082558e-7,2.1411300793490518e-7
TUR.40.25_1,2038,10,albopictus,15.39035006130443,78.84130998857087,0.4415075751021719,0.025296309892997873,0.025122225208218628,0.025462406022817664,0,0,0,1,1,1,0.04182662321033348,0,0,0
TUR.40.25_1,2038,11,albopictus,11.936057665768793,80.86618137104726,0.2560962924329722,1.7219562611607922e-4,1.6764174076605104e-4,1.7679255975169017e-4,0,0,0,1,1,1,0.025284484216242187,0,0,0
TUR.40.25_1,2038,12,albopictus,8.117669834810146,78.28369822913717,0.21064322152047543,0,0,0,0,0,0,1,1,1,0.020178461908841983,0,0,0
TUR.40.25_1,2039,1,albopictus,7.322052836418152,76.74103410689928,0.2037454535739248,0,0,0,0,0,0,1,1,1,0.01952418727674221,0,0,0
TUR.40.25_1,2039,2,albopictus,5.238488355103661,78.1968083328349,0.15240776513934548,0,0,0,0,0,0,1,1,1,0.01619680145134217,0,0,0
TUR.40.25_1,2039,3,albopictus,8.314375723109524,80.90011706837959,0.18709324012868306,0,0,0,0,0,0,1,1,1,0.017942872260026888,0,0,0
TUR.40.25_1,2039,4,albopictus,11.561238569371842,71.09869014135978,0.24739639873105135,2.52136448632639e-5,2.4179265972946812e-5,2.62187174673486e-5,0,0,0,1,1,1,0.02443612309948129,0,0,0
TUR.40.25_1,2039,5,albopictus,16.049217055825626,72.67161703641851,0.34579474968150425,0.035420519466929694,0.03519549230193101,0.03563877148471477,0,0,0,1,1,1,0.03291028193443657,0,0,0
TUR.40.25_1,2039,6,albopictus,22.062618480009192,66.80400113967505,0.3889398511276422,0.26006572142155143,0.25914137929359365,0.26093458272334075,0.23104886415712073,0.22831675133580828,0.2336044278667068,0.7689511358428792,0.7663955721332932,0.7716832486641918,0.03814732555582989,0.008813896240306401,0.008709673443056537,0.008911384161114644
TUR.40.25_1,2039,7,albopictus,25.322917040656595,63.4404836443122,0.45674539423659694,0.37784523915118845,0.3765069357759019,0.37919434631049137,0.47068092840502196,0.4688012889026101,0.4725659780444732,0.529319071594978,0.5274340219555268,0.5311987110973898,0.04323853089815366,0.02035155186601219,0.02027027901530977,0.020433058643092156
TUR.40.25_1,2039,8,albopictus,22.721383431378534,82.23088294112353,0.5423563647803809,0.37472055716535657,0.3736819048747416,0.3757778952899276,0.46626783261902327,0.4647854334265126,0.46777071924493135,0.5337321673809767,0.5322292807550686,0.5352145665734874,0.051132489604261644,0.023841435104193818,0.023765636342893397,0.023918281438969444
TUR.40.25_1,2039,9,albopictus,21.254537414101993,74.62940134099817,0.4322842129651363,0.24819375467909638,0.24738957199980924,0.2489867246440001,0.19447523854333373,0.1918839458805287,0.19701982479756291,0.8055247614566663,0.8029801752024371,0.8081160541194713,0.04230739230640568,0.008227740210934647,0.008118109375668642,0.008335395019849808
TUR.40.25_1,2039,10,albopictus,18.77415056789623,80.72704454667634,0.4259980507765171,0.1344106865178338,0.1339200540162328,0.13493069808345715,3.244050192442227e-6,2.9355890514642936e-6,3.5949410481489473e-6,0.9999967559498075,0.9999964050589518,0.9999970644109486,0.04038740017782627,1.3101875331911855e-7,1.1856080977913387e-7,1.4519032272728575e-7
TUR.40.25_1,2039,11,albopictus,13.076992609921625,74.21576785786367,0.2470999990482437,0.0021849888238317074,0.0021510148776596894,0.0022194841867860227,0,0,0,1,1,1,0.0244072069885799,0,0,0
TUR.40.25_1,2039,12,albopictus,8.664145245271571,76.25396647864889,0.203243628959804,0,0,0,0,0,0,1,1,1,0.019476570614430866,0,0,0
TUR.40.25_1,2040,1,albopictus,8.129188418388367,81.79637010543443,0.21326473579809346,0,0,0,0,0,0,1,1,1,0.020427006136912396,0,0,0
TUR.40.25_1,2040,2,albopictus,7.817198911133935,79.91122483674116,0.1652259219041019,0,0,0,0,0,0,1,1,1,0.0169470914653852,0,0,0
TUR.40.25_1,2040,3,albopictus,7.863422239527982,76.0090571928913,0.19583450686017798,0,0,0,0,0,0,1,1,1,0.018773271622892773,0,0,0
TUR.40.25_1,2040,4,albopictus,13.189096731298111,64.61604319922111,0.2589551162359274,0.0022049892985097908,0.002170314660433126,0.0022390279709689534,0,0,0,1,1,1,0.025563098380667615,0,0,0
TUR.40.25_1,2040,5,albopictus,18.471588920144473,70.41807699735601,0.36195078043514095,0.10497609635766025,0.10451330908208208,0.1054099840541693,3.625651278427178e-9,3.1990374654844445e-9,4.059910330145299e-9,0.9999999963743488,0.9999999959400897,0.9999999968009625,0.03442113258329249,1.247990233555258e-10,1.1011449273836004e-10,1.3974671175021012e-10
TUR.40.25_1,2040,6,albopictus,20.63550780801212,73.31826810744849,0.407111683412316,0.21012909568373822,0.20940698837521612,0.21084103975779864,0.06237597171567702,0.06004521814473881,0.06469571195214527,0.937624028284323,0.9353042880478547,0.9399547818552612,0.03989360097234751,0.0024884021258876534,0.0023954199729637705,0.0025809449172408167
TUR.40.25_1,2040,7,albopictus,23.822157915900736,69.94858606130438,0.47808519954788353,0.3628758734190525,0.3617326994983326,0.3640436926131706,0.4488458534306578,0.44710556385166544,0.45061540281888673,0.5511541465693423,0.5493845971811132,0.5528944361483346,0.045212340821198294,0.020293371701488514,0.020214689135915533,0.020373377171529067
TUR.40.25_1,2040,8,albopictus,24.767558434430292,69.78593665206103,0.5676960384361927,0.4041473477895563,0.4027169965487215,0.4053990799413229,0.5051295997164735,0.503373332720445,0.5066589694697984,0.49487040028352647,0.4933410305302016,0.49662666727955496,0.053456477005624836,0.027002448832104144,0.02690856498581521,0.02708420355115585
TUR.40.25_1,2040,9,albopictus,21.57563574173871,63.67246545842981,0.4524811565144789,0.22491395817704338,0.22403827498962012,0.2257361057091973,0.11414267151437273,0.11098076297142315,0.11711043476250033,0.8858573284856273,0.8828895652374997,0.8890192370285769,0.04423968668106071,0.005049636024735083,0.004909754181480824,0.005180928940975814
TUR.40.25_1,2040,10,albopictus,18.996959405786853,72.69712206132478,0.44590129573808407,0.12988802689277593,0.12935333583606792,0.1304100975442181,1.2853940920806161e-6,1.1474771890007674e-6,1.4311096125124711e-6,0.999998714605908,0.9999985688903875,0.999998852522811,0.04223395074903624,5.42872707780349e-8,4.8462495085900956e-8,6.044141289132405e-8
TUR.40.25_1,2040,11,albopictus,12.461400607052973,72.26194858296132,0.2586448683313199,6.412009400670327e-4,6.285709861889075e-4,6.540354591559888e-4,0,0,0,1,1,1,0.0255328662110067,0,0,0
TUR.40.25_1,2040,12,albopictus,8.296759381013759,75.7751609366567,0.21273946521232,0,0,0,0,0,0,1,1,1,0.020377210592565476,0,0,0
TUR.40.25_1,2041,1,albopictus,7.6835163831710815,75.79068620650865,0.20820808547230643,0,0,0,0,0,0,1,1,1,0.019947531594922574,0,0,0
TUR.40.25_1,2041,2,albopictus,4.007370152894189,71.6108708328349,0.15574594885015464,0,0,0,0,0,0,1,1,1,0.016548608084854477,0,0,0
TUR.40.25_1,2041,3,albopictus,8.42535194228677,76.91199603566474,0.19119113898592993,0,0,0,0,0,0,1,1,1,0.018332250283856544,0,0,0
TUR.40.25_1,2041,4,albopictus,13.460984510533951,67.90945063940666,0.25281511625900516,0.0034506187876974658,0.0033991917247965324,0.003495146890143333,0,0,0,1,1,1,0.024964610408317656,0,0,0
TUR.40.25_1,2041,5,albopictus,17.860634635476504,68.51800680692632,0.35336868398606364,0.08098110155633806,0.08060253379779458,0.08135513977583275,2.448130365095835e-12,2.138964005915511e-12,2.7829710758098256e-12,0.9999999999975518,0.9999999999972171,0.999999999997861,0.033618861640440145,8.230335602191711e-14,7.190953496875516e-14,9.35603195469974e-14
TUR.40.25_1,2041,6,albopictus,22.75832389382755,66.0126803388938,0.3974587915788177,0.29029132351156123,0.2892798608168322,0.29129369497245516,0.31103913141213124,0.3086327809560847,0.313411681901539,0.6889608685878688,0.6865883180984611,0.6913672190439153,0.038966373201030025,0.012120066874729328,0.01202630012480655,0.012212516562537875
TUR.40.25_1,2041,7,albopictus,24.708468493293314,68.41391427785712,0.4667494779106387,0.39186971286673683,0.3906039761446455,0.39314111791799805,0.4896248477630434,0.48797244305501514,0.49127681998658507,0.5103751522369566,0.508723180013415,0.5120275569449849,0.044164358964124184,0.021623967534361705,0.021550990139682334,0.021696925828640957
TUR.40.25_1,2041,8,albopictus,25.529782631817987,70.9680464848247,0.5542355835374319,0.4426866726500143,0.4413495296598507,0.44409660352011243,0.5482119842857498,0.5468444247700899,0.5496475352308754,0.4517880157142502,0.45035246476912466,0.45315557522991007,0.05222268265257668,0.028629100481694068,0.02855768285509925,0.028704068803132962
TUR.40.25_1,2041,9,albopictus,22.183141540078555,67.81603540471887,0.44175252395861364,0.27030257559242693,0.26934900907299164,0.27117024291497016,0.2601171833918577,0.25750301748498017,0.2624843093953155,0.7398828166081423,0.7375156906046845,0.7424969825150198,0.04321373630593206,0.011240635371737508,0.011127667495577746,0.01134292773065385
TUR.40.25_1,2041,10,albopictus,19.99394007290111,74.61706682450837,0.43532867610678444,0.18069523440275853,0.18001036312200716,0.18132806172183832,0.005341646676128808,0.004924678234723173,0.0057458812600117894,0.9946583533238712,0.9942541187399883,0.9950753217652769,0.04125350447225051,2.2036164504286184e-4,2.031602355805472e-4,2.3703773825691675e-4
TUR.40.25_1,2041,11,albopictus,12.798096278134516,80.78583621723867,0.252512224540886,0.0015195156720331604,0.0014943662415438893,0.0015434464377155805,0,0,0,1,1,1,0.02493507694660979,0,0,0
TUR.40.25_1,2041,12,albopictus,9.053676380830654,76.58329692298483,0.2076952694054141,0,0,0,0,0,0,1,1,1,0.019898892970074744,0,0,0
TUR.40.25_1,2042,1,albopictus,10.18868339061737,83.62454851119615,0.2212407440878457,0,0,0,0,0,0,1,1,1,0.021182819144618947,0,0,0
TUR.40.25_1,2042,2,albopictus,10.660304227296045,79.01876115265912,0.1654947718966414,2.388475082716944e-11,1.3590335361545658e-11,4.680713414663175e-11,0,0,0,1,1,1,0.01757530324792389,0,0,0
TUR.40.25_1,2042,3,albopictus,7.933918798671049,74.57000842580146,0.20315863217461863,0,0,0,0,0,0,1,1,1,0.019468505290360594,0,0,0
TUR.40.25_1,2042,4,albopictus,9.244923872106217,75.35233699194572,0.2686399248661125,0,0,0,0,0,0,1,1,1,0.026506365030526946,0,0,0
TUR.40.25_1,2042,5,albopictus,17.272709678201114,78.46739340360601,0.3754875820747995,0.0718802153106183,0.07153440704980185,0.07221495922866522,8.305633958372028e-14,7.227551890309769e-14,9.45937772556249e-14,0.999999999999917,0.9999999999999054,0.9999999999999277,0.03568522534211316,2.963884194136131e-15,2.5791681787752004e-15,3.375600257328633e-15
TUR.40.25_1,2042,6,albopictus,21.703863368314856,68.71594266799536,0.42233748316584774,0.249725470492267,0.248801073752119,0.25060601828906937,0.19937319361382091,0.19642583487757778,0.20216730624019352,0.8006268063861791,0.7978326937598065,0.8035741651224222,0.041354327431093574,0.008244944329688765,0.008123058291453272,0.00836049297811913
TUR.40.25_1,2042,7,albopictus,24.956870135139017,69.65242059499579,0.4959653779117923,0.4107918301071106,0.40950778549390016,0.4121299283637173,0.513134063867384,0.5116087972173957,0.5147161461199923,0.4868659361326159,0.4852838538800077,0.4883912027826043,0.04686301941888238,0.02404701159950725,0.023975532998869873,0.0241211527508335
TUR.40.25_1,2042,8,albopictus,25.985707619610956,76.46332007491259,0.588927623169045,0.5085368421506363,0.5069858346723879,0.5100807916663024,0.606713813337159,0.6055116606206831,0.6079052508745131,0.39328618666284093,0.392094749125487,0.39448833937931693,0.05539931447560176,0.03361152934175682,0.033544930905369065,0.03367753416456673
TUR.40.25_1,2042,9,albopictus,23.243390868691836,70.61091531804895,0.4694037548137727,0.33806990364426004,0.3369700751006351,0.3391743401538107,0.40840478641886596,0.4064755510453594,0.4103328048791123,0.5915952135811341,0.5896671951208877,0.5935244489546406,0.045855713711859813,0.01872769296457677,0.01863922649960646,0.018816103627121005
TUR.40.25_1,2042,10,albopictus,16.76526804531322,71.5290617585904,0.4625778101083985,0.05147526126931939,0.051204707845230235,0.051764215543350645,0,0,0,1,1,1,0.0437784008584845,0,0,0
TUR.40.25_1,2042,11,albopictus,15.157088854733637,71.71018314106679,0.26831807382491624,0.019443815670437004,0.019284876718094375,0.01960000392540526,0,0,0,1,1,1,0.02647503253230854,0,0,0
TUR.40.25_1,2042,12,albopictus,9.357670559602626,76.00835338050436,0.2206958286108022,0,0,0,0,0,0,1,1,1,0.021131201077393524,0,0,0
TUR.40.25_1,2043,1,albopictus,8.855417132377625,83.58608110396959,0.21723705991723513,0,0,0,0,0,0,1,1,1,0.02080349971157225,0,0,0
TUR.40.25_1,2043,2,albopictus,7.077403226319482,76.2018132156474,0.162499894975154,0,0,0,0,0,0,1,1,1,0.01726001255279186,0,0,0
TUR.40.25_1,2043,3,albopictus,10.00515159438638,76.26627460011787,0.19948217102767252,0,0,0,0,0,0,1,1,1,0.019119583293130904,0,0,0
TUR.40.25_1,2043,4,albopictus,13.375775617711685,74.06169520727775,0.26377848119661634,0.0033982062654424098,0.0033520706230732956,0.0034436155005537245,0,0,0,1,1,1,0.026032991529017613,0,0,0
TUR.40.25_1,2043,5,albopictus,18.550320457009708,70.95723105009039,0.3686925692718377,0.10878626402302494,0.1083265624832281,0.10922697370715902,9.784792455724833e-9,8.682755589517477e-9,1.0930100191597347e-8,0.9999999902152076,0.9999999890698997,0.9999999913172444,0.03505090087839213,3.429657904812503e-10,3.0433840551948233e-10,3.831098584065735e-10
TUR.40.25_1,2043,6,albopictus,23.73352263955509,69.67484311965552,0.41469465090645513,0.3569440633170731,0.3557737218932663,0.3580796094674127,0.43968657817315027,0.4378449480235283,0.44146499651129334,0.5603134218268497,0.5585350034887067,0.5621550519764716,0.04062137056628978,0.017860671424995478,0.01778586188424163,0.01793291321533107
TUR.40.25_1,2043,7,albopictus,24.94756799585679,66.49525125295477,0.48699013810728364,0.38737616316181034,0.3860570343906475,0.38867535244448875,0.48370437553379886,0.4819418332492356,0.4854317405864061,0.5162956244662011,0.5145682594135939,0.5180581667507644,0.04603479207707106,0.02226723035446793,0.022186092086871015,0.022346749245505903
TUR.40.25_1,2043,8,albopictus,23.423367836896112,73.94647437178759,0.5782700916540497,0.3672205059020274,0.3660741251561957,0.3683069370580825,0.4553667747215546,0.45366256707302843,0.4569746642668551,0.5446332252784454,0.5430253357331448,0.5463374329269716,0.054424575297637556,0.024783143318875607,0.024690392541385588,0.0248706520245041
TUR.40.25_1,2043,9,albopictus,22.658719848184024,69.5879279523263,0.4609091875471446,0.30263418123697433,0.3016188200958869,0.30364720724293404,0.3391354118292421,0.33691289888587517,0.34134212644424744,0.6608645881707579,0.6586578735557526,0.6630871011141249,0.045044865088013974,0.015276308872416268,0.01517619607672594,0.015375710034536935
TUR.40.25_1,2043,10,albopictus,16.56658526027904,77.46976610429353,0.4542067685823795,0.0502786220883725,0.04998934616337018,0.050553398941680865,0,0,0,1,1,1,0.043003451131575554,0,0,0
TUR.40.25_1,2043,11,albopictus,11.138313868466547,81.0751504872582,0.26346245453430767,1.4002168622691641e-6,1.3039767320368449e-6,1.5027062790014262e-6,0,0,0,1,1,1,0.02600221108835954,0,0,0
TUR.40.25_1,2043,12,albopictus,7.511852993684657,78.49511638099264,0.21670200550569632,0,0,0,0,0,0,1,1,1,0.020752796133664653,0,0,0
TUR.40.25_1,2044,1,albopictus,9.145597338676453,87.21371324508287,0.22156848180929223,0,0,0,0,0,0,1,1,1,0.021213863359976215,0,0,0
TUR.40.25_1,2044,2,albopictus,9.21246162933462,77.19288682404584,0.17165921283156566,0,0,0,0,0,0,1,1,1,0.01760110816033489,0,0,0
TUR.40.25_1,2044,3,albopictus,9.699013555751126,78.45962634572334,0.20345958373521666,0,0,0,0,0,0,1,1,1,0.019497062211625282,0,0,0
TUR.40.25_1,2044,4,albopictus,12.913131994359635,73.55007563940666,0.2690378779521418,0.0016408408277334367,0.0016121127516082548,0.0016682345533141358,0,0,0,1,1,1,0.026545104739319147,0,0,0
TUR.40.25_1,2044,5,albopictus,18.247862647561465,67.94635153348882,0.37604381526361846,0.09343872901161702,0.09299335614904039,0.09386622694164651,1.3895127803920104e-10,1.2123185788581736e-10,1.576613201104138e-10,0.9999999998610487,0.9999999998423387,0.9999999998787681,0.035737132062682475,4.965720173565439e-12,4.332478915469809e-12,5.6343634179627135e-12
TUR.40.25_1,2044,6,albopictus,22.443052516264075,78.59591703322974,0.4229631180369693,0.3363705362545528,0.3353864759933543,0.3373438448454312,0.4054162706919368,0.4036731072314278,0.40713316146325673,0.5945837293080631,0.5928668385367433,0.5963268927685722,0.04141430177115302,0.01679003177737133,0.01671783987978136,0.016861135609882883
TUR.40.25_1,2044,7,albopictus,25.14954667932847,71.67208154470282,0.4967000823783828,0.4341082814133793,0.43268632154903536,0.4354071314936214,0.5392842752412295,0.5377713830274123,0.5406597974154541,0.4607157247587706,0.4593402025845459,0.46222861697258766,0.04693078546106988,0.025309034623874696,0.025238033403962325,0.02537358895993018
TUR.40.25_1,2044,8,albopictus,24.566508629742792,67.47809821211962,0.5898000384111385,0.3796599026717593,0.3782729925754,0.3809619411595507,0.4732110696389979,0.4712813152435308,0.47501317670751814,0.526788930361002,0.5249868232924819,0.5287186847564692,0.05547906117713086,0.026253305882197497,0.026146244920034537,0.02635328509049967
TUR.40.25_1,2044,9,albopictus,20.932477782754336,69.44416727117395,0.4700991118904061,0.21323584655892963,0.21246753568743082,0.21403568868207087,0.07270794329675195,0.07010514532678405,0.07543686541852909,0.9272920567032481,0.9245631345814709,0.929894854673216,0.04592205850332698,0.0033388984257300236,0.0032193725850808174,0.003464216147057297
TUR.40.25_1,2044,10,albopictus,14.403353410608629,82.00324388749665,0.4632630554871451,0.012086095358894398,0.011987202465597627,0.012193371241803192,0,0,0,1,1,1,0.043841809701031687,0,0,0
TUR.40.25_1,2044,11,albopictus,12.007071116391351,80.50864505512929,0.2687155501329121,2.1755238394981214e-4,2.1173257157832965e-4,2.231857789510957e-4,0,0,0,1,1,1,0.02651372707427635,0,0,0
TUR.40.25_1,2044,12,albopictus,9.137903942781337,79.93866649085592,0.22102275911494537,0,0,0,0,0,0,1,1,1,0.021162170465213848,0,0,0
TUR.40.25_1,2045,1,albopictus,8.56930148601532,83.87981279342272,0.21112338428623692,0,0,0,0,0,0,1,1,1,0.0202239905755206,0,0,0
TUR.40.25_1,2045,2,albopictus,7.2442142156993645,75.88108109894819,0.15792668058748058,0,0,0,0,0,0,1,1,1,0.016778364492086584,0,0,0
TUR.40.25_1,2045,3,albopictus,8.92027553390054,77.3280498076374,0.19386816903236315,0,0,0,0,0,0,1,1,1,0.018586535478923083,0,0,0
TUR.40.25_1,2045,4,albopictus,12.531171125524185,78.97468196264884,0.25635499611958634,8.589975257369669e-4,8.428611363328195e-4,8.748677458307872e-4,0,0,0,1,1,1,0.025309700139801494,0,0,0
TUR.40.25_1,2045,5,albopictus,19.137463401345645,68.1158537917896,0.35831650002773113,0.12757781825107628,0.12707200742080002,0.12810877978505672,7.890976418548635e-7,7.070363732208928e-7,8.821950432058578e-7,0.9999992109023581,0.9999991178049568,0.9999992929636268,0.03408147437070452,2.6893611056859903e-8,2.4096842033083737e-8,3.006650775498302e-8
TUR.40.25_1,2045,6,albopictus,22.62001060037052,66.26879911330786,0.4030239507850392,0.2848817840214852,0.2838862732064156,0.2858163500528617,0.29795964817995946,0.29550060506690345,0.3002566637925898,0.7020403518200405,0.6997433362074102,0.7044993949330965,0.03950105492135225,0.011769720427103373,0.011672585630040574,0.011860454966973088
TUR.40.25_1,2045,7,albopictus,25.864544924567728,66.55700357229071,0.47328483505716284,0.4168429153245215,0.4154093020428074,0.41830435180194947,0.5202013816848428,0.5185471317686469,0.52187922720341,0.47979861831515724,0.47812077279658993,0.48145286823135314,0.04476868983383586,0.02328873430778159,0.023214675706375764,0.023363849253391418
TUR.40.25_1,2045,8,albopictus,25.0741647271549,67.77806311690478,0.5619959081936982,0.40125201418532863,0.39993349778935083,0.40261445946211694,0.5015586046080214,0.4999168588684434,0.5032468527104859,0.4984413953919787,0.4967531472895141,0.5000831411315566,0.052934195415855756,0.02654960118882493,0.026462696699022965,0.026638967243791244
TUR.40.25_1,2045,9,albopictus,22.11063558915082,65.91043390325403,0.4479378774535365,0.25872579461912365,0.2577810394551641,0.25961021544932944,0.22707882166050267,0.22425844078236298,0.22970600101577274,0.7729211783394974,0.7702939989842272,0.7757415592176371,0.04380535944316122,0.009947269404767822,0.009823721606634295,0.01006235394074708
TUR.40.25_1,2045,10,albopictus,17.555947976953846,75.69465013749665,0.44142408383432363,0.07853395548514809,0.07818554580809166,0.07889217892129216,1.0259124660905172e-12,9.024975211602282e-13,1.164854324109399e-12,0.999999999998974,0.9999999999988352,0.9999999999990975,0.0418188813296978,4.2902511674096955e-14,3.774143673774601e-14,4.871290474631629e-14
TUR.40.25_1,2045,11,albopictus,13.291804888669184,76.14013766987539,0.25604786335643476,0.0031247344379472363,0.003080374308333773,0.0031680824846333014,0,0,0,1,1,1,0.02527976374758023,0,0,0
TUR.40.25_1,2045,12,albopictus,9.72923542471493,79.99261393958639,0.21060338784463348,0,0,0,0,0,0,1,1,1,0.020174684815091104,0,0,0
TUR.40.25_1,2046,1,albopictus,7.462394595146179,81.72478349654772,0.2190328082273578,0,0,0,0,0,0,1,1,1,0.02097365174523025,0,0,0
TUR.40.25_1,2046,2,albopictus,7.824173131409814,77.49475907746381,0.16384316905512872,0,0,0,0,0,0,1,1,1,0.017401440498716836,0,0,0
TUR.40.25_1,2046,3,albopictus,9.07266696761636,75.20460620412177,0.20113115196885734,0,0,0,0,0,0,1,1,1,0.019276098525129126,0,0,0
TUR.40.25_1,2046,4,albopictus,13.07042340671315,75.36540614477775,0.26595895520061924,0.0022046618557130366,0.0021727797910592117,0.0022386116603242455,0,0,0,1,1,1,0.026245339351503638,0,0,0
TUR.40.25_1,2046,5,albopictus,18.42200548508588,72.27919912870367,0.3717402953756476,0.10575739285644657,0.10530337916521713,0.10621934989327879,4.458158402442791e-9,3.946949311828263e-9,5.024801627562248e-9,0.9999999955418416,0.9999999949751983,0.9999999960530507,0.03533546219172634,1.5753108767424436e-10,1.3946727818076787e-10,1.7755368793165077e-10
TUR.40.25_1,2046,6,albopictus,23.691704020780676,65.47865323928443,0.4181226443568631,0.3302839384175552,0.3291758485477931,0.3313789691501853,0.394458680712819,0.3924221376870357,0.39646150181436757,0.605541319287181,0.6035384981856324,0.6075778623129644,0.040950188569587764,0.01615315735810075,0.016069760537164846,0.016235173259880314
TUR.40.25_1,2046,7,albopictus,25.33384614832261,68.19899041921454,0.4910157482765878,0.4136814580719089,0.41226509822926877,0.41508666829305424,0.5165347225999651,0.5148752567262391,0.5181729136845559,0.4834652774000348,0.4818270863154442,0.48512474327376087,0.046406360860756224,0.023970496734084596,0.023893486961912354,0.024046519220714987
TUR.40.25_1,2046,8,albopictus,26.86077056211584,67.0876868351665,0.5830502499763813,0.442448852162713,0.44081438381316906,0.4440116843143932,0.5479687509685313,0.5462942967088266,0.5495614033241374,0.45203124903146874,0.4504385966758626,0.45370570329117343,0.054861893516673144,0.030062603266099944,0.029970739534805488,0.03014997919004229
TUR.40.25_1,2046,9,albopictus,20.77777654984418,78.67745126775598,0.46471920456253385,0.23545569842928873,0.23471891516027793,0.23621887410398645,0.1517160287334653,0.14914176430192636,0.15437482585984624,0.8482839712665347,0.8456251741401538,0.8508582356980736,0.045408635316370294,0.0068892178204058825,0.0067723239856262284,0.007009950169497929
TUR.40.25_1,2046,10,albopictus,16.477159219629627,78.65501543290681,0.4579613813424621,0.048710974846504385,0.048434074619029946,0.048977072882991045,0,0,0,1,1,1,0.043351112300705985,0,0,0
TUR.40.25_1,2046,11,albopictus,13.35946712774389,77.4897012685082,0.2656403161647818,0.0035143440020751334,0.0034696441295533178,0.0035575540079384547,0,0,0,1,1,1,0.026214311232546694,0,0,0
TUR.40.25_1,2046,12,albopictus,8.344104542451747,82.81979289466452,0.2184933308915918,0,0,0,0,0,0,1,1,1,0.020922537908463212,0,0,0
TUR.40.25_1,2047,1,albopictus,5.990073084831238,77.523558215786,0.2194526588865517,0,0,0,0,0,0,1,1,1,0.021013429471740563,0,0,0
TUR.40.25_1,2047,2,albopictus,7.472346463624169,77.53654527131147,0.16415723005397603,0,0,0,0,0,0,1,1,1,0.01743450378726208,0,0,0
TUR.40.25_1,2047,3,albopictus,9.444866979823392,76.90793719777412,0.20151668803270992,0,0,0,0,0,0,1,1,1,0.019312688594089855,0,0,0
TUR.40.25_1,2047,4,albopictus,13.26662759219899,74.33655177466056,0.26646875573490086,0.002925711957299541,0.0028849794467816444,0.002968222480298703,0,0,0,1,1,1,0.02629498015077336,0,0,0
TUR.40.25_1,2047,5,albopictus,18.45324976303998,73.2359938674732,0.37245286172278774,0.10836423982466656,0.10790769981044317,0.10882407526216907,8.78249869629144e-9,7.795501849594543e-9,9.862906816260341e-9,0.9999999912175013,0.9999999901370932,0.9999999922044982,0.03540198126779304,3.1091785433052634e-10,2.75976210452392e-10,3.491664423552368e-10
TUR.40.25_1,2047,6,albopictus,23.461242900175208,65.56646757033911,0.4189241182058169,0.320593475162001,0.31946971696312804,0.3217769818269852,0.37615523392493033,0.37396286747287455,0.3784517423434209,0.6238447660750697,0.6215482576565791,0.6260371325271255,0.04102705082376279,0.015432539899862497,0.01534259357000969,0.01552675886746511
TUR.40.25_1,2047,7,albopictus,25.512303408454446,64.45665414602118,0.4919569464799845,0.3907860729228332,0.3893458726394443,0.39221746292120446,0.48820930977980065,0.48631791507744077,0.49007879901226475,0.5117906902201993,0.5099212009877353,0.5136820849225593,0.04649321373944215,0.022698419789177797,0.022610482771015326,0.022785338351646336
TUR.40.25_1,2047,8,albopictus,25.216590264264276,70.02182990157274,0.5841678635146311,0.42359705887931065,0.4222071268383718,0.4249445416143365,0.5278519293617373,0.5262988536345148,0.5293503495616583,0.4721480706382627,0.47064965043834167,0.4737011463654852,0.054964110486617423,0.029012911766012704,0.02892754834014756,0.029095271099436545
TUR.40.25_1,2047,9,albopictus,21.312169860391055,72.46507181218958,0.46560999652176,0.24334497119661974,0.2425106265154108,0.24418091994647462,0.17861624486235808,0.1758359773779868,0.1813903431737862,0.821383755137642,0.8186096568262138,0.8241640226220132,0.04549366576029301,0.008125907743126772,0.007999423183468577,0.008252111644493076
TUR.40.25_1,2047,10,albopictus,17.26484079921947,78.66521593339509,0.45883921964165614,0.0718156858622575,0.07147611252811956,0.0721703221572013,8.097400527873333e-14,7.06074088085984e-14,9.292844271868716e-14,0.9999999999999191,0.9999999999999071,0.9999999999999294,0.04343237817453016,3.5168936195723474e-15,3.0666476812986976e-15,4.0361032673281846e-15
TUR.40.25_1,2047,11,albopictus,13.3135925321018,80.32074069721914,0.26614950591928876,0.003450152185842082,0.0034032070405397136,0.0034952516446506935,0,0,0,1,1,1,0.026263894139761157,0,0,0
TUR.40.25_1,2047,12,albopictus,10.230803265291103,79.02600017005514,0.21891214745951476,0,0,0,0,0,0,1,1,1,0.020962219736138432,0,0,0
TUR.40.25_1,2048,1,albopictus,7.3963383436203,77.28217180221178,0.2226067436663809,0,0,0,0,0,0,1,1,1,0.021312203868956825,0,0,0
TUR.40.25_1,2048,2,albopictus,4.839781918946435,76.18595170441694,0.1724636016672227,0,0,0,0,0,0,1,1,1,0.0176828527627223,0,0,0
TUR.40.25_1,2048,3,albopictus,7.208413923487943,75.34498706349677,0.20441298795375182,0,0,0,0,0,0,1,1,1,0.019587524067736894,0,0,0
TUR.40.25_1,2048,4,albopictus,12.208687109105728,76.72686396948478,0.27029857967518833,3.6912151527646e-4,3.61096036622666e-4,3.7851854747961123e-4,0,0,0,1,1,1,0.026667820630126182,0,0,0
TUR.40.25_1,2048,5,albopictus,18.504517386941348,73.37972403104742,0.37780594292182196,0.110609647581305,0.11011917556174534,0.11105472865803015,1.552822348438454e-8,1.3702277870675238e-8,1.7329962076484403e-8,0.9999999844717765,0.9999999826700379,0.9999999862977221,0.035901552327247566,5.574873279738261e-10,4.919330459765334e-10,6.221725403181209e-10
TUR.40.25_1,2048,6,albopictus,23.437608943266028,63.6748011579856,0.4249451078435838,0.30939464963247476,0.3082773044200773,0.31048112164524927,0.35357511504034556,0.3512342700447978,0.3558391141838502,0.6464248849596544,0.6441608858161498,0.6487657299552022,0.041604273652680046,0.014710235842916366,0.01461284668714309,0.014804427882832169
TUR.40.25_1,2048,7,albopictus,25.394818362067728,71.59763391286688,0.49902760092134124,0.4430032887479403,0.44155045299548856,0.4444428442732905,0.5485348312008442,0.5470506288989494,0.5499983798421684,0.4514651687991558,0.45000162015783157,0.45294937110105055,0.04714543415082295,0.025860912763812183,0.025790939401921703,0.02592991239990826
TUR.40.25_1,2048,8,albopictus,25.987611153546503,65.3988097294536,0.5925638199661286,0.4107105656832271,0.40924468929863067,0.4121967819570384,0.513037260276611,0.5112948191294112,0.5147948536206685,0.48696273972338905,0.4852051463793316,0.48870518087058873,0.05573165154627535,0.028592413819991856,0.028495304697136226,0.028690367399802918
TUR.40.25_1,2048,9,albopictus,20.22926695206586,66.27544321111536,0.47230197925196143,0.17077348606162157,0.1701311238024788,0.17144020246064143,0.0015111567946999272,0.001381825559956501,0.0016535305364101388,0.9984888432053001,0.9983464694635898,0.9986181744400434,0.046132206071886506,6.971299666002853e-5,6.374666148731327e-5,7.628101145182955e-5
TUR.40.25_1,2048,10,albopictus,17.495971399195057,79.77768083818025,0.46543388933672053,0.08074833460604844,0.0803679823850798,0.08111698294016763,2.256247300103098e-12,1.9694940123216043e-12,2.56130949782829e-12,0.9999999999977438,0.9999999999974387,0.9999999999980306,0.044042658980277816,9.937113041361329e-14,8.674175314837948e-14,1.12806880755798e-13
TUR.40.25_1,2048,11,albopictus,13.965835192624262,83.13065433247304,0.2699747414395066,0.00798032642678608,0.007901735076541041,0.008060938278213964,0,0,0,1,1,1,0.026636299902178084,0,0,0
TUR.40.25_1,2048,12,albopictus,7.8782613417681535,79.68799510413717,0.22205846373531218,0,0,0,0,0,0,1,1,1,0.02126027395476271,0,0,0
TUR.40.25_1,2049,1,albopictus,8.102640986442566,79.46130998580553,0.24566548042228523,0,0,0,0,0,0,1,1,1,0.023493701637827602,0,0,0
TUR.40.25_1,2049,2,albopictus,8.82403103393667,77.97892808381147,0.18376521383069444,0,0,0,0,0,0,1,1,1,0.019496565015738487,0,0,0
TUR.40.25_1,2049,3,albopictus,11.220731580958645,72.87274280080146,0.22558712311731857,2.308282301457355e-6,2.164989732616973e-6,2.467275399230033e-6,0,0,0,1,1,1,0.021594440035810236,0,0,0
TUR.40.25_1,2049,4,albopictus,15.600950521581314,67.312732804934,0.29829747895186964,0.024934629502265354,0.024766212552605034,0.025114757377527542,0,0,0,1,1,1,0.029389231991440612,0,0,0
TUR.40.25_1,2049,5,albopictus,19.141165565041934,66.74781942899664,0.41694100073348783,0.12529403273378567,0.12478043124112134,0.1257984943174673,4.820951670240215e-7,4.3020877572019775e-7,5.371568195633448e-7,0.999999517904833,0.9999994628431804,0.9999995697912243,0.03954594185392957,1.9064907443192416e-8,1.7013011229681168e-8,2.1242372352893764e-8
TUR.40.25_1,2049,6,albopictus,21.96937011269962,66.70300321487036,0.46896307969873935,0.2550599159410763,0.2541344375405,0.2560062230711955,0.2160145998210748,0.21317629864818344,0.21890192414092732,0.7839854001789252,0.7810980758590726,0.7868237013518167,0.045813666021086163,0.0098964207318813,0.009766387749879197,0.010028699643965584
TUR.40.25_1,2049,7,albopictus,25.82238489038804,63.78619439870673,0.550719413550437,0.39401240253853487,0.39254878742718846,0.39539918158158527,0.4923999653901604,0.49050918996065707,0.4941820593965291,0.5076000346098396,0.5058179406034709,0.5094908100393428,0.051900123309461366,0.025555618921323832,0.025457487443382113,0.02564810982000342
TUR.40.25_1,2049,8,albopictus,27.22780928892248,72.41724616133837,0.6539445890777322,0.49933945958795256,0.49760746806381967,0.5009107038049475,0.5994697130471361,0.5980767716669125,0.6007272384467492,0.40053028695286386,0.3992727615532508,0.40192322833308747,0.0613240497436317,0.0367619105027032,0.0366764896962124,0.036839027052862953
TUR.40.25_1,2049,9,albopictus,25.00066358902875,67.41797555974817,0.521225416293857,0.3959271323060781,0.3946369635881174,0.3972854564139147,0.4948549923819073,0.49320510193068584,0.4965836364100144,0.5051450076180928,0.5034163635899856,0.5067948980693141,0.050787458335792235,0.0251324273078549,0.025048633565304873,0.025220220744409803
TUR.40.25_1,2049,10,albopictus,19.18935366237865,71.40546556718415,0.5136458947536661,0.13581076490620372,0.13527687719294965,0.1363676670511532,4.288092433840096e-6,3.851648055638868e-6,4.779839754170956e-6,0.9999957119075662,0.9999952201602459,0.9999961483519443,0.04849245932148072,2.079401479147401e-7,1.867758866587281e-7,2.3178618484233148e-7
TUR.40.25_1,2049,11,albopictus,12.1441646603977,73.55136203510976,0.29794009590750375,2.8499011665992054e-4,2.778431399120454e-4,2.922504365064284e-4,0,0,0,1,1,1,0.029354543388471876,0,0,0
TUR.40.25_1,2049,12,albopictus,9.330528034883388,81.45421519691061,0.24506040687216069,0,0,0,0,0,0,1,1,1,0.02343652014440778,0,0,0
TUR.40.25_1,2050,1,albopictus,7.367948412895203,74.36976488082506,0.2192503876679692,0,0,0,0,0,0,1,1,1,0.02099426598031784,0,0,0
TUR.40.25_1,2050,2,albopictus,8.241356053773096,79.26241349640912,0.16400592506122447,0,0,0,0,0,0,1,1,1,0.017418575044012674,0,0,0
TUR.40.25_1,2050,3,albopictus,9.455674970851224,76.35481372365302,0.20133094853764116,0,0,0,0,0,0,1,1,1,0.019295060787335783,0,0,0
TUR.40.25_1,2050,4,albopictus,15.057668012731217,72.8248177658715,0.26622314941502234,0.018333034104871943,0.018199141867464363,0.018481320399364495,0,0,0,1,1,1,0.026271065046432285,0,0,0
TUR.40.25_1,2050,5,albopictus,17.306254218606387,70.95012045438726,0.3721095690300154,0.06606956733023331,0.0657106471636769,0.06639575738539936,7.53563877964325e-15,6.439293542825908e-15,8.659739592076221e-15,0.9999999999999925,0.9999999999999913,0.9999999999999936,0.03536993498212615,2.665350536847702e-16,2.277573939405771e-16,3.0629442633387957e-16
TUR.40.25_1,2050,6,albopictus,24.01920722512638,65.45107297805396,0.41853799259534114,0.34415225320893844,0.34292979683131786,0.34537339800458094,0.4188600117379613,0.4167902924198159,0.42091663668351265,0.5811399882620387,0.5790833633164874,0.5832097075801841,0.040990021707329904,0.01716908097347149,0.017084243133692632,0.017253382074633478
TUR.40.25_1,2050,7,albopictus,24.48257547266343,71.05387170583563,0.49150350594497566,0.4010093937735836,0.399709206427135,0.4023345480392939,0.5012571625950067,0.49963624406154433,0.5029012526547635,0.4987428374049932,0.49709874734523657,0.5003637559384557,0.04645137166392532,0.023284082758905304,0.023208788869670496,0.02336045299732003
TUR.40.25_1,2050,8,albopictus,26.663495400372675,68.71257239424853,0.5836294314618624,0.45387664132936834,0.4521694221935689,0.45538533439090584,0.559350134251342,0.5576879147771592,0.5608115042461014,0.440649865748658,0.4391884957538986,0.44231208522284077,0.05491486685394087,0.030716638147146397,0.030625357586039622,0.03079688908583295
TUR.40.25_1,2050,9,albopictus,24.61947233536664,63.40607370427942,0.465180840174972,0.35461789209667116,0.35336437238669016,0.35593909506234683,0.4360107149955725,0.4340120008071709,0.43810613118959807,0.5639892850044276,0.5618938688104019,0.5659879991928292,0.045452701636159776,0.01981786493886245,0.019727017979201074,0.01991310726593307
TUR.40.25_1,2050,10,albopictus,14.98483248317943,73.73350664384431,0.45841630397245775,0.017555682154242445,0.017423673385368956,0.0176917327851889,0,0,0,1,1,1,0.04339322762150899,0,0,0
TUR.40.25_1,2050,11,albopictus,11.972405054989984,75.07904910786367,0.26590419385444264,1.6989311319404028e-4,1.650876282489193e-4,1.7475785682003438e-4,0,0,0,1,1,1,0.02624000692529682,0,0,0
TUR.40.25_1,2050,12,albopictus,10.490294232087978,75.13155284339499,0.2187103744345088,3.9492406395813848e-19,1.0132985811776533e-21,1.7104480583078802e-18,0,0,0,1,1,1,0.020943102444861972,0,0,0
TUR.40.25_1,2051,1,albopictus,6.5293930768966675,77.23901994674303,0.22250888245749997,0,0,0,0,0,0,1,1,1,0.021302935221437558,0,0,0
TUR.40.25_1,2051,2,albopictus,6.104914346162011,77.43164872590131,0.16644337777430007,0,0,0,0,0,0,1,1,1,0.01767514822836591,0,0,0
TUR.40.25_1,2051,3,albopictus,9.112259710536282,77.26399341115302,0.2043231249883149,0,0,0,0,0,0,1,1,1,0.019578997955911448,0,0,0
TUR.40.25_1,2051,4,albopictus,14.437054914586685,69.65480433813713,0.2701797524315472,0.010451180625449228,0.010354462258645137,0.01055507152151363,0,0,0,1,1,1,0.026656254723406825,0,0,0
TUR.40.25_1,2051,5,albopictus,17.5818374858183,81.57102346952398,0.37763985385512167,0.08580719665290153,0.08543341592219317,0.08617657037145408,1.2582688002638066e-11,1.110108116542108e-11,1.4178114238205807e-11,0.9999999999874173,0.9999999999858218,0.999999999988899,0.03588605611773921,4.515430477746735e-13,3.983740216698786e-13,5.087966031959708e-13
TUR.40.25_1,2051,6,albopictus,22.996561274808997,74.61711912063208,0.42475829570448737,0.3474301985131822,0.3464075897124588,0.34847340841376373,0.42434344280962893,0.4226454738988981,0.42606814031003876,0.575656557190371,0.5739318596899612,0.5773545261011018,0.04158636948987082,0.0176469032032851,0.01757629084078113,0.017718627110795394
TUR.40.25_1,2051,7,albopictus,26.312417086432962,65.98093850881415,0.49880822102526634,0.4228735554943441,0.4213209635251018,0.4243642612046397,0.5270437894362763,0.5253025192786165,0.52870677799941,0.4729562105637237,0.4712932220005901,0.4746974807213835,0.04712520453586089,0.024837046376539718,0.02475498866420781,0.024915415052718187
TUR.40.25_1,2051,8,albopictus,25.141026833478143,70.03675681197313,0.5923033201681176,0.4209213007568057,0.4195611946494167,0.42236652087371435,0.5248504456998928,0.5233114918307146,0.5264776205471775,0.4751495543001072,0.4735223794528224,0.4766885081692855,0.05570784656421501,0.02923828809820949,0.0291525562921959,0.02932893450493518
TUR.40.25_1,2051,9,albopictus,21.436551879434024,78.8841926007638,0.4720943483334852,0.2755417672666118,0.27467021706558487,0.27635670019136116,0.27417380978590483,0.271874067320639,0.276314538223326,0.7258261902140951,0.7236854617766739,0.728125932679361,0.04611240062166022,0.01264281255681451,0.012536765910929526,0.012741526684143054
TUR.40.25_1,2051,10,albopictus,17.07334681118236,78.96591326005525,0.4652292777319036,0.06597653942281546,0.06566718068395039,0.06630020293113241,7.23732185292647e-15,6.328271240363392e-15,8.326672684688674e-15,0.9999999999999928,0.9999999999999917,0.9999999999999937,0.04402372976393154,3.186139014678312e-16,2.7859410295861785e-16,3.665711881034445e-16
TUR.40.25_1,2051,11,albopictus,13.227100947323969,73.6458063100121,0.2698560565599318,0.002727742444181197,0.002685991102071151,0.0027637723894951513,0,0,0,1,1,1,0.026624747478270483,0,0,0
TUR.40.25_1,2051,12,albopictus,10.937529339509853,77.22836223060202,0.22196084355837836,7.492453170444941e-8,6.655059025436731e-8,8.465261272393831e-8,0,0,0,1,1,1,0.021251027645419973,0,0,0
TUR.40.25_1,2052,1,albopictus,8.699374079704285,77.30132158248522,0.22087050875974204,0,0,0,0,0,0,1,1,1,0.02114774825504051,0,0,0
TUR.40.25_1,2052,2,albopictus,8.990089574280908,73.61256455842084,0.17111846126218602,0,0,0,0,0,0,1,1,1,0.01754615140847049,0,0,0
TUR.40.25_1,2052,3,albopictus,9.707980001673977,78.48644366750068,0.20281865635709745,0,0,0,0,0,0,1,1,1,0.01943624440515579,0,0,0
TUR.40.25_1,2052,4,albopictus,14.936945242040299,70.55149470678947,0.2681903693778835,0.01618461316129054,0.016050875701372088,0.016321659247401112,0,0,0,1,1,1,0.026462600106160528,0,0,0
TUR.40.25_1,2052,5,albopictus,19.43949015000287,63.68303061063726,0.37485922237224345,0.1316290225475999,0.13108470598687275,0.13221112470104743,1.8446939926546336e-6,1.6459848230454544e-6,2.0750679210201906e-6,0.9999981553060073,0.999997924932079,0.9999983540151769,0.035626584538705486,6.572014647735245e-8,5.8640817447655066e-8,7.392758271178166e-8
TUR.40.25_1,2052,6,albopictus,23.42225097207462,73.33080320266333,0.4216307224952711,0.3633605816214963,0.36221580664297504,0.36452298348030093,0.44958117565791933,0.4478429892467627,0.451337757433349,0.5504188243420807,0.548662242566651,0.5521570107532373,0.04128657173092953,0.018561665457676315,0.01848990169973037,0.018634188697148838
TUR.40.25_1,2052,7,albopictus,26.1218443477855,67.67174585134345,0.49513540463911904,0.43279146139337,0.43120557364500667,0.4343524501760955,0.5378821100108673,0.5361841028912626,0.539544441602931,0.4621178899891327,0.46045555839706903,0.4638158971087373,0.046786460387628015,0.025165600033237215,0.025086156290397926,0.025243374644420405
TUR.40.25_1,2052,8,albopictus,25.30547271055334,69.53627616011767,0.5879420822249829,0.42311408361081504,0.42169354418733024,0.42446589535264884,0.5273128849599744,0.5257219307260388,0.5288196244868585,0.47268711504002564,0.4711803755131416,0.47427806927396127,0.055309218954916584,0.029165263811999964,0.02907726937592797,0.02924860039840042
TUR.40.25_1,2052,9,albopictus,21.740865539101993,71.48259653142786,0.4686182310898624,0.2626471350635317,0.2617800565901514,0.2635583583612096,0.23858707017514613,0.2360732855784245,0.24121601696551215,0.7614129298248539,0.7587839830344879,0.7639267144215754,0.04578076047072954,0.010922697511101505,0.010807614540603982,0.011043052694401544
TUR.40.25_1,2052,10,albopictus,17.81025095546947,82.20108934648103,0.4618037092618069,0.09523657475070813,0.09482623366208424,0.095659969380015,2.373682367329266e-10,2.098621693091829e-10,2.683662542191101e-10,0.9999999997626318,0.9999999997316338,0.9999999997901379,0.04370676476082058,1.0374597684576794e-11,9.172396466191958e-12,1.1729420742897218e-11
TUR.40.25_1,2052,11,albopictus,10.482105830136469,78.45523166401601,0.2678690569383193,6.603186059709236e-20,1.113177809871845e-22,3.341608461936536e-19,0,0,0,1,1,1,0.026431318635910306,0,0,0
TUR.40.25_1,2052,12,albopictus,6.089906944948085,79.2762824576528,0.22032650517151567,0,0,0,0,0,0,1,1,1,0.021096214723971274,0,0,0
TUR.40.25_1,2053,1,albopictus,3.362511992454529,78.85212572066881,0.22120193001337934,0,0,0,0,0,0,1,1,1,0.02117914250388031,0,0,0
TUR.40.25_1,2053,2,albopictus,4.604852357331445,84.69654893342084,0.16546573779432597,0,0,0,0,0,0,1,1,1,0.017572247119688633,0,0,0
TUR.40.25_1,2053,3,albopictus,8.884759748683255,71.84021106252021,0.20312299039303716,0,0,0,0,0,0,1,1,1,0.01946512323071803,0,0,0
TUR.40.25_1,2053,4,albopictus,14.4134438458611,70.44423304907463,0.26859279516542656,0.010340541536646295,0.010236534534801714,0.010436843308473059,0,0,0,1,1,1,0.026501776973351654,0,0,0
TUR.40.25_1,2053,5,albopictus,18.557640861062442,62.28338003690679,0.37542170721512147,0.09672674496905481,0.09626045864864205,0.09720629896126873,3.6720092255748684e-10,3.1991480298199093e-10,4.209247866926447e-10,0.9999999996327991,0.9999999995790753,0.9999999996800852,0.035679077828924544,1.3101390294781466e-11,1.1414265154219515e-11,1.501820822453033e-11
TUR.40.25_1,2053,6,albopictus,22.94093917397892,64.6701624861106,0.4222633890445812,0.29234742877363606,0.2912828718008137,0.2933872371812227,0.31588376986305566,0.31338617434398164,0.3183103279258377,0.6841162301369443,0.6816896720741623,0.6866138256560184,0.04134722440390748,0.013060917118080028,0.012957648475682681,0.01316124855883099
TUR.40.25_1,2053,7,albopictus,25.84709077722886,66.2631040361579,0.49587836664634755,0.4140827933746828,0.4126224078952282,0.41555906550154315,0.517003166205518,0.5152953497045867,0.5187206427632027,0.48299683379448205,0.4812793572367974,0.48470465029541326,0.04685499354752831,0.024224180016611252,0.02414416028547976,0.0243046523696396
TUR.40.25_1,2053,8,albopictus,25.731767037335565,70.46139746749071,0.5888243027760711,0.4452891816699339,0.4438033121295733,0.44677616252892427,0.5508524291006324,0.5493499157649575,0.5523485432606595,0.44914757089936763,0.44765145673934054,0.45065008423504255,0.05538986960444481,0.030511644219175706,0.030428420201433732,0.03059451378741297
TUR.40.25_1,2053,9,albopictus,23.26850683548871,69.10706628850794,0.4693214034712601,0.33095969115410456,0.32987147247607407,0.33203477309170454,0.3956952076187194,0.3937033741262054,0.3976535489422339,0.6043047923812805,0.6023464510577662,0.6062966258737946,0.045847856173213186,0.018141776967332778,0.018050455671847005,0.018231562718671327
TUR.40.25_1,2053,10,albopictus,18.73069353664623,71.77300401933259,0.4624966562972321,0.11720140648646518,0.11663489200612198,0.11769203962968279,7.709418065482421e-8,6.731482871114025e-8,8.633912089717199e-8,0.9999999229058193,0.9999999136608791,0.9999999326851713,0.043770891052179906,3.374480982199386e-9,2.946430033711472e-9,3.779140254331105e-9
TUR.40.25_1,2053,11,albopictus,13.396669009152582,79.21240329487539,0.2682710005891926,0.003801111892261218,0.003750420417432501,0.00385008161285032,0,0,0,1,1,1,0.026470449824494757,0,0,0
TUR.40.25_1,2053,12,albopictus,9.575589909273036,78.77712169105124,0.2206571101353178,0,0,0,0,0,0,1,1,1,0.021127533298819445,0,0,0
TUR.40.25_1,2054,1,albopictus,7.335330843925476,81.24329240768053,0.21092544925688292,0,0,0,0,0,0,1,1,1,0.020205222783528876,0,0,0
TUR.40.25_1,2054,2,albopictus,9.393158116761377,79.26503800812787,0.15777861919549624,0,0,0,0,0,0,1,1,1,0.016762766815084484,0,0,0
TUR.40.25_1,2054,3,albopictus,8.580151403651517,76.09423175343818,0.19368641132770167,0,0,0,0,0,0,1,1,1,0.018569272798847902,0,0,0
TUR.40.25_1,2054,4,albopictus,11.707286161534928,77.9198113571801,0.25611465498516617,6.390827985830135e-5,6.16960766480715e-5,6.60244008684463e-5,0,0,0,1,1,1,0.025286274041052215,0,0,0
TUR.40.25_1,2054,5,albopictus,15.587199042825137,76.51231527860601,0.35798056667202643,0.027986939844509517,0.027798486760594664,0.028169266278723116,0,0,0,1,1,1,0.034050072158496536,0,0,0
TUR.40.25_1,2054,6,albopictus,22.267154917997473,69.54116849807349,0.40264610274230017,0.2821672264157366,0.28116950333903656,0.28323378996743215,0.29120778661055846,0.28869583000050175,0.2938781668778098,0.7087922133894415,0.7061218331221901,0.7113041699994982,0.03946476197105053,0.011492445982702167,0.011393312213004672,0.011597831904321433
TUR.40.25_1,2054,7,albopictus,24.266741808723,66.81605584890204,0.47284111515357874,0.3629689281708534,0.3617598696435428,0.3642965977995849,0.44898702131534024,0.4471470892305117,0.45099680128494163,0.5510129786846598,0.5490031987150583,0.5528529107694883,0.04472767071332473,0.02008214364394905,0.01999984776752396,0.020172036420635617
TUR.40.25_1,2054,8,albopictus,25.838986733380487,69.88165503585009,0.5614690187780078,0.4436969579428219,0.44217954743415155,0.4451079053078644,0.5492405469629806,0.5476950456660372,0.5506707528530251,0.4507594530370193,0.44932924714697486,0.45230495433396284,0.05288590396387982,0.02904708281975302,0.028965347586586816,0.029122720551102488
TUR.40.25_1,2054,9,albopictus,21.444278548745547,68.84983362249231,0.4475179211458908,0.2370395107803096,0.23621078697066225,0.23786097950940893,0.15721817249242068,0.15434672370716346,0.16005472928062395,0.8427818275075794,0.839945270719376,0.8456532762928365,0.04376520260289729,0.0068806851719880446,0.006755015634137419,0.007004827654518385
TUR.40.25_1,2054,10,albopictus,15.872497278101305,79.04084917314118,0.4410102344197422,0.03466674043019917,0.034434167983065644,0.034883747708426234,0,0,0,1,1,1,0.04178050546170875,0,0,0
TUR.40.25_1,2054,11,albopictus,12.686091998044184,77.87646579487539,0.25580781016895476,0.0011622404027729514,0.001141318504905168,0.0011827847953276608,0,0,0,1,1,1,0.02525636499677275,0,0,0
TUR.40.25_1,2054,12,albopictus,8.10494400473202,79.35993113929342,0.21040594032883123,0,0,0,0,0,0,1,1,1,0.020155962306437458,0,0,0
TUR.40.25_1,2055,1,albopictus,9.1429842710495,79.16326768844225,0.22717222195534528,0,0,0,0,0,0,1,1,1,0.02174451267192601,0,0,0
TUR.40.25_1,2055,2,albopictus,7.572985806885888,79.02340745392866,0.16993169684344075,0,0,0,0,0,0,1,1,1,0.018042222039511335,0,0,0
TUR.40.25_1,2055,3,albopictus,7.650036657557767,72.60047259816474,0.20860532751685076,0,0,0,0,0,0,1,1,1,0.019985206810713363,0,0,0
TUR.40.25_1,2055,4,albopictus,14.838779729955338,67.70415126196525,0.27584217766651625,0.014376867442293162,0.01425546465955284,0.01450176031933827,0,0,0,1,1,1,0.02720724732951829,0,0,0
TUR.40.25_1,2055,5,albopictus,19.292586158303653,70.28003073270757,0.38555442709369564,0.1381353655142384,0.13760174794364294,0.13869933738234164,6.760670128472701e-6,6.086574921890242e-6,7.528872075726611e-6,0.9999932393298715,0.9999924711279243,0.9999939134250782,0.03662421375757252,2.476042279296195e-7,2.229160209907885e-7,2.757390202548301e-7
TUR.40.25_1,2055,6,albopictus,22.24509833840763,65.95198087600318,0.433660376895671,0.265392842525454,0.26441601376531554,0.266282786457672,0.24644858690961807,0.24367227369686942,0.24896520478088685,0.753551413090382,0.7510347952191132,0.7563277263031306,0.042439177440624976,0.010459075309848567,0.010341250860781975,0.01056587850223759
TUR.40.25_1,2055,7,albopictus,24.54934793360093,70.69621331960516,0.50926223999865,0.4014270980501206,0.4001274807177504,0.4027269340062437,0.5017762431410697,0.50015930052352775,0.5033855871953398,0.4982237568589302,0.4966144128046603,0.49984069947647225,0.04808872073265624,0.02412977762669232,0.024052020924716616,0.02420716892348087
TUR.40.25_1,2055,8,albopictus,25.096938469830683,69.00623923384813,0.6047168087315348,0.41130836059243725,0.4099669025031873,0.4126476790061197,0.513745372223082,0.5121557406437213,0.5153250336774771,0.48625462777691797,0.48467496632252294,0.48784425935627873,0.05684154867768976,0.029202082583156163,0.029111725462358334,0.029291872986610425
TUR.40.25_1,2055,9,albopictus,23.17967207291547,69.39235605291223,0.48198849816237394,0.32809129541665766,0.32698860869359664,0.32918504580036856,0.3904119139107921,0.388358050621436,0.3924391129837777,0.6095880860892079,0.6075608870162222,0.611641949378564,0.047055724558103806,0.01837111548518837,0.018274469459964433,0.018466506806391222
TUR.40.25_1,2055,10,albopictus,18.482387262232166,75.48973985917634,0.474979549462362,0.11290702993780385,0.11245384723031085,0.11336181894293679,2.7458223485932186e-8,2.4524063702013878e-8,3.064409778430477e-8,0.9999999725417765,0.9999999693559022,0.9999999754759362,0.044925339335764036,1.2335700076627492e-9,1.101751883704867e-9,1.3766964915982266e-9
TUR.40.25_1,2055,11,albopictus,13.06287632269018,77.28018283589101,0.27551169777923945,0.0022520214981036285,0.0022178519322449547,0.0022845780030092367,0,0,0,1,1,1,0.02717509795436046,0,0,0
TUR.40.25_1,2055,12,albopictus,9.106921925264247,82.55884471351217,0.2266126972610662,0,0,0,0,0,0,1,1,1,0.02169154109884941,0,0,0
TUR.40.25_1,2056,1,albopictus,9.841413378715515,79.78365190475084,0.22356361036132694,0,0,0,0,0,0,1,1,1,0.02140282616567979,0,0,0
TUR.40.25_1,2056,2,albopictus,8.644625821534326,78.71556138459272,0.1732049299567786,0,0,0,0,0,0,1,1,1,0.01775818292493081,0,0,0
TUR.40.25_1,2056,3,albopictus,8.014960134730618,72.92616382130927,0.20529164947570686,0,0,0,0,0,0,1,1,1,0.019670886721990022,0,0,0
TUR.40.25_1,2056,4,albopictus,13.676619810216568,73.66440211645744,0.271460447929144,0.004985215940946637,0.004921800614066221,0.005045820389804858,0,0,0,1,1,1,0.026780902436667198,0,0,0
TUR.40.25_1,2056,5,albopictus,18.238375495461856,68.89108419950445,0.3794299275234581,0.09432765881548469,0.09392486350446964,0.09475914995414905,1.8132760848388329e-10,1.604539390243076e-10,2.0573023840064764e-10,0.9999999998186724,0.9999999997942698,0.999999999839546,0.03605305794100899,6.537414774974038e-12,5.784855160506485e-12,7.417204205276143e-12
TUR.40.25_1,2056,6,albopictus,23.52644370583927,67.60387449172583,0.4267717183683987,0.33490385462776645,0.3337809437818863,0.3360199182433106,0.4028118771656844,0.40080470343303237,0.4047972590111774,0.5971881228343155,0.5952027409888226,0.5991952965669677,0.04177931923725642,0.01682920600866365,0.016745347656522542,0.016912153910594353
TUR.40.25_1,2056,7,albopictus,25.620232638190775,70.18187005788641,0.501172652249598,0.43926823013626826,0.43770678759883375,0.4406575984314401,0.5446959886625313,0.5430731127512178,0.546132868904606,0.4553040113374687,0.453867131095394,0.4569268872487822,0.047343212520732036,0.025787657950440468,0.025710825791276377,0.02585568447710785
TUR.40.25_1,2056,8,albopictus,26.11297545713537,73.58354407393603,0.5951109332054534,0.4853059524224758,0.48380394031770585,0.48681053314349876,0.5878877841360344,0.5866094024202713,0.5891625460349892,0.4121122158639657,0.4108374539650108,0.4133905975797286,0.05596438012756111,0.032900775423738614,0.03282923158344953,0.032972116683223855
TUR.40.25_1,2056,9,albopictus,22.539829085854922,66.0546142011056,0.47433215150307984,0.2800627937267567,0.27906743019815095,0.28109198722335355,0.2858837741978982,0.28334027104488757,0.28849975246949716,0.7141162258021018,0.7115002475305029,0.7166597289551124,0.04632583800855905,0.013243805412767306,0.013125975497726676,0.01336499279841131
TUR.40.25_1,2056,10,albopictus,17.750495630152088,76.52874895341462,0.46743453936227847,0.08619224299743285,0.08579882537140074,0.08656097795206034,1.4279502247305231e-11,1.2523648784679153e-11,1.607700639283394e-11,0.9999999999857205,0.999999999983923,0.9999999999874764,0.04422772520089713,6.315499013994088e-13,5.538924969613389e-13,7.110494207953257e-13
TUR.40.25_1,2056,11,albopictus,10.581764796200922,74.85183047993398,0.2711352176870155,9.598873975607977e-14,2.444246157872697e-14,3.7136959339669415e-13,0,0,0,1,1,1,0.02674924989367733,0,0,0
TUR.40.25_1,2056,12,albopictus,8.839474453645595,77.49837413245749,0.2230129736696458,0,0,0,0,0,0,1,1,1,0.021350677855917044,0,0,0
TUR.40.25_1,2057,1,albopictus,5.988870024681091,79.85812242477037,0.22877249537406927,0,0,0,0,0,0,1,1,1,0.021895998643585046,0,0,0
TUR.40.25_1,2057,2,albopictus,7.432730832520654,77.94053697053022,0.17112874978907192,0,0,0,0,0,0,1,1,1,0.018168155618911386,0,0,0
TUR.40.25_1,2057,3,albopictus,7.347871626124662,77.24866595753974,0.21007480982307677,0,0,0,0,0,0,1,1,1,0.020124562811237534,0,0,0
TUR.40.25_1,2057,4,albopictus,13.308590215795181,69.48168574682853,0.2777852977402787,0.0028658332577261403,0.0028234313746429425,0.0029030562650816404,0,0,0,1,1,1,0.027396254278296173,0,0,0
TUR.40.25_1,2057,5,albopictus,17.282448600320254,79.49252462919195,0.38827039516337747,0.07316989304871407,0.07283646281335554,0.07350973540092745,1.3769840823130153e-13,1.2068124277675452e-13,1.567634910770721e-13,0.9999999999998623,0.9999999999998432,0.9999999999998793,0.03687738995598311,5.0779578966638605e-15,4.450409250251046e-15,5.781028391310466e-15
TUR.40.25_1,2057,6,albopictus,24.123541102689856,70.16035489944068,0.43671521858329765,0.378472891346128,0.3772078198882041,0.3797214303328875,0.4715590197137002,0.4697883010312933,0.47329809900842296,0.5284409802862998,0.5267019009915771,0.5302116989687067,0.042731652437029144,0.02015049613395201,0.020074830398651645,0.020224809865934536
TUR.40.25_1,2057,7,albopictus,26.789105471442728,64.57017190725165,0.5128496452668427,0.4191761210357127,0.4175353303132715,0.4207940774974012,0.5228717135840502,0.5209986187419312,0.5247081394691665,0.47712828641594984,0.47529186053083344,0.4790013812580688,0.048419136749016656,0.025316997002218795,0.025226303366914355,0.02540591515827968
TUR.40.25_1,2057,8,albopictus,26.006745675030878,67.67158728682665,0.6089766263559752,0.4298715215911264,0.4283406476839151,0.43146898404795103,0.5347431725052393,0.5330819032598072,0.5364672609751671,0.46525682749476066,0.46353273902483294,0.46691809674019275,0.05723027657914592,0.030603499661284787,0.03050842476289628,0.030702169721265667
TUR.40.25_1,2057,9,albopictus,21.731231521157657,70.44621957830286,0.4853837785144389,0.25794280103509937,0.2570441060406919,0.2588362154759239,0.2247409205486059,0.2220428436406966,0.22740990212078904,0.775259079451394,0.772590097879211,0.7779571563593034,0.04737922093445368,0.0106480497276849,0.010520216945766919,0.01077450399526335
TUR.40.25_1,2057,10,albopictus,16.07596941555248,78.111848318649,0.4783254565495036,0.03867373703673021,0.0384429328978867,0.038901718005968755,0,0,0,1,1,1,0.0452345400231412,0,0,0
TUR.40.25_1,2057,11,albopictus,10.282364466611078,81.1150445912621,0.2774524898475157,0,0,0,0,0,0,1,1,1,0.027363884719346254,0,0,0
TUR.40.25_1,2057,12,albopictus,9.343187107759364,81.51872935706686,0.22820902920980027,0,0,0,0,0,0,1,1,1,0.021842662172319338,0,0,0
TUR.40.25_1,2058,1,albopictus,8.806549906730652,81.3620363041649,0.23489397814436208,0,0,0,0,0,0,1,1,1,0.02247525738445022,0,0,0
TUR.40.25_1,2058,2,albopictus,7.931733289185693,78.823418135081,0.17570780415320197,0,0,0,0,0,0,1,1,1,0.01864973690908034,0,0,0
TUR.40.25_1,2058,3,albopictus,11.40933688949136,77.7548076201374,0.21569598087644923,1.228619534918122e-5,1.1684565055602137e-5,1.291495985164713e-5,0,0,0,1,1,1,0.020657454705050537,0,0,0
TUR.40.25_1,2058,4,albopictus,12.847330373876236,71.5024529587426,0.28521826257801997,0.0014054485986820019,0.0013813934528340524,0.001430238329756535,0,0,0,1,1,1,0.02811891861239546,0,0,0
TUR.40.25_1,2058,5,albopictus,19.876774619607364,73.08353567655523,0.398659714606351,0.17106231544399123,0.1704391332590312,0.1717189870773383,0.0015719627259940258,0.0014418596786926698,0.001717240831358424,0.998428037274006,0.9982827591686416,0.9985581403213074,0.03784524414400048,5.949131315051243e-5,5.456753156151416e-5,6.498939851680592e-5
TUR.40.25_1,2058,6,albopictus,23.639253840726965,68.9527438154563,0.44840082214202565,0.34807167696980384,0.3468052546942267,0.34923071513232967,0.425403909077927,0.42330749776274285,0.42731270996180687,0.574596090922073,0.5726872900381931,0.5766925022372572,0.04384962494153022,0.018653801861727923,0.018561875011833918,0.018737502064574117
TUR.40.25_1,2058,7,albopictus,26.479283388923196,68.31145913869696,0.5265724499340667,0.44656210761076515,0.44499095380313797,0.44801939772288996,0.5521325820517448,0.550552661146027,0.5535907574012078,0.44786741794825524,0.44640924259879217,0.44944733885397303,0.0496820101017329,0.02743105651899065,0.027352562872592842,0.02750350160143277
TUR.40.25_1,2058,8,albopictus,26.31491980833166,71.29194098555712,0.6252715918834251,0.46978658386719385,0.46813973149122234,0.471439362615075,0.5742734507120192,0.5727771292489322,0.5757672866156238,0.4257265492879808,0.4242327133843761,0.4272228707510678,0.058715788880108644,0.03371891869145839,0.033631060996335005,0.03380663044499597
TUR.40.25_1,2058,9,albopictus,21.449500869302188,74.0730353742013,0.49837165291908453,0.2569805723204537,0.2561011777765276,0.25774330911017307,0.22184919085795013,0.21919028370184238,0.22414529693027876,0.7781508091420498,0.7758547030697213,0.7808097162981577,0.04861566972194309,0.01078534699083042,0.010656082438707774,0.010896973725289296
TUR.40.25_1,2058,10,albopictus,18.017533975489002,81.83101030595368,0.4911244647347862,0.10303201726874234,0.10259225317412883,0.10342383362565599,2.150814679469093e-9,1.9055313577043265e-9,2.3876376292752965e-9,0.9999999978491854,0.9999999976123624,0.9999999980944686,0.04641639351665772,9.983306054364145e-11,8.844789335753509e-11,1.1082552777562187e-10
TUR.40.25_1,2058,11,albopictus,13.530476191464594,77.55255985005117,0.2848765494286261,0.0044157450502821,0.004363849877414565,0.004470649915505196,0,0,0,1,1,1,0.028085707590450815,0,0,0
TUR.40.25_1,2058,12,albopictus,8.586581005769618,78.42891612464499,0.2343154347811904,0,0,0,0,0,0,1,1,1,0.02242052613113754,0,0,0
TUR.40.25_1,2059,1,albopictus,6.58366334438324,84.366331653286,0.22212947135945943,0,0,0,0,0,0,1,1,1,0.021266999542874365,0,0,0
TUR.40.25_1,2059,2,albopictus,5.825812974396874,78.64323472443647,0.16615956679100155,0,0,0,0,0,0,1,1,1,0.01764527692611806,0,0,0
TUR.40.25_1,2059,3,albopictus,8.390882337794583,75.69352069386787,0.20397472334092587,0,0,0,0,0,0,1,1,1,0.019545941241325582,0,0,0
TUR.40.25_1,2059,4,albopictus,11.468095106237076,73.58572017065666,0.26971905533304846,1.570446141080562e-5,1.5009984666355503e-5,1.644939321237554e-5,0,0,0,1,1,1,0.026611412026540715,0,0,0
TUR.40.25_1,2059,5,albopictus,20.703413795022403,64.52350760038335,0.3769959211274366,0.18758410250698884,0.18692165729569152,0.18834672172736322,0.011340579781335283,0.010592695641903361,0.012238169912402258,0.9886594202186647,0.9877618300875978,0.9894073043580967,0.03582597445331115,4.0628732153185477e-4,3.794936434585301e-4,4.3844436263700443e-4
TUR.40.25_1,2059,6,albopictus,22.4895861008588,67.48839597610083,0.4240340189493522,0.2841304883389078,0.28312372738153796,0.28513420061575906,0.29610367377012453,0.2936037558561496,0.2985830530949411,0.7038963262298754,0.7014169469050588,0.7063962441438503,0.04151695130456401,0.012293321805016768,0.012189532834716866,0.012396258075710721
TUR.40.25_1,2059,7,albopictus,26.502036150764017,68.46072824270087,0.497957678014306,0.44842385252269157,0.44686871975360143,0.45000273587707024,0.553992045179421,0.5524412625973487,0.5555582576379258,0.4460079548205789,0.4444417423620742,0.44755873740265134,0.04704676959844578,0.02606353610892799,0.025990576798091945,0.026137221345605477
TUR.40.25_1,2059,8,albopictus,27.469209053937128,69.25913458907274,0.5912933539564498,0.4699431555824512,0.4682087849398717,0.47166678289809316,0.5744150716934536,0.572840137905363,0.5759718359183877,0.4255849283065463,0.42402816408161226,0.4271598620946369,0.05561554819867276,0.03194640910581134,0.03185881829981007,0.03203298940159713
TUR.40.25_1,2059,9,albopictus,22.282865355996524,71.3845588117013,0.4712893564918038,0.2913974659905494,0.2904245721942211,0.29236284464956996,0.31365420029995633,0.31135733262822374,0.31592211673540194,0.6863457997000436,0.6840778832645981,0.6886426673717763,0.04603561035738679,0.014439262551966542,0.014333524846788182,0.014543667469311827
TUR.40.25_1,2059,10,albopictus,19.0149762209724,77.56058641679353,0.4644359918677379,0.13970944314328632,0.13917383609367096,0.1402496098432894,9.151776487492214e-6,8.248388614912061e-6,1.012976554799483e-5,0.9999908482235125,0.999989870234452,0.9999917516113851,0.04395033703115803,4.0222366105911036e-7,3.6251945958935186e-7,4.4520660988098593e-7
TUR.40.25_1,2059,11,albopictus,12.38574943822973,75.66075992329336,0.26939591141156066,5.737425937147454e-4,5.620635296564069e-4,5.855952186600649e-4,0,0,0,1,1,1,0.026579957057774384,0,0,0
TUR.40.25_1,2059,12,albopictus,9.198494686799892,81.08706584388327,0.22158236694905661,0,0,0,0,0,0,1,1,1,0.02121517857673516,0,0,0
TUR.40.25_1,2060,1,albopictus,6.877116560935974,80.91766984908678,0.25508104690342226,0,0,0,0,0,0,1,1,1,0.024383073157243196,0,0,0
TUR.40.25_1,2060,2,albopictus,5.8571855215465325,78.38468980256147,0.1976229261587005,0,0,0,0,0,0,1,1,1,0.020236194323410506,0,0,0
TUR.40.25_1,2060,3,albopictus,10.304339254603665,77.87841907033271,0.2342331508431043,0,0,0,0,0,0,1,1,1,0.022412741672185654,0,0,0
TUR.40.25_1,2060,4,albopictus,17.09287862216725,62.56069575659416,0.3097302603886388,0.05347779705109697,0.053162823884020625,0.053780799975774285,0,0,0,1,1,1,0.030498275974847777,0,0,0
TUR.40.25_1,2060,5,albopictus,19.51575548508588,70.93761587675054,0.43292100616351337,0.1492848195929944,0.148670262774739,0.1498837678536022,5.2641144763133975e-5,4.720931670026407e-5,5.834958691377512e-5,0.9999473588552369,0.9999416504130862,0.9999527906832998,0.04103009020799642,2.159870918283585e-6,1.9370025228697066e-6,2.3940888146715205e-6
TUR.40.25_1,2060,6,albopictus,24.37523864297306,54.86782865432349,0.4869369238322828,0.29613391153940644,0.29485325333386253,0.2973846724502163,0.324629145774793,0.3216992981920497,0.3274726033823263,0.675370854225207,0.6725273966176737,0.6783007018079503,0.0475271652954703,0.01542870307096591,0.015289455720610336,0.015563844550689808
TUR.40.25_1,2060,7,albopictus,25.360739764045267,72.68190820485907,0.5718267145917701,0.4507277074357429,0.44923111319552333,0.4520994412079859,0.5562719332402,0.554794861328789,0.5576194487172084,0.4437280667598,0.44238055128279163,0.4452051386712111,0.05383477539864279,0.02994677458655498,0.02986725675195652,0.03001931777960592
TUR.40.25_1,2060,8,albopictus,26.500506737652948,72.77100592696337,0.6790081785688452,0.48849205881239727,0.48684779795477473,0.49010253995864317,0.590575527013227,0.5891939927846886,0.591922131200756,0.40942447298677304,0.40807786879924407,0.4108060072153113,0.06359805746275815,0.03755945630308589,0.03747159340983254,0.037645097713583944
TUR.40.25_1,2060,9,albopictus,23.55585844376508,71.87813486150598,0.5412023074319084,0.36157632194595357,0.36042105156426185,0.3627088655360784,0.44686499048063993,0.4450934657413747,0.44859357973048775,0.55313500951936,0.5514064202695123,0.5549065342586252,0.05268179711699372,0.023541650767188404,0.023448323660286704,0.023632715955347505
TUR.40.25_1,2060,10,albopictus,19.149276452905994,78.24828478105134,0.5333322872476499,0.14735810350921294,0.14680097051922503,0.1478864363416118,3.74851266180688e-5,3.3898723797740066e-5,4.111720111274198e-5,0.999962514873382,0.9999588827988872,0.9999661012762022,0.05030348373868676,1.885632457274638e-6,1.7052239013218511e-6,2.068338457555129e-6
TUR.40.25_1,2060,11,albopictus,14.411016085568598,76.31715488178945,0.3093591800034513,0.011229233840843634,0.011124377468648392,0.011331394192956692,0,0,0,1,1,1,0.03046229900001529,0,0,0
TUR.40.25_1,2060,12,albopictus,8.918614163118251,74.38529887610983,0.2544527828332971,0,0,0,0,0,0,1,1,1,0.024323754089968563,0,0,0
TUR.40.25_1,2061,1,albopictus,7.909875750541687,81.261351184536,0.2306462997925392,0,0,0,0,0,0,1,1,1,0.02207334794379401,0,0,0
TUR.40.25_1,2061,2,albopictus,7.977216878358056,75.46789597931928,0.17253041220027077,0,0,0,0,0,0,1,1,1,0.018315594203722863,0,0,0
TUR.40.25_1,2061,3,albopictus,10.156421507106106,74.78199115285224,0.21179546730951135,0,0,0,0,0,0,1,1,1,0.020287713421532683,0,0,0
TUR.40.25_1,2061,4,albopictus,12.132115644567154,81.49248896948478,0.2800605507921835,3.287149079648381e-4,3.207705816370053e-4,3.365008195971842e-4,0,0,0,1,1,1,0.027617521069519313,0,0,0
TUR.40.25_1,2061,5,albopictus,20.38413126328412,76.90122366483648,0.39145059731498927,0.20755568819011505,0.20681401212891443,0.20826474975099757,0.0542365694255675,0.05196910336870485,0.056431217850806466,0.9457634305744325,0.9435687821491935,0.9480308966312951,0.03717375640630027,0.0020161770201394397,0.0019318867892820731,0.002097760346096743
TUR.40.25_1,2061,6,albopictus,22.55727218179142,71.46541623977271,0.44029221722929485,0.3065062189424299,0.3054951247865307,0.30751678560990386,0.3474838007405176,0.34532611286911646,0.3496298658060396,0.6525161992594825,0.6503701341939604,0.6546738871308835,0.04307400596178301,0.014967519304720074,0.014874579044483676,0.015059958924146745
TUR.40.25_1,2061,7,albopictus,26.868231829474954,63.71958215505439,0.517050237343003,0.41288976926702053,0.411322245685772,0.4144845386443544,0.5156072480236046,0.5137632305748876,0.5174729542734939,0.4843927519763954,0.4825270457265061,0.48623676942511235,0.04880588423560539,0.02516466765807912,0.025074668755948607,0.025255725101328865
TUR.40.25_1,2061,8,albopictus,26.4026616601383,70.90408927046923,0.6139645646627411,0.46844319731755674,0.46689229818741274,0.46991893025993037,0.5730526919682216,0.5716356836641847,0.5743946729528635,0.4269473080317784,0.42560532704713655,0.42836431633581534,0.057685245203233926,0.03305668505056015,0.03297494457908675,0.03313409755271729
TUR.40.25_1,2061,9,albopictus,22.906358550576602,71.36444772771692,0.4893594062110588,0.32464343341418206,0.32357591947647296,0.32568108986582717,0.3839379162610066,0.3819072392058581,0.3859024964413595,0.6160620837389934,0.6140975035586405,0.6180927607941419,0.04775787221600303,0.018336057943671623,0.01823907712835987,0.018429882112883007
TUR.40.25_1,2061,10,albopictus,16.449996667749744,77.15335985429353,0.4822432717242849,0.04707801173124869,0.046817104136802734,0.04736235780892957,0,0,0,1,1,1,0.045596464434706885,0,0,0
TUR.40.25_1,2061,11,albopictus,11.881497958127191,77.72447299702382,0.279725016973391,1.3060702839547014e-4,1.2671302630382024e-4,1.3453608387440453e-4,0,0,0,1,1,1,0.027584893801496535,0,0,0
TUR.40.25_1,2061,12,albopictus,11.074607624727138,77.72547069007467,0.230078218452016,5.832102792519728e-7,5.349563220407031e-7,6.384226019738545e-7,0,0,0,1,1,1,0.022019584348212606,0,0,0
TUR.40.25_1,2062,1,albopictus,8.484138369560242,79.68685777633287,0.2408612571600614,0,0,0,0,0,0,1,1,1,0.023039594056516788,0,0,0
TUR.40.25_1,2062,2,albopictus,5.931860604706933,79.66866349640912,0.1801715094422904,0,0,0,0,0,0,1,1,1,0.019118959520573964,0,0,0
TUR.40.25_1,2062,3,albopictus,10.723529661402981,74.09139361867256,0.22117555132190217,2.606615216980485e-10,1.7793720290205223e-10,3.8063783447988384e-10,0,0,0,1,1,1,0.02117664378971562,0,0,0
TUR.40.25_1,2062,4,albopictus,14.8489907208611,72.73687373510978,0.29246398665584217,0.015558233437094443,0.0154316046868209,0.015691945639452084,0,0,0,1,1,1,0.028822861767923036,0,0,0
TUR.40.25_1,2062,5,albopictus,19.192562888650333,69.20792532499273,0.4087873209765455,0.13183716459443626,0.13130084085520483,0.1323748190027482,1.9248091739775263e-6,1.7211181839921207e-6,2.145687122939721e-6,0.9999980751908261,0.9999978543128771,0.999998278881816,0.03878778134064831,7.465907736271418e-8,6.675835578210008e-8,8.322644295003067e-8
TUR.40.25_1,2062,6,albopictus,24.25502799539005,63.48152952102271,0.459792058467999,0.3416353245684688,0.34045522544756734,0.3428489529299011,0.4145785351031441,0.4125512884333852,0.4166527716629018,0.5854214648968559,0.5833472283370983,0.5874487115666148,0.0449381783139311,0.018630404135593432,0.018539303363261483,0.0187236165479811
TUR.40.25_1,2062,7,albopictus,26.65079408533433,67.20931680471259,0.5399495690733483,0.440083005838799,0.43850570210222645,0.44171142792525897,0.545538760254612,0.5439055888328468,0.5472156993348612,0.45446123974538793,0.45278430066513864,0.4560944111671532,0.05091145771108008,0.027774173522457733,0.027691026384683588,0.0278595489355259
TUR.40.25_1,2062,8,albopictus,26.46660552305334,65.94330817305712,0.6411560776366774,0.4256475108998361,0.42408711800480975,0.42714693443581303,0.5301259953577182,0.5283987853607086,0.5317770445629529,0.46987400464228174,0.4682229554370472,0.47160121463929144,0.06016162721882201,0.03189324251171801,0.03178933074774929,0.031992572318523274
TUR.40.25_1,2062,9,albopictus,22.724904845742618,66.51881708196497,0.5110323551217425,0.2911077326521048,0.29008299073723437,0.2921333414606882,0.3129709894207044,0.31054657289228016,0.31538477365996764,0.6870290105792956,0.6846152263400324,0.6894534271077198,0.049819426909176845,0.015592035332137542,0.01547125229010231,0.015712288679620042
TUR.40.25_1,2062,10,albopictus,18.579276758081775,74.30320879228181,0.5036010583693292,0.11503373877318696,0.11453296516851638,0.11552660536703005,4.6028405513154344e-8,4.0727093583714516e-8,5.171284872818038e-8,0.9999999539715945,0.9999999482871512,0.9999999592729064,0.04756706727140447,2.1894362614396972e-9,1.9372684002653337e-9,2.4598285542493196e-9
TUR.40.25_1,2062,11,albopictus,13.462347605649164,78.00579929096914,0.2921135925784744,0.004070351752722389,0.004020204378582911,0.004119967209882449,0,0,0,1,1,1,0.028788831699998685,0,0,0
TUR.40.25_1,2062,12,albopictus,9.61657787771786,77.56931224280905,0.24026801640150308,0,0,0,0,0,0,1,1,1,0.022983504762706608,0,0,0
TUR.40.25_1,2063,1,albopictus,6.482542872428894,75.87696702926256,0.22046473353322124,0,0,0,0,0,0,1,1,1,0.02110930937185629,0,0,0
TUR.40.25_1,2063,2,albopictus,7.711406865540673,76.9319157547099,0.16491429251768952,0,0,0,0,0,0,1,1,1,0.01751420021090455,0,0,0
TUR.40.25_1,2063,3,albopictus,8.508841360316556,80.11543384084052,0.20244604533406826,0,0,0,0,0,0,1,1,1,0.019400885490481024,0,0,0
TUR.40.25_1,2063,4,albopictus,12.211297315709732,78.88438044897697,0.2676976598328379,3.8957611173558155e-4,3.808938958930705e-4,3.9868546136367455e-4,0,0,0,1,1,1,0.026414631807509692,0,0,0
TUR.40.25_1,2063,5,albopictus,18.1945141063017,75.97521353300054,0.3741705447089119,0.10209899499469341,0.10165040964841893,0.10254635671580453,1.6684649569720378e-9,1.4724398644805348e-9,1.881850095197812e-9,0.9999999983315351,0.9999999981181499,0.9999999985275602,0.03556231054882253,5.933446893966743e-11,5.2363363725122936e-11,6.692293749175583e-11
TUR.40.25_1,2063,6,albopictus,22.693235621732825,75.26560239699927,0.4208561179412754,0.33365816329993564,0.3326364638052632,0.33470659931493624,0.4005827992607973,0.39874310083243797,0.40246181554397026,0.5994172007392027,0.5975381844560297,0.6012568991675621,0.041212306475905014,0.016508941092111915,0.01643312287665913,0.016586379687047254
TUR.40.25_1,2063,7,albopictus,26.038146075080423,69.48810632497626,0.4942257599694704,0.44614778050505777,0.44456637202426846,0.4476325689042646,0.5517166521914164,0.550123417832431,0.5532049857702145,0.44828334780858353,0.44679501422978557,0.44987658216756904,0.046702545182986666,0.025766571877175765,0.02569216377753816,0.025836080843386934
TUR.40.25_1,2063,8,albopictus,25.813193657818964,70.06133490645556,0.5868619365190868,0.4444684411847295,0.4429968685191004,0.44598985943001235,0.5500229981263505,0.5485295400401544,0.5515593106759594,0.4499770018736496,0.44844068932404063,0.4514704599598456,0.05521046504937588,0.030367025514407803,0.030284570998937173,0.030451846044732906
TUR.40.25_1,2063,9,albopictus,23.306161712197696,68.72016443303919,0.4677573028023331,0.3306436196695726,0.32949145807483415,0.33171855121516824,0.3951173986034328,0.3930041140298823,0.39707934457047206,0.6048826013965671,0.602920655429528,0.6069958859701177,0.04569860550072191,0.01805631412524977,0.017959739967212323,0.018145972320011226
TUR.40.25_1,2063,10,albopictus,16.330342965967517,83.073762381149,0.46095530036472915,0.04765116389174731,0.047388286000536725,0.04791841876304989,0,0,0,1,1,1,0.043628245954701494,0,0,0
TUR.40.25_1,2063,11,albopictus,13.552246668759516,78.35795688374257,0.26737693769674464,0.004598337308399992,0.004543253555925297,0.004655109235793705,0,0,0,1,1,1,0.026383406268880694,0,0,0
TUR.40.25_1,2063,12,albopictus,10.180280461030849,79.4691306632192,0.2199217293685054,0,0,0,0,0,0,1,1,1,0.021057868498824517,0,0,0
TUR.40.25_1,2064,1,albopictus,11.15370261669159,79.16242845504381,0.24802826490720514,1.5253622915176993e-6,1.4178459769835657e-6,1.636003613142963e-6,0,0,0,1,1,1,0.02371696068601825,0,0,0
TUR.40.25_1,2064,2,albopictus,8.111133733216455,77.03500413361616,0.1921588141340249,0,0,0,0,0,0,1,1,1,0.019682223372132213,0,0,0
TUR.40.25_1,2064,3,albopictus,10.986408079371731,76.66942706593818,0.22775679609531735,1.6340073953115824e-7,1.4604718283854018e-7,1.8183676658394445e-7,0,0,0,1,1,1,0.02179985267368656,0,0,0
TUR.40.25_1,2064,4,albopictus,15.026535314672135,72.78657924048088,0.30116647240567784,0.017893165544188377,0.017743821267511086,0.01802655888393741,0,0,0,1,1,1,0.029667659643136557,0,0,0
TUR.40.25_1,2064,5,albopictus,19.04944116928998,66.83812094266851,0.42095109497207056,0.12180837010228016,0.1213031040303555,0.12232736164478372,2.2265086470840688e-7,1.983094356811099e-7,2.4977733798781097e-7,0.9999997773491353,0.999999750222662,0.9999998016905643,0.03991859643909068,8.887910015109472e-9,7.916234333018037e-9,9.97076075476578e-9
TUR.40.25_1,2064,6,albopictus,24.374414668363684,63.52600507644263,0.47347351676465416,0.3464206194859572,0.3451482929153435,0.3475461374312231,0.4226653748470519,0.4205389601470342,0.4245368624797533,0.5773346251529481,0.5754631375202467,0.5794610398529658,0.046243948716497285,0.01954571591866617,0.019447382106328542,0.019632260896776374
TUR.40.25_1,2064,7,albopictus,25.72199540979722,63.12951715261298,0.5560161743474541,0.3864962009512492,0.38504268982397233,0.38794009837019067,0.48252870625534683,0.4805770769067294,0.48445649099640836,0.5174712937446532,0.5155435090035916,0.5194229230932706,0.052385985058027607,0.02527774159596199,0.02517550357006651,0.025378730498602335
TUR.40.25_1,2064,8,albopictus,25.5248540429508,66.91844397627978,0.6602341586436891,0.40988484029097183,0.40850490763876246,0.411232931495913,0.5120566078406303,0.5104097988620474,0.513657626600385,0.4879433921593697,0.4863423733996149,0.48959020113795254,0.06189521793451347,0.03169385533710351,0.03159192573647761,0.03179295074215578
TUR.40.25_1,2064,9,albopictus,23.516452621011172,65.7463866620431,0.5262385069594568,0.32399496578598,0.3228526987992711,0.3252033938262884,0.382704657192731,0.3805226658334178,0.3850004466781128,0.617295342807269,0.6149995533218872,0.6194773341665821,0.05126318793527718,0.019618660765376793,0.01950680493225117,0.019736350253225756
TUR.40.25_1,2064,10,albopictus,17.211070733911853,75.15294023759431,0.5185860863865344,0.06690123357436584,0.0665717999192064,0.06723725766122861,1.0763612223740893e-14,9.325873406851315e-15,1.2434497875801753e-14,0.9999999999999892,0.9999999999999876,0.9999999999999907,0.0489472502367474,5.268492209667586e-16,4.564758593213793e-16,6.086344790951724e-16
TUR.40.25_1,2064,11,albopictus,12.436475375119379,76.38490390522695,0.3008056520891688,6.578793514029135e-4,6.45246992648947e-4,6.708294544580832e-4,0,0,0,1,1,1,0.02963264744926808,0,0,0
TUR.40.25_1,2064,12,albopictus,11.424329533296474,78.0968162100942,0.24741737182397391,1.3727764536493466e-5,1.310791977618997e-5,1.4353454207714493e-5,0,0,0,1,1,1,0.02365924240998607,0,0,0
TUR.40.25_1,2065,1,albopictus,9.771735072135925,78.5269532963524,0.23697458009796282,0,0,0,0,0,0,1,1,1,0.022672060785824844,0,0,0
TUR.40.25_1,2065,2,albopictus,7.374019780579736,82.48205613556928,0.17726415737890863,0,0,0,0,0,0,1,1,1,0.018813365513939306,0,0,0
TUR.40.25_1,2065,3,albopictus,9.327060545192044,72.83297076711006,0.21760653423648282,0,0,0,0,0,0,1,1,1,0.020838510823745993,0,0,0
TUR.40.25_1,2065,4,albopictus,11.351193708531998,77.43393336645744,0.28774461799594275,8.075408293417152e-6,7.640147690682271e-6,8.520478976458988e-6,0,0,0,1,1,1,0.02836441930354361,0,0,0
TUR.40.25_1,2065,5,albopictus,16.812134574441348,71.22541952665289,0.40219089146999176,0.052483517878671934,0.05218856879622338,0.05276114972682374,0,0,0,1,1,1,0.03817398203086364,0,0,0
TUR.40.25_1,2065,6,albopictus,23.954893336576575,66.62817411330786,0.45237258690975213,0.34851289321421663,0.34732223426727243,0.34967938366626067,0.42613144709714446,0.42416588751336737,0.4280475158854055,0.5738685529028555,0.5719524841145944,0.5758341124866326,0.04422930997278807,0.018847499862812343,0.01876056451871148,0.018932246263177525
TUR.40.25_1,2065,7,albopictus,24.47236162073472,74.16864068776923,0.5312366293936688,0.4232868363033667,0.4219377805394997,0.42453269472589167,0.527506030551342,0.5259964639584056,0.5288937637525503,0.47249396944865796,0.47110623624744974,0.4740035360415944,0.05011086043617252,0.02643378107619766,0.026358135395339915,0.02650332158096605
TUR.40.25_1,2065,8,albopictus,27.009259560528925,73.16218024336962,0.6308100109858688,0.5035460763613421,0.501810126181529,0.5051831374076224,0.6028157524361019,0.6014428773551176,0.604103967075991,0.39718424756389814,0.39589603292400904,0.39855712264488236,0.059220159488788116,0.03569884500161977,0.0356175431203657,0.035775133278049785
TUR.40.25_1,2065,9,albopictus,23.171884368447696,68.63308633855677,0.502786040392421,0.32357409693666767,0.32250604805908384,0.32462873837315215,0.38190188025594185,0.37985681733863963,0.38391178773614426,0.6180981197440581,0.6160882122638557,0.6201431826613604,0.049035554945311866,0.01872677063300815,0.01862648983796016,0.018825327561688608
TUR.40.25_1,2065,10,albopictus,18.384698587305408,72.77015825517243,0.4954746593581678,0.1050140051644306,0.10456468226427319,0.1054675963065329,3.6620285831512334e-9,3.2432086544131876e-9,4.122239635750979e-9,0.9999999963379714,0.9999999958777603,0.9999999967567914,0.046817754924705746,1.7144795673324187e-10,1.518397479520013e-10,1.9299400500749762e-10
TUR.40.25_1,2065,11,albopictus,12.909888842526605,76.6914834950707,0.28739987808080625,0.0017263799056134485,0.001699222259780601,0.0017545707550540492,0,0,0,1,1,1,0.02833092256940062,0,0,0
TUR.40.25_1,2065,12,albopictus,10.39262939901913,78.39530864173483,0.2363909122166525,0,0,0,0,0,0,1,1,1,0.022616855846649075,0,0,0
TUR.40.25_1,2066,1,albopictus,5.761494994163513,79.4288087651024,0.21933485147271364,0,0,0,0,0,0,1,1,1,0.02100226825882201,0,0,0
TUR.40.25_1,2066,2,albopictus,7.736950078431298,81.49000596467084,0.16406910654326717,0,0,0,0,0,0,1,1,1,0.017425226551926576,0,0,0
TUR.40.25_1,2066,3,albopictus,7.730004156337064,73.36069598683662,0.20140850907519445,0,0,0,0,0,0,1,1,1,0.019302421792187774,0,0,0
TUR.40.25_1,2066,4,albopictus,12.03684358035817,72.32268916479728,0.26632570896052565,1.9787959534062565e-4,1.9236023742747396e-4,2.0386135363715835e-4,0,0,0,1,1,1,0.026281051514923104,0,0,0
TUR.40.25_1,2066,5,albopictus,17.485802482156192,69.08368063505132,0.3722529201561703,0.06974317257840357,0.06940634555779043,0.07009009872891356,3.51983997504135e-14,3.0639379922092754e-14,4.04121180963557e-14,0.9999999999999648,0.9999999999999596,0.9999999999999694,0.03538331690280205,1.2454361328403896e-15,1.0841228894887586e-15,1.4299147813168153e-15
TUR.40.25_1,2066,6,albopictus,22.356584773344153,74.56094388869849,0.41869922976194646,0.31063387255778446,0.30964284707953504,0.3116003606387103,0.3561542669742307,0.354095272821868,0.3581528175548196,0.6438457330257693,0.6418471824451805,0.6459047271781321,0.041005484387836244,0.014604278234073079,0.014519848181503722,0.014686229768703717
TUR.40.25_1,2066,7,albopictus,25.147500094245462,70.24751336843329,0.4916928522745256,0.42276190708583933,0.42141463766943155,0.4240953848433527,0.5269191913932597,0.5254080373320221,0.5284079782067242,0.4730808086067403,0.47159202179327575,0.4745919626679778,0.04646884417476149,0.02448532579754471,0.024415104214949006,0.024554507999989036
TUR.40.25_1,2066,8,albopictus,27.259301522198847,73.54097205245165,0.5838542682927863,0.511557233806095,0.5097582516597099,0.5132939112470154,0.6090356504277498,0.607657160327628,0.6103596874657801,0.3909643495722502,0.38964031253422,0.39234283967237193,0.054935430173416955,0.033457635447195225,0.033381907500555245,0.03353037199144495
TUR.40.25_1,2066,9,albopictus,23.11448080399457,70.9275275617013,0.46536004598652525,0.3331794739031394,0.33204826414329214,0.334342876610635,0.3997213531632505,0.397678022088101,0.40181177207871976,0.6002786468367495,0.5981882279212803,0.602321977911899,0.04546980752521246,0.018175252992050476,0.01808234312135314,0.018270303937783925
TUR.40.25_1,2066,10,albopictus,18.473123269922596,74.15780016191071,0.45859290382070544,0.11050946397279007,0.11001985004439625,0.11097463627410656,1.5144152885171458e-8,1.3363101461494332e-8,1.6986428802434616e-8,0.9999999848558471,0.9999999830135712,0.9999999866368986,0.04340957618608188,6.57401258442522e-10,5.800865709750802e-10,7.37373675228741e-10
TUR.40.25_1,2066,11,albopictus,12.978511431637934,80.60180759175039,0.26600663052581797,0.002077220081296816,0.002046206893780587,0.002110475170426727,0,0,0,1,1,1,0.026249981747448303,0,0,0
TUR.40.25_1,2066,12,albopictus,8.88824535818661,73.92571177894186,0.21879463020508375,0,0,0,0,0,0,1,1,1,0.020951085431026528,0,0,0
TUR.40.25_1,2067,1,albopictus,8.179262042045593,82.477659778286,0.2298245269438124,0,0,0,0,0,0,1,1,1,0.021995573860574824,0,0,0
TUR.40.25_1,2067,2,albopictus,6.041729131165673,77.69483231965131,0.17191570124044459,0,0,0,0,0,0,1,1,1,0.01825093648557785,0,0,0
TUR.40.25_1,2067,3,albopictus,9.091111028895657,75.44747272023506,0.21104085834906014,0,0,0,0,0,0,1,1,1,0.020216165679751708,0,0,0
TUR.40.25_1,2067,4,albopictus,13.346617025487564,76.70637904516838,0.2790627192343067,0.003407584654575928,0.0033641026393710443,0.0034528529490262154,0,0,0,1,1,1,0.027520488836128232,0,0,0
TUR.40.25_1,2067,5,albopictus,17.781660865334903,72.40265799100835,0.39005589264042606,0.08263222402268457,0.0822377492675703,0.08301918570858956,4.3345419475926404e-12,3.777256285530939e-12,4.936184794246401e-12,0.9999999999956655,0.9999999999950637,0.9999999999962228,0.0370437936104403,1.605678773024177e-13,1.3992390225494646e-13,1.828550107410574e-13
TUR.40.25_1,2067,6,albopictus,23.91523765115177,64.99156980422583,0.43872349408068934,0.33703484716339305,0.33589212539606167,0.3382479623118299,0.4065877083789163,0.4045708097676136,0.40871785618045037,0.5934122916210838,0.5912821438195497,0.5954291902323864,0.04292387899087313,0.017452321593633018,0.017365748481704597,0.01754375580009874
TUR.40.25_1,2067,7,albopictus,25.412200030158548,66.99250085622626,0.5152080319971621,0.4069373931285518,0.4055385813580128,0.4082557008111876,0.50852251605778,0.5068286740900961,0.5101109439537557,0.4914774839422201,0.4898890560462443,0.49317132590990387,0.04863629219444077,0.024732649678438384,0.024650267485566906,0.024809904921716863
TUR.40.25_1,2067,8,albopictus,26.92640433591955,65.66942435347704,0.6117770619376852,0.4305774791806315,0.42895737519924365,0.4321804434733741,0.5355058041942727,0.5337532082716088,0.5372303328354853,0.46449419580572726,0.4627696671645147,0.4662467917283913,0.05748574188452693,0.030783948437577983,0.030683199160739843,0.030883084245919203
TUR.40.25_1,2067,9,albopictus,21.91176206925336,73.27248300603723,0.4876158609053025,0.27950082278921906,0.2785795820511333,0.2803630376088165,0.2844491112014199,0.2820858719201913,0.28665059563809253,0.7155508887985801,0.7133494043619074,0.7179141280798087,0.047591830012134295,0.013537453747400662,0.013424982865250432,0.013642226420485144
TUR.40.25_1,2067,10,albopictus,18.38227243984447,76.25992723710603,0.4805250805911921,0.10998006199157334,0.10951618264570567,0.11044603030016019,1.3251917244105904e-8,1.1763638682604772e-8,1.4877782703037744e-8,0.9999999867480828,0.9999999851222172,0.9999999882363613,0.045437756302396326,6.021373862772076e-10,5.345133476896382e-10,6.760130647806363e-10
TUR.40.25_1,2067,11,albopictus,10.908554652157953,82.12417697651601,0.27872838089353563,5.7374854102140165e-8,5.0772139404700074e-8,6.51592721945675e-8,0,0,0,1,1,1,0.02748797457397345,0,0,0
TUR.40.25_1,2067,12,albopictus,9.34588695974911,80.60142436439108,0.22925846962804886,0,0,0,0,0,0,1,1,1,0.0219419975647277,0,0,0
TUR.40.25_1,2068,1,albopictus,9.453839182853699,80.46430833785631,0.23883907347546054,0,0,0,0,0,0,1,1,1,0.02284838889073515,0,0,0
TUR.40.25_1,2068,2,albopictus,8.151104131165674,77.04830979767866,0.18503952823717276,0,0,0,0,0,0,1,1,1,0.018959975115036887,0,0,0
TUR.40.25_1,2068,3,albopictus,12.599067533717434,75.77131000050849,0.21931864167778067,9.347718788920446e-4,9.170517977002202e-4,9.533332600792514e-4,0,0,0,1,1,1,0.021000732513829945,0,0,0
TUR.40.25_1,2068,4,albopictus,13.1391518536736,73.9389763962426,0.290008565185731,0.002398397305541491,0.0023651189349357146,0.0024366660113258123,0,0,0,1,1,1,0.028584367569282843,0,0,0
TUR.40.25_1,2068,5,albopictus,18.09449083664838,78.58129263456304,0.4053552910158237,0.10171392509699805,0.10127447301659066,0.10214391722116058,1.5009410953004122e-9,1.3274841698107665e-9,1.685973427534293e-9,0.9999999984990589,0.9999999983140266,0.9999999986725159,0.03846847904739947,5.7738921075944715e-11,5.106629697211995e-11,6.485683347157522e-11
TUR.40.25_1,2068,6,albopictus,22.8973123887006,68.31047849563208,0.45593181124556936,0.30834099097353634,0.30724638787295916,0.309409662549509,0.3513662988731743,0.34905751680481084,0.35360850582513054,0.6486337011268257,0.6463914941748695,0.6509424831951892,0.04456942967102273,0.015660195546395497,0.01555729444637385,0.015760129431448586
TUR.40.25_1,2068,7,albopictus,25.261391695807962,66.3777051714118,0.5354163484883465,0.39731282157765285,0.39597740738814546,0.39865118212690037,0.49661676602288046,0.4949206797595844,0.4983082735765609,0.5033832339771195,0.5016917264234392,0.5050793202404156,0.05049500239594007,0.025076664790189357,0.024991020910260498,0.0251620774681652
TUR.40.25_1,2068,8,albopictus,27.445037224713495,73.87769538008837,0.6357731639428492,0.5175969897755462,0.5159215715826093,0.5192677733322074,0.6135978639249287,0.6123441797803625,0.6148422638916924,0.3864021360750714,0.38515773610830756,0.38765582021963757,0.059671912369262614,0.036614557966095064,0.036539748235681783,0.03668881369186411
TUR.40.25_1,2068,9,albopictus,25.097520659951602,66.0790282636056,0.5067419129683844,0.38962588801822134,0.38823654597738716,0.39089909719843324,0.4866854996205285,0.4848501470372394,0.4883590136718722,0.5133145003794715,0.5116409863281278,0.5151498529627607,0.04941166996414348,0.024047943283583832,0.02395725544747051,0.02413063440756918
TUR.40.25_1,2068,10,albopictus,19.28013964260326,72.66776415116853,0.49937300668600915,0.1422504519088826,0.14170221928367088,0.14281072742657144,1.47835184123718e-5,1.3325675710693096e-5,1.6386891626932187e-5,0.9999852164815877,0.999983613108373,0.9999866743242892,0.047177284082370874,6.974462478774248e-7,6.286691885929176e-7,7.730890415108044e-7
TUR.40.25_1,2068,11,albopictus,13.56215725225561,69.71133517964101,0.28966111288984697,0.004060050397504464,0.004008170288577017,0.004111278127879035,0,0,0,1,1,1,0.028550614923740003,0,0,0
TUR.40.25_1,2068,12,albopictus,10.148246540742763,75.89758220130514,0.23825081335096993,0,0,0,0,0,0,1,1,1,0.02279275963036609,0,0,0
TUR.40.25_1,2069,1,albopictus,9.45617949962616,80.5662599369774,0.22311385396854277,0,0,0,0,0,0,1,1,1,0.021360231980519062,0,0,0
TUR.40.25_1,2069,2,albopictus,8.99330822509878,75.86743211213178,0.16689591477256763,0,0,0,0,0,0,1,1,1,0.01772277618153939,0,0,0
TUR.40.25_1,2069,3,albopictus,7.040805662379545,70.16619220265693,0.20487865188818496,0,0,0,0,0,0,1,1,1,0.019631704626851598,0,0,0
TUR.40.25_1,2069,4,albopictus,13.594608587377213,73.29988490454338,0.2709143345807021,0.004479071030471232,0.004425509367589238,0.0045329193799188965,0,0,0,1,1,1,0.026727752191363696,0,0,0
TUR.40.25_1,2069,5,albopictus,17.60534937241498,72.84435415800054,0.3786666054638371,0.07722611827478883,0.07685117874922896,0.07759118579605041,6.373970240503013e-13,5.53887491427929e-13,7.268657897796515e-13,0.9999999999993626,0.9999999999992731,0.9999999999994461,0.03598184866913989,2.2934723261538062e-14,1.992989589628926e-14,2.615397485062627e-14
TUR.40.25_1,2069,6,albopictus,22.56984733132755,64.49176816848365,0.42591315597407403,0.2744102417205298,0.27338413788194416,0.27541014109311496,0.2711821348192911,0.2684513883855326,0.2738289052941568,0.7288178651807089,0.7261710947058432,0.7315486116144673,0.04169704648129546,0.011307494080456913,0.011193630019479858,0.01141785659197271
TUR.40.25_1,2069,7,albopictus,25.545378741096048,66.55225427419501,0.5001644130112283,0.40773154427823005,0.40628069214136897,0.40935947461067274,0.5094794488975846,0.5077294989364947,0.5114318530669962,0.4905205511024154,0.48856814693300377,0.49227050106350534,0.047250255796759566,0.024073034283602964,0.023990348700309937,0.024165285880026328
TUR.40.25_1,2069,8,albopictus,28.036319115582636,62.130003271934065,0.5939137126640945,0.4030317970266565,0.4012793338340165,0.4047607820615524,0.5037589415928688,0.5015940693386545,0.5058809827167438,0.4962410584071312,0.49411901728325625,0.49840593066134553,0.055854997774784976,0.028137454561697726,0.028016535626755885,0.02825598116394976
TUR.40.25_1,2069,9,albopictus,22.701255630044376,72.70010294011927,0.47337790891817616,0.32058074026932293,0.31955808633861055,0.3214805434960055,0.3761308949604742,0.37413598717210983,0.3778786166886254,0.6238691050395259,0.6221213833113747,0.6258640128278902,0.046234830016693595,0.01739034799252436,0.017298113770030352,0.017471153609541913
TUR.40.25_1,2069,10,albopictus,15.761346536524156,70.97223039872712,0.4664941731195499,0.029061919336358703,0.028865016304382596,0.02925865634164338,0,0,0,1,1,1,0.04414074292219361,0,0,0
TUR.40.25_1,2069,11,albopictus,13.1899353055393,77.54050540669179,0.27058975862385853,0.0027542611966270975,0.002712726577470544,0.0027954363908695716,0,0,0,1,1,1,0.02669616160157906,0,0,0
TUR.40.25_1,2069,12,albopictus,7.192085041719325,78.34442058021139,0.22256432502589008,0,0,0,0,0,0,1,1,1,0.021308186318216182,0,0,0
TUR.40.25_1,2070,1,albopictus,9.061548113822937,79.07511766402818,0.2326233649965094,0,0,0,0,0,0,1,1,1,0.022260435667110445,0,0,0
TUR.40.25_1,2070,2,albopictus,9.746392407838037,79.09159898224897,0.17400931680396317,0,0,0,0,0,0,1,1,1,0.018471133764792258,0,0,0
TUR.40.25_1,2070,3,albopictus,10.118447149501126,72.1230708647663,0.21361094602802055,0,0,0,0,0,0,1,1,1,0.0204598254120949,0,0,0
TUR.40.25_1,2070,4,albopictus,12.225811285131119,74.64307032934806,0.2824611874834029,3.697873806635037e-4,3.612593322764028e-4,3.783095116835471e-4,0,0,0,1,1,1,0.027850926757967298,0,0,0
TUR.40.25_1,2070,5,albopictus,17.06246073105756,76.99054861600835,0.3948060526408321,0.06395429448575429,0.06364871302824394,0.06429001246297462,2.980060642698845e-15,2.55351295663786e-15,3.4416913763379853e-15,0.999999999999997,0.9999999999999966,0.9999999999999974,0.03748635601548089,1.117116141999317e-16,9.5721895782670045e-17,1.2901646822881614e-16
TUR.40.25_1,2070,6,albopictus,25.4063398697797,57.08144407180396,0.44406633553531544,0.3367020879765038,0.3353945263317907,0.3381078276042603,0.4060005526560135,0.40368742053777995,0.40847278958267913,0.5939994473439865,0.5915272104173208,0.59631257946222,0.04343509300939574,0.01763467176648002,0.017534200657781523,0.01774205360733101
TUR.40.25_1,2070,7,albopictus,26.893561419318704,64.38928659231024,0.521482313790251,0.41894353631996645,0.4172246635424159,0.42054765438009034,0.52260678403249206,0.5206419528393348,0.524429638639307,0.4773932159675079,0.475570361360693,0.4793580471606652,0.04921377401689042,0.025719452169068922,0.02562275541074754,0.02580916172375436
TUR.40.25_1,2070,8,albopictus,26.595542290631464,68.77767401778368,0.6192273760685917,0.45318299910697835,0.45150375683809274,0.4548278566648484,0.5586757130978031,0.557035800984164,0.5602731955303298,0.44132428690219694,0.43972680446967016,0.44296419901583606,0.058165047994505614,0.032495399665698366,0.032400014098901773,0.03258831730805666
TUR.40.25_1,2070,9,albopictus,22.382829497842227,66.19534601262903,0.4935541210411933,0.2730986423012688,0.27215110024153805,0.2740340003451541,0.26768500774009163,0.26513983113717804,0.27018485960639477,0.7323149922599084,0.7298151403936052,0.7348601688628219,0.04815722686873258,0.012890967647098031,0.01276839900001053,0.013011353580561815
TUR.40.25_1,2070,10,albopictus,17.799972253687244,77.06682726152009,0.4863769881256857,0.08860532348071312,0.08819299022976564,0.08898398559683841,3.112721269626917e-11,2.7236848887390864e-11,3.503723977615891e-11,0.9999999999688728,0.9999999999649628,0.9999999999727631,0.045978184873471384,1.4311727399449294e-12,1.2523008735152604e-12,1.6109486878843796e-12
TUR.40.25_1,2070,11,albopictus,9.531740763608148,79.49199008686757,0.28212277751945447,0,0,0,0,0,0,1,1,1,0.027818027708019333,0,0,0
TUR.40.25_1,2070,12,albopictus,6.820825829225429,79.05313029700827,0.23205041414863933,0,0,0,0,0,0,1,1,1,0.02220622157905494,0,0,0
TUR.40.25_1,2071,1,albopictus,6.930437445640564,86.46069963424303,0.24210494877234107,0,0,0,0,0,0,1,1,1,0.023157171251295794,0,0,0
TUR.40.25_1,2071,2,albopictus,4.758870282593896,79.05622910920209,0.18110182840561057,0,0,0,0,0,0,1,1,1,0.01921672595860724,0,0,0
TUR.40.25_1,2071,3,albopictus,10.655455435023587,78.23835101613349,0.22231759542340573,1.7155056713218826e-11,9.300814482281654e-12,3.2732225914091185e-11,0,0,0,1,1,1,0.021284817757733276,0,0,0
TUR.40.25_1,2071,4,albopictus,14.1788828793694,72.9778710495629,0.2939741299283072,0.008565027244094331,0.008479390034859459,0.008644921258573456,0,0,0,1,1,1,0.02896951235664158,0,0,0
TUR.40.25_1,2071,5,albopictus,19.014427970437442,69.63498068387945,0.41089810196431953,0.1251959199716843,0.12470553262389857,0.1257097354207175,4.718366774054683e-7,4.232036715845489e-7,5.269033204469141e-7,0.9999995281633226,0.9999994730966795,0.9999995767963284,0.03898410726988588,1.8394131645841315e-8,1.6498217330061608e-8,2.0540855565161557e-8
TUR.40.25_1,2071,6,albopictus,23.02993606118595,74.16728238967505,0.4621662033730446,0.3467373948322066,0.3457217944492716,0.3477865490358836,0.4231932286537293,0.42150019919610743,0.42493465773695327,0.5768067713462707,0.5750653422630467,0.5784998008038925,0.0451648969155215,0.019113478547492405,0.01903701304656397,0.019192130012521905
TUR.40.25_1,2071,7,albopictus,26.16637903101304,69.63597162038641,0.5427376087856225,0.4509378804756618,0.4493968207345524,0.45241329332921304,0.5564785767449918,0.5549590233023022,0.5579263409270322,0.4435214232550082,0.4420736590729679,0.4450409766976979,0.051167497027830744,0.02847361592165085,0.028395864175388398,0.0285476943911324
TUR.40.25_1,2071,8,albopictus,27.616383889142206,68.9088423832622,0.6444666990513491,0.46739595024091257,0.46564307221081985,0.4691644251680453,0.5720957228178271,0.5704864692863078,0.5737102191056258,0.4279042771821729,0.42628978089437425,0.42951353071369225,0.060462686961005985,0.03459044460046473,0.03449314480794759,0.03468806138411361
TUR.40.25_1,2071,9,albopictus,25.561166595010196,71.76249612859583,0.5136710802582058,0.45047582560748567,0.4489953245629111,0.4519205425169436,0.5560238053486496,0.554561063217613,0.5574443266495784,0.44397619465135046,0.44255567335042156,0.44543893678238694,0.05007012036840497,0.027840178861505457,0.027766939186936523,0.02791130453402885
TUR.40.25_1,2071,10,albopictus,19.498368936426502,77.51342149980134,0.5062014118658357,0.1628436263423097,0.16224730189611394,0.1634322427993365,4.806481297799069e-4,4.3854371223710497e-4,5.248200574455269e-4,0.9995193518702201,0.9994751799425544,0.9995614562877628,0.04780671411435489,2.2978207729987355e-5,2.0965333877567195e-5,2.5089922447777617e-5
TUR.40.25_1,2071,11,albopictus,13.429813006344965,80.67826175434804,0.2936219265845587,0.004068323119979651,0.0040165190673174525,0.004115102049971761,0,0,0,1,1,1,0.02893531173590358,0,0,0
TUR.40.25_1,2071,12,albopictus,9.847197308259853,78.68868174964499,0.24150864480401554,0,0,0,0,0,0,1,1,1,0.023100799116213655,0,0,0
TUR.40.25_1,2072,1,albopictus,8.992794871330261,78.64178331344225,0.2540901947023284,0,0,0,0,0,0,1,1,1,0.02428951781578481,0,0,0
TUR.40.25_1,2072,2,albopictus,10.617214360657862,74.1470036453349,0.19685526774680331,1.321979028511112e-12,4.985567411587405e-13,3.646513801337163e-12,0,0,0,1,1,1,0.02015838531043712,0,0,0
TUR.40.25_1,2072,3,albopictus,9.4345205671647,71.52452197560615,0.23332328146668646,0,0,0,0,0,0,1,1,1,0.022326659491186507,0,0,0
TUR.40.25_1,2072,4,albopictus,13.14237336551442,70.86465083471916,0.30852712548709654,0.0022870510530469987,0.002254195439443746,0.0023212804823185052,0,0,0,1,1,1,0.030381624821506747,0,0,0
TUR.40.25_1,2072,5,albopictus,20.407311271218692,71.79611349637945,0.4312393417001427,0.19393283521223792,0.19321322851254333,0.19461977404533212,0.02059266818478826,0.019331258409038696,0.021833546667196797,0.9794073318152118,0.9781664533328032,0.9806687415909613,0.04087401309349503,8.417049890150339e-4,7.901461093247836e-4,8.924246723524367e-4
TUR.40.25_1,2072,6,albopictus,23.31455062417423,63.88211088088599,0.48504543668092365,0.30511820281531665,0.3039430794620486,0.3061974770647016,0.34451523409667434,0.3419832622036431,0.3468277334133633,0.6554847659033257,0.6531722665866366,0.6580167377963569,0.04734698924308689,0.0163117590828548,0.016191877836871656,0.01642124896312672
TUR.40.25_1,2072,7,albopictus,27.542975481818704,59.54777581960517,0.5696054764179593,0.38188745282689834,0.38028576522976776,0.3833876013545893,0.47628301909160603,0.47407971183367625,0.4783347226064799,0.5237169809083939,0.5216652773935202,0.5259202881663237,0.053631367248659245,0.025543709511202106,0.02542554313049044,0.025653745175893666
TUR.40.25_1,2072,8,albopictus,26.118275978985956,67.78010016524462,0.6763705982528511,0.43359527764228606,0.43201620713340383,0.43514392043102024,0.5387388348541973,0.5370544051024769,0.5403819503394084,0.4612611651458028,0.45961804966059155,0.462945594897523,0.0633590106333366,0.03413395956611845,0.0340272357635681,0.03423806573761774
TUR.40.25_1,2072,9,albopictus,23.90610678055707,64.67417825750208,0.5391000285520551,0.3347776714657675,0.33364748984633563,0.33596226869526113,0.4025867727153352,0.40056503532085463,0.40469512534693985,0.5974132272846648,0.5953048746530601,0.5994349646791454,0.05248262347675825,0.02112881000914219,0.021022703926698784,0.021239461886462925
TUR.40.25_1,2072,10,albopictus,18.388284402735096,80.9575285554654,0.5312605791487969,0.11738741776944847,0.11692936782178091,0.1178635293046772,8.050742975251879e-8,7.216591889069868e-8,8.987523308356949e-8,0.9999999194925703,0.999999910124767,0.9999999278340811,0.05011306200900423,4.034473819373526e-9,3.6164551683063526e-9,4.503923128590626e-9
TUR.40.25_1,2072,11,albopictus,15.313506701413324,82.27835941059804,0.308157486548935,0.025092585338476726,0.024915469596969365,0.025268989112642963,0,0,0,1,1,1,0.030345783288427186,0,0,0
TUR.40.25_1,2072,12,albopictus,9.158086552339443,78.03572001868795,0.25346437109904435,0,0,0,0,0,0,1,1,1,0.024230423511832355,0,0,0
TUR.40.25_1,2073,1,albopictus,8.315718531608582,83.54691942184068,0.24841512257758555,0,0,0,0,0,0,1,1,1,0.023753509929163363,0,0,0
TUR.40.25_1,2073,2,albopictus,8.304057279053858,80.09398698273725,0.18582202937416473,0,0,0,0,0,0,1,1,1,0.019712617784344966,0,0,0
TUR.40.25_1,2073,3,albopictus,10.00792487929849,76.89533343800849,0.22811203570312455,0,0,0,0,0,0,1,1,1,0.021833480686298645,0,0,0
TUR.40.25_1,2073,4,albopictus,10.42986230289235,79.1224251877465,0.3016362114491499,1.3762022151582002e-32,1.1897921550307985e-42,5.545797839529783e-34,0,0,0,1,1,1,0.02971323887115196,0,0,0
TUR.40.25_1,2073,5,albopictus,18.643015693215762,79.30311728055914,0.421607665947987,0.1259335095144289,0.12545740575308434,0.1264427428127403,5.5391305151542e-7,4.987670811529287e-7,6.175177598960469e-7,0.9999994460869485,0.9999993824822401,0.9999995012329188,0.039979597235046294,2.2145220702821943e-8,1.994050701859374e-8,2.4688111326131975e-8
TUR.40.25_1,2073,6,albopictus,22.939846263212317,67.9664385786399,0.47421200865287066,0.30870198174940616,0.30766763009848525,0.3096955461785188,0.35212483951421614,0.34994872035389957,0.3542051792552477,0.6478751604857839,0.6457948207447523,0.6500512796461004,0.04631438022653134,0.016308443704467733,0.01620765809425859,0.016404793350234235
TUR.40.25_1,2073,7,albopictus,25.943780001472025,67.65858514577704,0.5568834106762749,0.4280334293728779,0.42658152284398876,0.42958648637532654,0.5327451944909224,0.5311564396013323,0.5344360069089127,0.46725480550907755,0.4655639930910873,0.46884356039866765,0.05246551126592769,0.027950749003432328,0.027867394165873742,0.028039458341396966
TUR.40.25_1,2073,8,albopictus,26.159875252667597,75.53036719405321,0.6612639471180553,0.5054800493994318,0.5039405057137162,0.5070089608731153,0.6043355714163527,0.6031277547009848,0.6055296544357792,0.3956644285836473,0.3944703455642208,0.3968722452990152,0.061988701936817825,0.037461977606344767,0.03738710661598152,0.03753599726272381
TUR.40.25_1,2073,9,albopictus,24.327209304360782,69.38555826238489,0.5270592981017201,0.38254756527641925,0.3813015254021562,0.3837753262816793,0.47718777596164247,0.47548072595159896,0.47886175656732743,0.5228122240383575,0.5211382434326725,0.524519274048401,0.051341056216721914,0.02449932443157919,0.024411682681048787,0.024585268363961365
TUR.40.25_1,2073,10,albopictus,17.71775599086986,73.57975908525056,0.5193949418020501,0.08175132670547137,0.08136675092702277,0.0820901608978297,3.20008064491617e-12,2.7942564928551405e-12,3.5900282746581523e-12,0.9999999999967999,0.99999999999641,0.9999999999972057,0.04902169224258146,1.5687336852652209e-13,1.369791818395797e-13,1.7598926122245766e-13
TUR.40.25_1,2073,11,albopictus,14.157540896359613,75.82287692768789,0.3012748283495761,0.00874508175306977,0.00866074946075874,0.00883590363339769,0,0,0,1,1,1,0.029678173713836742,0,0,0
TUR.40.25_1,2073,12,albopictus,11.215185894685634,80.1102439444692,0.2478032766647439,2.89510467049634e-6,2.7271557452971504e-6,3.086141572776717e-6,0,0,0,1,1,1,0.02369570378958985,0,0,0
TUR.40.25_1,2074,1,albopictus,8.917391657829285,82.14095170943834,0.2622132819361703,0,0,0,0,0,0,1,1,1,0.025056227518578167,0,0,0
TUR.40.25_1,2074,2,albopictus,11.0001279501354,76.1759343093974,0.1961434701424881,1.9630505212564997e-7,1.7691296602170297e-7,2.1559329971603617e-7,0,0,0,1,1,1,0.020796087673890074,0,0,0
TUR.40.25_1,2074,3,albopictus,11.308318937526028,77.51703753957099,0.2407824648927156,5.832701719018074e-6,5.507092770151276e-6,6.1648120964072175e-6,0,0,0,1,1,1,0.023032144648229558,0,0,0
TUR.40.25_1,2074,4,albopictus,14.36666707431569,70.37607966772697,0.31839052362913906,0.00989331838795714,0.009796521235583427,0.00998198757518737,0,0,0,1,1,1,0.03133752653007549,0,0,0
TUR.40.25_1,2074,5,albopictus,19.09649927475873,73.50968313749273,0.4450257642553248,0.13572678128990262,0.13517673930078947,0.13624407784641962,4.2172188377986865e-6,3.775647602893839e-6,4.664835899603759e-6,0.9999957827811622,0.9999953351641004,0.9999962243523971,0.04215279689208973,1.7776756911922273e-7,1.5915410654088947e-7,1.966358802109259e-7
TUR.40.25_1,2074,6,albopictus,23.18864081887638,66.49521665481177,0.5005520027613343,0.3130468710680146,0.3120047098825589,0.3141768985244894,0.36111670424076664,0.35898461255835323,0.36341643221536374,0.6388832957592333,0.6365835677846363,0.6410153874416468,0.048823082176979726,0.017630830526627034,0.017526735239207707,0.017743110334515484
TUR.40.25_1,2074,7,albopictus,25.56935220606187,65.16555078298407,0.5878153683000042,0.3977578080546507,0.3963145997413051,0.3990859038423103,0.4971798131230814,0.49535041125406337,0.49885476312997096,0.5028201868769185,0.5011452368700291,0.5046495887459367,0.05529763448291214,0.02749286757836272,0.0273917059824874,0.02758548835162085
TUR.40.25_1,2074,8,albopictus,26.279036858502558,75.47851782881884,0.6979936970050492,0.5088128382628,0.5071950926865584,0.5103224362020518,0.6069272055733509,0.6056744182196399,0.6080909130882349,0.39307279442664916,0.391909086911765,0.3943255817803602,0.06531693692453411,0.039642626004218307,0.03956079777165611,0.0397186358145666
TUR.40.25_1,2074,9,albopictus,23.96907408097211,73.52081979802942,0.5563346824308687,0.39334745056738524,0.3920188353415463,0.3945929164004511,0.4915424180985874,0.48982043299413325,0.49314852999390785,0.5084575819014127,0.5068514700060922,0.5101795670058668,0.05411423046665731,0.026599439697124982,0.026506255798322397,0.02668635320638359
TUR.40.25_1,2074,10,albopictus,17.35228319729076,75.3389982820279,0.5482446112692912,0.0714955081251905,0.0711520224012437,0.07183222689171899,7.130751544792701e-14,6.206146707654625e-14,8.126832540256146e-14,0.9999999999999287,0.9999999999999187,0.9999999999999379,0.05167302904497051,3.684675316865416e-15,3.2069039908198554e-15,4.199380538962673e-15
TUR.40.25_1,2074,11,albopictus,13.042159655514887,76.30069827778554,0.3180090675905844,0.002140973596523056,0.0021115025061643946,0.0021745191555081838,0,0,0,1,1,1,0.03130057561033972,0,0,0
TUR.40.25_1,2074,12,albopictus,10.875132336336025,80.56063762122702,0.26156745118649305,2.7075530859559714e-8,2.3286653162202945e-8,3.141060333004152e-8,0,0,0,1,1,1,0.024995291872352943,0,0,0
TUR.40.25_1,2075,1,albopictus,7.690697550773621,78.60306413619615,0.2531483369504253,0,0,0,0,0,0,1,1,1,0.024200580167662578,0,0,0
TUR.40.25_1,2075,2,albopictus,9.900201955262354,76.50266313019819,0.1893626169643963,0,0,0,0,0,0,1,1,1,0.020084417973968316,0,0,0
TUR.40.25_1,2075,3,albopictus,11.642641866908352,75.48238482961006,0.23245840219967528,4.3963504683370364e-5,4.247214006448053e-5,4.5562249074369326e-5,0,0,0,1,1,1,0.022244826769638126,0,0,0
TUR.40.25_1,2075,4,albopictus,11.393724722020767,76.0212517868676,0.3073834817303871,1.0414970511850887e-5,9.856286279165379e-6,1.093321669310685e-5,0,0,0,1,1,1,0.030270728680227288,0,0,0
TUR.40.25_1,2075,5,albopictus,17.852673362283145,78.5088210159107,0.4296408301267948,0.09229691825315653,0.0918761530308844,0.09269894304919848,9.831201819299196e-11,8.627855097032012e-11,1.1088504558998125e-10,0.999999999901688,0.9999999998891149,0.9999999999137215,0.0407256299402623,4.003818871608125e-12,3.5137483385993153e-12,4.51586333260669e-12
TUR.40.25_1,2075,6,albopictus,22.880781398100012,73.93673734572974,0.4832474774755385,0.33713175592628586,0.3361628343582934,0.33814325588639216,0.40675873775545923,0.40505030241640355,0.4085347655120062,0.5932412622445408,0.5914652344879938,0.5949496975835964,0.04717569071913763,0.019189124409658358,0.019108527792489418,0.019272909745809818
TUR.40.25_1,2075,7,albopictus,27.43707757837632,59.00142724782783,0.567494071315849,0.37729862093391886,0.37550336900823883,0.37905727081070106,0.46991299389088786,0.46738161247007975,0.4723752462522913,0.5300870061091121,0.5276247537477087,0.5326183875299203,0.05343797643744419,0.025111199495190122,0.024975927594470794,0.02524277727886184
TUR.40.25_1,2075,8,albopictus,26.37829528135412,74.71602850997118,0.6738634377861903,0.5042886952002485,0.5027003502159996,0.5058221175923976,0.6034007750188846,0.6021486758183939,0.6046040830472829,0.39659922498111544,0.3953959169527171,0.397851324181606,0.0631317273269173,0.03809373319734279,0.03801468601203117,0.03816970011168192
TUR.40.25_1,2075,9,albopictus,23.23619062760297,71.74248422674036,0.537101700590058,0.3441606937191771,0.3430642555430063,0.3451870597691486,0.4188746466989046,0.41701887203618765,0.42060403746629144,0.5811253533010954,0.5793959625337085,0.5829811279638124,0.052293259510024503,0.02190432060199565,0.021807276095966062,0.021994756082188847
TUR.40.25_1,2075,10,albopictus,19.43781443203197,72.61789079911775,0.5292913103411673,0.14930891644785674,0.14874904034441325,0.14985528217965283,5.285801860708306e-5,4.786669955127443e-5,5.8061772557482795e-5,0.9999471419813929,0.9999419382274425,0.9999521333004487,0.04993202062464863,2.6393076752669326e-6,2.3900810292280936e-6,2.899141624843889e-6
TUR.40.25_1,2075,11,albopictus,14.066859820309809,80.48171329243398,0.3070152129643399,0.008533454927684269,0.008444264048378019,0.008625604635449667,0,0,0,1,1,1,0.030235015922421726,0,0,0
TUR.40.25_1,2075,12,albopictus,10.445972218232997,79.39446177894186,0.2525248331407593,2.8058642853858047e-26,1.6435933852260068e-32,2.175436309445737e-26,0,0,0,1,1,1,0.02414169955362766,0,0,0
TUR.59.4_1,2025,1,albopictus,4.849517377860406,69.56209988807737,1.0677754264763193,0,0,0,0,0,0,1,1,1,0.09817348019068217,0,0,0
TUR.59.4_1,2025,2,albopictus,4.258604782469133,76.86164585850305,0.7987283326590721,0,0,0,0,0,0,1,1,1,0.08201849501709157,0,0,0
TUR.59.4_1,2025,3,albopictus,8.010822674807379,66.83459414692689,0.9805056297698308,0,0,0,0,0,0,1,1,1,0.09052488409496218,0,0,0
TUR.59.4_1,2025,4,albopictus,13.665060842738432,54.54226888594779,1.296538354746196,0.0036060157468622354,0.0035601279679008955,0.003653717670031324,0,0,0,1,1,1,0.12160055097424971,0,0,0
TUR.59.4_1,2025,5,albopictus,16.83769716935999,53.29812626233216,1.8122177935149482,0.04160448260919874,0.04132610554629798,0.041868779924647034,0,0,0,1,1,1,0.1608584848322594,0,0,0
TUR.59.4_1,2025,6,albopictus,23.730123604045193,40.14280370818671,2.0383297301933223,0.21157245812046338,0.21055859385610728,0.2125818011272671,0.06711899483865134,0.0637704303108925,0.07049002997705073,0.9328810051613486,0.9295099700229492,0.9362295696891075,0.18440141321947678,0.012376837502118076,0.011759357470942734,0.012998461145651438
TUR.59.4_1,2025,7,albopictus,26.148629693424002,36.783123582263805,2.3936804457093053,0.23064235553230186,0.2293810048696117,0.23197189388347372,0.1347251606361426,0.1302205583593705,0.1394569274565915,0.8652748393638574,0.8605430725434084,0.8697794416406295,0.20677351652116016,0.027857595228613384,0.026926162775315992,0.028835999293435752
TUR.59.4_1,2025,8,albopictus,26.1063975165872,49.81033101130324,2.842344644001578,0.30245330062570336,0.30110998926998517,0.30392115520580687,0.3387385345493532,0.3357924508302618,0.34193579649825123,0.6612614654506468,0.6580642035017488,0.6642075491697381,0.24047771120634942,0.08145906748582138,0.08075060001603199,0.08222793772141952
TUR.59.4_1,2025,9,albopictus,21.167789571425494,63.377013327665715,2.265485937286708,0.20525723414746583,0.2044318417929925,0.2060309008017422,0.04736240280713687,0.04498949068956559,0.04962479474961162,0.9526375971928631,0.9503752052503884,0.9550105093104344,0.20271940146543732,0.009601277949027735,0.009120242624823603,0.010059908689486445
TUR.59.4_1,2025,10,albopictus,16.89749201606302,68.75470893464083,2.2325418426131214,0.05296636666289647,0.05266996803852348,0.0532581287536269,0,0,0,1,1,1,0.19430694686283667,0,0,0
TUR.59.4_1,2025,11,albopictus,10.793414999456967,68.3366256304529,1.2949850032864905,1.7522631875282804e-9,1.3425732569640659e-9,2.3000489958572858e-9,0,0,0,1,1,1,0.12146409406961256,0,0,0
TUR.59.4_1,2025,12,albopictus,4.642129645628088,72.69433987773199,1.0651454978965156,0,0,0,0,0,0,1,1,1,0.09794392781853645,0,0,0
TUR.59.4_1,2026,1,albopictus,6.811025651938775,74.40719266151487,1.0116775195566703,0,0,0,0,0,0,1,1,1,0.0932643041105301,0,0,0
TUR.59.4_1,2026,2,albopictus,4.743156927473406,70.16378514072962,0.7567654006149632,0,0,0,0,0,0,1,1,1,0.07788193198507498,0,0,0
TUR.59.4_1,2026,3,albopictus,11.264345547732184,53.763926880081186,0.9289926316345064,1.6146988167199512e-6,1.5037586610044393e-6,1.7384626481762193e-6,0,0,0,1,1,1,0.0859797137375804,0,0,0
TUR.59.4_1,2026,4,albopictus,12.732847059474272,60.873312129355995,1.228421889299592,9.20717514294079e-4,9.026407698384041e-4,9.391597274280832e-4,0,0,0,1,1,1,0.11559677983281424,0,0,0
TUR.59.4_1,2026,5,albopictus,15.585045001086065,71.34732441296693,1.7170089859530258,0.02607382543659735,0.025879315120650673,0.026264604235332473,0,0,0,1,1,1,0.15309111163314226,0,0,0
TUR.59.4_1,2026,6,albopictus,21.239244545207303,52.26252416717109,1.931241639719764,0.17540097688656428,0.1746377573128268,0.17616878193342336,0.002792387026230167,0.0025280694253738854,0.003075742210418525,0.9972076129737698,0.9969242577895815,0.9974719305746261,0.17562039046249456,4.904000998689459e-4,4.43980539600456e-4,5.401630479556774e-4
TUR.59.4_1,2026,7,albopictus,25.032943276798026,46.314198106189586,2.2679232316835876,0.2664544042921186,0.26523013903699216,0.26778328370484095,0.24944358782270032,0.2459895405877723,0.2531672744915843,0.7505564121772997,0.7468327255084157,0.7540104594122278,0.19706092671109654,0.04915558457848212,0.048474926829463305,0.04988937772423416
TUR.59.4_1,2026,8,albopictus,26.00682247386259,42.72556080866652,2.6930158794326546,0.26042878193741487,0.25914024478964337,0.2617375197132041,0.23211518072797885,0.22831338349728753,0.23594944245177216,0.7678848192720211,0.7640505575482278,0.7716866165027124,0.22942203357024904,0.053252336785138785,0.052380120733251836,0.05413200090705202
TUR.59.4_1,2026,9,albopictus,23.302465551039752,49.45949089724579,2.1464637008815495,0.23758931927922425,0.23652221346258298,0.23871243258615818,0.15911593754384742,0.15542800498759518,0.1629786574623663,0.8408840624561525,0.8370213425376337,0.8445719950124049,0.19317329220767587,0.030736949498055943,0.030024539424724828,0.0314831238215924
TUR.59.4_1,2026,10,albopictus,15.103055561290068,63.94913642487521,2.115250395951504,0.016761293823589003,0.016614294994412766,0.01689809890425066,0,0,0,1,1,1,0.18510959829621387,0,0,0
TUR.59.4_1,2026,11,albopictus,11.026124884100522,74.52157741267946,1.2269501465409665,2.657551353940585e-7,2.4006500997966487e-7,2.9482983096802527e-7,0,0,0,1,1,1,0.11546660885064064,0,0,0
TUR.59.4_1,2026,12,albopictus,5.81193135766422,72.37393582499762,1.009185760001005,0,0,0,0,0,0,1,1,1,0.09304562929443871,0,0,0
TUR.59.4_1,2027,1,albopictus,5.470639499671319,72.31243558143674,1.0001575115729648,0,0,0,0,0,0,1,1,1,0.09225287567132423,0,0,0
TUR.59.4_1,2027,2,albopictus,5.871378916151384,73.04805485508508,0.748148086017821,0,0,0,0,0,0,1,1,1,0.07703016224504333,0,0,0
TUR.59.4_1,2027,3,albopictus,6.474399945315192,70.06042422505189,0.9184141594174676,0,0,0,0,0,0,1,1,1,0.085043530926183,0,0,0
TUR.59.4_1,2027,4,albopictus,11.418738210902495,61.20005620894584,1.2144338054502137,7.453112301644491e-6,7.041023575227971e-6,7.874060076105474e-6,0,0,0,1,1,1,0.11435880354883388,0,0,0
TUR.59.4_1,2027,5,albopictus,18.589478632983038,60.340107005740364,1.6974573434148577,0.09520176046208956,0.09474900720739042,0.09563994563592736,2.35024126493677e-10,2.051123076940442e-10,2.6679314590882796e-10,0.9999999997649759,0.9999999997332069,0.9999999997948876,0.1514871631024396,3.560313818315604e-11,3.107188160996545e-11,4.041573680890359e-11
TUR.59.4_1,2027,6,albopictus,23.154998863444607,44.672874966731634,1.9092505223152918,0.21427320676094505,0.21327685077635117,0.2152385337678605,0.07625782681328087,0.07284378937022865,0.07959198929904086,0.9237421731867191,0.9204080107009591,0.9271562106297713,0.1738054927345425,0.013254029164147687,0.012660650704143817,0.013833524917842229
TUR.59.4_1,2027,7,albopictus,27.811580209171073,29.426819413562633,2.242098308987989,0.18961274747308865,0.18814094682852628,0.19102463372904946,0.013883809393902406,0.011989147519514262,0.015847873367841915,0.9861161906060976,0.984152126632158,0.9880108524804858,0.19505172292495387,0.002708060943042324,0.002338503880082694,0.0030911550050940566
TUR.59.4_1,2027,8,albopictus,25.078725702622357,57.73938908625441,2.6623504116016563,0.33275596508986777,0.331421557774132,0.33402044681039805,0.39895648803518025,0.3965390579268599,0.4012343434144934,0.6010435119648198,0.5987656565855065,0.60346094207314,0.2271318499009204,0.09061572515740489,0.09006664978489591,0.09113309866351506
TUR.59.4_1,2027,9,albopictus,21.77431308521944,60.167365195341496,2.1220218421934915,0.2215056500937342,0.22068622159447818,0.222318504926252,0.10184583946400509,0.0988980550637507,0.10477391856768317,0.898154160535995,0.8952260814323169,0.9011019449362493,0.191198845795858,0.019472806954628018,0.018909193979644343,0.020032652299650237
TUR.59.4_1,2027,10,albopictus,15.127873981700224,68.68803565583224,2.0911639642795077,0.018249950266825805,0.018101294807537558,0.018393148385478186,0,0,0,1,1,1,0.18320791809344739,0,0,0
TUR.59.4_1,2027,11,albopictus,13.056387831183041,65.17218929012087,1.2129788214788515,0.001801891958913396,0.0017719808915955633,0.0018306968326816967,0,0,0,1,1,1,0.11422993479944155,0,0,0
TUR.59.4_1,2027,12,albopictus,6.477672801298254,71.4014474216773,0.9976941257721966,0,0,0,0,0,0,1,1,1,0.09203645006460959,0,0,0
TUR.59.4_1,2028,1,albopictus,3.410986098296502,71.09691281532346,0.9899544287827189,0,0,0,0,0,0,1,1,1,0.09135612795149606,0,0,0
TUR.59.4_1,2028,2,albopictus,7.53406526411281,69.5525256802804,0.766962866723208,0,0,0,0,0,0,1,1,1,0.07627510671548188,0,0,0
TUR.59.4_1,2028,3,albopictus,9.364424130495856,74.57025088520814,0.9090449794674682,0,0,0,0,0,0,1,1,1,0.0842135684179568,0,0,0
TUR.59.4_1,2028,4,albopictus,10.804705465541167,69.71272863326224,1.2020447882035257,2.6404761576865283e-9,2.1142634674818943e-9,3.3133445679067756e-9,0,0,0,1,1,1,0.11326090118697685,0,0,0
TUR.59.4_1,2028,5,albopictus,16.50690283494837,59.42490009656068,1.6801407731673026,0.03823559249401705,0.03798390638290282,0.03848223075094759,0,0,0,1,1,1,0.15006403563004977,0,0,0
TUR.59.4_1,2028,6,albopictus,24.562610710368435,35.79857687102851,1.8897733490489863,0.210005102168552,0.208779376832291,0.21113537197679658,0.06198038616754194,0.058049020096281496,0.06566455735280316,0.938019613832458,0.9343354426471968,0.9419509799037186,0.1721947312327472,0.010672695937821766,0.009995735413803532,0.011307090804883254
TUR.59.4_1,2028,7,albopictus,27.103297738467948,31.977928727527477,2.2192255970343515,0.20699804711262446,0.20563582584173123,0.20846643796942463,0.052545891184819296,0.048460202790488675,0.057063159513271476,0.9474541088151807,0.9429368404867285,0.9515397972095113,0.1932680059789379,0.010155439611676276,0.009365806762652707,0.011028483053988038
TUR.59.4_1,2028,8,albopictus,26.590686685898724,40.95739903498488,2.635190507934587,0.2538847881794603,0.2523955284882922,0.2551665947435245,0.21240097822621717,0.20778616127398103,0.21634332902814718,0.7875990217737828,0.7836566709718528,0.7922138387260189,0.2250977884628541,0.047810990466068314,0.046772205375959074,0.048698404912927526
TUR.59.4_1,2028,9,albopictus,22.979103200575885,46.958258750028996,2.1003740874267853,0.21772945890575818,0.21679410976044186,0.21873161356499762,0.08834260550453023,0.0850353467514432,0.09190179825674476,0.9116573944954698,0.9080982017432552,0.9149646532485568,0.18944607640012523,0.016736159991797356,0.016109612797385046,0.01741043509385616
TUR.59.4_1,2028,10,albopictus,14.429233158335967,46.60506980500217,2.0698310054118916,0.007320465987584584,0.007235570558805631,0.0074035489044704675,0,0,0,1,1,1,0.18151992545179918,0,0,0
TUR.59.4_1,2028,11,albopictus,9.021809984655942,51.286363179281025,1.20060464721614,0,0,0,0,0,0,1,1,1,0.11313318905889225,0,0,0
TUR.59.4_1,2028,12,albopictus,6.859274611753576,67.79813016093512,0.9875161731529274,0,0,0,0,0,0,1,1,1,0.09114169884413736,0,0,0
TUR.59.4_1,2029,1,albopictus,4.350197824485162,74.75487179969846,0.9905327656198313,0,0,0,0,0,0,1,1,1,0.09140698158223348,0,0,0
TUR.59.4_1,2029,2,albopictus,4.913212793714861,71.51402012608118,0.7409484847750929,0,0,0,0,0,0,1,1,1,0.07631792170377039,0,0,0
TUR.59.4_1,2029,3,albopictus,7.208024880465339,76.7426523134308,0.9095760485580573,0,0,0,0,0,0,1,1,1,0.08426063293763719,0,0,0
TUR.59.4_1,2029,4,albopictus,14.746868932948393,59.34724248824271,1.202747029398337,0.01181054691535967,0.011696774714237516,0.011923011317913845,0,0,0,1,1,1,0.11332316947300713,0,0,0
TUR.59.4_1,2029,5,albopictus,17.142622134264776,61.593891185427864,1.6811223206733352,0.05402108537177682,0.053720734823172155,0.05432142171875853,0,0,0,1,1,1,0.15014476591119674,0,0,0
TUR.59.4_1,2029,6,albopictus,22.698547447428982,42.599144497981634,1.890877365062019,0.1939840586230932,0.193085514201286,0.19488819449474337,0.020688008705255063,0.019114359965648614,0.02233484801772522,0.9793119912947449,0.9776651519822748,0.9808856400343513,0.17228611721531417,0.003564256692745014,0.003293138861537446,0.003847984243568035
TUR.59.4_1,2029,7,albopictus,25.523917703067557,42.620220750232555,2.220522080867659,0.25487764687959646,0.25361768167300214,0.2561182966477567,0.2154545474976447,0.21158166186879931,0.21924224917466256,0.7845454525023553,0.7807577508253375,0.7884183381312007,0.1933692172090018,0.04166227719373926,0.040913380331349426,0.04239470210204542
TUR.59.4_1,2029,8,albopictus,26.254917032578412,46.32973256159621,2.6367300007629817,0.2827978463521059,0.2813851144660538,0.2841508313742159,0.2927855304415243,0.2892406544305907,0.2961563304943873,0.7072144695584758,0.7038436695056128,0.7107593455694093,0.2252132272567151,0.06593917420480488,0.06514082123815762,0.06669832296314726
TUR.59.4_1,2029,9,albopictus,21.294307820937213,58.68609154421845,2.101601137552688,0.19621949923225426,0.1954370314237604,0.19699671337626332,0.024943208630293357,0.023383665092437764,0.026538797530603425,0.9750567913697067,0.9734612024693965,0.9766163349075622,0.1895455293277145,0.004727873682960571,0.004432269177568116,0.005030310425659269
TUR.59.4_1,2029,10,albopictus,17.11405237983255,47.36477439484592,2.0710402121008293,0.04370676247991137,0.043405065806764696,0.04399554862333998,0,0,0,1,1,1,0.181615698388103,0,0,0
TUR.59.4_1,2029,11,albopictus,8.149538923712338,68.28587489803103,1.2013060470726438,0,0,0,0,0,0,1,1,1,0.11319539170281367,0,0,0
TUR.59.4_1,2029,12,albopictus,6.629041419309728,71.37529385722418,0.9880930855476535,0,0,0,0,0,0,1,1,1,0.0911924391972807,0,0,0
TUR.59.4_1,2030,1,albopictus,5.115967067725518,76.58433957313596,0.9752695082251385,0,0,0,0,0,0,1,1,1,0.09006391677361136,0,0,0
TUR.59.4_1,2030,2,albopictus,4.835280912763933,71.93223301670618,0.7295311063380928,0,0,0,0,0,0,1,1,1,0.07518729874992891,0,0,0
TUR.59.4_1,2030,3,albopictus,7.010605713900397,76.1675561830597,0.8955602644961319,0,0,0,0,0,0,1,1,1,0.08301771227533017,0,0,0
TUR.59.4_1,2030,4,albopictus,11.714011038050932,67.03555883345756,1.1842137328456266,4.8608896712766154e-5,4.6731454489798264e-5,5.0457873619851104e-5,0,0,0,1,1,1,0.11167834127471965,0,0,0
TUR.59.4_1,2030,5,albopictus,16.33372225480921,64.75989918103333,1.655217672606147,0.03745079596054282,0.037215267467841186,0.037696554712705714,0,0,0,1,1,1,0.14801158989926622,0,0,0
TUR.59.4_1,2030,6,albopictus,22.918315971598904,39.21192220794257,1.8617405722910294,0.18853516590109454,0.18764725424346107,0.18945127243033744,0.012480047628434215,0.011407564526529534,0.013642846517042475,0.9875199523715658,0.9863571534829576,0.9885924354734705,0.169870907563186,0.0021199970170739076,0.0019378133392071784,0.0023175227195952565
TUR.59.4_1,2030,7,albopictus,26.733533410465018,34.411060899158336,2.1863057467419793,0.2198799267747025,0.21852470241698185,0.22122881112310522,0.09600860761657393,0.0911647511810823,0.10084874174209596,0.9039913923834261,0.899151258257904,0.9088352488189176,0.1906938274540031,0.018308248854934036,0.017384555331612435,0.019231232556720566
TUR.59.4_1,2030,8,albopictus,24.172778971054974,54.259431505688006,2.596100260810088,0.28682634028003895,0.28563724300588655,0.287980514489151,0.3027170970144608,0.2998180070355723,0.30551400058944367,0.6972829029855392,0.6944859994105563,0.7001819929644277,0.22216083822320398,0.06725188401722758,0.06660781975743323,0.06787324645987525
TUR.59.4_1,2030,9,albopictus,22.620922200820026,35.32264244753876,2.0692172728116023,0.16893951381527267,0.16803049143291743,0.16980954162890088,0.001172396456942799,0.001029043023774448,0.0013215595256307582,0.9988276035430572,0.9986784404743692,0.9989709569762255,0.18691671026335865,2.191404888561654e-4,1.9234533672337896e-4,2.470215589481061e-4
TUR.59.4_1,2030,10,albopictus,14.932335460887236,64.36612098298068,2.0391272649180334,0.014777039948356252,0.014650745015819767,0.014902126003469704,0,0,0,1,1,1,0.1790843345969928,0,0,0
TUR.59.4_1,2030,11,albopictus,8.95443575522479,67.76690822322634,1.1827949548173595,0,0,0,0,0,0,1,1,1,0.11155229920850207,0,0,0
TUR.59.4_1,2030,12,albopictus,7.584977374357336,72.52169430888434,0.9728674215231093,0,0,0,0,0,0,1,1,1,0.0898523684412802,0,0,0
TUR.59.4_1,2031,1,albopictus,8.046537908561088,77.28077359413206,1.1056621804100082,0,0,0,0,0,0,1,1,1,0.10147393691121143,0,0,0
TUR.59.4_1,2031,2,albopictus,5.0820827659438645,74.86874882481165,0.8270687711529439,0,0,0,0,0,0,1,1,1,0.08480169571609131,0,0,0
TUR.59.4_1,2031,3,albopictus,8.17419757562525,68.7306665346222,1.0152958811696742,0,0,0,0,0,0,1,1,1,0.09358175475014541,0,0,0
TUR.59.4_1,2031,4,albopictus,13.667456472621245,56.96578420577201,1.3425420633855318,0.0037659950148681777,0.003717183536322895,0.003817614086295525,0,0,0,1,1,1,0.12563223347873587,0,0,0
TUR.59.4_1,2031,5,albopictus,17.474659106310675,47.14788441052552,1.8765188140429534,0.05122262140624881,0.05091081753824862,0.05154021324576163,0,0,0,1,1,1,0.1660639805945775,0,0,0
TUR.59.4_1,2031,6,albopictus,24.994468773112576,31.282673398128118,2.1106536430767675,0.19731451641258646,0.1961000513699815,0.19842523644526497,0.027231765627921598,0.024693366198893143,0.029653971580717232,0.9727682343720784,0.9703460284192827,0.9753066338011068,0.19027886171014075,0.005181629366038258,0.004698625612117052,0.0056425239575637375
TUR.59.4_1,2031,7,albopictus,25.7310328764074,40.671604722400524,2.478612894793422,0.2471861269934071,0.24591165007237079,0.24845962093686352,0.19122062408012738,0.1870795747513321,0.19533129706931823,0.8087793759198726,0.8046687029306817,0.8129204252486679,0.2132665380779788,0.040780960506679356,0.039897813252317046,0.041657629504254744
TUR.59.4_1,2031,8,albopictus,23.673612482407513,62.003312731273944,2.94319657358512,0.3103068985438637,0.30912523448292334,0.3115121560291449,0.35547509903479646,0.35301377542852347,0.3579710832619502,0.6445249009652035,0.6420289167380497,0.6469862245714765,0.24785448883643735,0.08810609896535142,0.08749604886105757,0.08872473986011642
TUR.59.4_1,2031,9,albopictus,20.508808248183307,64.58585274416961,2.3458697952758936,0.1789968473122449,0.17831904786403774,0.17965640046045808,0.0043659618462708865,0.004018218905427553,0.004721807411124923,0.9956340381537291,0.9952781925888751,0.9959817810945725,0.20910256098606828,9.129338032227054e-4,8.402198637275376e-4,9.873420221492182e-4
TUR.59.4_1,2031,10,albopictus,17.09124907325296,59.8843628653049,2.3117567798934036,0.05151693139940651,0.05121676829351013,0.05180001159705652,0,0,0,1,1,1,0.20045974523780674,0,0,0
TUR.59.4_1,2031,11,albopictus,11.254461218329038,70.35485988338259,1.3409335959875237,2.8437734159216002e-6,2.65383558338301e-6,3.039027565506097e-6,0,0,0,1,1,1,0.12549158296281882,0,0,0
TUR.59.4_1,2031,12,albopictus,8.127618537229651,73.4920235935523,1.1029389368367184,0,0,0,0,0,0,1,1,1,0.10123710841604228,0,0,0
TUR.59.4_1,2032,1,albopictus,4.993531259543755,71.86198849891721,1.0662838944949902,0,0,0,0,0,0,1,1,1,0.0980432995283066,0,0,0
TUR.59.4_1,2032,2,albopictus,7.146265047438005,69.1277209927804,0.8260987866565321,0,0,0,0,0,0,1,1,1,0.0819087525167077,0,0,0
TUR.59.4_1,2032,3,albopictus,8.797323605593512,62.66569461079408,0.9791360014112712,0,0,0,0,0,0,1,1,1,0.09040433001765902,0,0,0
TUR.59.4_1,2032,4,albopictus,13.635568464503569,56.14817251143607,1.2947272731524704,0.0035686173903173124,0.0035185626960176856,0.0036130300122752994,0,0,0,1,1,1,0.12144145126014949,0,0,0
TUR.59.4_1,2032,5,albopictus,19.75774111467249,47.14294056286927,1.809686380327176,0.11322695760901251,0.11267008658050884,0.11380859275374149,2.9721994755371738e-8,2.5865054309459624e-8,3.416966884439709e-8,0.9999999702780052,0.9999999658303311,0.9999999741349457,0.16065289056361742,4.774924370767147e-9,4.155295739399638e-9,5.489456069453973e-9
TUR.59.4_1,2032,6,albopictus,22.98953446219949,43.91385320769843,2.03548247045528,0.20675949299989957,0.205816032283951,0.20768075575223638,0.05181322075634592,0.0489898752295916,0.054617052401898514,0.9481867792436541,0.9453829475981015,0.9510101247704084,0.1841691580546524,0.009542397242796067,0.009022424074236354,0.01005877655628448
TUR.59.4_1,2032,7,albopictus,26.310756234561698,37.46355876292787,2.3903368110373227,0.23464210601445587,0.23326811731599134,0.23598114629241035,0.14886858123049523,0.14404222221786564,0.15354822316824077,0.8511314187695048,0.8464517768317592,0.8559577777821343,0.20651680470906264,0.030743863717293412,0.029747139475626364,0.03171028841745915
TUR.59.4_1,2032,8,albopictus,25.826595194199506,42.22715535212355,2.838374288594095,0.25616389938050554,0.2548497617048834,0.25756597399124226,0.21937539122107208,0.21537372671472657,0.22361309018004885,0.7806246087789279,0.7763869098199511,0.7846262732852735,0.2401858254481808,0.05269085942345079,0.05172971633082751,0.05370869464591352
TUR.59.4_1,2032,9,albopictus,21.78765308155733,46.35395348269501,2.2623213722996063,0.17776414733241308,0.17698757537074436,0.17856640642618973,0.0037576353640360882,0.0034091285414640155,0.00414112907605072,0.9962423646359639,0.9958588709239492,0.996590871458536,0.20246705691280464,7.607973731078621e-4,6.902362224276616e-4,8.384422163240312e-4
TUR.59.4_1,2032,10,albopictus,16.267096126780793,61.053582836008026,2.229423295889396,0.03430202492097951,0.034084267252816505,0.03451598902445935,0,0,0,1,1,1,0.19406375615836213,0,0,0
TUR.59.4_1,2032,11,albopictus,10.467715193243588,70.08590846736696,1.2931760915061197,5.158350345771749e-22,1.396062871640405e-26,3.7813210085277906e-22,0,0,0,1,1,1,0.12130516030021599,0,0,0
TUR.59.4_1,2032,12,albopictus,6.8735558846417595,70.14438260234137,1.06365763955525,0,0,0,0,0,0,1,1,1,0.09781403475916217,0,0,0
TUR.59.4_1,2033,1,albopictus,5.509210142142632,73.63475461219846,1.0471827536898648,0,0,0,0,0,0,1,1,1,0.09637449290759237,0,0,0
TUR.59.4_1,2033,2,albopictus,7.479825991041521,76.80231205723352,0.7833243902270973,0,0,0,0,0,0,1,1,1,0.08050218684503685,0,0,0
TUR.59.4_1,2033,3,albopictus,8.72800674157984,69.26147402973939,0.9615960059870866,0,0,0,0,0,0,1,1,1,0.08885905400580274,0,0,0
TUR.59.4_1,2033,4,albopictus,13.105014646754546,60.856344355918495,1.2715338552677953,0.0018039986037414891,0.0017735466298886777,0.0018350192137449462,0,0,0,1,1,1,0.11940140884113326,0,0,0
TUR.59.4_1,2033,5,albopictus,15.846276423510382,70.50147632947083,1.7772681148519027,0.030440208264479372,0.03021604912068888,0.030639236786965313,0,0,0,1,1,1,0.15801551269185232,0,0,0
TUR.59.4_1,2033,6,albopictus,23.04677971671609,40.57665304290351,1.9990193507596148,0.19647744632854636,0.19555607594520943,0.19746355946174296,0.025471728374938853,0.023615379820817635,0.02753327671650384,0.9745282716250612,0.9724667232834961,0.9763846201791824,0.18118895421602488,0.004615195826329818,0.004278845973148164,0.004988725614403758
TUR.59.4_1,2033,7,albopictus,27.641198663150565,35.490147202869274,2.347516920166775,0.2211670486506561,0.21966348936554128,0.22265492526722166,0.10062921393438447,0.09523040681902657,0.10598727033315476,0.8993707860656155,0.8940127296668452,0.9047695931809735,0.20322189901287768,0.020450059951918745,0.019352904117531478,0.021538934348294944
TUR.59.4_1,2033,8,albopictus,27.376333124497357,36.69329991389113,2.7875283673305455,0.2293911373019723,0.2279653714202315,0.23072201377545032,0.1302540618492997,0.12514113512826502,0.13501207138274898,0.8697459381507003,0.864987928617251,0.874858864871735,0.2364378908857221,0.030796995662946816,0.029588106052772126,0.03192196940184972
TUR.59.4_1,2033,9,albopictus,22.256794088027057,45.376742484159855,2.2217947177174278,0.18983420181922256,0.18897990633767162,0.1907010784199011,0.014166545413200858,0.013029246071285,0.015374373763987434,0.9858334545867992,0.9846256262360126,0.9869707539287149,0.19922836446677683,0.002822377672816326,0.002595795385017288,0.00306301133970014
TUR.59.4_1,2033,10,albopictus,16.208886707530304,59.02161567292209,2.1894859691522432,0.03227287583879949,0.03204238014607441,0.03249768960556372,0,0,0,1,1,1,0.19094286399696303,0,0,0
TUR.59.4_1,2033,11,albopictus,10.433782507391538,75.2958770342615,1.2700104610983014,6.764585085804609e-31,2.0924695862516785e-40,5.3751595696021e-32,0,0,0,1,1,1,0.11926724874651384,0,0,0
TUR.59.4_1,2033,12,albopictus,8.132656321806067,77.55962765849371,1.0446035448188622,0,0,0,0,0,0,1,1,1,0.09614891905473144,0,0,0
TUR.59.4_1,2034,1,albopictus,7.97488501930938,75.96098752235471,1.0640320516308535,0,0,0,0,0,0,1,1,1,0.09784672345596224,0,0,0
TUR.59.4_1,2034,2,albopictus,5.803954141981462,69.39215580723352,0.7959281749904284,0,0,0,0,0,0,1,1,1,0.08174304374011976,0,0,0
TUR.59.4_1,2034,3,albopictus,9.01605262475855,70.71305789204408,0.9770682027422858,0,0,0,0,0,0,1,1,1,0.09022229302565721,0,0,0
TUR.59.4_1,2034,4,albopictus,10.205930555568022,72.74287237105521,1.2919929897349829,0,0,0,0,0,0,1,1,1,0.12120119560818288,0,0,0
TUR.59.4_1,2034,5,albopictus,16.246518275317023,66.69513325085755,1.8058645750997835,0.03661405561394629,0.036398818638447766,0.03685515868839935,0,0,0,1,1,1,0.16034239884232948,0,0,0
TUR.59.4_1,2034,6,albopictus,22.380123222575467,55.17207769500312,2.0311838153786774,0.2280833375221603,0.2271131278255188,0.228989607872952,0.1255641409086389,0.12207473401666163,0.1288181791154917,0.8744358590913611,0.8711818208845084,0.8779252659833384,0.18381838512842508,0.02308099761186402,0.02243958047192476,0.023679149660193896
TUR.59.4_1,2034,7,albopictus,24.95705178204705,51.62987956370912,2.385288753087083,0.2935293840051051,0.29229483293734004,0.29475849450947184,0.3186370522971134,0.3157629665759765,0.321481262887411,0.6813629477028865,0.6785187371125889,0.6842370334240235,0.20612907622093746,0.06568036123976653,0.0650879286050888,0.06626663574132237
TUR.59.4_1,2034,8,albopictus,25.533410913803998,48.71604313898879,2.832380037981741,0.28810783716613425,0.2867451583035146,0.28938442838599066,0.3058169663053523,0.3025226782775653,0.3088825568557678,0.6941830336946476,0.6911174431442322,0.6974773217224346,0.23974493791445384,0.07331806960006332,0.0725282807213692,0.07405302941624381
TUR.59.4_1,2034,9,albopictus,21.47968875660616,54.857535483427434,2.2575436651008967,0.192049571865185,0.19123957397612593,0.1928084191442162,0.017426451360497554,0.016168248250046428,0.018649628316852417,0.9825735486395024,0.9813503716831475,0.9838317517499536,0.202085927985594,0.003521640594681965,0.0032673754515120884,0.0037688274449975316
TUR.59.4_1,2034,10,albopictus,16.723364437327668,51.710923839425995,2.2247150648395713,0.03842302635736742,0.038166944651962915,0.03868516523156217,0,0,0,1,1,1,0.193696459515733,0,0,0
TUR.59.4_1,2034,11,albopictus,9.052141119452084,67.18847804744509,1.2904450839679165,0,0,0,0,0,0,1,1,1,0.12106515530583517,0,0,0
TUR.59.4_1,2034,12,albopictus,8.804776416105383,77.51720822489996,1.061411342975246,0,0,0,0,0,0,1,1,1,0.09761789306208357,0,0,0
TUR.59.4_1,2035,1,albopictus,7.304352315909722,76.08894772743284,0.9428280022044476,0,0,0,0,0,0,1,1,1,0.08720268283748234,0,0,0
TUR.59.4_1,2035,2,albopictus,4.08681012953029,71.75737492344446,0.7052638780704731,0,0,0,0,0,0,1,1,1,0.07277960135663297,0,0,0
TUR.59.4_1,2035,3,albopictus,7.199067494448493,66.96678103657533,0.8657702182909388,0,0,0,0,0,0,1,1,1,0.0803703227234962,0,0,0
TUR.59.4_1,2035,4,albopictus,14.685251081691069,59.37689794478568,1.1448218759077309,0.011209282163992798,0.011110447543335351,0.01131695301089031,0,0,0,1,1,1,0.10817217612119545,0,0,0
TUR.59.4_1,2035,5,albopictus,15.032087466296026,63.203762096072396,1.6001582724726093,0.015709383966359108,0.015571576578413371,0.015841740544211044,0,0,0,1,1,1,0.14345979935788056,0,0,0
TUR.59.4_1,2035,6,albopictus,20.593839729533475,44.07730535613593,1.7998113645432552,0.13366406590246047,0.13301346194217137,0.13429626708064912,2.7938244213246976e-6,2.4437800810878096e-6,3.1662655791658828e-6,0.9999972061755786,0.9999968337344208,0.9999975562199189,0.16471403228233505,4.601820859252523e-7,4.025248711672248e-7,5.215283708211756e-7
TUR.59.4_1,2035,7,albopictus,25.77926400128533,38.35376033153138,2.1135801560741454,0.2360325942722373,0.2347106989296991,0.23735017958457985,0.1537231783105428,0.149112986695227,0.1582935963058382,0.8462768216894572,0.8417064036941618,0.850887013304773,0.1849778719301861,0.028435386390228752,0.027582602956037247,0.029280812584829917
TUR.59.4_1,2035,8,albopictus,26.860732920029584,37.483842516430194,2.5097432061384417,0.23535924371260858,0.23395822671103028,0.2367256630262785,0.1513761141344821,0.14647242404414273,0.15613338141203145,0.848623885865518,0.8438666185879685,0.8535275759558573,0.21563309323801605,0.032641699733169334,0.03158430187070886,0.0336675239915873
TUR.59.4_1,2035,9,albopictus,19.037685506484088,54.29255593020478,2.0003865300806,0.1014962112206548,0.10103231572288801,0.10197281654222404,1.414461955229207e-9,1.2414878458599788e-9,1.6087727344737956e-9,0.999999998585538,0.9999999983912272,0.9999999987585122,0.18130089271680927,2.5644321519701875e-10,2.2508285475148265e-10,2.9167193293856156e-10
TUR.59.4_1,2035,10,albopictus,14.970557773814482,65.32969062409396,1.9712974405629362,0.015437264843052844,0.0153119525935439,0.015574296303341182,0,0,0,1,1,1,0.1736779744977378,0,0,0
TUR.59.4_1,2035,11,albopictus,10.619269300909604,68.98985439021853,1.1434502923170609,8.818333801782865e-13,3.323098851293367e-13,2.2750759486499267e-12,0,0,0,1,1,1,0.10804984609120061,0,0,0
TUR.59.4_1,2035,12,albopictus,6.114506945890539,78.73839963114996,0.9405058188620014,0,0,0,0,0,0,1,1,1,0.08699752920023707,0,0,0
TUR.59.4_1,2036,1,albopictus,6.655705961234429,76.34657712196409,1.0433706661979971,0,0,0,0,0,0,1,1,1,0.09604107339475154,0,0,0
TUR.59.4_1,2036,2,albopictus,7.129486101515154,68.29580418369837,0.808346863184505,0,0,0,0,0,0,1,1,1,0.08022121532738946,0,0,0
TUR.59.4_1,2036,3,albopictus,8.557265183504889,60.429412262161264,0.9580954822306199,0,0,0,0,0,0,1,1,1,0.08855034328118516,0,0,0
TUR.59.4_1,2036,4,albopictus,11.020364607081694,67.22226537642631,1.2669050564377218,1.7177218745815867e-7,1.543587401113198e-7,1.907785029940228e-7,0,0,0,1,1,1,0.11899370311617152,0,0,0
TUR.59.4_1,2036,5,albopictus,15.372987887438605,68.7803001820099,1.7707982780192681,0.021802568048720255,0.02164660147158856,0.021964667922384374,0,0,0,1,1,1,0.1574881699840025,0,0,0
TUR.59.4_1,2036,6,albopictus,23.737999046550076,38.91830114471015,1.9917422669495721,0.206969662395427,0.20597087992311994,0.2080470105293921,0.0524513479270167,0.04944707190511999,0.055752069415586615,0.9475486520729833,0.9442479305844135,0.95055292809488,0.18059288169837018,0.00947234007110378,0.008929789206892138,0.010068426876408356
TUR.59.4_1,2036,7,albopictus,28.12875130597283,32.85121974315248,2.33897119129874,0.20249726080501365,0.20100747522513257,0.20382932715152768,0.03969963621700533,0.03581872987349631,0.04329868936849111,0.9603003637829947,0.9567013106315089,0.9641812701265037,0.20256268617824624,0.008041664952415789,0.007255538138668407,0.008770698826479031
TUR.59.4_1,2036,8,albopictus,27.093849069931927,43.00398793268996,2.7773808529784567,0.2658164228884744,0.2643425694781789,0.26732300891949423,0.2476436876112755,0.24346254237907156,0.25188321412305553,0.7523563123887245,0.7481167858769444,0.7565374576209285,0.23568769122421718,0.058366568979352794,0.057381124512901505,0.05936577319479809
TUR.59.4_1,2036,9,albopictus,22.90376292957979,53.564242484159855,2.2137066587582206,0.24125575731572363,0.24023897621479362,0.2423123831373367,0.171619642005914,0.16818328751267572,0.1751726279247872,0.8283803579940859,0.8248273720752128,0.8318167124873244,0.19858043365686318,0.03408030293357002,0.03339791016810405,0.03478585641811659
TUR.59.4_1,2036,10,albopictus,15.511849010691924,67.7157837637424,2.1815155245978275,0.023628426178068613,0.023456222748304837,0.02380949670901604,0,0,0,1,1,1,0.1903185705125442,0,0,0
TUR.59.4_1,2036,11,albopictus,10.928776670904721,62.43600612361696,1.2653872079209216,2.9028577415531543e-8,2.492339333766245e-8,3.434497007908571e-8,0,0,0,1,1,1,0.11885996955696243,0,0,0
TUR.59.4_1,2036,12,albopictus,6.45837615518009,74.68187344706793,1.0408008464902911,0,0,0,0,0,0,1,1,1,0.09581623787740212,0,0,0
TUR.59.4_1,2037,1,albopictus,7.931929143912652,76.84454007362424,1.0335965156270397,0,0,0,0,0,0,1,1,1,0.09518562720480306,0,0,0
TUR.59.4_1,2037,2,albopictus,3.0898721393416912,71.01677433750696,0.7731614730012903,0,0,0,0,0,0,1,1,1,0.07950041509121997,0,0,0
TUR.59.4_1,2037,3,albopictus,6.733005425509284,68.28906192036439,0.9491201776643146,0,0,0,0,0,0,1,1,1,0.08775833437680314,0,0,0
TUR.59.4_1,2037,4,albopictus,13.377764547572417,56.64124120650443,1.2550368669419862,0.0025396630777071673,0.002499855957274744,0.0025766479430907392,0,0,0,1,1,1,0.11794748743684236,0,0,0
TUR.59.4_1,2037,5,albopictus,17.342510363634894,59.026847880984505,1.754209687251979,0.05710235635711162,0.05677610743123929,0.05742413791905741,1.1102230246251565e-16,1.1102230246251565e-16,1.1102230246251565e-16,0.9999999999999999,0.9999999999999999,0.9999999999999999,0.15613455951246547,1.7334418291044592e-17,1.7334418291044592e-17,1.7334418291044592e-17
TUR.59.4_1,2037,6,albopictus,24.35398873160867,35.24906972991523,1.9730839037749162,0.20450051544987036,0.20337264216041354,0.20559519856915148,0.045198205677805324,0.04203836117847435,0.04834114768514504,0.9548017943221947,0.951658852314855,0.9579616388215256,0.17906257493124222,0.008093307090939713,0.007527497198507187,0.00865609037963353
TUR.59.4_1,2037,7,albopictus,26.219756631290213,36.44875010814271,2.3170600360923244,0.2292717665279962,0.2279895490634432,0.2305306336862436,0.12982681896727355,0.12522804351572592,0.134329610204886,0.8701731810327265,0.865670389795114,0.8747719564842741,0.20086997868291434,0.02607831035842682,0.02515455443150693,0.02698278593833965
TUR.59.4_1,2037,8,albopictus,26.688894159653607,44.82048192072707,2.751362737337132,0.27624420046354264,0.2748199764031903,0.27763155752921465,0.27601508875439046,0.27227056472862965,0.2796357057822238,0.7239849112456096,0.7203642942177761,0.7277294352713704,0.2337608180964229,0.0645215129541831,0.06364618995453954,0.06536787135262326
TUR.59.4_1,2037,9,albopictus,21.544864766737994,46.13904106814423,2.1929689641846526,0.16921377519831424,0.16842072248397533,0.17003795205054106,0.001218036877329637,0.0010876383143869212,0.0013641146828459458,0.9987819631226703,0.9986358853171541,0.998912361685613,0.19691674978547846,2.3985186300260562e-4,2.1417420181122891e-4,2.6861702968067244e-4
TUR.59.4_1,2037,10,albopictus,18.336737240062043,52.3131958731174,2.1610793920697793,0.07763673974869091,0.07718283198090385,0.07803480956793382,7.413133440437037e-13,6.258327189812007e-13,8.544970286905594e-13,0.9999999999992587,0.9999999999991455,0.9999999999993742,0.188715686967038,1.3989745697903971e-13,1.1810445148898654e-13,1.612569937806317e-13
TUR.59.4_1,2037,11,albopictus,11.480063368292416,61.38256984432009,1.2535332374179446,1.1343487285494493e-5,1.075705617460916e-5,1.1952320556368215e-5,0,0,0,1,1,1,0.1178148494452077,0,0,0
TUR.59.4_1,2037,12,albopictus,7.647245154661291,67.9644357029273,1.0310507696311768,0,0,0,0,0,0,1,1,1,0.09496268739877567,0,0,0
TUR.59.4_1,2038,1,albopictus,8.400613817221977,75.43218655799924,1.0724234591827093,0,0,0,0,0,0,1,1,1,0.09857903921291811,0,0,0
TUR.59.4_1,2038,2,albopictus,7.5637955840896165,76.59116856358118,0.802205201784981,0,0,0,0,0,0,1,1,1,0.08236039935326422,0,0,0
TUR.59.4_1,2038,3,albopictus,9.137974164065191,70.19251956196595,0.9847737765383037,0,0,0,0,0,0,1,1,1,0.0909004620024747,0,0,0
TUR.59.4_1,2038,4,albopictus,12.929854238734526,64.19409765181693,1.3021821938237035,0.0014242988752299183,0.0013995359834415902,0.0014508454080620385,0,0,0,1,1,1,0.12209616561623715,0,0,0
TUR.59.4_1,2038,5,albopictus,20.16484369951136,42.0633697926056,1.8201063882198818,0.11672011242866585,0.11614422504292499,0.11732488696878988,6.885513006382737e-8,5.991894304058221e-8,7.92116695680356e-8,0.99999993114487,0.9999999207883304,0.999999940081057,0.16149885139958664,1.1120024418277268e-8,9.676840478131282e-9,1.279259365268134e-8
TUR.59.4_1,2038,6,albopictus,23.535497749553006,34.57646230804023,2.047202591487397,0.18694749996922308,0.18597528806427718,0.18790960744373875,0.010631822810205919,0.0095991224391854,0.011713850613678935,0.9893681771897941,0.9882861493863211,0.9904008775608146,0.18512476157675306,0.0019682136628656555,0.0017770352529002575,0.002168523802003015
TUR.59.4_1,2038,7,albopictus,28.623347787296073,28.079865067859508,2.4041001507562916,0.17277336737173232,0.17132355828145052,0.17416116946431412,0.0019871521494936118,0.0016275085329162193,0.0023760848878034394,0.9980128478505064,0.9976239151121966,0.9983724914670837,0.20757297009452624,4.12479073700111e-4,3.378267800316047e-4,4.932109973580792e-4
TUR.59.4_1,2038,8,albopictus,27.30580509410185,41.39594426203566,2.8547173869403712,0.25571286641323027,0.2542007403517386,0.25718832204821196,0.2180031206542122,0.21338046245325112,0.22247738051001506,0.7819968793457878,0.777522619489985,0.7866195375467488,0.2413865902628013,0.05262302996137035,0.05150718226028998,0.053703056291912334
TUR.59.4_1,2038,9,albopictus,19.487955205580768,52.66554558474579,2.2753476108851767,0.11380370029087053,0.11324804012496634,0.11432665666817404,3.420127669473416e-8,2.9803659412630526e-8,3.874569584894072e-8,0.9999999657987233,0.9999999612543041,0.9999999701963406,0.20350526600768137,6.960139911564189e-9,6.065201636769711e-9,7.884953140391397e-9
TUR.59.4_1,2038,10,albopictus,15.113291347728056,60.50571601471896,2.2422601103738757,0.01608631305658132,0.015948985894443175,0.01621557060647107,0,0,0,1,1,1,0.19506432686628883,0,0,0
TUR.59.4_1,2038,11,albopictus,10.088848997564877,67.9753203936365,1.3006220806159652,0,0,0,0,0,0,1,1,1,0.12195919199508254,0,0,0
TUR.59.4_1,2038,12,albopictus,6.711975322050207,79.31058896220465,1.0697820825083424,0,0,0,0,0,0,1,1,1,0.09834859115130112,0,0,0
TUR.59.4_1,2039,1,albopictus,5.997397455222466,76.53670926307737,1.034750769821155,0,0,0,0,0,0,1,1,1,0.09528669115224175,0,0,0
TUR.59.4_1,2039,2,albopictus,3.700081842787126,69.32892338535852,0.7740248900692153,0,0,0,0,0,0,1,1,1,0.07958556562248964,0,0,0
TUR.59.4_1,2039,3,albopictus,8.604133984621832,76.08429660054017,0.9501800941106504,0,0,0,0,0,0,1,1,1,0.08785190054042447,0,0,0
TUR.59.4_1,2039,4,albopictus,12.102969015345854,67.09225286421928,1.2564384114959155,2.162754496082801e-4,2.1008982820069748e-4,2.2231324003735522e-4,0,0,0,1,1,1,0.11807110236357488,0,0,0
TUR.59.4_1,2039,5,albopictus,16.65195383745081,66.84723286023255,1.756168675946557,0.04564009014726387,0.04538730347828618,0.04590588444318257,0,0,0,1,1,1,0.1562945239803769,0,0,0
TUR.59.4_1,2039,6,albopictus,22.939144218669217,47.530785122981634,1.975287317134811,0.218677346565443,0.21772888036514887,0.21964028703183044,0.09171065507105157,0.08833779419846352,0.09514736281944741,0.9082893449289484,0.9048526371805525,0.9116622058015365,0.17924344145332838,0.016438533432874426,0.015833970242528465,0.017054540756966215
TUR.59.4_1,2039,7,albopictus,28.923226861392752,27.492447465320446,2.3196475799009977,0.1650916454791437,0.16349875055643093,0.1665569518945239,6.75881481872947e-4,5.30098547457486e-4,8.327672647398365e-4,0.9993241185181271,0.9991672327352602,0.9994699014525426,0.2010700617538489,1.3589953129847633e-4,1.0658694767290231e-4,1.6744456534782277e-4
TUR.59.4_1,2039,8,albopictus,26.24003589854521,43.67514576960402,2.754435282504506,0.2673925425761305,0.2660089534647791,0.2688501809976916,0.25207224082989205,0.24819333909667624,0.25612707112950317,0.747927759170108,0.7438729288704968,0.7518066609033238,0.23398862014597366,0.05898203580889,0.05807441694465301,0.0599308199556221
TUR.59.4_1,2039,9,albopictus,21.140012853285846,55.91329872805634,2.195417931055385,0.18179654626135577,0.18098371030921642,0.18257751994966556,0.006069336627034522,0.005520919407356104,0.00662739587626929,0.9939306633729654,0.9933726041237306,0.9944790805926439,0.19711339813265283,0.001196347566965748,0.001088247185200473,0.00130634852194177
TUR.59.4_1,2039,10,albopictus,19.03146418403177,50.88203589997287,2.1634927467148457,0.09640845156497893,0.09589898582751903,0.09687067620031294,3.34835081994278e-10,2.8784707117868183e-10,3.8199697016683134e-10,0.999999999665165,0.999999999618003,0.9999999997121529,0.18890514065867892,6.325206826158937e-11,5.437579146919765e-11,7.216119138055444e-11
TUR.59.4_1,2039,11,albopictus,11.56560986182269,65.79154353816774,1.254933102815009,2.189355493188681e-5,2.0917459833372866e-5,2.2898388121725216e-5,0,0,0,1,1,1,0.1179383348484655,0,0,0
TUR.59.4_1,2039,12,albopictus,7.188896880430334,74.07022488749762,1.0322021808996935,0,0,0,0,0,0,1,1,1,0.09506352727990386,0,0,0
TUR.59.4_1,2040,1,albopictus,7.058306726462701,71.87624783729612,1.083095822124516,0,0,0,0,0,0,1,1,1,0.09950955457452992,0,0,0
TUR.59.4_1,2040,2,albopictus,7.18615676725612,61.03217045567102,0.8391237541045178,0,0,0,0,0,0,1,1,1,0.08314496520530545,0,0,0
TUR.59.4_1,2040,3,albopictus,7.904725453432868,59.94446505757142,0.9945738821484512,0,0,0,0,0,0,1,1,1,0.09176224084633233,0,0,0
TUR.59.4_1,2040,4,albopictus,12.43625911544351,54.72345556197318,1.3151410309974405,4.1550479929193524e-4,4.059993481329908e-4,4.2511818992691083e-4,0,0,0,1,1,1,0.12323309008057992,0,0,0
TUR.59.4_1,2040,5,albopictus,17.514337679919073,55.44970325818177,1.8382194160555343,0.05857615365923121,0.05825537370880878,0.058894070716185104,2.27151630838307e-16,2.220446049250313e-16,3.3306690738754696e-16,0.9999999999999998,0.9999999999999997,0.9999999999999998,0.16296735055536715,3.7018299452049727e-17,3.618602096974558e-17,5.427903145461837e-17
TUR.59.4_1,2040,6,albopictus,21.438173378215115,45.92403082000312,2.0675755970242315,0.16512684762017077,0.16439343746745078,0.16591668731142523,6.766506348097525e-4,6.060290782441719e-4,7.586734529247074e-4,0.9993233493651903,0.9992413265470753,0.9993939709217559,0.18678321739107007,1.2638698261947557e-4,1.1319606106699096e-4,1.4170746848646938e-4
TUR.59.4_1,2040,7,albopictus,27.825566796695487,31.170811265369274,2.4280248692409807,0.19776202756766556,0.19633689006011018,0.19924275448005785,0.028209739771289436,0.02517252418898158,0.03153236408037218,0.9717902602287105,0.9684676359196278,0.9748274758110185,0.2094055504009975,0.005907276083475774,0.005271266282776111,0.006603052055694981
TUR.59.4_1,2040,8,albopictus,27.002668268540326,43.72656788874465,2.883126482049995,0.2701399580175699,0.26861071596587693,0.27166424772305975,0.2596684267682021,0.2554647556137084,0.26382411784579907,0.7403315732317979,0.7361758821542009,0.7445352443862916,0.2434693569267823,0.06322130487944344,0.062197839766727187,0.06423308831369233
TUR.59.4_1,2040,9,albopictus,22.58319865956026,44.20319664675751,2.2979910315547,0.19598171498468178,0.19506863459639337,0.19689298318581988,0.02446776563575184,0.022676135144852602,0.026320954494066805,0.9755322343642482,0.9736790455059332,0.9773238648551473,0.20530676216847,0.005023397740173166,0.004655563885084336,0.0054038699443604956
TUR.59.4_1,2040,10,albopictus,17.358520115123078,56.41742866120334,2.2645742564352482,0.05547156723273386,0.055173452492975374,0.055773593371003904,1.5543122344752193e-17,0,1.1102230246251565e-16,1,0.9999999999999999,1,0.19680065649708878,3.0588966814618013e-18,0,2.1849262010441437e-17
TUR.59.4_1,2040,11,albopictus,10.699499060125913,66.68604427058962,1.3135653921181585,5.5226182405504234e-11,3.465598410490735e-11,8.791571734038911e-11,0,0,0,1,1,1,0.12309493239340086,0,0,0
TUR.59.4_1,2040,12,albopictus,5.500613913816564,67.21134579814215,1.080428159443168,0,0,0,0,0,0,1,1,1,0.09927705313641377,0,0,0
TUR.59.4_1,2041,1,albopictus,6.290264162070611,68.89935727333128,1.0574148917010744,0,0,0,0,0,0,1,1,1,0.09726882626301958,0,0,0
TUR.59.4_1,2041,2,albopictus,4.221302050001482,63.82866398594446,0.7909783391105257,0,0,0,0,0,0,1,1,1,0.08125592659396241,0,0,0
TUR.59.4_1,2041,3,albopictus,8.44765081125147,64.97289218159486,0.9709918664609324,0,0,0,0,0,0,1,1,1,0.089687156803398893,0,0,0
TUR.59.4_1,2041,4,albopictus,14.499322736964507,48.44117559371146,1.2839581526000243,0.008048016493507035,0.0079544437654711,0.008135484507384251,0,0,0,1,1,1,0.12049481133528772,0,0,0
TUR.59.4_1,2041,5,albopictus,20.703450343188116,46.209247630740364,1.794633997330399,0.14175594773082417,0.1411058447770235,0.14240663927055103,1.34859352183202e-5,1.1912140678263516e-5,1.5200776065465994e-5,0.9999865140647817,0.9999847992239346,0.9999880878593217,0.15942933760071187,2.150053718782901e-6,1.8991446977420468e-6,2.4234496591339987e-6
TUR.59.4_1,2041,6,albopictus,23.93631752799539,41.37518362151679,2.0185519889853474,0.2210595432463568,0.21998443117872962,0.22209803889781182,0.10024127921832475,0.09637988321012213,0.10397911075614395,0.8997587207816753,0.896020889243856,0.9036201167898779,0.18278674724562083,0.018322777368057628,0.017616965351891046,0.019006003436607695
TUR.59.4_1,2041,7,albopictus,25.69180062237908,38.56572017039857,2.370454766522779,0.23632565978372738,0.23502721156579906,0.23761830110470106,0.15474154514191296,0.15022070829086984,0.15921867372529488,0.845258454858087,0.8407813262747051,0.8497792917091301,0.20498861873460017,0.031720255599498516,0.030793535497878704,0.032638016003703176
TUR.59.4_1,2041,8,albopictus,26.64840305552763,47.64776768732863,2.8147656139946884,0.29331934565751666,0.2918462417697739,0.29473530989412217,0.3181481420285184,0.3147113905816017,0.32142789492609797,0.6818518579714816,0.678572105073902,0.6852886094183983,0.23844788547843299,0.07586175173559238,0.07504226562016016,0.076643801878912
TUR.59.4_1,2041,9,albopictus,23.5732842613669,44.114752890653996,2.2435041185876727,0.2234429481227678,0.22239386992948895,0.22445880167293097,0.1088315606183933,0.10504568306271307,0.11249931815571934,0.8911684393816067,0.8875006818442807,0.8949543169372869,0.20096490606500006,0.02187132435658277,0.021110495829231902,0.022608414905540695
TUR.59.4_1,2041,10,albopictus,19.085674846873566,53.19262855134006,2.210879677682137,0.10143447316741265,0.10095801119399445,0.10191453929559148,1.3904949820453539e-9,1.2161924439757498e-9,1.5832627459078095e-9,0.9999999986095051,0.9999999984167373,0.9999999987838075,0.19261616986145758,2.6783181765315226e-10,2.3425833037305425e-10,3.049620060010964e-10
TUR.59.4_1,2041,11,albopictus,10.750728537054624,74.62060695369509,1.2824198731783307,7.040922245805846e-10,5.185851431485518e-10,9.817463001137486e-10,0,0,0,1,1,1,0.1203595084555732,0,0,0
TUR.59.4_1,2041,12,albopictus,8.946249232572669,70.17494595683355,1.0548104810961478,0,0,0,0,0,0,1,1,1,0.09704127346137814,0,0,0
TUR.59.4_1,2042,1,albopictus,9.633422883994438,71.53182645057737,1.1236031344259734,0,0,0,0,0,0,1,1,1,0.10303262354715048,0,0,0
TUR.59.4_1,2042,2,albopictus,9.901441591627458,69.11389652988977,0.8404891476967027,0,0,0,0,0,0,1,1,1,0.08611671140232657,0,0,0
TUR.59.4_1,2042,3,albopictus,8.060264966067145,68.90180148335267,1.031770512426311,0,0,0,0,0,0,1,1,1,0.09502572334070891,0,0,0
TUR.59.4_1,2042,4,albopictus,8.856014574275298,69.91649450240287,1.364326733106953,0,0,0,0,0,0,1,1,1,0.12753494153380407,0,0,0
TUR.59.4_1,2042,5,albopictus,16.40946402269251,61.299030345584114,1.9069680220825678,0.037229232645360995,0.03698360138125283,0.03746527182438351,0,0,0,1,1,1,0.16851772083100325,0,0,0
TUR.59.4_1,2042,6,albopictus,21.998853767619412,42.30009512054023,2.144902024386172,0.17263159618631568,0.171791388423312,0.173409666109054,0.0019440498540592734,0.0017341421276832608,0.002152804474721789,0.9980559501459407,0.9978471955252782,0.9982658578723167,0.19304728213804356,3.75293540667003e-4,3.3477142459033764e-4,4.1559305281965996e-4
TUR.59.4_1,2042,7,albopictus,27.18213608685662,38.48485621776185,2.518831942488783,0.23987486549033907,0.23849639481790014,0.2413358337167236,0.16694089117171848,0.16223817472108895,0.17189236308451267,0.8330591088282815,0.8281076369154873,0.8377618252789111,0.21632268386424947,0.03611310162495573,0.03509579738090299,0.03718421731820982
TUR.59.4_1,2042,8,albopictus,26.064910776474896,52.46808018732863,2.990954157521884,0.3187961798857794,0.3172555778629542,0.32026315253015053,0.372636824471412,0.3695937920953307,0.37551382308419495,0.627363175528588,0.6244861769158051,0.6304062079046693,0.25132266040190276,0.09365207808987212,0.09288729509742626,0.09437513303520934
TUR.59.4_1,2042,9,albopictus,23.29883014454561,50.33341515261689,2.3839348958736903,0.2411610140141605,0.24013663728990986,0.2421491918799372,0.17130008301015318,0.16783590715621127,0.17462591766245225,0.8286999169898468,0.8253740823375478,0.8321640928437887,0.21210739744560447,0.036334014789499595,0.03559923746482608,0.03703944892193316
TUR.59.4_1,2042,10,albopictus,16.307556713328644,58.28598945221896,2.3492683479103027,0.03377027527617516,0.0335545104791447,0.0339995905399079,0,0,0,1,1,1,0.20335693588524872,0,0,0
TUR.59.4_1,2042,11,albopictus,13.17652409216937,63.68026118953493,1.362692166019424,0.0021280069339127032,0.0020943900339232954,0.002160923741725109,0,0,0,1,1,1,0.1273923196109078,0,0,0
TUR.59.4_1,2042,12,albopictus,7.7289378502789665,75.9633370701148,1.1208357023215134,0,0,0,0,0,0,1,1,1,0.10279236915264023,0,0,0
TUR.59.4_1,2043,1,albopictus,6.850394281394341,74.58094449256956,1.1032698449955078,0,0,0,0,0,0,1,1,1,0.10126588937201231,0,0,0
TUR.59.4_1,2043,2,albopictus,6.451844709761003,71.34320561192102,0.8252792318646209,0,0,0,0,0,0,1,1,1,0.08462620210786365,0,0,0
TUR.59.4_1,2043,3,albopictus,10.690982243594,66.8019555971222,1.0130990724737146,3.825968833296472e-11,2.3374972334476155e-11,6.422549627915002e-11,0,0,0,1,1,1,0.0933890348314127,0,0,0
TUR.59.4_1,2043,4,albopictus,14.00475677321939,59.706319941855995,1.339637187935688,0.0058394552259429765,0.005775469374309215,0.0059096505905974935,0,0,0,1,1,1,0.1253782036383596,0,0,0
TUR.59.4_1,2043,5,albopictus,18.13840975480921,54.85228351941224,1.872458566261713,0.0747510509179053,0.0743666353823425,0.07515386582839599,2.529104703441476e-13,2.178118796436479e-13,2.937844412187474e-13,0.9999999999997471,0.9999999999997062,0.9999999999997822,0.16573624006075793,4.1916430426836845e-14,3.609932197270454e-14,4.8690728675945937e-14
TUR.59.4_1,2043,6,albopictus,24.612518394694607,46.14427236663398,2.1060867947685398,0.2572085287729285,0.2560543217737437,0.258357097948564,0.22253424115541298,0.2190480161464581,0.22598198314161272,0.777465758844587,0.7740180168583872,0.7809519838535419,0.18990898989809268,0.042261252955563045,0.04159918748555495,0.042916010153591484
TUR.59.4_1,2043,7,albopictus,26.03796532574822,44.228863328357555,2.473249888341621,0.26894203105157966,0.26754837068842824,0.2703395155584579,0.25637588022074603,0.25251246299366037,0.2602203736650335,0.7436241197792539,0.7397796263349665,0.7474875370063396,0.2128581169437861,0.054571687093593654,0.053749327377668014,0.055390018728747416
TUR.59.4_1,2043,8,albopictus,26.3981455634622,42.79669346857863,2.936828341479892,0.2634082627798007,0.261894507891472,0.2648266624815545,0.240778882878026,0.2364063091780112,0.24484285148485835,0.7592211171219739,0.7551571485151416,0.7635936908219888,0.24739081334254065,0.05956648367090319,0.05848474910685633,0.060571872169945994
TUR.59.4_1,2043,9,albopictus,22.580284230849323,53.748107077665715,2.3407940067679025,0.23022678917983766,0.2292544737355644,0.23109674151103113,0.13324372852164212,0.1297673750191799,0.1363469549381387,0.8667562714783579,0.8636530450618612,0.8702326249808201,0.20870101627369286,0.027808101554562745,0.02708258304567227,0.028455748061412954
TUR.59.4_1,2043,10,albopictus,15.410512531504912,66.12928168854708,2.3067548021535123,0.021576259584050485,0.021420885240000503,0.021736250964645022,0,0,0,1,1,1,0.20007262420583094,0,0,0
TUR.59.4_1,2043,11,albopictus,10.675892759771909,70.898538167074,1.338032200799181,2.6249211082203707e-11,1.5296129562768022e-11,4.776155785425746e-11,0,0,0,1,1,1,0.12523781669945255,0,0,0
TUR.59.4_1,2043,12,albopictus,6.912617907804601,70.31869900859137,1.1005524937392008,0,0,0,0,0,0,1,1,1,0.10102951865572285,0,0,0
TUR.59.4_1,2044,1,albopictus,8.829285177237846,74.43068356727659,1.12526759787101,0,0,0,0,0,0,1,1,1,0.10317709282208809,0,0,0
TUR.59.4_1,2044,2,albopictus,7.562082785017351,68.26276127598352,0.8717961530361644,0,0,0,0,0,0,1,1,1,0.08623861553302348,0,0,0
TUR.59.4_1,2044,3,albopictus,10.30894984918482,65.94472445698548,1.033298938477274,0,0,0,0,0,0,1,1,1,0.09515957017650378,0,0,0
TUR.59.4_1,2044,4,albopictus,13.134579504237456,60.53958715377006,1.3663477954418342,0.0018828361840403736,0.0018514926930527438,0.0019133669092471998,0,0,0,1,1,1,0.12771125434306163,0,0,0
TUR.59.4_1,2044,5,albopictus,19.849650523241827,40.28138355603333,1.9097929328240564,0.104597815628678,0.10403043392247308,0.10513344989277826,3.2811497437945646e-9,2.8111599659208507e-9,3.773113110838721e-9,0.9999999967188502,0.999999996226887,0.99999999718884,0.1687449991071387,5.536776105870022e-10,4.74369185939338e-10,6.366939685196134e-10
TUR.59.4_1,2044,6,albopictus,21.86180123160867,60.37452367888984,2.1480794016142974,0.22602978125236622,0.22514248383666013,0.22686030197496407,0.11816954221994884,0.11496787538335725,0.12116406188231667,0.8818304577800512,0.8788359381176833,0.8850321246166427,0.1933036407274804,0.022842602734215817,0.02222370887830623,0.023421454287181547
TUR.59.4_1,2044,7,albopictus,26.77246048871209,45.47347697581849,2.5225632454408746,0.28039471871895855,0.27886176113154304,0.28197836200798526,0.2867254247252986,0.2828119677986341,0.2907354446742685,0.7132745752747014,0.7092645553257315,0.717188032201366,0.2166056138258028,0.06210633662208732,0.06125865988230631,0.06297492945458766
TUR.59.4_1,2044,8,albopictus,26.50881565318388,39.714658403881366,2.9953848445753866,0.24693378892183773,0.24553251119377134,0.24837478476496602,0.19040145541384879,0.18583907362907787,0.1950589382312722,0.8095985445861512,0.8049410617687278,0.8141609263709222,0.2516436065895419,0.047913308940238764,0.04676521473328058,0.04908533471404401
TUR.59.4_1,2044,9,albopictus,22.905933492323932,47.458678366728215,2.3874663674119536,0.21736548835829073,0.216385128483674,0.21828373050315605,0.08705415429240608,0.08359742487215992,0.09030740000522183,0.912945845707594,0.9096925999947783,0.9164025751278401,0.21238559035130977,0.018489047951926674,0.017754888433322954,0.019179990463200913
TUR.59.4_1,2044,10,albopictus,13.925675953135771,67.8026978262424,2.3527484657275926,0.006074728253727606,0.006005346213122743,0.006143487800969829,0,0,0,1,1,1,0.2036251886194118,0,0,0
TUR.59.4_1,2044,11,albopictus,11.368488241644467,68.41024165828493,1.3647108069680682,6.690513210467633e-6,6.344714939592155e-6,7.082955384636739e-6,0,0,0,1,1,1,0.12756844999268313,0,0,0
TUR.59.4_1,2044,12,albopictus,7.6757972100201775,73.37274563945074,1.1224960661966632,0,0,0,0,0,0,1,1,1,0.10293652122971564,0,0,0
TUR.59.4_1,2045,1,albopictus,6.984763177878716,75.12862820838987,1.0722206585982421,0,0,0,0,0,0,1,1,1,0.09856134787502135,0,0,0
TUR.59.4_1,2045,2,albopictus,5.804618852979997,66.12143437168665,0.8020535008105276,0,0,0,0,0,0,1,1,1,0.08234548421545007,0,0,0
TUR.59.4_1,2045,3,albopictus,7.875767132815192,68.55106295796205,0.9845875509426774,0,0,0,0,0,0,1,1,1,0.09088407821584743,0,0,0
TUR.59.4_1,2045,4,albopictus,13.06192001174478,70.87041295943412,1.3019359447252443,0.0020101704935063932,0.001978951228769968,0.002039921760589229,0,0,0,1,1,1,0.12207454704728549,0,0,0
TUR.59.4_1,2045,5,albopictus,15.761099955614874,70.21596149792786,1.819762197092615,0.028756702725800568,0.02856273139114841,0.02895338714996964,0,0,0,1,1,1,0.16147092145163722,0,0,0
TUR.59.4_1,2045,6,albopictus,21.75160607169656,48.81175665008124,2.046815455344,0.18379734162224975,0.18297136254260526,0.1846191162794993,0.007599584575711772,0.006927403400979859,0.008305713852078081,0.9924004154242883,0.9916942861479219,0.9930725965990201,0.18509321420038527,0.001406631535706163,0.0012822153615500425,0.0015373312731097953
TUR.59.4_1,2045,7,albopictus,27.54051354352166,32.25631007518373,2.403645523517847,0.20560071646249062,0.20419032395457967,0.20702624361524,0.04837760924532623,0.04430795440217597,0.052612417614039356,0.9516223907546738,0.9473875823859607,0.9556920455978241,0.2075381055618747,0.010040197374387638,0.009195588917949525,0.010919081480647935
TUR.59.4_1,2045,8,albopictus,24.776458628037396,50.19240346003371,2.8541775457520764,0.2815222360356906,0.28024169820291095,0.28264920519063397,0.2895833088976471,0.28634186023745994,0.2924182283992579,0.710416691102353,0.7075817716007421,0.71365813976254,0.24134695721806743,0.06989005046358683,0.0691077366924721,0.07057424965925878
TUR.59.4_1,2045,9,albopictus,22.4661122490378,47.45827019412079,2.2749173313893283,0.2034129090624325,0.2025088139462965,0.2043553159950867,0.042158649596724454,0.039705956441461354,0.044773000610941534,0.9578413504032756,0.9552269993890584,0.9602940435585386,0.20347099373509503,0.008578062327975188,0.008079010414346539,0.009110006926810292
TUR.59.4_1,2045,10,albopictus,17.776329601512238,53.63147895417209,2.2418360878881516,0.06371267476957221,0.06337202323318647,0.064073176861064493,2.6771918015811026e-15,2.3314683517128287e-15,3.1086244689504383e-15,0.9999999999999973,0.9999999999999969,0.9999999999999977,0.19503129610875836,5.221361869941042e-16,4.547092944711034e-16,6.062790592948046e-16
TUR.59.4_1,2045,11,albopictus,12.345653463812436,70.585305745199,1.3003761265426361,4.665431365615402e-4,4.5637106836982446e-4,4.774514176518056e-4,0,0,0,1,1,1,0.12193759595817422,0,0,0
TUR.59.4_1,2045,12,albopictus,8.25589345483219,75.75899899638434,1.0695797814212789,0,0,0,0,0,0,1,1,1,0.09833093887591127,0,0,0
TUR.59.4_1,2046,1,albopictus,6.049396547324517,78.04907651161253,1.1123898126498057,0,0,0,0,0,0,1,1,1,0.10205874196155529,0,0,0
TUR.59.4_1,2046,2,albopictus,5.665054338819841,69.10923496983118,0.8321012436639191,0,0,0,0,0,0,1,1,1,0.08529503166398911,0,0,0
TUR.59.4_1,2046,3,albopictus,8.172232052859137,69.55204714985658,1.0214736608062698,0,0,0,0,0,0,1,1,1,0.09412349461816882,0,0,0
TUR.59.4_1,2046,4,albopictus,12.728590811000151,60.04276861128959,1.3507110406997123,8.977992882704399e-4,8.811736888958085e-4,9.157127512631385e-4,0,0,0,1,1,1,0.126346210860676,0,0,0
TUR.59.4_1,2046,5,albopictus,16.395729205187628,61.95721821179505,1.8879368843139839,0.037289220420365476,0.03705675439818925,0.03751651818366642,0,0,0,1,1,1,0.16698494974853473,0,0,0
TUR.59.4_1,2046,6,albopictus,23.031713569865506,47.11187795745429,2.1234963555687005,0.21991546673089113,0.21899819754159466,0.22088644584543254,0.09613441916978871,0.09285254896606383,0.09961754355845957,0.9038655808302113,0.9003824564415405,0.9071474510339362,0.19131809581583037,0.01839225401792484,0.017764372859833486,0.019058638743455023
TUR.59.4_1,2046,7,albopictus,27.904883889590995,36.16136988963685,2.493694532129346,0.2221652114219469,0.22065294422124376,0.2236242869465707,0.10422307311917504,0.0987785175062662,0.10948592595000753,0.895776926880825,0.8905140740499925,0.9012214824937338,0.21441394848773876,0.022346880631008627,0.021179491964283766,0.02347530968677729
TUR.59.4_1,2046,8,albopictus,25.28685177073759,54.01696171809035,2.9611050672528427,0.3147326327382633,0.31340608906720685,0.3161048777922741,0.3645374993249964,0.3618508138776286,0.3672989949489361,0.6354625006750035,0.632701005051064,0.6381491861223714,0.24915688829602867,0.09082702899903176,0.09015762281313536,0.09151507465573566
TUR.59.4_1,2046,9,albopictus,20.17871104969698,63.467276694364934,2.360143729525153,0.16171008428985,0.16106797407994697,0.1623543506107403,4.044109883869036e-4,3.658732907451501e-4,4.4576197924720007e-4,0.999595589011613,0.9995542380207528,0.9996341267092549,0.21023067746574442,8.501959606317005e-5,7.691778977997418e-5,9.371284288560998e-5
TUR.59.4_1,2046,10,albopictus,16.991633976207062,57.93996589264865,2.3258231463826817,0.04783786209184633,0.04753725839719241,0.04810987434262389,0,0,0,1,1,1,0.2015473879720241,0,0,0
TUR.59.4_1,2046,11,albopictus,12.077682424994077,67.96096950252321,1.3490927862462048,2.0368719354386296e-4,1.9789774303376266e-4,2.097547664744853e-4,0,0,0,1,1,1,0.12620482000715583,0,0,0
TUR.59.4_1,2046,12,albopictus,7.588391051572912,71.83340848124762,1.109649998932773,0,0,0,0,0,0,1,1,1,0.10182062732062036,0,0,0
TUR.59.4_1,2047,1,albopictus,4.413396629340508,73.33269925331174,1.1145220849787842,0,0,0,0,0,0,1,1,1,0.10224401206809819,0,0,0
TUR.59.4_1,2047,2,albopictus,5.906412619001726,68.93972508213587,0.8336962478940879,0,0,0,0,0,0,1,1,1,0.08545133526804416,0,0,0
TUR.59.4_1,2047,3,albopictus,9.101526639040777,71.20331515522767,1.023431661497169,0,0,0,0,0,0,1,1,1,0.09429512740425372,0,0,0
TUR.59.4_1,2047,4,albopictus,12.419261778102202,68.02991308150443,1.3533001364859,5.310332977933143e-4,5.195236729813484e-4,5.429370132548645e-4,0,0,0,1,1,1,0.1265723789152795,0,0,0
TUR.59.4_1,2047,5,albopictus,17.531878611620733,60.29624561658021,1.8915557556228564,0.06312496644110818,0.0627830607453273,0.06344800525100744,2.052913394834377e-15,1.7763568394002505e-15,2.3314683517128287e-15,0.999999999999998,0.9999999999999977,0.9999999999999982,0.1672766316635107,3.434044377847974e-16,2.9714298872731373e-16,3.9000017270459926e-16
TUR.59.4_1,2047,6,albopictus,23.1413498766282,48.45203832732734,2.127566756491269,0.22850481903988806,0.22753681434334191,0.22953309380140416,0.1270777479501116,0.1235998613803135,0.1307650466606228,0.8729222520498884,0.8692349533393772,0.8764001386196865,0.19164719478993375,0.02435409391486114,0.02368756670996175,0.025060754369083154
TUR.59.4_1,2047,7,albopictus,28.113059548770682,28.48945292796693,2.4984745434053552,0.18181206434408492,0.1803596665575114,0.18325351553334582,0.006093197879215973,0.0051320658291571265,0.0071491255510900634,0.993906802120784,0.99285087444891,0.9948679341708428,0.21477726220990478,0.0013086803586012047,0.0011022510482673724,0.0015354696130580004
TUR.59.4_1,2047,8,albopictus,27.05275333628935,39.02636113215285,2.9667810293358294,0.24329318595895774,0.24187243252798732,0.24474687197741404,0.17844001574329915,0.17369740256607105,0.18325817998183677,0.8215599842567008,0.8167418200181632,0.826302597433929,0.24956920314604014,0.044533132538422025,0.0433495223469513,0.045735597948060605
TUR.59.4_1,2047,9,albopictus,23.173210256239948,40.74545967776337,2.3646677453958937,0.20034554816889244,0.19930688140005565,0.2013352259409596,0.03418785997931357,0.03168261515884109,0.036648854331130354,0.9658121400206864,0.9633511456688696,0.9683173848411589,0.21058788955293128,0.007199549281374766,0.006671975061818053,0.007717804888125546
TUR.59.4_1,2047,10,albopictus,16.5243974573472,60.13295142731662,2.330281375216435,0.03897155155266734,0.03872165452373341,0.03923742263766641,0,0,0,1,1,1,0.20189179926266443,0,0,0
TUR.59.4_1,2047,11,albopictus,12.38470451972064,68.01625972469118,1.3516787800989214,4.8727207446988346e-4,4.770770850805895e-4,4.99174864689825e-4,0,0,0,1,1,1,0.12643075368914058,0,0,0
TUR.59.4_1,2047,12,albopictus,8.60058282403385,75.87556088603277,1.1117770194795895,0,0,0,0,0,0,1,1,1,0.10200549016289184,0,0,0
TUR.59.4_1,2048,1,albopictus,5.981016191489556,72.7228741190344,1.1305405609583,0,0,0,0,0,0,1,1,1,0.10363461292590936,0,0,0
TUR.59.4_1,2048,2,albopictus,3.7903526004622967,69.63572422764368,0.8758813581405309,0,0,0,0,0,0,1,1,1,0.0866246962923588,0,0,0
TUR.59.4_1,2048,3,albopictus,8.286289116915533,63.196082489212046,1.0381409397674872,0,0,0,0,0,0,1,1,1,0.09558346168039655,0,0,0
TUR.59.4_1,2048,4,albopictus,11.751883352504057,64.64420141158256,1.372750451577491,5.4006453868938104e-5,5.2050947654155355e-5,5.5972615101372775e-5,0,0,0,1,1,1,0.12826957207710976,0,0,0
TUR.59.4_1,2048,5,albopictus,18.200677058276007,61.22893146863099,1.9187421531323645,0.08366529305722374,0.0832493735882368,0.08407389193098422,6.1619646052335495e-12,5.338393616050041e-12,7.05429603620189e-12,0.999999999993838,0.9999999999929456,0.9999999999946616,0.16946459882414522,1.044234859794486e-12,9.046687325092981e-13,1.1954534477617112e-12
TUR.59.4_1,2048,6,albopictus,26.90164383719949,35.63127950774726,2.1581452236593917,0.22575115634209694,0.22438569733803584,0.2271881509941718,0.11716382441843634,0.11223533344172446,0.12234488434452276,0.8828361755815637,0.8776551156554773,0.8877646665582756,0.19411523838875877,0.022743283707523446,0.021786588506682174,0.023749006390182154
TUR.59.4_1,2048,7,albopictus,24.600305108463065,58.755230515857555,2.534383885174686,0.3251178182856375,0.32392081861557226,0.3263399369926566,0.3848363080435114,0.38256535592934815,0.38714228763832076,0.6151636919564886,0.6128577123616792,0.6174346440706519,0.21750125204749726,0.08370237883280007,0.08320844390462966,0.0842039322818671
TUR.59.4_1,2048,8,albopictus,27.76796329722685,42.9257141594966,3.0094211091470817,0.26208330213283315,0.2605574039886687,0.2635926204863965,0.23694877329396738,0.23249804493652507,0.24131443927521304,0.7630512267060326,0.758685560724787,0.76750195506347485,0.2526594450504245,0.05986734556583264,0.05874282700897107,0.06097037230992968
TUR.59.4_1,2048,9,albopictus,21.965141408583698,48.2114096899704,2.3986539480828335,0.1892741992961744,0.18848304360625934,0.1901277348608506,0.01341830273602062,0.012405308180009511,0.014560971113416192,0.9865816972639794,0.9854390288865839,0.9875946918199905,0.21326624761279722,0.002861671073843648,0.002645633526030967,0.0031053636709566053
TUR.59.4_1,2048,10,albopictus,18.44632014106302,54.72395484528537,2.3637733595723374,0.08359014919409838,0.08316618960424829,0.0840139409602617,6.007553343678751e-12,5.189509932890246e-12,6.913508654449174e-12,0.9999999999939925,0.9999999999930865,0.9999999999948105,0.20447440787563076,1.2283909127299783e-12,1.0611219706924375e-12,1.4136355884615438e-12
TUR.59.4_1,2048,11,albopictus,12.282538343878354,73.39389186580446,1.3711057922352021,4.1979857744520226e-4,4.099128723502643e-4,4.2984485113327337e-4,0,0,0,1,1,1,0.12812619032750217,0,0,0
TUR.59.4_1,2048,12,albopictus,7.481201873106115,73.89532864726324,1.1277560419872055,0,0,0,0,0,0,1,1,1,0.10339303717626125,0,0,0
TUR.59.4_1,2049,1,albopictus,7.3290982570718315,67.75171323036253,1.2476476923850055,0,0,0,0,0,0,1,1,1,0.11373572960039902,0,0,0
TUR.59.4_1,2049,2,albopictus,7.229001062757829,72.77744786045618,0.9332782309602206,0,0,0,0,0,0,1,1,1,0.09515723994587677,0,0,0
TUR.59.4_1,2049,3,albopictus,9.7359622927273,74.70745028706361,1.1456768492882772,0,0,0,0,0,0,1,1,1,0.1049466496524093,0,0,0
TUR.59.4_1,2049,4,albopictus,15.072541082606596,60.09287847457084,1.5149469132530353,0.015504312330107147,0.015368864542883115,0.015634641360102976,0,0,0,1,1,1,0.1405775553449976,0,0,0
TUR.59.4_1,2049,5,albopictus,18.610085627611944,50.01859669079896,2.1174952074326607,0.08276019100342373,0.08230962495917533,0.08320032224669188,4.5317387620258384e-12,3.871786224962648e-12,5.25005872109574e-12,0.9999999999954683,0.9999999999947499,0.9999999999961282,0.18528660571379063,8.396704931973832e-13,7.1739012767274e-13,9.727655602299143e-13
TUR.59.4_1,2049,6,albopictus,25.119407737956326,36.71237615691718,2.38169686353224,0.22162375647921576,0.22048539613557755,0.2228285869680724,0.10227167467766943,0.09817684720148957,0.10661381806675732,0.8977283253223306,0.8933861819332427,0.9018231527985104,0.2119310447995837,0.021674542867841606,0.020806721802540767,0.02259477785296061
TUR.59.4_1,2049,7,albopictus,27.479199914371268,35.43307170238099,2.7969082358935133,0.22204067385603327,0.2204591323077169,0.2235340792852887,0.10377414551113735,0.09808256222170755,0.10916023538857549,0.8962258544888626,0.8908397646114246,0.9019174377782925,0.23713068403835813,0.024608034110552113,0.023258385071868334,0.025885241287481094
TUR.59.4_1,2049,8,albopictus,27.05834758982939,50.64273610163527,3.321152227443676,0.31418106001478135,0.3125593551864708,0.31574753647143194,0.3634207871332451,0.36012208508759536,0.36658296006146174,0.6365792128667549,0.6334170399385383,0.6398779149124045,0.27486818616152187,0.09989281257270763,0.09898610432473258,0.10076199330981561
TUR.59.4_1,2049,9,albopictus,26.570165746352252,36.449164511747746,2.6471187027725893,0.23007580306026543,0.22869033699076954,0.2313759636911494,0.13270282669609498,0.12774481837901097,0.13734038390869394,0.867297173303905,0.8626596160913061,0.872255181620989,0.23257296333719912,0.03086308964793359,0.029709990961378878,0.03194166007151353
TUR.59.4_1,2049,10,albopictus,18.42268046210794,55.91855781159396,2.608625005804068,0.0842908692579623,0.08386566021906089,0.08470733642297237,7.607615426508119e-12,6.576636457644724e-12,8.721939837030845e-12,0.9999999999923924,0.9999999999912781,0.9999999999934234,0.22310306422824067,1.6972823131239952e-12,1.4672677460157002e-12,1.9458915036559436e-12
TUR.59.4_1,2049,11,albopictus,11.00402538916644,70.15643459041384,1.5131318917456005,1.556078560187526e-7,1.3913863030725365e-7,1.7349804677329983e-7,0,0,0,1,1,1,0.14042155416604907,0,0,0
TUR.59.4_1,2049,12,albopictus,7.51414893655216,71.09673703349371,1.2445747388009756,0,0,0,0,0,0,1,1,1,0.11347213083013052,0,0,0
TUR.59.4_1,2050,1,albopictus,4.797303470618584,69.91905637001096,1.1134948213247022,0,0,0,0,0,0,1,1,1,0.10215475936433305,0,0,0
TUR.59.4_1,2050,2,albopictus,6.3621120628188645,74.36320988438196,0.8329278235931712,0,0,0,0,0,0,1,1,1,0.08537603630210866,0,0,0
TUR.59.4_1,2050,3,albopictus,8.355290314730475,75.96575869770814,1.0224883565932446,0,0,0,0,0,0,1,1,1,0.09421244403215212,0,0,0
TUR.59.4_1,2050,4,albopictus,14.535745466456694,54.86153615889701,1.352052789248898,0.00918340948086407,0.009089341133894228,0.00927498506882944,0,0,0,1,1,1,0.12646342536728727,0,0,0
TUR.59.4_1,2050,5,albopictus,16.779158732470343,57.1996002613556,1.8898122940049937,0.04267641807424869,0.04241677186631969,0.042938168315452496,0,0,0,1,1,1,0.16713612098141017,0,0,0
TUR.59.4_1,2050,6,albopictus,24.72466286490945,45.88288549529609,2.1256057617025315,0.25828759745865737,0.2570619399436358,0.25947567934704685,0.2257703004235122,0.22209660428598998,0.2293078379025859,0.7742296995764878,0.7706921620974141,0.77790339571401,0.19148866168246403,0.04323245267574619,0.04252898151894402,0.043909850993265574
TUR.59.4_1,2050,7,albopictus,27.085696725284354,37.246571153064586,2.496171680031286,0.23361410070387795,0.23214285910357624,0.23501349946214622,0.1452570075582205,0.14006318235591927,0.15017275631185423,0.8547429924417795,0.8498272436881458,0.8599368176440807,0.214602249739831,0.03117248061246975,0.030057874039300474,0.03222741135415532
TUR.59.4_1,2050,8,albopictus,29.499187357285443,40.10652699518996,2.96404652423976,0.21706081234950186,0.21546614849501955,0.21858574418824753,0.08598335670205028,0.08038388675670982,0.09138210785931782,0.9140166432979497,0.9086178921406821,0.9196161132432902,0.2493705907222069,0.021441720453068504,0.020045377325067712,0.02278801021831851
TUR.59.4_1,2050,9,albopictus,24.940988652846393,38.59725105959931,2.36248821278585,0.2277069080827375,0.226458259530813,0.22885839160966553,0.12421025851072118,0.11971511444184917,0.12834767155921264,0.8757897414892788,0.8716523284407874,0.8802848855581509,0.21041581585785274,0.026135802882448194,0.025189953475797902,0.027006380024587447
TUR.59.4_1,2050,10,albopictus,14.491386020884795,66.30353705964083,2.328133536790614,0.010459379790297946,0.010354052420522994,0.010560486076296838,0,0,0,1,1,1,0.2017258909761389,0,0,0
TUR.59.4_1,2050,11,albopictus,10.609692503424252,73.44471126277712,1.3504329272786826,6.944467926648562e-13,2.6500419471934105e-13,1.8293682602328915e-12,0,0,0,1,1,1,0.1263219130383908,0,0,0
TUR.59.4_1,2050,12,albopictus,8.665636287016028,63.38959897197027,1.110752285973679,0,0,0,0,0,0,1,1,1,0.10191643364438874,0,0,0
TUR.59.4_1,2051,1,albopictus,5.782531770713189,73.16727872108518,1.1300435586475785,0,0,0,0,0,0,1,1,1,0.10359149940504164,0,0,0
TUR.59.4_1,2051,2,albopictus,4.5975551780532395,67.12898747227258,0.8453067799184104,0,0,0,0,0,0,1,1,1,0.08658831327498118,0,0,0
TUR.59.4_1,2051,3,albopictus,9.751463315066168,66.51846255513001,1.0376845576935159,0,0,0,0,0,0,1,1,1,0.09554351633098401,0,0,0
TUR.59.4_1,2051,4,albopictus,14.64262183974771,55.35297216353568,1.3721469702252616,0.010175816836596628,0.01007713093391588,0.010276991755205153,0,0,0,1,1,1,0.12821696318395914,0,0,0
TUR.59.4_1,2051,5,albopictus,16.069379946764776,66.87277607312318,1.9178986457725078,0.03314373970421543,0.03293897856213063,0.03335935840597522,0,0,0,1,1,1,0.16939679966437082,0,0,0
TUR.59.4_1,2051,6,albopictus,21.769004905925076,60.40492681609687,2.1571964711775515,0.2221026031071337,0.2211850584283808,0.22296028701903126,0.10399617377090792,0.10069133801485361,0.1070890563434834,0.8960038262290921,0.8929109436565166,0.8993086619851464,0.1940387762448681,0.02017929029265562,0.019538024006860562,0.020779429442107245
TUR.59.4_1,2051,7,albopictus,27.358769921695487,37.321175187488414,2.533269732626175,0.2327916308848742,0.23139436577824707,0.23422584619269576,0.1423556692954157,0.13740581769005314,0.14741267592509463,0.8576443307045843,0.8525873240749053,0.8625941823099469,0.2174168775336489,0.03095052511742202,0.029874343837129176,0.03205000370851378
TUR.59.4_1,2051,8,albopictus,26.24938953624052,42.27876057673293,3.00809812322616,0.2597436505519623,0.25831784756515935,0.26103059690563263,0.2300950474970503,0.22586478068740837,0.23388557495346107,0.7699049525029497,0.7661144250465389,0.7741352193125915,0.25256375624444516,0.05811366948909904,0.05704525741373967,0.05907101934163785
TUR.59.4_1,2051,9,albopictus,20.30369197621065,59.90029061038056,2.397599464417244,0.15849166809292942,0.15781872260726096,0.15912396552301247,2.445756674200452e-4,2.1936803827840026e-4,2.6999600853536696e-4,0.9997554243325799,0.9997300039914646,0.9997806319617216,0.2131832834495503,5.213944383247044e-5,4.676559868407599e-5,5.7558635617842336e-5
TUR.59.4_1,2051,10,albopictus,18.65978869269876,49.09153525910373,2.3627342099280892,0.08308168265166445,0.08261010867565353,0.0835470055664482,5.057935292818172e-12,4.292335931133095e-12,5.9053151257870685e-12,0.999999999994942,0.9999999999940947,0.9999999999957077,0.20439440351721794,1.0338136672042552e-12,8.773294423394713e-13,1.2070133627164526e-12
TUR.59.4_1,2051,11,albopictus,12.086966444464291,56.32409816463259,1.3705030338994848,1.577950024608031e-4,1.5325101907297066e-4,1.6249592079855722e-4,0,0,0,1,1,1,0.12807363582298736,0,0,0
TUR.59.4_1,2051,12,albopictus,9.745986686033362,67.17877591288824,1.1272602637921072,0,0,0,0,0,0,1,1,1,0.10335001825572154,0,0,0
TUR.59.4_1,2052,1,albopictus,6.587178739554742,70.25865597938596,1.1217228407357325,0,0,0,0,0,0,1,1,1,0.10286939300963593,0,0,0
TUR.59.4_1,2052,2,albopictus,7.518422144300798,70.15630833408899,0.8690498679393313,0,0,0,0,0,0,1,1,1,0.08597898045323205,0,0,0
TUR.59.4_1,2052,3,albopictus,11.170873066958258,62.7038110658722,1.0300438960393938,9.251549766126462e-7,8.551060859883922e-7,9.957508924170782e-7,0,0,0,1,1,1,0.09487449682774718,0,0,0
TUR.59.4_1,2052,4,albopictus,15.131573522792143,52.348688258506385,1.3620436005051575,0.014493129497845841,0.014370467704166041,0.014621739537680286,0,0,0,1,1,1,0.1273357234507132,0,0,0
TUR.59.4_1,2052,5,albopictus,18.915915629443,51.76517109265443,1.9037768064036933,0.0940817728320604,0.09360310001951705,0.09453221331639837,1.6858125506669098e-10,1.4569544459774874e-10,1.923246673030121e-10,0.9999999998314187,0.9999999998076753,0.9999999998543045,0.16826089672886302,2.8365633149198607e-11,2.4514846157327585e-11,3.236072098348506e-11
TUR.59.4_1,2052,6,albopictus,23.12932404349832,48.71588186370429,2.141312638045862,0.2292013170483529,0.22811738036008788,0.2301614248839208,0.12957553913151715,0.12568745995672778,0.13301169836071478,0.8704244608684829,0.8669883016392853,0.8743125400432722,0.19275758364288587,0.024976667822215446,0.024227211075470823,0.02563901357224778
TUR.59.4_1,2052,7,albopictus,28.33572724286248,34.571907609363414,2.5146168031187264,0.20854723899311628,0.20701480592135896,0.21009523914931527,0.0573375642679566,0.052577662801565485,0.06226221654339891,0.9426624357320434,0.9377377834566011,0.9474223371984345,0.2160029435799482,0.012385082659583085,0.011356929931692092,0.013448822047186313
TUR.59.4_1,2052,8,albopictus,27.26769245372099,38.89683308649855,2.9859489452206023,0.2418487594673215,0.24034433444334583,0.24335323168240486,0.1736117874320776,0.1685406829344615,0.17864573735995218,0.8263882125679224,0.8213542626400477,0.8314593170655386,0.25095993168670805,0.04356960231396148,0.042296958275663585,0.044832922043975196
TUR.59.4_1,2052,9,albopictus,22.805259816786823,51.15147698123017,2.379945499969285,0.22815972943654184,0.22717004000850957,0.22910134645460958,0.1258385930722527,0.12227967215516643,0.12921870501495913,0.8741614069277472,0.8707812949850409,0.8777203278448336,0.21179301318743626,0.026651734802040045,0.025897980217314546,0.027367618895296677
TUR.59.4_1,2052,10,albopictus,16.81555613349466,62.45365302643771,2.345336964741356,0.046707847133359334,0.046437028379238875,0.04699583026431385,0,0,0,1,1,1,0.20305379024134795,0,0,0
TUR.59.4_1,2052,11,albopictus,10.504573751898374,65.8117003985193,1.3604117687839574,2.8554551497349526e-18,1.5768894562917255e-20,1.4157539467325856e-17,0,0,0,1,1,1,0.1271933077062597,0,0,0
TUR.59.4_1,2052,12,albopictus,5.287298903745763,72.70220578349371,1.1189600397905892,0,0,0,0,0,0,1,1,1,0.10262949707416802,0,0,0
TUR.59.4_1,2053,1,albopictus,0.9914053406785515,65.44942136024534,1.1234060115320414,0,0,0,0,0,0,1,1,1,0.10301551246732821,0,0,0
TUR.59.4_1,2053,2,albopictus,5.2389288123916185,73.80047337315149,0.8403416938065914,0,0,0,0,0,0,1,1,1,0.08610227318334496,0,0,0
TUR.59.4_1,2053,3,albopictus,10.843670270022223,64.10697879048158,1.0315895004808548,5.105845544979968e-9,4.165245548169731e-9,6.260028109323531e-9,0,0,0,1,1,1,0.09500987050949816,0,0,0
TUR.59.4_1,2053,4,albopictus,14.943238104090971,49.653585566855995,1.3640873781019174,0.01202352168660793,0.011902620147428485,0.012143030154449274,0,0,0,1,1,1,0.12751405839603458,0,0,0
TUR.59.4_1,2053,5,albopictus,18.355658671435187,53.36270527234193,1.9066334670749934,0.07934319959526596,0.0789446369994571,0.07975411896646524,1.3729875014689697e-12,1.1869366600691933e-12,1.584918307706573e-12,0.999999999998627,0.999999999998415,0.9999999999988131,0.16849080008293071,2.313357626263707e-13,1.9998790750281996e-13,2.670441537315651e-13
TUR.59.4_1,2053,6,albopictus,24.72177323173074,34.59429220305976,2.1445257266692175,0.20741600567221022,0.2062135472816215,0.20855348216476643,0.05381492955941853,0.05016734753468953,0.05733672988146185,0.9461850704405814,0.9426632701185382,0.9498326524653105,0.1930169161201718,0.01038719174478324,0.009683146711074678,0.01106695878213507
TUR.59.4_1,2053,7,albopictus,28.627704171573416,30.89709910716615,2.51839004318589,0.1857815856381128,0.1842614520971634,0.1873037704743917,0.009430668817724173,0.007989085117048924,0.011015968330362216,0.9905693311822759,0.9889840316696378,0.992010914882951,0.216289169619288,0.002039751527540074,0.0017279525859843243,0.0023826346427264183
TUR.59.4_1,2053,8,albopictus,27.570051081040326,42.862538958080584,2.990429429954753,0.26307085180806306,0.2615081820001383,0.26457832940756143,0.23980660713404553,0.23528107057249104,0.2441353872257109,0.7601933928659544,0.7558646127742891,0.764718929427509,0.25128464153606433,0.06025971731165844,0.05912251947902986,0.061347473265281026
TUR.59.4_1,2053,9,albopictus,23.382207982680377,51.60639488894501,2.383516662663741,0.2492839319387628,0.24825864259738137,0.2503403382325045,0.1979658035912774,0.19468580710651726,0.20132686527220992,0.8020341964087226,0.7986731347277901,0.8053141928934827,0.21207444447128176,0.04198348782093103,0.041287884388557766,0.042696283109748503
TUR.59.4_1,2053,10,albopictus,17.46587809394388,62.319329906320526,2.348856196536589,0.06307816492771583,0.06274570880344194,0.06340332106726376,2.0127233213429464e-15,1.7763568394002505e-15,2.3314683517128287e-15,0.999999999999998,0.9999999999999977,0.9999999999999982,0.20332516065157513,4.092372926592264e-16,3.6117803974558017e-16,4.74046177166074e-16
TUR.59.4_1,2053,11,albopictus,11.77038281104144,74.04146724422243,1.3624530977798703,7.59283026262521e-5,7.343903519881387e-5,7.857879305552921e-5,0,0,0,1,1,1,0.12737145808334516,0,0,0
TUR.59.4_1,2053,12,albopictus,7.99194549111759,71.88393796122809,1.1206390649408455,0,0,0,0,0,0,1,1,1,0.10277529564582566,0,0,0
TUR.59.4_1,2054,1,albopictus,6.416308912284234,78.33640713905393,1.0712154169086436,0,0,0,0,0,0,1,1,1,0.09847365034679989,0,0,0
TUR.59.4_1,2054,2,albopictus,8.143553274519304,72.70501438877649,0.8013015496054865,0,0,0,0,0,0,1,1,1,0.08227154929941716,0,0,0
TUR.59.4_1,2054,3,albopictus,8.799631020602057,73.1983179018097,0.9836644681375382,0,0,0,0,0,0,1,1,1,0.09080286272303784,0,0,0
TUR.59.4_1,2054,4,albopictus,10.868581617579741,74.2454816239849,1.3007153374945133,1.662461454656294e-8,1.4056237054546614e-8,1.9819112347376553e-8,0,0,0,1,1,1,0.12196738029140097,0,0,0
TUR.59.4_1,2054,5,albopictus,14.782612940844366,68.17071155896302,1.818056110933014,0.013822464146818408,0.013695933203718902,0.013945177754725096,0,0,0,1,1,1,0.16133246458437045,0,0,0
TUR.59.4_1,2054,6,albopictus,23.250339592204373,43.728981534114446,2.0448964993808536,0.2133264003472598,0.21240962707316668,0.21423340494234464,0.07301729654767328,0.0699103202199873,0.07611623660666236,0.9269827034523267,0.9238837633933377,0.9300896797800127,0.18493682217179253,0.013503586787102092,0.012928992458496862,0.014076694913712402
TUR.59.4_1,2054,7,albopictus,29.367803124820487,28.063309281726696,2.4013920277771335,0.15921291817675992,0.15784693677008813,0.16063217323791232,2.753700184558271e-4,2.2036168251001741e-4,3.419720920885771e-4,0.9997246299815442,0.9996580279079114,0.9997796383174901,0.20736526644160114,5.7102177247121206e-5,4.569535900720927e-5,7.091313399153956e-5
TUR.59.4_1,2054,8,albopictus,28.136917002060834,41.9545341973384,2.8515016616087356,0.25249591405930105,0.25099861193565576,0.2539832682175742,0.2080921780498271,0.20340626575783288,0.21271043670481493,0.791907821950173,0.7872895632951851,0.7965937342421671,0.24115047361937658,0.050181527293203444,0.04905151732465018,0.051295222555150545
TUR.59.4_1,2054,9,albopictus,20.987659566542682,50.709193350859074,2.2727845225093986,0.16214183369581428,0.1613878512085072,0.1628724290133995,4.32186738591502e-4,3.843931527123451e-4,4.822743295023995e-4,0.9995678132614085,0.9995177256704976,0.9996156068472877,0.20330109120348938,8.786403555932958e-5,7.81475473975693e-5,9.804689744726902e-5
TUR.59.4_1,2054,10,albopictus,15.452691639170927,57.192620921945526,2.2397342937483726,0.01959544446932296,0.019436810326992404,0.019752434598021156,0,0,0,1,1,1,0.19486754927845762,0,0,0
TUR.59.4_1,2054,11,albopictus,12.642709661932553,71.33879237849978,1.2991569816921087,9.397536709349764e-4,9.203338047830782e-4,9.585379954023861e-4,0,0,0,1,1,1,0.1218305409066931,0,0,0
TUR.59.4_1,2054,12,albopictus,6.910819754881017,66.28182614482184,1.068577015639801,0,0,0,0,0,0,1,1,1,0.09824343499659349,0,0,0
TUR.59.4_1,2055,1,albopictus,7.252665075309136,78.56332059120237,1.1537270031156146,0,0,0,0,0,0,1,1,1,0.10564366686935656,0,0,0
TUR.59.4_1,2055,2,albopictus,7.595098513014177,68.9691287686593,0.8630227131029784,0,0,0,0,0,0,1,1,1,0.08832044817123863,0,0,0
TUR.59.4_1,2055,3,albopictus,8.491887471255133,65.72765292378236,1.0594323429088797,0,0,0,0,0,0,1,1,1,0.09744505577822327,0,0,0
TUR.59.4_1,2055,4,albopictus,15.455587232814116,51.52386297164115,1.4009044161861997,0.018101799978962312,0.017953599920810626,0.018259759133741747,0,0,0,1,1,1,0.13072038721173251,0,0,0
TUR.59.4_1,2055,5,albopictus,17.44562353807337,65.48604206433411,1.9580939512763376,0.06528180402621045,0.06491055476999653,0.06561999303264598,5.353606447044967e-15,4.551914400963142e-15,6.217248937900877e-15,0.9999999999999947,0.9999999999999938,0.9999999999999954,0.1726214608823755,9.241473658782062e-16,7.857581137057807e-16,1.0732305943298469e-15
TUR.59.4_1,2055,6,albopictus,23.505374992594998,34.82572988616523,2.2024069787202167,0.18719160464367154,0.18622885786042656,0.18816162911873896,0.010901183664732044,0.00985781419835695,0.012013999448240784,0.989098816335268,0.9879860005517592,0.990142185801643,0.19767434335916345,0.002154884322763546,0.0019486369486168486,0.002374859452048349
TUR.59.4_1,2055,7,albopictus,25.85644486371209,44.67548808421693,2.5863619807754517,0.26964982037029284,0.2683375148160715,0.2709455035406731,0.25832567087921915,0.25470771348289134,0.2618731901524918,0.7416743291207808,0.7381268098475082,0.7452922865171087,0.2214274460289125,0.05720039354649092,0.056399278480380635,0.05798591167891002
TUR.59.4_1,2055,8,albopictus,27.85936153636259,37.527883196361834,3.07114182124174,0.23000318353908863,0.2285577357256504,0.2314127824584358,0.1324430165943161,0.12726895008508549,0.1374712985881158,0.8675569834056839,0.8625287014118842,0.8727310499149146,0.2571099846567523,0.034052421964458596,0.0327221178036573,0.03534524347073426
TUR.59.4_1,2055,9,albopictus,23.85705768360811,48.4520102759079,2.4478483360979744,0.24951332918108243,0.2484904575283446,0.2505714120594027,0.19869712218786803,0.19543025432423652,0.2020579257808043,0.8013028778121319,0.7979420742191956,0.8045697456757634,0.2171270319284737,0.04314251639338107,0.04243319107044824,0.043872237702409875
TUR.59.4_1,2055,10,albopictus,18.62809809516458,56.35782020173068,2.4122523758654535,0.0912002918809523,0.0907412978559365,0.09163326008282402,7.025370463153991e-11,6.07995653822968e-11,8.008245733215347e-11,0.9999999999297463,0.9999999999199176,0.9999999999392004,0.2081978890579531,1.462667300278755e-11,1.2658341168235197e-11,1.667299856712795e-11
TUR.59.4_1,2055,11,albopictus,12.363002706976499,70.04811244685915,1.3992260262551766,4.818218932782557e-4,4.702223166101752e-4,4.923396699251248e-4,0,0,0,1,1,1,0.13057447595234095,0,0,0
TUR.59.4_1,2055,12,albopictus,7.567938075346105,72.71945584452887,1.1508853759873354,0,0,0,0,0,0,1,1,1,0.10539768847980946,0,0,0
TUR.59.4_1,2056,1,albopictus,8.20703080559478,73.97860379432737,1.1354001469360178,0,0,0,0,0,0,1,1,1,0.10405605878650381,0,0,0
TUR.59.4_1,2056,2,albopictus,7.155857103712419,66.55287663242883,0.8796463011360803,0,0,0,0,0,0,1,1,1,0.08698036557214417,0,0,0
TUR.59.4_1,2056,3,albopictus,10.790180584963629,62.90087069721986,1.0426033494571607,1.1105892074390676e-9,8.450459059432596e-10,1.5128455193269493e-9,0,0,0,1,1,1,0.09597394611368337,0,0,0
TUR.59.4_1,2056,4,albopictus,13.238864744410796,62.25494207320365,1.3786511676382556,0.002282750294451934,0.002246397948472956,0.002317098374349483,0,0,0,1,1,1,0.1287838037191138,0,0,0
TUR.59.4_1,2056,5,albopictus,19.05098070817835,50.27506260266419,1.9269897939373217,0.0961478736889565,0.09564938443655698,0.09663815320917171,3.104065157133462e-10,2.675336174817744e-10,3.5708402068568293e-10,0.9999999996895935,0.999999999642916,0.9999999997324664,0.17012723347397474,5.280860177060746e-11,4.551475420345888e-11,6.074971655701881e-11
TUR.59.4_1,2056,6,albopictus,24.948289955363553,34.602867642512884,2.1674219295370514,0.21039136208172624,0.20913899044824372,0.21157151629875043,0.06323469297390875,0.059189766879715264,0.06710860796656452,0.9367653070260913,0.9328913920334355,0.9408102331202848,0.19486248732521572,0.012322069558142202,0.011533865198380988,0.01307695026929755
TUR.59.4_1,2056,7,albopictus,26.372327355777518,42.84811076488099,2.5452778387539454,0.26360229055588463,0.26219310050803246,0.2649788607592024,0.24133685661671708,0.2372738115515297,0.24527580258078202,0.7586631433832829,0.754724197419218,0.7627261884484703,0.21832576944618365,0.05269005491656805,0.051802987476416505,0.05355002832497947
TUR.59.4_1,2056,8,albopictus,27.506059534409466,46.45031895685988,3.022356992323766,0.28577556007512084,0.2842632201239975,0.2872710388663153,0.3001516655508104,0.2964345255686008,0.3037991938768561,0.6998483344491896,0.696200806123144,0.7035654744313992,0.25359442519107045,0.07611678909550018,0.07517414311835699,0.07704178194471188
TUR.59.4_1,2056,9,albopictus,22.514673345229205,45.150565268583684,2.4089644716447842,0.1970709090725007,0.19615902356234424,0.19796232277835077,0.026706455677634935,0.024812118482015276,0.02862107650464964,0.973293544322365,0.9713789234953504,0.9751878815179847,0.21407699326946117,0.005717237732352217,0.005311703721275458,0.006127114002250614
TUR.59.4_1,2056,10,albopictus,17.07783182929544,60.88309638581271,2.3739339502396413,0.05189105946113893,0.05158160946421133,0.052164972779765326,0,0,0,1,1,1,0.2052562501917088,0,0,0
TUR.59.4_1,2056,11,albopictus,9.123927999945249,67.49554591853884,1.3769994387897904,0,0,0,0,0,0,1,1,1,0.128639890541699,0,0,0
TUR.59.4_1,2056,12,albopictus,7.242905841154211,61.53240597880621,1.132603658815108,0,0,0,0,0,0,1,1,1,0.10381355856252239,0,0,0
TUR.59.4_1,2057,1,albopictus,5.8251638736794975,74.06081052040159,1.1618542232469249,0,0,0,0,0,0,1,1,1,0.10634680620515236,0,0,0
TUR.59.4_1,2057,2,albopictus,8.533100145704607,65.70253483555383,0.869102119711966,0,0,0,0,0,0,1,1,1,0.08891409095682778,0,0,0
TUR.59.4_1,2057,3,albopictus,9.111905953463385,63.55119265766908,1.066895321448689,0,0,0,0,0,0,1,1,1,0.09809666704337838,0,0,0
TUR.59.4_1,2057,4,albopictus,16.685016477809235,44.96802343306693,1.4107728326681956,0.034246260424290485,0.03401545365406151,0.03448148791947872,0,0,0,1,1,1,0.1315778053999903,0,0,0
TUR.59.4_1,2057,5,albopictus,16.904667994555304,65.84566120495911,1.9718873881438421,0.05109579872616201,0.050800331886269645,0.05140368605971346,0,0,0,1,1,1,0.1737251492814027,0,0,0
TUR.59.4_1,2057,6,albopictus,24.027622307048123,44.95297674285468,2.217921434294591,0.23837041866077233,0.2372467424130279,0.23948869031099934,0.1618027739433833,0.15793633454572284,0.16563135686355912,0.8381972260566167,0.8343686431364409,0.8420636654542771,0.1989181428417024,0.0321855072994536,0.03141640235506099,0.03294708190365044
TUR.59.4_1,2057,7,albopictus,28.54199936810662,33.49911174144349,2.604581137560592,0.19997315294396922,0.19852591235496939,0.201442835332104,0.033298341834552,0.029881563617094646,0.03692368334727249,0.966701658165448,0.9630763166527275,0.9701184363829054,0.22279897226106238,0.007418836338735724,0.006657581663442241,0.008226558701865214
TUR.59.4_1,2057,8,albopictus,27.94047535167021,37.570302629955584,3.092775921482353,0.2294706749170892,0.22792295025341122,0.23098178332607303,0.1305383344703821,0.12498863709246212,0.13593764176163878,0.8694616655296179,0.8640623582383612,0.8750113629075379,0.2586636889823375,0.033765527147719264,0.032330021951210874,0.03516213188962494
TUR.59.4_1,2057,9,albopictus,22.67291270985323,46.26325524050751,2.4650917586943133,0.2057907500619846,0.20489468570600552,0.2067236044352764,0.048924201637955196,0.04630947303401899,0.05169607952933137,0.9510757983620448,0.9483039204706687,0.953690526965981,0.21847580965982427,0.010688754564812762,0.0101174996160271,0.011294342831409336
TUR.59.4_1,2057,10,albopictus,15.156136120066924,63.14688270173068,2.4292450491911124,0.01724392106266244,0.01709680312653799,0.01738210496756043,0,0,0,1,1,1,0.20949889980842595,0,0,0
TUR.59.4_1,2057,11,albopictus,9.026016165228452,63.39511256892946,1.409082619624427,0,0,0,0,0,0,1,1,1,0.13143101114258027,0,0,0
TUR.59.4_1,2057,12,albopictus,7.584950671476476,73.33682644999762,1.158992578792935,0,0,0,0,0,0,1,1,1,0.10609928957530435,0,0,0
TUR.59.4_1,2058,1,albopictus,6.282465490348199,75.26981015419065,1.1929430593308634,0,0,0,0,0,0,1,1,1,0.10903140809147838,0,0,0
TUR.59.4_1,2058,2,albopictus,6.977741735823015,70.66779820225305,0.892357509931593,0,0,0,0,0,0,1,1,1,0.09118137140090055,0,0,0
TUR.59.4_1,2058,3,albopictus,10.664144894656012,69.2099145814972,1.0954432520785284,1.2832029507121575e-11,7.0317622874206816e-12,2.515760401532558e-11,0,0,0,1,1,1,0.10058491932113034,0,0,0
TUR.59.4_1,2058,4,albopictus,12.981674993739409,63.973661555625526,1.44852222021522,0.0015535703525890133,0.0015288802937633524,0.0015800679903088155,0,0,0,1,1,1,0.1348498661976576,0,0,0
TUR.59.4_1,2058,5,albopictus,21.020745417651007,51.87030796399232,2.024651050365312,0.16632263973883915,0.16557439462890236,0.16703692132739217,8.05996453637761e-4,7.215865894314305e-4,8.925851345331192e-4,0.9991940035463622,0.999107414865467,0.9992784134105686,0.1779334882124719,1.4341376048264873e-4,1.2839441890487524e-4,1.5882078651407642e-4
TUR.59.4_1,2058,6,albopictus,23.23151215384988,54.14372686492499,2.2772684629821853,0.25532876875258154,0.2542755872214053,0.25636234947571257,0.2168355964197996,0.21361081620047384,0.21998237271268128,0.7831644035802005,0.7800176272873186,0.7863891837995262,0.20365824617260198,0.04416035727464652,0.043503604190886544,0.044801224215552334
TUR.59.4_1,2058,7,albopictus,27.33502343121697,40.044544785877086,2.6742743868794703,0.24793529737604267,0.2463990289924731,0.24934416756010777,0.19363866436579902,0.18866942674539894,0.1981612414288363,0.806361335634201,0.8018387585711637,0.8113305732546011,0.22802317367170832,0.04415410279424023,0.04302100146130775,0.04518535516932887
TUR.59.4_1,2058,8,albopictus,28.963460810044232,39.82037510920363,3.1755322619452833,0.22691887113540987,0.22530059488876691,0.22851627119965826,0.12137296064096025,0.1155386438252587,0.12712011101204362,0.8786270393590397,0.8728798889879564,0.8844613561747413,0.26457710195090045,0.03211250618158597,0.030568879546624246,0.033633070571243255
TUR.59.4_1,2058,9,albopictus,23.0415459801169,43.49164879519501,2.5310525583234997,0.20669726388713003,0.2057318651978834,0.2076374752126296,0.05162541970104092,0.04874216438829543,0.054483546303910196,0.948374580298959,0.9455164536960897,0.9512578356117045,0.2236138416484451,0.011544158426063083,0.010899422629126776,0.0121832750956483
TUR.59.4_1,2058,10,albopictus,16.674926365123078,66.64617316803927,2.4942466643945806,0.04604653232733225,0.04576339231901657,0.046311005914784265,0,0,0,1,1,1,0.2144559229217713,0,0,0
TUR.59.4_1,2058,11,albopictus,11.272859503241147,70.94771724422243,1.4467867805369792,3.4220188316221963e-6,3.2130954146033525e-6,3.636194170187319e-6,0,0,0,1,1,1,0.1346997115818369,0,0,0
TUR.59.4_1,2058,12,albopictus,6.421194300932043,70.47575772441168,1.1900048431404364,0,0,0,0,0,0,1,1,1,0.10877803094025018,0,0,0
TUR.59.4_1,2059,1,albopictus,6.096540006644585,75.78453488563596,1.1281166644818952,0,0,0,0,0,0,1,1,1,0.10342432727281292,0,0,0
TUR.59.4_1,2059,2,albopictus,5.953012483961443,68.13110844395227,0.8438654047696623,0,0,0,0,0,0,1,1,1,0.08644724142798854,0,0,0
TUR.59.4_1,2059,3,albopictus,8.573307416018316,69.89361514302064,1.0359151495103196,0,0,0,0,0,0,1,1,1,0.09538863022827371,0,0,0
TUR.59.4_1,2059,4,albopictus,13.149198377833647,58.99883855757865,1.3698072533434174,0.0018744866356041766,0.0018447096659532326,0.0019050337569715605,0,0,0,1,1,1,0.12801296677134288,0,0,0
TUR.59.4_1,2059,5,albopictus,19.286021372851202,56.42521290173646,1.914628340231955,0.11315326810809355,0.11260322120651978,0.11365882913743162,2.9180116829174986e-8,2.544305103824307e-8,3.294657250907385e-8,0.9999999708198831,0.9999999670534274,0.999999974556949,0.16913388778116334,4.9353466052269176e-9,4.303282139112614e-9,5.5723818975236565e-9
TUR.59.4_1,2059,6,albopictus,22.662506187663357,49.25618414031562,2.153518126867072,0.2162404652162156,0.2152888531024608,0.21714545483605713,0.08309320848835548,0.07976691064163706,0.0862741246768613,0.9169067915116446,0.9137258753231386,0.920233089358363,0.19374226142584483,0.016098666121663194,0.01545422165466405,0.016714944017430393
TUR.59.4_1,2059,7,albopictus,28.440700082217948,36.5645185407599,2.5289501268635957,0.21759255847099654,0.21605623877740943,0.2191186228424185,0.08786172981901083,0.08244446219411745,0.09328243907060435,0.9121382701809891,0.9067175609293957,0.9175555378058826,0.21708966877016223,0.019073873823982547,0.01789784098965512,0.020250653799910336
TUR.59.4_1,2059,8,albopictus,29.17346180186552,41.55811467219191,3.0029688636687806,0.23292489417847217,0.23139696906893445,0.2344736132690586,0.14282560099568162,0.1374150740447982,0.14828207515076866,0.8571743990043184,0.8517179248492314,0.8625849259552019,0.25219265177699557,0.03601956705674405,0.03465507191748985,0.037395649743268096
TUR.59.4_1,2059,9,albopictus,22.932642095229205,53.48104012209931,2.3935111968595217,0.24192527900978314,0.24099533443085144,0.24291518766869505,0.17387218569162746,0.17074372510087105,0.17718699826804063,0.8261278143083726,0.8228130017319594,0.829256274899129,0.21286154596097007,0.03701070224593268,0.0363447732881063,0.037716298375518854
TUR.59.4_1,2059,10,albopictus,19.16769465278177,43.45337455353732,2.3587053928711432,0.09017396570264231,0.08970986167646053,0.09066766680120053,5.109848699724751e-11,4.4055692427491524e-11,5.942509262446548e-11,0.9999999999489015,0.9999999999405749,0.9999999999559444,0.20408414793606422,1.0428391179655314e-11,8.991068450797923e-12,1.2127719394285733e-11
TUR.59.4_1,2059,11,albopictus,10.786033560247983,67.61571651180056,1.368166120176236,1.3432379027011558e-9,1.037873466705286e-9,1.7538357828327013e-9,0,0,0,1,1,1,0.1278698503438499,0,0,0
TUR.59.4_1,2059,12,albopictus,7.157981620115392,70.44880307353277,1.1253381155626112,0,0,0,0,0,0,1,1,1,0.10318321298325572,0,0,0
TUR.59.4_1,2060,1,albopictus,6.148445638663628,72.77631039833128,1.2954660092787555,0,0,0,0,0,0,1,1,1,0.117827512747672,0,0,0
TUR.59.4_1,2060,2,albopictus,3.4381280120681317,70.80495182774133,1.0036566283567625,0,0,0,0,0,0,1,1,1,0.0986183694753826,0,0,0
TUR.59.4_1,2060,3,albopictus,13.366235158022711,54.64394702168275,1.1895869522536215,0.0024126479199341197,0.0023754419480284065,0.0024521631125996083,0,0,0,1,1,1,0.10874198825606596,0,0,0
TUR.59.4_1,2060,4,albopictus,17.347222173915192,42.71075262007865,1.5730099482085693,0.045445859338397857,0.04515267809398446,0.04574121845595833,0,0,0,1,1,1,0.1455531639640799,0,0,0
TUR.59.4_1,2060,5,albopictus,19.452023646410773,50.68558887829896,2.198651977463191,0.10937519571144963,0.10884508845404342,0.10991006880675645,1.1376321130351919e-8,9.915998996912202e-9,1.2997608359044398e-8,0.9999999886236789,0.9999999870023916,0.999999990084001,0.19166020622575541,2.1803880539336677e-9,1.9005024126825765e-9,2.491124298536052e-9
TUR.59.4_1,2060,6,albopictus,25.888492668376248,21.76567892180976,2.472979631945433,0.165794910470533,0.1646490148552721,0.1670028251425178,7.480645914235271e-4,6.294888610020449e-4,8.882097678935913e-4,0.9992519354085765,0.9991117902321064,0.999370511138998,0.21909202297285768,1.638949846493448e-4,1.3791598799581806e-4,1.9459967487205928e-4
TUR.59.4_1,2060,7,albopictus,26.954484490787284,41.30188044871888,2.9041047186530267,0.25608221365476713,0.25464445666935376,0.2574957742127137,0.2191264802436974,0.21474422465579107,0.2234022189557518,0.7808735197563026,0.7765977810442481,0.785255775344209,0.2450036710989978,0.05368679209470788,0.052613123387976725,0.054734363775821304
TUR.59.4_1,2060,8,albopictus,29.158210642197552,43.06723942805129,3.448441293606817,0.24241057625466775,0.24086379582219042,0.244002263188742,0.17549402273216388,0.1702993218561219,0.18079921795011225,0.8245059772678361,0.8192007820498877,0.8297006781438782,0.2837457843081036,0.049795689121522,0.04832171464720348,0.051301015899546366
TUR.59.4_1,2060,9,albopictus,24.338071935317096,47.07661736208954,2.7485742352575495,0.25553832010900385,0.25432657116135954,0.2566554630059586,0.21747374184398008,0.21376765533771272,0.2208695198416779,0.78252625815602,0.7791304801583221,0.7862323446622873,0.24031957193908993,0.052263196547937436,0.05137255142518203,0.05307926846274436
TUR.59.4_1,2060,10,albopictus,18.142122829661652,63.69364326081271,2.7086051988872977,0.08468088896117935,0.08427493021004655,0.08507699455403793,8.665134276775177e-12,7.547101832372505e-12,9.86412895809252e-12,0.9999999999913348,0.9999999999901359,0.9999999999924529,0.23058368477645497,1.9980385906215824e-12,1.7402385498915873e-12,2.274507202267107e-12
TUR.59.4_1,2060,11,albopictus,12.907239843817319,66.620461995199,1.5711253627736403,0.0014310965822336777,0.0014065933007434736,0.001456491885010456,0,0,0,1,1,1,0.14539212098338228,0,0,0
TUR.59.4_1,2060,12,albopictus,7.3298642495099235,68.00037778056402,1.2922752792830208,0,0,0,0,0,0,1,1,1,0.11755507318302694,0,0,0
TUR.59.4_1,2061,1,albopictus,6.480030092246392,70.19977994178831,1.1713706101429033,0,0,0,0,0,0,1,1,1,0.10716942892232961,0,0,0
TUR.59.4_1,2061,2,albopictus,6.344780939466814,69.34258000156946,0.876220665100716,0,0,0,0,0,0,1,1,1,0.08960871242844137,0,0,0
TUR.59.4_1,2061,3,albopictus,8.908587834414313,72.61589755268861,1.0756339294885524,0,0,0,0,0,0,1,1,1,0.09885905879747758,0,0,0
TUR.59.4_1,2061,4,albopictus,10.85868629287271,69.55319036421928,1.4223280345423919,1.0045339716479925e-8,8.316222671933257e-9,1.2160702318350562e-8,0,0,0,1,1,1,0.13258070522996257,0,0,0
TUR.59.4_1,2061,5,albopictus,20.25193514543421,55.667961162234505,1.98803850497538,0.146800096375942,0.14615171145385944,0.14744702248491642,3.395242490190531e-5,3.0173164412838904e-5,3.803540151567364e-5,0.9999660475750981,0.9999619645984844,0.9999698268355872,0.17501561744428618,5.942204607937715e-6,5.280774999960963e-6,6.65678928100696e-6
TUR.59.4_1,2061,6,albopictus,24.727888191447537,40.03389410125312,2.236087739542977,0.2308200159277324,0.2296929902530064,0.23195679985528778,0.13535914967609453,0.1313372063266052,0.13940338212812595,0.8646408503239055,0.860596617871874,0.8686627936733947,0.20037209155265212,0.027122195931387556,0.026316310730344097,0.027932547246526204
TUR.59.4_1,2061,7,albopictus,27.079432992374198,40.83520182933412,2.625914452283782,0.25325451888348927,0.2516632635497133,0.25468182868774947,0.2104506695584905,0.2054957662778509,0.21485888507383288,0.7895493304415095,0.7851411149261671,0.7945042337221491,0.22440185975718263,0.04722552163606957,0.04611363212497708,0.04821473339592287
TUR.59.4_1,2061,8,albopictus,28.286250955918256,45.668359423168475,3.1181078879739332,0.2739868418180667,0.2723867566054464,0.27556094599581676,0.2700527621597804,0.26577502119689717,0.274226047545957,0.7299472378402195,0.7257739524540431,0.7342249788031029,0.2604788347813609,0.0703430288168676,0.06922876783535928,0.07143008133146894
TUR.59.4_1,2061,9,albopictus,22.13006603016573,59.34582817751923,2.485282559261586,0.23375895322600737,0.23286954567721074,0.2346462001455623,0.14576963200981366,0.1426351047948365,0.14888703683229895,0.8542303679901864,0.851112963167701,0.8573648952051635,0.22005217762430096,0.0320769249552525,0.031387165415774146,0.03276291667497689
TUR.59.4_1,2061,10,albopictus,16.573290432200714,57.324815440988495,2.449142240500223,0.03847000850606749,0.038214203837078034,0.03872001407120398,0,0,0,1,1,1,0.2110195725381715,0,0,0
TUR.59.4_1,2061,11,albopictus,11.087198187323178,66.317727620199,1.4206239774888163,4.0853641571241225e-7,3.715794116885665e-7,4.510512315751427e-7,0,0,0,1,1,1,0.13243287943837512,0,0,0
TUR.59.4_1,2061,12,albopictus,9.633428321165198,76.14799130595465,1.1684855268484478,0,0,0,0,0,0,1,1,1,0.10692011438730442,0,0,0
TUR.59.4_1,2062,1,albopictus,7.658654722220757,75.7563213846594,1.2232487493323934,0,0,0,0,0,0,1,1,1,0.1116406205073266,0,0,0
TUR.59.4_1,2062,2,albopictus,4.111457365400652,67.64053074619837,0.915027083181546,0,0,0,0,0,0,1,1,1,0.0933861067741737,0,0,0
TUR.59.4_1,2062,3,albopictus,9.772442242678473,67.23125399800111,1.1232720435301347,0,0,0,0,0,0,1,1,1,0.10300388330618293,0,0,0
TUR.59.4_1,2062,4,albopictus,14.025221670375151,63.91057409224662,1.4853206784675306,0.006375683778237806,0.006300001839600473,0.006447090184531003,0,0,0,1,1,1,0.13802763487041958,0,0,0
TUR.59.4_1,2062,5,albopictus,19.441222331103155,58.798854869509896,2.0760855648743783,0.12274419380268832,0.12221106427409266,0.12329512067999739,2.747100027730154e-7,2.433455566247522e-7,3.0999461440306406e-7,0.9999997252899973,0.9999996900053856,0.9999997566544434,0.18201518512825043,5.0001392011312586e-8,4.429258653919142e-8,5.642372712933432e-8
TUR.59.4_1,2062,6,albopictus,25.364381874308865,36.85786489593085,2.3351205050805817,0.22504620631872146,0.22374288679603563,0.2263155858249998,0.11461987260322219,0.1099141466586375,0.11920070910014195,0.8853801273967778,0.880799290899858,0.8900858533413625,0.20825194528355295,0.02386981143777404,0.022889834855842988,0.024823779549283477
TUR.59.4_1,2062,7,albopictus,27.32395508710076,45.287037461658336,2.7422120222208086,0.2791171185030773,0.2775765057658383,0.28069778712615484,0.2834620971394568,0.2794929142349745,0.28750095446017476,0.7165379028605432,0.7124990455398252,0.7205070857650255,0.23308197209939274,0.06606990461669424,0.0651447596376943,0.06701128944603525
TUR.59.4_1,2062,8,albopictus,28.598365671494427,44.404008532055194,3.256203921474743,0.26128048247153945,0.2596894915985884,0.26284255464836226,0.23460920255076004,0.2299404354340954,0.23915407818294165,0.76539079744924,0.7608459218170585,0.7700595645659046,0.2702961474067874,0.06341396359564909,0.06215201383087513,0.06464242596947074
TUR.59.4_1,2062,9,albopictus,23.675453298232135,44.68589317996064,2.5953517665800585,0.22840336680938436,0.22733170204724232,0.22936548911114918,0.12671341662954613,0.12286168749092026,0.13016499656925828,0.8732865833704538,0.8698350034307417,0.8771383125090798,0.2285899281115752,0.028965410798120025,0.028084944311216276,0.029754407208410185
TUR.59.4_1,2062,10,albopictus,18.332142437205597,48.93064277253146,2.55761085064576,0.07383620829309488,0.07341711252297965,0.07423347945366002,1.783042602454543e-13,1.5120960039638475e-13,2.0706492076527636e-13,0.9999999999998217,0.9999999999997929,0.9999999999998488,0.21925815462797194,3.909466306372397e-14,3.3153937944944376e-14,4.540067241518173e-14
TUR.59.4_1,2062,11,albopictus,11.852532316656674,63.59079127986696,1.4835411514403642,8.070788549001691e-5,7.824542782245558e-5,8.354107778723614e-5,0,0,0,1,1,1,0.13787423090945783,0,0,0
TUR.59.4_1,2062,12,albopictus,6.814399943632238,69.20842374003668,1.220235890292647,0,0,0,0,0,0,1,1,1,0.11138156646073816,0,0,0
TUR.59.4_1,2063,1,albopictus,5.152321847922662,57.55622525428831,1.1196620525284295,0,0,0,0,0,0,1,1,1,0.10269045940886545,0,0,0
TUR.59.4_1,2063,2,albopictus,5.58448554838405,70.9154178311593,0.8375410991699765,0,0,0,0,0,0,1,1,1,0.08582800449291905,0,0,0
TUR.59.4_1,2063,3,albopictus,8.875413796480963,69.8148950502472,1.028151537038689,0,0,0,0,0,0,1,1,1,0.09470872464341007,0,0,0
TUR.59.4_1,2063,4,albopictus,11.148094976649565,66.57013524947318,1.3595413037810287,8.495331597542161e-7,7.841502702413257e-7,9.198487757447208e-7,0,0,0,1,1,1,0.12711732963149858,0,0,0
TUR.59.4_1,2063,5,albopictus,16.69019140916712,68.39487079968568,1.9002792572324556,0.047522418265472155,0.04723887137377914,0.04780420244082783,0,0,0,1,1,1,0.1679793282659604,0,0,0
TUR.59.4_1,2063,6,albopictus,21.939766014323514,56.21481756316718,2.137378696725973,0.21460322525353553,0.213710258830712,0.21548500690750516,0.07739470366513379,0.07432196766519444,0.08044957241710093,0.9226052963348662,0.9195504275828991,0.9256780323348055,0.1924399567410151,0.014893833425302028,0.014302516242397144,0.015481712235780069
TUR.59.4_1,2063,7,albopictus,27.299346475040213,41.411968797107555,2.509997041029943,0.25587087662913083,0.2542421071306381,0.25728753398722787,0.21848385237020088,0.21350779128349323,0.22277604671270393,0.7815161476297992,0.7772239532872961,0.7864922087165068,0.21565236071317284,0.04711655854134216,0.046043459220940705,0.04804218038394267
TUR.59.4_1,2063,8,albopictus,27.6941717933206,46.62547459650832,2.9804632689461643,0.2859276323321746,0.28425257181754193,0.2874673744059132,0.3005235844013526,0.296408177487965,0.3042745826101749,0.6994764155986475,0.6957254173898251,0.7035918225120349,0.25056218179654133,0.07529984498891994,0.07426867965372097,0.07623970328403737
TUR.59.4_1,2063,9,albopictus,25.665586583754596,43.03388512332001,2.3755731510768046,0.2586944009755009,0.2572918252280098,0.2600045670622134,0.22698278964811894,0.22278896010356686,0.23087081464814416,0.7730172103518811,0.7691291853518558,0.777211039896433,0.21144830623939226,0.04799512641658701,0.04710834826273475,0.048817242717458756
TUR.59.4_1,2063,10,albopictus,17.51368388007669,54.30249946198459,2.3410281973849556,0.05762478770203414,0.05728119471744609,0.05795605526420206,1.2545520178264268e-16,1.1102230246251565e-16,2.220446049250313e-16,0.9999999999999999,0.9999999999999998,0.9999999999999999,0.20272141232200447,2.543245568851938e-17,2.2506597954441928e-17,4.5013195908883856e-17
TUR.59.4_1,2063,11,albopictus,11.850051809759702,69.2370391436365,1.357912470001428,9.291855905198585e-5,8.972096782325878e-5,9.59339896411876e-5,0,0,0,1,1,1,0.12697513997373455,0,0,0
TUR.59.4_1,2063,12,albopictus,8.785047755521887,71.23649228251715,1.1169043273002106,0,0,0,0,0,0,1,1,1,0.10245095650068536,0,0,0
TUR.59.4_1,2064,1,albopictus,9.122737916953422,75.79736752723753,1.2596474353083749,0,0,0,0,0,0,1,1,1,0.11476432032301831,0,0,0
TUR.59.4_1,2064,2,albopictus,7.285043733961443,71.08562199375696,0.9759063447320502,0,0,0,0,0,0,1,1,1,0.09602703839421967,0,0,0
TUR.59.4_1,2064,3,albopictus,11.220643422182867,66.19263400288392,1.1566958474787314,1.7661013162365208e-6,1.6463069224883034e-6,1.8918707823012567e-6,0,0,0,1,1,1,0.10590058525948043,0,0,0
TUR.59.4_1,2064,4,albopictus,13.821873510585112,66.13531316695365,1.5295175116780098,0.005260374077236886,0.005196995693108095,0.0053192965589536415,0,0,0,1,1,1,0.14182887343279604,0,0,0
TUR.59.4_1,2064,5,albopictus,18.749903819140265,55.73180012097474,2.1378610513209186,0.09424396190809266,0.09376981535096653,0.09471221488750071,1.7692768117250069e-10,1.5317106749623832e-10,2.0288596636053313e-10,0.9999999998230723,0.9999999997971141,0.9999999998468289,0.18689073336502282,3.306614408690159e-11,2.862625313467539e-11,3.7917507042591386e-11
TUR.59.4_1,2064,6,albopictus,24.62916954825906,39.38274053679999,2.4046037708733246,0.22627805230274647,0.22507506778094769,0.22743166689675443,0.11906448606154131,0.1147244911156481,0.12322148744596081,0.8809355139384587,0.8767785125540392,0.8852755088843519,0.2137342010279979,0.025448152799172726,0.024520547446946688,0.02633664616874391
TUR.59.4_1,2064,7,albopictus,28.845471887027518,32.70693644847474,2.823808602091297,0.19094668900079811,0.18951263812977653,0.1923754967134849,0.015761144861750766,0.013724299489139793,0.01793955110992359,0.9842388551382493,0.9820604488900764,0.9862757005108602,0.2391140494343248,0.0037687111716142264,0.0032816728264976514,0.004289598710927865
TUR.59.4_1,2064,8,albopictus,28.7414130042581,39.062925005443866,3.3530947166431035,0.2266660421618865,0.2251719573171335,0.22822586621246532,0.1204622701288671,0.11507427687092149,0.12607723830512804,0.8795377298711329,0.8739227616948719,0.8849257231290785,0.2771062589268466,0.033380849017245584,0.0318878023624132,0.03493679184256255
TUR.59.4_1,2064,9,albopictus,24.48095142140108,41.57537377078095,2.672578409158285,0.23327396280830037,0.23208252256978829,0.23450790080740136,0.14405989295475463,0.13984927437375716,0.14840230356055192,0.8559401070452454,0.851597696439448,0.8601507256262428,0.23452432493107056,0.03378554914485612,0.03279805666460546,0.03480395006075425
TUR.59.4_1,2064,10,albopictus,16.893475139842316,55.18414466462131,2.633714483902875,0.04390947391745168,0.04364911990098457,0.044173235773421665,0,0,0,1,1,1,0.22498709272292206,0,0,0
TUR.59.4_1,2064,11,albopictus,11.40222923895892,63.63129573543337,1.5276850334865908,7.2291818155113326e-6,6.821761093289853e-6,7.623956064239604e-6,0,0,0,1,1,1,0.14167160103593024,0,0,0
TUR.59.4_1,2064,12,albopictus,9.023839698118323,70.21522915995855,1.2565449263833226,0,0,0,0,0,0,1,1,1,0.11449849478049612,0,0,0
TUR.59.4_1,2065,1,albopictus,8.357276472098686,80.1734356424719,1.2035096974345139,0,0,0,0,0,0,1,1,1,0.1099420271974002,0,0,0
TUR.59.4_1,2065,2,albopictus,6.190316217787126,72.33627049229212,0.9002616750070079,0,0,0,0,0,0,1,1,1,0.09195070121304294,0,0,0
TUR.59.4_1,2065,3,albopictus,9.817490002688238,72.91676272602845,1.1051462737921485,0,0,0,0,0,0,1,1,1,0.10142907557756942,0,0,0
TUR.59.4_1,2065,4,albopictus,10.643237913356108,66.61971105513724,1.4613526817920666,3.239459498157314e-12,1.5185315894110626e-12,7.1107358439410766e-12,0,0,0,1,1,1,0.13595918194881662,0,0,0
TUR.59.4_1,2065,5,albopictus,18.057065150317023,51.47356800427552,2.0425846430611667,0.06906517562877917,0.06868158365206652,0.06945720828015253,2.667144283208245e-14,2.264577414479163e-14,3.120281810709002e-14,0.9999999999999734,0.9999999999999688,0.9999999999999774,0.17935895470534768,4.783762106845746e-15,4.0617223791032155e-15,5.596504839548761e-15
TUR.59.4_1,2065,6,albopictus,25.61670502494363,36.116119900813665,2.2974396451060715,0.22400441503788399,0.2226246371444884,0.22521879068129386,0.11085866813106399,0.10587800860304164,0.11524334468659664,0.8891413318689361,0.8847566553134034,0.8941219913969584,0.20526294265219114,0.022755176439084878,0.021732831608014338,0.023655188051451583
TUR.59.4_1,2065,7,albopictus,27.559226540958182,35.220432847400524,2.697962097214838,0.22036274730089392,0.21884563176086028,0.2217590278275081,0.09773984132747553,0.09230828151378799,0.10275754170614099,0.9022601586725245,0.897242458293859,0.9076917184862121,0.22979079496188914,0.02245971583808951,0.021211593390619194,0.023612737196983615
TUR.59.4_1,2065,8,albopictus,28.293758280137006,44.4007011895259,3.2036599248173605,0.2656743917675718,0.26398990816240664,0.2672951718590069,0.24724113150355895,0.2424538832130672,0.2518054159687037,0.752758868496441,0.7481945840312962,0.7575461167869328,0.2665762244606683,0.06590860736760235,0.06463244079276727,0.0671253370876851
TUR.59.4_1,2065,9,albopictus,24.106319539687213,52.5191489477829,2.553471663909415,0.27599458752635353,0.27487267529874637,0.2771699059195502,0.275362408948939,0.2724099863408724,0.2784365449058857,0.724637591051061,0.7215634550941143,0.7275900136591277,0.2253524803099879,0.06205360184077661,0.061388266083125524,0.06274636600348467
TUR.59.4_1,2065,10,albopictus,17.243124569163605,60.6125122793674,2.5163397573027018,0.05580568308941741,0.05551259839129721,0.05613142202377267,9.370282327836321e-17,0,1.1102230246251565e-16,0.9999999999999999,0.9999999999999999,1,0.21613365439295618,2.0252333622090002e-17,0,2.3995655950343606e-17
TUR.59.4_1,2065,11,albopictus,10.90325348517474,66.5124297686365,1.459601870246001,2.227926211918282e-8,1.8909593143067373e-8,2.6022218752481832e-8,0,0,0,1,1,1,0.13580789144109306,0,0,0
TUR.59.4_1,2065,12,albopictus,8.825245604795569,69.96442044413824,1.2005454556371549,0,0,0,0,0,0,1,1,1,0.10968666666493498,0,0,0
TUR.59.4_1,2066,1,albopictus,5.479026826865533,73.14925046180784,1.1139237829797883,0,0,0,0,0,0,1,1,1,0.10219203031786273,0,0,0
TUR.59.4_1,2066,2,albopictus,6.368390100843767,75.59601322910852,0.8332486998926683,0,0,0,0,0,0,1,1,1,0.08540748017083133,0,0,0
TUR.59.4_1,2066,3,albopictus,8.43942441659815,67.77477969380189,1.0228822590069337,0,0,0,0,0,0,1,1,1,0.09424697162289009,0,0,0
TUR.59.4_1,2066,4,albopictus,11.760194624171538,65.25282110152396,1.3525736527420482,5.710366107816334e-5,5.492688612031442e-5,5.9233479794046216e-5,0,0,0,1,1,1,0.1265089235135266,0,0,0
TUR.59.4_1,2066,5,albopictus,17.15438761430628,50.676601451541146,1.8905403234434008,0.04666807522412088,0.046361579446552816,0.0469697107084829,0,0,0,1,1,1,0.16719479789069425,0,0,0
TUR.59.4_1,2066,6,albopictus,22.889345253215115,52.54224828826484,2.126424627985642,0.236556429015881,0.23554609886471833,0.2375971572319578,0.15554426804936625,0.15203277350128996,0.15914577478332723,0.8444557319506337,0.8408542252166727,0.84796722649871,0.19155486523928011,0.029795261304938814,0.029122617439993594,0.030485147442021073
TUR.59.4_1,2066,7,albopictus,26.62443688336541,42.2507863935431,2.4971333027660654,0.26117185368015133,0.25972860311397883,0.26252369972105205,0.2342934331623233,0.2300560448682945,0.23823207268158297,0.7657065668376767,0.761767927318417,0.7699439551317054,0.21467533566158015,0.05029702140742575,0.04938735865307667,0.051142550168272786
TUR.59.4_1,2066,8,albopictus,26.990798837998334,53.36850895930129,2.9651883906215697,0.3330241841175939,0.3314884039201974,0.33458367433346786,0.3994397703957559,0.39666074800860884,0.4022422827135225,0.600560229604244,0.5977577172864775,0.6033392519913912,0.24945353308984197,0.09964166198181658,0.09894842502880698,0.10034075858101127
TUR.59.4_1,2066,9,albopictus,24.667852513930377,48.893275382109074,2.363398335432557,0.27228221649231327,0.2710844145712985,0.27348586383642887,0.26548977974035926,0.2622510399266485,0.26872327475376084,0.7345102202596407,0.7312767252462391,0.7377489600733516,0.21048767443254424,0.055882326323156616,0.05520061151167655,0.056562937168816746
TUR.59.4_1,2066,10,albopictus,18.904530132518097,46.81583182892795,2.329030424675566,0.08719661632939048,0.08672732065288889,0.08766551665075582,1.982414798984422e-11,1.6972584448993187e-11,2.2995816362225695e-11,0.9999999999801759,0.9999999999770042,0.9999999999830275,0.20179517465100605,4.000417405918005e-12,3.4249856431635298e-12,4.640444779057797e-12
TUR.59.4_1,2066,11,albopictus,11.17124836585101,71.17569881160524,1.350953166737793,1.320102557085015e-6,1.228116730225209e-6,1.4128099835017126e-6,0,0,0,1,1,1,0.12636736403765003,0,0,0
TUR.59.4_1,2066,12,albopictus,7.200766787809484,71.25629819072027,1.1111801910971308,0,0,0,0,0,0,1,1,1,0.10195362267044572,0,0,0
TUR.59.4_1,2067,1,albopictus,6.399477037436822,73.52396054481565,1.1671971178125349,0,0,0,0,0,0,1,1,1,0.10680875400680911,0,0,0
TUR.59.4_1,2067,2,albopictus,5.347064989454607,64.64371983311243,0.8730987665368941,0,0,0,0,0,0,1,1,1,0.08930414550270505,0,0,0
TUR.59.4_1,2067,3,albopictus,11.0773986788357,63.262427704055796,1.0718015386840256,3.139175864990131e-7,2.8366855978422017e-7,3.4221950240306957e-7,0,0,0,1,1,1,0.0985247847892804,0,0,0
TUR.59.4_1,2067,4,albopictus,14.788237417445464,56.50702108321342,1.417260402580287,0.01172767004296332,0.011617236541172395,0.011844238106921142,0,0,0,1,1,1,0.13214101765635977,0,0,0
TUR.59.4_1,2067,5,albopictus,19.815928599413702,47.51414875378724,1.980955295458983,0.1156944627866748,0.11513829158163016,0.11627127785288313,5.395137977326492e-8,4.711786317501688e-8,6.17554870241399e-8,0.9999999460486202,0.9999999382445129,0.9999999528821368,0.1744499199787366,9.411813884188493e-9,8.219707460450754e-9,1.0773239769609113e-8
TUR.59.4_1,2067,6,albopictus,24.973568046794217,33.66597417937812,2.2281207520240782,0.2068132952018066,0.2055412234491117,0.20796330020736922,0.0519816028749486,0.04818318305032147,0.05549183229356318,0.9480183971250514,0.9445081677064369,0.9518168169496786,0.19973477515513682,0.010382533762431473,0.009623857232814757,0.011083648646101401
TUR.59.4_1,2067,7,albopictus,26.986768273746268,40.09936961497865,2.616558545850827,0.24929159400610743,0.24774405220464213,0.25074314518667534,0.1979872977903674,0.19302886617648227,0.20260045606570498,0.8020127022096326,0.797399543934295,0.8069711338235177,0.22369930721121278,0.04428962135232526,0.043180423635444984,0.04532158166257396
TUR.59.4_1,2067,8,albopictus,27.776784784653607,40.078550005443866,3.1069983388329208,0.24514383653414495,0.24365942009346356,0.24659161884257572,0.18455736786362675,0.17966284198214208,0.18929617325980086,0.8154426321363732,0.8107038267401991,0.8203371580178579,0.25968333496624796,0.04792647277941923,0.046655445975436687,0.04915706156845377
TUR.59.4_1,2067,9,albopictus,22.971231572768268,43.338492514677434,2.476427712119219,0.204191992853267,0.20322033773863452,0.20514793964106773,0.044322897108547296,0.0416221878921782,0.047039327096987035,0.9556771028914527,0.952960672903013,0.9583778121078218,0.21936123988742895,0.009722725665133875,0.009130294742855743,0.010318605115465411
TUR.59.4_1,2067,10,albopictus,16.61030539344339,65.9703995474338,2.44041615819271,0.044144904331227725,0.043871852073816955,0.044400865159234776,0,0,0,1,1,1,0.21035302906433095,0,0,0
TUR.59.4_1,2067,11,albopictus,11.157468725653256,64.05683284480837,1.4155624169348395,8.461330333055987e-7,7.793883104684779e-7,9.154078050594456e-7,0,0,0,1,1,1,0.1319936439353615,0,0,0
TUR.59.4_1,2067,12,albopictus,7.758374915403478,71.66949856913824,1.1643223138207166,0,0,0,0,0,0,1,1,1,0.10656022752532512,0,0,0
TUR.59.4_1,2068,1,albopictus,7.944108995444634,71.78631253456174,1.212978796861521,0,0,0,0,0,0,1,1,1,0.11075727110429989,0,0,0
TUR.59.4_1,2068,2,albopictus,6.850860613233904,72.79608647129602,0.9397500210785663,0,0,0,0,0,0,1,1,1,0.09263956873668133,0,0,0
TUR.59.4_1,2068,3,albopictus,12.030977627810309,70.22051181050111,1.1138414591905146,1.845414395509327e-4,1.7907771107894668e-4,1.9003501886800635e-4,0,0,0,1,1,1,0.10218487761639283,0,0,0
TUR.59.4_1,2068,4,albopictus,13.402600134120268,61.36521734175834,1.4728504652094419,0.0028548307985597162,0.0028145997278520634,0.002895799858265264,0,0,0,1,1,1,0.1369520664598538,0,0,0
TUR.59.4_1,2068,5,albopictus,15.737441203173468,72.83101276745911,2.058655504072469,0.029347066113032477,0.02916397519576806,0.029541909246397914,0,0,0,1,1,1,0.18063426030792462,0,0,0
TUR.59.4_1,2068,6,albopictus,23.104330147013943,46.519569913020696,2.315515680948103,0.21979972051312596,0.21884538262595882,0.22068322153067266,0.09571978618307214,0.09230739307389994,0.09888727794332498,0.9042802138169278,0.901112722056675,0.9076926069261001,0.206698214613377,0.019785108907215205,0.01907977334399032,0.02043982379886205
TUR.59.4_1,2068,7,albopictus,26.867204217349784,38.002537339588024,2.719189405481055,0.23807606061637135,0.23663899136965572,0.23945696633087693,0.16078956497485755,0.15583298134699575,0.1655231928160116,0.8392104350251425,0.8344768071839884,0.8441670186530043,0.23137137754811243,0.03720210314359452,0.03605529156168371,0.03829732913800243
TUR.59.4_1,2068,8,albopictus,27.57915485606474,47.995622301586444,3.2288660153233866,0.2956104914948507,0.2940451554494776,0.29704930260949436,0.3234320303294188,0.3198354017475279,0.3267133859182175,0.6765679696705812,0.6732866140817825,0.680164598252472,0.2683630841738528,0.08679721717981394,0.08583201484094986,0.08767781188589507
TUR.59.4_1,2068,9,albopictus,23.812307469985065,45.930209281034855,2.573562135237686,0.23720440604210688,0.23613864470965829,0.2384077714971212,0.1577869883095364,0.15409598005790157,0.16193413601412407,0.8422130116904636,0.8380658639858759,0.8459040199420985,0.22690722139137054,0.03580300708902957,0.034965490662518486,0.03674402485137716
TUR.59.4_1,2068,10,albopictus,20.741169536814972,40.39954154572482,2.536138078333951,0.13046230480014792,0.12984258223933579,0.13115144069123574,1.4502216541457668e-6,1.2713699270444634e-6,1.668842207483423e-6,0.9999985497783459,0.9999983311577925,0.999998728630073,0.21763407825195724,3.156176529610427e-7,2.766934221895799e-7,3.6319693557361635e-7
TUR.59.4_1,2068,11,albopictus,12.114823271246518,63.74830775935915,1.471085878445243,2.0724715087204034e-4,2.0165295167849783e-4,2.1309701809009974e-4,0,0,0,1,1,1,0.13679976072637545,0,0,0
TUR.59.4_1,2068,12,albopictus,8.615140662473792,70.75198758281012,1.209991232692631,0,0,0,0,0,0,1,1,1,0.11050013686575422,0,0,0
TUR.59.4_1,2069,1,albopictus,7.866006883628228,75.74525876258909,1.133115994011366,0,0,0,0,0,0,1,1,1,0.1038579911245302,0,0,0
TUR.59.4_1,2069,2,albopictus,7.458603399641374,65.36135594151087,0.8476050545503889,0,0,0,0,0,0,1,1,1,0.08681320746747101,0,0,0
TUR.59.4_1,2069,3,albopictus,6.152537247713874,65.22775210591126,1.0405058814443713,0,0,0,0,0,0,1,1,1,0.0957904275795185,0,0,0
TUR.59.4_1,2069,4,albopictus,15.055278623805327,54.205953730918495,1.3758776519705558,0.014051279340045854,0.013927694778371852,0.014171434300618391,0,0,0,1,1,1,0.1285421370303117,0,0,0
TUR.59.4_1,2069,5,albopictus,17.43786635118372,59.39650730481263,1.9231131523977951,0.05986430767822947,0.05953933234591406,0.06020779473942786,4.515277041150512e-16,3.3306690738754696e-16,5.551115123125783e-16,0.9999999999999996,0.9999999999999994,0.9999999999999997,0.1698158409468683,7.667655678510614e-17,5.656003696958899e-17,9.426672828264832e-17
TUR.59.4_1,2069,6,albopictus,25.682678306803982,37.74485830413398,2.163061596175578,0.23229508351987477,0.23108361904987185,0.23346492936069851,0.14059970310057873,0.13630024094815207,0.14473609722476463,0.8594002968994213,0.8552639027752353,0.8636997590518479,0.19451134397996805,0.02734823721327805,0.02651194305161854,0.028152812793604293
TUR.59.4_1,2069,7,albopictus,28.43376305524041,37.383186906238414,2.54015734988037,0.22215186764164815,0.2206586339627019,0.22375378286419523,0.10417495947615305,0.09879895511943726,0.10995348945719793,0.8958250405238469,0.890046510542802,0.9012010448805627,0.21793832950495695,0.02270371664447938,0.021532079235565372,0.023963079815542614
TUR.59.4_1,2069,8,albopictus,29.592206842759076,38.418149614818866,3.0162767345556225,0.20536204089745844,0.20380362454848638,0.2070049638331892,0.047688056552310384,0.04322726564215473,0.052547764149682354,0.9523119434476897,0.9474522358503177,0.9567727343578453,0.2531551019237035,0.012072474817043473,0.010943202839522687,0.01330273458917557
TUR.59.4_1,2069,9,albopictus,23.283058278700885,58.338935019560246,2.404118212589649,0.27639445763677767,0.27534593253018624,0.2774874739890034,0.2764104483989673,0.2736596821562901,0.2792618672781224,0.7235895516010327,0.7207381327218776,0.7263403178437098,0.2136960223139197,0.059067813348866266,0.05847998554449075,0.05967715022129254
TUR.59.4_1,2069,10,albopictus,16.18395098517923,56.04567115387912,2.3691581641962776,0.030519983335707237,0.030312382590824534,0.03072386797603761,0,0,0,1,1,1,0.20488885632028264,0,0,0
TUR.59.4_1,2069,11,albopictus,11.769192625494565,67.67669826228884,1.3742292460045915,6.356376321128133e-5,6.133484413669943e-5,6.588343102672804e-5,0,0,0,1,1,1,0.12839847355581002,0,0,0
TUR.59.4_1,2069,12,albopictus,5.84360335854923,68.13292325175543,1.130325131754199,0,0,0,0,0,0,1,1,1,0.10361592531673114,0,0,0
TUR.59.4_1,2070,1,albopictus,8.183309587485649,74.68907590126096,1.1814114218808327,0,0,0,0,0,0,1,1,1,0.10803656340033096,0,0,0
TUR.59.4_1,2070,2,albopictus,9.297782915479997,74.0761844327218,0.8837314961417014,0,0,0,0,0,0,1,1,1,0.0903410386338781,0,0,0
TUR.59.4_1,2070,3,albopictus,10.992709538515875,57.07341326924134,1.0848541008770134,6.718411405518126e-8,5.8886334990885455e-8,7.625552970473393e-8,0,0,0,1,1,1,0.09966276539900065,0,0,0
TUR.59.4_1,2070,4,albopictus,13.147607649073882,67.3897916215435,1.4345200153730164,0.0021703973397658323,0.002138172971740274,0.0022029015930358,0,0,0,1,1,1,0.13363761674818908,0,0,0
TUR.59.4_1,2070,5,albopictus,16.77940382676966,68.93986896863099,2.005079670413001,0.050077196864544704,0.04979511257562412,0.05035336264556558,0,0,0,1,1,1,0.17637501511873288,0,0,0
TUR.59.4_1,2070,6,albopictus,25.22266205619363,41.629669705501165,2.255255145509825,0.2459481529385371,0.24466172595854302,0.24719132773464847,0.1871942108497073,0.18297762997545208,0.19124239335534451,0.8128057891502927,0.8087576066446555,0.8170223700245479,0.20190330289075598,0.037795129452584494,0.03694378784716638,0.03861247087117723
TUR.59.4_1,2070,7,albopictus,28.204734353458182,33.471565812488414,2.648423393883463,0.20471479667943837,0.20328371161605993,0.20618730579648997,0.045817100266472385,0.04179510311642315,0.050089237715055183,0.9541828997335277,0.9499107622849448,0.9582048968835768,0.22608949455506733,0.010358765041225583,0.009449433738469029,0.011324650437645441
TUR.59.4_1,2070,8,albopictus,27.595292932846966,42.6411682610591,3.1448358372758873,0.2616178900725111,0.2600972797727331,0.26314084601920845,0.23559461639980062,0.2311441716456646,0.24001465834050653,0.7644053836001994,0.7599853416594935,0.7688558283543354,0.26238919058065324,0.06181748070230318,0.060649732105541504,0.06297725192945755
TUR.59.4_1,2070,9,albopictus,22.008657567641315,47.10457146365204,2.506586025540342,0.1872902095480077,0.1864659500686609,0.1881416987476301,0.011009360090115286,0.010104644542248508,0.011990050289460362,0.9889906399098847,0.9880099497105397,0.9898953554577514,0.22171196824521233,0.0024409068946997484,0.0022403206298801594,0.002658337649035335
TUR.59.4_1,2070,10,albopictus,16.26379069160013,68.29983680329318,2.4701359174316195,0.03778582993200494,0.037551301257410616,0.03801653869481776,0,0,0,1,1,1,0.21262087439954225,0,0,0
TUR.59.4_1,2070,11,albopictus,9.350624968023862,65.3268600054529,1.4328013514000615,0,0,0,0,0,0,1,1,1,0.1334887053705628,0,0,0
TUR.59.4_1,2070,12,albopictus,5.353033290189855,70.78059018290777,1.1785016080886535,0,0,0,0,0,0,1,1,1,0.10778535569291714,0,0,0
TUR.59.4_1,2071,1,albopictus,6.0783658351968315,79.04042477821409,1.229565017159001,0,0,0,0,0,0,1,1,1,0.11218346578614113,0,0,0
TUR.59.4_1,2071,2,albopictus,3.8277950462173016,72.1699573209054,0.9197518426625005,0,0,0,0,0,0,1,1,1,0.09384494054808645,0,0,0
TUR.59.4_1,2071,3,albopictus,11.537470242556402,72.91881503315736,1.1290720797639335,2.328329513042528e-5,2.2303151992495304e-5,2.4287687055078767e-5,0,0,0,1,1,1,0.10350722041796734,0,0,0
TUR.59.4_1,2071,4,albopictus,15.652710760340971,53.53862585005912,1.4929901596084019,0.021277088114809124,0.021105679325321917,0.021445251380900227,0,0,0,1,1,1,0.1386884695049202,0,0,0
TUR.59.4_1,2071,5,albopictus,19.508706233080694,59.4129677235138,2.0868054715702624,0.1263553934326301,0.1257988342118502,0.12689596828828298,6.07064694607029e-7,5.371964478723123e-7,6.808148057507734e-7,0.9999993929353054,0.9999993191851942,0.9999994628035521,0.18286333100751317,1.1100987219290005e-7,9.823353186333495e-8,1.2449606317881945e-7
TUR.59.4_1,2071,6,albopictus,22.63304146598367,51.747555295100774,2.347177943541517,0.2244882768160407,0.22361506369228557,0.2254777527040642,0.1126056876847798,0.10945262512741363,0.11617809106209175,0.8873943123152203,0.8838219089379082,0.8905473748725864,0.20920601533055283,0.023557787224089487,0.02289814757037495,0.02430515549981033
TUR.59.4_1,2071,7,albopictus,27.255599526798026,50.15437754954896,2.75637148535465,0.3110166206779911,0.30939156466864864,0.31269597908249974,0.3569436418289979,0.3535706961468383,0.3604016556253679,0.6430563581710022,0.6395983443746321,0.6464293038531617,0.2341321376756238,0.08357197789114548,0.08278226290831768,0.0843816100534014
TUR.59.4_1,2071,8,albopictus,30.31020725474638,43.68802800227004,3.2730173914066016,0.21613094055944368,0.21452809798652853,0.21767951821336695,0.08271664846656371,0.07713155511783772,0.08816288904966235,0.9172833515334363,0.9118371109503376,0.9228684448821622,0.2714824904205462,0.02245612172494357,0.020939866673400205,0.023934680681872638
TUR.59.4_1,2071,9,albopictus,25.21710979237276,49.20625603396454,2.608752914033449,0.2853643710070582,0.28401658984968,0.2866475890446915,0.29914486478811436,0.2958237555786087,0.3022853261338138,0.7008551352118856,0.6977146738661862,0.7041762444213913,0.22962301374236183,0.06869054539819816,0.06792794229254395,0.06941166759693905
TUR.59.4_1,2071,10,albopictus,18.569073284373566,61.26226966462131,2.570817122172898,0.095752748537953,0.09530455403884293,0.09623069186403452,2.7640050248578517e-10,2.4172630286312114e-10,3.1714929016324335e-10,0.9999999997235995,0.9999999996828508,0.9999999997582737,0.2202553258805109,6.087868274854358e-11,5.3241505611007814e-11,6.985382025767787e-11
TUR.59.4_1,2071,11,albopictus,12.196549345465268,53.977281148031025,1.4912014439601031,2.1085649488886512e-4,2.0517207424819935e-4,2.1672823746614252e-4,0,0,0,1,1,1,0.13853439158398595,0,0,0
TUR.59.4_1,2071,12,albopictus,7.196356044096105,69.24084103739996,1.2265366011651766,0,0,0,0,0,0,1,1,1,0.11192323302945706,0,0,0
TUR.59.4_1,2072,1,albopictus,7.682452711112359,66.16223569130003,1.2904338229900498,0,0,0,0,0,0,1,1,1,0.11739780267695255,0,0,0
TUR.59.4_1,2072,2,albopictus,8.724516886122087,63.818814437604615,0.9997579640246914,0,0,0,0,0,0,1,1,1,0.09825475983805554,0,0,0
TUR.59.4_1,2072,3,albopictus,8.8596252413357,74.55369509907533,1.1849660489589942,0,0,0,0,0,0,1,1,1,0.10834334263681322,0,0,0
TUR.59.4_1,2072,4,albopictus,12.83223422835855,61.017118586875526,1.5668996535063717,0.0011208654400306718,0.0011017869475145883,0.0011403396649869244,0,0,0,1,1,1,0.14503091222717368,0,0,0
TUR.59.4_1,2072,5,albopictus,20.129696986254523,53.83020786633607,2.1901114011336076,0.13836556727437033,0.13776796762143986,0.13900545046680102,7.0718572054678795e-6,6.286652526768522e-6,7.985867853840813e-6,0.9999929281427945,0.9999920141321462,0.9999937133474732,0.19099183124482866,1.3506669579742469e-6,1.2006992784874492e-6,1.5252355254842663e-6
TUR.59.4_1,2072,6,albopictus,25.83460053275613,29.877621213069524,2.463373440731622,0.19766901230393077,0.1964424630517711,0.1989339656127753,0.0279996755285378,0.02538803108752668,0.03081476636763482,0.9720003244714622,0.9691852336323652,0.9746119689124734,0.2183415074160029,0.00611349136205991,0.005543260977974919,0.006728142539381335
TUR.59.4_1,2072,7,albopictus,29.05761864606072,34.45241603221498,2.8928238391536816,0.19582254329425824,0.19432481037374927,0.19734871049353692,0.024170459878957804,0.02129148191259793,0.027286494538250102,0.9758295401210422,0.97271350546175,0.9787085180874021,0.24417899303680202,0.00590191855448034,0.005198932613679445,0.006662788759854108
TUR.59.4_1,2072,8,albopictus,28.188314325669232,41.78198399592238,3.435045960289846,0.25086543864886235,0.2493387641012153,0.25239941730385285,0.20297965448513303,0.19814400842269553,0.20779829222964272,0.797020345514867,0.7922017077703573,0.8018559915773045,0.28281668572032415,0.05740603315014185,0.05603843175744675,0.05876882430673094
TUR.59.4_1,2072,9,albopictus,25.30537425770479,38.507384421415715,2.7378975077470735,0.23207207133754282,0.23080669310520785,0.23326111165654076,0.1398093108616509,0.13531388567191802,0.1440175117121421,0.8601906891383491,0.8559824882878578,0.864686114328082,0.2395080487030118,0.033485455234986805,0.032408764719703505,0.0344933532092383
TUR.59.4_1,2072,10,albopictus,17.859043682322785,53.482225108957245,2.6980837295120064,0.06574354018708078,0.06537082074717442,0.06610508224462777,6.549094599961336e-15,5.551115123125783e-15,7.66053886991358e-15,0.9999999999999934,0.9999999999999923,0.9999999999999944,0.22979986093900684,1.5049810283475155e-15,1.2756454833507227e-15,1.7603907670239972e-15
TUR.59.4_1,2072,11,albopictus,12.923314024420346,70.2710509844568,1.565022388668755,0.0015745581621128219,0.0015483060358776756,0.0016013680496827563,0,0,0,1,1,1,0.14487039682057623,0,0,0
TUR.59.4_1,2072,12,albopictus,7.857849345487707,70.80395901835699,1.2872554872583255,0,0,0,0,0,0,1,1,1,0.11712628936481428,0,0,0
TUR.59.4_1,2073,1,albopictus,7.509130033500054,76.46424527381956,1.261612147969274,0,0,0,0,0,0,1,1,1,0.11493261726639903,0,0,0
TUR.59.4_1,2073,2,albopictus,8.091015356428484,68.27961460850305,0.9437240663379104,0,0,0,0,0,0,1,1,1,0.09616937043736706,0,0,0
TUR.59.4_1,2073,3,albopictus,11.591535946902106,67.8948511049347,1.1584999832334275,2.6946128813458394e-5,2.581397009967451e-5,2.8046635858441227e-5,0,0,0,1,1,1,0.10605667583180278,0,0,0
TUR.59.4_1,2073,4,albopictus,11.671946371302885,65.3377896684185,1.531903149385854,3.779376188176018e-5,3.63422588807028e-5,3.924923473620775e-5,0,0,0,1,1,1,0.1420335775542637,0,0,0
TUR.59.4_1,2073,5,albopictus,17.056512019213507,68.38714222302552,2.1411955420339845,0.056886404736945,0.05658818343876309,0.05718225144300872,1.1102230246251565e-16,1.1102230246251565e-16,1.1102230246251565e-16,0.9999999999999999,0.9999999999999999,0.9999999999999999,0.18715307541852677,2.0778165345905683e-17,2.0778165345905683e-17,2.0778165345905683e-17
TUR.59.4_1,2073,6,albopictus,24.631559456095975,43.813271084895696,2.4083543087942183,0.24644507785608025,0.24533692982585997,0.24757693792870322,0.18881551302077063,0.18519787773322335,0.19248946873516207,0.8111844869792294,0.807510531264838,0.8148021222667766,0.21402903770422965,0.04041200255546598,0.039637723556107375,0.04119833576158514
TUR.59.4_1,2073,7,albopictus,28.514901666080252,38.31102046336732,2.8282129872843065,0.2261217892110117,0.22458980834776138,0.22761516632829118,0.11850044540605513,0.11297238478325658,0.12388175720811068,0.8814995545939449,0.8761182427918893,0.8870276152167433,0.23943829337457423,0.028373544412152747,0.027049915010958676,0.029662036526153377
TUR.59.4_1,2073,8,albopictus,31.190969354966107,35.03708424616652,3.3583246464300602,0.14333244754502775,0.14199947663091533,0.1449119780293883,1.8221209946578166e-5,1.4088429701983319e-5,2.411066034876674e-5,0.9999817787900535,0.9999758893396512,0.999985911570298,0.2774720389520048,5.055876276049594e-6,3.909145315041297e-6,6.6900340874515626e-6
TUR.59.4_1,2073,9,albopictus,24.922678105971393,46.56636727053681,2.6767469157503174,0.2656769646572208,0.2644613720689418,0.26702534844528164,0.24725113666437418,0.24380174425277762,0.25105049862109,0.7527488633356259,0.7489495013789099,0.7561982557472224,0.23484334747382885,0.05806528460097077,0.05725521774028061,0.058957539481150636
TUR.59.4_1,2073,10,albopictus,17.97835787604837,45.91445319733615,2.6378223731794095,0.06187536289330537,0.06150609092119251,0.0622313874079968,1.160072038430826e-15,9.992007221626409e-16,1.3322676295501878e-15,0.9999999999999989,0.9999999999999987,0.999999999999999,0.2252951283178577,2.613585787562317e-16,2.2511505491492825e-16,3.0015340655323767e-16
TUR.59.4_1,2073,11,albopictus,14.475917746038999,52.464944417073994,1.5300678130192007,0.008380874274133669,0.008291831696363727,0.008478438792447102,0,0,0,1,1,1,0.14187609740560547,0,0,0
TUR.59.4_1,2073,12,albopictus,9.025587783140296,75.71033871806402,1.258504799961162,0,0,0,0,0,0,1,1,1,0.11466642766124513,0,0,0
TUR.59.4_1,2074,1,albopictus,7.32633880043731,79.72180600380003,1.3316880969927458,0,0,0,0,0,0,1,1,1,0.12091443428105075,0,0,0
TUR.59.4_1,2074,2,albopictus,8.512744921095232,76.4077274014718,0.9961429968874994,0,0,0,0,0,0,1,1,1,0.10123133893643632,0,0,0
TUR.59.4_1,2074,3,albopictus,10.435228726443121,76.64909304829408,1.2228485914007101,1.2345493772881058e-30,7.798297346806638e-39,4.271335698895715e-31,0,0,0,1,1,1,0.11160621815877514,0,0,0
TUR.59.4_1,2074,4,albopictus,15.277358854518218,56.40386022505912,1.6169923482954014,0.01712078199354678,0.01696555896614087,0.017270439675421995,0,0,0,1,1,1,0.14930297389673786,0,0,0
TUR.59.4_1,2074,5,albopictus,19.986237666186163,53.7763824879181,2.2601277431025757,0.13309520554269094,0.13254532954928072,0.13370174485912187,2.4892537385791115e-6,2.2216850871226157e-6,2.809181919175008e-6,0.9999975107462614,0.9999971908180808,0.9999977783149129,0.19645495922854206,4.890262417220552e-7,4.3646105320933333e-7,5.518777193970837e-7
TUR.59.4_1,2074,6,albopictus,25.043596351847928,37.116329709163274,2.5421257805140938,0.22252029107235624,0.22131669954391464,0.22360640767281098,0.10550252628095387,0.10116497957715721,0.1094213724604262,0.8944974737190461,0.8905786275395737,0.8988350204228428,0.2244730754800046,0.02368247654519573,0.022708814096556337,0.02456215199943495
TUR.59.4_1,2074,7,albopictus,30.199914483463065,31.644844621082164,2.9853054102159247,0.1562141187082088,0.1548353537119922,0.15761502216704737,1.7041189278045778e-4,1.3499991362944942e-4,2.1231733791485518e-4,0.9998295881072196,0.9997876826620852,0.9998650000863705,0.2509132818305031,4.2758607280492474e-5,3.387327137559962e-5,5.3273240045732216e-5
TUR.59.4_1,2074,8,albopictus,26.474904901841107,59.47131886530715,3.5448619963646726,0.3735108991331782,0.3719344400534661,0.37514840687692086,0.4645378718394112,0.4622708277402979,0.46687765370298834,0.5354621281605888,0.5331223462970117,0.5377291722597021,0.2903980932679996,0.13490091223293937,0.1342425669492024,0.1355803804247852
TUR.59.4_1,2074,9,albopictus,24.263904683730182,49.45510018069306,2.8254261914839747,0.26517535529978953,0.26398587364803694,0.26629614730460677,0.24583034291941552,0.24244232885501954,0.24900282581072491,0.7541696570805845,0.750997174189275,0.7575576711449805,0.24613548778886296,0.060507571367773794,0.059673660873398156,0.06128843199172806
TUR.59.4_1,2074,10,albopictus,17.592749202952668,47.9328247793674,2.784339594382004,0.054474091370175746,0.05414258610817441,0.05478940153697495,0,0,0,1,1,1,0.23620222618384812,0,0,0
TUR.59.4_1,2074,11,albopictus,12.245641638250913,59.04408412654665,1.6150550686033947,2.748605440801993e-4,2.673749580826465e-4,2.8205025555634496e-4,0,0,0,1,1,1,0.1491381541248814,0,0,0
TUR.59.4_1,2074,12,albopictus,10.337902770322913,73.14193356669684,1.3284081520728452,0,0,0,0,0,0,1,1,1,0.120635355904398,0,0,0
TUR.59.4_1,2075,1,albopictus,5.436939510352471,70.73684354042112,1.285650462101508,0,0,0,0,0,0,1,1,1,0.1169891463417162,0,0,0
TUR.59.4_1,2075,2,albopictus,8.586831110365251,71.63518254063196,0.9617054527705753,0,0,0,0,0,0,1,1,1,0.09790899354951554,0,0,0
TUR.59.4_1,2075,3,albopictus,11.626157185610602,66.5498804018097,1.1805736344454727,3.109881814962233e-5,2.9859986231054464e-5,3.240087340463376e-5,0,0,0,1,1,1,0.10796424345962685,0,0,0
TUR.59.4_1,2075,4,albopictus,10.923689687953276,67.37193120894584,1.5610914931921254,3.467668760601539e-8,2.995718946468508e-8,4.0087693243514375e-8,0,0,0,1,1,1,0.1445341882359581,0,0,0
TUR.59.4_1,2075,5,albopictus,16.698144099291632,68.2976112782013,2.1819931287889953,0.04765430950686288,0.04737346023692769,0.04791286292934417,0,0,0,1,1,1,0.19035599292940997,0,0,0
TUR.59.4_1,2075,6,albopictus,23.354194725261014,51.55140356170234,2.4542422447257963,0.24815384542110983,0.2471257367585786,0.24919879075202228,0.1943457746111877,0.1910299326438545,0.19769736484280503,0.8056542253888123,0.8023026351571949,0.8089700673561455,0.2176274337577513,0.04229497219029511,0.04157335401219814,0.043024370171409546
TUR.59.4_1,2075,7,albopictus,29.9668784422033,29.468258469959117,2.882100762802825,0.15220517752124307,0.15076191229832867,0.15362146259901371,8.755184942799687e-5,6.791240268305687e-5,1.103268093573889e-4,0.999912448150572,0.9998896731906426,0.999932087597317,0.2433942575826089,2.1309617391511662e-5,1.6529488831693806e-5,2.68529118549997e-5
TUR.59.4_1,2075,8,albopictus,27.486766702988568,51.58266987849074,3.422312983050671,0.3205949521212499,0.31908884107789093,0.3221794952445323,0.3761561149297306,0.37321561690946853,0.37922826260119713,0.6238438850702693,0.6207717373988029,0.6267843830905314,0.2819324108119048,0.10605060032377889,0.10522157862793875,0.10691673832316562
TUR.59.4_1,2075,9,albopictus,22.501613729140338,57.64766228396454,2.7277487100155877,0.24248947297548373,0.24148893938370225,0.2434713349893603,0.17576251355494357,0.17240802836380464,0.17903830411760494,0.8242374864450565,0.820961695882395,0.8275919716361954,0.2387358490253605,0.04196081290037089,0.04115997703022133,0.04274286154157711
TUR.59.4_1,2075,10,albopictus,18.2374044306138,60.35664527497287,2.688082512901103,0.08380213619317493,0.08339446387322351,0.08421634857197201,6.452494871744818e-12,5.607875275259744e-12,7.400227652887281e-12,0.9999999999935475,0.9999999999925997,0.9999999999943922,0.22905405442521898,1.477970111531084e-12,1.284506568509185e-12,1.6950521475634538e-12
TUR.59.4_1,2075,11,albopictus,13.16551106116351,71.07287746150759,1.559221186971868,0.0023792272100027767,0.0023452554326942247,0.0024151928376080203,0,0,0,1,1,1,0.1443741749698383,0,0,0
TUR.59.4_1,2075,12,albopictus,8.465235934538,70.55534756816168,1.2824839077773682,0,0,0,0,0,0,1,1,1,0.11671851437715763,0,0,0
TUR.81.6_1,2025,1,aegypti,4.098108572118422,80.35444389948242,8.01880541495824e-4,0,0,0,0,0,0,1,1,1,7.759833181908427e-5,0,0,0
TUR.81.6_1,2025,2,aegypti,3.524260818081744,80.55119548014562,5.998309120245687e-4,0,0,0,0,0,0,1,1,1,6.426553259908374e-5,0,0,0
TUR.81.6_1,2025,3,aegypti,5.544447565779967,78.88109881495741,7.363424610118361e-4,0,0,0,0,0,0,1,1,1,7.12564089813128e-5,0,0,0
TUR.81.6_1,2025,4,aegypti,12.893931430928848,70.36247980504137,9.736774720550678e-4,0,0,0,0,0,0,1,1,1,9.73630071202658e-5,0,0,0
TUR.81.6_1,2025,5,aegypti,15.042553985820097,82.67366117521712,0.0013609436493286467,9.589611836060058e-5,9.447687545388765e-5,9.736493921308052e-5,0,0,0,1,1,1,1.3169555150804868e-4,0,0,0
TUR.81.6_1,2025,6,aegypti,21.183532742892996,66.25243285315307,0.001530749731887286,0.12393431187795738,0.12317544361949316,0.12467768120422343,3.583770269116604e-7,3.0185636783752747e-7,4.2062683641708176e-7,0.9999996416229731,0.9999995793731636,0.9999996981436322,1.5306325781283547e-4,5.485435526437695e-11,4.6203119052761564e-11,6.438251390550515e-11
TUR.81.6_1,2025,7,aegypti,22.85810868880328,68.20666629346492,0.0017976118614262862,0.22264731166686366,0.22154975637031474,0.22378386342912257,0.10596059114274245,0.10200388225039947,0.11006210321422079,0.8940394088572575,0.8899378967857793,0.8979961177496005,1.7394730761499666e-4,1.843155954257351e-5,1.774330068373413e-5,1.914500652455758e-5
TUR.81.6_1,2025,8,aegypti,25.57436814027674,63.808614866751284,0.002134550773256897,0.360935412948077,0.35890119979697765,0.3629493915980534,0.4458799332416505,0.4427435843151027,0.44895899582050924,0.5541200667583495,0.5510410041794908,0.5572564156848974,2.0654809567444143e-4,9.209565111050998e-5,9.144784421236097e-5,9.273162562263569e-5
TUR.81.6_1,2025,9,aegypti,20.18846248177921,83.31186026357732,0.0017013400431377403,0.10578835269976095,0.10523591093697156,0.10634040572602182,4.498342649816856e-9,3.877027848764314e-9,5.1868482259243e-9,0.9999999955016573,0.9999999948131518,0.9999999961229722,1.7011953234480348e-4,7.652559479135276e-13,6.595581645195646e-13,8.823841945377157e-13
TUR.81.6_1,2025,10,aegypti,17.422457695007324,83.10470818860786,0.001676599608191487,0.015548725106895799,0.015425884763288308,0.015664090574590627,0,0,0,1,1,1,1.6223841291129748e-4,0,0,0
TUR.81.6_1,2025,11,aegypti,10.779936531010796,76.95202275399717,9.725109324637301e-4,0,0,0,0,0,0,1,1,1,9.724636451213797e-5,0,0,0
TUR.81.6_1,2025,12,aegypti,5.091293177183936,83.21779210172636,7.999055114460806e-4,0,0,0,0,0,0,1,1,1,7.740721469207124e-5,0,0,0
TUR.81.6_1,2026,1,aegypti,6.588913721196791,83.30286919245117,7.597520012971063e-4,0,0,0,0,0,0,1,1,1,7.352168437080309e-5,0,0,0
TUR.81.6_1,2026,2,aegypti,2.375907718258746,77.83478007487219,5.683174890369976e-4,0,0,0,0,0,0,1,1,1,6.08893057106874e-5,0,0,0
TUR.81.6_1,2026,3,aegypti,8.701114321456236,77.01648242091444,6.976571065687748e-4,0,0,0,0,0,0,1,1,1,6.751292476137039e-5,0,0,0
TUR.81.6_1,2026,4,aegypti,10.942232174031876,77.76655542759997,9.225232060523787e-4,0,0,0,0,0,0,1,1,1,9.224806549079645e-5,0,0,0
TUR.81.6_1,2026,5,aegypti,15.018882835612578,83.1632546810765,0.0012894435115001618,8.339895360943701e-5,8.213215547845045e-5,8.45972447061342e-5,0,0,0,1,1,1,1.2477707064528776e-4,0,0,0
TUR.81.6_1,2026,6,aegypti,19.12487414303948,72.25273802893432,0.0014503284617892567,0.04986011925460529,0.049552201273498735,0.05019952330099919,0,0,0,1,1,1,1.4502232942414928e-4,0,0,0
TUR.81.6_1,2026,7,aegypti,22.704940964193906,70.73014575513484,0.0017031704083084423,0.2229087757519472,0.2218602416541334,0.22402641432420164,0.10690375936085998,0.10312216558534819,0.11093793381755812,0.8930962406391401,0.8890620661824419,0.8968778344146517,1.6480936018459236e-4,1.761874018159096e-5,1.6995498130970824e-5,1.8283609892672407e-5
TUR.81.6_1,2026,8,aegypti,23.146425864275763,72.18673910381183,0.0020224075007819094,0.25848761174936963,0.25722924340975045,0.25980992909916767,0.22636647643951266,0.2226005961440377,0.23029632869164945,0.7736335235604873,0.7697036713083506,0.7773994038559623,1.9569770362015682e-4,4.429939961579896e-5,4.356242548986612e-5,4.506846267710863e-5
TUR.81.6_1,2026,9,aegypti,21.518595919889563,79.07792776846013,0.001611956439608324,0.17394426868948362,0.17312533786634396,0.17475384719807052,0.0023127155085478517,0.0020733072725851063,0.0025663637636571704,0.9976872844914522,0.9974336362363427,0.9979266927274149,1.6118265264108977e-4,3.7276962047192967e-7,3.3418116593533045e-7,4.1365331906823345e-7
TUR.81.6_1,2026,10,aegypti,13.456772804260254,80.51121758802192,0.0015885157972798372,0,0,0,0,0,0,1,1,1,1.537155197792739e-4,0,0,0
TUR.81.6_1,2026,11,aegypti,11.27920029443853,76.95751591805967,9.21417953158403e-4,0,0,0,0,0,0,1,1,1,9.213755039094718e-5,0,0,0
TUR.81.6_1,2026,12,aegypti,4.976297220763038,80.62682683073027,7.578807337513003e-4,0,0,0,0,0,0,1,1,1,7.334060726083003e-5,0,0,0
TUR.81.6_1,2027,1,aegypti,4.294345659368178,81.32793175348633,7.511006781715177e-4,0,0,0,0,0,0,1,1,1,7.26845207559279e-5,0,0,0
TUR.81.6_1,2027,2,aegypti,3.489153682309039,84.45853648356359,5.618460375275733e-4,0,0,0,0,0,0,1,1,1,6.0195977884536234e-5,0,0,0
TUR.81.6_1,2027,3,aegypti,4.915424013839049,78.22445971583632,6.897128602232764e-4,0,0,0,0,0,0,1,1,1,6.674417833629764e-5,0,0,0
TUR.81.6_1,2027,4,aegypti,10.152015728109024,78.22872888951403,9.120184014150928e-4,0,0,0,0,0,0,1,1,1,9.119768138010631e-5,0,0,0
TUR.81.6_1,2027,5,aegypti,17.38151940177469,74.76888364836165,0.0012747605722632316,0.013100099999989973,0.01298326768701945,0.013222887585726886,0,0,0,1,1,1,1.2335631733173535e-4,0,0,0
TUR.81.6_1,2027,6,aegypti,20.048887280856864,78.41104033606322,0.0014338135198874846,0.0915326348608011,0.09102261876832227,0.0920256153651968,7.787756595156736e-11,6.633867899452638e-11,9.031796421865579e-11,0.9999999999221224,0.999999999909682,0.9999999999336613,1.433710733739213e-4,1.1165390222224559e-14,9.511047613653254e-15,1.2948983474976096e-14
TUR.81.6_1,2027,7,aegypti,22.746219803305234,75.63767367871883,0.0016837763461472887,0.2456867072034192,0.2444663659465021,0.24678593354133654,0.18634014227884751,0.18233331497257405,0.18992767630243057,0.8136598577211525,0.8100723236975694,0.8176666850274259,1.6293282301982348e-4,3.0360925423408187e-5,2.9708081739044133e-5,3.094545246955025e-5
TUR.81.6_1,2027,8,aegypti,25.85560478883631,67.69708074809894,0.0019993782744672606,0.40694959024854055,0.404827168570371,0.4091942094140055,0.5085349767866056,0.5059620119533947,0.5112345304239048,0.49146502321339436,0.48876546957609524,0.4940379880466053,1.9346950247134398e-4,9.838600894818105e-5,9.788821872202348e-5,9.890829024728402e-5
TUR.81.6_1,2027,9,aegypti,19.826844439787024,69.8589259984406,0.0015936010341607357,0.07138496819489475,0.07097673642932875,0.07180843175842382,6.832423515845676e-14,5.784261958297066e-14,8.049394484288541e-14,0.9999999999999317,0.9999999999999195,0.9999999999999422,1.5934740626932786e-4,1.0887289657835703e-17,9.217071402369805e-18,1.2826501331100129e-17
TUR.81.6_1,2027,10,aegypti,14.480459213256836,80.47550439222114,0.0015704273112621535,0,0,0,0,0,0,1,1,1,1.5196528867933434e-4,0,0,0
TUR.81.6_1,2027,11,aegypti,12.418358543339897,73.08881779794248,9.109257340752256e-4,0,0,0,0,0,0,1,1,1,9.108842460503475e-5,0,0,0
TUR.81.6_1,2027,12,aegypti,6.006982645567725,77.75117070280058,7.492507188159706e-4,0,0,0,0,0,0,1,1,1,7.250550542770018e-5,0,0,0
TUR.81.6_1,2028,1,aegypti,3.303843301885268,83.18691765436523,7.434383426748405e-4,0,0,0,0,0,0,1,1,1,7.194305803936984e-5,0,0,0
TUR.81.6_1,2028,2,aegypti,7.53807717474068,71.96345744303625,5.75975606504403e-4,0,0,0,0,0,0,1,1,1,5.958190835908539e-5,0,0,0
TUR.81.6_1,2028,3,aegypti,9.273263598189635,74.36221606349257,6.826767710743902e-4,0,0,0,0,0,0,1,1,1,6.606331169822788e-5,0,0,0
TUR.81.6_1,2028,4,aegypti,10.110225719564102,83.19241297154528,9.027144676364709e-4,0,0,0,0,0,0,1,1,1,9.026737241923932e-5,0,0,0
TUR.81.6_1,2028,5,aegypti,14.882489288554472,83.76838010832259,0.0012617561329563791,2.8129355522266115e-5,2.7691121984174853e-5,2.8585028889127417e-5,0,0,0,1,1,1,1.2209797765672104e-4,0,0,0
TUR.81.6_1,2028,6,aegypti,19.758237866794364,76.13969329016479,0.001419186505762301,0.0760729445054899,0.07567920892597063,0.07650688271429752,4.1629355518324475e-13,3.580441498840514e-13,4.876182790880534e-13,0.9999999999995837,0.9999999999995124,0.999999999999642,1.419085806009246e-4,5.907562752936694e-17,5.0809537102510434e-17,6.919721786045118e-17
TUR.81.6_1,2028,7,aegypti,23.05767266890582,71.00296527417781,0.0016665993422641905,0.2471460427709725,0.24589949856730675,0.24826106390202324,0.19109167192984575,0.18703986696858715,0.19469358922321062,0.8089083280701542,0.8053064107767894,0.8129601330314129,1.6127080178185427e-4,3.081750714596128e-5,3.0164069311195405e-5,3.139839123581416e-5
TUR.81.6_1,2028,8,aegypti,23.48519577699549,65.96827902080402,0.0019789816651058756,0.25179725651311496,0.25040839109111135,0.2530647536061111,0.2059107918687623,0.20154229459510276,0.20986870002346283,0.7940892081312377,0.7901312999765371,0.7984577054048972,1.9149601698431606e-4,3.943109649695448e-5,3.859454666884184e-5,4.018902014416938e-5
TUR.81.6_1,2028,9,aegypti,21.620192752164954,70.08048743032536,0.0015773439515532255,0.15550061707621896,0.1546465729478112,0.15633366844642896,1.5098733016380482e-4,1.308496835918438e-4,1.725989623482388e-4,0.9998490126698362,0.9998274010376518,0.9998691503164082,1.5772195573970915e-4,2.381401700535248e-8,2.0637868004027734e-8,2.7222645900208644e-8
TUR.81.6_1,2028,10,aegypti,12.623126983642578,86.44930505140083,0.001554406634831227,0,0,0,0,0,0,1,1,1,1.5041513504110426e-4,0,0,0
TUR.81.6_1,2028,11,aegypti,7.365035274449516,81.61874028329404,9.016329471161814e-4,0,0,0,0,0,0,1,1,1,9.015923012389848e-5,0,0,0
TUR.81.6_1,2028,12,aegypti,5.625587782439063,80.2746616085623,7.416072556351484e-4,0,0,0,0,0,0,1,1,1,7.176586880053293e-5,0,0,0
TUR.81.6_1,2029,1,aegypti,3.3015227738548725,82.09339653620117,7.43872663454858e-4,0,0,0,0,0,0,1,1,1,7.198508605787968e-5,0,0,0
TUR.81.6_1,2029,2,aegypti,5.8666117778595765,72.78538737467687,5.564392637810332e-4,0,0,0,0,0,0,1,1,1,5.9616715401000775e-5,0,0,0
TUR.81.6_1,2029,3,aegypti,7.517534876570982,77.71777636622694,6.830755946091653e-4,0,0,0,0,0,0,1,1,1,6.610190497369217e-5,0,0,0
TUR.81.6_1,2029,4,aegypti,13.205129665486954,73.08703577427966,9.032418384071341e-4,0,0,0,0,0,0,1,1,1,9.032010473442043e-5,0,0,0
TUR.81.6_1,2029,5,aegypti,15.887277687297148,73.6549538998265,0.0012624932578481165,0.0014632195869464294,0.0014453272909111102,0.001481478651266378,0,0,0,1,1,1,1.2216930361130807e-4,0,0,0
TUR.81.6_1,2029,6,aegypti,19.380313901340262,77.27991393225463,0.0014200156023460948,0.0628016165372315,0.062405947617794805,0.0631763411220005,1.7752466163756253e-15,1.4432899320127035e-15,2.1094237467877974e-15,0.9999999999999982,0.9999999999999979,0.9999999999999986,1.419914784902554e-4,2.5206989174399826e-19,2.0493487133658396e-19,2.995201965688535e-19
TUR.81.6_1,2029,7,aegypti,22.641721893759335,73.61149722608211,0.0016675729787916055,0.23009889917113566,0.2290075881326246,0.23115920520823452,0.1327864692896869,0.12888263795362465,0.13656928417125488,0.8672135307103132,0.8634307158287451,0.8711173620463755,1.613650094717256e-4,2.1427089874647326e-5,2.079714809412762e-5,2.203750383384133e-5
TUR.81.6_1,2029,8,aegypti,23.079151770647833,72.68271841289386,0.001980137797109152,0.25611214622740847,0.25494113561708903,0.25728346553271375,0.2192193298778667,0.21565358976559884,0.2227638034688564,0.7807806701221334,0.7772361965311436,0.7843464102344011,1.916078792949527e-4,4.20041508983587e-5,4.132092699733011e-5,4.2683299966345204e-5
TUR.81.6_1,2029,9,aegypti,20.40025447396671,76.85287588857732,0.0015782654445891237,0.10568959003570666,0.1051528941983244,0.10622529169597232,4.382717511686174e-9,3.792625025145214e-9,5.032640493229934e-9,0.9999999956172825,0.9999999949673595,0.999999996207375,1.5781409050508177e-4,6.916545780474486e-13,5.985296689701046e-13,7.942215822781282e-13
TUR.81.6_1,2029,10,aegypti,15.144984245300293,68.9916672645356,0.0015553147277601919,1.2958918918394628e-4,1.275844802071252e-4,1.3160458363352837e-4,0,0,0,1,1,1,1.5050300177965603e-4,0,0,0
TUR.81.6_1,2029,11,aegypti,7.359194972935844,82.90490361337217,9.021596860565919e-4,0,0,0,0,0,0,1,1,1,9.02118992675005e-5,0,0,0
TUR.81.6_1,2029,12,aegypti,6.15730842071421,81.93175084196073,7.420405066840185e-4,0,0,0,0,0,0,1,1,1,7.180779331161791e-5,0,0,0
TUR.81.6_1,2030,1,aegypti,4.664418024175307,83.16322075495117,7.324102259411606e-4,0,0,0,0,0,0,1,1,1,7.08758971469381e-5,0,0,0
TUR.81.6_1,2030,2,aegypti,3.420752345639117,88.03178630045812,5.478650136376887e-4,0,0,0,0,0,0,1,1,1,5.869810008884979e-5,0,0,0
TUR.81.6_1,2030,3,aegypti,5.316378260360045,81.92149645900038,6.72549987600064e-4,0,0,0,0,0,0,1,1,1,6.508336465693709e-5,0,0,0
TUR.81.6_1,2030,4,aegypti,11.622130436055802,80.0755459061156,8.893236590719591e-4,0,0,0,0,0,0,1,1,1,8.892841154162223e-5,0,0,0
TUR.81.6_1,2030,5,aegypti,16.63529499839334,82.49775022551009,0.001243039323336882,0.006102147515607693,0.00604985280487886,0.0061544872408939525,0,0,0,1,1,1,1.2028689301635254e-4,0,0,0
TUR.81.6_1,2030,6,aegypti,19.701225308810965,76.92152312414916,0.001398134384081169,0.07468891081727053,0.0742687930748911,0.07510354072532789,2.471044480145679e-13,2.0983215165415459e-13,2.882194483078138e-13,0.9999999999997529,0.9999999999997118,0.9999999999997902,1.3980366496479935e-4,3.4546107461540325e-17,2.9335303828700395e-17,4.02941351875649e-17
TUR.81.6_1,2030,7,aegypti,20.927297760458554,83.34483462842586,0.0016418771144212794,0.1476334912136332,0.1469438188792934,0.14838063903938037,3.9394381214479135e-5,3.477493241063057e-5,4.486509963920749e-5,0.9999606056187855,0.9999551349003608,0.9999652250675893,1.5887871109421248e-4,6.258928511710501e-9,5.524996439789339e-9,7.128109203790702e-9
TUR.81.6_1,2030,8,aegypti,22.426193854388067,86.89021887065753,0.0019496255779042427,0.2697950864398322,0.2687122614927772,0.2709452231360717,0.25872584472898896,0.2557457532669185,0.26187242712297787,0.741274155271011,0.738127572877022,0.7442542467330815,1.886556453082333e-4,4.881009119526519e-5,4.824788011741073e-5,4.94037117273187e-5
TUR.81.6_1,2030,9,aegypti,19.280459628385657,75.70088309072575,0.0015539457324563917,0.05779342497470013,0.05743854073015054,0.05817434935984979,1.5876189252139738e-16,1.1102230246251565e-16,2.220446049250313e-16,0.9999999999999999,0.9999999999999998,0.9999999999999999,1.5538250013436006e-4,2.4668819786037287e-20,1.7250922927298802e-20,3.4501845854597603e-20
TUR.81.6_1,2030,10,aegypti,14.529439926147461,83.80756615979926,0.0015313486664207613,0,0,0,0,0,0,1,1,1,1.4818405189287454e-4,0,0,0
TUR.81.6_1,2030,11,aegypti,7.192346790257622,80.28568669442686,8.882581817577609e-4,0,0,0,0,0,0,1,1,1,8.882187327963198e-5,0,0,0
TUR.81.6_1,2030,12,aegypti,7.208639463957618,82.74212224088652,7.306063011292743e-4,0,0,0,0,0,0,1,1,1,7.070133613584773e-5,0,0,0
TUR.81.6_1,2031,1,aegypti,6.874323648564955,81.29981743463867,8.303328265049689e-4,0,0,0,0,0,0,1,1,1,8.035156130214993e-5,0,0,0
TUR.81.6_1,2031,2,aegypti,4.811419784146198,78.87595591715734,6.211140822513739e-4,0,0,0,0,0,0,1,1,1,6.65457231192601e-5,0,0,0
TUR.81.6_1,2031,3,aegypti,7.417070055709166,75.53498370265272,7.624693271482344e-4,0,0,0,0,0,0,1,1,1,7.378463202023511e-5,0,0,0
TUR.81.6_1,2031,4,aegypti,12.36561874782338,70.12174189000231,0.0010082254471065846,0,0,0,0,0,0,1,1,1,1.0081746228873811e-4,0,0,0
TUR.81.6_1,2031,5,aegypti,15.128016556010527,74.799851360764,0.0014092325833883915,1.331462005398384e-4,1.3111722136254205e-4,1.3520343450406928e-4,0,0,0,1,1,1,1.363680478119189e-4,0,0,0
TUR.81.6_1,2031,6,aegypti,20.598646191989676,67.92822936194213,0.0015850637168208588,0.10006058920781395,0.09948395410117289,0.10064299528394069,9.503916975628358e-10,8.057006617434582e-10,1.1143502620658551e-9,0.9999999990496083,0.9999999988856497,0.9999999991942993,1.5849381021082465e-4,1.5063120133946754e-13,1.2769856776910347e-13,1.7661761894424835e-13
TUR.81.6_1,2031,7,aegypti,21.21868913313922,84.63455325635555,0.0018613946350071395,0.1696692575385791,0.16893103591982064,0.17041366711895112,0.0012976949598372753,0.0011688321714380446,0.0014368084684529935,0.9987023050401628,0.9985631915315469,0.998831167828562,1.801187413494887e-4,2.337391828214653e-7,2.1052857956821037e-7,2.5879613289803975e-7
TUR.81.6_1,2031,8,aegypti,22.97057404237635,74.60436071636066,0.0022102887963468517,0.25715623307892505,0.25597634984894724,0.25834281545309257,0.2223767711344844,0.21881116295152753,0.22593933931661067,0.7776232288655156,0.7740606606833893,0.7811888370484724,2.1387604103340063e-4,4.756106342803412e-5,4.6798465265987014e-5,4.832301140673885e-5
TUR.81.6_1,2031,9,aegypti,18.948235736173743,83.42791098379216,0.001761706904908108,0.05301510528105014,0.052699129918560995,0.05331756334945885,0,0,0,1,1,1,1.7615517334590436e-4,0,0,0
TUR.81.6_1,2031,10,aegypti,15.728092193603516,80.67997979505317,0.0017360886310944493,0.001149307826724559,0.0011351883690976625,0.0011626520896085468,0,0,0,1,1,1,1.6799446455206812e-4,0,0,0
TUR.81.6_1,2031,11,aegypti,10.346631744328667,78.75719090585264,0.0010070175164161872,0,0,0,0,0,0,1,1,1,1.0069668139045529e-4,0,0,0
TUR.81.6_1,2031,12,aegypti,8.077004751738379,74.27064091764433,8.282877185384176e-4,0,0,0,0,0,0,1,1,1,8.015366351099562e-5,0,0,0
TUR.81.6_1,2032,1,aegypti,3.217389148824355,85.19237267145508,8.00760427244091e-4,0,0,0,0,0,0,1,1,1,7.748994207135151e-5,0,0,0
TUR.81.6_1,2032,2,aegypti,6.808957873898395,78.04482493571203,6.203856409762342e-4,0,0,0,0,0,0,1,1,1,6.417576557604665e-5,0,0,0
TUR.81.6_1,2032,3,aegypti,6.669383669600768,79.71291644191054,7.353138942340502e-4,0,0,0,0,0,0,1,1,1,7.115687734871035e-5,0,0,0
TUR.81.6_1,2032,4,aegypti,11.733730358235977,76.0523067703734,9.723173816717722e-4,0,0,0,0,0,0,1,1,1,9.722701131487099e-5,0,0,0
TUR.81.6_1,2032,5,aegypti,16.793377006755158,80.42372221037337,0.0013590426026034387,0.0072943000592792535,0.0072259491512532865,0.007361275408652381,0,0,0,1,1,1,1.315116034557029e-4,0,0,0
TUR.81.6_1,2032,6,aegypti,19.429218320285575,79.65252593176635,0.0015286114899649606,0.06700971285904014,0.06664239243200858,0.06739687241397335,1.128253046545069e-14,9.658940314238862e-15,1.3211653993039363e-14,0.9999999999999887,0.9999999999999868,0.9999999999999903,1.5284946632632135e-4,1.7245287604546e-18,1.4763638723092007e-18,2.019394262124079e-18
TUR.81.6_1,2032,7,aegypti,22.00510804793414,73.73925906690242,0.0017951008506698562,0.18884412267237094,0.18790457962511775,0.1897824026051476,0.012866922136051739,0.011707921262020585,0.014086696710668017,0.9871330778639482,0.985913303289332,0.9882920787379794,1.7370434881391894e-4,2.2350403308822663e-6,2.0337168387839214e-6,2.4469204790657616e-6
TUR.81.6_1,2032,8,aegypti,22.14212479310877,76.16834081889972,0.002131569106264813,0.20587716418222216,0.20484489400804134,0.20682025234706486,0.04918028352527372,0.04616660612643412,0.0519879710106794,0.9508197164747263,0.9480120289893206,0.9538333938735659,2.0625960681330824e-4,1.0143905942889977e-5,9.522306027543167e-6,1.07230184596844e-5
TUR.81.6_1,2032,9,aegypti,16.888712153715247,83.86129111074528,0.0016989635105611948,0.008683062555805717,0.00861250146911643,0.008757370062294333,0,0,0,1,1,1,1.698819194884127e-4,0,0,0
TUR.81.6_1,2032,10,aegypti,15.537192344665527,77.68656396253364,0.0016742576345203436,6.583430750354498e-4,6.497634198001954e-4,6.669150279428111e-4,0,0,0,1,1,1,1.6201180704245033e-4,0,0,0
TUR.81.6_1,2032,11,aegypti,9.275550582829643,78.08402653817686,9.711524715720533e-4,0,0,0,0,0,0,1,1,1,9.711053162420047e-5,0,0,0
TUR.81.6_1,2032,12,aegypti,5.770396074827979,77.6978793819998,7.987881560333414e-4,0,0,0,0,0,0,1,1,1,7.729909188736173e-5,0,0,0
TUR.81.6_1,2033,1,aegypti,4.492941183202406,83.56030785211914,7.864158068752296e-4,0,0,0,0,0,0,1,1,1,7.610185961060001e-5,0,0,0
TUR.81.6_1,2033,2,aegypti,6.75454503210152,74.98641429118078,5.882628225253707e-4,0,0,0,0,0,0,1,1,1,6.302617332354377e-5,0,0,0
TUR.81.6_1,2033,3,aegypti,6.996017599807066,80.94370562648085,7.221416665541211e-4,0,0,0,0,0,0,1,1,1,6.988223553128226e-5,0,0,0
TUR.81.6_1,2033,4,aegypti,12.564992946736954,75.39828455357653,9.548995332821747e-4,0,0,0,0,0,0,1,1,1,9.548539430770386e-5,0,0,0
TUR.81.6_1,2033,5,aegypti,15.533372009501738,77.54526609465071,0.001334697056125137,6.493754194980355e-4,6.410329190246747e-4,6.576912457199578e-4,0,0,0,1,1,1,1.29155889897703e-4,0,0,0
TUR.81.6_1,2033,6,aegypti,19.289522199069754,71.48744872229369,0.0015012283291980224,0.054394427048558604,0.05405121354561177,0.054729565205762165,0,0,0,1,1,1,1.5011156505118084e-4,0,0,0
TUR.81.6_1,2033,7,aegypti,24.875682999106015,64.08662158521297,0.0017629438666948852,0.32452213930594226,0.32285691254457355,0.32618521655444604,0.3837051725076189,0.3805307508171304,0.3868515910721556,0.6162948274923811,0.6131484089278444,0.6194692491828696,1.705929183435373e-4,6.545738516158513e-5,6.491585130135165e-5,6.599414188683974e-5
TUR.81.6_1,2033,8,aegypti,24.233137747820685,67.77884496929035,0.002093384714805067,0.3081754275141289,0.30660305280773964,0.3097543427127138,0.35101560707464885,0.34769171782136654,0.3543277583338299,0.64898439292535115,0.6456722416661701,0.6523082821786335,2.0256509848115556e-4,7.110351101549885e-5,7.043020706156728e-5,7.177443726149934e-5
TUR.81.6_1,2033,9,aegypti,18.642724261564368,73.3600017430695,0.0016685287066543336,0.03701295451747262,0.03675379200378268,0.03726007215113767,0,0,0,1,1,1,1.6683895149938177e-4,0,0,0
TUR.81.6_1,2033,10,aegypti,12.657676696777344,75.40811395032661,0.001644265405446889,0,0,0,0,0,0,1,1,1,1.591097992846846e-4,0,0,0
TUR.81.6_1,2033,11,aegypti,11.27254746240728,78.27841588143858,9.53755491088231e-4,0,0,0,0,0,0,1,1,1,9.537100100576179e-5,0,0,0
TUR.81.6_1,2033,12,aegypti,7.65412648635752,80.0002246578787,7.844788664336091e-4,0,0,0,0,0,0,1,1,1,7.591442800880532e-5,0,0,0
TUR.81.6_1,2034,1,aegypti,6.332625192754408,78.68487297663086,7.990693329086309e-4,0,0,0,0,0,0,1,1,1,7.73263004489877e-5,0,0,0
TUR.81.6_1,2034,2,aegypti,5.159328757840045,79.31473765543859,5.977280429268826e-4,0,0,0,0,0,0,1,1,1,6.404023964989847e-5,0,0,0
TUR.81.6_1,2034,3,aegypti,8.3168655879357285,80.74851519679335,7.337610138480853e-4,0,0,0,0,0,0,1,1,1,7.100660928371916e-5,0,0,0
TUR.81.6_1,2034,4,aegypti,9.17571167384877,82.02786219029528,9.702639829766424e-4,0,0,0,0,0,0,1,1,1,9.702169138892103e-5,0,0,0
TUR.81.6_1,2034,5,aegypti,16.488356674418732,83.940537395920245,0.001356172494180597,0.005057074480584028,0.005005476406091138,0.005107099824102186,0,0,0,1,1,1,1.3123388751679066e-4,0,0,0
TUR.81.6_1,2034,6,aegypti,20.873676328098075,82.67778685705932,0.0015253832757028054,0.1428543812369436,0.14215926763798048,0.1434945700682944,1.6551644288057e-5,1.4515418310806493e-5,1.8596849554500248e-5,0.999983448355712,0.9999814031504456,0.9999854845816891,1.5252669419107967e-4,2.5245675866840003e-9,2.2139887697479802e-9,2.8365159849167755e-9
TUR.81.6_1,2034,7,aegypti,22.858503509970273,81.63942843946101,0.0017913098480467685,0.28146457989870066,0.28028180536229724,0.2826680574608344,0.2894378552044006,0.2864439381010567,0.2924654037387905,0.7105621447955994,0.7075345962612095,0.7135560618989433,1.7333754125214984e-4,5.017044616642656e-5,4.965148793702018e-5,5.069523398539925e-5
TUR.81.6_1,2034,8,aegypti,22.180342337664435,82.90626348735675,0.0021270675296151623,0.233315694422878,0.23235262127185097,0.2343061057422931,0.1442079709857476,0.1408064151170117,0.14769441851888315,0.8557920290142524,0.8523055814811168,0.8591935848829882,2.058240601227057e-4,2.9681470090343916e-5,2.8981348050706473e-5,3.0399064877018662e-5
TUR.81.6_1,2034,9,aegypti,19.32418368844425,74.51117056631169,0.0016953755365915625,0.05822287549069252,0.05788616810320244,0.05858883169778319,2.2115642650533118e-16,2.220446049250313e-16,2.220446049250313e-16,0.9999999999999998,0.9999999999999998,0.9999999999999998,1.6952318298024682e-4,3.7491141357720766e-20,3.76417081904827e-20,3.76417081904827e-20
TUR.81.6_1,2034,10,aegypti,14.579562187194824,81.47750329358833,0.0016707218359150323,0,0,0,0,0,0,1,1,1,1.6166968836162088e-4,0,0,0
TUR.81.6_1,2034,11,aegypti,7.957935550633598,85.71432133798154,9.691015330045771e-4,0,0,0,0,0,0,1,1,1,9.690545766327663e-5,0,0,0
TUR.81.6_1,2034,12,aegypti,8.601520857390234,76.80936009489042,7.97101226859594e-4,0,0,0,0,0,0,1,1,1,7.713585328283923e-5,0,0,0
TUR.81.6_1,2035,1,aegypti,6.039031786077162,81.9214070952832,7.08047226222522e-4,0,0,0,0,0,0,1,1,1,6.851835182231092e-5,0,0,0
TUR.81.6_1,2035,2,aegypti,1.9796329131897763,86.16121897868078,5.296407525605649e-4,0,0,0,0,0,0,1,1,1,5.674561339541473e-5,0,0,0
TUR.81.6_1,2035,3,aegypti,4.867091322646422,81.71989733790663,6.501781875100049e-4,0,0,0,0,0,0,1,1,1,6.291849030781727e-5,0,0,0
TUR.81.6_1,2035,4,aegypti,12.429436725728653,80.25154077916247,8.597410682118893e-4,0,0,0,0,0,0,1,1,1,8.597041115354642e-5,0,0,0
TUR.81.6_1,2035,5,aegypti,13.010276878581328,85.73626798674056,0.001201690683446174,0,0,0,0,0,0,1,1,1,1.1628588505741e-4,0,0,0
TUR.81.6_1,2035,6,aegypti,17.426771191989676,77.78399565832885,0.0013516266396511713,0.014381047158930961,0.014266545370308453,0.014503382172921447,0,0,0,1,1,1,1.3515352990378648e-4,0,0,0
TUR.81.6_1,2035,7,aegypti,21.449594665976132,82.6410840180743,0.0015872614765452754,0.1796450569571249,0.1787824116324881,0.18049258774068552,0.004720712209570855,0.004251081989933949,0.0052128970223992155,0.9952792877904292,0.9947871029776008,0.995748918010066,1.5359415255322695e-4,7.25073791276707e-7,6.529413356781906e-7,8.006705005026476e-7
TUR.81.6_1,2035,8,aegypti,22.646448752459357,72.95611013652668,0.0018847729506148098,0.22784014764036953,0.22669171517503922,0.22895488953312948,0.12468951834423664,0.12055659452514976,0.1286937052620751,0.8753104816557634,0.8713062947379249,0.8794434054748503,1.8238074892629186e-4,2.2740967738880485e-5,2.1987201997500105e-5,2.3471254347796727e-5
TUR.81.6_1,2035,9,aegypti,16.615444407743567,85.44566458486638,0.0015022550567917185,0.006220406680096905,0.006166751417256754,0.0062803689359455985,0,0,0,1,1,1,1.5021422239291926e-4,0,0,0
TUR.81.6_1,2035,10,aegypti,13.94607925415039,85.44789361341255,0.0014804096628299737,0,0,0,0,0,0,1,1,1,1.4325518923696823e-4,0,0,0
TUR.81.6_1,2035,11,aegypti,10.138849952641655,81.47848149423154,8.587110330892204e-4,0,0,0,0,0,0,1,1,1,8.586741649130314e-5,0,0,0
TUR.81.6_1,2035,12,aegypti,6.413015207823585,81.0383105953787,7.063033074265648e-4,0,0,0,0,0,0,1,1,1,6.834959703660992e-5,0,0,0
TUR.81.6_1,2036,1,aegypti,6.35323600208058,75.19862114557617,7.835529963006352e-4,0,0,0,0,0,0,1,1,1,7.582483447132748e-5,0,0,0
TUR.81.6_1,2036,2,aegypti,5.398266612606891,81.03084788493078,6.070542590644806e-4,0,0,0,0,0,0,1,1,1,6.279674465681229e-5,0,0,0
TUR.81.6_1,2036,3,aegypti,3.6369687564232773,79.90046221827772,7.19512834858099e-4,0,0,0,0,0,0,1,1,1,6.9627850209808e-5,0,0,0
TUR.81.6_1,2036,4,aegypti,10.109076542012833,79.73680841832262,9.514233868750754e-4,0,0,0,0,0,0,1,1,1,9.51378127986846e-5,0,0,0
TUR.81.6_1,2036,5,aegypti,12.684213722453398,89.72381681486556,0.0013298383225992464,0,0,0,0,0,0,1,1,1,1.2868575049762576e-4,0,0,0
TUR.81.6_1,2036,6,aegypti,19.83206751767327,76.49076750891479,0.0014957633674079162,0.07951610450300743,0.07905728120153808,0.07994303477596643,1.460690790544561e-12,1.2358863932249164e-12,1.6948803471805718e-12,0.9999999999985393,0.9999999999983051,0.9999999999987641,1.4956515075825738e-4,2.1846843829899541e-16,1.8484553472276359e-16,2.534950346432698e-16
TUR.81.6_1,2036,7,aegypti,23.694233108969296,64.89760333570125,0.0017565261748073782,0.25938596471883135,0.257939866724492,0.26072103647807676,0.22903649032848314,0.22473437818741615,0.23297840910862663,0.7709635096715168,0.7670215908913733,0.7752656218125838,1.6997195714341107e-4,3.8929780518390215e-5,3.819854209792263e-5,3.9599796168351575e-5
TUR.81.6_1,2036,8,aegypti,25.701916358050177,62.215257780569644,0.002085764110226872,0.3556533944197349,0.3535753942004128,0.3576325826674249,0.43765009982506736,0.4343497950064524,0.4407668498926125,0.5623499001749327,0.5592331501073875,0.5656502049935476,2.0182776973420857e-4,8.832994357164709e-5,8.766385041066297e-5,8.895899028659868e-5
TUR.81.6_1,2036,9,aegypti,20.964419589323157,72.19389456533513,0.0016624547168086765,0.12532476313200167,0.12463323531530861,0.1259972158041107,4.859494810531828e-7,4.165455728566414e-7,5.608104733934027e-7,0.9999995140505189,0.9999994391895266,0.9999995834544272,1.662316536681363e-4,8.078018583464324e-11,6.924305940410066e-11,9.32244523865957e-11
TUR.81.6_1,2036,10,aegypti,14.617022514343262,84.4342598853852,0.0016382797419480118,0,0,0,0,0,0,1,1,1,1.585306335245562e-4,0,0,0
TUR.81.6_1,2036,11,aegypti,10.562227943364311,77.2506372559503,9.502835093686443e-4,0,0,0,0,0,0,1,1,1,9.502383588610996e-5,0,0,0
TUR.81.6_1,2036,12,aegypti,6.4785312028492195,82.53176457487089,7.816231069553052e-4,0,0,0,0,0,0,1,1,1,7.563808513022519e-5,0,0,0
TUR.81.6_1,2037,1,aegypti,6.884425443761488,80.10732781061523,7.762127813470418e-4,0,0,0,0,0,0,1,1,1,7.511454469810719e-5,0,0,0
TUR.81.6_1,2037,2,aegypti,1.9446018329438046,76.30854258707922,5.806306506602616e-4,0,0,0,0,0,0,1,1,1,6.220849182803079e-5,0,0,0
TUR.81.6_1,2037,3,aegypti,5.452786589370055,76.18303973292616,7.127725391861245e-4,0,0,0,0,0,0,1,1,1,6.89756087365323e-5,0,0,0
TUR.81.6_1,2037,4,aegypti,11.344091457479141,75.08838617711169,9.425105855655144e-4,0,0,0,0,0,0,1,1,1,9.424661706503024e-5,0,0,0
TUR.81.6_1,2037,5,aegypti,15.40824421714334,78.0508050350804,0.001317380583062176,4.4394919939762804e-4,4.3733302667738825e-4,4.5024667332542684e-4,0,0,0,1,1,1,1.2748031721587783e-4,0,0,0
TUR.81.6_1,2037,6,aegypti,20.254936246310965,73.5925283731726,0.0014817512652421142,0.09373756238522968,0.09320827131415291,0.09425076015876672,1.521599335418955e-10,1.2936506310623485e-10,1.7686355435753142e-10,0.99999999984784,0.9999999998231365,0.9999999998706349,1.4816414913232379e-4,2.254464708526588e-14,1.916726450258466e-14,2.6204838043902143e-14
TUR.81.6_1,2037,7,aegypti,20.61213700911578,80.44980746778133,0.0017400712831081929,0.12313656375139619,0.12248941006597137,0.12376616543953982,2.9999291691951146e-7,2.590115299266893e-7,3.4411553471724864e-7,0.999999700007083,0.9999996558844653,0.9999997409884701,1.6837981766648635e-4,5.051275265214473e-11,4.3612314182573615e-11,5.794211099189578e-11
TUR.81.6_1,2037,8,aegypti,23.78468193727381,74.0770017075716,0.002066224963565653,0.31371381087346606,0.3123236754102954,0.31512305394334744,0.36247317100076026,0.35963924392795527,0.3653277339723339,0.6375268289992397,0.634672266027666,0.6403607560720448,1.9993726441924764e-4,7.247189423526216e-5,7.19052866087619e-5,7.304262774691109e-5
TUR.81.6_1,2037,9,aegypti,17.474267230314368,80.34096640371403,0.0016468810733798296,0.01569413578373898,0.015572830706570935,0.015812709289582394,0,0,0,1,1,1,1.6467454699609085e-4,0,0,0
TUR.81.6_1,2037,10,aegypti,17.269570350646973,77.44765710218208,0.001622932566304768,0.012154901791197213,0.012049963772354809,0.012260137151353982,0,0,0,1,1,1,1.5704565732710396e-4,0,0,0
TUR.81.6_1,2037,11,aegypti,9.708784797612358,80.44501134042295,9.413813862722449e-4,0,0,0,0,0,0,1,1,1,9.413370777167085e-5,0,0,0
TUR.81.6_1,2037,12,aegypti,7.798245749052833,72.19347722135527,7.74300970935362e-4,0,0,0,0,0,0,1,1,1,7.492954466747914e-5,0,0,0
TUR.81.6_1,2038,1,aegypti,6.645913881414076,77.38029991754883,8.053711322053238e-4,0,0,0,0,0,0,1,1,1,7.793610465034462e-5,0,0,0
TUR.81.6_1,2038,2,aegypti,6.872490226345905,81.03983531168859,6.024419795096059e-4,0,0,0,0,0,0,1,1,1,6.454527181176672e-5,0,0,0
TUR.81.6_1,2038,3,aegypti,7.834454203353209,78.79749590968397,7.39547764071845e-4,0,0,0,0,0,0,1,1,1,7.156657744888939e-5,0,0,0
TUR.81.6_1,2038,4,aegypti,11.618836444966934,77.47852289586169,9.779158958128818e-4,0,0,0,0,0,0,1,1,1,9.77868081396549e-5,0,0,0
TUR.81.6_1,2038,5,aegypti,17.2215672380784,64.307908001389,0.0013668678450319588,0.009337385456685767,0.009249471098212069,0.009430714332898237,0,0,0,1,1,1,1.3226878510297357e-4,0,0,0
TUR.81.6_1,2038,6,aegypti,20.259986905490653,70.22316649573119,0.0015374130944658664,0.08903635907287853,0.08851560673175486,0.08957823782065953,3.574875673262312e-11,3.0191832367520985e-11,4.226952676766871e-11,0.9999999999642513,0.9999999999577305,0.9999999999698083,1.5372949185710194e-4,5.495638207029304e-15,4.641375048093805e-15,6.498072871033879e-15
TUR.81.6_1,2038,7,aegypti,22.429788757773007,69.88448459180476,0.0018054368764230042,0.20242775931338244,0.20133691987011748,0.20351992038162714,0.039504523814373735,0.03665317145817307,0.04244278031415045,0.9604954761856263,0.9575572196858495,0.963346828541827,1.7470443512090927e-4,6.901615517710672e-6,6.40347161498996e-6,7.414941959744503e-6
TUR.81.6_1,2038,8,aegypti,24.648659369524786,64.44186224223957,0.0021438424853168847,0.3136979671254616,0.312141121581467,0.3153768543444687,0.36244006876430623,0.3592647417941502,0.36583847883320997,0.6375599312356938,0.63416152116679,0.6407352582058499,2.074471074838824e-4,7.518714390141476e-5,7.452843150614032e-5,7.589213424025294e-5
TUR.81.6_1,2038,9,aegypti,17.159445987028235,79.59850424551091,0.0017087459863436927,0.01115469486847251,0.011065499036187157,0.011248345029789705,0,0,0,1,1,1,1.708600004016736e-4,0,0,0
TUR.81.6_1,2038,10,aegypti,13.586877822875977,84.42565392835395,0.0016838978561387274,0,0,0,0,0,0,1,1,1,1.6294458013532687e-4,0,0,0
TUR.81.6_1,2038,11,aegypti,9.555453994694878,84.81417485360654,9.767442782678477e-4,0,0,0,0,0,0,1,1,1,9.766965783519765e-5,0,0,0
TUR.81.6_1,2038,12,aegypti,5.611038050230811,80.85131413541777,8.033875048381673e-4,0,0,0,0,0,0,1,1,1,7.774415565409143e-5,0,0,0
TUR.81.6_1,2039,1,aegypti,4.873983186833998,81.2242635405957,7.770796059201223e-4,0,0,0,0,0,0,1,1,1,7.51984246425419e-5,0,0,0
TUR.81.6_1,2039,2,aegypti,2.780028640347369,84.5677436368839,5.812790616732864e-4,0,0,0,0,0,0,1,1,1,6.227796011226694e-5,0,0,0
TUR.81.6_1,2039,3,aegypti,6.875204706893248,85.48865801905897,7.135685177719335e-4,0,0,0,0,0,0,1,1,1,6.905263360601488e-5,0,0,0
TUR.81.6_1,2039,4,aegypti,10.203292888753555,72.90215265660387,9.435631208439707e-4,0,0,0,0,0,0,1,1,1,9.435186066764079e-5,0,0,0
TUR.81.6_1,2039,5,aegypti,13.888115013346953,80.72415250822493,0.001318851749073531,0,0,0,0,0,0,1,1,1,1.2762266996058091e-4,0,0,0
TUR.81.6_1,2039,6,aegypti,19.81507876340081,75.47173216955932,0.0014834059898727445,0.07755681237086189,0.07709768223383051,0.07800850562374827,7.20259518693922e-13,6.065037361224767e-13,8.463396650171262e-13,0.9999999999992797,0.9999999999991537,0.9999999999993936,1.4832959706467808e-4,1.0683580418986841e-16,8.996245479726882e-17,1.2553722149184496e-16
TUR.81.6_1,2039,7,aegypti,23.558733154745664,67.47425967725398,0.0017420144829412233,0.2634312350459373,0.2621182495193121,0.26480700983861444,0.24084559034808964,0.23705652612231284,0.24478691091999083,0.7591544096519104,0.7552130890800091,0.7629434738776871,1.68567837581457e-4,4.05988203560069e-5,3.996010599301045e-5,4.12632002420276e-5
TUR.81.6_1,2039,8,aegypti,22.39553513246424,82.10043157817707,0.002068532390878075,0.24669730699524123,0.24562742823757264,0.24779802488893393,0.18963620679683774,0.18614993799817264,0.19320293825522825,0.8103637932031623,0.8067970617447718,0.8138500620018273,2.001605191657152e-4,3.795768160507197e-5,3.725986823237993e-5,3.86716004255081e-5
TUR.81.6_1,2039,9,aegypti,20.110100970548743,74.97680777334294,0.0016487202043728405,0.0893606083015799,0.08883726893604621,0.08985545280718776,3.9594271972198666e-11,3.3444153002548656e-11,4.611598047876697e-11,0.9999999999604058,0.999999999953884,0.9999999999665559,1.6485842979263587e-4,6.527449506119245e-15,5.51355054974484e-15,7.602608130077371e-15
TUR.81.6_1,2039,10,aegypti,17.104342460632324,79.96438836438911,0.001624744953143444,0.010545549133885494,0.010458661762465023,0.010638678835699852,0,0,0,1,1,1,1.572210220418535e-4,0,0,0
TUR.81.6_1,2039,11,aegypti,10.36811516565435,77.06554814462217,9.424326605334663e-4,0,0,0,0,0,0,1,1,1,9.42388252962445e-5,0,0,0
TUR.81.6_1,2039,12,aegypti,5.700170359190772,80.39342076383573,7.751656605213823e-4,0,0,0,0,0,0,1,1,1,7.501321803116134e-5,0,0,0
TUR.81.6_1,2040,1,aegypti,5.7724898282219375,85.58254753717773,8.133858888316842e-4,0,0,0,0,0,0,1,1,1,7.871166550965647e-5,0,0,0
TUR.81.6_1,2040,2,aegypti,5.611532508450397,77.27018962077062,6.301671621567911e-4,0,0,0,0,0,0,1,1,1,6.5187581627323965e-05,0,0,0
TUR.81.6_1,2040,3,aegypti,6.115822458968443,77.60093981837538,7.469074708027955e-4,0,0,0,0,0,0,1,1,1,7.227875590709587e-5,0,0,0
TUR.81.6_1,2040,4,aegypti,12.001182598226212,68.03667414097887,9.87647754322048e-4,0,0,0,0,0,0,1,1,1,9.875989835228527e-5,0,0,0
TUR.81.6_1,2040,5,aegypti,16.09930046866922,78.14572996183821,0.0013804704099616585,0.0024136914315601413,0.0023861260947508726,0.00244170415771386,0,0,0,1,1,1,1.3358498737237046e-4,0,0,0
TUR.81.6_1,2040,6,aegypti,18.270093945895926,79.58370879309447,0.0015527128628503907,0.03103640359685275,0.03082838828519401,0.0312666170097415,0,0,0,1,1,1,1.552592323227353e-4,0,0,0
TUR.81.6_1,2040,7,aegypti,22.801458527060117,73.85492068799617,0.0018234039186848289,0.24201424580847872,0.24074654216479455,0.24314520143215862,0.17416916899912385,0.1699028657153372,0.17795350411303423,0.8258308310008762,0.8220464958869658,0.8300971342846628,1.7644287586826568e-4,3.073090906579139e-5,2.997815024507385e-5,3.1398628036539e-5
TUR.81.6_1,2040,8,aegypti,23.575430533465216,70.57134069682941,0.00216517721545306,0.27995315252710656,0.2786444444267368,0.2812983275394963,0.2856022248811236,0.28225290336423486,0.28902145355441905,0.7143977751188765,0.7109785464455809,0.7177470966357651,2.095113283504535e-4,5.9836901514689134e-5,5.9135180714613035e-5,6.055326865596524e-5
TUR.81.6_1,2040,9,aegypti,18.842784152311438,71.5304118993195,0.0017257507965102972,0.041190727220532124,0.040920434209612,0.04147408685258303,0,0,0,1,1,1,1.725601894285722e-4,0,0,0
TUR.81.6_1,2040,10,aegypti,17.198573112487793,73.21507500989692,0.0017006553868732176,0.01052495255304744,0.010426337162472946,0.010615637677778919,0,0,0,1,1,1,1.6456601109660074e-4,0,0,0
TUR.81.6_1,2040,11,aegypti,10.378699043217827,72.64688511971983,9.864644772710953e-4,0,0,0,0,0,0,1,1,1,9.864158232630871e-5,0,0,0
TUR.81.6_1,2040,12,aegypti,5.521301111754249,85.22236973844511,8.113825211361878e-4,0,0,0,0,0,0,1,1,1,7.851780645784512e-5,0,0,0
TUR.81.6_1,2041,1,aegypti,4.770283502690932,73.97002922663086,7.940999623311808e-4,0,0,0,0,0,0,1,1,1,7.684543068997574e-5,0,0,0
TUR.81.6_1,2041,2,aegypti,0.3433111301239804,73.63187632731359,5.94010803348903e-4,0,0,0,0,0,0,1,1,1,6.364198940722599e-5,0,0,0
TUR.81.6_1,2041,3,aegypti,6.114587450728697,79.60234362696913,7.291977923065653e-4,0,0,0,0,0,0,1,1,1,7.056503845825901e-5,0,0,0
TUR.81.6_1,2041,4,aegypti,11.77609066402211,74.89729273228747,9.642299617837468e-4,0,0,0,0,0,0,1,1,1,9.64183476306335e-5,0,0,0
TUR.81.6_1,2041,5,aegypti,16.633832061991974,70.38690275236556,0.001347738528049026,0.005002386506908833,0.0049500761757480605,0.005052836310319041,0,0,0,1,1,1,1.3041780402478498e-4,0,0,0
TUR.81.6_1,2041,6,aegypti,20.539707211887137,73.02548125403197,0.0015158969965309843,0.10591222729947651,0.10531586081344044,0.10650906754353366,4.649570587322849e-9,3.960017277981897e-9,5.421014276363323e-9,0.9999999953504294,0.9999999945789857,0.9999999960399827,1.5157821051514642e-4,7.047735892902557e-13,6.002523326055572e-13,8.217076431882138e-13
TUR.81.6_1,2041,7,aegypti,21.717453171225156,84.53655368360164,0.0017801697853671282,0.20442356982559004,0.20349875688745342,0.205283769554792,0.044975261630592074,0.04238454608891237,0.04743295937466558,0.9550247383694079,0.9525670406253344,0.9576154539110877,1.722596569593282e-4,7.747423140141827e-6,7.301147369652882e-6,8.170785310445643e-6
TUR.81.6_1,2041,8,aegypti,23.468739172991583,77.84113134624347,0.0021138394073952254,0.3107384624725001,0.3093135566800949,0.31209883891994533,0.35636919819043666,0.3534076736270704,0.35917793813087107,0.6436308018095633,0.640822061869129,0.6465923263729296,2.0454418192727974e-4,7.28932461079435e-5,7.228748348887217e-5,7.34677575213061e-5
TUR.81.6_1,2041,9,aegypti,19.82701228646671,75.93248862051091,0.0016848320843999987,0.07860825559042835,0.07811617408870422,0.07906790982814145,1.0553145024516652e-12,8.800571382749923e-13,1.2406742300186124e-12,0.9999999999989447,0.9999999999987593,0.9999999999991199,1.6846901594136376e-4,1.7778779573668195e-16,1.4826236005736065e-16,2.0901516663504483e-16
TUR.81.6_1,2041,10,aegypti,18.145405769348145,75.67676019056098,0.0016603317038043697,0.026489272857234833,0.02628687085243034,0.02668654990075206,0,0,0,1,1,1,1.6066435375861055e-4,0,0,0
TUR.81.6_1,2041,11,aegypti,10.932977416936088,81.16313573007139,9.630747410275341e-4,0,0,0,0,0,0,1,1,1,9.630283668682349e-5,0,0,0
TUR.81.6_1,2041,12,aegypti,6.473402342375587,74.84057194791777,7.921440958311924e-4,0,0,0,0,0,0,1,1,1,7.665616781393769e-5,0,0,0
TUR.81.6_1,2042,1,aegypti,8.315273565404555,77.2604955352246,8.438061670263458e-4,0,0,0,0,0,0,1,1,1,8.165532734738523e-5,0,0,0
TUR.81.6_1,2042,2,aegypti,8.727796374874957,77.51396403483312,6.31192548699605e-4,0,0,0,0,0,0,1,1,1,6.762548636862764e-5,0,0,0
TUR.81.6_1,2042,3,aegypti,5.781677389846129,81.26483447169569,7.748414850996601e-4,0,0,0,0,0,0,1,1,1,7.498184856902235e-5,0,0,0
TUR.81.6_1,2042,4,aegypti,7.036164325826309,83.56029474644762,0.00102458535043398,0,0,0,0,0,0,1,1,1,1.024532863469485e-4,0,0,0
TUR.81.6_1,2042,5,aegypti,15.360856140361113,83.1876687435765,0.0014320994024080989,4.138230575280652e-4,4.0803096913738626e-4,4.195824178781819e-4,0,0,0,1,1,1,1.3858066156202664e-4,0,0,0
TUR.81.6_1,2042,6,aegypti,19.338315991794364,80.3532705606726,0.0016107836480618028,0.06426252579941695,0.06386699486421595,0.06462910507594588,3.4202640719627196e-15,2.886579864025407e-15,3.9968028886505635e-15,0.9999999999999966,0.999999999999996,0.9999999999999971,1.6106539238291973e-4,5.508861748038783e-19,4.649281184438872e-19,6.4374662553769e-19
TUR.81.6_1,2042,7,aegypti,23.234398056479062,74.00132876905086,0.0018915984315590335,0.2732536031086379,0.27202697585835733,0.2745508771634359,0.2680979805100191,0.2648048281370833,0.27155780063921753,0.7319020194899809,0.7284421993607825,0.7351951718629167,1.830411586541958e-4,4.90729649854039e-5,4.847018255943691e-5,4.970625447058749e-5
TUR.81.6_1,2042,8,aegypti,24.512896201189825,81.57889379741535,0.0022461539008605622,0.42294378195864724,0.42115318015069547,0.424661079828492,0.527121791763048,0.5251134043800945,0.5290361903459999,0.47287820823695204,0.47096380965400003,0.4748865956199055,2.1734610925272513e-4,1.1456787054202364e-4,1.1413135535846644e-4,1.1498395762558718e-4
TUR.81.6_1,2042,9,aegypti,21.426116214079016,72.28220480703435,0.0017902931251212691,0.15027662212792825,0.14947486022560175,0.1510884044990089,6.260920223614664e-5,5.434430087301323e-5,7.183088754156297e-5,0.9999373907977639,0.9999281691124584,0.999945655699127,1.7901328772107483e-4,1.1207879133886279e-8,9.728351968181375e-9,1.2858683338737981e-8
TUR.81.6_1,2042,10,aegypti,13.989418983459473,79.33898400647895,0.0017642591580872011,0,0,0,0,0,0,1,1,1,1.7072018288499802e-4,0,0,0
TUR.81.6_1,2042,11,aegypti,13.15145085138433,69.13595219735654,0.0010233578193363743,0,0,0,0,0,0,1,1,1,1.0233054580610634e-4,0,0,0
TUR.81.6_1,2042,12,aegypti,7.082218489226173,81.5217090328787,8.417278742510564e-4,0,0,0,0,0,0,1,1,1,8.145421864280689e-5,0,0,0
TUR.81.6_1,2043,1,aegypti,6.454632085912367,83.14927422174804,8.285362247382943e-4,0,0,0,0,0,0,1,1,1,8.017771057022838e-5,0,0,0
TUR.81.6_1,2043,2,aegypti,4.627739249783405,80.83160624674719,6.197701697600704e-4,0,0,0,0,0,0,1,1,1,6.64017420667351e-5,0,0,0
TUR.81.6_1,2043,3,aegypti,9.061256075606627,76.30935198878554,7.608195625039101e-4,0,0,0,0,0,0,1,1,1,7.362498914464943e-5,0,0,0
TUR.81.6_1,2043,4,aegypti,12.077045482747696,77.2686153641234,0.0010060439367993233,0,0,0,0,0,0,1,1,1,1.0059933322759118e-4,0,0,0
TUR.81.6_1,2043,5,aegypti,16.483496750102326,77.13263792082259,0.001406183408806642,0.00449763222775563,0.004452776034776144,0.0045413252616961965,0,0,0,1,1,1,1.3607300659690402e-4,0,0,0
TUR.81.6_1,2043,6,aegypti,22.083917645847098,74.45780852453979,0.0015816340941647018,0.19622439709555517,0.195253170216195,0.1971822634342715,0.02495729670620231,0.023028745142405358,0.026931305741186677,0.9750427032937977,0.9730686942588134,0.9769712548575946,1.5815090224380324e-4,3.947018991652194e-6,3.6420168218140084e-6,4.259210301572391e-6
TUR.81.6_1,2043,7,aegypti,22.860050369711484,74.4414990571368,0.0018573671116056995,0.24862575146010185,0.24730516618983797,0.2497601729686158,0.19585993309377234,0.191610904061634,0.1994859821006789,0.8041400669062276,0.8005140178993211,0.8083890959383659,1.797290511474925e-4,3.520171993275507e-5,3.4438045976510696e-5,3.585342628018069e-5
TUR.81.6_1,2043,8,aegypti,21.596573493059942,78.2829343247591,0.0022055063661819588,0.17667531488546911,0.17584374618639567,0.17752136448290307,0.0032825550828332706,0.0029514994169114322,0.003642977548477577,0.9967174449171667,0.9963570224515225,0.9970485005830886,2.1341332408908453e-4,7.005409917329685e-7,6.298893016100636e-7,7.774599482025038e-7
TUR.81.6_1,2043,9,aegypti,20.52502368478214,77.08248251699528,0.0017578950771244908,0.11230200032635991,0.11167900566433663,0.1128608578367563,2.3687603831090698e-8,2.0245975854149556e-8,2.7106315425573512e-8,0.9999999763123961,0.9999999728936846,0.9999999797540241,1.7577405764224174e-4,4.163666241212723e-12,3.5587173268107182e-12,4.764587050083545e-12
TUR.81.6_1,2043,10,aegypti,14.800652503967285,82.84609460218208,0.0017323322338978493,9.769660469825347e-6,9.610332262084055e-6,9.929518171962076e-6,0,0,0,1,1,1,1.6763100324634905e-4,0,0,0
TUR.81.6_1,2043,11,aegypti,9.453192451420952,81.18029423837217,0.0010048386197240246,0,0,0,0,0,0,1,1,1,1.0047881363828282e-4,0,0,0
TUR.81.6_1,2043,12,aegypti,5.080451330717872,83.67531926237089,8.264955417980317e-4,0,0,0,0,0,0,1,1,1,7.998024093880396e-5,0,0,0
TUR.81.6_1,2044,1,aegypti,7.273096365087172,85.66535698541992,8.450561497619576e-4,0,0,0,0,0,0,1,1,1,8.177628353378541e-5,0,0,0
TUR.81.6_1,2044,2,aegypti,7.409116565304645,77.39528880289953,6.547035583854764e-4,0,0,0,0,0,0,1,1,1,6.77256608295762e-5,0,0,0
TUR.81.6_1,2044,3,aegypti,8.516031885848326,80.8224058828285,7.759893061479745e-4,0,0,0,0,0,0,1,1,1,7.50929196902117e-5,0,0,0
TUR.81.6_1,2044,4,aegypti,11.653207821004532,77.18159449009997,0.0010261031326560712,0,0,0,0,0,0,1,1,1,1.0260504900749812e-4,0,0,0
TUR.81.6_1,2044,5,aegypti,15.447305763469023,77.78633207365462,0.001434220860627584,5.018907350237096e-4,4.947836587712955e-4,5.085816529137368e-4,0,0,0,1,1,1,1.387859354984311e-4,0,0,0
TUR.81.6_1,2044,6,aegypti,20.698818234836356,81.80546477453979,0.0016131698024057309,0.13069177021161416,0.13002701515207016,0.13135354126071597,1.5208327489869555e-6,1.321313360960752e-6,1.7399288990749272e-6,0.999998479167251,0.9999982600711009,0.999998678686639,1.6130396935609692e-4,2.4531635913834054e-10,2.1313308988621457e-10,2.8065743781816954e-10
TUR.81.6_1,2044,7,aegypti,23.662820984335507,75.69158298047664,0.0018944005743668918,0.3137286076318471,0.31227968979640425,0.3151996105428536,0.3625033227765002,0.35954904913883645,0.3654818821991938,0.6374966772234998,0.6345181178008062,0.6404509508611635,1.8331228409163014e-4,6.64513120889657e-5,6.590975744061387e-5,6.699731862004233e-5
TUR.81.6_1,2044,8,aegypti,22.448214194353888,76.00272955180988,0.002249481268812253,0.22620638725906228,0.22515395209317451,0.22724428932616722,0.1188062369550899,0.1150092768842986,0.12254700712091686,0.88119376304491015,0.8774529928790832,0.8849907231157014,2.1766804256495575e-4,2.586032104252273e-5,2.503384417621629e-5,2.6674567162203665e-5
TUR.81.6_1,2044,9,aegypti,18.607741580289954,79.86077994131169,0.0017929451980564226,0.039948128297373625,0.039691425449880524,0.04019071894214399,0,0,0,1,1,1,1.792784475037612e-4,0,0,0
TUR.81.6_1,2044,10,aegypti,13.31649112701416,86.27853631360786,0.001766872665282255,0,0,0,0,0,0,1,1,1,1.7097305972568755e-4,0,0,0
TUR.81.6_1,2044,11,aegypti,10.031990745488335,83.05173131112608,0.0010248737831400423,0,0,0,0,0,0,1,1,1,1.0248212666208456e-4,0,0,0
TUR.81.6_1,2044,12,aegypti,6.682999929961036,79.96200139127714,8.429747782818778e-4,0,0,0,0,0,0,1,1,1,8.157487693860599e-5,0,0,0
TUR.81.6_1,2045,1,aegypti,7.079225820653578,85.00897728571289,8.052188325377571e-4,0,0,0,0,0,0,1,1,1,7.792136712136966e-5,0,0,0
TUR.81.6_1,2045,2,aegypti,4.5363810649689515,78.6452582853214,6.023280547492829e-4,0,0,0,0,0,0,1,1,1,6.453306637521639e-5,0,0,0
TUR.81.6_1,2045,3,aegypti,6.994425917372984,81.48786456202772,7.394079119290081e-4,0,0,0,0,0,0,1,1,1,7.155304433903442e-5,0,0,0
TUR.81.6_1,2045,4,aegypti,12.00589088832631,81.19159662633044,9.77730967076446e-4,0,0,0,0,0,0,1,1,1,9.776831707419831e-5,0,0,0
TUR.81.6_1,2045,5,aegypti,16.475376213298127,77.1963128475804,0.0013666093635566717,0.004447193442639261,0.0044011342677299625,0.004493401781194369,0,0,0,1,1,1,1.3224377407494714e-4,0,0,0
TUR.81.6_1,2045,6,aegypti,19.685043363010184,77.07488921301635,0.001537122362039738,0.0742210913887379,0.07377807815020293,0.0746398006177842,2.0675994250041185e-13,1.7386092565629951e-13,2.418065747633591e-13,0.9999999999997933,0.9999999999997582,0.9999999999998261,1.5370042308349152e-4,3.1779090639031684e-17,2.67224978310607e-17,3.7165772845498217e-17
TUR.81.6_1,2045,7,aegypti,24.725181747885312,64.64741641553523,0.0018050954593730301,0.3194396342126493,0.3177556802518946,0.3210717755513397,0.37389952567940143,0.37058594686753354,0.3770865805092327,0.6261004743205986,0.6229134194907673,0.6294140531324665,1.7467140053295527e-4,6.530955380902873e-5,6.473076635718345e-5,6.586624113973067e-5
TUR.81.6_1,2045,8,aegypti,23.579121253069708,67.47057165386066,0.0021434370740912112,0.26469941415268605,0.2633651755343335,0.2660488171407876,0.24447549006556088,0.24066060892720753,0.24830580110409187,0.7555245099344391,0.751694198895908,0.7593393910727925,2.074078822774661e-4,5.070614366324368e-5,4.991490724519757e-5,5.150058036420939e-5
TUR.81.6_1,2045,9,aegypti,19.943700061124915,67.3964015843781,0.001708422854019638,0.07286026128304696,0.07239484926749173,0.07333895353002645,1.2233691837337801e-13,1.0147438445073931e-13,1.4667156378322942e-13,0.9999999999998777,0.9999999999998533,0.9999999999998985,1.7082769268972342e-4,2.0898533496495197e-17,1.7334634962829743e-17,2.5055564824282683e-17
TUR.81.6_1,2045,10,aegypti,15.32263469696045,73.6398262916352,0.001683579422719089,3.028884592320838e-4,2.985530418739675e-4,3.074715755775426e-4,0,0,0,1,1,1,1.6291376901877985e-4,0,0,0
TUR.81.6_1,2045,11,aegypti,10.881262519780327,76.8244669068292,9.765595710900892e-4,0,0,0,0,0,0,1,1,1,9.765118892124391e-5,0,0,0
TUR.81.6_1,2045,12,aegypti,7.697236380156348,82.5949741085623,8.032355802843543e-4,0,0,0,0,0,0,1,1,1,7.772945442074963e-5,0,0,0
TUR.81.6_1,2046,1,aegypti,5.37844352161183,84.20978294977539,8.353851598417986e-4,0,0,0,0,0,0,1,1,1,8.08404573801047e-5,0,0,0
TUR.81.6_1,2046,2,aegypti,5.426275550442584,78.48649058512609,6.248933804840377e-4,0,0,0,0,0,0,1,1,1,6.695062090189552e-5,0,0,0
TUR.81.6_1,2046,3,aegypti,8.076223994002623,75.63912493800429,7.671087308630987e-4,0,0,0,0,0,0,1,1,1,7.423357334512826e-5,0,0,0
TUR.81.6_1,2046,4,aegypti,12.276696247213028,77.6509395828734,0.0010143602052118345,0,0,0,0,0,0,1,1,1,1.0143087606195866e-4,0,0,0
TUR.81.6_1,2046,5,aegypti,16.256084526286408,80.87771696134993,0.0014178073530869094,0.0033324893244410236,0.0032980409500977994,0.00336651726273872,0,0,0,1,1,1,1.3719775072962292e-4,0,0,0
TUR.81.6_1,2046,6,aegypti,20.631795911227957,73.0154791178015,0.0015947083677389747,0.11030751767043274,0.10969884406252466,0.11090865239016538,1.4408785080077813e-8,1.2321197898068626e-8,1.6708332098436253e-8,0.999999985591215,0.9999999832916678,0.999999987678802,1.5945812197593057e-4,2.2975978088240164e-12,1.9647150773198063e-12,2.664279257766804e-12
TUR.81.6_1,2046,7,aegypti,23.645023514242734,74.01206332715633,0.0018727206790550752,0.303059798293097,0.3016419223287022,0.30442840950212136,0.34006195889814356,0.3369636801115955,0.3430322437908149,0.6599380411018565,0.6569677562091851,0.6630363198884045,1.8121461210518497e-4,6.162419597345643e-5,6.10627425849584e-5,6.216245499812378e-5
TUR.81.6_1,2046,8,aegypti,24.714813849505255,72.38769354106769,0.0022237377597183333,0.3703663372259606,0.36864790899378264,0.3721060246067289,0.45999094915977484,0.45747692227979697,0.4625187836369077,0.5400090508402252,0.5374812163630923,0.542523077720203,2.1517727440856227e-4,9.897959869280788e-5,9.843863724098438e-5,9.952353122575332e-5
TUR.81.6_1,2046,9,aegypti,19.026511416715735,86.4308254125031,0.0017724263781618088,0.0583297463866854,0.058017135415073924,0.0586493584024359,2.220446049250313e-16,2.220446049250313e-16,2.220446049250313e-16,0.9999999999999998,0.9999999999999998,0.9999999999999998,1.7722693126787092e-4,3.935228393545008e-20,3.935228393545008e-20,3.935228393545008e-20
TUR.81.6_1,2046,10,aegypti,14.065582275390625,84.50416039808051,0.0017466522246157234,0,0,0,0,0,0,1,1,1,1.690165755356965e-4,0,0,0
TUR.81.6_1,2046,11,aegypti,11.021394470158745,77.30939885262998,0.0010131449246151094,0,0,0,0,0,0,1,1,1,1.0130936032159976e-4,0,0,0
TUR.81.6_1,2046,12,aegypti,6.212461790617774,84.94362980924589,8.333276079891005e-4,0,0,0,0,0,0,1,1,1,8.064135553587093e-5,0,0,0
TUR.81.6_1,2047,1,aegypti,3.4866519395042865,81.20889794000976,8.36986458811021e-4,0,0,0,0,0,0,1,1,1,8.09954092571008e-5,0,0,0
TUR.81.6_1,2047,2,aegypti,5.3531535259064515,82.05147013834875,6.260912005724775e-4,0,0,0,0,0,0,1,1,1,6.707895016799803e-5,0,0,0
TUR.81.6_1,2047,3,aegypti,7.845471049056334,77.42257220362929,7.685791549010902e-4,0,0,0,0,0,0,1,1,1,7.437586187208911e-5,0,0,0
TUR.81.6_1,2047,4,aegypti,11.601077121846817,79.71311151890856,0.0010163045705526477,0,0,0,0,0,0,1,1,1,1.0162529285528965e-4,0,0,0
TUR.81.6_1,2047,5,aegypti,16.369857872233673,80.82801145597884,0.0014205250617106589,0.00400924725497169,0.003968193468965993,0.004048542987717146,0,0,0,1,1,1,1.374607186718224e-4,0,0,0
TUR.81.6_1,2047,6,aegypti,21.291812924777762,68.21566680090697,0.0015977651671510622,0.13350234728932572,0.1327802383346228,0.13426475835097987,2.7062514628700686e-6,2.3306066367079215e-6,3.1463004090959146e-6,0.9999972937485371,0.9999968536995909,0.9999976693933633,1.597637531272067e-4,4.323608906141156e-10,3.723464633436339e-10,5.026647618228292e-10
TUR.81.6_1,2047,7,aegypti,23.49782388350543,69.38148623975398,0.0018763103833461842,0.2687999600958694,0.2673917301373745,0.27003428989285927,0.25598337652375713,0.25207520588601545,0.25938511013398763,0.7440166234762429,0.7406148898660123,0.7479247941139845,1.8156193983043245e-4,4.6476838405997324e-5,4.576726336382062e-5,4.709446375905716e-5
TUR.81.6_1,2047,8,aegypti,23.380322119768927,75.24842657329425,0.0022280003072875677,0.29011237081656427,0.2888086639032663,0.29141038115835816,0.31061278563590533,0.30750501615906406,0.31368656243082926,0.6893872143640947,0.6863134375691707,0.692494983840936,2.1558969016544083e-4,6.696491421666932e-5,6.629491115805149e-5,6.762758880352469e-5
TUR.81.6_1,2047,9,aegypti,18.644240603727454,84.4143459203156,0.001775823834411703,0.043928276386072676,0.04366452323669951,0.044209126108298226,0,0,0,1,1,1,1.775666166230483e-4,0,0,0
TUR.81.6_1,2047,10,aegypti,15.635662078857422,80.18506097181098,0.001750000275959366,9.021997758146725e-4,8.907711008124657e-4,9.141864566303728e-4,0,0,0,1,1,1,1.693405256897318e-4,0,0,0
TUR.81.6_1,2047,11,aegypti,11.642986991826225,81.03693028573545,0.0010150869604585119,0,0,0,0,0,0,1,1,1,1.0150354421245567e-4,0,0,0
TUR.81.6_1,2047,12,aegypti,8.140923819121191,78.8862109860037,8.349249629624044e-4,0,0,0,0,0,0,1,1,1,8.079592579746109e-5,0,0,0
TUR.81.6_1,2048,1,aegypti,4.5863655034233535,75.57000481256836,8.490160521823353e-4,0,0,0,0,0,0,1,1,1,8.215946848555422e-5,0,0,0
TUR.81.6_1,2048,2,aegypti,1.9695666423615292,86.3172782438175,6.577714754773889e-4,0,0,0,0,0,0,1,1,1,6.80430100187257e-5,0,0,0
TUR.81.6_1,2048,3,aegypti,5.224104548201842,77.77592761134413,7.79625563848091e-4,0,0,0,0,0,0,1,1,1,7.544478910981312e-5,0,0,0
TUR.81.6_1,2048,4,aegypti,10.861347240560196,81.578696846057,0.0010309114146616,0,0,0,0,0,0,1,1,1,1.0308582775708786e-4,0,0,0
TUR.81.6_1,2048,5,aegypti,17.006603325114533,77.4365472225804,0.0014409415674811526,0.009050549361715796,0.00896545116887723,0.009128875494592324,0,0,0,1,1,1,1.3943623600765065e-4,0,0,0
TUR.81.6_1,2048,6,aegypti,22.52183344784905,60.020457297733145,0.0016207290574999944,0.17487414575376786,0.17386054946092497,0.17586259072179145,0.002611697309565711,0.002284421002117956,0.002958581461238471,0.9973883026904343,0.9970414185387616,0.997715578997882,1.6205977264616145e-4,4.232510722088106e-7,3.7021274823135227e-7,4.794670389634548e-7
TUR.81.6_1,2048,7,aegypti,24.570675064535703,73.1775601533282,0.0019032776666426101,0.3655965878474085,0.3638256392562932,0.3673353136018912,0.45294577514847356,0.4502861376456422,0.4555383308097668,0.5470542248515264,0.5444616691902332,0.5497138623543579,1.8417119969005302e-4,8.341956680363538e-5,8.292973817399825e-5,8.389704089003901e-5
TUR.81.6_1,2048,8,aegypti,25.303368231829474,60.22379125835285,0.002260022256323525,0.3220811597190567,0.32023633540746793,0.32412016775379987,0.379033075744348,0.3754615282143702,0.38294510404080756,0.6209669242556519,0.6170548959591925,0.6245384717856299,2.186879155681165e-4,8.28899532659035e-5,8.210889898122016e-5,8.374546657969971e-5
TUR.81.6_1,2048,9,aegypti,17.791798816007727,74.2375881078156,0.0018013468741242063,0.01921888992277887,0.019060463071026518,0.01936681577040986,0,0,0,1,1,1,1.8011846413379384e-4,0,0,0
TUR.81.6_1,2048,10,aegypti,15.810869216918945,79.40415429456489,0.0017751521664085665,0.0013651946610250183,0.0013497717329732021,0.0013815488336011105,0,0,0,1,1,1,1.7177416445834925e-4,0,0,0
TUR.81.6_1,2048,11,aegypti,12.449845054570366,83.61786290292295,0.0010296763044583964,0,0,0,0,0,0,1,1,1,1.0296232946127581e-4,0,0,0
TUR.81.6_1,2048,12,aegypti,5.603533110197852,85.61556584440214,8.469249274711076e-4,0,0,0,0,0,0,1,1,1,8.195711818392848e-5,0,0,0
TUR.81.6_1,2049,1,aegypti,5.449222368352553,79.1563695586621,9.369614455984032e-4,0,0,0,0,0,0,1,1,1,9.066957754910732e-5,0,0,0
TUR.81.6_1,2049,2,aegypti,6.42575913580025,80.15168223551672,7.008755161919281e-4,0,0,0,0,0,0,1,1,1,7.5090985837023e-5,0,0,0
TUR.81.6_1,2049,3,aegypti,9.91571583817987,73.39177996730116,8.60383138164388e-4,0,0,0,0,0,0,1,1,1,8.325941808073889e-5,0,0,0
TUR.81.6_1,2049,4,aegypti,14.479376834981583,68.99028742222887,0.0011376984532652686,0,0,0,0,0,0,1,1,1,1.1376337378310453e-4,0,0,0
TUR.81.6_1,2049,5,aegypti,17.87787255118875,70.81574338957259,0.0015902016111705032,0.019640208394712925,0.01947985922252459,0.019806837046335644,0,0,0,1,1,1,1.5387863796811896e-4,0,0,0
TUR.81.6_1,2049,6,aegypti,19.46683886471917,74.28668120520385,0.0017886124022451402,0.0629727120605613,0.06260906731338116,0.06334595513271617,1.9177992527374955e-15,1.6653345369377348e-15,2.220446049250313e-15,0.9999999999999981,0.9999999999999978,0.9999999999999983,1.7884524550648706e-4,3.429892781879948e-19,2.9783716410906113e-19,3.971162188120815e-19
TUR.81.6_1,2049,7,aegypti,23.828766037436093,69.30681735547664,0.002100428830914063,0.2903166161258859,0.28884675688417144,0.29178945680908436,0.31109672055302867,0.30759632437454176,0.3145780466622962,0.6889032794469713,0.6854219533377038,0.6924036756254582,2.0324664881832266e-4,6.322936591077328e-5,6.251792211795935e-5,6.393693377592563e-5
TUR.81.6_1,2049,8,aegypti,25.39358200746424,78.81751837016925,0.0024941268365026004,0.4737375288704493,0.4717318025360755,0.475746487729221,0.5778233214592003,0.576030280469503,0.5796080367229446,0.42217667854079965,0.4203919632770554,0.423969719530497,2.413379865117138e-4,1.3945071696047415e-4,1.3901798805828763e-4,1.398814365487229e-4
TUR.81.6_1,2049,9,aegypti,23.552605853361243,65.14163702749333,0.00198793952937077,0.25200370925341964,0.25074707243284067,0.2533186537178998,0.20655694185432416,0.2026128545386501,0.21065613956940482,0.7934430581456758,0.7893438604305951,0.7973871454613498,1.9877419472846825e-4,4.105818978266832e-5,4.027420700255645e-5,4.187300450751626e-5
TUR.81.6_1,2049,10,aegypti,17.289868354797363,67.22170876844184,0.0019590314408308817,0.010541843868122075,0.010448195603347884,0.010628910780093669,0,0,0,1,1,1,1.8956571797057453e-4,0,0,0
TUR.81.6_1,2049,11,aegypti,9.892936447087456,74.49113103036436,0.0011363354040761606,0,0,0,0,0,0,1,1,1,1.1362708436135627e-4,0,0,0
TUR.81.6_1,2049,12,aegypti,6.808733305510352,86.71380192838652,9.346537115722651e-4,0,0,0,0,0,0,1,1,1,9.044626867404926e-5,0,0,0
TUR.81.6_1,2050,1,aegypti,3.7505610409904926,80.46993767389648,8.362150018971712e-4,0,0,0,0,0,0,1,1,1,8.09207581804472e-5,0,0,0
TUR.81.6_1,2050,2,aegypti,5.596307097988971,77.55399546793859,6.2551412745463e-4,0,0,0,0,0,0,1,1,1,6.70171250508611e-5,0,0,0
TUR.81.6_1,2050,3,aegypti,7.859785700545592,79.20628649806288,7.678707495300743e-4,0,0,0,0,0,0,1,1,1,7.430731161006676e-5,0,0,0
TUR.81.6_1,2050,4,aegypti,14.445910495870255,72.96950495152575,0.001015367834743751,0,0,0,0,0,0,1,1,1,1.0153162878967503e-4,0,0,0
TUR.81.6_1,2050,5,aegypti,14.014512146220488,80.93756956144759,0.0014192157527384318,0,0,0,0,0,0,1,1,1,1.373340287612601e-4,0,0,0
TUR.81.6_1,2050,6,aegypti,21.0539989751928,73.0640631021765,0.0015962924945983209,0.1318018147313384,0.13108370238917735,0.13248893459307395,1.913006677360829e-6,1.6456433074490963e-6,2.1962692866445144e-6,0.9999980869933226,0.9999978037307133,0.9999983543566926,1.5961650938911554e-4,3.053474482784055e-10,2.626718404345838e-10,3.505608372127202e-10
TUR.81.6_1,2050,7,aegypti,22.306097198935117,79.43546420606258,0.0018745809735062485,0.2292852456006361,0.22821162092023028,0.23029486102458394,0.12987606428470716,0.12602606269547545,0.13348820245228601,0.8701239357152929,0.866511797547714,0.8739739373045246,1.8139460796051665e-4,2.355881776437931e-5,2.2860448235453265e-5,2.42140401511865e-5
TUR.81.6_1,2050,8,aegypti,25.926422736224005,66.48573889018878,0.0022259467421157273,0.40075694803917555,0.39856613526306167,0.4029368969167069,0.500940784568647,0.4982012214897672,0.5036443637234688,0.499059215431353,0.4963556362765313,0.5017987785102328,2.1539100087686336e-4,1.0789813696828207e-4,1.0730805973475684e-4,1.0848046358838894e-4
TUR.81.6_1,2050,9,aegypti,22.558587298673743,61.19909018301091,0.001774187043803666,0.1805147625567127,0.1794709278114756,0.18146092451996176,0.005234787379591257,0.004618367964112238,0.005834705636029422,0.9947652126204087,0.9941652943639706,0.9953816320358877,1.7740296661272748e-4,9.286668107263549e-7,8.193121777426935e-7,1.0350940891436203e-6
TUR.81.6_1,2050,10,aegypti,12.732460021972656,80.42353295667426,0.0017483872871255374,0,0,0,0,0,0,1,1,1,1.6918445641722624e-4,0,0,0
TUR.81.6_1,2050,11,aegypti,9.666805007878471,76.54023381356748,0.001014151346930287,0,0,0,0,0,0,1,1,1,1.0140999235208614e-4,0,0,0
TUR.81.6_1,2050,12,aegypti,8.184695562895605,73.09474522672636,8.341554061452749e-4,0,0,0,0,0,0,1,1,1,8.072145857140889e-5,0,0,0
TUR.81.6_1,2051,1,aegypti,4.700472635381361,78.36135613092773,8.486428121993167e-4,0,0,0,0,0,0,1,1,1,8.212335145418859e-5,0,0,0
TUR.81.6_1,2051,2,aegypti,3.7056201091584042,82.75485453776281,6.348105056584191e-4,0,0,0,0,0,0,1,1,1,6.801309832493718e-5,0,0,0
TUR.81.6_1,2051,3,aegypti,7.634755755172057,79.3870039663246,7.792828289475391e-4,0,0,0,0,0,0,1,1,1,7.541162371804688e-5,0,0,0
TUR.81.6_1,2051,4,aegypti,13.666109127156876,67.66369593052966,0.0010304582107935306,0,0,0,0,0,0,1,1,1,1.030405120411304e-4,0,0,0
TUR.81.6_1,2051,5,aegypti,15.544022644267363,86.28962034269759,0.0014403081083082722,7.800425137347723e-4,7.702770022779161e-4,7.896534040150964e-4,0,0,0,1,1,1,1.3937494205296108e-4,0,0,0
TUR.81.6_1,2051,6,aegypti,20.90343859616448,79.80445769446166,0.0016200165610938968,0.13818672628714876,0.13749677042719158,0.1388894867657086,6.833833526566635e-6,5.963355667407133e-6,7.809724086346725e-6,0.9999931661664734,0.9999921902759136,0.9999940366443326,1.6198853454962858e-4,1.1070026783246494e-9,9.659952455615038e-10,1.2650857599842428e-9
TUR.81.6_1,2051,7,aegypti,23.71250550887164,77.61545688184383,0.0019024409576991793,0.328693995434069,0.3272502358782145,0.3302373828168669,0.3915281502556894,0.3888470374948642,0.39437516067307754,0.6084718497443107,0.6056248393269225,0.6111529625051357,1.8409024276622166e-4,7.207651223037956e-5,7.158294553135565e-5,7.260061906927452e-5
TUR.81.6_1,2051,8,aegypti,22.495220801409552,80.6132337022005,0.00225902871719502,0.2481555686632005,0.24708642878233059,0.24924091117130634,0.1943508054558585,0.19090255989793004,0.1978318148931101,0.8056491945441415,0.8021681851068899,0.80909744010207,0.00021859178764216391,4.248348999429053e-5,4.17297318335538e-5,4.3244410069978606e-5
TUR.81.6_1,2051,9,aegypti,19.392466769498938,86.45203512929997,0.0018005549754610648,0.07279598354000812,0.07236584722021021,0.07319057359909739,1.1913825481713048e-13,1.0035861031099102e-13,1.3845036228588017e-13,0.9999999999998809,0.9999999999998616,0.9999999999998996,1.8003928852783346e-4,2.1449566633723897e-17,1.8068492798032917e-17,2.492650472237065e-17
TUR.81.6_1,2051,10,aegypti,15.598172187805176,83.73007439954536,0.0017743717833254167,8.678750408464435e-4,8.576950338040669e-4,8.787607555441171e-4,0,0,0,1,1,1,1.7169865648458682e-4,0,0,0
TUR.81.6_1,2051,11,aegypti,9.815207221928764,81.37139531259092,0.0010292236435629953,0,0,0,0,0,0,1,1,1,1.0291706803144951e-4,0,0,0
TUR.81.6_1,2051,12,aegypti,8.828383764799902,77.6053500851248,8.465526067773647e-4,0,0,0,0,0,0,1,1,1,8.192109010141113e-5,0,0,0
TUR.81.6_1,2052,1,aegypti,6.0892455998589,75.6874974883496,8.423940995774094e-4,0,0,0,0,0,0,1,1,1,8.151868680783547e-5,0,0,0
TUR.81.6_1,2052,2,aegypti,6.627332984524616,75.22426829508703,6.526411466405107e-4,0,0,0,0,0,0,1,1,1,6.751232231716475e-5,0,0,0
TUR.81.6_1,2052,3,aegypti,8.410288477645201,81.44427020167616,7.735448265992243e-4,0,0,0,0,0,0,1,1,1,7.485637488946484e-5,0,0,0
TUR.81.6_1,2052,4,aegypti,12.6412430230309,78.636069892932,0.0010228707580565582,0,0,0,0,0,0,1,1,1,1.0228184466110068e-4,0,0,0
TUR.81.6_1,2052,5,aegypti,17.014320457682892,69.64936918302962,0.0014297028556313574,0.008053503004472495,0.007975730719253707,0.008134519121402934,0,0,0,1,1,1,1.383487697936836e-4,0,0,0
TUR.81.6_1,2052,6,aegypti,21.58348467770745,78.39149382727416,0.0016080880821302066,0.17613552374630073,0.17522420387466695,0.1770077065889464,0.0030671346185334263,0.002726792758030677,0.003417705961428394,0.9969328653814665,0.9965822940385716,0.9972732072419693,1.6079587916961735e-4,4.931826075186512e-7,4.384570388408884e-7,5.495530348111209e-7
TUR.81.6_1,2052,7,aegypti,23.917879272909726,75.75321322950008,0.0018884329361217617,0.3335313504046582,0.3320298228813364,0.3350322481484198,0.4003530341233803,0.3976445685787044,0.40304261610571335,0.5996469658766197,0.5969573838942867,0.6023554314212957,1.8273487641162767e-4,7.315846221155606e-5,7.266353109498455e-5,7.364994264269662e-5
TUR.81.6_1,2052,8,aegypti,22.955460211809942,78.97682012798175,0.002242395074565319,0.27635702805879153,0.2751330182273099,0.2775411913998147,0.27631175272471836,0.2730979821486282,0.2794012873356526,0.7236882472752817,0.7205987126643474,0.7269020178513718,2.1698243086443192e-4,5.995479578262121e-5,5.925746403078058e-5,6.062517051274152e-5
TUR.81.6_1,2052,9,aegypti,19.798672900480383,76.77706259512028,0.0017872971590513038,0.07849732624037419,0.07803117498517412,0.07893411868486352,1.0138171413487385e-12,8.533146411693338e-13,1.182506870200939e-12,0.9999999999989861,0.9999999999988175,0.9999999999991467,1.7871374470102008e-4,1.8118305777251645e-16,1.5249905493157887e-16,2.113302309082929e-16
TUR.81.6_1,2052,10,aegypti,15.683791160583496,86.01388024671333,0.0017613067585599469,0.0011283755635439268,0.001113992402336517,0.0011423246482526817,0,0,0,1,1,1,1.7043451553844235e-4,0,0,0
TUR.81.6_1,2052,11,aegypti,7.951218822423149,83.84708043221983,0.001021645281170895,0,0,0,0,0,0,1,1,1,1.0215930949941665e-4,0,0,0
TUR.81.6_1,2052,12,aegypti,4.217415175017188,82.97836644254667,8.403192847212111e-4,0,0,0,0,0,0,1,1,1,8.131791462118176e-5,0,0,0
TUR.81.6_1,2053,1,aegypti,0.2494449738193958,84.14673363336914,8.436581312043855e-4,0,0,0,0,0,0,1,1,1,8.16410024697678e-5,0,0,0
TUR.81.6_1,2053,2,aegypti,3.0788078895386533,86.02639231852453,6.310818134248307e-4,0,0,0,0,0,0,1,1,1,6.761362267715398e-5,0,0,0
TUR.81.6_1,2053,3,aegypti,7.283445025191588,75.2205992422035,7.747055483162873e-4,0,0,0,0,0,0,1,1,1,7.496869438272658e-5,0,0,0
TUR.81.6_1,2053,4,aegypti,12.62710384761586,73.1293331375609,0.0010244055990402986,0,0,0,0,0,0,1,1,1,1.0243531304898745e-4,0,0,0
TUR.81.6_1,2053,5,aegypti,15.42554100822,70.43920988127181,0.0014318481574890067,4.0880450810121835e-4,4.032278340745186e-4,4.143415659608408e-4,0,0,0,1,1,1,1.3855635090676e-4,0,0,0
TUR.81.6_1,2053,6,aegypti,21.441982297336356,64.78244307654174,0.0016105010551030652,0.13329053384071693,0.13251112758129213,0.1340106167603139,2.5926141115746314e-6,2.2062377968173894e-6,2.989605125844341e-6,0.9999974073858884,0.9999970103948741,0.9999977937622031,1.6103713763826466e-4,4.175071555285512e-10,3.552862197488238e-10,4.814374521346567e-10
TUR.81.6_1,2053,7,aegypti,23.80196969649371,70.73869067700984,0.0018912665729645158,0.2962933039917361,0.2948389703439608,0.29774015458066655,0.3249915258114588,0.32166644270434364,0.32827548651378236,0.6750084741885413,0.6717245134862176,0.6783335572956564,1.83009049184224e-4,5.947639013168526e-5,5.886786983379359e-5,6.0077384657375865e-5
TUR.81.6_1,2053,8,aegypti,24.79795326906092,70.89037908794269,0.002245759839698228,0.36556871891542314,0.36365901370985143,0.3671989326756459,0.4529039105708197,0.4500342634003146,0.455336112694361,0.5470960894291803,0.544663887305639,0.5499657365996854,2.1730798258934314e-4,9.84196351129691e-5,9.779603787560343e-5,9.894817204968539e-5
TUR.81.6_1,2053,9,aegypti,20.928029284757727,78.82449454092107,0.001789979039345787,0.13741573162551124,0.13668958649730487,0.1381467654006511,5.883741790262853e-6,5.092224230351939e-6,6.766280710929218e-6,0.9999941162582098,0.999993233719289,0.9999949077757696,1.789818847656166e-4,1.0530831950954688e-9,9.114158903975314e-10,1.2110416744953478e-9
TUR.81.6_1,2053,10,aegypti,16.026840209960938,77.72510766370551,0.0017639496396636293,0.002087667962943312,0.0020639250147968177,0.0021108487130209034,0,0,0,1,1,1,1.7069023460236643e-4,0,0,0
TUR.81.6_1,2053,11,aegypti,11.912364700261284,79.56065770272764,0.00102317828329852,0,0,0,0,0,0,1,1,1,1.0231259403936654e-4,0,0,0
TUR.81.6_1,2053,12,aegypti,7.411839327391456,78.61501652799589,8.415802030410075e-4,0,0,0,0,0,0,1,1,1,8.143992904452446e-5,0,0,0
TUR.81.6_1,2054,1,aegypti,5.619394582860609,83.12175499567383,8.044639137314221e-4,0,0,0,0,0,0,1,1,1,7.784831615265109e-5,0,0,0
TUR.81.6_1,2054,2,aegypti,8.344846545773395,74.27028880289953,6.017633526363426e-4,0,0,0,0,0,0,1,1,1,6.447256648012267e-5,0,0,0
TUR.81.6_1,2054,3,aegypti,6.824530745253844,80.09105975245741,7.387146929980638e-4,0,0,0,0,0,0,1,1,1,7.14859634339815e-5,0,0,0
TUR.81.6_1,2054,4,aegypti,10.28181461726918,82.57579767613512,9.768143125413603e-4,0,0,0,0,0,0,1,1,1,9.76766605784718e-5,0,0,0
TUR.81.6_1,2054,5,aegypti,13.342023933635039,85.54986661955306,0.0013653281228954085,0,0,0,0,0,0,1,1,1,1.321197994326173e-4,0,0,0
TUR.81.6_1,2054,6,aegypti,19.431661633884207,78.22489073889525,0.0015356812599047014,0.0656477750379531,0.06526286237277173,0.06599247000923729,6.283529252470999e-15,5.3290705182007514e-15,7.219225217625078e-15,0.9999999999999937,0.9999999999999928,0.9999999999999947,1.5355633500935273e-4,9.648757229335043e-19,8.183125377812995e-19,1.1085577660256038e-18
TUR.81.6_1,2054,7,aegypti,21.96057145735797,77.5985806611407,0.0018034031237563683,0.1985120358033608,0.19761216777225937,0.19942681660781064,0.02986168835561055,0.02785465960390901,0.031964755711347645,0.9701383116443895,0.9680352442886524,0.972145340396091,1.745076547117197e-4,5.2110932006698665e-6,4.86085132027144e-6,5.578094552620324e-6
TUR.81.6_1,2054,8,aegypti,24.695519110735724,70.01806082012043,0.0021414275322225403,0.35252502774126176,0.350648085127551,0.3542761699436527,0.43266034838467815,0.4296275918701042,0.43546867767962555,0.5673396516153218,0.5645313223203745,0.5703724081298958,2.072134507998813e-4,8.9653043813068e-5,8.902461587024732e-5,9.023496741725646e-5
TUR.81.6_1,2054,9,aegypti,18.184729800504797,82.72913473867497,0.0017068211521100998,0.030462230333311215,0.030241445594678305,0.030677351454319754,0,0,0,1,1,1,1.706675498475141e-4,0,0,0
TUR.81.6_1,2054,10,aegypti,13.544346809387207,84.83133935315864,0.0016820010123332271,0,0,0,0,0,0,1,1,1,1.627610444998595e-4,0,0,0
TUR.81.6_1,2054,11,aegypti,10.186489799443413,80.48102971200498,9.756440147767839e-4,0,0,0,0,0,0,1,1,1,9.755964222624147e-5,0,0,0
TUR.81.6_1,2054,12,aegypti,5.797120890196632,85.32294804655058,8.024825208414164e-4,0,0,0,0,0,0,1,1,1,7.765658336256198e-5,0,0,0
TUR.81.6_1,2055,1,aegypti,6.9760773602653945,78.9660848296582,8.664286619235295e-4,0,0,0,0,0,0,1,1,1,8.384441988495972e-5,0,0,0
TUR.81.6_1,2055,2,aegypti,5.371436893063434,82.90913615397375,6.481148594980888e-4,0,0,0,0,0,0,1,1,1,6.943846684137611e-5,0,0,0
TUR.81.6_1,2055,3,aegypti,4.946180487380309,81.199969359391,7.956150326604305e-4,0,0,0,0,0,0,1,1,1,7.699203912148178e-5,0,0,0
TUR.81.6_1,2055,4,aegypti,13.103309673421524,71.40029108433825,0.0010520545462844985,0,0,0,0,0,0,1,1,1,1.0519992072866025e-4,0,0,0
TUR.81.6_1,2055,5,aegypti,16.64005574058084,80.219529095139,0.001470494074892432,0.005923206596639543,0.005863682079347186,0.005984216651525104,0,0,0,1,1,1,1.4229575321422772e-4,0,0,0
TUR.81.6_1,2055,6,aegypti,19.216312436496512,79.36599639075072,0.0016539688560902805,0.05886842914950274,0.058524333068400894,0.05922879022747015,2.8055335832277707e-16,2.220446049250313e-16,3.3306690738754696e-16,0.9999999999999997,0.9999999999999997,0.9999999999999998,1.6538320829817543e-4,4.639881449824849e-20,3.6722449147802523e-20,5.508367372170379e-20
TUR.81.6_1,2055,7,aegypti,21.763454605551328,83.77598697217586,0.0019423123010917371,0.2052425005566293,0.204333026792699,0.20612963773987225,0.04732182785847291,0.0447100394064907,0.04991777075902413,0.9526781721415271,0.950082229240976,0.9552899605935092,1.8794804211064164e-4,8.8940448950968e-6,8.403164369139563e-6,9.381947280686423e-6
TUR.81.6_1,2055,8,aegypti,23.209225318011114,71.93485464336261,0.002306373424189693,0.26162033204124563,0.26040816875868045,0.2628917266800008,0.23560362869266274,0.2320594386550286,0.23929607158026966,0.7643963713073373,0.7607039284197303,0.7679405613449714,2.2317252145453992e-4,5.258025587918073e-5,5.178929005196786e-5,5.3404307668734855e-5
TUR.81.6_1,2055,9,aegypti,22.13219378976261,65.71437567495427,0.001838290993198304,0.17162276376600621,0.17069300485484395,0.17257043151059542,0.0016981842506807907,0.0014930962986398205,0.0019256356337781972,0.9983018157493192,0.9980743643662218,0.9985069037013602,1.8381220378627106e-4,3.121469895527735e-7,2.744493211181097e-7,3.5395532953414324e-7
TUR.81.6_1,2055,10,aegypti,17.449593544006348,73.94388818128364,0.0018115590539172955,0.013853684613630186,0.013745809741643448,0.013968505419293316,0,0,0,1,1,1,1.7529680022820848e-4,0,0,0
TUR.81.6_1,2055,11,aegypti,11.332662322941948,77.08985539559873,0.0010507941050031599,0,0,0,0,0,0,1,1,1,1.0507388985248056e-4,0,0,0
TUR.81.6_1,2055,12,aegypti,7.280689081724952,84.56261784635527,8.642946499919444e-4,0,0,0,0,0,0,1,1,1,8.363791989529634e-5,0,0,0
TUR.81.6_1,2056,1,aegypti,7.505553049199721,80.32085167536133,8.526655156730974e-4,0,0,0,0,0,0,1,1,1,8.251261329283999e-5,0,0,0
TUR.81.6_1,2056,2,aegypti,6.256914912777789,81.51926646403234,6.605988813654743e-4,0,0,0,0,0,0,1,1,1,6.833548033835513e-5,0,0,0
TUR.81.6_1,2056,3,aegypti,5.906670237288756,79.20376116847304,7.829767549409035e-4,0,0,0,0,0,0,1,1,1,7.576907340534067e-5,0,0,0
TUR.81.6_1,2056,4,aegypti,12.481581730001114,78.31720697789294,0.0010353427485101728,0,0,0,0,0,0,1,1,1,1.0352891536291597e-4,0,0,0
TUR.81.6_1,2056,5,aegypti,15.98179158042459,76.65664762541243,0.0014471354004826921,0.001875180440550351,0.001853625278970877,0.0018973594981182744,0,0,0,1,1,1,1.4003555544317425e-4,0,0,0
TUR.81.6_1,2056,6,aegypti,21.093893079196707,75.67803862707885,0.0016276957002490445,0.13976865633132446,0.13903508645198573,0.14050144281087618,9.26613104074947e-6,8.031487236209722e-6,1.0625765099780969e-5,0.9999907338689592,0.9999893742349002,0.9999919685127637,1.6275632377715787e-4,1.5081214238297936e-9,1.3071753370286603e-9,1.7294104649599759e-9
TUR.81.6_1,2056,7,aegypti,22.893375565023984,80.98494082959773,0.0019114588339354322,0.28106629341056605,0.27990519561007915,0.28229345743258166,0.28843115949252496,0.2854842723141899,0.2915268404114424,0.711568840507475,0.7084731595885576,0.7145157276858101,1.8496277943058637e-4,5.3349028934124174e-5,5.2803964490950955e-5,5.392161468111737e-5
TUR.81.6_1,2056,8,aegypti,24.95250191408045,73.04335607768878,0.0022697368767851307,0.3920490030807798,0.3901340994908003,0.39381291177497446,0.4898567248686074,0.48735575822105665,0.4921446358614945,0.5101432751313926,0.5078553641385055,0.5126442417789433,2.1962783409323894e-4,1.075861714988999e-4,1.0703688961095891e-4,1.080886604348658e-4
TUR.81.6_1,2056,9,aegypti,20.28156779794132,72.1677638890656,0.0018090898957483753,0.09279255791100867,0.09223043378120697,0.09333040427834914,1.1447732495284413e-10,9.615008234042933e-11,1.3421838918059594e-10,0.9999999998855227,0.9999999998657816,0.9999999999038499,1.8089262653031568e-4,2.070810398888442e-14,1.739284093566638e-14,2.42791169475461e-14
TUR.81.6_1,2056,10,aegypti,15.433621406555176,84.71904229505317,0.0017827825910692108,5.431878639443202e-4,5.353105011941011e-4,5.503665364668229e-4,0,0,0,1,1,1,1.7251246553584565e-4,0,0,0
TUR.81.6_1,2056,11,aegypti,7.521810272160698,82.58574315194639,0.0010341023292323268,0,0,0,0,0,0,1,1,1,1.0340488626936484e-4,0,0,0
TUR.81.6_1,2056,12,aegypti,5.957072100218604,82.25899846158964,8.505654023411378e-4,0,0,0,0,0,0,1,1,1,8.230939326769882e-5,0,0,0
TUR.81.6_1,2057,1,aegypti,3.863549751393935,85.62547814020508,8.72532061119798e-4,0,0,0,0,0,0,1,1,1,8.443502172283956e-5,0,0,0
TUR.81.6_1,2057,2,aegypti,5.888894855099567,80.15649638346594,6.526803868015929e-4,0,0,0,0,0,0,1,1,1,6.992759639468105e-5,0,0,0
TUR.81.6_1,2057,3,aegypti,5.439681673751158,84.49582964991835,8.012195981189396e-4,0,0,0,0,0,0,1,1,1,7.753437451818446e-5,0,0,0
TUR.81.6_1,2057,4,aegypti,12.063258213155411,73.05824243931872,0.001059465553277236,0,0,0,0,0,0,1,1,1,1.0594094318960856e-4,0,0,0
TUR.81.6_1,2057,5,aegypti,16.348051155314728,84.83452695890853,0.0014808527030741121,0.004132773390650323,0.0040921496455971805,0.004175332557117801,0,0,0,1,1,1,1.4329805795632033e-4,0,0,0
TUR.81.6_1,2057,6,aegypti,21.96671679440667,77.870581656864,0.0016656199390132573,0.19983694726273002,0.19890652729978134,0.2008475128341813,0.0329524009567812,0.03075147666706675,0.03541739377897341,0.9670475990432188,0.9645826062210265,0.9692485233329332,1.6654812322258739e-4,5.488160535030102e-6,5.121600725223154e-6,5.898700463323365e-6
TUR.81.6_1,2057,7,aegypti,24.940992523642148,71.20867282422664,0.0019559945669935454,0.3775469654127228,0.37582268561230164,0.3794097710203052,0.4702615935663873,0.4678341499934377,0.47286544926369817,0.5297384064336127,0.5271345507363019,0.5321658500065622,1.892718826226325e-4,8.900729713942936e-5,8.854785032441699e-5,8.950013380933706e-5
TUR.81.6_1,2057,8,aegypti,24.333668372210333,76.3632337022005,0.0023226202524885666,0.36978161593421527,0.36796958700389637,0.37137869923683003,0.4591372074959243,0.4564768253186926,0.4614661557171644,0.5408627925040757,0.5385338442828356,0.5435231746813074,2.2474444303677288e-4,1.0318853597613074e-4,1.0259062986544382e-4,1.0371195414697479e-4
TUR.81.6_1,2057,9,aegypti,19.849747882169837,79.69221609853825,0.0018512404999072411,0.08436808573751997,0.08391573224310052,0.08482880624218822,7.810308844113934e-12,6.688588571890364e-12,9.082409824223702e-12,0.9999999999921897,0.9999999999909176,0.9999999999933114,1.851069155911489e-4,1.4457421799482015e-15,1.2381040002008326e-15,1.6812168686967981e-15
TUR.81.6_1,2057,10,aegypti,14.671698570251465,83.8577217994477,0.0018243202523397085,1.5033302847761765e-9,1.4772392193820204e-9,1.5281412118326708e-9,0,0,0,1,1,1,1.7653153766827856e-4,0,0,0
TUR.81.6_1,2057,11,aegypti,7.654299476567436,86.96955510262998,0.0010581962330464332,0,0,0,0,0,0,1,1,1,1.0581402460574374e-4,0,0,0
TUR.81.6_1,2057,12,aegypti,6.711722216185401,83.1793018063162,8.703830165291143e-4,0,0,0,0,0,0,1,1,1,8.422706720423445e-5,0,0,0
TUR.81.6_1,2058,1,aegypti,6.349265855901381,79.42442833551758,8.958792295367857e-4,0,0,0,0,0,0,1,1,1,8.6694231793083e-5,0,0,0
TUR.81.6_1,2058,2,aegypti,5.243957816677936,82.18931040934484,6.70144775323391e-4,0,0,0,0,0,0,1,1,1,7.179864828121829e-5,0,0,0
TUR.81.6_1,2058,3,aegypti,10.664003039107603,75.53483874415663,8.226585912858689e-4,0,0,0,0,0,0,1,1,1,7.960895277647762e-5,0,0,0
TUR.81.6_1,2058,4,aegypti,11.229405445211075,75.79051935582262,0.0010878146785490515,0,0,0,0,0,0,1,1,1,1.0877555136556971e-4,0,0,0
TUR.81.6_1,2058,5,aegypti,19.35164078544168,73.797226849045245,0.0015204772842213666,0.058509269753977064,0.05815891350969683,0.058842273602004974,2.2437607327674413e-16,2.220446049250313e-16,2.220446049250313e-16,0.9999999999999998,0.9999999999999998,0.9999999999999998,1.4713213799433245e-4,3.301293137598037e-20,3.2669897452726736e-20,3.2669897452726736e-20
TUR.81.6_1,2058,6,aegypti,21.235765485202567,75.60253050940307,0.0017101885124418683,0.14761989564675676,0.14683803995551775,0.14840257884983793,3.930972121085674e-5,3.412407067345802e-5,4.5038754284801304e-5,0.9999606902787891,0.9999549612457151,0.9999658759293265,1.710042283540325e-4,6.722128542474701e-9,5.835360373813159e-9,7.701817422499324e-9
TUR.81.6_1,2058,7,aegypti,23.960825134726132,80.56377536328914,0.0020083329699167604,0.36767430996398304,0.366178858882985,0.3691310623374147,0.4560380159679784,0.4538188293584202,0.4581870271694111,0.5439619840320217,0.5418129728305888,0.5461811706415798,1.9433591786899296e-4,8.862456641629154e-5,8.819329874960048e-5,8.904219648063273e-5
TUR.81.6_1,2058,8,aegypti,24.1364065619076,78.23495306255207,0.0023847688068167174,0.36672449428067483,0.3649984610861337,0.36841922302825186,0.45462856626924997,0.4520524905692714,0.4571401662820522,0.54537143373075,0.5428598337179478,0.5479475094307287,2.3075744948219956e-4,1.0490892841404126e-4,1.0431447975584114e-4,1.0548849882711495e-4
TUR.81.6_1,2058,9,aegypti,19.16635249642765,81.82540243887028,0.0019007758988428556,0.05932508626296327,0.05898181327838012,0.05966152522404965,3.4217073618947323e-16,3.3306690738754696e-16,4.440892098500626e-16,0.9999999999999997,0.9999999999999996,0.9999999999999997,1.9005952628370348e-4,6.503280802831736e-20,6.330253863885532e-20,8.440338485180709e-20
TUR.81.6_1,2058,10,aegypti,16.283446311950684,87.24265527112739,0.0018731353206630818,0.0038677312903536145,0.003829772721062893,0.003905336911627429,0,0,0,1,1,1,1.8125473144015025e-4,0,0,0
TUR.81.6_1,2058,11,aegypti,11.241555908147026,77.60945531014951,0.0010865113939122124,0,0,0,0,0,0,1,1,1,1.0864523706999307e-4,0,0,0
TUR.81.6_1,2058,12,aegypti,5.9828766198719245,83.60793644987089,8.936726809204849e-4,0,0,0,0,0,0,1,1,1,8.648071331984752e-5,0,0,0
TUR.81.6_1,2059,1,aegypti,4.208688062780043,87.00848137506836,8.471957486139687e-4,0,0,0,0,0,0,1,1,1,8.198332453335233e-5,0,0,0
TUR.81.6_1,2059,2,aegypti,3.754639922696002,84.23374400309484,6.337280583046802e-4,0,0,0,0,0,0,1,1,1,6.789712970389772e-5,0,0,0
TUR.81.6_1,2059,3,aegypti,6.815528536544127,79.08410937403944,7.77954034561672e-4,0,0,0,0,0,0,1,1,1,7.528304040205214e-5,0,0,0
TUR.81.6_1,2059,4,aegypti,9.709574741475723,75.43129694371325,0.0010287011246182553,0,0,0,0,0,0,1,1,1,1.0286482151322662e-4,0,0,0
TUR.81.6_1,2059,5,aegypti,18.085374916301056,73.30134672209212,0.001437852166438202,0.024316611246370416,0.024112881416321393,0.02449936538431813,0,0,0,1,1,1,1.3913730335635144e-4,0,0,0
TUR.81.6_1,2059,6,aegypti,19.898756055270926,77.01896575110229,0.001617254189293275,0.08298128422820215,0.08247972423354329,0.08344192249244743,4.889121218987213e-12,4.104677708838267e-12,5.69883029655216e-12,0.9999999999951109,0.9999999999943011,0.9999999999958953,1.6171234207873475e-4,7.906312430292609e-16,6.63777045774611e-16,9.215711943647002e-16
TUR.81.6_1,2059,7,aegypti,25.24897782942828,69.93152362378719,0.0018991970098408023,0.38836113809918976,0.38643409926368577,0.3901793442568112,0.4850122465887923,0.48244733086423236,0.4874152038742331,0.5149877534112077,0.5125847961257669,0.5175526691357677,1.8377637007049863e-4,8.913379011782582e-5,8.866241921642946e-5,8.957539688517861e-5
TUR.81.6_1,2059,8,aegypti,26.435827872332403,68.62690939189777,0.0022551767335949506,0.4465645796191239,0.44425185706001424,0.44891679101495163,0.5521332767439082,0.5498049207525425,0.5544831375296732,0.4478667232560918,0.4455168624703269,0.4501950792474575,2.1821909645125537e-4,1.2048602477172658e-4,1.1997793303107386e-4,1.2099880926918242e-4
TUR.81.6_1,2059,9,aegypti,20.376900897306555,78.07070273183903,0.001797484758520613,0.10659288970105055,0.10601611093537633,0.10715321915540511,5.556260727290763e-9,4.76362844448186e-9,6.412368735997376e-9,0.9999999944437393,0.9999999935876313,0.9999999952363716,1.7973232206269785e-4,9.986396425017431e-13,8.561780017706421e-13,1.152509922843055e-12
TUR.81.6_1,2059,10,aegypti,16.94681453704834,76.91362237317817,0.0017713462126641097,0.008355575847262675,0.008274888335799705,0.008437712459839016,0,0,0,1,1,1,1.71405909553779e-4,0,0,0
TUR.81.6_1,2059,11,aegypti,10.102117278996635,82.49357243661436,0.0010274686625104611,0,0,0,0,0,0,1,1,1,1.0274158797252131e-4,0,0,0
TUR.81.6_1,2059,12,aegypti,7.251715025481055,81.08104283414823,8.451091073065163e-4,0,0,0,0,0,0,1,1,1,8.178140803827283e-5,0,0,0
TUR.81.6_1,2060,1,aegypti,4.926253599279066,87.13167320856445,9.728721594932875e-4,0,0,0,0,0,0,1,1,1,9.414448679023746e-5,0,0,0
TUR.81.6_1,2060,2,aegypti,3.6781437984284238,79.85220561198156,7.537284532558425e-4,0,0,0,0,0,0,1,1,1,7.796886922717405e-5,0,0,0
TUR.81.6_1,2060,3,aegypti,9.8015877253869,75.24128253077772,8.933588522236481e-4,0,0,0,0,0,0,1,1,1,8.645034542675845e-5,0,0,0
TUR.81.6_1,2060,4,aegypti,15.400026363485,66.80535471348864,0.001181302770012548,3.507928806665324e-4,3.457271384642354e-4,3.563503055035016e-4,0,0,0,1,1,1,1.1812329989480119e-4,0,0,0
TUR.81.6_1,2060,5,aegypti,17.62174042533426,77.01422971769759,0.00165114891627275,0.017175470663753203,0.01703831317396918,0.017310922975982884,0,0,0,1,1,1,1.5977583928139527e-4,0,0,0
TUR.81.6_1,2060,6,aegypti,22.215230969821707,59.57319548743041,0.0018571641538114444,0.15817084857699384,0.1572841112452537,0.15906522405840126,2.3264778458912495e-4,2.01313153091931e-4,2.6750126649759955e-4,0.9997673522154109,0.9997324987335023,0.9997986868469081,1.8569917115518475e-4,4.320250076929046e-8,3.73836856718084e-8,4.9674763471566416e-8
TUR.81.6_1,2060,7,aegypti,23.75160234114703,80.60137301953914,0.0021809315017100295,0.350040597364655,0.34861321470232387,0.35145523537695794,0.4286349921409254,0.4262983071081602,0.430937504898691,0.5713650078590746,0.569062495101309,0.5737016928918398,2.1103561611324206e-4,9.045724965415486e-5,8.996412588860265e-5,9.094316185259852e-5
TUR.81.6_1,2060,8,aegypti,26.459620139178107,73.65990270854816,0.002589718683599356,0.49817309590294007,0.4957329839478599,0.500448501310919,0.5985308253773306,0.596557004504291,0.6003584793406188,0.4014691746226694,0.39964152065938124,0.40344299549570894,2.5058653507070705e-4,1.4998376566431569e-4,1.4948915273089048e-4,1.504417511382843e-4
TUR.81.6_1,2060,9,aegypti,21.078135714811438,82.76934164785466,0.0020641308476100936,0.1556790163874238,0.15494158734475988,0.15638510673692674,1.553783070778545e-4,1.3738938352197418e-4,1.7404927729515463e-4,0.9998446216929221,0.9998259507227047,0.9998626106164781,2.0639178304593386e-4,3.2068805844457036e-8,2.8356039836681892e-8,3.5922340678803136e-8
TUR.81.6_1,2060,10,aegypti,17.50716495513916,74.40249871595161,0.0020341148051605962,0.014772226487062603,0.014647614765800709,0.014903012053538958,0,0,0,1,1,1,1.968304461996695e-4,0,0,0
TUR.81.6_1,2060,11,aegypti,12.735818603459526,74.33241673593076,0.0011798874795389295,0,0,0,0,0,0,1,1,1,1.1798178755528799e-4,0,0,0
TUR.81.6_1,2060,12,aegypti,5.901226362761329,80.3525424679373,9.704759774560308e-4,0,0,0,0,0,0,1,1,1,9.391262001012812e-5,0,0,0
TUR.81.6_1,2061,1,aegypti,5.805836958043715,81.4931615508496,8.796787000927638e-4,0,0,0,0,0,0,1,1,1,8.512657331083417e-5,0,0,0
TUR.81.6_1,2061,2,aegypti,5.726939498501666,79.92000804118078,6.580262890292088e-4,0,0,0,0,0,0,1,1,1,7.050033141653422e-5,0,0,0
TUR.81.6_1,2061,3,aegypti,8.596248293624205,76.00577075099257,8.077821388678401e-4,0,0,0,0,0,0,1,1,1,7.816940966420827e-5,0,0,0
TUR.81.6_1,2061,4,aegypti,10.272322696797989,87.42893183140856,0.0010681433063948103,0,0,0,0,0,0,1,1,1,1.0680862619194542e-4,0,0,0
TUR.81.6_1,2061,5,aegypti,19.074436271891877,78.31875700041243,0.001492981907389457,0.05311608291159553,0.052782725538946945,0.053445923673998225,0,0,0,1,1,1,1.4447168303111102e-4,0,0,0
TUR.81.6_1,2061,6,aegypti,20.5305671972387,76.96554473059447,0.0016792625143416916,0.11233960646449437,0.11174485856151391,0.11293961851443818,2.390523867468186e-8,2.0579703571832476e-8,2.7635281729665447e-8,0.9999999760947613,0.9999999723647183,0.9999999794202965,1.6791215261036108e-4,4.0139800845302866e-12,3.4555823268295275e-12,4.640299643221908e-12
TUR.81.6_1,2061,7,aegypti,23.70803659102496,77.84031802686336,0.001972015510665742,0.32966818300479384,0.3281994523129128,0.33111396283904104,0.3933264884149068,0.39061459898916007,0.395978463509811,0.6066735115850932,0.604021536490189,0.6093854010108399,1.9082200187492404e-4,7.505534790976663e-5,7.453785974068222e-5,7.55614031062987e-5
TUR.81.6_1,2061,8,aegypti,25.35681786256678,70.75861562969074,0.002341644113221582,0.40176463604485174,0.39976453747145807,0.4037376981746792,0.5021928181815887,0.4997054989524529,0.5046288697804898,0.49780718181841127,0.49537113021951024,0.500294501047547,2.2658504636441368e-4,1.1378938299155085e-4,1.1322579364869402e-4,1.1434135585603395e-4
TUR.81.6_1,2061,9,aegypti,21.03136943368351,76.35766714834294,0.001866403435568299,0.13777525793663817,0.1370447615694591,0.13848201699530777,6.311122328635843e-6,5.459437727556304e-6,7.219669381908211e-6,0.9999936888776714,0.9999927803306181,0.9999945405622724,1.866229273314035e-4,1.1778001237166051e-9,1.018856250300063e-9,1.3473558344166149e-9
TUR.81.6_1,2061,10,aegypti,14.816184043884277,82.11725091321723,0.0018392626926184178,1.2220023569843258e-5,1.2021207822338042e-5,1.2426258182998754e-5,0,0,0,1,1,1,1.7797732395841148e-4,0,0,0
TUR.81.6_1,2061,11,aegypti,9.13849041742437,79.45644017343076,0.0010668635895564388,0,0,0,0,0,0,1,1,1,1.0668066816843513e-4,0,0,0
TUR.81.6_1,2061,12,aegypti,8.707390150603125,76.56054265104277,8.775120533456542e-4,0,0,0,0,0,0,1,1,1,8.491691564616044e-5,0,0,0
TUR.81.6_1,2062,1,aegypti,6.292604726903578,79.88390099176758,9.186382690372798e-4,0,0,0,0,0,0,1,1,1,8.889652611843157e-5,0,0,0
TUR.81.6_1,2062,2,aegypti,3.3949726215180234,82.24865946940344,6.87169225617345e-4,0,0,0,0,0,0,1,1,1,7.362256389931154e-5,0,0,0
TUR.81.6_1,2062,3,aegypti,8.727808619246764,78.7895918569496,8.43557523594163e-4,0,0,0,0,0,0,1,1,1,8.163126704430201e-5,0,0,0
TUR.81.6_1,2062,4,aegypti,14.062018436544083,75.24430048375231,0.001115449672666636,0,0,0,0,0,0,1,1,1,1.1153874635805305e-4,0,0,0
TUR.81.6_1,2062,5,aegypti,18.020420158610627,69.46466154142806,0.001559103698843224,0.02170007739682238,0.021527973010513644,0.021865953323045157,0,0,0,1,1,1,1.5086962114774227e-4,0,0,0
TUR.81.6_1,2062,6,aegypti,22.747436551486746,62.64206221716674,0.0017536343772690734,0.1954877468564586,0.1944757506214032,0.19660756177052752,0.02349866665053027,0.021567718119833202,0.025727416945310777,0.9765013333494698,0.9742725830546892,0.9784322818801667,1.7534806245800283e-4,4.12044566751697e-6,3.781857583953112e-6,4.511252713409435e-6
TUR.81.6_1,2062,7,aegypti,26.047157455893124,68.63446170362117,0.0020593529376596374,0.4257946517618245,0.42368335432997384,0.42800785324192536,0.5302868406313576,0.527949356684256,0.5327188544333215,0.4697131593686424,0.46728114556667855,0.472050643315744,1.9927236239825064e-4,1.0567151148131527e-4,1.0520571553310834e-4,1.0615614461701777e-4
TUR.81.6_1,2062,8,aegypti,26.34598793702967,57.021078245657534,0.002445351802475575,0.3442157612232071,0.3420256359673314,0.3463864670503113,0.4189634154612156,0.41524855313447473,0.4226102668358133,0.5810365845387844,0.5773897331641866,0.5847514468655253,2.3661894994619903e-4,9.913468343230598e-5,9.825567660935783e-5,9.999759757517313e-5
TUR.81.6_1,2062,9,aegypti,20.60979960946476,71.97869223379216,0.0019490634719186585,0.10742228810497727,0.10677835437460677,0.10802177342515833,6.898775546715363e-9,5.816080064779961e-9,8.028103590240753e-9,0.9999999931012244,0.9999999919718965,0.9999999941839199,1.9488735418371483e-4,1.344484113406668e-12,1.1334804555456155e-12,1.5645758678148025e-12
TUR.81.6_1,2062,10,aegypti,16.72987461090088,75.24514245374458,0.0019207207086788121,0.006173560594276994,0.006115318955049904,0.00623200916080435,0,0,0,1,1,1,1.8585892370392987e-4,0,0,0
TUR.81.6_1,2062,11,aegypti,10.759999015752006,77.78865452889951,0.0011141132792071428,0,0,0,0,0,0,1,1,1,1.1140512190921381e-4,0,0,0
TUR.81.6_1,2062,12,aegypti,6.520012697752784,83.63360936246855,9.16375664955619e-4,0,0,0,0,0,0,1,1,1,8.867758387409719e-5,0,0,0
TUR.81.6_1,2063,1,aegypti,2.4960306111504047,79.25879418024414,8.408464839247121e-4,0,0,0,0,0,0,1,1,1,8.136892974885956e-5,0,0,0
TUR.81.6_1,2063,2,aegypti,5.083765803891071,79.56007609538,6.289786161718933e-4,0,0,0,0,0,0,1,1,1,6.73882953252658e-5,0,0,0
TUR.81.6_1,2063,3,aegypti,6.7345644481041855,83.50339800929335,7.721236983146025e-4,0,0,0,0,0,0,1,1,1,7.471885663112854e-5,0,0,0
TUR.81.6_1,2063,4,aegypti,10.268465084188126,83.58676874547106,0.0010209915772827983,0,0,0,0,0,0,1,1,1,1.02093945786641e-4,0,0,0
TUR.81.6_1,2063,5,aegypti,16.076374138102814,80.50235075041243,0.001427076257796459,0.002404697220402958,0.0023809015092645883,0.0024307313184118834,0,0,0,1,1,1,1.380946180405962e-4,0,0,0
TUR.81.6_1,2063,6,aegypti,20.508733777438895,84.8836431803015,0.001605133761476644,0.12601779855980605,0.1254150655124093,0.12660742258254729,5.645568836725178e-7,4.941891743104332e-7,6.398360046511176e-7,0.9999994354431163,0.9999993601639954,0.9999995058108256,1.605004945649524e-4,9.061165903948742e-11,7.931760688547e-11,1.0269399518696756e-10
TUR.81.6_1,2063,7,aegypti,24.18593423506793,74.79634982617976,0.0018849635761482323,0.34796798448128774,0.3464171378417015,0.34963046115414065,0.4252310820552389,0.4226613872275844,0.42796748475613156,0.5747689179447611,0.5720325152438684,0.5773386127724156,1.8239919319396058e-4,7.756180628787043e-5,7.709309602455155e-5,7.806092393276703e-5
TUR.81.6_1,2063,8,aegypti,24.268498084124396,74.53349127055988,0.0022382754282873245,0.3524597990243963,0.35095722959573217,0.3540711320954058,0.43255638474999764,0.43013001009669094,0.435141765855507,0.5674436152500024,0.5648582341444929,0.569869989903309,2.165838418443089e-4,9.368472362343951e-5,9.315921007927271e-5,9.424467539590243e-5
TUR.81.6_1,2063,9,aegypti,22.037801013273352,69.79981726430974,0.0017840136020311908,0.1786043141009559,0.17768038157034483,0.17947713653507477,0.004165900976993157,0.0037152691166325775,0.0046217991106175995,0.9958340990230068,0.9953782008893824,0.9962847308833674,1.783854476267166e-4,7.431361105495002e-7,6.627499444242184e-7,8.244617031882812e-7
TUR.81.6_1,2063,10,aegypti,15.102068901062012,79.59131860120551,0.0017580709501537433,1.271764788733766e-4,1.252059656467643e-4,1.290628866598953e-4,0,0,0,1,1,1,1.7012142611072534e-4,0,0,0
TUR.81.6_1,2063,11,aegypti,11.863267639104057,79.36713048104795,0.0010197683517984817,0,0,0,0,0,0,1,1,1,1.0197163571912249e-4,0,0,0
TUR.81.6_1,2063,12,aegypti,8.286598524626562,75.68313176237089,8.38775480842539e-4,0,0,0,0,0,0,1,1,1,8.116852638362371e-5,0,0,0
TUR.81.6_1,2064,1,aegypti,8.993509573094984,77.8788045562207,9.45973041215429e-4,0,0,0,0,0,0,1,1,1,9.154158799529188e-5,0,0,0
TUR.81.6_1,2064,2,aegypti,5.827792941647418,79.38161692789953,7.328884789430036e-4,0,0,0,0,0,0,1,1,1,7.5813175581807e-5,0,0,0
TUR.81.6_1,2064,3,aegypti,9.64980664323358,73.95418841456679,8.686582117581506e-4,0,0,0,0,0,0,1,1,1,8.406016465845045e-5,0,0,0
TUR.81.6_1,2064,4,aegypti,13.632008594625137,77.73331415562731,0.0011486407160906024,0,0,0,0,0,0,1,1,1,1.1485747498418686e-4,0,0,0
TUR.81.6_1,2064,5,aegypti,18.011875236735627,71.07399076506087,0.0016054960012830647,0.022097209612165287,0.021927792756023003,0.02227730755766887,0,0,0,1,1,1,1.553585113857059e-4,0,0,0
TUR.81.6_1,2064,6,aegypti,21.537601498996512,73.50050261633666,0.0018058150862620224,0.15977108909476825,0.1589388394350462,0.16062124790321355,2.9957412983563724e-4,2.6220623779272807e-4,3.4139197023664306e-4,0.9997004258701644,0.9996586080297634,0.9997377937622073,1.8056520476694704e-4,5.409266409665182e-8,4.7345323018214754e-8,6.164351101157094e-8
TUR.81.6_1,2064,7,aegypti,23.556320358725156,68.37394076856258,0.0021206305322065333,0.26770889569481093,0.26641155511688486,0.26895383417943675,0.25295539289294117,0.24932763415638234,0.25641339670563557,0.7470446071070588,0.7435866032943644,0.7506723658436176,2.052012529106806e-4,5.1906763552145e-5,5.116234291414546e-5,5.2616350267079785e-5
TUR.81.6_1,2064,8,aegypti,24.640715262469122,65.6446286606966,0.002518115083376279,0.3206384103087688,0.31887835696921973,0.322274267568441,0.3762400353158945,0.3728018968350703,0.3794108132576743,0.62375996468410555,0.6205891867423257,0.6271981031649296,2.4365886681121385e-4,9.167422065408194e-5,9.083648772790428e-5,9.244680881428599e-5
TUR.81.6_1,2064,9,aegypti,20.97778247384464,72.42464560293278,0.002007059320514736,0.12645096191568114,0.12577491075458733,0.1271495923986307,6.203198438492486e-7,5.344139429097617e-7,7.188975177541134e-7,0.9999993796801562,0.9999992811024823,0.9999994655860571,2.006857919633065e-4,1.2448937913344107e-10,1.0724928536907879e-10,1.4427251769093942e-10
TUR.81.6_1,2064,10,aegypti,15.064271926879883,83.19521569593208,0.001977873197051206,1.1022823520058223e-4,1.0860072419067554e-4,1.1182975278783191e-4,0,0,0,1,1,1,1.9138876641844327e-4,0,0,0
TUR.81.6_1,2064,11,aegypti,9.671989181462456,80.10357304696592,0.0011472645572392385,0,0,0,0,0,0,1,1,1,1.147198748957523e-4,0,0,0
TUR.81.6_1,2064,12,aegypti,8.319052061613867,75.48625523649198,9.436431116486603e-4,0,0,0,0,0,0,1,1,1,9.131613155555218e-5,0,0,0
TUR.81.6_1,2065,1,aegypti,6.911499303929945,81.04155480036133,9.038145886715312e-4,0,0,0,0,0,0,1,1,1,8.746210290322409e-5,0,0,0
TUR.81.6_1,2065,2,aegypti,5.767230331021198,81.69011912516515,6.760806641007366e-4,0,0,0,0,0,0,1,1,1,7.243459049910417e-5,0,0,0
TUR.81.6_1,2065,3,aegypti,7.613135958419127,74.79353625392226,8.299453897201987e-4,0,0,0,0,0,0,1,1,1,8.031407043174177e-5,0,0,0
TUR.81.6_1,2065,4,aegypti,10.00232414638295,83.457847236682,0.001097450129245679,0,0,0,0,0,0,1,1,1,1.0973899116095698e-4,0,0,0
TUR.81.6_1,2065,5,aegypti,14.632424438700957,78.52551359220931,0.0015339450965209747,0,0,0,0,0,0,1,1,1,1.484352820565471e-4,0,0,0
TUR.81.6_1,2065,6,aegypti,21.124261884128348,79.64240935461791,0.0017253367149974285,0.15085455285078056,0.1501106244413027,0.15158275219370218,6.913762931230039e-5,6.06902621049954e-5,7.817184436674507e-5,0.9999308623706877,0.9999218281556332,0.999939309737895,1.725187884218382e-4,1.192754004331623e-8,1.0470210487357605e-8,1.3486111878851358e-8
TUR.81.6_1,2065,7,aegypti,21.735153366537656,84.3810513642657,0.002026122023232217,0.205193919787384,0.20429903197485194,0.20608922203202742,0.04718131864523591,0.044614094839064915,0.04979775565342747,0.9528186813547641,0.9502022443465725,0.955385905160935,1.960571031226488e-4,9.25023265509157e-6,8.746910192586183e-6,9.763203715420497e-6
TUR.81.6_1,2065,8,aegypti,25.160397193011114,82.34767736675128,0.0024058921862985853,0.48684317686054673,0.48489322944521723,0.48885298015594747,0.5891882639742168,0.5875380643337046,0.5908790411048963,0.4108117360257833,0.4091209588951037,0.4124619356662955,2.3280117369373077e-4,1.371637193797693e-4,1.367795509666291e-4,1.3755733428024605e-4
TUR.81.6_1,2065,9,aegypti,20.633742556852454,81.81942862295232,0.0019176122523319138,0.12704112371467913,0.12643538293328985,0.12767753347902128,7.039925802569958e-7,6.165379280109739e-7,8.048112136366248e-7,0.9999992960074198,0.9999991951887864,0.999999383462072,1.9174284022460686e-4,1.3498553683552586e-10,1.1821673342301833e-10,1.5431678794729929e-10
TUR.81.6_1,2065,10,aegypti,16.328059196472168,76.49479150159614,0.0018897268443722804,0.0034928250665239888,0.0034548119828150957,0.0035307285173997983,0,0,0,1,1,1,0.00018286007044976405,0,0,0
TUR.81.6_1,2065,11,aegypti,11.030511596623588,76.18135472421201,0.0010961353006068062,0,0,0,0,0,0,1,1,1,1.096075227171589e-4,0,0,0
TUR.81.6_1,2065,12,aegypti,8.446291288908789,77.38389927946073,9.015884952827417e-4,0,0,0,0,0,0,1,1,1,8.724669332937918e-5,0,0,0
TUR.81.6_1,2066,1,aegypti,2.8619001332451313,84.25265251764648,8.365371445460206e-4,0,0,0,0,0,0,1,1,1,8.095193075230434e-5,0,0,0
TUR.81.6_1,2066,2,aegypti,5.390211879330524,80.67487559489172,6.257550999048418e-4,0,0,0,0,0,0,1,1,1,6.70429417970464e-5,0,0,0
TUR.81.6_1,2066,3,aegypti,5.236643458113951,81.27800280665663,7.681665633060367e-4,0,0,0,0,0,0,1,1,1,7.433593662209415e-5,0,0,0
TUR.81.6_1,2066,4,aegypti,10.093278926961563,81.4141689529906,0.0010157589940545727,0,0,0,0,0,0,1,1,1,1.0157074074845784e-4,0,0,0
TUR.81.6_1,2066,5,aegypti,15.338544929728789,78.61982053801009,0.0014197624900258983,3.5193144610811637e-4,3.471339991231313e-4,3.5675642941548793e-4,0,0,0,1,1,1,1.373869315535181e-4,0,0,0
TUR.81.6_1,2066,6,aegypti,20.257120160495536,82.06441405432494,0.0015969074487565,0.10726989950285179,0.10670547925408597,0.10782530778076373,6.626525209885159e-9,5.706517763881535e-9,7.631542389696655e-9,0.9999999933734748,0.9999999923684576,0.9999999942934822,1.5967799498728397e-4,1.0581102592471532e-12,9.112053148959228e-13,1.2185893874472275e-12
TUR.81.6_1,2066,7,aegypti,23.58218972823199,74.82484561475398,0.001875303135245655,0.302855714777043,0.3013747676745482,0.3042680306799655,0.339617239060503,0.33637596596501357,0.3426859744678285,0.660382760939497,0.6573140255321716,0.6636240340349865,1.8146448190092812e-4,6.162846633073782e-5,6.104029038776541e-5,6.218533281151918e-5
TUR.81.6_1,2066,8,aegypti,26.992699286516974,72.18757070781574,0.0022268042636599187,0.5118125364754473,0.5092186419535315,0.5145090327472494,0.6092293738968233,0.6072414017800785,0.6112799051705945,0.39077062610317664,0.38872009482940556,0.3927585982199215,2.1547396895482684e-4,1.312730711974127e-4,1.3084471495524615e-4,1.3171490730943817e-4
TUR.81.6_1,2066,9,aegypti,21.555712924284094,78.22190970205388,0.0017748705298838588,0.17391204016429854,0.17312070176467784,0.1747508851970809,0.002302993714625794,0.0020720327655080278,0.0025653802998118424,0.9976970062853742,0.9974346197001881,0.9979279672344921,1.774713030932018e-4,4.08715295550093e-7,3.677263549465203e-7,4.552813847372364e-7
TUR.81.6_1,2066,10,aegypti,15.504490852355957,82.48625420911567,0.0017490608341327201,6.506207076365994e-4,6.424913094140476e-4,6.590368832242794e-4,0,0,0,1,1,1,1.6924962735576088e-4,0,0,0
TUR.81.6_1,2066,11,aegypti,10.932438590947319,79.30718632821592,0.001014542037602534,0,0,0,0,0,0,1,1,1,1.0144905745657073e-4,0,0,0
TUR.81.6_1,2066,12,aegypti,5.937400183256934,77.61681706510527,8.344767553574728e-4,0,0,0,0,0,0,1,1,1,8.075255437156592e-5,0,0,0
TUR.81.6_1,2067,1,aegypti,5.689610761754652,83.49361168512695,8.765444808488836e-4,0,0,0,0,0,0,1,1,1,8.482328754488844e-5,0,0,0
TUR.81.6_1,2067,2,aegypti,3.2033227077301816,83.39356455973547,6.556817981851802e-4,0,0,0,0,0,0,1,1,1,7.024915364672868e-5,0,0,0
TUR.81.6_1,2067,3,aegypti,7.677810335860533,78.54575640773085,8.049040808629853e-4,0,0,0,0,0,0,1,1,1,7.789090965493184e-5,0,0,0
TUR.81.6_1,2067,4,aegypti,12.050235790364884,77.79859888463122,0.0010643376040335147,0,0,0,0,0,0,1,1,1,1.0642809653160779e-4,0,0,0
TUR.81.6_1,2067,5,aegypti,15.145268524394316,81.65393919035384,0.0014876625417797047,1.6508947023443515e-4,1.6276515577793408e-4,1.673956499190585e-4,0,0,0,1,1,1,1.4395697995228662e-4,0,0,0
TUR.81.6_1,2067,6,aegypti,20.576175717746512,76.96479704993041,0.0016732794470156083,0.1146858131889423,0.11405779554850647,0.11534554443403,4.2384708101916855e-8,3.6302026876211536e-8,4.951922895901628e-8,0.9999999576152919,0.9999999504807711,0.9999999636979732,1.6731394616176232e-4,7.091552769446128e-12,6.073835370329306e-12,8.285257608020832e-12
TUR.81.6_1,2067,7,aegypti,23.42724053999957,72.26118594678523,0.0019649893896944064,0.27825290456698587,0.2768626861365449,0.2794850692070705,0.28123902186938826,0.27763632857403076,0.2844106855655668,0.7187609781306118,0.7155893144344333,0.7223636714259694,1.9014218420188023e-4,5.347540190104584e-5,5.2790377928857095e-5,5.407846896379104e-5
TUR.81.6_1,2067,8,aegypti,24.58019509034998,72.26112951518878,0.002333301037458575,0.36001981699018165,0.35831635692716335,0.3616142918050175,0.44447182292701093,0.44183403260760207,0.44692452307671643,0.5555281770729891,0.5530754769232835,0.558165967392398,2.2577783455335343e-4,1.0035188570044208e-4,9.975633111412014e-5,1.0090565102905128e-4
TUR.81.6_1,2067,9,aegypti,19.98589252023136,81.19831198476872,0.0018597536013004179,0.09261777577842152,0.09209288899681095,0.0931022990138054,1.0849827181136362e-10,9.21948989374144e-11,1.2529109694181528e-10,0.9999999998915017,0.9999999998747089,0.9999999999078051,1.8595806778476387e-4,2.017612898402729e-14,1.714438526601316e-14,2.329889029793351e-14
TUR.81.6_1,2067,10,aegypti,16.767115592956543,78.35092400892036,0.0018327095584739312,0.006820676026988546,0.006753644220000119,0.006883510933251014,0,0,0,1,1,1,1.7734326235396836e-4,0,0,0
TUR.81.6_1,2067,11,aegypti,9.205973365727592,85.02744694833311,0.0010630624467157287,0,0,0,0,0,0,1,1,1,1.0630059436300687e-4,0,0,0
TUR.81.6_1,2067,12,aegypti,7.043371042784522,83.6214633663748,8.743855536770335e-4,0,0,0,0,0,0,1,1,1,8.461437680917783e-5,0,0,0
TUR.81.6_1,2068,1,aegypti,7.515476507299086,80.2958959258496,9.109257155880438e-4,0,0,0,0,0,0,1,1,1,8.815021604990925e-5,0,0,0
TUR.81.6_1,2068,2,aegypti,6.005575477200397,77.0030692594425,7.057357166009899e-4,0,0,0,0,0,0,1,1,1,7.300447814007072e-5,0,0,0
TUR.81.6_1,2068,3,aegypti,11.760913515792174,71.60616595362929,8.364753208300181e-4,0,0,0,0,0,0,1,1,1,8.094594829632928e-5,0,0,0
TUR.81.6_1,2068,4,aegypti,11.317318958394669,81.2045742264281,0.0011060847621133343,0,0,0,0,0,0,1,1,1,1.1060235931936724e-4,0,0,0
TUR.81.6_1,2068,5,aegypti,16.449880684123322,83.94491666838118,0.0015460140301286475,0.004773000206662882,0.004727644725451268,0.004818621138075964,0,0,0,1,1,1,1.496030693247663e-4,0,0,0
TUR.81.6_1,2068,6,aegypti,20.48477175656487,73.22946074621947,0.0017389114995913562,0.10367972544091826,0.10311444594642535,0.1042719069722448,2.565604982684988e-9,2.1959631807400016e-9,2.99910666579084e-9,0.999999997434395,0.9999999970008933,0.9999999978040368,1.7387603176943767e-4,4.460972134771626e-13,3.818253637788639e-13,5.214727659009804e-13
TUR.81.6_1,2068,7,aegypti,22.83029000899371,73.73006564649226,0.0020420633579220264,0.2435279085043646,0.24237643042233598,0.2446807698575996,0.17922234761811748,0.1753870335515875,0.1830403924412488,0.8207776523818825,0.8169596075587512,0.8246129664484125,1.975995092824423e-4,3.5414247941787303e-5,3.4656391764296935e-5,3.616869172525642e-5
TUR.81.6_1,2068,8,aegypti,25.75569023805506,78.55761541606769,0.0024248215163831573,0.4996785803485414,0.49743482497830355,0.5018878208365221,0.5997408292754011,0.5979372774930474,0.6015045759287987,0.40025917072459893,0.3984954240712013,0.40206272250695263,2.3463261620804143e-4,1.4071875981966768e-4,1.4029558774650736e-4,1.4113259231128254e-4
TUR.81.6_1,2068,9,aegypti,22.36163257150089,71.07695883535466,0.001932699842501304,0.2023904922370322,0.20132813223129878,0.20332133407334466,0.03940389094605894,0.03663077634714501,0.04189792680832561,0.9605961090539411,0.9581020731916744,0.9633692236528549,1.9325130880987196e-4,7.614853497527355e-6,7.078945471807474e-6,8.096829192129144e-6
TUR.81.6_1,2068,10,aegypti,17.038186073303223,74.15568017347114,0.0019045950348134462,0.00890986045462314,0.008828114942315484,0.008990789737234226,0,0,0,1,1,1,1.8429866344471524e-4,0,0,0
TUR.81.6_1,2068,11,aegypti,10.580449798527885,78.69015141610654,0.0011047595885282278,0,0,0,0,0,0,1,1,1,1.1046985660878583e-4,0,0,0
TUR.81.6_1,2068,12,aegypti,7.397449335631202,77.52231175504667,9.086821075089472e-4,0,0,0,0,0,0,1,1,1,8.793311180332886e-5,0,0,0
TUR.81.6_1,2069,1,aegypti,6.861159128301283,78.7357381499707,8.509501570511784e-4,0,0,0,0,0,0,1,1,1,8.234662452910602e-5,0,0,0
TUR.81.6_1,2069,2,aegypti,6.363024531918414,75.82183299235265,6.365364694338534e-4,0,0,0,0,0,0,1,1,1,6.819801042068363e-5,0,0,0
TUR.81.6_1,2069,3,aegypti,3.93439498017816,82.5745039663246,7.814015934002262e-4,0,0,0,0,0,0,1,1,1,7.561664995570094e-5,0,0,0
TUR.81.6_1,2069,4,aegypti,12.613606495015762,76.88132440953356,0.0010332598870860233,0,0,0,0,0,0,1,1,1,1.0332065076246177e-4,0,0,0
TUR.81.6_1,2069,5,aegypti,16.533068741069123,77.484360638107745,0.0014442241109551188,0.004867962271053328,0.004815667049984509,0.004913556720131135,0,0,0,1,1,1,1.3975385716058497e-4,0,0,0
TUR.81.6_1,2069,6,aegypti,20.724603681003348,66.66944792883666,0.001624421166681121,0.10352492661161491,0.10290307924022188,0.10416370396131983,2.462176881157241e-9,2.073615998354761e-9,2.913440680374357e-9,0.9999999975378231,0.9999999970865594,0.9999999979263839,1.6242892366180595e-4,3.9992874067135294e-13,3.36815214700665e-13,4.732270338657264e-13
TUR.81.6_1,2069,7,aegypti,24.435068298788632,66.8627408173907,0.0019076134369644454,0.3155278967003452,0.3139344637804606,0.31721931383043644,0.3661373950376991,0.36292484293504496,0.369521726123006,0.633862604962301,0.6304782738769941,0.6370751570649551,1.8459071300180874e-4,6.758556280663379e-5,6.69925555234494e-5,6.821027889470477e-5
TUR.81.6_1,2069,8,aegypti,26.52838959413416,57.053583281057925,0.0022651707102760896,0.35084216171374744,0.348534505649766,0.35298352410244355,0.4299369367003987,0.42616874851256126,0.43340133383522683,0.5700630632996013,0.5665986661647732,0.5738312514874387,2.191860439647586e-4,9.423617630968722e-5,9.34102420478804e-5,9.499552381239303e-5
TUR.81.6_1,2069,9,aegypti,21.1983959534589,75.85185354971013,0.0018054504405417829,0.14609542180143512,0.14535848563141768,0.14684532673208853,2.9933906965266212e-5,2.6147150662320096e-5,3.4168533923142896e-5,0.9999700660930347,0.9999658314660769,0.9999738528493377,1.8052874677854103e-4,5.403930710624949e-9,4.720312340898345e-9,6.168402608405054e-9
TUR.81.6_1,2069,10,aegypti,12.714488983154297,84.05306481702583,0.0017791960598534113,0,0,0,0,0,0,1,1,1,1.7216544168585646e-4,0,0,0
TUR.81.6_1,2069,11,aegypti,11.511518218938042,76.5334741700128,0.0010320219632344188,0,0,0,0,0,0,1,1,1,1.0319687116000509e-4,0,0,0
TUR.81.6_1,2069,12,aegypti,4.768287500914405,81.0900684078787,8.488542686438168e-4,0,0,0,0,0,0,1,1,1,8.214381330029497e-5,0,0,0
TUR.81.6_1,2070,1,aegypti,6.707750124089857,79.59127556452148,8.872191728867845e-4,0,0,0,0,0,0,1,1,1,8.58562340994018e-5,0,0,0
TUR.81.6_1,2070,2,aegypti,8.576595126706012,79.99883494547765,6.63666790873407e-4,0,0,0,0,0,0,1,1,1,7.110462811110718e-5,0,0,0
TUR.81.6_1,2070,3,aegypti,7.025499487624449,80.33621508693007,8.147063252110885e-4,0,0,0,0,0,0,1,1,1,7.883943960906858e-5,0,0,0
TUR.81.6_1,2070,4,aegypti,10.536950153463028,82.79730951695544,0.001077299269294828,0,0,0,0,0,0,1,1,1,1.0772412426929279e-4,0,0,0
TUR.81.6_1,2070,5,aegypti,15.92214688132791,81.04070371672103,0.0015057795225339955,0.0017876302440433128,0.0017665076274468222,0.0018093214095007595,0,0,0,1,1,1,1.4570998222407372e-4,0,0,0
TUR.81.6_1,2070,6,aegypti,23.33859255734612,61.42550948279174,0.0016936568986800607,0.22335583588279959,0.2220374590246468,0.2245790254493871,0.10851728089931643,0.10376076479988021,0.1129334480768637,0.8914827191006836,0.8870665519231363,0.8962392352001197,1.6935134830919907e-4,1.8377547835147334e-5,1.7572025420453398e-5,1.912543170102379e-5
TUR.81.6_1,2070,7,aegypti,24.170793701620664,74.7521680024493,0.0019889193294191044,0.3465710241717872,0.34499039296043454,0.34807461765478276,0.4229148295800748,0.42027374483113805,0.425410584628772,0.5770851704199251,0.574589415371228,0.5797262551688619,1.9245754180807761e-4,8.139314849516327e-5,8.088485181667611e-5,8.187347537679063e-5
TUR.81.6_1,2070,8,aegypti,23.9508596869076,79.4584485459505,0.0023617163324615893,0.3595208115542699,0.3579787192831239,0.36107229471881475,0.4437011605126079,0.44130758305667245,0.4460943149265798,0.5562988394873921,0.5539056850734202,0.5586924169433275,2.2852707717258003e-4,1.0139772935002806e-4,1.0085073209003696e-4,1.0194462993347573e-4
TUR.81.6_1,2070,9,aegypti,19.56028865365421,76.25745505117497,0.001882401963584364,0.06846197658959118,0.06806687785729473,0.06885744733588742,2.078603955624203e-14,1.7538748231515913e-14,2.4424906541753444e-14,0.9999999999999792,0.9999999999999756,0.9999999999999825,1.8822248028427246e-4,3.912399920562873e-18,3.301186693217322e-18,4.597316490000385e-18
TUR.81.6_1,2070,10,aegypti,16.39359474182129,81.59074639661567,0.0018550285742900824,0.004215531799776062,0.004171339650112637,0.004259316540715264,0,0,0,1,1,1,1.7950278173362033e-4,0,0,0
TUR.81.6_1,2070,11,aegypti,7.38949606699102,87.10372563485654,0.0010760085829172345,0,0,0,0,0,0,1,1,1,1.0759506952695563e-4,0,0,0
TUR.81.6_1,2070,12,aegypti,4.198759874876807,86.14922673307402,8.850339539713944e-4,0,0,0,0,0,0,1,1,1,8.564477943495685e-5,0,0,0
TUR.81.6_1,2071,1,aegypti,5.306161684148451,85.40076195368164,9.233816749440319e-4,0,0,0,0,0,0,1,1,1,8.935552448741113e-5,0,0,0
TUR.81.6_1,2071,2,aegypti,2.7777522197541074,84.49072489909094,6.907174367833652e-4,0,0,0,0,0,0,1,1,1,7.400270132040809e-5,0,0,0
TUR.81.6_1,2071,3,aegypti,9.717825556502623,75.56138903712538,8.479132486656812e-4,0,0,0,0,0,0,1,1,1,8.205275432726644e-5,0,0,0
TUR.81.6_1,2071,4,aegypti,12.661525768392227,77.9730068436156,0.001121209317941981,0,0,0,0,0,0,1,1,1,1.1211464647742364e-4,0,0,0
TUR.81.6_1,2071,5,aegypti,18.076583946452423,71.46274656340071,0.0015671541599916392,0.023459243340925914,0.02325656094087569,0.023643568432594003,0,0,0,1,1,1,1.5164858019056648e-4,0,0,0
TUR.81.6_1,2071,6,aegypti,20.926147488986746,80.32914641516479,0.0017626893012187789,0.1406695194306822,0.1399547691574352,0.14137806455809002,1.0993271835481599e-5,9.57704903748191e-6,1.2538695181810166e-5,0.9999890067281645,0.9999874613048182,0.9999904229509625,1.762533956667367e-4,1.9376014904911313e-9,1.687987413323039e-9,2.2099876030241924e-9
TUR.81.6_1,2071,7,aegypti,25.15846841475543,71.81038028272273,0.0020699864451215236,0.39688338405255436,0.3950571661536402,0.3988085393914683,0.4960706458558488,0.49374415433617685,0.49850622531001454,0.5039293541441512,0.5014937746899855,0.5062558456638231,2.00301205917075e-4,9.936354858498877e-5,9.889754952804264e-5,9.985139808676501e-5
TUR.81.6_1,2071,8,aegypti,27.240719458636114,64.38361181499347,0.0024579784223050594,0.4400254720112163,0.43749731132515784,0.4425278699723153,0.5454767767262306,0.5428543334807048,0.5480510638001129,0.45452322327376937,0.45194893619988713,0.45714566651929517,2.378405910190562e-4,1.2973651896373644e-4,1.2911279551230663e-4,1.3034878892284133e-4
TUR.81.6_1,2071,9,aegypti,24.248833880704993,73.08419913076482,0.0019591274976586514,0.3416858492329418,0.3400794806997443,0.3433725662321462,0.4146634914029419,0.41190223343788845,0.4175423238154883,0.5853365085970581,0.5824576761845117,0.5880977665621115,1.9589356011628922e-4,8.122990758117257e-5,8.06889949279988e-5,8.179385231144445e-5
TUR.81.6_1,2071,10,aegypti,17.11960506439209,83.9017891822602,0.0019306383860300032,0.011408222496171317,0.011311361467529264,0.01150925573790267,0,0,0,1,1,1,1.8681852008817224e-4,0,0,0
TUR.81.6_1,2071,11,aegypti,10.571940162602592,83.88881322030576,0.0011198660239898313,0,0,0,0,0,0,1,1,1,1.1198033213344338e-4,0,0,0
TUR.81.6_1,2071,12,aegypti,7.232077440794776,81.51601750455839,9.211073878638206e-4,0,0,0,0,0,0,1,1,1,8.91354518315346e-5,0,0,0
TUR.81.6_1,2072,1,aegypti,6.55233268176808,75.7828801787793,9.690930762085077e-4,0,0,0,0,0,0,1,1,1,9.37788034164333e-5,0,0,0
TUR.81.6_1,2072,2,aegypti,9.360770999508746,71.38586650065344,7.50800624998895e-4,0,0,0,0,0,0,1,1,1,7.766601401126838e-5,0,0,0
TUR.81.6_1,2072,3,aegypti,7.647102022872252,79.08716113185194,8.898886352246266e-4,0,0,0,0,0,0,1,1,1,8.611454695128806e-5,0,0,0
TUR.81.6_1,2072,4,aegypti,10.546490711324356,80.70675623326403,0.0011767140462949901,0,0,0,0,0,0,1,1,1,1.1766448162131571e-4,0,0,0
TUR.81.6_1,2072,5,aegypti,17.978374565348908,79.32368558927962,0.0016447350938508826,0.024445226869235837,0.024270078549960845,0.024630042983445503,0,0,0,1,1,1,1.5915524576803897e-4,0,0,0
TUR.81.6_1,2072,6,aegypti,20.552049664890067,70.47860625403197,0.0018499500733772625,0.10219134405839268,0.1016000772427204,0.10275971740075258,1.7137023025082243e-9,1.4521851721127633e-9,1.9943918239118116e-9,0.9999999982862977,0.9999999980056082,0.9999999985478149,1.8497789681648502e-4,3.1699704768753913e-13,2.6862215892550423e-13,3.689184050152005e-13
TUR.81.6_1,2072,7,aegypti,25.93680398604449,60.177243533455155,0.0021724597598650843,0.35144314326500226,0.3493586334694737,0.3534951124499426,0.4309126816128703,0.42752240022906407,0.4342213311034325,0.5690873183871297,0.5657786688965676,0.5724775997709359,2.102159428089001e-4,9.058471563356091e-5,8.987202443607663e-5,9.128024650564362e-5
TUR.81.6_1,2072,8,aegypti,25.097248694475958,65.36100591899738,0.002579659024173425,0.3457089643592676,0.3437780626883338,0.34763340115508623,0.42147426445742076,0.4182293487344642,0.42468131634924505,0.5785257355425792,0.5753186836507549,0.5817706512655357,2.4961326311845333e-4,1.0520556647166675e-4,1.043955924695152e-4,1.0600608915937522e-4
TUR.81.6_1,2072,9,aegypti,20.807654605192297,72.8387843968781,0.002056112813269524,0.11863531721302108,0.1179870900377486,0.11923849922540992,1.0787514411803035e-7,9.250870946775347e-8,1.2370382587445493e-7,0.9999998921248558,0.9999998762961742,0.9999999074912905,2.0559014477605775e-4,2.2178066496963953e-11,1.9018878972521698e-11,2.5432287470881428e-11
TUR.81.6_1,2072,10,aegypti,17.234923362731934,80.37296532972114,0.0020262133669454157,0.012260790402291553,0.012154692630912168,0.012365742741881604,0,0,0,1,1,1,1.960659411037735e-4,0,0,0
TUR.81.6_1,2072,11,aegypti,13.21260807794683,78.13718815927061,0.0011753042534610359,0,0,0,0,0,0,1,1,1,1.1752351891625157e-4,0,0,0
TUR.81.6_1,2072,12,aegypti,7.0732391687000495,80.42428166471464,9.667062020452568e-4,0,0,0,0,0,0,1,1,1,9.354783722936855e-5,0,0,0
TUR.81.6_1,2073,1,aegypti,6.417461675756117,84.03662621149414,9.47448505824691e-4,0,0,0,0,0,0,1,1,1,9.168436181183903e-5,0,0,0
TUR.81.6_1,2073,2,aegypti,6.011004268246539,83.23730693034094,7.08720154606843e-4,0,0,0,0,0,0,1,1,1,7.593141934314485e-5,0,0,0
TUR.81.6_1,2073,3,aegypti,8.765096331343932,78.05298907374647,8.70013085938653e-4,0,0,0,0,0,0,1,1,1,8.419127048431285e-5,0,0,0
TUR.81.6_1,2073,4,aegypti,9.48153786098256,83.47404444127184,0.0011504322879975265,0,0,0,0,0,0,1,1,1,1.1503661158129841e-4,0,0,0
TUR.81.6_1,2073,5,aegypti,17.37315186332254,83.80832761808821,0.0016080001450873758,0.01495104413523051,0.014832017390195802,0.01506826779975819,0,0,0,1,1,1,1.5560081020449257e-4,0,0,0
TUR.81.6_1,2073,6,aegypti,20.492954282199637,75.59563353674682,0.0018086316741927184,0.10807781260627117,0.1075214115394008,0.10865172950822974,8.16846120532677e-9,7.054968592656863e-9,9.43763452665447e-9,0.9999999918315388,0.9999999905623654,0.9999999929450314,1.8084681266261615e-4,1.4772401733415784e-12,1.2758685834168564e-12,1.7067661232201188e-12
TUR.81.6_1,2073,7,aegypti,25.111049820395078,71.32519656690242,0.002123938147924177,0.3899172479902086,0.38802648943781937,0.3919104343307245,0.48706738234771546,0.48457127251160464,0.48967931917197083,0.5129326176522845,0.5103206808280292,0.5154287274883953,2.0552127901984907e-4,1.0010271138895234e-4,9.958970770286083e-5,1.0063951998579236e-4
TUR.81.6_1,2073,8,aegypti,26.807507178362677,64.64795507671222,0.0025220426685459334,0.4262364604310617,0.42358341148401163,0.42862139148615047,0.5307726361653791,0.5278379780981065,0.5333877311155999,0.46922736383462094,0.4666122688844001,0.47216202190189355,2.4403886301438416e-4,1.295291506489465e-4,1.288129800308733e-4,1.3016733544727306e-4
TUR.81.6_1,2073,9,aegypti,22.613587603849524,69.4714404942902,0.002010189795556926,0.21235516715743868,0.21122929588710562,0.2134357526090238,0.0697344290635629,0.06597469669288768,0.07338483637282854,0.9302655709364371,0.9266151636271714,0.9340253033071124,2.0099877659440768e-4,1.401653492828565e-5,1.3260833321457537e-5,1.4750262331519328e-5
TUR.81.6_1,2073,10,aegypti,15.381939888000488,79.01089715345161,0.0019809581495569425,4.132558397165296e-4,4.076347079632506e-4,4.1869273416050845e-4,0,0,0,1,1,1,1.9168725302687317e-4,0,0,0
TUR.81.6_1,2073,11,aegypti,11.71498081964605,81.89300938729795,0.001149053982706895,0,0,0,0,0,0,1,1,1,1.1489879689829952e-4,0,0,0
TUR.81.6_1,2073,12,aegypti,8.509184202727148,80.11793858610136,9.451149421917618e-4,0,0,0,0,0,0,1,1,1,9.145855375258805e-5,0,0,0
TUR.81.6_1,2074,1,aegypti,6.630728048436781,83.81424461969726,0.0010000743094866202,0,0,0,0,0,0,1,1,1,9.677670162189234e-5,0,0,0
TUR.81.6_1,2074,2,aegypti,9.229061900692829,77.48228678873937,7.480858483393242e-4,0,0,0,0,0,0,1,1,1,8.014884308904513e-5,0,0,0
TUR.81.6_1,2074,3,aegypti,9.217891360030455,82.48397357081679,9.183377574774653e-4,0,0,0,0,0,0,1,1,1,8.886744693936688e-5,0,0,0
TUR.81.6_1,2074,4,aegypti,12.59365658199086,76.70548212437731,0.0012143327779368753,0,0,0,0,0,0,1,1,1,1.214259050716926e-4,0,0,0
TUR.81.6_1,2074,5,aegypti,17.161283577189728,80.131089153732745,0.0016973161336645743,0.011267942826845385,0.011180668383214663,0.011366957923106083,0,0,0,1,1,1,1.6424291068817265e-4,0,0,0
TUR.81.6_1,2074,6,aegypti,20.632358579074637,76.95178893225463,0.001909091693705825,0.11752286371536308,0.11686953440588412,0.11815893697804954,8.320992474508682e-8,7.11538638509257e-8,9.629464450822134e-8,0.9999999167900753,0.9999999037053554,0.9999999288461362,1.9089094737467782e-4,1.588402136556527e-11,1.3582628479872048e-11,1.8381775917282187e-11
TUR.81.6_1,2074,7,aegypti,23.586195160360898,73.4551480439532,0.0022419117911096154,0.2957375669548048,0.2943158375314296,0.297085785405133,0.323723568753865,0.3204608744597797,0.326796059443646,0.676276431246135,0.673203940556354,0.6795391255402203,2.1693567164482452e-4,7.022718981487923e-5,6.951939503682009e-5,7.089372264628935e-5
TUR.81.6_1,2074,8,aegypti,25.989121100481817,77.25047888042316,0.0026621289333782143,0.504007127357853,0.5017767025734493,0.506281032599086,0.6031780866375667,0.6014163292665776,0.6049624864789854,0.39682191336243333,0.3950375135210146,0.3985836707334225,2.575921980807472e-4,1.5537396917111016e-4,1.549201542174321e-4,1.5583361664851615e-4
TUR.81.6_1,2074,9,aegypti,22.431718097013587,78.19980734609685,0.002121845313354287,0.2336122649919651,0.23245775057074786,0.23468116969418243,0.14525247410354733,0.14117865945415392,0.14900955011073763,0.8547475258964526,0.8509904498892624,0.858821340545846,2.1216202178986343e-4,3.081705857578838e-5,2.9952749823375913e-5,3.161416741749206e-5
TUR.81.6_1,2074,10,aegypti,15.013788223266602,82.90101861341255,0.002090990002475788,8.024981378316794e-5,7.899934638433606e-5,8.149241056628884e-5,0,0,0,1,1,1,2.0233339904363046e-4,0,0,0
TUR.81.6_1,2074,11,aegypti,11.462690093938042,73.39212437753233,0.0012128779150041504,0,0,0,0,0,0,1,1,1,1.2128043643355735e-4,0,0,0
TUR.81.6_1,2074,12,aegypti,9.14436849075205,80.79262883268339,9.976111286124118e-4,0,0,0,0,0,0,1,1,1,9.653835231970831e-5,0,0,0
TUR.81.6_1,2075,1,aegypti,5.24559382831349,80.3691838897168,9.655008564173744e-4,0,0,0,0,0,0,1,1,1,9.343120178340047e-5,0,0,0
TUR.81.6_1,2075,2,aegypti,7.771500407772907,79.10985026530187,7.222238591611365e-4,0,0,0,0,0,0,1,1,1,7.737813392505455e-5,0,0,0
TUR.81.6_1,2075,3,aegypti,10.182589197860045,77.71592242335585,8.865900092764718e-4,0,0,0,0,0,0,1,1,1,8.57953525239541e-5,0,0,0
TUR.81.6_1,2075,4,aegypti,9.522820514791153,83.5617519608031,0.0011723522201821227,0,0,0,0,0,0,1,1,1,1.1722835023808553e-4,0,0,0
TUR.81.6_1,2075,5,aegypti,16.334162796244904,84.13591856047103,0.0016386384142848514,0.00399583258573664,0.0039551261538646534,0.004033673243209804,0,0,0,1,1,1,1.585653382475405e-4,0,0,0
TUR.81.6_1,2075,6,aegypti,21.753479031955496,76.0042715372351,0.0018430927059794949,0.17996198304098338,0.17908580962792586,0.18088405111112135,0.004902609287517449,0.004409731948179951,0.00545720837768725,0.9950973907124826,0.9945427916223127,0.99559026805182,1.8429228668781494e-4,9.035130763335098e-7,8.126795844103964e-7,1.0057214108558841e-6
TUR.81.6_1,2075,7,aegypti,24.840816666098203,63.252778354011795,0.002164406918361603,0.31730064763409166,0.31556180817421986,0.319082423428958,0.36967826637004536,0.3662101603044846,0.37320301066597106,0.6303217336299546,0.6267969893340289,0.6337898396955154,2.0943679908591584e-4,7.742423280017287e-5,7.669788376691138e-5,7.816244396310788e-5
TUR.81.6_1,2075,8,aegypti,25.793778082903692,75.26615728618488,0.0025700967824976656,0.4706286822092419,0.46845312556091107,0.4727742084428663,0.5750342219390089,0.5730629403753537,0.5769650787705823,0.4249657780609911,0.42303492122941766,0.4269370596246463,2.486881154504239e-4,1.4300417697351293e-4,1.4251394267642535e-4,1.434843581201615e-4
TUR.81.6_1,2075,9,aegypti,21.641921267789954,75.04051321767888,0.0020484912448960023,0.17023761829756967,0.16941002240186417,0.17101436764623623,0.0014044751369607614,0.0012499978738643946,0.0015602995473280672,0.9985955248630393,0.9984397004526719,0.9987500021261356,2.0482814434030772e-4,2.876760360757723e-7,2.56034744932974e-7,3.1959326089423014e-7
TUR.81.6_1,2075,10,aegypti,17.765889167785645,72.74453973157661,0.0020187026293945116,0.018343803487498773,0.018198886836329607,0.01849545687198948,0,0,0,1,1,1,1.9533923777981244e-4,0,0,0
TUR.81.6_1,2075,11,aegypti,12.731454589787651,74.08568211679014,0.001170947653147262,0,0,0,0,0,0,1,1,1,1.1708790999032104e-4,0,0,0
TUR.81.6_1,2075,12,aegypti,8.18118890243418,77.35027653776152,9.631228298837461e-4,0,0,0,0,0,0,1,1,1,9.320109165844581e-5,0,0,0
