district_id,year,month,species,temp_c,rh,lambda_import,lambda_local_i1_mean,lambda_local_i1_p2_5,lambda_local_i1_p97_5,p_establishment_mean,p_establishment_p2_5,p_establishment_p97_5,q_extinction_mean,q_extinction_p2_5,q_extinction_p97_5,q_import_month,p_month_major_mean,p_month_major_p2_5,p_month_major_p97_5
TUR.10.4_1,2025,1,aegypti,1.9076979631174575,82.07717808602479,0.08950668177346113,0,0,0,0,0,0,1,1,1,0.008624530452137513,0,0,0
TUR.10.4_1,2025,2,aegypti,1.5397522550158422,86.2872310110294,0.06695370667096757,0,0,0,0,0,0,1,1,1,0.007147942494893256,0,0,0
TUR.10.4_1,2025,3,aegypti,8.335869807859554,70.30499235306922,0.08219125782891548,0,0,0,0,0,0,1,1,1,0.007922443396280232,0,0,0
TUR.10.4_1,2025,4,aegypti,9.7727491014144,84.49056491570018,0.10868282135721948,0,0,0,0,0,0,1,1,1,0.010809435736794049,0,0,0
TUR.10.4_1,2025,5,aegypti,14.633528597214642,82.55988178974857,0.15190984670215546,0,0,0,0,0,0,1,1,1,0.01459342148152487,0,0,0
TUR.10.4_1,2025,6,aegypti,20.200050914988797,82.508457048709,0.1708637659061587,0.04203159988062564,0.04181623091345471,0.04224679813087329,0,0,0,1,1,1,0.01694123229718436,0,0,0
TUR.10.4_1,2025,7,aegypti,21.90388303644517,89.0671723615429,0.20065117496521725,0.09400564554828501,0.09360168921372221,0.09437574794853996,1.6465216312600006e-10,1.4563363293085273e-10,1.8357583786432484e-10,0.9999999998353478,0.9999999998164242,0.9999999998543664,0.01923054344265429,3.166350575921545e-12,2.800613904788332e-12,3.5302631250715597e-12
TUR.10.4_1,2025,8,aegypti,22.780098915100098,82.17669166736681,0.23826062225528577,0.11103972099477981,0.11052609313839519,0.11149188473323259,1.7296082087780997e-8,1.5180157988958775e-8,1.932580952768159e-8,0.9999999827039179,0.9999999806741905,0.999999984819842,0.022793687242730787,3.9424148563347815e-10,3.4601177349556746e-10,4.40506458086561e-10
TUR.10.4_1,2025,9,aegypti,17.966311987708597,83.59601243196332,0.18990522147539776,0.010332551324700082,0.010263309938451785,0.010402303781813657,0,0,0,1,1,1,0.018811338239892006,0,0,0
TUR.10.4_1,2025,10,aegypti,11.512502726386574,87.9230093840779,0.1871436701930328,0,0,0,0,0,0,1,1,1,0.017947665010023428,0,0,0
TUR.10.4_1,2025,11,aegypti,9.041542340727414,81.17020000093409,0.10855261107953493,0,0,0,0,0,0,1,1,1,0.010796555375130912,0,0,0
TUR.10.4_1,2025,12,aegypti,4.256676830351353,71.84810634279388,0.08928622700868327,0,0,0,0,0,0,1,1,1,0.008603379893043162,0,0,0
TUR.10.4_1,2026,1,aegypti,3.981240140794612,74.199668015224,0.08654358298619894,0,0,0,0,0,0,1,1,1,0.008340211291077315,0,0,0
TUR.10.4_1,2026,2,aegypti,4.729166994624607,73.13338427030675,0.0647372191070383,0,0,0,0,0,0,1,1,1,0.006912131184426462,0,0,0
TUR.10.4_1,2026,3,aegypti,5.834232825895443,76.21394315873329,0.07947033452385087,0,0,0,0,0,0,1,1,1,0.0076611799413601744,0,0,0
TUR.10.4_1,2026,4,aegypti,10.756913339390474,73.5511423082783,0.10508490073521631,0,0,0,0,0,0,1,1,1,0.010453468790567855,0,0,0
TUR.10.4_1,2026,5,aegypti,15.082682497361127,79.9875017238306,0.14688090502296786,4.610642239162505e-5,4.543682765227282e-5,4.680515909024184e-5,0,0,0,1,1,1,0.014113735197041177,0,0,0
TUR.10.4_1,2026,6,aegypti,17.19030054877786,85.06349550085744,0.1652073589484638,0.005024949373401648,0.004984527387823483,0.005064089716489682,0,0,0,1,1,1,0.01638501695765282,0,0,0
TUR.10.4_1,2026,7,aegypti,20.535209711860208,89.92673046701165,0.19400866245752585,0.055176943136475635,0.05493378807849796,0.05542296830730553,0,0,0,1,1,1,0.01859987882103309,0,0,0
TUR.10.4_1,2026,8,aegypti,22.256203651428223,91.02319587879259,0.23037305736215508,0.10935300718265382,0.10890779763855625,0.10976447664363473,1.130278240923932e-8,1.007608173841934e-8,1.2527667436756928e-8,0.9999999886972176,0.9999999874723327,0.9999999899239184,0.02204748846752791,2.4919796481868124e-10,2.2215229592566897e-10,2.7620360333692326e-10
TUR.10.4_1,2026,9,aegypti,19.28712802774766,85.53725083528363,0.18361845136729893,0.02700268680874106,0.026838131069477397,0.02715081167449124,0,0,0,1,1,1,0.018194293544391837,0,0,0
TUR.10.4_1,2026,10,aegypti,14.798754748176124,82.22702549735915,0.1809483206257652,3.7435021117882056e-6,3.683351008357453e-6,3.8061993131582923e-6,0,0,0,1,1,1,0.01735869903408538,0,0,0
TUR.10.4_1,2026,11,aegypti,11.483078290434445,72.70373118989893,0.1049590010398062,0,0,0,0,0,0,1,1,1,0.010441010351454949,0,0,0
TUR.10.4_1,2026,12,aegypti,4.926443494856358,75.02239986086029,0.08633042632736376,0,0,0,0,0,0,1,1,1,0.008319755058743827,0,0,0
TUR.10.4_1,2027,1,aegypti,4.327662813066341,70.62942417977479,0.08852346813970713,0,0,0,0,0,0,1,1,1,0.008530196879351526,0,0,0
TUR.10.4_1,2027,2,aegypti,5.652651081614963,72.74163774931066,0.06621823311832403,0,0,0,0,0,0,1,1,1,0.007069701937585937,0,0,0
TUR.10.4_1,2027,3,aegypti,5.483438987394466,78.61359373246376,0.08128840271607249,0,0,0,0,0,0,1,1,1,0.007835758742191001,0,0,0
TUR.10.4_1,2027,4,aegypti,10.088720475926118,76.53469333366893,0.10748896152914848,0,0,0,0,0,0,1,1,1,0.010691333199342457,0,0,0
TUR.10.4_1,2027,5,aegypti,14.26106346354765,76.92716847187748,0.15024114633901314,0,0,0,0,0,0,1,1,1,0.014434278149933588,0,0,0
TUR.10.4_1,2027,6,aegypti,17.96149309943704,85.21138368445119,0.16898686039670546,0.010546338230024401,0.010471863260315337,0.010620530363078138,0,0,0,1,1,1,0.016756704138908396,0,0,0
TUR.10.4_1,2027,7,aegypti,21.008031901191263,90.68618328683587,0.19844706051313782,0.06853863334295801,0.06823731423835808,0.06883941416734962,2.142364063928426e-14,1.887379141862766e-14,2.4202861936828413e-14,0.9999999999999786,0.9999999999999758,0.9999999999999811,0.01902132163301884,4.0750595915003923e-16,3.5900445700822766e-16,4.603704213399625e-16
TUR.10.4_1,2027,8,aegypti,22.17793369293213,92.35766090564806,0.23564337527945642,0.10888566061859502,0.1084253715094378,0.10930242085204978,1.003457842885247e-8,8.905779783074941e-9,1.1141905650879914e-8,0.9999999899654216,0.9999999888580944,0.9999999910942202,0.022546147159835495,2.2624108194381862e-10,2.0079102156229543e-10,2.512070444457412e-10
TUR.10.4_1,2027,9,aegypti,18.059913214515237,90.9263804739555,0.18781914924954696,0.012467821159166665,0.012389485990817125,0.012544046042379702,0,0,0,1,1,1,0.018606633847665255,0,0,0
TUR.10.4_1,2027,10,aegypti,16.914449747870947,80.86137150565993,0.18508793307532512,0.00342161732099036,0.0033897671576348714,0.003450753280355598,0,0,0,1,1,1,0.017752273822955522,0,0,0
TUR.10.4_1,2027,11,aegypti,7.826254178495969,81.88544810884424,0.10736018158624719,0,0,0,0,0,0,1,1,1,0.010678592805945075,0,0,0
TUR.10.4_1,2027,12,aegypti,2.1447251215577126,80.49839778566498,0.08830543502799541,0,0,0,0,0,0,1,1,1,0.008509276667062804,0,0,0
TUR.10.4_1,2028,1,aegypti,1.3842147463549148,90.6447592627826,0.08574556692055314,0,0,0,0,0,0,1,1,1,0.008263625065157654,0,0,0
TUR.10.4_1,2028,2,aegypti,5.726936588817112,72.72405199491612,0.06643100318775212,0,0,0,0,0,0,1,1,1,0.006848613363387601,0,0,0
TUR.10.4_1,2028,3,aegypti,5.401063937803402,81.49243131791297,0.07873754069322807,0,0,0,0,0,0,1,1,1,0.007590805210714424,0,0,0
TUR.10.4_1,2028,4,aegypti,9.420816575779634,71.71308383659861,0.10411591567416482,0,0,0,0,0,0,1,1,1,0.010357578564237357,0,0,0
TUR.10.4_1,2028,5,aegypti,15.722939379074994,81.50498829609623,0.14552652012347028,4.6051284899024036e-4,4.546902298196096e-4,4.6621749335271014e-4,0,0,0,1,1,1,0.013984507102197674,0,0,0
TUR.10.4_1,2028,6,aegypti,19.067560756907742,83.19980989294729,0.16368398630713454,0.022795804101378124,0.02264857570331427,0.022932923689175523,0,0,0,1,1,1,0.016235164328396,0,0,0
TUR.10.4_1,2028,7,aegypti,20.21106725580552,90.9856293927929,0.19221971376631847,0.048149456696280186,0.04792644374949889,0.04837168706722032,0,0,0,1,1,1,0.018429960132724466,0,0,0
TUR.10.4_1,2028,8,aegypti,20.4249849319458,83.67695106678087,0.22824879355745153,0.0476067260464583,0.04735658903719828,0.04784334884402012,0,0,0,1,1,1,0.021846426273635533,0,0,0
TUR.10.4_1,2028,9,aegypti,17.112660940955667,92.37734635530316,0.181925310534853,0.005153174882865288,0.005114239293128057,0.00519066368099157,0,0,0,1,1,1,0.01802804593764562,0,0,0
TUR.10.4_1,2028,10,aegypti,13.471415575812843,88.70407627860915,0.17927980099752175,0,0,0,0,0,0,1,1,1,0.017200019484931217,0,0,0
TUR.10.4_1,2028,11,aegypti,8.162676621885861,82.72433818452784,0.10399117689648113,0,0,0,0,0,0,1,1,1,0.010345233808644605,0,0,0
TUR.10.4_1,2028,12,aegypti,2.249324895441532,85.56883235597748,0.08553437577357201,0,0,0,0,0,0,1,1,1,0.008243355895849236,0,0,0
TUR.10.4_1,2029,1,aegypti,5.177292930482722,76.78774174569276,0.0973864287117324,0,0,0,0,0,0,1,1,1,0.009380221753525264,0,0,0
TUR.10.4_1,2029,2,aegypti,5.077567349009983,71.64999346220128,0.07284799584238112,0,0,0,0,0,0,1,1,1,0.0077747613817902295,0,0,0
TUR.10.4_1,2029,3,aegypti,7.96041967358221,76.2883373848075,0.08942698927820816,0,0,0,0,0,0,1,1,1,0.008616884759600096,0,0,0
TUR.10.4_1,2029,4,aegypti,11.760371362461763,69.02152499870799,0.11825074535868947,0,0,0,0,0,0,1,1,1,0.01175543311725813,0,0,0
TUR.10.4_1,2029,5,aegypti,15.221063501694623,81.46583424336185,0.16528327453712058,9.321594337036668e-5,9.180249613465956e-5,9.461720561496847e-5,0,0,0,1,1,1,0.015867912427138475,0,0,0
TUR.10.4_1,2029,6,aegypti,19.182301128611844,83.77494417029104,0.18590580756812272,0.024685783930055778,0.024535613119788656,0.02483629480802769,0,0,0,1,1,1,0.018418841799387242,0,0,0
TUR.10.4_1,2029,7,aegypti,24.50590139276841,87.01417858712884,0.21831555990571117,0.1866761801680719,0.1859364358210035,0.18736473751807284,0.01033334449731327,0.009559964770396506,0.01108470226111323,0.9896666555026867,0.9889152977388868,0.9904400352296036,0.020905694063670377,2.16025738715343e-4,1.9985769874937618e-4,2.3173339425770846e-4
TUR.10.4_1,2029,8,aegypti,23.41209316253662,90.0406061571129,0.25923596590033826,0.1515793646329722,0.15099034723866855,0.15210779986330922,7.821616837927547e-5,7.0632183470753507e-05,8.548223434504953e-5,0.9999217838316207,0.999914517765655,0.9999293678165292,0.024775279072392742,1.9378273995698108e-6,1.7499320569803638e-6,2.117846211630278e-6
TUR.10.4_1,2029,9,aegypti,18.79873233682969,84.79652817903363,0.20662358325390562,0.019634870328968067,0.01951295884081186,0.01975040964512667,0,0,0,1,1,1,0.02045035447683985,0,0,0
TUR.10.4_1,2029,10,aegypti,13.594448145698097,85.53522251884353,0.2036189179957911,0,0,0,0,0,0,1,1,1,0.019512180905765675,0,0,0
TUR.10.4_1,2029,11,aegypti,11.242145825834836,71.68882335298487,0.11810907198108223,0,0,0,0,0,0,1,1,1,0.011741432223511539,0,0,0
TUR.10.4_1,2029,12,aegypti,3.92484799772501,83.27400203371185,0.09714656614718625,0,0,0,0,0,0,1,1,1,0.009357226718849754,0,0,0
TUR.10.4_1,2030,1,aegypti,5.002710210679866,75.30883702157166,0.0945972097476868,0,0,0,0,0,0,1,1,1,0.00911279319740288,0,0,0
TUR.10.4_1,2030,2,aegypti,2.5860921245150488,75.17034105741612,0.07076157564827243,0,0,0,0,0,0,1,1,1,0.007552929576413625,0,0,0
TUR.10.4_1,2030,3,aegypti,6.070763129850521,74.16695371781532,0.08686573451517943,0,0,0,0,0,0,1,1,1,0.008371126749535773,0,0,0
TUR.10.4_1,2030,4,aegypti,12.70617023636313,72.62726077751658,0.11486395701630875,0,0,0,0,0,0,1,1,1,0.011420678915522564,0,0,0
TUR.10.4_1,2030,5,aegypti,14.318398363449994,82.8061052394556,0.1605494399579401,0,0,0,0,0,0,1,1,1,0.01541696541622728,0,0,0
TUR.10.4_1,2030,6,aegypti,21.26190813849954,82.10837922888479,0.18058132847124467,0.06628418873714381,0.06598956890245562,0.06659341090265142,8.26294588307519e-15,7.216449660063518e-15,9.43689570931383e-15,0.9999999999999918,0.9999999999999906,0.9999999999999928,0.017896061799305918,1.4787419016783401e-16,1.291460290880769e-16,1.6888326880748518e-16
TUR.10.4_1,2030,7,aegypti,21.839975413154153,82.09698803537103,0.2120628416585137,0.08206290638949913,0.08169482652513782,0.08243222076171618,3.5633850314908953e-12,3.1314228987611157e-12,4.038330780886667e-12,0.9999999999964366,0.9999999999959617,0.9999999999968685,0.020313063087264438,7.238326494888834e-14,6.360879089543903e-14,8.203086791939273e-14
TUR.10.4_1,2030,8,aegypti,20.73572826385498,98.13822426014025,0.25181125712092284,0.06840936480024647,0.0681312443025776,0.06866518804258774,2.0296431202382336e-14,1.809385974382849e-14,2.2537527399890678e-14,0.9999999999999797,0.9999999999999775,0.9999999999999819,0.024074308605953942,4.886225483656652e-16,4.355971633457738e-16,5.425753898401109e-16
TUR.10.4_1,2030,9,aegypti,20.64735179788926,79.40615494905316,0.20070573181962847,0.04920873828554307,0.0489514766156115,0.04944045929630326,0,0,0,1,1,1,0.01987049999165713,0,0,0
TUR.10.4_1,2030,10,aegypti,13.974971827338722,82.89143132011306,0.19778712238499374,0,0,0,0,0,0,1,1,1,0.018958669448585264,0,0,0
TUR.10.4_1,2030,11,aegypti,10.113036443205441,76.66955150239893,0.11472634126846318,0,0,0,0,0,0,1,1,1,0.011407074413655516,0,0,0
TUR.10.4_1,2030,12,aegypti,7.309409774839878,74.53855891847748,0.09436421702345255,0,0,0,0,0,0,1,1,1,0.009090450734900224,0,0,0
TUR.10.4_1,2031,1,aegypti,3.6620166176546585,87.67217167733338,0.09226146082258596,0,0,0,0,0,0,1,1,1,0.00888878752041844,0,0,0
TUR.10.4_1,2031,2,aegypti,3.743423471980564,80.14621691190831,0.06901436476647435,0,0,0,0,0,0,1,1,1,0.007367124936849545,0,0,0
TUR.10.4_1,2031,3,aegypti,6.848488349577083,72.50447050248329,0.0847208874677549,0,0,0,0,0,0,1,1,1,0.008165277103281188,0,0,0
TUR.10.4_1,2031,4,aegypti,11.482088243260103,72.34431705193064,0.1120277912895471,0,0,0,0,0,0,1,1,1,0.011140261673049157,0,0,0
TUR.10.4_1,2031,5,aegypti,13.80810058818144,78.68512593037357,0.15658523020156861,0,0,0,0,0,0,1,1,1,0.015039174211817663,0,0,0
TUR.10.4_1,2031,6,aegypti,17.24967154334573,87.93464265661916,0.17612250093293766,0.0055984361469319155,0.005554663854390686,0.005641182994046517,0,0,0,1,1,1,0.01745806094953717,0,0,0
TUR.10.4_1,2031,7,aegypti,21.06497007257798,86.71205456369134,0.20682668769817114,0.06593690308279662,0.0656353505195634,0.06623672242897645,7.112976874168453e-15,6.217248937900877e-15,8.104628079763643e-15,0.9999999999999929,0.9999999999999919,0.9999999999999938,0.019816505840498322,1.4095434777028865e-16,1.232041498897447e-16,1.6060540967770294e-16
TUR.10.4_1,2031,8,aegypti,23.044686317443848,92.17335762195665,0.24559365435317457,0.14201035930086572,0.1414359514312731,0.14252195304696477,1.4134469188675447e-5,1.2675911796289352e-5,1.5530664904075953e-5,0.9999858655308114,0.9999844693350959,0.9999873240882037,0.02348691400692715,3.319750623679816e-7,2.9771805031884143e-7,3.6476739107243335e-7
TUR.10.4_1,2031,9,aegypti,18.765391882728128,86.77843888460004,0.19575000216745725,0.019780677970590115,0.01966158247616701,0.019903739278143453,0,0,0,1,1,1,0.019384653932898566,0,0,0
TUR.10.4_1,2031,10,aegypti,13.418286379645851,89.1246466521443,0.19290345763693456,0,0,0,0,0,0,1,1,1,0.018494907257998183,0,0,0
TUR.10.4_1,2031,11,aegypti,10.65880804202136,74.12775767915674,0.1118935734837335,0,0,0,0,0,0,1,1,1,0.011126989325546566,0,0,0
TUR.10.4_1,2031,12,aegypti,6.405862011015415,74.28870387697357,0.0920342210429326,0,0,0,0,0,0,1,1,1,0.008866991807197078,0,0,0
TUR.10.4_1,2032,1,aegypti,7.047945367692805,73.66447361825135,0.09741899335411823,0,0,0,0,0,0,1,1,1,0.009383343604620897,0,0,0
TUR.10.4_1,2032,2,aegypti,6.6836736302905,68.69280962431066,0.07547493929396114,0,0,0,0,0,0,1,1,1,0.007777351015906042,0,0,0
TUR.10.4_1,2032,3,aegypti,7.2365665623151205,74.01274076615516,0.08945689239678441,0,0,0,0,0,0,1,1,1,0.00861975366966028,0,0,0
TUR.10.4_1,2032,4,aegypti,11.76143375565024,76.95840701775096,0.11829028673304112,0,0,0,0,0,0,1,1,1,0.011759340764369464,0,0,0
TUR.10.4_1,2032,5,aegypti,17.313212282517377,75.30653248554935,0.16533854292306363,0.004923908522520534,0.004883249528798253,0.004965760033505448,0,0,0,1,1,1,0.01587317609616201,0,0,0
TUR.10.4_1,2032,6,aegypti,18.221771801219266,81.91493593054494,0.18596797183701505,0.012389157350412308,0.012304642368714654,0.012474955467121294,0,0,0,1,1,1,0.01842494370792691,0,0,0
TUR.10.4_1,2032,7,aegypti,19.503847178290872,85.37276013009759,0.21838856153673544,0.030529361233190517,0.030349386940551372,0.030695890230640656,0,0,0,1,1,1,0.020912611021294714,0,0,0
TUR.10.4_1,2032,8,aegypti,23.20750331878662,92.54872383289415,0.25932265073553296,0.14963847965524577,0.14909304300452403,0.15019895510632095,5.597852850221841e-5,5.0840043785951855e-5,6.162539662185607e-5,0.9999440214714977,0.9999383746033781,0.999949159956214,0.024783460056872708,1.3873416251772403e-6,1.2599921944587974e-6,1.527290555666708e-6
TUR.10.4_1,2032,9,aegypti,18.696322974036722,85.8013804739555,0.20669267525354196,0.018593860391902736,0.018487514355887233,0.01870935815267266,0,0,0,1,1,1,0.02045712235783481,0,0,0
TUR.10.4_1,2032,10,aegypti,13.585679110358742,88.53341435233962,0.20368700527792302,0,0,0,0,0,0,1,1,1,0.019518641408748927,0,0,0
TUR.10.4_1,2032,11,aegypti,8.119065095396603,79.53969920747706,0.11814856598186306,0,0,0,0,0,0,1,1,1,0.011745335244268906,0,0,0
TUR.10.4_1,2032,12,aegypti,6.037477649748325,64.58663936281341,0.09717905058292788,0,0,0,0,0,0,1,1,1,0.009360340953133317,0,0,0
TUR.10.4_1,2033,1,aegypti,4.896757947801448,77.95580967782166,0.09405697812747647,0,0,0,0,0,0,1,1,1,0.009060987785030394,0,0,0
TUR.10.4_1,2033,2,aegypti,2.8710435729556005,80.23020891630284,0.07035746604754461,0,0,0,0,0,0,1,1,1,0.007509958211569412,0,0,0
TUR.10.4_1,2033,3,aegypti,4.9188034721814535,85.92069212113563,0.08636965628387576,0,0,0,0,0,0,1,1,1,0.00832351991348923,0,0,0
TUR.10.4_1,2033,4,aegypti,11.600061570896822,79.74626407341502,0.11420798479716825,0,0,0,0,0,0,1,1,1,0.011355828731445028,0,0,0
TUR.10.4_1,2033,5,aegypti,15.710765726426068,81.76150379902592,0.15963256424560485,4.489583941400178e-4,4.4362117719919114e-4,4.5454243970112e-4,0,0,0,1,1,1,0.015329599578575381,0,0,0
TUR.10.4_1,2033,6,aegypti,18.303593242869656,83.34839998083791,0.1795500534059446,0.013489114783257166,0.013400398506252626,0.013576777870185344,0,0,0,1,1,1,0.017794774646350042,0,0,0
TUR.10.4_1,2033,7,aegypti,22.064668711493997,87.26640637033196,0.21085178001260307,0.09648179106170422,0.09607524431924677,0.09687427250712269,3.418150854583857e-10,3.0307676646135203e-10,3.823951072456921e-10,0.9999999996581849,0.9999999996176049,0.9999999996969232,0.02019823752564953,6.904062285938667e-12,6.1216165174922e-12,7.723707204794715e-12
TUR.10.4_1,2033,8,aegypti,20.461403846740723,95.39339698963244,0.25037319775548833,0.057969899928725845,0.05772518042449148,0.058214034212240584,2.1038726316646717e-16,1.1102230246251565e-16,2.220446049250313e-16,0.9999999999999998,0.9999999999999998,0.9999999999999999,0.023938482469705313,5.0363518111597524e-18,2.657705441245252e-18,5.315410882490504e-18
TUR.10.4_1,2033,9,aegypti,22.439725455115823,83.21319230256879,0.1995595290618979,0.1019547928332054,0.10149887477449485,0.10238008041912301,1.6036840702060572e-9,1.4122674085736974e-9,1.798403387320846e-9,0.9999999983963159,0.9999999982015966,0.9999999985877326,0.019758150839450428,3.168583175795509e-11,2.7903792484238882e-11,3.553312539686387e-11
TUR.10.4_1,2033,10,aegypti,17.350997027228857,82.09513615409743,0.19665758740327727,0.005693791363429375,0.0056492217040135274,0.005740207869342411,0,0,0,1,1,1,0.01885142611944235,0,0,0
TUR.10.4_1,2033,11,aegypti,12.47104768893298,80.00966228120753,0.11407115495388186,0,0,0,0,0,0,1,1,1,0.011342301036193603,0,0,0
TUR.10.4_1,2033,12,aegypti,2.807598866522312,79.37396236086029,0.09382531599256136,0,0,0,0,0,0,1,1,1,0.0090387717572461,0,0,0
TUR.10.4_1,2034,1,aegypti,1.5194215053308975,75.495078171474,0.09047006720210722,0,0,0,0,0,0,1,1,1,0.008716952919404442,0,0,0
TUR.10.4_1,2034,2,aegypti,1.5505802434019964,81.00144915067784,0.06767434812613746,0,0,0,0,0,0,1,1,1,0.0072245992159784,0,0,0
TUR.10.4_1,2034,3,aegypti,6.485620040556087,73.57438627396766,0.08307590530534499,0,0,0,0,0,0,1,1,1,0.008007372558230363,0,0,0
TUR.10.4_1,2034,4,aegypti,9.326755201115327,79.9721628160908,0.10985260493499407,0,0,0,0,0,0,1,1,1,0.010925142856784142,0,0,0
TUR.10.4_1,2034,5,aegypti,13.57526195750517,85.47460041767826,0.1535448948335466,0,0,0,0,0,0,1,1,1,0.01474933048689342,0,0,0
TUR.10.4_1,2034,6,aegypti,18.889795864329617,84.62166963415822,0.17270282036663137,0.020792210122828215,0.020676422184957417,0.0209159325247647,0,0,0,1,1,1,0.01712200553524834,0,0,0
TUR.10.4_1,2034,7,aegypti,20.12493329889634,88.04761059396478,0.20281083963350935,0.04413528775814477,0.04391952002741143,0.044348337516147016,0,0,0,1,1,1,0.01943550265043925,0,0,0
TUR.10.4_1,2034,8,aegypti,25.461234092712402,79.92542518787462,0.24082508791475288,0.19587516806886213,0.19506544904602682,0.19671305944836867,0.024253464669936404,0.022670079905025717,0.0259457961876396,0.9757465353300636,0.9740542038123604,0.9773299200949743,0.023036174445314694,5.587070430399317e-4,5.222319153813955e-4,5.976918871010467e-4
TUR.10.4_1,2034,9,aegypti,17.790897902320413,86.27766831575238,0.19194922444331308,0.00924619126666863,0.009180091178926215,0.00931313722201486,0,0,0,1,1,1,0.019011872998183965,0,0,0
TUR.10.4_1,2034,10,aegypti,15.441498812507179,83.64402531425368,0.18915794981277817,2.1864941945351236e-4,2.1576072913836937e-4,2.2168599429913503e-4,0,0,0,1,1,1,0.01813907809562587,0,0,0
TUR.10.4_1,2034,11,aegypti,9.929060269804562,75.6602436410708,0.10972099316770342,0,0,0,0,0,0,1,1,1,0.01091212538212849,0,0,0
TUR.10.4_1,2034,12,aegypti,6.478821434080601,72.68019862795013,0.0902472396210898,0,0,0,0,0,0,1,1,1,0.008695576701493346,0,0,0
TUR.10.4_1,2035,1,aegypti,1.0543882721651565,84.47792729256776,0.08815957645583744,0,0,0,0,0,0,1,1,1,0.008495281333977589,0,0,0
TUR.10.4_1,2035,2,aegypti,1.762939582400791,81.47514299833409,0.06594603112648302,0,0,0,0,0,0,1,1,1,0.007040743200494526,0,0,0
TUR.10.4_1,2035,3,aegypti,4.293945569654598,77.01201597367469,0.0809542520737056,0,0,0,0,0,0,1,1,1,0.007803674450673537,0,0,0
TUR.10.4_1,2035,4,aegypti,10.963538324131685,75.37996158318064,0.10704710876365904,0,0,0,0,0,0,1,1,1,0.010647619356560667,0,0,0
TUR.10.4_1,2035,5,aegypti,15.85183609233183,76.85546742207279,0.14962355300611827,5.727169132358756e-4,5.654075527988837e-4,5.795933576066088e-4,0,0,0,1,1,1,0.014375371987792596,0,0,0
TUR.10.4_1,2035,6,aegypti,18.824587429271023,82.93310914831838,0.16829220942477832,0.01941635530734833,0.019292611156152193,0.019532134080788518,0,0,0,1,1,1,0.016688400675471393,0,0,0
TUR.10.4_1,2035,7,aegypti,20.73703390009263,86.97227032296868,0.19763130807452853,0.05765152880600156,0.05738536991428843,0.05793164201667047,1.2412293415309251e-16,1.1102230246251565e-16,2.220446049250313e-16,0.9999999999999999,0.9999999999999998,0.9999999999999999,0.018943876406881555,2.3513695238556818e-18,2.1031927762573182e-18,4.2063855525146364e-18
TUR.10.4_1,2035,8,aegypti,21.740256309509277,92.18384803943712,0.23467472067943726,0.09322230245052855,0.09285277610819495,0.09358192139791412,1.301178661483604e-10,1.1618045969719048e-10,1.4477120613420878e-10,0.9999999998698821,0.9999999998552288,0.9999999998838196,0.022454515590496382,2.9217336540304803e-12,2.6087759435816e-12,3.250767305195557e-12
TUR.10.4_1,2035,9,aegypti,20.031320151160745,85.10698350129925,0.18704708475727552,0.040264459120004176,0.04007075847540365,0.04047803512378809,0,0,0,1,1,1,0.01853086102553192,0,0,0
TUR.10.4_1,2035,10,aegypti,14.176299151252296,89.8003058318318,0.18432709573980136,0,0,0,0,0,0,1,1,1,0.01767994883041535,0,0,0
TUR.10.4_1,2035,11,aegypti,7.90942888400134,82.73323405855128,0.10691885819394269,0,0,0,0,0,0,1,1,1,0.010634930774548135,0,0,0
TUR.10.4_1,2035,12,aegypti,3.7636832371354103,82.41032405519623,0.08794243960856075,0,0,0,0,0,0,1,1,1,0.008474446385202006,0,0,0
TUR.10.4_1,2036,1,aegypti,4.677186118959285,77.73943241952088,0.09061024217334179,0,0,0,0,0,0,1,1,1,0.008730399899740782,0,0,0
TUR.10.4_1,2036,2,aegypti,3.7512586217455786,76.76451830350987,0.07019988907691777,0,0,0,0,0,0,1,1,1,0.007235752465933554,0,0,0
TUR.10.4_1,2036,3,aegypti,4.6292033382855795,81.77004209672157,0.08320462370908452,0,0,0,0,0,0,1,1,1,0.008019729356190108,0,0,0
TUR.10.4_1,2036,4,aegypti,11.125422631993013,77.09896335320018,0.1100228113492593,0,0,0,0,0,0,1,1,1,0.010941977402003755,0,0,0
TUR.10.4_1,2036,5,aegypti,13.714172251084271,76.44069538838139,0.15378279839526746,0,0,0,0,0,0,1,1,1,0.014772013578370324,0,0,0
TUR.10.4_1,2036,6,aegypti,19.853615368113797,84.69718538122854,0.172970407355629,0.036528910472595724,0.03634201658087466,0.036723727541641715,0,0,0,1,1,1,0.017148305719676515,0,0,0
TUR.10.4_1,2036,7,aegypti,21.081253107856302,90.87288982980462,0.2031250762035804,0.07085453290398248,0.07056453881173895,0.07116848994679693,5.516209711231568e-14,4.8960835385969403e-14,6.239730954149536e-14,0.9999999999999448,0.9999999999999376,0.999999999999951,0.01946532115424482,1.0737479358328655e-15,9.530383847680085e-16,1.2145836693860316e-15
TUR.10.4_1,2036,8,aegypti,21.479886054992676,93.94072212390978,0.24119822403385843,0.08701311317490136,0.08665925142879942,0.08738687354604069,1.8657229872154345e-11,1.6600396057775414e-11,2.101986917857346e-11,0.9999999999813428,0.9999999999789801,0.9999999999833996,0.02307145192034865,4.304493819623016e-13,3.829952395057107e-13,4.84958901125476e-13
TUR.10.4_1,2036,9,aegypti,16.74263816721299,87.431629497393,0.1922466319488777,0.003048339623341511,0.003021650440225617,0.0030740511139372923,0,0,0,1,1,1,0.019041047887524254,0,0,0
TUR.10.4_1,2036,10,aegypti,12.284730013679054,83.10027073661696,0.18945103249740317,0,0,0,0,0,0,1,1,1,0.01816692606536996,0,0,0
TUR.10.4_1,2036,11,aegypti,7.605270196409787,82.11738170259424,0.10989099566175212,0,0,0,0,0,0,1,1,1,0.010928939979753749,0,0,0
TUR.10.4_1,2036,12,aegypti,7.593112148344517,77.19879909181732,0.09038706934167158,0,0,0,0,0,0,1,1,1,0.008708990851429177,0,0,0
TUR.10.4_1,2037,1,aegypti,3.891262161134578,73.70053776620057,0.09196881767968285,0,0,0,0,0,0,1,1,1,0.008860718551973679,0,0,0
TUR.10.4_1,2037,2,aegypti,2.0131938558154028,76.25052599393956,0.06879545883944205,0,0,0,0,0,0,1,1,1,0.00734384324742543,0,0,0
TUR.10.4_1,2037,3,aegypti,5.95460559811224,72.08589903031532,0.08445216218899759,0,0,0,0,0,0,1,1,1,0.008139483439273287,0,0,0
TUR.10.4_1,2037,4,aegypti,10.323769723667818,74.73320254997752,0.1116724515339962,0,0,0,0,0,0,1,1,1,0.011105122930974098,0,0,0
TUR.10.4_1,2037,5,aegypti,16.463330156662884,75.1415544582056,0.1560885591810814,0.0016896705308704163,0.001673057174939071,0.0017074229512948806,0,0,0,1,1,1,0.014991830993553945,0,0,0
TUR.10.4_1,2037,6,aegypti,18.35574015449075,84.98234926062307,0.17556385985193332,0.014382372252379578,0.014293075360351747,0.014472116140185062,0,0,0,1,1,1,0.01740317058725449,0,0,0
TUR.10.4_1,2037,7,aegypti,20.23327070124009,89.85450298898431,0.20617065633486312,0.0478327820666261,0.047607731613049466,0.048064892677379595,0,0,0,1,1,1,0.019754275047618397,0,0,0
TUR.10.4_1,2037,8,aegypti,21.75776195526123,91.46190132312853,0.24481465846208222,0.09274450565392234,0.0923789391296264,0.09310648984469681,1.1260110077682128e-10,1.0060362543029555e-10,1.2544983385431862e-10,0.9999999998873988,0.9999999998745501,0.9999999998993964,0.02341329513380208,2.6363628048787075e-12,2.3554623737299864e-12,2.9371939845175977e-12
TUR.10.4_1,2037,9,aegypti,17.63174873239854,84.9652217215141,0.1951291048247658,0.007840478827063943,0.007781189731879566,0.007900859404066799,0,0,0,1,1,1,0.019323765896399614,0,0,0
TUR.10.4_1,2037,10,aegypti,15.84815984613755,78.30437229911696,0.19229158921845915,5.823197421043968e-4,5.750787346625383e-4,5.896951417807343e-4,0,0,0,1,1,1,0.01843678760482692,0,0,0
TUR.10.4_1,2037,11,aegypti,9.928569127531613,79.60614360444971,0.11153865945220838,0,0,0,0,0,0,1,1,1,0.011091892212038879,0,0,0
TUR.10.4_1,2037,12,aegypti,1.5004776567220688,84.65422053957123,0.09174229867946132,0,0,0,0,0,0,1,1,1,0.008838991357788206,0,0,0
TUR.10.4_1,2038,1,aegypti,3.1434589499224197,74.4719077002826,0.09484847180585303,0,0,0,0,0,0,1,1,1,0.009136887003730276,0,0,0
TUR.10.4_1,2038,2,aegypti,5.210520992808811,71.99725298368566,0.07094952727162256,0,0,0,0,0,0,1,1,1,0.007572914950680909,0,0,0
TUR.10.4_1,2038,3,aegypti,4.716904897352352,75.69929472123329,0.08709646080506282,0,0,0,0,0,0,1,1,1,0.008393267939527327,0,0,0
TUR.10.4_1,2038,4,aegypti,9.18567291428061,76.18144473747752,0.11516905009808161,0,0,0,0,0,0,1,1,1,0.011450839326598294,0,0,0
TUR.10.4_1,2038,5,aegypti,14.33635700450224,79.21997700459232,0.1609758794145463,0,0,0,0,0,0,1,1,1,0.01545759667985358,0,0,0
TUR.10.4_1,2038,6,aegypti,19.17222842048196,81.70742402868947,0.18106097513713576,0.0237693990166496,0.023626279506589434,0.02391784338342046,0,0,0,1,1,1,0.017943166957556933,0,0,0
TUR.10.4_1,2038,7,aegypti,21.207372721503763,86.12670452707025,0.21262610717340377,0.06918001514326258,0.06886713639407144,0.06948964663658586,2.7932878232661552e-14,2.4533153286654396e-14,3.164135620181696e-14,0.999999999999972,0.9999999999999684,0.9999999999999756,0.020366463941527413,5.688939573085774e-16,4.996535817846115e-16,6.444225401453299e-16
TUR.10.4_1,2038,8,aegypti,22.023953437805176,92.57284797840197,0.2524800994144999,0.10371473288607079,0.10332432314642719,0.1041165172681446,2.5861913416358464e-9,2.3242983343552124e-9,2.876823945729967e-9,0.9999999974138086,0.999999997123176,0.9999999976757016,0.024137474985314378,6.242412881597187e-11,5.610269290390682e-11,6.943926602721049e-11
TUR.10.4_1,2038,9,aegypti,20.149325903724222,88.17932542024457,0.20123883142581422,0.04476112048126988,0.04453072657293816,0.04499401730453146,0,0,0,1,1,1,0.01992274926398796,0,0,0
TUR.10.4_1,2038,10,aegypti,14.577888544868019,79.9232535247029,0.19831246979832426,0,0,0,0,0,0,1,1,1,0.019008544392884796,0,0,0
TUR.10.4_1,2038,11,aegypti,11.682869245024289,75.21504558198878,0.11503106882554318,0,0,0,0,0,0,1,1,1,0.011437199105378104,0,0,0
TUR.10.4_1,2038,12,aegypti,3.093225158751011,81.94411464357513,0.0946148602237097,0,0,0,0,0,0,1,1,1,0.009114485740881695,0,0,0
TUR.10.4_1,2039,1,aegypti,3.7015397423494827,78.9463721167865,0.09816904460251012,0,0,0,0,0,0,1,1,1,0.0094552455040815,0,0,0
TUR.10.4_1,2039,2,aegypti,3.5465226274065893,76.883689446088,0.07343341621267022,0,0,0,0,0,0,1,1,1,0.007836995379992384,0,0,0
TUR.10.4_1,2039,3,aegypti,4.76910116161932,77.81986204301063,0.09014564159762625,0,0,0,0,0,0,1,1,1,0.008685830082282742,0,0,0
TUR.10.4_1,2039,4,aegypti,10.158587610020357,75.15302524284861,0.11920103087216645,0,0,0,0,0,0,1,1,1,0.011849340104833073,0,0,0
TUR.10.4_1,2039,5,aegypti,15.720538027146283,76.41990528828373,0.16661152241358204,4.1920204886010154e-4,4.1421210634852543e-4,4.243609725631754e-4,0,0,0,1,1,1,0.01599440475105096,0,0,0
TUR.10.4_1,2039,6,aegypti,18.846918667063992,88.02215944128713,0.187399782048092,0.02127861467444336,0.02115778513428511,0.021405464335186766,0,0,0,1,1,1,0.018565476565721606,0,0,0
TUR.10.4_1,2039,7,aegypti,22.025030192206888,89.5580170881054,0.22006998532870295,0.09879668505271799,0.09838901609163002,0.0991896906190698,6.645438196395404e-10,5.908709993507344e-10,7.415401015453681e-10,0.9999999993354561,0.9999999992584598,0.999999999409129,0.02107191362442562,1.4003209967090272e-11,1.245078266149672e-11,1.56256689688118e-11
TUR.10.4_1,2039,8,aegypti,23.438040733337402,89.55203499012072,0.26131923550020464,0.15136716258889002,0.15076938716541902,0.15191751791679317,7.543846104589324e-5,6.799981394953468e-5,8.276150584234365e-5,0.9999245615389541,0.9999172384941576,0.9999320001860504,0.02497187112692245,1.8838395272514055e-6,1.698082590602484e-6,2.066709658165045e-6
TUR.10.4_1,2039,9,aegypti,19.406909521888284,88.84368546663129,0.2082840497254978,0.030440467445108622,0.03028151858742612,0.030584175561782806,0,0,0,1,1,1,0.020612991908131262,0,0,0
TUR.10.4_1,2039,10,aegypti,15.703268107245949,86.34216831962478,0.2052552384050564,4.764358214211807e-4,4.707300302526328e-4,4.8226717917664366e-4,0,0,0,1,1,1,0.01966743237726487,0,0,0
TUR.10.4_1,2039,11,aegypti,10.983146954985227,86.26770366304346,0.11905821898031158,0,0,0,0,0,0,1,1,1,0.011835228037547108,0,0,0
TUR.10.4_1,2039,12,aegypti,5.273882068693638,73.67183681154388,0.09792725445670751,0,0,0,0,0,0,1,1,1,0.009432067430270141,0,0,0
TUR.10.4_1,2040,1,aegypti,2.4715400212992202,76.36241825936463,0.08972699738462378,0,0,0,0,0,0,1,1,1,0.008645667209951413,0,0,0
TUR.10.4_1,2040,2,aegypti,-1.9898838896222193,72.8360591360294,0.06951559903741922,0,0,0,0,0,0,1,1,1,0.007165473562679936,0,0,0
TUR.10.4_1,2040,3,aegypti,6.280911464353695,76.27653471146766,0.08239356693972172,0,0,0,0,0,0,1,1,1,0.007941866399208797,0,0,0
TUR.10.4_1,2040,4,aegypti,8.531752740635591,83.24274692253611,0.10895033794632508,0,0,0,0,0,0,1,1,1,0.010835897871412148,0,0,0
TUR.10.4_1,2040,5,aegypti,14.016965753891888,80.31693897968998,0.15228376415786585,0,0,0,0,0,0,1,1,1,0.014629078325487654,0,0,0
TUR.10.4_1,2040,6,aegypti,19.78732737372903,83.71857057409963,0.1712843373569745,0.034756344139533005,0.0345740075926936,0.03494372518946711,0,0,0,1,1,1,0.016982576072994582,0,0,0
TUR.10.4_1,2040,7,aegypti,20.122472819160013,92.80226452462884,0.20114506643082708,0.04738817879660891,0.047158082946550314,0.04760255421447557,0,0,0,1,1,1,0.019277419128636453,0,0,0
TUR.10.4_1,2040,8,aegypti,22.11472797393799,95.1546198289879,0.23884708723832496,0.11150420858407564,0.11106984234347313,0.11193045432919031,1.941079583844818e-8,1.7395531828889867e-8,2.154892600192415e-8,0.9999999805892041,0.999999978451074,0.9999999826044682,0.022849146696372946,4.43520121606048e-10,3.974730586197293e-10,4.923745713672504e-10
TUR.10.4_1,2040,9,aegypti,20.300008353065042,84.05131943879925,0.19037266238710784,0.04516604361506733,0.04494224317607439,0.04539756367423914,0,0,0,1,1,1,0.01885720194021645,0,0,0
TUR.10.4_1,2040,10,aegypti,14.05279737360337,83.34337376396071,0.1876043137031805,0,0,0,0,0,0,1,1,1,0.017991442360196452,0,0,0
TUR.10.4_1,2040,11,aegypti,8.062210847349728,78.8094364511294,0.10881980716344093,0,0,0,0,0,0,1,1,1,0.010822986150678338,0,0,0
TUR.10.4_1,2040,12,aegypti,4.766246952116489,74.12985225343841,0.0895059999829693,0,0,0,0,0,0,1,1,1,0.008624465041454421,0,0,0
TUR.10.4_1,2041,1,aegypti,1.6812932664145004,81.80313023446229,0.09440672662708238,0,0,0,0,0,0,1,1,1,0.009094527162532007,0,0,0
TUR.10.4_1,2041,2,aegypti,1.2469141509466093,83.27225450956456,0.07061908850954687,0,0,0,0,0,0,1,1,1,0.007537778288253305,0,0,0
TUR.10.4_1,2041,3,aegypti,4.903555888792171,79.57701078568641,0.08669081967119852,0,0,0,0,0,0,1,1,1,0.00835434106459898,0,0,0
TUR.10.4_1,2041,4,aegypti,9.113430654301363,71.32882938103221,0.11463266430655764,0,0,0,0,0,0,1,1,1,0.011397813532096013,0,0,0
TUR.10.4_1,2041,5,aegypti,14.606029398301068,79.96841297871342,0.1602261539073679,0,0,0,0,0,0,1,1,1,0.015386161518815666,0,0,0
TUR.10.4_1,2041,6,aegypti,18.69084986518411,80.92937074499807,0.18021770574852547,0.01720627673338625,0.017098601672649878,0.017314492551724743,0,0,0,1,1,1,0.01786034961922167,0,0,0
TUR.10.4_1,2041,7,aegypti,23.067174967597513,74.98903210275384,0.2116358270356607,0.1063604369499848,0.10584992892288009,0.106874231636959,5.226002618874404e-9,4.55981643832093e-9,5.963306917711186e-9,0.9999999947739974,0.9999999940366932,0.9999999954401836,0.020272577671933467,1.0594454400485906e-10,9.243923291562006e-11,1.208916026708782e-10
TUR.10.4_1,2041,8,aegypti,22.987521171569824,80.43194069080431,0.25130420417308597,0.11437419987904661,0.11382902473367612,0.11489360075129126,3.927029861816589e-8,3.433986583145643e-8,4.442646366342729e-8,0.9999999607297014,0.9999999555735364,0.9999999656601342,0.024026419108549302,9.43524653117938e-10,8.250640085979239e-10,1.0674088354882405e-9
TUR.10.4_1,2041,9,aegypti,20.222474631141214,86.9018672293266,0.20030158613475926,0.045474978501623305,0.045244870459058874,0.0457069674847157,0,0,0,1,1,1,0.019830887680401088,0,0,0
TUR.10.4_1,2041,10,aegypti,17.54054265863755,78.21127842704665,0.19738885367931258,0.006478928517905985,0.006425744583029408,0.00653175148601027,0,0,0,1,1,1,0.01892085729465731,0,0,0
TUR.10.4_1,2041,11,aegypti,11.30807619235095,79.74810374849268,0.11449532566495192,0,0,0,0,0,0,1,1,1,0.011384236110723256,0,0,0
TUR.10.4_1,2041,12,aegypti,4.023632682859898,78.91911311769623,0.09417420306236465,0,0,0,0,0,0,1,1,1,0.009072229278800581,0,0,0
TUR.10.4_1,2042,1,aegypti,3.111923324464656,75.14594944832947,0.10454926288557126,0,0,0,0,0,0,1,1,1,0.010066659156580782,0,0,0
TUR.10.4_1,2042,2,aegypti,5.263124714427463,67.66424898588292,0.07820601257035889,0,0,0,0,0,0,1,1,1,0.008344207852713392,0,0,0
TUR.10.4_1,2042,3,aegypti,6.541682738920345,73.13429990922157,0.09600440158646234,0,0,0,0,0,0,1,1,1,0.009247722886347343,0,0,0
TUR.10.4_1,2042,4,aegypti,13.201498185887056,66.93424472527049,0.1269481633782404,0,0,0,0,0,0,1,1,1,0.012614577056773713,0,0,0
TUR.10.4_1,2042,5,aegypti,13.7148598502664,81.70107899433842,0.1774399651857001,0,0,0,0,0,0,1,1,1,0.01702501771888376,0,0,0
TUR.10.4_1,2042,6,aegypti,18.57485064338235,89.75099550085744,0.19957929872268268,0.018125663602698742,0.018013240355536086,0.018237544946834047,0,0,0,1,1,1,0.019760088742419413,0,0,0
TUR.10.4_1,2042,7,aegypti,21.54140859491685,84.66050274484368,0.23437280909185979,0.0768217461106712,0.07649597537223984,0.0771627969001283,5.489114718315591e-13,4.856004487407972e-13,6.212835801377992e-13,0.9999999999994511,0.9999999999993787,0.9999999999995144,0.02242595398204672,1.2309863407512079e-14,1.0890053317122355e-14,1.393287697797152e-14
TUR.10.4_1,2042,8,aegypti,24.156245231628418,81.19983925037462,0.27830293714266036,0.1555412688082094,0.15487070812429768,0.1561388385231884,1.5184854506348865e-4,1.3579076059591353e-4,1.6720762417770927e-4,0.9998481514549366,0.9998327923758222,0.9998642092394041,0.026573095554349502,4.035085897761031e-6,3.6083808567130083e-6,4.443224174690029e-6
TUR.10.4_1,2042,9,aegypti,23.40236240274766,79.64787705598675,0.22182088007267484,0.12615337119347483,0.1256793665434282,0.126659757581422,5.809688280086211e-7,5.234382231350531e-7,6.470887964182825e-7,0.999999419031172,0.9999993529112036,0.9999994765617769,0.02193787454751628,1.2745221264870692e-8,1.1483122072511629e-8,1.4195752836927583e-8
TUR.10.4_1,2042,10,aegypti,15.769349154304054,83.60468052665603,0.21859521976138432,5.329668151647856e-4,5.264220940514925e-4,5.393214817310844e-4,0,0,0,1,1,1,0.020932191773389675,0,0,0
TUR.10.4_1,2042,11,aegypti,9.831871320219602,82.67937816255518,0.1267960698330177,0,0,0,0,0,0,1,1,1,0.012599559447622255,0,0,0
TUR.10.4_1,2042,12,aegypti,5.145918048918247,79.59496303224701,0.10429175827585427,0,0,0,0,0,0,1,1,1,0.010041989907407678,0,0,0
TUR.10.4_1,2043,1,aegypti,3.7443272942293655,84.63986882088807,0.09968078622494198,0,0,0,0,0,0,1,1,1,0.009600149201156372,0,0,0
TUR.10.4_1,2043,2,aegypti,2.542520413928501,79.31980089628331,0.07456424469547301,0,0,0,0,0,0,1,1,1,0.007957198760613626,0,0,0
TUR.10.4_1,2043,3,aegypti,5.600245017667904,79.16395536576454,0.09153382785364765,0,0,0,0,0,0,1,1,1,0.008818994883112108,0,0,0
TUR.10.4_1,2043,4,aegypti,9.994995748295503,77.38113650993846,0.1210366518720028,0,0,0,0,0,0,1,1,1,0.01203071046819204,0,0,0
TUR.10.4_1,2043,5,aegypti,11.170132524826947,84.86224995381107,0.16917723520246775,0,0,0,0,0,0,1,1,1,0.01623869788015675,0,0,0
TUR.10.4_1,2043,6,aegypti,18.12620791266946,83.65057741003713,0.1902856209772967,0.011792940377463562,0.01170780393540779,0.011878837869992083,0,0,0,1,1,1,0.018848661897812646,0,0,0
TUR.10.4_1,2043,7,aegypti,20.829689081977396,77.90359051339837,0.22345892486678687,0.05197851612917601,0.05172238191325827,0.052253637997897076,0,0,0,1,1,1,0.02139291209006422,0,0,0
TUR.10.4_1,2043,8,aegypti,23.32682514190674,87.55795540027697,0.26534338758039744,0.14196322216400079,0.14137205653644194,0.14250535653932003,1.401287837536258e-5,1.2524534762778373e-5,1.5482770204600095e-5,0.9999859871216247,0.9999845172297954,0.9999874754652373,0.025351506375485444,3.5524757547190657e-7,3.1751582288856497e-7,3.9251154755209535e-7
TUR.10.4_1,2043,9,aegypti,21.724380072425394,80.36065324006879,0.21149149325857514,0.07656903478881885,0.07620416151898152,0.0769156616585453,5.001319358655109e-13,4.357514349351277e-13,5.672406988566081e-13,0.9999999999994998,0.9999999999994328,0.9999999999995642,0.020927074387896094,1.0466298225620027e-14,9.119002693519881e-15,1.1870688300814404e-14
TUR.10.4_1,2043,10,aegypti,14.845835741828468,86.99198674003493,0.20841604014633325,7.956468232520647e-6,7.83739835667191e-6,8.08561512693771e-6,0,0,0,1,1,1,0.01996725460532678,0,0,0
TUR.10.4_1,2043,11,aegypti,11.549907018156613,80.6567264901919,0.12089164076672002,0,0,0,0,0,0,1,1,1,0.012016383712449286,0,0,0
TUR.10.4_1,2043,12,aegypti,6.410785831511021,77.3973769726767,0.09943527266277341,0,0,0,0,0,0,1,1,1,0.009576617638189844,0,0,0
TUR.10.4_1,2044,1,aegypti,5.131695615648128,78.644736374599,0.10898392218686016,0,0,0,0,0,0,1,1,1,0.010491408371538946,0,0,0
TUR.10.4_1,2044,2,aegypti,4.200786839061252,81.98654131376378,0.08443481735816288,0,0,0,0,0,0,1,1,1,0.008696600167399482,0,0,0
TUR.10.4_1,2044,3,aegypti,9.535111446043148,69.22896543656532,0.10007661406036625,0,0,0,0,0,0,1,1,1,0.009638086651551525,0,0,0
TUR.10.4_1,2044,4,aegypti,11.210792695774751,75.84971103386424,0.1323329153886207,0,0,0,0,0,0,1,1,1,0.013146116497647853,0,0,0
TUR.10.4_1,2044,5,aegypti,14.881404764512006,82.85188923603764,0.18496642467774252,1.0937416391329154e-5,1.0757519207150893e-5,1.1112095926517638e-5,0,0,0,1,1,1,0.017740723624669164,0,0,0
TUR.10.4_1,2044,6,aegypti,19.08894213508157,85.53952394324025,0.20804484088909625,0.0239377471299886,0.02379911960316802,0.0240797844541259,0,0,0,1,1,1,0.02058956382526289,0,0,0
TUR.10.4_1,2044,7,aegypti,22.938175257514505,87.58645184152337,0.24431418533040875,0.1274541505564836,0.12695358134227167,0.1279506280974843,7.684390959413757e-7,6.89292326896962e-7,8.53024001787328e-7,0.9999992315609041,0.9999991469759982,0.9999993107076731,0.023365995078062474,1.795534413355696e-8,1.6106001117620642e-8,1.9931754627231862e-8
TUR.10.4_1,2044,8,aegypti,22.78173542022705,90.42191566639025,0.2901076947728172,0.1276916406502044,0.1271918864688193,0.12817308444036962,8.083781291042813e-7,7.254430284403535e-7,8.943268554606476e-7,0.9999991916218709,0.9999991056731445,0.9999992745569716,0.027684499506108406,2.2379543915936314e-8,2.0083527162566753e-8,2.4758991388299782e-8
TUR.10.4_1,2044,9,aegypti,21.97063976175645,84.45337327180707,0.2312298419523108,0.08923858580469547,0.08884299898033289,0.08960667383626887,3.8047023531717625e-11,3.350502097987373e-11,4.264945896448324e-11,0.999999999961953,0.9999999999573506,0.999999999966495,0.022857696676519934,8.696673233324178e-13,7.658476066983905e-13,9.748683964278419e-13
TUR.10.4_1,2044,10,aegypti,17.74714380152085,77.8420767668904,0.22786735901685778,0.007813408923715931,0.007753330698676943,0.007868196938482936,0,0,0,1,1,1,0.021810319004739287,0,0,0
TUR.10.4_1,2044,11,aegypti,13.202319432707394,78.59630931489893,0.13217437050135722,0,0,0,0,0,0,1,1,1,0.013130470309846487,0,0,0
TUR.10.4_1,2044,12,aegypti,8.84642044454813,74.59827418947357,0.10871549502081819,0,0,0,0,0,0,1,1,1,0.010465703748611221,0,0,0
TUR.10.4_1,2045,1,aegypti,6.105279790757991,77.83988102791932,0.10741854164226614,0,0,0,0,0,0,1,1,1,0.01034149790426031,0,0,0
TUR.10.4_1,2045,2,aegypti,2.1818465691142004,83.79698900663487,0.08035231991218629,0,0,0,0,0,0,1,1,1,0.008572224288556085,0,0,0
TUR.10.4_1,2045,3,aegypti,8.233826656004085,72.09569517289344,0.09863917281696576,0,0,0,0,0,0,1,1,1,0.009500310579259708,0,0,0
TUR.10.4_1,2045,4,aegypti,13.744108354344087,71.26980838493846,0.13043216372725566,0,0,0,0,0,0,1,1,1,0.012958522253849969,0,0,0
TUR.10.4_1,2045,5,aegypti,15.737584001877728,79.23338948017826,0.18230967644567567,4.586961211531218e-4,4.526536286089761e-4,4.646778579646622e-4,0,0,0,1,1,1,0.01748814771206897,0,0,0
TUR.10.4_1,2045,6,aegypti,20.06606158088235,87.71473298865041,0.20505660794797884,0.04264121409678966,0.042433671403636186,0.04285637014701443,0,0,0,1,1,1,0.020296849439677467,0,0,0
TUR.10.4_1,2045,7,aegypti,21.199358042548685,84.19748242013665,0.24080500099559618,0.06687983991667365,0.06656492275960174,0.06717630532760097,1.0663470106919704e-14,9.325873406851315e-15,1.2101430968414206e-14,0.9999999999999893,0.9999999999999879,0.9999999999999907,0.02303427532798019,2.456253063944748e-16,2.1481473572730182e-16,2.7874769278899876e-16
TUR.10.4_1,2045,8,aegypti,24.73722553253174,91.55426277332384,0.28594075957612136,0.21293839310695728,0.21220688470934596,0.21376234704038957,0.07169827914130962,0.06922946112233726,0.07450013573285205,0.9283017208586903,0.9254998642671479,0.9307705388776627,0.027292332471234526,0.0019568132719400017,0.0018894334697552332,0.0020332824735730974
TUR.10.4_1,2045,9,aegypti,21.0159888828502,82.18225510774457,0.2279085933804243,0.06013573465495791,0.05986233012049874,0.06042434111751995,5.1458837191376e-16,4.440892098500626e-16,5.551115123125783e-16,0.9999999999999994,0.9999999999999994,0.9999999999999996,0.022533109529829343,1.1595276147109313e-17,1.0006710806566829e-17,1.2508388508208536e-17
TUR.10.4_1,2045,10,aegypti,14.73785882837632,87.9892935637654,0.22459440715941384,1.1030752767258193e-6,1.0848579923803056e-6,1.1211323694584046e-6,0,0,0,1,1,1,0.02150044079685498,0,0,0
TUR.10.4_1,2045,11,aegypti,11.689615537138547,74.565318714313,0.1302758960849012,0,0,0,0,0,0,1,1,1,0.012943097868870379,0,0,0
TUR.10.4_1,2045,12,aegypti,9.176361240446568,72.0846099438681,0.10715397000514007,0,0,0,0,0,0,1,1,1,0.010316158653734142,0,0,0
TUR.10.4_1,2046,1,aegypti,7.388683187364436,74.94265660164979,0.09698107759184695,0,0,0,0,0,0,1,1,1,0.009341361426511097,0,0,0
TUR.10.4_1,2046,2,aegypti,6.2365067105822485,71.350730461713,0.0725447809377302,0,0,0,0,0,0,1,1,1,0.007742526128054705,0,0,0
TUR.10.4_1,2046,3,aegypti,3.6382560917340654,80.46566740189735,0.08905476769937598,0,0,0,0,0,0,1,1,1,0.008581173065921988,0,0,0
TUR.10.4_1,2046,4,aegypti,13.74208275009604,73.55521640495799,0.11775855078196543,0,0,0,0,0,0,1,1,1,0.01170679105857042,0,0,0
TUR.10.4_1,2046,5,aegypti,13.18734348521513,86.59219990498295,0.16459531666333638,0,0,0,0,0,0,1,1,1,0.015802390108763942,0,0,0
TUR.10.4_1,2046,6,aegypti,18.01539477180032,82.77122865515432,0.18513201261242093,0.01063380731158509,0.010553972255402484,0.010707306013760014,0,0,0,1,1,1,0.01834288460577771,0,0,0
TUR.10.4_1,2046,7,aegypti,19.473934229682474,92.02161724679681,0.2174068659750799,0.03317269979549061,0.03300819894066413,0.03334103941953404,0,0,0,1,1,1,0.020819590562998425,0,0,0
TUR.10.4_1,2046,8,aegypti,22.65584659576416,89.45129646473009,0.2581569491370956,0.12094669518760157,0.12046043489547692,0.12140097835199617,1.8317959700397957e-7,1.6374642460015298e-7,2.0275000202629732e-7,0.999999816820403,0.999999797249998,0.9999998362535754,0.02467343983716941,4.5196707660746275e-9,4.040187555923472e-9,5.0025399769818226e-9
TUR.10.4_1,2046,9,aegypti,20.92791705973008,83.06222184358441,0.20576355478818747,0.05880460636792432,0.05850071804295618,0.05909570668915194,2.632338791386246e-16,2.220446049250313e-16,3.3306690738754696e-16,0.9999999999999998,0.9999999999999997,0.9999999999999998,0.020366106796248284,5.3610492949279424e-18,4.5221841374339454e-18,6.783276206150918e-18
TUR.10.4_1,2046,10,aegypti,14.711615618537452,83.19482182304274,0.20277139583555484,3.6925183210829526e-7,3.6273396255561845e-7,3.754176595087216e-7,0,0,0,1,1,1,0.019431759689626404,0,0,0
TUR.10.4_1,2046,11,aegypti,12.79966097018298,73.28237498872706,0.11761746709085796,0,0,0,0,0,0,1,1,1,0.011692847754830704,0,0,0
TUR.10.4_1,2046,12,aegypti,4.0585445538163185,81.65955348634857,0.0967422134062376,0,0,0,0,0,0,1,1,1,0.00931846120677593,0,0,0
TUR.10.4_1,2047,1,aegypti,3.681419836877681,81.1221533667865,0.09876624245722938,0,0,0,0,0,0,1,1,1,0.009512490740422597,0,0,0
TUR.10.4_1,2047,2,aegypti,1.3415197085671346,82.37279467069737,0.07388013828075676,0,0,0,0,0,0,1,1,1,0.007884482219546851,0,0,0
TUR.10.4_1,2047,3,aegypti,7.286493796964779,82.01782194291297,0.09069403018582504,0,0,0,0,0,0,1,1,1,0.008738437593892034,0,0,0
TUR.10.4_1,2047,4,aegypti,11.243993913426118,71.59980258659861,0.11992617391705823,0,0,0,0,0,0,1,1,1,0.011920992564720345,0,0,0
TUR.10.4_1,2047,5,aegypti,15.25125015483183,79.41387043720951,0.16762508065039466,1.019167612185077e-4,1.0037312306349221e-4,1.034551453800667e-4,0,0,0,1,1,1,0.016090917466990207,0,0,0
TUR.10.4_1,2047,6,aegypti,19.174524868235867,85.88090120154104,0.18853980279767885,0.025367528433122018,0.02522209270395368,0.02550471746873733,0,0,0,1,1,1,0.0186773557604778,0,0,0
TUR.10.4_1,2047,7,aegypti,21.12013822443345,89.21187908761712,0.22140875075785166,0.07012584519257342,0.06982127695549113,0.07042604236852158,4.110523033062918e-14,3.630151734768105e-14,4.629907568443059e-14,0.9999999999999589,0.9999999999999537,0.9999999999999637,0.021198733319933716,8.713788158334588e-16,7.695461853624381e-16,9.814817583936717e-16
TUR.10.4_1,2047,8,aegypti,21.18360424041748,93.21948494129259,0.2629089350584461,0.07661404997889784,0.07629220180763639,0.0769195632084077,5.082295695402195e-13,4.5018433425525474e-13,5.679956505133532e-13,0.9999999999994917,0.999999999999432,0.9999999999995498,0.025121859762172627,1.2767671972978754e-14,1.1309467712287555e-14,1.4269107077720475e-14
TUR.10.4_1,2047,9,aegypti,18.923585470984964,83.47881730256879,0.20955111703955748,0.02089159046834973,0.020765797141836576,0.021027462032690177,0,0,0,1,1,1,0.020737078973208867,0,0,0
TUR.10.4_1,2047,10,aegypti,13.696662958930519,94.25044010917556,0.20650388036283152,0,0,0,0,0,0,1,1,1,0.01978588499880307,0,0,0
TUR.10.4_1,2047,11,aegypti,11.163845349760617,78.3557010995669,0.11978249324873938,0,0,0,0,0,0,1,1,1,0.011906795677515736,0,0,0
TUR.10.4_1,2047,12,aegypti,10.104423679411411,73.43492122316498,0.09852298141439451,0,0,0,0,0,0,1,1,1,0.009489173011981933,0,0,0
TUR.10.4_1,2048,1,aegypti,8.682688581346369,73.33622654793885,0.10780822683734385,0,0,0,0,0,0,1,1,1,0.010378818677943658,0,0,0
TUR.10.4_1,2048,2,aegypti,7.046231041484348,69.89478258573644,0.08352395252495338,0,0,0,0,0,0,1,1,1,0.008603187827921466,0,0,0
TUR.10.4_1,2048,3,aegypti,7.668875713010921,76.53584257279579,0.09899700885452335,0,0,0,0,0,0,1,1,1,0.009534610290278356,0,0,0
TUR.10.4_1,2048,4,aegypti,10.371082460179048,75.38996371941111,0.13090533607152127,0,0,0,0,0,0,1,1,1,0.013005225221904837,0,0,0
TUR.10.4_1,2048,5,aegypti,15.282385713913861,83.43420277363529,0.1829710462682793,1.242273973742015e-4,1.2249703237533316e-4,1.259116864559032e-4,0,0,0,1,1,1,0.017551029927717177,0,0,0
TUR.10.4_1,2048,6,aegypti,21.206478679881375,76.06543336706838,0.2058004974390157,0.05882600724205662,0.05851170825973471,0.059132861026023296,2.680078381445128e-16,2.220446049250313e-16,3.3306690738754696e-16,0.9999999999999998,0.9999999999999997,0.9999999999999998,0.020369725816849038,5.459246179770181e-18,4.522987721433455e-18,6.784481582150183e-18
TUR.10.4_1,2048,7,aegypti,21.29984670526841,86.69499523751946,0.24167857591435804,0.07239572690813477,0.0720882331302653,0.07272523570812661,1.0174872056012418e-13,8.992528943707612e-14,1.1557699242104037e-13,0.9999999999998983,0.9999999999998844,0.9999999999999101,0.023116864038884244,2.3521113393188167e-15,2.078790689574202e-15,2.6717776198203447e-15
TUR.10.4_1,2048,8,aegypti,21.99148464202881,97.0900446336754,0.2869780747264906,0.11023819913029147,0.10982062024435005,0.11065296037048426,1.41380435568772e-8,1.2706918775529097e-8,1.5671421471630255e-8,0.9999999858619565,0.9999999843285785,0.9999999872930813,0.027389973157442182,3.872406335216149e-10,3.4804216417554003e-10,4.2923981344691573e-10
TUR.10.4_1,2048,9,aegypti,19.762322958777933,86.25595505891644,0.22873538364692328,0.03565142994338467,0.0354546756436372,0.03582931479558754,0,0,0,1,1,1,0.02261392220011349,0,0,0
TUR.10.4_1,2048,10,aegypti,16.447197016547705,85.07614659110915,0.22540917446149425,0.0019371024659388233,0.0019185550512525675,0.001955986284543815,0,0,0,1,1,1,0.02157759092741862,0,0,0
TUR.10.4_1,2048,11,aegypti,12.33196478030261,76.3277241098208,0.13074850153274684,0,0,0,0,0,0,1,1,1,0.012989745613490866,0,0,0
TUR.10.4_1,2048,12,aegypti,6.796635307371616,80.77366634035248,0.10754269540642011,0,0,0,0,0,0,1,1,1,0.010353388461369906,0,0,0
TUR.10.4_1,2049,1,aegypti,6.07527195155511,77.80065831063416,0.09971193840952303,0,0,0,0,0,0,1,1,1,0.00960313498236165,0,0,0
TUR.10.4_1,2049,2,aegypti,5.040968666606418,79.24481920683019,0.07458754747228558,0,0,0,0,0,0,1,1,1,0.007959675616662887,0,0,0
TUR.10.4_1,2049,3,aegypti,7.305328864713802,77.24777189408485,0.09156243395527162,0,0,0,0,0,0,1,1,1,0.008821738797819889,0,0,0
TUR.10.4_1,2049,4,aegypti,9.1621796243331,79.8144708605244,0.1210744781799904,0,0,0,0,0,0,1,1,1,0.012034447584186814,0,0,0
TUR.10.4_1,2049,5,aegypti,16.00399387584013,78.44856892353764,0.16923010637912608,8.086018730534781e-4,7.988983464620946e-4,8.180322216888945e-4,0,0,0,1,1,1,0.01624373134640178,0,0,0
TUR.10.4_1,2049,6,aegypti,18.38939150641946,90.69224153357229,0.19034508893508778,0.016065115278392647,0.015963137016853868,0.01615942458043276,0,0,0,1,1,1,0.018854496587099923,0,0,0
TUR.10.4_1,2049,7,aegypti,21.32884412653306,88.33574230783196,0.2235287601272956,0.07515130193183363,0.07479914616231571,0.0754710396923971,2.941273891110541e-13,2.56894505668015e-13,3.3109071040371416e-13,0.9999999999997059,0.9999999999996689,0.9999999999997431,0.021399525740062875,6.2941866341394904e-15,5.497420586523414e-15,7.085184179579983e-15
TUR.10.4_1,2049,8,aegypti,23.679631233215332,83.81320442371447,0.2654263125501967,0.14564880132080824,0.1450694278270374,0.14624866599250533,2.7595452134303033e-5,2.481097077140226e-5,3.070373541313731e-5,0.9999724045478657,0.9999692962645869,0.9999751890292286,0.025359327895414396,6.998021190960037e-7,6.291895431955326e-7,7.786260939557957e-7
TUR.10.4_1,2049,9,aegypti,20.028791006873636,80.19683488069379,0.21155758846392841,0.0372698890685907,0.03708325416176914,0.037465896108352034,0,0,0,1,1,1,0.02093354556911775,0,0,0
TUR.10.4_1,2049,10,aegypti,13.832856234382179,83.31124638358962,0.2084811742127685,0,0,0,0,0,0,1,1,1,0.01997343202307833,0,0,0
TUR.10.4_1,2049,11,aegypti,8.311557103605832,82.58191264741846,0.1209294217559166,0,0,0,0,0,0,1,1,1,0.012020116405231374,0,0,0
TUR.10.4_1,2049,12,aegypti,6.569518245756626,77.50405116701263,0.09946634811959082,0,0,0,0,0,0,1,1,1,0.009579596136199853,0,0,0
TUR.10.4_1,2050,1,aegypti,7.163182603715755,74.5871420752826,0.1015514813309064,0,0,0,0,0,0,1,1,1,0.009779430019759894,0,0,0
TUR.10.4_1,2050,2,aegypti,6.807374725871555,78.57768206083409,0.0759635812468219,0,0,0,0,0,0,1,1,1,0.0081059235132942,0,0,0
TUR.10.4_1,2050,3,aegypti,7.257225532194271,70.85734525834266,0.09325163015317611,0,0,0,0,0,0,1,1,1,0.008983754059957771,0,0,0
TUR.10.4_1,2050,4,aegypti,12.116342698826509,73.91885623650096,0.12330812946436774,0,0,0,0,0,0,1,1,1,0.012255099992749985,0,0,0
TUR.10.4_1,2050,5,aegypti,14.728458292344037,88.04711781269779,0.17235216025993746,8.1307833968605e-7,7.992122026916306e-7,8.267224807857396e-7,0,0,0,1,1,1,0.01654091290877635,0,0,0
TUR.10.4_1,2050,6,aegypti,20.45609530280618,80.44620881872854,0.19385668410168208,0.0459128890517809,0.045691940183776134,0.04614891067458028,0,0,0,1,1,1,0.01919897468093057,0,0,0
TUR.10.4_1,2050,7,aegypti,21.002565440009622,84.999934507539,0.22765254665653728,0.0625483973230307,0.06224609049681402,0.0628308215060613,1.5796253194366727e-15,1.3322676295501878e-15,1.7763568394002505e-15,0.9999999999999984,0.9999999999999982,0.9999999999999987,0.021789983899740184,3.442001027814704e-17,2.903009019804361e-17,3.870678693072482e-17
TUR.10.4_1,2050,8,aegypti,23.17652988433838,87.563700334359,0.2703230491114225,0.13629355223668507,0.1357443783153243,0.1368187510233405,4.717064679757188e-6,4.226189021896975e-6,5.222954905020893e-6,0.9999952829353203,0.999994777045095,0.9999957738109782,0.02582107899094277,1.2179969970139652e-7,1.0912476056505697e-7,1.3486233116867646e-7
TUR.10.4_1,2050,9,aegypti,18.71751361734727,83.45986588655316,0.21546052396524637,0.018210957280350947,0.018101179805232258,0.018323553168804824,0,0,0,1,1,1,0.021315594330999055,0,0,0
TUR.10.4_1,2050,10,aegypti,14.52621274835923,81.34411381523024,0.21232735426284124,0,0,0,0,0,0,1,1,1,0.02033814078659446,0,0,0
TUR.10.4_1,2050,11,aegypti,11.280091573210324,77.02032817476221,0.1231603969563429,0,0,0,0,0,0,1,1,1,0.012240507681825608,0,0,0
TUR.10.4_1,2050,12,aegypti,6.224629081785679,73.58460231447357,0.10130136025071365,0,0,0,0,0,0,1,1,1,0.009755461177553104,0,0,0
TUR.10.4_1,2051,1,aegypti,3.2485214346636306,76.55140599129822,0.09921589174523739,0,0,0,0,0,0,1,1,1,0.009555590319138885,0,0,0
TUR.10.4_1,2051,2,aegypti,0.5388997893862646,84.36346392118566,0.07421648955574084,0,0,0,0,0,0,1,1,1,0.007920235073819226,0,0,0
TUR.10.4_1,2051,3,aegypti,6.0484304615460776,80.2341610542411,0.09110692942229537,0,0,0,0,0,0,1,1,1,0.008778045622776842,0,0,0
TUR.10.4_1,2051,4,aegypti,12.681438600315767,74.0541940660908,0.1204721572143238,0,0,0,0,0,0,1,1,1,0.011974938555470382,0,0,0
TUR.10.4_1,2051,5,aegypti,14.431196100571576,83.91899739033451,0.16838822093285885,0,0,0,0,0,0,1,1,1,0.016163578718228155,0,0,0
TUR.10.4_1,2051,6,aegypti,17.607740009532254,77.61649690466604,0.18939816073435806,0.006844868623237741,0.006793433444186733,0.006901017889111363,0,0,0,1,1,1,0.01876158475350742,0,0,0
TUR.10.4_1,2051,7,aegypti,22.43151288874009,86.99341900460931,0.2224167498946025,0.10829208504707757,0.10785040054986518,0.1087320907113237,8.621027964728078e-9,7.681122618508062e-9,9.633689862509342e-9,0.999999991378972,0.9999999903663102,0.9999999923188775,0.02129420906619306,1.8357797184641654e-10,1.6356343090157494e-10,2.0514180601113863e-10
TUR.10.4_1,2051,8,aegypti,23.46333408355713,88.72450508289415,0.26410587049426737,0.15020027085948756,0.14958565002920346,0.15077885332744143,6.171779819498836e-5,5.5403059431130554e-5,6.811066328141491e-5,0.999938282201805,0.9999318893367185,0.9999445969405689,0.02523477575705413,1.5574347976696511e-6,1.3980837809993223e-6,1.7187573145707256e-6
TUR.10.4_1,2051,9,aegypti,23.134694632361917,77.17039139924847,0.21050513238158006,0.11254226028767718,0.11204775274729323,0.11301857177496168,2.5108986832611535e-8,2.2183928335972603e-8,2.8175479149794567e-8,0.9999999748910132,0.9999999718245208,0.99999997781607175,0.020830497702046258,5.230326925174243e-10,4.6210226822483615e-10,5.86909253683848e-10
TUR.10.4_1,2051,10,aegypti,12.62291341669419,86.31940220634353,0.2074440226671846,0,0,0,0,0,0,1,1,1,0.01987506230556324,0,0,0
TUR.10.4_1,2051,11,aegypti,10.453243543119992,78.35178722017237,0.12032782241653112,0,0,0,0,0,0,1,1,1,0.01196067781280874,0,0,0
TUR.10.4_1,2051,12,aegypti,4.385530151426792,81.42194362306732,0.09897152321717285,0,0,0,0,0,0,1,1,1,0.009532167450969409,0,0,0
TUR.10.4_1,2052,1,aegypti,2.4752546423662674,83.7702475440326,0.09983354931109886,0,0,0,0,0,0,1,1,1,0.009614790693355912,0,0,0
TUR.10.4_1,2052,2,aegypti,4.373042116694919,72.54732469999425,0.07734560596788732,0,0,0,0,0,0,1,1,1,0.007969344628880215,0,0,0
TUR.10.4_1,2052,3,aegypti,5.665110606809749,81.65765348588172,0.09167410553965148,0,0,0,0,0,0,1,1,1,0.008832450331569208,0,0,0
TUR.10.4_1,2052,4,aegypti,13.45382419754477,74.41575870232127,0.1212221433110083,0,0,0,0,0,0,1,1,1,0.012049036282748227,0,0,0
TUR.10.4_1,2052,5,aegypti,16.86885917887968,85.4696794582056,0.16943650318715936,0.003476232775783561,0.0034455962616915525,0.003506822058700101,0,0,0,1,1,1,0.01626338058439747,0,0,0
TUR.10.4_1,2052,6,aegypti,18.605097378001492,86.90663514929494,0.190577238046269,0.017746255742116992,0.01764067767334466,0.01785402530623489,0,0,0,1,1,1,0.018877273528372207,0,0,0
TUR.10.4_1,2052,7,aegypti,21.56754690058091,79.61786968820306,0.22380138078316492,0.07147723437345113,0.07113167351368406,0.07183636602208647,7.079214991989602e-14,6.150080444911055e-14,8.139044993527022e-14,0.9999999999999292,0.9999999999999186,0.9999999999999385,0.021425343467535996,1.516746126839073e-15,1.3176758588519594e-15,1.7438183448404571e-15
TUR.10.4_1,2052,8,aegypti,23.46229839324951,86.39398445301134,0.26575003239444045,0.1442075406069813,0.14366019061460833,0.1447981857913807,2.1229783616044106e-5,1.917314970342754e-5,2.3616247803429078e-5,0.9999787702163839,0.9999763837521967,0.9999808268502965,0.025389860693914912,5.39021248573317e-7,4.868036000336012e-7,5.996132418420383e-7
TUR.10.4_1,2052,9,aegypti,17.980804022620706,86.12959702668988,0.21181560881213027,0.010867443769404638,0.010794058622012052,0.010938462286973514,0,0,0,1,1,1,0.020958807149964787,0,0,0
TUR.10.4_1,2052,10,aegypti,15.605108317206886,77.07565068046462,0.20873544249760986,3.150564432071739e-4,3.110825609208882e-4,3.19121050109887e-4,0,0,0,1,1,1,0.01999754685617905,0,0,0
TUR.10.4_1,2052,11,aegypti,12.20407228610095,82.45937694185206,0.12107690997288796,0,0,0,0,0,0,1,1,1,0.012034687836918856,0,0,0
TUR.10.4_1,2052,12,aegypti,5.331286109983921,80.41062160158295,0.09958765949377751,0,0,0,0,0,0,1,1,1,0.009591223415711503,0,0,0
TUR.10.4_1,2053,1,aegypti,5.491386520265437,80.85256108163026,0.1118918911200632,0,0,0,0,0,0,1,1,1,0.01076983308760926,0,0,0
TUR.10.4_1,2053,2,aegypti,8.367942581706515,67.12302736723058,0.08369852069673996,0,0,0,0,0,0,1,1,1,0.008927608764071726,0,0,0
TUR.10.4_1,2053,3,aegypti,7.837383765836849,75.90595213090126,0.10274691330073239,0,0,0,0,0,0,1,1,1,0.009893979005965114,0,0,0
TUR.10.4_1,2053,4,aegypti,12.8485547654769,72.16425571159861,0.1358638949961494,0,0,0,0,0,0,1,1,1,0.013494511079145677,0,0,0
TUR.10.4_1,2053,5,aegypti,12.469039804795209,86.23467884785404,0.18990180051901837,0,0,0,0,0,0,1,1,1,0.018209755352388113,0,0,0
TUR.10.4_1,2053,6,aegypti,19.422859752879422,81.9623373587676,0.2135960077206714,0.027673895252839576,0.027512324558391248,0.027833275527648534,0,0,0,1,1,1,0.021133100021079265,0,0,0
TUR.10.4_1,2053,7,aegypti,21.963310297797708,88.42772991769525,0.2508331107519357,0.09496497830121395,0.09456644249711905,0.09536947205439698,2.19060127260029e-10,1.9429131636883313e-10,2.4639424944794537e-10,0.9999999997809399,0.9999999997536058,0.9999999998057088,0.02398192376527586,5.2534832719616435e-12,4.659479537412449e-12,5.90900810646299e-12
TUR.10.4_1,2053,8,aegypti,23.028389930725098,91.60891212635119,0.29784850779142064,0.14000651247643875,0.1394574640372754,0.14051036203116354,9.684348482173921e-6,8.709246713747843e-6,1.0643748709104893e-5,0.9999903156515179,0.9999893562512909,0.9999912907532862,0.028412598934348,2.7515750936446944e-7,2.4745233389800575e-7,3.024165632297816e-7
TUR.10.4_1,2053,9,aegypti,22.169753607581644,87.26716263948285,0.23739964372980493,0.09993320656071214,0.09951798020147215,0.10033008632749522,9.155396143434302e-10,8.134550366634131e-10,1.0213359213917526e-9,0.9999999990844604,0.9999999989786641,0.9999999991865449,0.023460388165041368,2.1478914732969148e-11,1.9083970914931626e-11,2.39609371627507e-11
TUR.10.4_1,2053,10,aegypti,14.856960352729347,84.35901402274978,0.23394744117591168,8.633226116181646e-6,8.499408242126872e-6,8.769438219602463e-6,0,0,0,1,1,1,0.022385711673000852,0,0,0
TUR.10.4_1,2053,11,aegypti,14.433539678068723,73.95880473726221,0.13570111972703297,0,0,0,0,0,0,1,1,1,0.01347845307880935,0,0,0
TUR.10.4_1,2053,12,aegypti,9.156976379454136,68.32917781496185,0.11161630163279058,0,0,0,0,0,0,1,1,1,0.01074345001632604,0,0,0
TUR.10.4_1,2054,1,aegypti,5.3777223700274,76.64605625985291,0.10306967839651769,0,0,0,0,0,0,1,1,1,0.009924904813106261,0,0,0
TUR.10.4_1,2054,2,aegypti,3.6223826509051245,76.60090593778722,0.07709923859648135,0,0,0,0,0,0,1,1,1,0.0082266074349582885,0,0,0
TUR.10.4_1,2054,3,aegypti,7.681910533567562,74.88192716752235,0.09464574424591592,0,0,0,0,0,0,1,1,1,0.009117447271639212,0,0,0
TUR.10.4_1,2054,4,aegypti,10.17752615143271,81.19439944939158,0.12515158893798,0,0,0,0,0,0,1,1,1,0.01243716997964528,0,0,0
TUR.10.4_1,2054,5,aegypti,14.455041773178998,82.96044026142826,0.17492882916253835,0,0,0,0,0,0,1,1,1,0.016786112831426503,0,0,0
TUR.10.4_1,2054,6,aegypti,19.867930019603055,88.35663972693166,0.19675484614811534,0.03892033044545236,0.03873288530139004,0.03911975136094761,0,0,0,1,1,1,0.01948318552515549,0,0,0
TUR.10.4_1,2054,7,aegypti,24.6338711345897,83.61285717599603,0.2310559576534353,0.18013429188477387,0.17943563936551915,0.18079607281646226,0.005001081756014631,0.0045989071564586925,0.005401479091838227,0.9949989182439853,0.9945985209081618,0.9954010928435413,0.022112116401804327,1.105845019239355e-4,1.0169157036470555e-4,1.1943813442063919e-4
TUR.10.4_1,2054,8,aegypti,24.811625480651855,86.09927620105822,0.2743643851367509,0.19555300015636254,0.1947738780221176,0.19631714531338987,0.023617905226588378,0.02212041600765534,0.02513235036027173,0.9763820947734116,0.9748676496397283,0.9778795839923448,0.02620200298424813,6.188364232287581e-4,5.795992062453954e-4,6.585179191410094e-4
TUR.10.4_1,2054,9,aegypti,19.33993106729844,88.27835496126019,0.2186816639324046,0.02903330069150586,0.028872813787828737,0.0291861135697522,0,0,0,1,1,1,0.021630791508995828,0,0,0
TUR.10.4_1,2054,10,aegypti,17.020138796638037,80.50700138847243,0.21550165326829304,0.003860653240637566,0.003829607100984537,0.003893133822115894,0,0,0,1,1,1,0.02063903711628501,0,0,0
TUR.10.4_1,2054,11,aegypti,10.60513143679675,80.54199565523096,0.1250016478254401,0,0,0,0,0,0,1,1,1,0.012422362241687579,0,0,0
TUR.10.4_1,2054,12,aegypti,6.657885231077671,73.7927627148642,0.1028158180002163,0,0,0,0,0,0,1,1,1,0.009900581205678494,0,0,0
TUR.10.4_1,2055,1,aegypti,8.565561162828303,73.25141819832947,0.10886316532542219,0,0,0,0,0,0,1,1,1,0.010479844760240664,0,0,0
TUR.10.4_1,2055,2,aegypti,3.710407982402317,82.91037706815831,0.0814329421452478,0,0,0,0,0,0,1,1,1,0.008687006096894434,0,0,0
TUR.10.4_1,2055,3,aegypti,6.903225917478695,75.90631834183876,0.09996572671501498,0,0,0,0,0,0,1,1,1,0.009627458987737536,0,0,0
TUR.10.4_1,2055,4,aegypti,9.676855718388277,80.91506442741893,0.13218628726947607,0,0,0,0,0,0,1,1,1,0.013131646338680691,0,0,0
TUR.10.4_1,2055,5,aegypti,13.908681757309857,80.4718767238306,0.18476147733810475,0,0,0,0,0,0,1,1,1,0.01772124168061362,0,0,0
TUR.10.4_1,2055,6,aegypti,18.198664272532742,85.71493135290822,0.2078143220977001,0.01288819891812532,0.012805866432209255,0.012972643403823595,0,0,0,1,1,1,0.020566986314034086,0,0,0
TUR.10.4_1,2055,7,aegypti,24.262449320624857,80.76076824777337,0.24404347921492603,0.15797970016864604,0.15730587852922007,0.15862573839416014,2.254051196228064e-4,2.0202028425527762e-4,2.4950639107788327e-4,0.9997745948803772,0.9997504936089221,0.9997979797157448,0.023340409504437498,5.261047796393022e-6,4.715236162721047e-6,5.823581341732127e-6
TUR.10.4_1,2055,8,aegypti,24.221428871154785,87.0923639696129,0.2897862483245998,0.17558527699701634,0.1748969093873938,0.17627669823486844,0.002858349693814681,0.0026142569413950684,0.0031179895850375313,0.9971416503061853,0.9968820104149625,0.997385743058605,0.02765425251653919,7.904552421332367e-5,7.229532160045461e-5,8.622567132856713e-5
TUR.10.4_1,2055,9,aegypti,21.72034984476426,83.4342158621391,0.23097363361052362,0.08038848013922598,0.08002647228615042,0.08075123408306373,1.987853881502133e-12,1.7456730505571727e-12,2.2536639221470974e-12,0.9999999999980121,0.9999999999977462,0.9999999999982543,0.02283266115488336,4.538799410175786e-14,3.9858361250583495e-14,5.1457144691370116e-14
TUR.10.4_1,2055,10,aegypti,16.034191187690283,83.50061558524978,0.2276148763887151,9.331045746346566e-4,9.228132200818587e-4,9.430260814585986e-4,0,0,0,1,1,1,0.02178641781905044,0,0,0
TUR.10.4_1,2055,11,aegypti,10.114484120817746,78.40830577485987,0.1320279180538401,0,0,0,0,0,0,1,1,1,0.01311601725821221,0,0,0
TUR.10.4_1,2055,12,aegypti,5.030681766569614,82.57774348878998,0.10859503558327033,0,0,0,0,0,0,1,1,1,0.01045416831897883,0,0,0
TUR.10.4_1,2056,1,aegypti,3.8517452353228103,78.45143803475526,0.10930119116092765,0,0,0,0,0,0,1,1,1,0.010521789231818346,0,0,0
TUR.10.4_1,2056,2,aegypti,4.369970808558933,81.55353502714269,0.0846806201090757,0,0,0,0,0,0,1,1,1,0.0087218065816842,0,0,0
TUR.10.4_1,2056,3,aegypti,7.286413688322201,75.21156278763954,0.10036795248931947,0,0,0,0,0,0,1,1,1,0.009666008562830286,0,0,0
TUR.10.4_1,2056,4,aegypti,10.946053659214693,73.91955814079783,0.1327181568761561,0,0,0,0,0,0,1,1,1,0.013184133471163428,0,0,0
TUR.10.4_1,2056,5,aegypti,15.902657396653119,90.24466572529545,0.1855048904130261,7.996477206670636e-4,7.905307072273006e-4,8.079733026215526e-4,0,0,0,1,1,1,0.01779190741657377,0,0,0
TUR.10.4_1,2056,6,aegypti,21.66816576789407,83.75810609656057,0.20865049144657705,0.07932277382304471,0.07897772008340459,0.0796914135393114,1.3619704253287069e-12,1.2011419636692723e-12,1.550032324715289e-12,0.999999999998638,0.99999999999845,0.9999999999987988,0.020648880076665876,2.8123163980578083e-14,2.480223636285776e-14,3.200643158800163e-14
TUR.10.4_1,2056,7,aegypti,25.207151469062357,85.29870922677728,0.24502542153272686,0.20777859614211144,0.20698372070534024,0.20858061757605095,0.05492551589174661,0.05248325543084213,0.057422116083898106,0.9450744841082533,0.9425778839161019,0.9475167445691579,0.023433213809311848,0.001287081357478054,0.001229851345919651,0.0013455847235771094
TUR.10.4_1,2056,8,aegypti,27.231165885925293,73.2075983446129,0.2909522429304055,0.2140658407583487,0.2129096679861648,0.21503643235505956,0.07554612666504447,0.07159768552447202,0.07889028797423282,0.9244538733349555,0.9211097120257671,0.928402314475528,0.02776396405852055,0.002097459945488736,0.001987835567574698,0.0021903071198829363
TUR.10.4_1,2056,9,aegypti,23.59934383280137,72.59943040071332,0.23190298761689987,0.11685572019478105,0.11628558560823264,0.1174044845549511,7.108286364165828e-8,6.19656569084137e-8,8.070728728382103e-8,0.9999999289171364,0.9999999192927127,0.9999999380343431,0.022923470373247934,1.6294659187351763e-9,1.420467900298868e-9,1.8500911089558809e-9
TUR.10.4_1,2056,10,aegypti,15.537014063666847,81.8228888396443,0.22853071597601354,2.829612759872516e-4,2.793969301998426e-4,2.8668803838501484e-4,0,0,0,1,1,1,0.021873112692293306,0,0,0
TUR.10.4_1,2056,11,aegypti,10.192529965849484,79.58491099946924,0.13255915044031996,0,0,0,0,0,0,1,1,1,0.013168442339037911,0,0,0
TUR.10.4_1,2056,12,aegypti,6.031317867338657,81.94526668214935,0.10903198256208463,0,0,0,0,0,0,1,1,1,0.010496010569307601,0,0,0
TUR.10.4_1,2057,1,aegypti,3.612908946870662,80.63083561776307,0.11274738814163196,0,0,0,0,0,0,1,1,1,0.010851728097011293,0,0,0
TUR.10.4_1,2057,2,aegypti,5.842620621257297,76.29082445585362,0.08433845835843287,0,0,0,0,0,0,1,1,1,0.008995559064756242,0,0,0
TUR.10.4_1,2057,3,aegypti,10.242636699339046,71.56432310258094,0.10353249014123676,0,0,0,0,0,0,1,1,1,0.0099692475344898,0,0,0
TUR.10.4_1,2057,4,aegypti,12.83685985733481,73.04741916374705,0.13690267587959354,0,0,0,0,0,0,1,1,1,0.013596982061139129,0,0,0
TUR.10.4_1,2057,5,aegypti,13.663955576279584,81.86858235127201,0.19135374152303838,0,0,0,0,0,0,1,1,1,0.01834769742038811,0,0,0
TUR.10.4_1,2057,6,aegypti,19.492271984324734,86.70066438513479,0.21522910862364866,0.030945913633611766,0.030780938722821578,0.03109805615811157,0,0,0,1,1,1,0.021292945810333808,0,0,0
TUR.10.4_1,2057,7,aegypti,22.448431071113138,90.31982739083978,0.2527509171006446,0.11502769650587925,0.11461292439161322,0.11544441403900768,4.5943111552815274e-8,4.152087792475001e-8,5.0705754792157446e-8,0.9999999540568885,0.9999999492942452,0.999999958479122,0.024163050214465298,1.1101257114594563e-9,1.003271058244418e-9,1.2252056992052647e-9
TUR.10.4_1,2057,8,aegypti,23.87736988067627,91.67318977527697,0.30012578194188466,0.17561686177111702,0.1749524210880607,0.17626604154552486,0.0028696855813968563,0.0026330513914055833,0.003113795407183983,0.9971303144186031,0.996886204592816,0.9973669486085944,0.028626695104016386,8.21496141830398e-5,7.537555937497374e-5,8.913767173774245e-5
TUR.10.4_1,2057,9,aegypti,22.824927862952737,81.78134568391644,0.2392147411966482,0.1117550183303623,0.11126946878779059,0.11220529147831544,2.066835167313652e-8,1.828427177164027e-8,2.3065105669850535e-8,0.9999999793316483,0.9999999769348943,0.9999999817157282,0.023637623537152486,4.885507159830768e-10,4.3219673278901684e-10,5.452042846685683e-10
TUR.10.4_1,2057,10,aegypti,14.528727587531593,85.683896530074,0.23573614397757284,0,0,0,0,0,0,1,1,1,0.022554922325741855,0,0,0
TUR.10.4_1,2057,11,aegypti,12.427831937285031,75.47243846528956,0.13673865607205238,0,0,0,0,0,0,1,1,1,0.01358080296513875,0,0,0
TUR.10.4_1,2057,12,aegypti,8.404977954924107,70.65367122316498,0.11246969156703444,0,0,0,0,0,0,1,1,1,0.010825145505610645,0,0,0
TUR.10.4_1,2058,1,aegypti,5.643518792985774,75.66165837166932,0.1068470489743129,0,0,0,0,0,0,1,1,1,0.010286762592841447,0,0,0
TUR.10.4_1,2058,2,aegypti,4.3648777108721655,79.52286486112706,0.07992482610170637,0,0,0,0,0,0,1,1,1,0.00852681297311586,0,0,0
TUR.10.4_1,2058,3,aegypti,8.936956901212826,77.66505399857704,0.09811438851831457,0,0,0,0,0,0,1,1,1,0.009450006203370442,0,0,0
TUR.10.4_1,2058,4,aegypti,13.456964647068697,74.21674594597361,0.1297382330138445,0,0,0,0,0,0,1,1,1,0.012890026037614133,0,0,0
TUR.10.4_1,2058,5,aegypti,18.424291498520795,81.01904164082279,0.18133974479521062,0.014255779558511861,0.014162193780365595,0.014346398183904834,0,0,0,1,1,1,0.01739592054411898,0,0,0
TUR.10.4_1,2058,6,aegypti,19.81903704474954,84.47540651159963,0.20396565711057218,0.03575280017406988,0.03556169976541029,0.035942749531003404,0,0,0,1,1,1,0.02018996281212926,0,0,0
TUR.10.4_1,2058,7,aegypti,21.88861089594224,88.77509625070306,0.2395238600457054,0.09306183887719559,0.09266726268737961,0.09344723618001186,1.239924222184996e-10,1.0982372788959084e-10,1.3902481388328166e-10,0.9999999998760076,0.9999999998609751,0.9999999998901763,0.022913142258059405,2.841056009213847e-12,2.516406700444601e-12,3.1854953379078653e-12
TUR.10.4_1,2058,8,aegypti,22.319817543029785,83.3765436571129,0.2844194854546485,0.09840833980896964,0.09794654677698873,0.09881099536623471,5.952284370946969e-10,5.207300035614538e-10,6.661721202450011e-10,0.9999999994047716,0.9999999993338279,0.99999999947927,0.02714911983260193,1.6159928166456288e-11,1.4137361267121136e-11,1.8085986721670037e-11
TUR.10.4_1,2058,9,aegypti,18.5002360904918,82.257068950518,0.22669606444371418,0.015352436372111592,0.01524841900257901,0.015450919166380354,0,0,0,1,1,1,0.022414581655113563,0,0,0
TUR.10.4_1,2058,10,aegypti,15.787604388068702,83.37830113212478,0.22339951049639295,5.54060810478968e-4,5.470235379113278e-4,5.606076112650799e-4,0,0,0,1,1,1,0.021387285300598302,0,0,0
TUR.10.4_1,2058,11,aegypti,9.93303613802966,82.01010478609034,0.12958279675320944,0,0,0,0,0,0,1,1,1,0.012874682650049762,0,0,0
TUR.10.4_1,2058,12,aegypti,6.081950820982456,66.98196788454193,0.10658388492239936,0,0,0,0,0,0,1,1,1,0.010261556760995383,0,0,0
TUR.10.4_1,2059,1,aegypti,4.586740838884212,84.51286991952088,0.10728576735406715,0,0,0,0,0,0,1,1,1,0.010328781577095048,0,0,0
TUR.10.4_1,2059,2,aegypti,3.6661610703997534,75.49765734159581,0.080253000726519,0,0,0,0,0,0,1,1,1,0.008561674111065232,0,0,0
TUR.10.4_1,2059,3,aegypti,6.827229995390072,81.97248045121376,0.09851725023489492,0,0,0,0,0,0,1,1,1,0.009488623644538063,0,0,0
TUR.10.4_1,2059,4,aegypti,9.436270868076997,80.28024539665721,0.13027094353721794,0,0,0,0,0,0,1,1,1,0.012942609024111928,0,0,0
TUR.10.4_1,2059,5,aegypti,17.24605930552763,80.33120594746342,0.18208433324931692,0.004960067689132951,0.0049187924753877335,0.005001809579910507,0,0,0,1,1,1,0.017466721443483935,0,0,0
TUR.10.4_1,2059,6,aegypti,19.467762554393094,89.58391176062307,0.20480314849168257,0.03188208538874022,0.0317217787608903,0.03204553040744603,0,0,0,1,1,1,0.020272017622198546,0,0,0
TUR.10.4_1,2059,7,aegypti,22.60336118585923,85.63537151925775,0.24050735487125743,0.11166971878286377,0.11116459252363262,0.11216352567380673,2.0234628503090768e-8,1.7812061622879406e-8,2.282826743194022e-8,0.9999999797653715,0.9999999771717326,0.9999999821879384,0.023006133948984098,4.655205737500378e-10,4.0978667560352267e-10,5.251901783624479e-10
TUR.10.4_1,2059,8,aegypti,24.371962547302246,83.23925270252306,0.2855873235655467,0.16927481950262951,0.16858974432355253,0.16994858253765938,0.001227886131002553,0.0011139453784751562,0.001347319178982098,0.9987721138689974,0.9986526808210179,0.9988860546215248,0.0272590619102403,3.347102406372403e-5,3.036510603648035e-5,3.672665691272715e-5
TUR.10.4_1,2059,9,aegypti,20.548572119544534,89.10945542512738,0.22762688781267149,0.054803593761845064,0.054536287094684104,0.05506851301406133,0,0,0,1,1,1,0.022505573355442565,0,0,0
TUR.10.4_1,2059,10,aegypti,15.517096575568702,86.03319309989821,0.22431679807919216,2.8733985856880395e-4,2.8387820429887463e-4,2.9094056933521136e-4,0,0,0,1,1,1,0.021474152666707602,0,0,0
TUR.10.4_1,2059,11,aegypti,11.997366239042844,79.04559672944971,0.13011486904890066,0,0,0,0,0,0,1,1,1,0.012927203456167713,0,0,0
TUR.10.4_1,2059,12,aegypti,8.701701320707798,73.1147613110556,0.10702152273972748,0,0,0,0,0,0,1,1,1,0.010303473322268664,0,0,0
TUR.10.4_1,2060,1,aegypti,3.4779807203997146,82.19421299813416,0.10742230335251074,0,0,0,0,0,0,1,1,1,0.01034185817598754,0,0,0
TUR.10.4_1,2060,2,aegypti,4.762187252574436,70.39562181913487,0.08322495999190581,0,0,0,0,0,0,1,1,1,0.008572523190505721,0,0,0
TUR.10.4_1,2060,3,aegypti,6.1028738209210776,81.32846800004188,0.09864262708083149,0,0,0,0,0,0,1,1,1,0.009500641687006262,0,0,0
TUR.10.4_1,2060,4,aegypti,12.674393808140474,71.73843631462596,0.13043673135588865,0,0,0,0,0,0,1,1,1,0.012958973097638604,0,0,0
TUR.10.4_1,2060,5,aegypti,15.556525118210736,82.21096668965092,0.18231606078274717,3.0132145011211046e-4,2.9772804054154547e-4,3.053466084598515e-4,0,0,0,1,1,1,0.017488754746091906,0,0,0
TUR.10.4_1,2060,6,aegypti,20.730406368480008,87.47736726599416,0.20506378886415078,0.057939176962278315,0.05768237063758917,0.058225722878359865,2.015054789694659e-16,1.1102230246251565e-16,2.220446049250313e-16,0.9999999999999998,0.9999999999999998,0.9999999999999999,0.02029755295604463,4.0900681303158716e-18,2.2534810635349155e-18,4.506962127069831e-18
TUR.10.4_1,2060,7,aegypti,23.19030195124009,84.27679760568353,0.24081343379151157,0.12928659225101563,0.12875747630693593,0.1298046115259757,1.1332907304575368e-6,1.0121419784098196e-6,1.2613141190886966e-6,0.9999988667092695,0.999998738685881,0.9999989878580215,0.023035072606936158,2.6105434260857075e-8,2.3314763961198203e-8,2.9054462313361846e-8
TUR.10.4_1,2060,8,aegypti,22.56247043609619,81.47182716541369,0.28595077298971094,0.10281713111017338,0.10235869757346501,0.10327063464273456,2.0296283373966163e-9,1.7879340119542065e-9,2.2907990449017034e-9,0.9999999979703716,0.9999999977092009,0.999999998212066,0.027293275063440037,5.539520448911833e-11,4.8798574783546046e-11,6.252340844756792e-11
TUR.10.4_1,2060,9,aegypti,20.627461966346292,82.54752000032269,0.22791657455460007,0.05126229598660607,0.051009407223634624,0.05151701536936764,0,0,0,1,1,1,0.02253388966286851,0,0,0
TUR.10.4_1,2060,10,aegypti,18.5227175319896,88.21165226737868,0.2246022722734749,0.01707059241070672,0.01696250490245643,0.017173829245545048,0,0,0,1,1,1,0.021501185571794923,0,0,0
TUR.10.4_1,2060,11,aegypti,10.472091008635129,76.53508342378565,0.13028045824116802,0,0,0,0,0,0,1,1,1,0.01294354817955079,0,0,0
TUR.10.4_1,2060,12,aegypti,9.43574921041727,72.10169215822357,0.10715772245030043,0,0,0,0,0,0,1,1,1,0.010316518047314704,0,0,0
TUR.10.4_1,2061,1,aegypti,6.168943273424007,78.82822331307557,0.10968442365445245,0,0,0,0,0,0,1,1,1,0.010558485345081525,0,0,0
TUR.10.4_1,2061,2,aegypti,5.0435745816759985,82.83702043974034,0.08204726822877026,0,0,0,0,0,0,1,1,1,0.008752252816982442,0,0,0
TUR.10.4_1,2061,3,aegypti,8.630637664457455,71.53123441849891,0.10071986320771072,0,0,0,0,0,0,1,1,1,0.009699734680125416,0,0,0
TUR.10.4_1,2061,4,aegypti,12.309518968357759,76.24414310173533,0.13318349407564536,0,0,0,0,0,0,1,1,1,0.013230052615935017,0,0,0
TUR.10.4_1,2061,5,aegypti,15.145031816819134,81.16373310810795,0.18615530877497571,6.532772513401918e-5,6.44314186780824e-5,6.626383263872289e-5,0,0,0,1,1,1,0.01785372929464646,0,0,0
TUR.10.4_1,2061,6,aegypti,19.933876598582547,86.80311189490041,0.20938206305401288,0.03932853511393838,0.03913547433053727,0.03952742421413927,0,0,0,1,1,1,0.020720524003305485,0,0,0
TUR.10.4_1,2061,7,aegypti,22.362951334785013,94.0345795881054,0.24588453113870268,0.11894152229480306,0.11846926059733195,0.11941857111859923,1.1567550853852637e-7,1.0351095553196022e-7,1.2894942780505848e-7,0.9999998843244915,0.9999998710505722,0.9999998964890444,0.0235144018446376,2.720040391357717e-9,2.433998203700926e-9,3.0321686630442295e-9
TUR.10.4_1,2061,8,aegypti,26.028218269348145,82.9246622484215,0.2919723814336601,0.2272457751754891,0.22623371636709125,0.22824442032713846,0.12255148095744847,0.1189054850444048,0.126143891254879,0.8774485190425515,0.873856108745121,0.8810945149555952,0.027859941457738957,0.0034142770850337247,0.003312699852341173,0.0035143614256123177
TUR.10.4_1,2061,9,aegypti,22.76839786417344,78.73547776399457,0.23271608726619303,0.10435529869169019,0.10386490434293466,0.10484100314336908,3.0729733172529806e-9,2.688920960891572e-9,3.491032252167514e-9,0.9999999969270267,0.9999999965089678,0.999999997311079,0.02300291320181458,7.068733848826253e-11,6.185301546992869e-11,8.030391188134459e-11
TUR.10.4_1,2061,10,aegypti,17.23800187952378,83.3847784880818,0.22933199174620666,0.005157024375176687,0.005113183827627293,0.005197061804751643,0,0,0,1,1,1,0.021948956465392522,0,0,0
TUR.10.4_1,2061,11,aegypti,9.906074811430539,71.47328532808253,0.13302393013048802,0,0,0,0,0,0,1,1,1,0.013214307199738595,0,0,0
TUR.10.4_1,2061,12,aegypti,7.06306330114603,71.7411269726767,0.1094142711548018,0,0,0,0,0,0,1,1,1,0.010532617255475829,0,0,0
TUR.10.4_1,2062,1,aegypti,5.356229650377132,82.588584030849,0.11813837134832032,0,0,0,0,0,0,1,1,1,0.011367640125910738,0,0,0
TUR.10.4_1,2062,2,aegypti,7.566532383494846,72.49567369901769,0.08837107694217469,0,0,0,0,0,0,1,1,1,0.009423646176210831,0,0,0
TUR.10.4_1,2062,3,aegypti,10.316954631467953,72.0478817573661,0.10848286570999854,0,0,0,0,0,0,1,1,1,0.010443426593206184,0,0,0
TUR.10.4_1,2062,4,aegypti,16.97186676193686,67.25566348747752,0.1434486370657673,0.0029436657226676955,0.0029146359806344474,0.0029729715055417413,0,0,0,1,1,1,0.014242466359267292,0,0,0
TUR.10.4_1,2062,5,aegypti,18.198659784653607,78.01502094990482,0.20050326439971755,0.01146171436557536,0.01138665683302631,0.011544963681826566,0,0,0,1,1,1,0.019216504681056068,0,0,0
TUR.10.4_1,2062,6,aegypti,20.401392544017117,81.01758943396291,0.22552022515685868,0.04517653976976861,0.044953874185399784,0.0454034185230298,0,0,0,1,1,1,0.022299626562695685,0,0,0
TUR.10.4_1,2062,7,aegypti,22.10473066217759,88.71399242990228,0.26483612787158517,0.10013079699681017,0.09970885334781547,0.10057325632022682,9.677021728382583e-10,8.583030897124644e-10,1.0929397026293587e-9,0.9999999990322979,0.9999999989070604,0.9999999991416969,0.02530366004843121,2.4486406809627514e-11,2.1718209600602353e-11,2.7655374688766787e-11
TUR.10.4_1,2062,8,aegypti,24.518595695495605,94.7452188890465,0.31447620794297687,0.21530302031594095,0.21453374221461718,0.21605356342168827,0.07981867125230163,0.07715103244257629,0.08243509614986927,0.9201813287476984,0.9175649038501307,0.9228489675574236,0.02997475438273345,0.0023925450659438886,0.002312583247840524,0.002470971759609347
TUR.10.4_1,2062,9,aegypti,21.532416876624612,85.08335526643597,0.25065272369752395,0.07709021103437122,0.07673977335157972,0.07744425995508213,6.062318425037461e-13,5.315692330754018e-13,6.888989378950328e-13,0.9999999999993938,0.9999999999993111,0.9999999999994684,0.02475374668326835,1.5006509460668766e-14,1.315833014016773e-14,1.7052829799026258e-14
TUR.10.4_1,2062,10,aegypti,14.183118876288917,84.21690892021071,0.2470077983754214,0,0,0,0,0,0,1,1,1,0.02362054326391494,0,0,0
TUR.10.4_1,2062,11,aegypti,9.652067471953,85.21089519136378,0.1432767746993643,0,0,0,0,0,0,1,1,1,0.014225524751443341,0,0,0
TUR.10.4_1,2062,12,aegypti,4.941576160490513,82.86415858888763,0.1178473967936748,0,0,0,0,0,0,1,1,1,0.0113398010055068,0,0,0
TUR.10.4_1,2063,1,aegypti,4.705512630342342,84.198203171474,0.11161800528272392,0,0,0,0,0,0,1,1,1,0.010743613114395423,0,0,0
TUR.10.4_1,2063,2,aegypti,5.753474960856907,73.69426683866612,0.08349364580191412,0,0,0,0,0,0,1,1,1,0.00890585361259455,0,0,0
TUR.10.4_1,2063,3,aegypti,9.876633662840023,76.09577146683876,0.10249541228397682,0,0,0,0,0,0,1,1,1,0.009869880712287338,0,0,0
TUR.10.4_1,2063,4,aegypti,13.242613946690279,75.17100009636424,0.13553133115910362,0,0,0,0,0,0,1,1,1,0.013461702928542318,0,0,0
TUR.10.4_1,2063,5,aegypti,18.159505731919232,73.6148210597681,0.18943696421026762,0.010376379119365323,0.010296883249568322,0.010450989740140375,0,0,0,1,1,1,0.01816558935062751,0,0,0
TUR.10.4_1,2063,6,aegypti,18.73276766608743,85.73585878210744,0.2130731733951336,0.01904738014759103,0.01893621646368163,0.019155950942836217,0,0,0,1,1,1,0.021081920161617362,0,0,0
TUR.10.4_1,2063,7,aegypti,22.540855463813333,86.39772350900384,0.25021912848849365,0.11094472963807626,0.1104774236971026,0.11138069171543123,1.6888094367284447e-8,1.4995650965410333e-8,1.8798184514556835e-8,0.9999999831119056,0.9999999812018154,0.9999999850043491,0.02392392935322407,4.0402957655349443e-10,3.587548943020832e-10,4.4972643829512856e-10
TUR.10.4_1,2063,8,aegypti,23.346388816833496,89.72998298816759,0.29711944255586054,0.14812361254044232,0.1475360100774121,0.1486631563777306,4.293047585062726e-5,3.8641291367344516e-5,4.715043678190089e-5,0.9999570695241494,0.9999528495632181,0.9999613587086326,0.028344046458211425,1.2168234019833026e-6,1.0952505577212969e-6,1.3364341706711598e-6
TUR.10.4_1,2063,9,aegypti,20.857110556434183,85.49511368928754,0.23681854353070994,0.059322148908386794,0.059055624989865954,0.05959902469187146,3.3817393330082266e-16,3.3306690738754696e-16,4.440892098500626e-16,0.9999999999999997,0.9999999999999996,0.9999999999999997,0.023403639779946306,7.914500917940043e-18,7.794977923118886e-18,1.0393303897491848e-17
TUR.10.4_1,2063,10,aegypti,14.796932276557472,83.62766026298415,0.2333747911815426,3.732182977347848e-6,3.6706387115633184e-6,3.7930961172077767e-6,0,0,0,1,1,1,0.022331532995974568,0,0,0
TUR.10.4_1,2063,11,aegypti,10.17170744082507,83.75715983980128,0.1353689543267321,0,0,0,0,0,0,1,1,1,0.013445683702115963,0,0,0
TUR.10.4_1,2063,12,aegypti,3.799047864973545,86.08654018068451,0.11134309037567984,0,0,0,0,0,0,1,1,1,0.0107172939261313,0,0,0
TUR.10.4_1,2064,1,aegypti,2.858176338075496,83.0844794165912,0.11649834105653473,0,0,0,0,0,0,1,1,1,0.011210719252518264,0,0,0
TUR.10.4_1,2064,2,aegypti,4.808895359569065,76.35784868681066,0.09025658053278829,0,0,0,0,0,0,1,1,1,0.009293434250878696,0,0,0
TUR.10.4_1,2064,3,aegypti,6.577809829374447,77.51824918900672,0.10697687587897625,0,0,0,0,0,0,1,1,1,0.010299197166932728,0,0,0
TUR.10.4_1,2064,4,aegypti,13.201316987766939,72.86239108757518,0.1414572425051501,0,0,0,0,0,0,1,1,1,0.014046143593053673,0,0,0
TUR.10.4_1,2064,5,aegypti,15.951742060044232,84.48953114277592,0.1977198213619944,8.054027833970816e-4,7.963314539367102e-4,8.139745096055486e-4,0,0,0,1,1,1,0.01895227990340831,0,0,0
TUR.10.4_1,2064,6,aegypti,19.787670696482937,87.01230226355275,0.22238948959273735,0.03655940101652946,0.03637322913893417,0.03675664210430023,0,0,0,1,1,1,0.021993486510001214,0,0,0
TUR.10.4_1,2064,7,aegypti,24.28355031854966,79.36790020578118,0.2611595978237145,0.15468462084557263,0.15399428471145024,0.15532782576644372,1.3188054176681153e-4,1.1741296414407853e-4,1.4641544553263276e-4,0.9998681194582332,0.9998535845544673,0.9998825870358559,0.024956807988794183,3.2913173583324666e-6,2.930252801538944e-6,3.6540621607516683e-6
TUR.10.4_1,2064,8,aegypti,24.7366361618042,87.26596321277697,0.3101105602606358,0.19679760648545033,0.19607248990578324,0.19754326594201613,0.026128906101526145,0.024637992061685404,0.02770536329791177,0.9738710938984738,0.9722946367020883,0.9753620079383146,0.02956484956153771,7.724971780991652e-4,7.284185288020892e-4,8.191048979505098e-4
TUR.10.4_1,2064,9,aegypti,25.823432501624612,70.48702653108441,0.24717309167880858,0.1716159257492114,0.17077159423652827,0.17241552736103627,0.0016957901003864003,0.001509285973852745,0.0018861216905090654,0.9983042098996135,0.9981138783094909,0.9984907140261472,0.024414337826879406,4.1401592394311325e-5,3.6848217643011595e-5,4.604841213469321e-5
TUR.10.4_1,2064,10,aegypti,18.198979433845068,80.7376837615193,0.24357876624115776,0.011954621282085298,0.011877135864553112,0.012038377983841622,0,0,0,1,1,1,0.023296485963614777,0,0,0
TUR.10.4_1,2064,11,aegypti,11.6749585165697,77.2774540292544,0.1412877659807365,0,0,0,0,0,0,1,1,1,0.014029433848177009,0,0,0
TUR.10.4_1,2064,12,aegypti,7.926283039152622,76.0538711133017,0.11621140589297196,0,0,0,0,0,0,1,1,1,0.011183262250598403,0,0,0
TUR.10.4_1,2065,1,aegypti,1.8479044871021282,78.65368565438416,0.11040677968173052,0,0,0,0,0,0,1,1,1,0.010627650254173227,0,0,0
TUR.10.4_1,2065,2,aegypti,5.3999941449694555,76.31868700468175,0.0825876123975418,0,0,0,0,0,0,1,1,1,0.008809638470823278,0,0,0
TUR.10.4_1,2065,3,aegypti,6.825752753873958,77.53234831010047,0.10138318073111695,0,0,0,0,0,0,1,1,1,0.009763302012693043,0,0,0
TUR.10.4_1,2065,4,aegypti,14.424597894444185,68.73507175163768,0.13406060949891255,0,0,0,0,0,0,1,1,1,0.01331659993428691,0,0,0
TUR.10.4_1,2065,5,aegypti,14.946920282700482,81.86830006367435,0.1873812842127192,1.940922133042594e-5,1.9113743312324704e-5,1.9713122123161944e-5,0,0,0,1,1,1,0.017970246950664404,0,0,0
TUR.10.4_1,2065,6,aegypti,20.112688625560086,81.82850251990041,0.2107610044771585,0.039853215829668436,0.039637158690617035,0.040059581390235445,0,0,0,1,1,1,0.020855551596763222,0,0,0
TUR.10.4_1,2065,7,aegypti,23.685365732978372,84.68359692208978,0.24750386930144894,0.148148507260285,0.14746252031613097,0.14876548472517798,4.3131247806797446e-5,3.814027977443735e-5,4.800500968433485e-5,0.9999568687521933,0.9999519949903157,0.9999618597202256,0.02366741505442771,1.02080514365885e-6,9.026818317136032e-7,1.1361544888909748e-6
TUR.10.4_1,2065,8,aegypti,25.300423622131348,89.55908455066759,0.2938952434271896,0.2291295642267837,0.22832578809607282,0.22987808107504412,0.1293189533853209,0.1264361550132827,0.13199915238617807,0.8706810466146792,0.8680008476138219,0.8735638449867174,0.028040823773193835,0.003626209982411651,0.0035453739412876785,0.0037013649702717774
TUR.10.4_1,2065,9,aegypti,21.05531078226426,80.02177842317425,0.23424870112949683,0.059033611514607745,0.05873113348669227,0.05934057890153383,3.1852298576495744e-16,2.220446049250313e-16,3.3306690738754696e-16,0.9999999999999997,0.9999999999999997,0.9999999999999998,0.02315263765599629,7.374647274522123e-18,5.140918281298099e-18,7.711377421947148e-18
TUR.10.4_1,2065,10,aegypti,16.756168421577,80.10471104423415,0.23084231874584926,0.0027659281696205042,0.0027405578847708527,0.002791131391065932,0,0,0,1,1,1,0.02209189862191674,0,0,0
TUR.10.4_1,2065,11,aegypti,11.898217488737668,84.33953441255518,0.13389999470283506,0,0,0,0,0,0,1,1,1,0.0133007522117089,0,0,0
TUR.10.4_1,2065,12,aegypti,6.297162689268589,82.0071181836142,0.11013484802073766,0,0,0,0,0,0,1,1,1,0.010601613621287753,0,0,0
TUR.10.4_1,2066,1,aegypti,7.10870062053094,75.93182286141541,0.11410728124694527,0,0,0,0,0,0,1,1,1,0.010981893975138268,0,0,0
TUR.10.4_1,2066,2,aegypti,10.522134075694552,70.90230516874425,0.08535569955510089,0,0,0,0,0,0,1,1,1,0.009103562880053095,0,0,0
TUR.10.4_1,2066,3,aegypti,9.925933856626644,75.96129575883094,0.10478123853212742,0,0,0,0,0,0,1,1,1,0.010088882174243419,0,0,0
TUR.10.4_1,2066,4,aegypti,12.3685742967269,73.4351983995869,0.13855391594906402,0,0,0,0,0,0,1,1,1,0.013759847433064354,0,0,0
TUR.10.4_1,2066,5,aegypti,14.976573831894818,80.17049275166264,0.1936617385246736,2.356994031846128e-5,2.320768691629105e-5,2.396138981395082e-5,0,0,0,1,1,1,0.01856692944311311,0,0,0
TUR.10.4_1,2066,6,aegypti,18.431847179637234,87.6343344290801,0.2178250763503011,0.015837959909253962,0.015740646067003133,0.01593709247236935,0,0,0,1,1,1,0.021546982028068373,0,0,0
TUR.10.4_1,2066,7,aegypti,24.0203514660106,93.12775738351556,0.25579945095310974,0.18654796647240973,0.18586729547429923,0.1872111914031146,0.010196283343513936,0.00949059417419116,0.010912228945633548,0.989803716656486,0.9890877710543665,0.9905094058258088,0.02445089858832772,2.4930829001011434e-4,2.3205355569612193e-4,2.668138033223002e-4
TUR.10.4_1,2066,8,aegypti,22.535468101501465,86.10748542957384,0.3037457237278251,0.11023967223297773,0.10980521479416032,0.11071103683595242,1.4148236700206596e-8,1.2657489567580172e-8,1.5901370692406047e-8,0.9999999858517633,0.9999999840986293,0.9999999873425104,0.02896692403715051,4.0983089775450945e-10,3.666485388051199e-10,4.6061379693349733e-10
TUR.10.4_1,2066,9,aegypti,21.949546393226175,84.89426835237347,0.2421000096060058,0.0892348181462285,0.08884936921682553,0.089635220732179,3.8004345892517223e-11,3.3572880586696385e-11,4.303410960915244e-11,0.9999999999619956,0.9999999999569659,0.9999999999664271,0.023919289653170472,9.090369574823989e-13,8.030394552444947e-13,1.0293453327076041e-12
TUR.10.4_1,2066,10,aegypti,15.558487948249367,87.04374455253493,0.23857945558019325,3.293651887217842e-4,3.2532587405878017e-4,3.333662017294626e-4,0,0,0,1,1,1,0.02282383831994439,0,0,0
TUR.10.4_1,2066,11,aegypti,11.925113965483273,81.22983134859034,0.13838791783045876,0,0,0,0,0,0,1,1,1,0.013743475896200619,0,0,0
TUR.10.4_1,2066,12,aegypti,2.5210618153214455,89.39214320802826,0.11382623525855301,0,0,0,0,0,0,1,1,1,0.010954994295994558,0,0,0
TUR.10.4_1,2067,1,aegypti,4.8103395575274,81.17084416268494,0.11511048878263382,0,0,0,0,0,0,1,1,1,0.011077907741775417,0,0,0
TUR.10.4_1,2067,2,aegypti,5.956097851329319,73.34249071561925,0.08610612915145881,0,0,0,0,0,0,1,1,1,0.009183230892944816,0,0,0
TUR.10.4_1,2067,3,aegypti,6.941984672208919,77.58033720170204,0.10570245343572959,0,0,0,0,0,0,1,1,1,0.010177128647862355,0,0,0
TUR.10.4_1,2067,4,aegypti,14.599293863072115,71.8087335558369,0.1397720532235684,0,0,0,0,0,0,1,1,1,0.013879977705303137,0,0,0
TUR.10.4_1,2067,5,aegypti,17.14059627757353,81.29026661640873,0.19536437233856702,0.004486343984012316,0.004449798453354972,0.0045227957280985455,0,0,0,1,1,1,0.018728627843594525,0,0,0
TUR.10.4_1,2067,6,aegypti,21.27959498237161,84.61550508337697,0.2197401492156657,0.06948409643056759,0.06917593375067095,0.06978944417516175,3.164546402700807e-14,2.786382236052987e-14,3.57519569504916e-14,0.9999999999999684,0.9999999999999643,0.9999999999999721,0.021734344969286723,6.877934318761469e-16,6.056019273466812e-16,7.770453656890727e-16
TUR.10.4_1,2067,7,aegypti,24.145071085761575,89.15971691720696,0.2580483866390436,0.17905903241688445,0.17836087786517724,0.17973211760812424,0.004398949064348485,0.00403878111226254,0.004764596560396575,0.9956010509356515,0.9952354034396034,0.9959612188877375,0.024663192955491908,1.0849212957540728e-4,9.960923787672726e-5,1.1751016432413379e-4
TUR.10.4_1,2067,8,aegypti,24.88154697418213,90.77471412830431,0.30641619309355705,0.2162221430292129,0.21545644850575318,0.21701721320850234,0.08302800967514777,0.08035010520369544,0.08582160676527205,0.9169719903248522,0.9141783932347279,0.9196498947963045,0.02921783813768264,0.002425898947582416,0.002347656368187345,0.0025075218151835673
TUR.10.4_1,2067,9,aegypti,20.24936061746934,90.87809403596722,0.24422850264670315,0.04897056403819216,0.04873364792755406,0.049195991190818154,0,0,0,1,1,1,0.024127025644068878,0,0,0
TUR.10.4_1,2067,10,aegypti,15.090745028327492,85.06554936210524,0.24067699664052705,5.3006850724034757e-5,5.225160120732165e-5,5.3801998505722016e-5,0,0,0,1,1,1,0.023022173072295038,0,0,0
TUR.10.4_1,2067,11,aegypti,11.45696478030261,77.04691661470362,0.13960459568395447,0,0,0,0,0,0,1,1,1,0.013863464243768608,0,0,0
TUR.10.4_1,2067,12,aegypti,9.46370331197977,74.1428603711142,0.11482697189623794,0,0,0,0,0,0,1,1,1,0.011050774197367996,0,0,0
TUR.10.4_1,2068,1,aegypti,8.569174157976008,76.02067479012635,0.11566358467794012,0,0,0,0,0,0,1,1,1,0.011130838784862873,0,0,0
TUR.10.4_1,2068,2,aegypti,6.320393333964817,75.5205302664005,0.08960985667709563,0,0,0,0,0,0,1,1,1,0.009227151319513238,0,0,0
TUR.10.4_1,2068,3,aegypti,9.655198115965023,75.29256406937782,0.10621034453876804,0,0,0,0,0,0,1,1,1,0.010225777990658269,0,0,0
TUR.10.4_1,2068,4,aegypti,13.051989709629732,76.53265628532908,0.14044364579288213,0,0,0,0,0,0,1,1,1,0.013946202569414368,0,0,0
TUR.10.4_1,2068,5,aegypti,15.593988306382123,79.2100587917017,0.1963030811701627,3.173670881494045e-4,3.132970649510956e-4,3.2120375025976344e-4,0,0,0,1,1,1,0.018817765224134364,0,0,0
TUR.10.4_1,2068,6,aegypti,21.890133465037625,80.31211458044729,0.22079598153686003,0.08108580380747399,0.08072672211734526,0.08146446209882234,2.5387019153555458e-12,2.2342877548098275e-12,2.8908125893067904e-12,0.9999999999974613,0.9999999999971092,0.9999999999977657,0.021837627966444062,5.543922794523337e-14,4.87915447595186e-14,6.312848984599453e-14
TUR.10.4_1,2068,7,aegypti,23.205108698676614,88.52283794992181,0.25928828671200727,0.13963080139259693,0.1391000332674976,0.14015972371986446,9.014641328480067e-6,8.1323307990655e-6,9.958125595294076e-6,0.9999909853586715,0.9999900418744047,0.9999918676692009,0.024780216919468412,2.2338476757094093e-7,2.01520921261717e-7,2.4676451236269774e-7
TUR.10.4_1,2068,8,aegypti,24.248549461364746,91.17632545642931,0.30788849627329123,0.19010791608255548,0.18941353517642787,0.19082008342139553,0.014539578889913925,0.013592936361666055,0.015547307764664647,0.985460421110086,0.9844526922353354,0.986407063638334,0.029356146251771298,4.268260043314798e-4,3.990362278240887e-4,4.564090405607949e-4
TUR.10.4_1,2068,9,aegypti,20.63305621988633,86.58617814241254,0.24540199937805462,0.05474674432006986,0.05448309563034844,0.054992261118354376,0,0,0,1,1,1,0.02424153729954681,0,0,0
TUR.10.4_1,2068,10,aegypti,19.38749223596909,80.50980900565993,0.2418334286941507,0.026519073888933764,0.02635949698251755,0.02666867855713927,0,0,0,1,1,1,0.023131503258465358,0,0,0
TUR.10.4_1,2068,11,aegypti,10.52434759280261,85.00657237642237,0.1402753836343427,0,0,0,0,0,0,1,1,1,0.013929610875787923,0,0,0
TUR.10.4_1,2068,12,aegypti,5.088627018034458,83.63105006837982,0.11537870551754321,0,0,0,0,0,0,1,1,1,0.01110357632360881,0,0,0
TUR.10.4_1,2069,1,aegypti,2.071140246986247,79.20053776620057,0.11070538016231728,0,0,0,0,0,0,1,1,1,0.010656239556499303,0,0,0
TUR.10.4_1,2069,2,aegypti,4.1095347505144995,78.07315782987706,0.08281097459344598,0,0,0,0,0,0,1,1,1,0.008833359021526377,0,0,0
TUR.10.4_1,2069,3,aegypti,8.135191459318294,77.2133862129325,0.10165737645149749,0,0,0,0,0,0,1,1,1,0.009789577663893101,0,0,0
TUR.10.4_1,2069,4,aegypti,12.530862008824068,75.42444858269236,0.13442318290735292,0,0,0,0,0,0,1,1,1,0.013352373802091644,0,0,0
TUR.10.4_1,2069,5,aegypti,16.989387400010052,79.54204426533451,0.18788806596724714,0.003666596184420924,0.0036341603596403557,0.003699245192283369,0,0,0,1,1,1,0.018018407843337192,0,0,0
TUR.10.4_1,2069,6,aegypti,18.390772426829617,88.07969270544729,0.21133101781698466,0.015470427282641527,0.015371277619369452,0.015562793289734058,0,0,0,1,1,1,0.02091136254581949,0,0,0
TUR.10.4_1,2069,7,aegypti,24.281959589789896,89.98857433908196,0.24817325549796276,0.18753726675660537,0.18684316682002522,0.1882165457217721,0.011286739505865485,0.010507344593880424,0.012080179448515162,0.9887132604941345,0.9879198205514849,0.9894926554061196,0.023730659156489864,2.678417682017827e-4,2.4934621319716273e-4,2.86670621041947e-4
TUR.10.4_1,2069,8,aegypti,24.653414726257324,93.13521827869494,0.294690097340894,0.21535351869889038,0.2145920259230778,0.2161701358677532,0.07999444182542552,0.07735222924738795,0.08284339114474328,0.9200055581745745,0.9171566088552567,0.9226477707526121,0.028115585306344282,0.002249090553176146,0.002174803200040835,0.002329190430796876
TUR.10.4_1,2069,9,aegypti,22.65025287515977,85.94555314241254,0.23488223808198955,0.1138652432655256,0.11337024858726485,0.11433039077373452,3.4700710866308884e-8,3.070726124765333e-8,3.87807237350879e-8,0.9999999652992891,0.9999999612192763,0.9999999692927387,0.02321452258575507,8.05560436147684e-10,7.128544097803297e-10,9.002759870401256e-10
TUR.10.4_1,2069,10,aegypti,12.6623716915355,89.68144749442946,0.2314666429722779,0,0,0,0,0,0,1,1,1,0.022150980551812083,0,0,0
TUR.10.4_1,2069,11,aegypti,8.569315721006955,79.307994495563,0.1342621337207839,0,0,0,0,0,0,1,1,1,0.013336483794375464,0,0,0
TUR.10.4_1,2069,12,aegypti,7.551741279661655,70.79404445314545,0.11043271304898271,0,0,0,0,0,0,1,1,1,0.010630133259750485,0,0,0
TUR.10.4_1,2070,1,aegypti,5.45976697146783,83.3528662574115,0.11977438926428573,0,0,0,0,0,0,1,1,1,0.011524152276362831,0,0,0
TUR.10.4_1,2070,2,aegypti,3.725788841777317,80.48292498075597,0.08959486785346366,0,0,0,0,0,0,1,1,1,0.009553522483313093,0,0,0
TUR.10.4_1,2070,3,aegypti,8.78729202236761,74.69683805619422,0.109985171098597,0,0,0,0,0,0,1,1,1,0.010587282216986238,0,0,0
TUR.10.4_1,2070,4,aegypti,14.149382745518404,74.42068729118846,0.1454351596289442,0,0,0,0,0,0,1,1,1,0.014438269868458753,0,0,0
TUR.10.4_1,2070,5,aegypti,17.022520906784955,75.42404042011967,0.20327989767325683,0.0035712202495626426,0.003537665718619698,0.003604954372930036,0,0,0,1,1,1,0.019480012123548662,0,0,0
TUR.10.4_1,2070,6,aegypti,20.143108928904812,86.43806825476369,0.2286433012967975,0.043444595418395314,0.04321625911763957,0.04368097036345305,0,0,0,1,1,1,0.022604922157973828,0,0,0
TUR.10.4_1,2070,7,aegypti,25.286203440497903,82.48326428048821,0.2685036631951875,0.19970163188619175,0.19890970400131106,0.200493183968407,0.03262537193318017,0.03075880243607909,0.03453739042234772,0.9673746280668198,0.9654626095776523,0.9692411975639209,0.02564954059241331,8.368258017426868e-4,7.889491516582321e-4,8.858681975940346e-4
TUR.10.4_1,2070,8,aegypti,24.91747760772705,84.58586372547228,0.31883117495723046,0.19409010699237478,0.19334752754172083,0.19484839144617105,0.02087438779459706,0.019561183056183453,0.02226002884341522,0.979125612205403,0.9777399711565847,0.9804388169438165,0.030383483855325966,6.342366245469532e-4,5.943368895786257e-4,6.763372269829967e-4
TUR.10.4_1,2070,9,aegypti,21.46254306681016,86.71239884553754,0.25412384270800714,0.07708878181045144,0.07676204178399477,0.07742022009344426,6.056150025912644e-13,5.359435117924249e-13,6.827954868171559e-13,0.9999999999993944,0.9999999999993172,0.9999999999994641,0.02509220751895702,1.5196217321613697e-14,1.3448005816334117e-14,1.7132846048223358e-14
TUR.10.4_1,2070,10,aegypti,15.661577280829933,85.28925846855056,0.2504284412953571,4.2144255377666825e-4,4.1664047486389096e-4,4.259342604340734e-4,0,0,0,1,1,1,0.023943700626081754,0,0,0
TUR.10.4_1,2070,11,aegypti,13.371408750029172,79.72393382661768,0.14526091725757498,0,0,0,0,0,0,1,1,1,0.014421097057548793,0,0,0
TUR.10.4_1,2070,12,aegypti,7.877468265593052,75.04777522707123,0.11947938520103044,0,0,0,0,0,0,1,1,1,0.011495932093715466,0,0,0
TUR.10.4_1,2071,1,aegypti,4.673655616639949,79.70401677010682,0.11602475713066478,0,0,0,0,0,0,1,1,1,0.011165401306684974,0,0,0
TUR.10.4_1,2071,2,aegypti,6.923350105815403,74.22164110624425,0.08679002954391826,0,0,0,0,0,0,1,1,1,0.009255830373466778,0,0,0
TUR.10.4_1,2071,3,aegypti,7.495834846159115,81.68299833451454,0.10654199819405297,0,0,0,0,0,0,1,1,1,0.010257544794285978,0,0,0
TUR.10.4_1,2071,4,aegypti,13.949836885227876,76.58653506950877,0.1408821967522169,0,0,0,0,0,0,1,1,1,0.013989445105086595,0,0,0
TUR.10.4_1,2071,5,aegypti,15.986773378708783,79.34133778340092,0.1969160594511061,7.930723701283693e-4,7.838482985007217e-4,8.027910628611053e-4,0,0,0,1,1,1,0.018875967697775886,0,0,0
TUR.10.4_1,2071,6,aegypti,21.491571987376492,79.86493287878713,0.22148544163292622,0.06977729727132576,0.06943256552067749,0.07011719567591969,3.568723094815596e-14,3.09724468294803e-14,4.085898286376732e-14,0.9999999999999644,0.9999999999999591,0.999999999999969,0.021905066033923615,7.817311504872387e-16,6.784534930319541e-16,8.950187177097766e-16
TUR.10.4_1,2071,7,aegypti,23.180334147285013,88.83288128488275,0.2600979433272272,0.1394200462998594,0.13888715776613436,0.13996000874806627,8.659234986058584e-6,7.806223799050604e-6,9.586615874404568e-6,0.999991340765014,0.9999904133841255,0.9999921937762009,0.024856626166142703,2.1523936693324215e-7,1.9403638674224716e-7,2.382909269884836e-7
TUR.10.4_1,2071,8,aegypti,26.579970359802246,84.94170631580431,0.3088499124672849,0.2555477825536711,0.25447812204475306,0.2566218091164947,0.21750366572911817,0.21423351639850222,0.22076775936475207,0.7824963342708818,0.779232240635248,0.7857664836014978,0.029446451023579567,0.0064047110403415,0.006308416748237726,0.006500827013719571
TUR.10.4_1,2071,9,aegypti,20.653287466834573,87.59990342317425,0.24616829451118316,0.05610774442280139,0.05584339675159839,0.05637365981136162,1.1080025785759062e-16,1.1102230246251565e-16,1.1102230246251565e-16,0.9999999999999999,0.9999999999999999,0.9999999999999999,0.024316306330860682,2.694253011603527e-18,2.699652316235999e-18,2.699652316235999e-18
TUR.10.4_1,2071,10,aegypti,19.450741823981787,84.76526402274978,0.24258858056701957,0.029353223587502916,0.02920220847296275,0.02951654702752118,0,0,0,1,1,1,0.023202889431449103,0,0,0
TUR.10.4_1,2071,11,aegypti,12.813576032133664,81.26222575777003,0.14071340917630715,0,0,0,0,0,0,1,1,1,0.013972802331494116,0,0,0
TUR.10.4_1,2071,12,aegypti,5.99882522970438,79.87046046877045,0.11573898840329327,0,0,0,0,0,0,1,1,1,0.011138054670016717,0,0,0
TUR.10.4_1,2072,1,aegypti,2.7315112227190506,86.08270939705994,0.11389945073923602,0,0,0,0,0,0,1,1,1,0.01096200202008868,0,0,0
TUR.10.4_1,2072,2,aegypti,3.182041178279392,76.71658281767003,0.08824310161890984,0,0,0,0,0,0,1,1,1,0.009087057574295176,0,0,0
TUR.10.4_1,2072,3,aegypti,6.149906177183285,77.62209287797157,0.10459039411129324,0,0,0,0,0,0,1,1,1,0.010070599520192625,0,0,0
TUR.10.4_1,2072,4,aegypti,12.85249820877524,78.06342563347361,0.13830155930379015,0,0,0,0,0,0,1,1,1,0.013734958693390142,0,0,0
TUR.10.4_1,2072,5,aegypti,16.465049631455365,81.69165669209232,0.19330901066189737,0.001884937881356255,0.0018655737584447384,0.0019053780836960816,0,0,0,1,1,1,0.018533427698154914,0,0,0
TUR.10.4_1,2072,6,aegypti,21.582985485301297,87.24110017615041,0.21742833833573288,0.08131670742160928,0.08094625827399574,0.08169709986337578,2.751773808817859e-12,2.4129420683749457e-12,3.1338764916455376e-12,0.9999999999972482,0.9999999999968662,0.999999999997587,0.02150816230724073,5.918559771286854e-14,5.1897949644577496e-14,6.740392423315836e-14
TUR.10.4_1,2072,7,aegypti,22.962099131415872,85.97257549874993,0.2553335479083401,0.12487840075224271,0.12437261447710189,0.12538830940486276,4.402465571788916e-7,3.9336675951850977e-7,4.913169304981978e-7,0.9999995597534428,0.9999995086830695,0.9999996066332404,0.02440691263253525,1.0745059257839642e-8,9.60086813211177e-9,1.199152939755491e-8
TUR.10.4_1,2072,8,aegypti,24.5914945602417,85.95181526355822,0.30319249323028785,0.18641354493841503,0.18569772700807866,0.1871556987142777,0.01005569794303758,0.00932215108568247,0.010850412078319528,0.9899443020569624,0.9891495879216805,0.9906778489143175,0.02891493505399989,2.907598529455719e-4,2.6954939320608315e-4,3.137389605537451e-4
TUR.10.4_1,2072,9,aegypti,21.257964667151956,89.39822037874066,0.2416590581841247,0.07431230007049643,0.07398261101978357,0.07464464235005687,2.1379109593766544e-13,1.880662292563784e-13,2.4225066397320916e-13,0.9999999999997862,0.9999999999997577,0.9999999999998119,0.023876248286510027,5.104529288052785e-15,4.490315984033007e-15,5.7840370005962516e-15
TUR.10.4_1,2072,10,aegypti,18.0149050319896,80.873593795699,0.23814491635675036,0.010323738971821312,0.010252429646145726,0.01040031926540394,0,0,0,1,1,1,0.022782745065229926,0,0,0
TUR.10.4_1,2072,11,aegypti,12.307630826445187,77.29606212251612,0.13813586352761997,0,0,0,0,0,0,1,1,1,0.013718616562846453,0,0,0
TUR.10.4_1,2072,12,aegypti,5.954947151243687,80.0096587719931,0.11361891663693742,0,0,0,0,0,0,1,1,1,0.010935150795582826,0,0,0
TUR.10.4_1,2073,1,aegypti,6.600151407121516,76.47374638436463,0.12353059165708129,0,0,0,0,0,0,1,1,1,0.011883401366435509,0,0,0
TUR.10.4_1,2073,2,aegypti,8.754529724650851,62.97957186185948,0.09240462091570474,0,0,0,0,0,0,1,1,1,0.009851646537743841,0,0,0
TUR.10.4_1,2073,3,aegypti,8.162805099149837,79.89394346390907,0.11343437727188838,0,0,0,0,0,0,1,1,1,0.01091748727664088,0,0,0
TUR.10.4_1,2073,4,aegypti,13.606665765537935,74.77818546013377,0.14999610039391403,0,0,0,0,0,0,1,1,1,0.014887676242010928,0,0,0
TUR.10.4_1,2073,5,aegypti,15.19381607280058,78.97969685322514,0.20965488687368353,7.895766134484638e-5,7.782162962975748e-5,8.006938237362412e-5,0,0,0,1,1,1,0.020084742113394505,0,0,0
TUR.10.4_1,2073,6,aegypti,19.83088549445657,84.90694032507619,0.235813703255873,0.03621446211345855,0.03603292777593324,0.036394159937942996,0,0,0,1,1,1,0.023305502513914167,0,0,0
TUR.10.4_1,2073,7,aegypti,24.05628209955552,87.71010143869134,0.27692411191016886,0.17092915697605723,0.1702985852500353,0.17157196475924147,0.001543566681316452,0.0014141800432500046,0.0016833732405709429,0.9984564333186835,0.9983166267594291,0.99858581995675,0.026443197961231735,4.081683932041244e-5,3.7395442836483124e-5,4.451377184305761e-5
TUR.10.4_1,2073,8,aegypti,26.864829063415527,87.3682428758629,0.3288299270245831,0.27839516784742047,0.2772445715460446,0.27943813537647605,0.2816077574946434,0.2786307608547007,0.28429055208419723,0.7183922425053566,0.7157094479158027,0.7213692391452993,0.031321251545901485,0.00882030740976695,0.008727064149156001,0.008904335893952349
TUR.10.4_1,2073,9,aegypti,22.262044485877542,87.555897075518,0.2620933309425912,0.10351683681493672,0.10306311384924294,0.10393383979745242,2.4523367676554386e-9,2.165627413508453e-9,2.7391938856036187e-9,0.9999999975476632,0.9999999972608061,0.9999999978343725,0.025868849624043677,6.343913106999189e-11,5.6022289901756826e-11,7.085979471777991e-11
TUR.10.4_1,2073,10,aegypti,18.82938676721909,79.96278904716384,0.2582820393491287,0.018616934625301253,0.018495587972809414,0.018733327927847144,0,0,0,1,1,1,0.024685246585661957,0,0,0
TUR.10.4_1,2073,11,aegypti,10.762046147795285,88.83708537691065,0.149816393668969,0,0,0,0,0,0,1,1,1,0.014869972952000876,0,0,0
TUR.10.4_1,2073,12,aegypti,9.269567169249058,72.45203395509857,0.123226336075408,0,0,0,0,0,0,1,1,1,0.011854306745478382,0,0,0
TUR.10.4_1,2074,1,aegypti,5.16813026606927,82.78810032723572,0.11355320743983048,0,0,0,0,0,0,1,1,1,0.010928861357153985,0,0,0
TUR.10.4_1,2074,2,aegypti,2.7576331000857275,75.30213121854894,0.08494123557966807,0,0,0,0,0,0,1,1,1,0.009059559309111953,0,0,0
TUR.10.4_1,2074,3,aegypti,7.42986776318182,79.15320554887,0.10427244944248067,0,0,0,0,0,0,1,1,1,0.010040140073331205,0,0,0
TUR.10.4_1,2074,4,aegypti,13.92111507584067,71.66853580193064,0.13788113595762402,0,0,0,0,0,0,1,1,1,0.013693492936850293,0,0,0
TUR.10.4_1,2074,5,aegypti,15.329636461594525,80.56531391865482,0.19272136999091968,1.4115866196355817e-4,1.392943839252267e-4,1.4315662202723747e-4,0,0,0,1,1,1,0.01847761162639705,0,0,0
TUR.10.4_1,2074,6,aegypti,20.553951824412625,87.47284303503713,0.21676737724451584,0.053565069644468354,0.053313936330952105,0.05381927239093871,0,0,0,1,1,1,0.0214434856665483,0,0,0
TUR.10.4_1,2074,7,aegypti,23.35366445429185,83.37740643136712,0.2545573586510354,0.13298317963741485,0.1324199178160179,0.13353777350240584,2.432632795979384e-6,2.165542923490693e-6,2.7176729088723705e-6,0.999997567367204,0.9999972823270911,0.9999978344570765,0.024333628118191508,5.9194781805478756e-8,5.269551617420377e-8,6.613084191138402e-8
TUR.10.4_1,2074,8,aegypti,24.170506477355957,85.21515907459337,0.30227081741420875,0.16782447306161807,0.1671703309362457,0.1684616323170866,0.0010003338627277221,9.098945041039086e-4,0.0010939533784253275,0.9989996661372723,0.9989060466215747,0.999090105495896,0.02882831580852674,2.8837940508678206e-5,2.623072611675031e-5,3.15368334730501e-5
TUR.10.4_1,2074,9,aegypti,22.760457571815042,83.9990351980766,0.24092443805124564,0.11389509172769409,0.11342199715288047,0.11436397455758382,3.495119511198741e-8,3.109776134657683e-8,3.909710801219824e-8,0.9999999650488048,0.999999960902892,0.9999999689022386,0.023804537636518908,8.3199703948462e-10,7.40267830386071e-10,9.306885791554178e-10
TUR.10.4_1,2074,10,aegypti,17.411454256843115,84.87824772636306,0.23742097887469177,0.006322141890077062,0.006276659901804353,0.00636869391567622,0,0,0,1,1,1,0.022714280325155656,0,0,0
TUR.10.4_1,2074,11,aegypti,8.999558736296262,86.29898418062159,0.1377159438805662,0,0,0,0,0,0,1,1,1,0.013677199800224082,0,0,0
TUR.10.4_1,2074,12,aegypti,5.759232200682163,80.16388698244232,0.11327352613403394,0,0,0,0,0,0,1,1,1,0.010902090861879654,0,0,0
TUR.10.4_1,2075,1,aegypti,9.02692114055047,71.17470463631776,0.12638757238027729,0,0,0,0,0,0,1,1,1,0.012156560061792443,0,0,0
TUR.10.4_1,2075,2,aegypti,6.538350353770725,81.70220903837316,0.09454172895630458,0,0,0,0,0,0,1,1,1,0.010078340655252704,0,0,0
TUR.10.4_1,2075,3,aegypti,6.768683929105892,79.34648100053016,0.11605785559305735,0,0,0,0,0,0,1,1,1,0.011168568614977947,0,0,0
TUR.10.4_1,2075,4,aegypti,12.746912156834322,79.05940494255564,0.15346516794739581,0,0,0,0,0,0,1,1,1,0.015229359092428174,0,0,0
TUR.10.4_1,2075,5,aegypti,16.702078707077924,78.65650044209232,0.2145037260339841,0.0025138843919414117,0.002490322906281128,0.00253693401297475,0,0,0,1,1,1,0.02054445213201528,0,0,0
TUR.10.4_1,2075,6,aegypti,21.694704616771023,83.86130891638479,0.24126753615208157,0.0802117168880699,0.07984595877418071,0.08057474899756203,1.867865084825837e-12,1.6374623879045203e-12,2.1182056109125827e-12,0.9999999999981322,0.9999999999978818,0.9999999999983625,0.023838030142873,4.452622419489834e-14,3.903387776068875e-14,5.049384920173686e-14
TUR.10.4_1,2075,7,aegypti,24.076576289008646,85.59058697335931,0.2833287347562392,0.1653511231681282,0.1646909144501657,0.16599840253445375,6.990731396438842e-4,6.334135965645249e-4,7.677815266979776e-4,0.9993009268603561,0.999232218473302,0.9993665864034355,0.027046423659960017,1.8907428304106883e-5,1.713157248466314e-5,2.0765744449364403e-5
TUR.10.4_1,2075,8,aegypti,27.247010231018066,88.19239296131212,0.33643501293987693,0.2959601246888675,0.29481455813580965,0.2970944355452008,0.3242332634899009,0.32161027940105336,0.3268156584204277,0.6757667365100991,0.6731843415795723,0.6783897205989466,0.03203391362774588,0.010386460357877658,0.010302435912128564,0.010469184574034882
TUR.10.4_1,2075,9,aegypti,23.769023474525003,83.24438126741254,0.2681549516645243,0.14740163570966752,0.14681499331075612,0.14797181934562859,3.7781192041926316e-5,3.398380243715138e-5,4.174281377209987e-5,0.9999622188079581,0.9999582571862279,0.9999660161975629,0.026459152053197044,9.996583049883664e-7,8.991825960303965e-7,1.1044794567242782e-6
TUR.10.4_1,2075,10,aegypti,17.079634722541357,88.044980514449,0.2642555135927932,0.004647387255083557,0.004611447390514581,0.004684159514035455,0,0,0,1,1,1,0.025248891805341622,0,0,0
TUR.10.4_1,2075,11,aegypti,13.699590970488156,82.04816020601221,0.15328130501594267,0,0,0,0,0,0,1,1,1,0.015211252644288797,0,0,0
TUR.10.4_1,2075,12,aegypti,10.292761005461216,58.94161220216888,0.126076280061225,0,0,0,0,0,0,1,1,1,0.012126800767549684,0,0,0
TUR.39.3_1,2025,1,albopictus,1.555623628308668,81.00240771282235,0.0013218141848862193,0,0,0,0,0,0,1,1,1,1.2790932066841787e-4,0,0,0
TUR.39.3_1,2025,2,albopictus,1.7358007032205078,69.84412308796925,9.88757011821619e-4,0,0,0,0,0,0,1,1,1,1.0593264000824387e-4,0,0,0
TUR.39.3_1,2025,3,albopictus,8.737331535228911,63.79694840767563,0.0012137816788568893,0,0,0,0,0,0,1,1,1,1.1745584463729308e-4,0,0,0
TUR.39.3_1,2025,4,albopictus,9.108116963330438,62.939964820444644,0.0016050030240985045,0,0,0,0,0,0,1,1,1,1.6048742292540386e-4,0,0,0
TUR.39.3_1,2025,5,albopictus,14.235955182243796,63.643213018430714,0.0022433698380531033,0.0031557086140426315,0.0031228946375189124,0.0031901461572310923,0,0,0,1,1,1,2.1707674234205943e-4,0,0,0
TUR.39.3_1,2025,6,albopictus,21.768963140599865,38.74567384713179,0.002523276977572012,0.06248061840912265,0.06214164555114294,0.06280731125018212,1.532773907797491e-15,1.3322676295501878e-15,1.7763568394002505e-15,0.9999999999999984,0.9999999999999982,0.9999999999999987,2.5229586580111096e-4,3.8671252014512023e-19,3.361256150761584e-19,4.481674867682112e-19
TUR.39.3_1,2025,7,albopictus,24.232003941255456,39.259093491248706,0.0029631706150651865,0.08739852485850512,0.08697436265718148,0.08783105128105778,2.1153092166770194e-11,1.8391715927990046e-11,2.4253102304250262e-11,0.9999999999788469,0.9999999999757468,0.9999999999816083,2.8671733534557653e-4,6.064958220375738e-15,5.2732237833061045e-15,6.953784866538297e-15
TUR.39.3_1,2025,8,albopictus,25.251696586608887,37.219930490366416,0.0035185783223865745,0.09018477873204042,0.08968077084830568,0.0906838242168501,5.127400715121411e-11,4.365477979106913e-11,5.972407290943949e-11,0.999999999948726,0.9999999999402759,0.9999999999563453,3.404496134593593e-4,1.745621591514327e-14,1.4862252905522936e-14,2.0333037536237262e-14
TUR.39.3_1,2025,9,albopictus,20.673405478982364,42.51436082640991,0.0028044768340922616,0.053130834274663565,0.052862380001944015,0.05339819211924285,0,0,0,1,1,1,2.804083616336772e-4,0,0,0
TUR.39.3_1,2025,10,albopictus,12.127994859919829,40.25222628445064,0.0027636948769802837,4.783121149449199e-5,4.637824703787974e-5,4.9370814068734674e-5,0,0,0,1,1,1,2.6741858020917775e-4,0,0,0
TUR.39.3_1,2025,11,albopictus,6.20813252163284,78.55356013486357,0.001603080108527832,0,0,0,0,0,0,1,1,1,1.602951622101667e-4,0,0,0
TUR.39.3_1,2025,12,albopictus,1.8241061092737842,81.95597820298956,0.001318558559390609,0,0,0,0,0,0,1,1,1,1.2759430038611352e-4,0,0,0
TUR.39.3_1,2026,1,albopictus,3.3625133411191843,78.77988879192391,0.001278055820363945,0,0,0,0,0,0,1,1,1,1.2367517292077856e-4,0,0,0
TUR.39.3_1,2026,2,albopictus,3.2987437445451233,77.88075181111378,9.560244309173147e-4,0,0,0,0,0,0,1,1,1,1.0242594313170095e-4,0,0,0
TUR.39.3_1,2026,3,albopictus,5.1959153670160205,75.67703721382797,0.0011735997064123663,0,0,0,0,0,0,1,1,1,1.1356771583537206e-4,0,0,0
TUR.39.3_1,2026,4,albopictus,8.56395612043493,73.8479619517923,0.0015518697560560674,0,0,0,0,0,0,1,1,1,1.5517493472982924e-4,0,0,0
TUR.39.3_1,2026,5,albopictus,12.998258534599753,66.39563153649712,0.0021691035786542807,6.682453709217006e-4,6.573381813848703e-4,6.787151722229222e-4,0,0,0,1,1,1,2.0989121930248267e-4,0,0,0
TUR.39.3_1,2026,6,albopictus,18.767623228185315,54.240455341272416,0.0024397444545912854,0.03712720901288362,0.036955317530891,0.03732011601595261,0,0,0,1,1,1,2.4394468611432796e-4,0,0,0
TUR.39.3_1,2026,7,albopictus,22.12260414572323,54.11184617679558,0.0028650755110798437,0.08575857775954306,0.08542577715353868,0.08611240324327465,1.2378796987455587e-11,1.1073053585164418e-11,1.3882983651569703e-11,0.9999999999876212,0.999999999986117,0.999999999988927,2.7722693754894667e-4,3.4317359793724394e-15,3.0697487347305157e-15,3.848737041766761e-15
TUR.39.3_1,2026,8,albopictus,23.73623561859131,46.62299140345235,0.0034020965698137516,0.09527938263190867,0.09484966581776458,0.09573196752404856,2.404753698392881e-10,2.113241248657971e-10,2.740967869341304e-10,0.9999999997595246,0.9999999997259031,0.9999999997886758,3.2918095997225283e-4,7.915991309337938e-14,6.956387828861932e-14,9.02274434482871e-14
TUR.39.3_1,2026,9,albopictus,15.786793540505801,79.97370378295288,0.0027116352524208967,0.013315020690574882,0.013233189122341048,0.013397123542026407,0,0,0,1,1,1,2.711267637361958e-4,0,0,0
TUR.39.3_1,2026,10,albopictus,12.704949701533598,74.15557711452877,0.002672203372926213,4.5015012223810095e-4,4.4157448437645065e-4,4.582782034682674e-4,0,0,0,1,1,1,2.585668922299167e-4,0,0,0
TUR.39.3_1,2026,11,albopictus,8.214595572475126,77.34172236630889,0.0015500104981775646,0,0,0,0,0,0,1,1,1,1.5498903777566575e-4,0,0,0
TUR.39.3_1,2026,12,albopictus,2.2756002367857624,81.25118236558721,0.001274907971626077,0,0,0,0,0,0,1,1,1,1.2337058002653833e-4,0,0,0
TUR.39.3_1,2027,1,albopictus,1.274469174554243,86.93597094524422,0.001307294311038601,0,0,0,0,0,0,1,1,1,1.2650435033090268e-4,0,0,0
TUR.39.3_1,2027,2,albopictus,4.562722702675006,72.67661973103566,9.778957067745457e-4,0,0,0,0,0,0,1,1,1,1.0476905135115011e-4,0,0,0
TUR.39.3_1,2027,3,albopictus,5.4543591994134815,67.57674119332016,0.0012004485212489088,0,0,0,0,0,0,1,1,1,1.1616568978389807e-4,0,0,0
TUR.39.3_1,2027,4,albopictus,8.229949334088495,71.7722554698587,0.001587372375478281,0,0,0,0,0,0,1,1,1,1.5872463945909576e-4,0,0,0
TUR.39.3_1,2027,5,albopictus,15.135695401360007,55.775171026243214,0.0022187268531203255,0.006113723176022116,0.006057124661096704,0.0061734151198611425,0,0,0,1,1,1,2.146924521911897e-4,0,0,0
TUR.39.3_1,2027,6,albopictus,20.932443899266858,41.47788591378218,0.0024955592667047326,0.055384713591949505,0.05510675116652214,0.05564944864402037,3.552713678800501e-18,0,1.1102230246251565e-16,1,0.9999999999999999,1,2.4952479018036655e-4,8.864901352736131e-22,0,2.770281672730041e-20
TUR.39.3_1,2027,7,albopictus,25.68974281759823,29.92088624637566,0.002930620757443996,0.07886515569023184,0.07835400491325062,0.07932731720110191,1.1578856762284318e-12,9.5932983779079e-13,1.3613582483529285e-12,0.9999999999988421,0.9999999999986386,0.9999999999990407,2.8356824732012065e-4,3.283396118051691e-16,2.7203548070422994e-16,3.8603797246022946e-16
TUR.39.3_1,2027,8,albopictus,24.667180061340332,40.315606912485556,0.003479927418236673,0.0924200177078595,0.0919509652980707,0.09291673067429801,1.0214611190217937e-10,8.827818198664517e-11,1.184528031217269e-10,0.9999999998978539,0.9999999998815472,0.9999999999117218,3.3671046980854324e-4,3.439366532769885e-14,2.9724188130567374e-14,3.988429898925554e-14
TUR.39.3_1,2027,9,albopictus,19.726118873147403,45.32383577147827,0.0027736701970435813,0.04367832690123447,0.04347527265807893,0.04389161151865096,0,0,0,1,1,1,2.7732855702877757e-4,0,0,0
TUR.39.3_1,2027,10,albopictus,14.403704012141509,64.15508120388424,0.0027333362218637802,0.003738234886105226,0.003700386364428101,0.003774718841533261,0,0,0,1,1,1,2.644814271867135e-4,0,0,0
TUR.39.3_1,2027,11,albopictus,5.511018769267728,77.95655238339873,0.0015854705827642286,0,0,0,0,0,0,1,1,1,1.5853449035574396e-4,0,0,0
TUR.39.3_1,2027,12,albopictus,0.12037203921114692,75.93258647935674,0.0013040744479610612,0,0,0,0,0,0,1,1,1,1.2619279004844053e-4,0,0,0
TUR.39.3_1,2028,1,albopictus,1.3509207741521738,73.9626738261036,0.0012662709018032565,0,0,0,0,0,0,1,1,1,1.2253483732926895e-4,0,0,0
TUR.39.3_1,2028,2,albopictus,3.695609589271686,76.79575272664113,9.810378464485544e-4,0,0,0,0,0,0,1,1,1,1.0148152417222e-4,0,0,0
TUR.39.3_1,2028,3,albopictus,4.250155355343047,74.07453629830063,0.001162777974886603,0,0,0,0,0,0,1,1,1,1.1252056988120263e-4,0,0,0
TUR.39.3_1,2028,4,albopictus,9.75137934965246,59.79390006214386,0.0015375600065126488,0,0,0,0,0,0,1,1,1,1.5374418080316143e-4,0,0,0
TUR.39.3_1,2028,5,albopictus,14.857706967522116,60.32788251305962,0.0021491023325296323,0.005251256390973531,0.005203568054035381,0.0053001783339175455,0,0,0,1,1,1,2.0795601923229157e-4,0,0,0
TUR.39.3_1,2028,6,albopictus,21.23130826389088,46.22844667428023,0.002417247636183102,0.0636546420829478,0.06339502735717173,0.06394165867691311,2.606248550307555e-15,2.3314683517128287e-15,2.9976021664879227e-15,0.9999999999999974,0.999999999999997,0.9999999999999977,2.4169555054154301e-4,6.299186782146829e-19,5.63505526837416e-19,7.245071059338205e-19
TUR.39.3_1,2028,7,albopictus,22.106981053071863,52.342257706336596,0.002838656726367699,0.08308197672415307,0.08272551942011885,0.08340311034700644,5.051092877295104e-12,4.465286473909202e-12,5.624345433830058e-12,0.9999999999949489,0.9999999999943756,0.9999999999955348,2.746709864707153e-4,1.3873886633618502e-15,1.2264846406629827e-15,1.5448445085621652e-15
TUR.39.3_1,2028,8,albopictus,23.95432758331299,37.01782401453634,0.0033707259282721043,0.08168477645270267,0.08123757072477084,0.08209145596347323,3.1287072932428827e-12,2.6713437017988896e-12,3.5916325469287357e-12,0.9999999999968713,0.9999999999964084,0.9999999999973287,3.261460861794241e-4,1.020415638492186e-15,8.712482931817623e-16,1.1713968981754438e-15
TUR.39.3_1,2028,9,albopictus,17.197322677163516,58.332613389886475,0.0026866313362328134,0.021187045850419816,0.021058033729142653,0.0213108242985127,0,0,0,1,1,1,2.6862704691543726e-4,0,0,0
TUR.39.3_1,2028,10,albopictus,12.809509599910063,58.66853182644283,0.0026475630570450457,4.1016484264943224e-4,4.0169337597879015e-4,4.1880126753913554e-4,0,0,0,1,1,1,2.561829592542253e-4,0,0,0
TUR.39.3_1,2028,11,albopictus,7.220285193446805,75.8256624908206,0.0015357178928013509,0,0,0,0,0,0,1,1,1,1.5355999773647433e-4,0,0,0
TUR.39.3_1,2028,12,albopictus,-0.41130234585965386,76.35507183091924,0.001263152079294467,0,0,0,0,0,0,1,1,1,1.2223305273428853e-4,0,0,0
TUR.39.3_1,2029,1,albopictus,4.412470139672651,77.92220751750985,0.0014381804836915112,0,0,0,0,0,0,1,1,1,1.391690715724092e-4,0,0,0
TUR.39.3_1,2029,2,albopictus,1.6774968106080506,82.41467972859425,0.0010758025248740954,0,0,0,0,0,0,1,1,1,1.1525791353272918e-4,0,0,0
TUR.39.3_1,2029,3,albopictus,7.591412212261382,69.09226701119125,0.00132063730436102,0,0,0,0,0,0,1,1,1,1.2779544356600336e-4,0,0,0
TUR.39.3_1,2029,4,albopictus,8.29259906095617,68.27658896595246,0.001746299935284036,0,0,0,0,0,0,1,1,1,1.7461474659863363e-4,0,0,0
TUR.39.3_1,2029,5,albopictus,13.65713399999282,67.56438611413384,0.0024408655586245524,0.0017677668085494317,0.001746013624346403,0.0017902222646834808,0,0,0,1,1,1,2.3618489994992053e-4,0,0,0
TUR.39.3_1,2029,6,albopictus,19.745632452123303,54.66675539010054,0.002745414405130284,0.05049181723980977,0.050251761892339826,0.05072397008913775,0,0,0,1,1,1,2.745037574602982e-4,0,0,0
TUR.39.3_1,2029,7,albopictus,27.766868366914636,36.73816224735222,0.0032240342078049006,0.09065257008647831,0.09007434002836588,0.0912133688633093,5.938497460444836e-11,4.938905395768245e-11,7.036747295963154e-11,0.9999999999406151,0.9999999999296325,0.999999999950611,3.119546424614761e-4,1.8525418520314524e-14,1.5407144668879378e-14,2.195145986803944e-14
TUR.39.3_1,2029,8,albopictus,26.028250694274902,36.640035470835166,0.003828337395268595,0.09173721455339959,0.09124255943093332,0.09224170374489092,8.293483411137004e-11,7.100442456220435e-11,9.648127574646281e-11,0.9999999999170651,0.9999999999035187,0.9999999999289956,3.704156432379202e-4,3.072035992419334e-14,2.6301149596947304e-14,3.573817381604117e-14
TUR.39.3_1,2029,9,albopictus,21.356743644265567,39.048826616204835,0.003051369773357088,0.05811892898662227,0.05784216358304602,0.05839335405719011,2.2015722578316855e-16,2.220446049250313e-16,2.220446049250313e-16,0.9999999999999998,0.9999999999999998,0.9999999999999998,3.050904277830391e-4,6.716786219371402e-20,6.774368350349371e-20,6.774368350349371e-20
TUR.39.3_1,2029,10,albopictus,13.60891183684854,62.989843777126424,0.00300699756470944,0.0015451062158764446,0.0015257288193652003,0.0015642270070374649,0,0,0,1,1,1,2.909574280020033e-4,0,0,0
TUR.39.3_1,2029,11,albopictus,8.579536692622831,77.33580958554717,0.0017442077352780524,0,0,0,0,0,0,1,1,1,1.7440556310899247e-4,0,0,0
TUR.39.3_1,2029,12,albopictus,2.2499497355345417,70.39674358384893,0.001434638248252119,0,0,0,0,0,0,1,1,1,1.3882632224249125e-4,0,0,0
TUR.39.3_1,2030,1,albopictus,3.1162032262586497,87.94994036663094,0.0013969899365906767,0,0,0,0,0,0,1,1,1,1.351834364045068e-4,0,0,0
TUR.39.3_1,2030,2,albopictus,1.8516543704797241,73.70556565388722,0.0010449907491098458,0,0,0,0,0,0,1,1,1,1.1195702689170695e-4,0,0,0
TUR.39.3_1,2030,3,albopictus,6.530357028850737,69.42257401802719,0.0012828132803909729,0,0,0,0,0,0,1,1,1,1.2413551523227095e-4,0,0,0
TUR.39.3_1,2030,4,albopictus,9.76910624784582,64.20652060657746,0.0016962846204107112,0,0,0,0,0,0,1,1,1,1.6961407594695554e-4,0,0,0
TUR.39.3_1,2030,5,albopictus,15.420928898979636,56.2705895748272,0.002370957373317196,0.007566667545234347,0.007509476744887579,0.007623138896395067,0,0,0,1,1,1,2.294211666786783e-4,0,0,0
TUR.39.3_1,2030,6,albopictus,20.907688421361584,51.28388185494429,0.0026667837168069643,0.06428635462439997,0.06401860784099196,0.06455691222245927,3.451572361257149e-15,3.1058489113888756e-15,3.885780586188048e-15,0.9999999999999966,0.9999999999999961,0.9999999999999969,2.6664281616439744e-4,9.203369746008051e-19,8.281523003138578e-19,1.0361154784981242e-18
TUR.39.3_1,2030,7,albopictus,25.252488865571863,36.6411850134655,0.0031316954962195367,0.08913895297914216,0.0886663847929588,0.08965868414684756,3.691266381444791e-11,3.16765558228127e-11,4.3352793577255966e-11,0.9999999999630873,0.9999999999566472,0.9999999999683234,3.0302138582882776e-4,1.118532654368763e-14,9.598673843712927e-15,1.3136823589331206e-14
TUR.39.3_1,2030,8,albopictus,22.432860374450684,46.570298990122275,0.0037186909958174382,0.07971567132736658,0.07936573150045055,0.08008568559324916,1.5667728225920997e-12,1.380107139681286e-12,1.782601843913767e-12,0.9999999999984333,0.9999999999982173,0.9999999999986199,0.00035980857553896683,5.637382974900298e-16,4.965743840198814e-16,6.413954302117482e-16
TUR.39.3_1,2030,9,albopictus,19.69473917344037,48.864290635980225,0.0029639762982009562,0.045661409693429696,0.045443801333484794,0.04589982702620828,0,0,0,1,1,1,2.963537083821022e-4,0,0,0
TUR.39.3_1,2030,10,albopictus,14.131652200923247,60.42501681179439,0.002920874942252949,0.002703330580270773,0.002671606852743602,0.002735412231715831,0,0,0,1,1,1,2.826253709153903e-4,0,0,0
TUR.39.3_1,2030,11,albopictus,7.085893885615994,78.05191218564482,0.0016942523425520998,0,0,0,0,0,0,1,1,1,1.694108826106877e-4,0,0,0
TUR.39.3_1,2030,12,albopictus,5.543430072200649,85.1297681810169,0.0013935491533802384,0,0,0,0,0,0,1,1,1,1.348505023419655e-4,0,0,0
TUR.39.3_1,2031,1,albopictus,3.7822114602826975,80.61799303997078,0.001362496131208133,0,0,0,0,0,0,1,1,1,1.318457718926247e-4,0,0,0
TUR.39.3_1,2031,2,albopictus,4.002129336052081,77.63030930623097,0.001019188338811657,0,0,0,0,0,0,1,1,1,1.0919278862042692e-4,0,0,0
TUR.39.3_1,2031,3,albopictus,6.266834403881255,74.86557481148422,0.0012511386702331235,0,0,0,0,0,0,1,1,1,1.2107060619159782e-4,0,0,0
TUR.39.3_1,2031,4,albopictus,7.937139370862177,73.35765128284699,0.001654400774266018,0,0,0,0,0,0,1,1,1,1.6542639297167927e-4,0,0,0
TUR.39.3_1,2031,5,albopictus,13.169038716484518,65.53759168054009,0.0023124148311961692,8.694092632416612e-4,8.561919266397749e-4,8.827716692934788e-4,0,0,0,1,1,1,2.237570430962954e-4,0,0,0
TUR.39.3_1,2031,6,albopictus,20.67141751682057,41.387401294641556,0.0026009367725194706,0.05217028464630936,0.05191252218837944,0.05242752852200186,0,0,0,1,1,1,2.600598558237799e-4,0,0,0
TUR.39.3_1,2031,7,albopictus,24.091047062593347,43.368006912879565,0.0030543691732915312,0.09319452018975248,0.09277438428974269,0.09362356184258466,1.2909843449815385e-10,1.1345224759651273e-10,1.4659368163805198e-10,0.9999999998709016,0.9999999998534064,0.9999999998865478,2.95540432864172e-4,3.8153807213671335e-14,3.352972636408659e-14,4.33243601264625e-14
TUR.39.3_1,2031,8,albopictus,24.215798377990723,48.38423331629415,0.0036268708615932875,0.1034981249535814,0.10305091029727172,0.10395270793212188,2.44036830887584e-9,2.158474943225741e-9,2.753110592279562e-9,0.9999999975596316,0.9999999972468894,0.999999997841525,3.50925913827127e-4,8.563884788670146e-13,7.574647919244493e-13,9.66137850462848e-13
TUR.39.3_1,2031,9,albopictus,18.713019202737247,52.39371339598999,0.0028907912172560445,0.03548599665417219,0.03530454452495566,0.03565727368624501,0,0,0,1,1,1,2.890373423822812e-4,0,0,0
TUR.39.3_1,2031,10,albopictus,15.081730211482329,44.71166079372799,0.002848754099313518,0.004980601236679844,0.004930405776512046,0.0050269528247020865,0,0,0,1,1,1,2.7564788271827734e-4,0,0,0
TUR.39.3_1,2031,11,albopictus,8.685507552150419,74.49852168271514,0.0016524186764374136,0,0,0,0,0,0,1,1,1,1.6522821595832404e-4,0,0,0
TUR.39.3_1,2031,12,albopictus,3.331795913112514,79.8002775193958,0.001359140306166194,0,0,0,0,0,0,1,1,1,1.315210573956671e-4,0,0,0
TUR.39.3_1,2032,1,albopictus,5.717662848641767,81.60643450725594,0.0014386613908749576,0,0,0,0,0,0,1,1,1,1.3921560449936532e-4,0,0,0
TUR.39.3_1,2032,2,albopictus,4.696244736366412,75.06272812947316,0.0011145966243579844,0,0,0,0,0,0,1,1,1,1.1529645192465132e-4,0,0,0
TUR.39.3_1,2032,3,albopictus,5.779665614971343,73.69443986275375,0.0013210789067701725,0,0,0,0,0,0,1,1,1,1.278381738206713e-4,0,0,0
TUR.39.3_1,2032,4,albopictus,9.216269829693964,72.82199912220246,0.0017468838732479098,0,0,0,0,0,0,1,1,1,1.7467313019692288e-4,0,0,0
TUR.39.3_1,2032,5,albopictus,18.28885072820327,42.945283636106495,0.0024416817494950865,0.026654950941878603,0.026494608947689884,0.02681439643607042,0,0,0,1,1,1,2.3626386750474904e-4,0,0,0
TUR.39.3_1,2032,6,albopictus,22.972929281346936,23.804908466272416,0.0027463324328214785,0.05748180182531463,0.057156073712214574,0.057827915020394735,1.1446399383885363e-16,1.1102230246251565e-16,2.220446049250313e-16,0.9999999999999999,0.9999999999999998,0.9999999999999999,2.745955350250684e-4,3.1431301629286145e-20,3.0486228544409454e-20,6.097245708881891e-20
TUR.39.3_1,2032,7,albopictus,25.710653080659753,25.973136154822924,0.0032251122791789677,0.07250417869831806,0.07202932706194218,0.07298314452168685,1.0640277547935284e-13,8.79296635503124e-14,1.2778667013435552e-13,0.9999999999998936,0.9999999999998722,0.9999999999999121,3.1205893939778573e-4,3.320393726506757e-17,2.7439237549114625e-17,3.9876972751301684e-17
TUR.39.3_1,2032,8,albopictus,24.549742698669434,44.55161078821798,0.0038296175370692363,0.09931369904067475,0.09881355387387405,0.0997632663054446,7.696562039916088e-10,6.666555502077287e-10,8.715175858764468e-10,0.9999999992303438,0.9999999991284824,0.9999999993333445,3.705394820318064e-4,2.851880111696171e-13,2.4702220226760074e-13,3.2293167485226897e-13
TUR.39.3_1,2032,9,albopictus,20.0100658641142,47.62156526366577,0.0030523901081898844,0.04883337612720739,0.04860484645139875,0.04905985385963867,0,0,0,1,1,1,3.051924301316067e-4,0,0,0
TUR.39.3_1,2032,10,albopictus,11.815842951045317,66.39880221218502,0.0030080030621041504,2.9979524251763666e-5,2.8981161761906075e-5,3.104098659491645e-5,0,0,0,1,1,1,2.910547058848634e-4,0,0,0
TUR.39.3_1,2032,11,albopictus,6.626499907497098,73.1387957305667,0.0017447909736398781,0,0,0,0,0,0,1,1,1,1.7446387677155784e-4,0,0,0
TUR.39.3_1,2032,12,albopictus,2.843392592800014,81.64366893785284,0.0014351179709622063,0,0,0,0,0,0,1,1,1,1.3887274057478027e-4,0,0,0
TUR.39.3_1,2033,1,albopictus,1.9799744152628325,79.79973284709969,0.0013890119197033407,0,0,0,0,0,0,1,1,1,1.3441147432668998e-4,0,0,0
TUR.39.3_1,2033,2,albopictus,2.2374607521821472,73.46009751423878,0.0010390229510426282,0,0,0,0,0,0,1,1,1,1.1131769133765346e-4,0,0,0
TUR.39.3_1,2033,3,albopictus,4.704371358761016,74.50158402779282,0.0012754873106425905,0,0,0,0,0,0,1,1,1,1.2342663817432875e-4,0,0,0
TUR.39.3_1,2033,4,albopictus,10.314694741192987,65.00165610462433,0.0016865973728558779,0,0,0,0,0,0,1,1,1,1.6864551503170677e-4,0,0,0
TUR.39.3_1,2033,5,albopictus,17.169111195732565,49.19045804406548,0.0023574171627057717,0.018404198412628654,0.0182933930841707,0.018517391270179005,0,0,0,1,1,1,2.28111123478425e-4,0,0,0
TUR.39.3_1,2033,6,albopictus,22.377682012670178,36.48326845162398,0.0026515540827413957,0.06652221473464255,0.0661815057597428,0.06684632181840065,9.156786440200904e-15,7.882583474838611e-15,1.0438871989038032e-14,0.9999999999999909,0.9999999999999896,0.9999999999999921,2.651202576857692e-4,2.4276495805996206e-18,2.0898325620787986e-18,2.767556431682521e-18
TUR.39.3_1,2033,7,albopictus,25.925443424898035,35.192198959998706,0.00311381081509162,0.088732701506063,0.08824125095002651,0.08922203697335462,3.2451277998113423e-11,2.7660518320260506e-11,3.7778527528509184e-11,0.9999999999675487,0.9999999999622214,0.9999999999723396,3.01291133200543e-4,9.777282321857443e-15,8.33386890962567e-15,1.1382335369712443e-14
TUR.39.3_1,2033,8,albopictus,23.50369167327881,44.8449762667336,0.0036974540643361573,0.08981008102155598,0.08939272118140869,0.09022884538903993,4.55578664793066e-11,3.987006558237027e-11,5.1832804714990746e-11,0.9999999999544421,0.9999999999481671,0.9999999999601299,3.5775412598415546e-4,1.6298514704007186e-14,1.4263680465351835e-14,1.8543399748118924e-14
TUR.39.3_1,2033,9,albopictus,20.725220511941348,54.683016221917725,0.0029470494382849714,0.06497526866716836,0.06469373718587342,0.06524236713996034,4.6778136919556346e-15,4.107825191113079e-15,5.218048215738236e-15,0.9999999999999953,0.9999999999999948,0.9999999999999959,2.946615225921656e-4,1.3783717048741268e-18,1.2104180253558336e-18,1.5375580322087616e-18
TUR.39.3_1,2033,10,albopictus,13.39562066863565,74.35018771023189,0.0029041942282372417,0.0014038280620351769,0.0013863093959651767,0.0014221265759524885,0,0,0,1,1,1,2.8101156319770837e-4,0,0,0
TUR.39.3_1,2033,11,albopictus,8.824021117213896,79.45767390439482,0.0016845767010558721,0,0,0,0,0,0,1,1,1,1.684434819090308e-4,0,0,0
TUR.39.3_1,2033,12,albopictus,1.657922354472034,70.9618223192005,0.0013855907863313441,0,0,0,0,0,0,1,1,1,1.3408044134932684e-4,0,0,0
TUR.39.3_1,2034,1,albopictus,2.2300642357372187,79.49764697063485,0.0013360412403402475,0,0,0,0,0,0,1,1,1,1.2928595543182375e-4,0,0,0
TUR.39.3_1,2034,2,albopictus,0.880297857501051,75.4520942793755,9.993992798488427e-4,0,0,0,0,0,0,1,1,1,1.0707276157218004e-4,0,0,0
TUR.39.3_1,2034,3,albopictus,5.104265357860747,77.29723832466782,0.0012268459502587483,0,0,0,0,0,0,1,1,1,1.1871997966983461e-4,0,0,0
TUR.39.3_1,2034,4,albopictus,9.35046611112707,65.66347556263214,0.0016222781201663365,0,0,0,0,0,0,1,1,1,1.6221465379673283e-4,0,0,0
TUR.39.3_1,2034,5,albopictus,12.250689450432272,69.69375775720025,0.002267515854531677,1.4201156499340508e-4,1.3841272409920733e-4,1.4558062750319182e-4,0,0,0,1,1,1,2.194129436390302e-4,0,0,0
TUR.39.3_1,2034,6,albopictus,20.18704251682057,49.7965313910771,0.0025504357128135167,0.05285956358109213,0.05261144507212542,0.05308791895961804,0,0,0,1,1,1,2.550110504345726e-4,0,0,0
TUR.39.3_1,2034,7,albopictus,23.93195702047909,39.19056626956902,0.002995064048455681,0.08488858867358723,0.08447501435882385,0.08531032868035361,9.288197655443753e-12,8.070408230587133e-12,1.0657896787336086e-11,0.9999999999907118,0.9999999999893421,0.9999999999919296,2.898029069378083e-4,2.691746680760535e-15,2.3388277653989654e-15,3.0886894708131253e-15
TUR.39.3_1,2034,8,albopictus,24.815791130065918,48.43908484827657,0.003556449764140125,0.10925887375271712,0.10879050357818158,0.10974236820531807,1.1039058668727009e-8,9.778648207836582e-9,1.2457749234973114e-8,0.9999999889609413,0.9999999875422507,0.9999999902213518,3.4411333723949333e-4,3.798687318478209e-12,3.3649632684896367e-12,4.2868776637393434e-12
TUR.39.3_1,2034,9,albopictus,21.172953437356387,39.79246751586304,0.0028346622019710327,0.05670433209627584,0.056437918770014514,0.056988751500221,1.1102230246251565e-16,1.1102230246251565e-16,1.1102230246251565e-16,0.9999999999999999,0.9999999999999999,0.9999999999999999,2.834260474440242e-4,3.146661236508577e-20,3.146661236508577e-20,3.146661236508577e-20
TUR.39.3_1,2034,10,albopictus,16.10363420318155,50.46925204128658,0.0027934412972581055,0.010772644752353346,0.010694319276245957,0.010853590606492854,0,0,0,1,1,1,2.702964920860973e-4,0,0,0
TUR.39.3_1,2034,11,albopictus,7.3286922140156525,70.91741358945342,0.0016203345077180165,0,0,0,0,0,0,1,1,1,1.6202032406120725e-4,0,0,0
TUR.39.3_1,2034,12,albopictus,3.8294093431357075,76.72436504380987,0.0013327505736376406,0,0,0,0,0,0,1,1,1,1.2896754493596507e-4,0,0,0
TUR.39.3_1,2035,1,albopictus,0.6676944867872141,74.27439562786141,0.0013019204419601061,0,0,0,0,0,0,1,1,1,1.25984364138243e-4,0,0,0
TUR.39.3_1,2035,2,albopictus,2.6111483771134827,77.6444999800591,9.738758900766104e-4,0,0,0,0,0,0,1,1,1,1.0433840173562636e-4,0,0,0
TUR.39.3_1,2035,3,albopictus,4.746445562252227,75.39631364205063,0.0011955138610624512,0,0,0,0,0,0,1,1,1,1.1568819738461134e-4,0,0,0
TUR.39.3_1,2035,4,albopictus,10.043489792767694,69.5498891368509,0.0015808471949947352,0,0,0,0,0,0,1,1,1,1.5807222476860172e-4,0,0,0
TUR.39.3_1,2035,5,albopictus,15.004808369804831,63.3893525447979,0.002209606376171155,0.006170247052985474,0.006120811018647714,0.00622402460061348,0,0,0,1,1,1,2.1381001449360948e-4,0,0,0
TUR.39.3_1,2035,6,albopictus,21.284391683690686,34.342891406946244,0.00248530082018381,0.05303133003419435,0.052757426106905835,0.05332578781481895,0,0,0,1,1,1,2.484992009759157e-4,0,0,0
TUR.39.3_1,2035,7,albopictus,24.433650746065027,35.070529190711596,0.0029185739121879257,0.08204274040304488,0.08158329166947684,0.08248867190229389,3.542406812329091e-12,3.012698424065263e-12,4.1172815157253235e-12,0.9999999999964576,0.9999999999958827,0.9999999999969873,2.824027534968909e-4,1.0003854378078793e-15,8.507943304117743e-16,1.162731636962684e-15
TUR.39.3_1,2035,8,albopictus,24.21468448638916,41.18995078455587,0.0034656225488661242,0.09052192494869632,0.0900610244922752,0.09096486554807666,5.693874660650522e-11,4.918374041373852e-11,6.516337747175527e-11,0.9999999999430612,0.9999999999348366,0.9999999999508163,3.353265927760196e-4,1.9093075896496545e-14,1.6492616092919156e-14,2.185101334138133e-14
TUR.39.3_1,2035,9,albopictus,20.38124735215131,54.598761003411866,0.0027622685253771654,0.05970936927560426,0.05946464440590021,0.059975312815772903,4.2943426592501054e-16,3.3306690738754696e-16,4.440892098500626e-16,0.9999999999999996,0.9999999999999996,0.9999999999999997,2.7618870541323837e-4,1.18604893965913e-19,9.198931796735755e-20,1.2265242395647674e-19
TUR.39.3_1,2035,10,albopictus,14.399374330745024,56.90652315945064,0.002722100350277883,0.003339511920378416,0.0033038511199585357,0.003378154524346235,0,0,0,1,1,1,2.6339437176603475e-4,0,0,0
TUR.39.3_1,2035,11,albopictus,6.929529444698026,74.81603419492217,0.0015789532199426838,0,0,0,0,0,0,1,1,1,1.5788285718398853e-4,0,0,0
TUR.39.3_1,2035,12,albopictus,1.4792915777686764,79.05776195543096,0.0012987138147105533,0,0,0,0,0,0,1,1,1,1.2567408441932493e-4,0,0,0
TUR.39.3_1,2036,1,albopictus,1.6155338362954996,88.50418536174813,0.0013381113122239625,0,0,0,0,0,0,1,1,1,1.2948625904907196e-4,0,0,0
TUR.39.3_1,2036,2,albopictus,4.748920221977374,73.6359550581841,0.0010366958904158795,0,0,0,0,0,0,1,1,1,1.072386519814783e-4,0,0,0
TUR.39.3_1,2036,3,albopictus,4.4104727763025195,64.48756120064438,0.0012287468341765481,0,0,0,0,0,0,1,1,1,1.1890391432178848e-4,0,0,0
TUR.39.3_1,2036,4,albopictus,9.242530682507685,67.00698905140167,0.0016247916895253687,0,0,0,0,0,0,1,1,1,1.6246596992719464e-4,0,0,0
TUR.39.3_1,2036,5,albopictus,13.927332822014304,57.973047002805714,0.0022710291598658366,0.002086399056736666,0.0020591846362993456,0.0021119387018689343,0,0,0,1,1,1,2.1975286627184953e-4,0,0,0
TUR.39.3_1,2036,6,albopictus,20.79437665378346,55.34028596871382,0.0025543873762060134,0.06670439917741075,0.0664229431917893,0.06696491372096484,9.888423413428881e-15,8.767986336977175e-15,1.099120794378905e-14,0.9999999999999901,0.999999999999989,0.9999999999999912,2.5540611592389517e-4,2.5255638166347762e-18,2.239397334801121e-18,2.8072217302350235e-18
TUR.39.3_1,2036,7,albopictus,22.468656315523035,51.76217576663933,0.002999704622181575,0.08749189740591563,0.087102119040362,0.08785310849962881,2.1784984260975192e-11,1.9169879572622504e-11,2.4425492184398933e-11,0.999999999978215,0.9999999999755745,0.9999999999808301,2.902518644699592e-4,6.323132299196766e-15,5.564093287618267e-15,7.089544647118206e-15
TUR.39.3_1,2036,8,albopictus,24.210213661193848,44.220296701303916,0.0035619601529217745,0.09576265721748305,0.09529312733233393,0.09621201383500957,2.7718714434854517e-10,2.4091347528010235e-10,3.154256911219733e-10,0.9999999997228128,0.9999999996845743,0.9999999997590865,3.4464641702469656e-4,9.553155614503347e-14,8.302996606825507e-14,1.0871033428272673e-13
TUR.39.3_1,2036,9,albopictus,19.99663050034467,47.23282472411499,0.0028390542479251202,0.048385477605786,0.048145582116381196,0.04861874286478829,0,0,0,1,1,1,2.83865127461036e-4,0,0,0
TUR.39.3_1,2036,10,albopictus,13.167101228938384,49.70507281155025,0.0027977694752466756,6.502258078051222e-4,6.389432281571677e-4,6.613859761594115e-4,0,0,0,1,1,1,2.7071523471755565e-4,0,0,0
TUR.39.3_1,2036,11,albopictus,7.106809870723416,73.47686946103545,0.001622845065629976,0,0,0,0,0,0,1,1,1,1.6227133914481495e-4,0,0,0
TUR.39.3_1,2036,12,albopictus,5.025681239498012,85.19553356187627,0.0013348155469387565,0,0,0,0,0,0,1,1,1,1.2916735526957712e-4,0,0,0
TUR.39.3_1,2037,1,albopictus,3.687677659203901,77.7059599589161,0.0013581744442710839,0,0,0,0,0,0,1,1,1,1.314275991786129e-4,0,0,0
TUR.39.3_1,2037,2,albopictus,2.2959488827516052,72.7675239668755,0.0010159555861972845,0,0,0,0,0,0,1,1,1,1.0884646002962128e-4,0,0,0
TUR.39.3_1,2037,3,albopictus,5.403511669048491,68.06836411812485,0.0012471701968380547,0,0,0,0,0,0,1,1,1,1.2068660680208954e-4,0,0,0
TUR.39.3_1,2037,4,albopictus,9.771180489484003,64.50251822620636,0.0016491531981070674,0,0,0,0,0,0,1,1,1,1.649017220268778e-4,0,0,0
TUR.39.3_1,2037,5,albopictus,18.34684938542983,38.82718442346001,0.002305080107272837,0.025620218095632592,0.025460202238206452,0.025777989058913344,0,0,0,1,1,1,2.2304738967726667e-4,0,0,0
TUR.39.3_1,2037,6,albopictus,21.14585141574635,39.863841724329056,0.002592686888929767,0.05644538029209638,0.05616593140779969,0.056717468148228194,1.1102230246251565e-16,1.1102230246251565e-16,1.1102230246251565e-16,0.9999999999999999,0.9999999999999999,0.9999999999999999,2.592350816709166e-4,2.878087564616345e-20,2.878087564616345e-20,2.878087564616345e-20
TUR.39.3_1,2037,7,albopictus,26.733310475068933,26.677779404334643,0.0030446810523091722,0.07381217637256739,0.0732803434566805,0.07432683804066735,1.7700951815413645e-13,1.4343248810888553e-13,2.1461166177516585e-13,0.999999999999823,0.9999999999997854,0.9999999999998566,2.946031494166501e-4,5.21475615249323e-17,4.22556627255439e-17,6.322527146050478e-17
TUR.39.3_1,2037,8,albopictus,25.022753715515137,35.043403467050986,0.00361536682861595,0.08528810521879343,0.08484040641927193,0.08574076135121357,1.0612046907887418e-11,9.117565036298459e-12,1.2286394124316757e-11,0.9999999999893879,0.9999999999877136,0.9999999999908824,3.4981301037728674e-4,3.712232075113075e-15,3.189442872658259e-15,4.297940515309052e-15
TUR.39.3_1,2037,9,albopictus,22.259840796975528,36.64784471312866,0.002881621947446614,0.06550746590390227,0.06516441071291372,0.06582482835063866,5.908606937055083e-15,5.10702591327572e-15,6.772360450213455e-15,0.9999999999999941,0.9999999999999932,0.9999999999999949,2.881206800071645e-4,1.70239184859936e-18,1.4714397789472108e-18,1.9512570981691274e-18
TUR.39.3_1,2037,10,albopictus,14.269396150813384,63.02545016140377,0.0028397181665898393,0.003231836633195674,0.0031970441568497155,0.0032659907182351336,0,0,0,1,1,1,2.747736782726662e-4,0,0,0
TUR.39.3_1,2037,11,albopictus,7.423191802028348,81.2630404205081,0.0016471773872734116,0,0,0,0,0,0,1,1,1,1.6470417350544775e-4,0,0,0
TUR.39.3_1,2037,12,albopictus,1.6106112719896961,76.77394084947393,0.0013548292635347794,0,0,0,0,0,0,1,1,1,1.31103914504882e-4,0,0,0
TUR.39.3_1,2038,1,albopictus,1.885924600174322,83.90821520793953,0.0014007005171420641,0,0,0,0,0,0,1,1,1,1.3554247623770443e-4,0,0,0
TUR.39.3_1,2038,2,albopictus,5.4344089228440735,71.28118058308644,0.0010477663756540785,0,0,0,0,0,0,1,1,1,1.1225438211104333e-4,0,0,0
TUR.39.3_1,2038,3,albopictus,6.338613654979888,65.13975236275375,0.0012862205934177917,0,0,0,0,0,0,1,1,1,1.244652142158298e-4,0,0,0
TUR.39.3_1,2038,4,albopictus,9.988282540265253,62.168854285776675,0.0017007901651947162,0,0,0,0,0,0,1,1,1,1.7006455390344843e-4,0,0,0
TUR.39.3_1,2038,5,albopictus,17.010635319878073,42.04680798913384,0.0023772549335838574,0.015426101963962194,0.015322495305045031,0.015533310644661139,0,0,0,1,1,1,2.3003046799041638e-4,0,0,0
TUR.39.3_1,2038,6,albopictus,20.3702719632317,45.19422883980757,0.0026738670289591553,0.05157753224139606,0.051327300798914746,0.05183565939926722,0,0,0,1,1,1,2.673509582574729e-4,0,0,0
TUR.39.3_1,2038,7,albopictus,24.908326878267175,41.32652589481316,0.0031400136723901536,0.09587666286832777,0.09536729036252098,0.09638726580223915,2.867267547834729e-10,2.4623596217576704e-10,3.31958227572926e-10,0.9999999997132732,0.9999999996680418,0.9999999997537641,3.038261263680342e-4,8.711507923193978e-14,7.481291856036909e-14,1.0085758239948048e-13
TUR.39.3_1,2038,8,albopictus,23.435681343078613,43.59135230433126,0.003728568305685092,0.08710784734265098,0.08672635140146778,0.08751999102845932,1.92460096748448e-11,1.696717211174814e-11,2.1942489492055017e-11,0.999999999980754,0.9999999999780576,0.9999999999830329,3.6076409984941993e-4,6.943269356038611e-15,6.121146573884999e-15,7.916062470056583e-15
TUR.39.3_1,2038,9,albopictus,22.328402350930606,41.3134903124939,0.002971848991137971,0.07172254215012526,0.07139289230968618,0.07206323630590503,7.803591106636531e-14,6.827594045688557e-14,8.904266213249911e-14,0.999999999999922,0.999999999999911,0.9999999999999317,2.97140744055846e-4,2.3187648677335617e-17,2.0287563748471616e-17,2.645820287876409e-17
TUR.39.3_1,2038,10,albopictus,14.24125989745645,54.70421450466549,0.0029286331525806546,0.0027661931241087664,0.0027354277580252146,0.002799536857577108,0,0,0,1,1,1,2.833759529878854e-4,0,0,0
TUR.39.3_1,2038,11,albopictus,8.922069804195097,70.96349513242217,0.0016987524893511232,0,0,0,0,0,0,1,1,1,1.6986082095205024e-4,0,0,0
TUR.39.3_1,2038,12,albopictus,3.917420846355312,82.20491771714971,0.0013972505947797051,0,0,0,0,0,0,1,1,1,1.3520865798022363e-4,0,0,0
TUR.39.3_1,2039,1,albopictus,3.6193755046628855,73.82128588665047,0.0014497379759954437,0,0,0,0,0,0,1,1,1,1.402873822882178e-4,0,0,0
TUR.39.3_1,2039,2,albopictus,1.802643736057422,82.82926102742238,0.0010844478788771404,0,0,0,0,0,0,1,1,1,1.1618409427072152e-4,0,0,0
TUR.39.3_1,2039,3,albopictus,3.634612228283111,73.29996201851547,0.0013312501972868518,0,0,0,0,0,0,1,1,1,1.2882236593991792e-4,0,0,0
TUR.39.3_1,2039,4,albopictus,10.077444413129022,58.0889401927591,0.0017603335341899245,0,0,0,0,0,0,1,1,1,1.760178604572893e-4,0,0,0
TUR.39.3_1,2039,5,albopictus,19.224221173454733,34.28055737878228,0.00246048081917678,0.03195015880251499,0.03175429538656692,0.032141689868802795,0,0,0,1,1,1,2.3808270083158778e-4,0,0,0
TUR.39.3_1,2039,6,albopictus,22.694013876073498,36.478667926721634,0.00276747707822188,0.06968170200554952,0.06932265177688897,0.07003496156268806,3.4331759657391104e-14,2.95291568974676e-14,3.9526715234217133e-14,0.9999999999999657,0.9999999999999605,0.9999999999999705,2.767094167076545e-4,9.499921189344076e-18,8.170995780967072e-18,1.0937414316829784e-17
TUR.39.3_1,2039,7,albopictus,25.8717420241412,33.286856857947924,0.00324994316079575,0.08509686400377368,0.08460359265968212,0.0856093806880052,9.964674196893952e-12,8.424966280173863e-12,1.1765471930047509e-11,0.9999999999900353,0.9999999999882345,0.999999999991575,3.1446117518107997e-4,3.1335031582518566e-15,2.6493247973244443e-15,3.699784129682749e-15
TUR.39.3_1,2039,8,albopictus,26.790268898010254,41.96142753016134,0.0038591026437783675,0.10392363483766699,0.10334899400516487,0.10450308836255079,2.7399607596123585e-9,2.339849294874519e-9,3.1903188174586815e-9,0.9999999972600392,0.9999999968096811,0.9999999976601507,3.733918180893747e-4,1.023078929525203e-12,8.736805822683379e-13,1.1912389435356411e-12
TUR.39.3_1,2039,9,albopictus,21.200249503640567,44.70735017577515,0.0030758911620645097,0.061719242678608455,0.06142090485380343,0.06200138654571114,1.0802470029602774e-15,8.881784197001252e-16,1.2212453270876722e-15,0.9999999999999989,0.9999999999999988,0.9999999999999991,3.0754181552405946e-4,3.322211245048277e-19,2.7315200370386657e-19,3.7558400509281654e-19
TUR.39.3_1,2039,10,albopictus,13.912242258296294,68.07197420925533,0.003031162369896387,0.002403126267454658,0.0023775741651777,0.0024315486585310265,0,0,0,1,1,1,2.9329527439014846e-4,0,0,0
TUR.39.3_1,2039,11,albopictus,8.320870654109648,77.65382563779326,0.0017582245208661819,0,0,0,0,0,0,1,1,1,1.7580699622510298e-4,0,0,0
TUR.39.3_1,2039,12,albopictus,2.423661571872585,77.8643873216419,0.0014461672744773544,0,0,0,0,0,0,1,1,1,1.399418789452822e-4,0,0,0
TUR.39.3_1,2040,1,albopictus,2.682937421014204,75.41186205852547,0.0013250677553930973,0,0,0,0,0,0,1,1,1,1.2822414200708288e-4,0,0,0
TUR.39.3_1,2040,2,albopictus,-2.0931818288038757,71.32595749959034,0.0010265904517730436,0,0,0,0,0,0,1,1,1,1.0619337333694912e-4,0,0,0
TUR.39.3_1,2040,3,albopictus,6.557428504833403,70.37878892281235,0.0012167693334888888,0,0,0,0,0,0,1,1,1,1.1774493850336132e-4,0,0,0
TUR.39.3_1,2040,4,albopictus,9.93808303159826,59.332359839975894,0.0016089536478415133,0,0,0,0,0,0,1,1,1,1.608824218191085e-4,0,0,0
TUR.39.3_1,2040,5,albopictus,13.662033024956198,61.17335675622368,0.002248891765434854,0.0016041985931171258,0.0015831072483179567,0.001625441188026822,0,0,0,1,1,1,2.1761100626704888e-4,0,0,0
TUR.39.3_1,2040,6,albopictus,21.35187177097096,42.55951662056929,0.002529487880472574,0.061491835761233335,0.06121046229622214,0.061809393663616825,9.71667191151937e-16,8.881784197001252e-16,1.1102230246251565e-15,0.999999999999999,0.9999999999999989,0.9999999999999991,2.5291679919980936e-4,2.457509558736172e-19,2.246352430289006e-19,2.807940537861257e-19
TUR.39.3_1,2040,7,albopictus,25.294936909395105,27.45197984378777,0.002970464291158437,0.07392815538197212,0.07342293109573073,0.07438049485254515,1.8496382203636586e-13,1.5154544286133387e-13,2.1904977831610493e-13,0.999999999999815,0.999999999999781,0.9999999999998485,2.8742297234207737e-4,5.31628515054433e-17,4.355764163210103e-17,6.295993837448801e-17
TUR.39.3_1,2040,8,albopictus,24.3827543258667,44.9526651705422,0.0035272391029915607,0.09863676916014036,0.09819158622069883,0.0990866245873792,6.353769329559e-10,5.585187978773831e-10,7.20252757435702e-10,0.999999999364623,0.9999999992797473,0.9999999994414812,3.4128746782235986e-4,2.1684618456125642e-13,1.906154662587605e-13,2.458132397773031e-13
TUR.39.3_1,2040,9,albopictus,21.62672502854291,44.8145889453064,0.002811379894461077,0.06728547163956339,0.06698923773192436,0.06759848407832113,1.2666534487948411e-14,1.1102230246251565e-14,1.4432899320127035e-14,0.9999999999999873,0.9999999999999856,0.9999999999999889,2.810984738647049e-4,3.560543513716949e-18,3.1208199787158817e-18,4.057065972330646e-18
TUR.39.3_1,2040,10,albopictus,15.713732088313384,44.310923031276815,0.0027704975548790136,0.007748956199775513,0.007679917350748571,0.007812034432342889,0,0,0,1,1,1,2.680767276121987e-4,0,0,0
TUR.39.3_1,2040,11,albopictus,7.806973235133817,57.158067581152636,0.001607025999123429,0,0,0,0,0,0,1,1,1,1.6068968794125116e-4,0,0,0
TUR.39.3_1,2040,12,albopictus,3.51896260393893,79.35289745347784,0.0013218041163603235,0,0,0,0,0,0,1,1,1,1.279083464195141e-4,0,0,0
TUR.39.3_1,2041,1,albopictus,1.9876613878809355,80.58233324993172,0.0013941769254745505,0,0,0,0,0,0,1,1,1,1.349112462858404e-4,0,0,0
TUR.39.3_1,2041,2,albopictus,0.8325485337306472,73.99110337361378,0.0010428865316659687,0,0,0,0,0,0,1,1,1,1.117316002382518e-4,0,0,0
TUR.39.3_1,2041,3,albopictus,4.421368266948882,65.9618577704686,0.0012802301780198415,0,0,0,0,0,0,1,1,1,1.2388556858333732e-4,0,0,0
TUR.39.3_1,2041,4,albopictus,10.500497200909784,59.2644773021341,0.0016928689426249613,1.9185261230010138e-19,3.7069748220734743e-22,5.266915006694027e-19,0,0,0,1,1,1,1.692725660447092e-4,0,0,0
TUR.39.3_1,2041,5,albopictus,17.24287790410659,43.96596310998345,0.0023661831589350374,0.017668076331099066,0.01755109134701333,0.01778091955134096,0,0,0,1,1,1,2.2895925182264687e-4,0,0,0
TUR.39.3_1,2041,6,albopictus,25.044590276830334,20.681964588098587,0.0026614138196851644,0.0635346762605945,0.06309688718782164,0.06396981346195063,2.475131211099324e-15,1.9984014443252818e-15,2.9976021664879227e-15,0.9999999999999976,0.999999999999997,0.999999999999998,2.661059694926138e-4,6.586471905510129e-19,5.3178655377761875e-19,7.976798306664281e-19
TUR.39.3_1,2041,7,albopictus,27.265666737275964,26.12037583988152,0.003125389442029421,0.07182451626319711,0.0712844052708512,0.07233822419009434,8.150902175430019e-14,6.538936059286016e-14,9.925671395905056e-14,0.9999999999999185,0.9999999999999007,0.9999999999999346,3.024113072568335e-4,2.4649249821943604e-17,1.9774482017575314e-17,3.001635262237407e-17
TUR.39.3_1,2041,8,albopictus,27.546992301940918,32.88382705103536,0.0037112029539678303,0.08346477002967459,0.08288390637971348,0.08401900683536752,5.769892341689342e-12,4.7135989555968654e-12,6.925202078456038e-12,0.9999999999942301,0.9999999999930748,0.9999999999952863,3.5908418680030696e-4,2.0718770994408362e-15,1.6925788478732765e-15,2.486730556770182e-15
TUR.39.3_1,2041,9,albopictus,20.8871410594267,48.09769670287476,0.0029580079672513995,0.06088434164367344,0.0605903933672772,0.061167027154798215,7.330802631599908e-16,6.661338147750939e-16,8.881784197001252e-16,0.9999999999999992,0.9999999999999991,0.9999999999999993,0.00029575705198281454,2.1681365749898478e-19,1.97013773283948e-19,2.62685031045264e-19
TUR.39.3_1,2041,10,albopictus,15.337055528865141,63.783796719020955,0.0029149934011865734,0.007934477465632698,0.007869348858975406,0.007998222734336426,0,0,0,1,1,1,2.8205635022504616e-4,0,0,0
TUR.39.3_1,2041,11,albopictus,7.992756621364285,77.2580584258792,0.0016908407570078595,0,0,0,0,0,0,1,1,1,1.690697817940956e-4,0,0,0
TUR.39.3_1,2041,12,albopictus,1.2854587109211613,79.1761320115833,0.0013907430707044437,0,0,0,0,0,0,1,1,1,1.3457898253654843e-4,0,0,0
TUR.39.3_1,2042,1,albopictus,2.610944785287275,77.950199766045,0.0015439595789207478,0,0,0,0,0,0,1,1,1,1.4940428118992433e-4,0,0,0
TUR.39.3_1,2042,2,albopictus,3.388980885200641,76.23998948201222,0.0011549284892554336,0,0,0,0,0,0,1,1,1,1.2373468236714924e-4,0,0,0
TUR.39.3_1,2042,3,albopictus,6.024629260906401,66.32478806832016,0.0014177710235050293,0,0,0,0,0,0,1,1,1,1.3719423544600318e-4,0,0,0
TUR.39.3_1,2042,4,albopictus,12.669315674725702,49.788963843882144,0.0018747414134211028,2.570938503298926e-4,2.5146728552748063e-4,2.6254696546062193e-4,0,0,0,1,1,1,1.8745656916341336e-4,0,0,0
TUR.39.3_1,2042,5,albopictus,17.015388432671042,46.07209561730767,0.0026203927829857006,0.0163825908480857,0.01627208573739536,0.016495124220058298,0,0,0,1,1,1,2.535542480404107e-4,0,0,0
TUR.39.3_1,2042,6,albopictus,21.58172444736256,45.930396747522416,0.0029473413921094,0.06792388132655117,0.06759690809243535,0.06822653567836053,1.6576073846863437e-14,1.4432899320127035e-14,1.8762769116165146e-14,0.9999999999999835,0.9999999999999812,0.9999999999999856,2.946907093713813e-4,4.8848149605245876e-18,4.253241338933963e-18,5.529213740614152e-18
TUR.39.3_1,2042,7,albopictus,27.686536564546472,25.704583374671557,0.0034611639876600295,0.06972393330671527,0.06921034515188715,0.07026871032277329,3.504962986511373e-14,2.8199664825478976e-14,4.3520742565306136e-14,0.9999999999999649,0.9999999999999565,0.9999999999999718,3.348952637025615e-4,1.1737955036354438e-17,9.44393418805263e-18,1.4574890557939492e-17
TUR.39.3_1,2042,8,albopictus,26.04898738861084,39.953267892710166,0.0041099140614074105,0.09843438110375453,0.09789180549714765,0.0989549388550352,6.002833349283421e-10,5.126306518166146e-10,6.939081365064936e-10,0.9999999993997166,0.9999999993060918,0.9999999994873693,3.976545333154169e-4,2.3870538940795197e-13,2.0384990261131385e-13,2.7593571618626026e-13
TUR.39.3_1,2042,9,albopictus,23.634369681863223,39.96391145507202,0.003275799973527144,0.08345708667849684,0.08303400551045967,0.0838844363547977,5.743055475626591e-12,4.961195343433644e-12,6.618389170043315e-12,0.9999999999942569,0.9999999999933816,0.9999999999950387,3.275263488835556e-4,1.881001991367689e-15,1.6249221969329192e-15,2.167696840354753e-15
TUR.39.3_1,2042,10,albopictus,17.905624712214752,50.81939928860103,0.0032281641605285158,0.025800864838840473,0.025653239385180774,0.025955238263510573,0,0,0,1,1,1,3.123541905460936e-4,0,0,0
TUR.39.3_1,2042,11,albopictus,8.488938109401396,67.77555262753935,0.0018724953307653542,0,0,0,0,0,0,1,1,1,1.8723200297687814e-4,0,0,0
TUR.39.3_1,2042,12,albopictus,5.163740378749721,79.81227855699346,0.0015401568097972202,0,0,0,0,0,0,1,1,1,1.490363261893446e-4,0,0,0
TUR.39.3_1,2043,1,albopictus,3.739140190293684,73.59301440227547,0.0014720630301793406,0,0,0,0,0,0,1,1,1,1.424475659799196e-4,0,0,0
TUR.39.3_1,2043,2,albopictus,3.2094609934617493,73.41441269978566,0.0011011476950207582,0,0,0,0,0,0,1,1,1,1.1797315080130932e-4,0,0,0
TUR.39.3_1,2043,3,albopictus,5.810007717022124,79.08107468941391,0.001351750614106205,0,0,0,0,0,0,1,1,1,1.3080601970516526e-4,0,0,0
TUR.39.3_1,2043,4,albopictus,9.683740952435663,66.33489279896027,0.0017874415648708039,0,0,0,0,0,0,1,1,1,1.7872818270214808e-4,0,0,0
TUR.39.3_1,2043,5,albopictus,13.58126157872817,49.20653699304009,0.002498370678252068,0.0011814058060987387,0.0011642442691181024,0.0011980345733001259,0,0,0,1,1,1,2.4174858167413937e-4,0,0,0
TUR.39.3_1,2043,6,albopictus,22.4836752835442,31.134048175745072,0.002810094486848134,0.061540464599602634,0.06120140680506794,0.06187774093354189,9.938716516444401e-16,8.881784197001252e-16,1.1102230246251565e-15,0.999999999999999,0.9999999999999989,0.9999999999999991,2.809699692277734e-4,2.7924808737889465e-19,2.495514632519166e-19,3.1193932906489574e-19
TUR.39.3_1,2043,7,albopictus,27.736995472627527,20.136445252112964,0.0032999902440347274,0.06046366120980996,0.05988686028438599,0.0609635254535777,6.041833700010102e-16,4.440892098500626e-16,7.771561172376096e-16,0.9999999999999994,0.9999999999999992,0.9999999999999996,3.193029065569064e-4,1.9291750613466937e-19,1.4179897547568494e-19,2.4814820708244865e-19
TUR.39.3_1,2043,8,albopictus,27.2175931930542,35.343458017221884,0.003918530400414469,0.0892576690886611,0.0887126796546126,0.08980959450233572,3.835397299756238e-11,3.214627453118623e-11,4.545726850491149e-11,0.999999999961646,0.9999999999545427,0.9999999999678537,3.7914072737732507e-4,1.4541553220106084e-14,1.2187961908225128e-14,1.7234701845538512e-14
TUR.39.3_1,2043,9,albopictus,21.262888740090762,49.835333269036866,0.0031232579538530113,0.06786387426526658,0.0675490097375148,0.06814813812074334,1.616129452486348e-14,1.4099832412739488e-14,1.8207657603852567e-14,0.9999999999999838,0.9999999999999818,0.9999999999999859,3.1227702676139835e-4,5.046801002839633e-18,4.403053743684281e-18,5.685833180820646e-18
TUR.39.3_1,2043,10,albopictus,14.453164423213286,52.838266781276815,0.0030778403663816903,0.0033008888295808438,0.003265778549085277,0.003336119006224981,0,0,0,1,1,1,2.978111647758963e-4,0,0,0
TUR.39.3_1,2043,11,albopictus,8.246761576656034,74.68547999570342,0.001785300074066643,0,0,0,0,0,0,1,1,1,1.7851407187319257e-4,0,0,0
TUR.39.3_1,2043,12,albopictus,5.060292703044765,79.36882762925909,0.001468437342100793,0,0,0,0,0,0,1,1,1,1.420967428594766e-4,0,0,0
TUR.39.3_1,2044,1,albopictus,3.904834665467634,78.34566180217782,0.0016094496122170032,0,0,0,0,0,0,1,1,1,1.5574105938098715e-4,0,0,0
TUR.39.3_1,2044,2,albopictus,3.967767735176227,74.62081071003956,0.0012469140523471906,0,0,0,0,0,0,1,1,1,1.2898278986817058e-4,0,0,0
TUR.39.3_1,2044,3,albopictus,9.483875896343413,60.37756821968735,0.0014779085250325717,0,0,0,0,0,0,1,1,1,1.4301317828857574e-4,0,0,0
TUR.39.3_1,2044,4,albopictus,11.051028588238886,60.163353492319644,0.001954262198332221,7.562878708249912e-8,6.72184629857284e-8,8.378056913273395e-8,0,0,0,1,1,1,1.9540712537335914e-4,0,0,0
TUR.39.3_1,2044,5,albopictus,15.613973561455222,59.74992535973931,0.002731541813666257,0.00905909886515993,0.008989169562415359,0.009125658720289353,0,0,0,1,1,1,2.6430782069331027e-4,0,0,0
TUR.39.3_1,2044,6,albopictus,20.567459386937756,49.762122821741166,0.0030723585807326936,0.05803498941642485,0.05776252658367188,0.05830528608371951,2.162714451969805e-16,1.1102230246251565e-16,2.220446049250313e-16,0.9999999999999998,0.9999999999999998,0.9999999999999999,3.071886659702372e-4,6.64361367375157e-20,3.4104792986404364e-20,6.820958597280873e-20
TUR.39.3_1,2044,7,albopictus,26.400224461274988,36.819884506873706,0.0036079759559850696,0.0926681248876672,0.09212318627567656,0.09321651387781087,1.1022661006165891e-10,9.30524685083256e-11,1.2968723039907813e-10,0.9999999998897734,0.9999999998703129,0.9999999999069475,3.490980145853806e-4,3.847989072700206e-14,3.2484432008525114e-14,4.5273554649394996e-14
TUR.39.3_1,2044,8,albopictus,25.225455284118652,44.51010688196798,0.0042842440195235846,0.10417461843753907,0.10368398175031153,0.104659803224223,2.928484362008099e-9,2.561161649428101e-9,3.3265471904853072e-9,0.9999999970715157,0.9999999966734527,0.9999999974388384,4.1451832348471385e-4,1.213910428090799e-12,1.0616484330942809e-12,1.3789147643927546e-12
TUR.39.3_1,2044,9,albopictus,20.40695841172162,59.40636674682007,0.0034147493684900136,0.06460259288176176,0.06433660357517235,0.0648530213239671,3.969158335337397e-15,3.552713678800501e-15,4.440892098500626e-15,0.999999999999996,0.9999999999999956,0.9999999999999964,3.4141664091846824e-4,1.3551367061244333e-18,1.212955570361161e-18,1.5161944629514512e-18
TUR.39.3_1,2044,10,albopictus,15.354820574031157,64.5825866970483,0.0033650929903017482,0.008123154534512116,0.00806263394930829,0.008190708706146537,0,0,0,1,1,1,3.256011407911652e-4,0,0,0
TUR.39.3_1,2044,11,albopictus,10.382078902248075,74.98407923886748,0.0019519208437341756,0,0,0,0,0,0,1,1,1,1.9517303563787447e-4,0,0,0
TUR.39.3_1,2044,12,albopictus,6.638276797664516,80.47429637925909,0.0016054855412822636,0,0,0,0,0,0,1,1,1,1.5535749928485831e-4,0,0,0
TUR.39.3_1,2045,1,albopictus,4.457981862237348,81.91019885051766,0.001586332430710641,0,0,0,0,0,0,1,1,1,1.5350425869709028e-4,0,0,0
TUR.39.3_1,2045,2,albopictus,2.958744068794391,69.74204178914113,0.0011866246647067066,0,0,0,0,0,0,1,1,1,1.2713027519450915e-4,0,0,0
TUR.39.3_1,2045,3,albopictus,6.604376460918608,71.16747758248032,0.0014566807218359772,0,0,0,0,0,0,1,1,1,1.4095916643619422e-4,0,0,0
TUR.39.3_1,2045,4,albopictus,9.942674973431757,70.8062139049173,0.001926192332952815,0,0,0,0,0,0,1,1,1,1.9260068340176684e-4,0,0,0
TUR.39.3_1,2045,5,albopictus,17.4802064334645,46.51352857018853,0.0026923075640076055,0.02034805612245333,0.020220215012866097,0.020475292784205637,0,0,0,1,1,1,2.6051195415743855e-4,0,0,0
TUR.39.3_1,2045,6,albopictus,22.783157629125256,40.11708040230757,0.003028229040780466,0.07521162146891974,0.07484889975090923,0.07556921653083422,3.0100433257018723e-13,2.617461802856269e-13,3.436168016790475e-13,0.999999999999699,0.9999999999996564,0.9999999999997382,3.0277705785031195e-4,9.113720621579811e-17,7.925073837043944e-17,1.0403928424031614e-16
TUR.39.3_1,2045,7,albopictus,27.186511769014245,23.144889084510424,0.0035561531251166924,0.06708544289962824,0.06656674863128703,0.06758592095598664,1.1677214750704934e-14,9.325873406851315e-15,1.432465257522608e-14,0.9999999999999883,0.9999999999999857,0.9999999999999907,3.4408464011526085e-4,4.017950235044923e-18,3.2088897949569164e-18,4.92889292612281e-18
TUR.39.3_1,2045,8,albopictus,27.7760648727417,36.93387015711446,0.004222707674511547,0.09102251537938548,0.09044905535163698,0.0916042743248704,6.661421658726852e-11,5.551789861168999e-11,7.937225876553099e-11,0.9999999999333857,0.9999999999206278,0.9999999999444821,4.085656441082941e-4,2.721628030674677e-14,2.2682706005824084e-14,3.2428778026869366e-14
TUR.39.3_1,2045,9,albopictus,24.361090491799747,36.19499055663452,0.003365701929942757,0.08335254213042087,0.08289855853939138,0.08381613710384761,5.546073933437867e-12,4.737246706021381e-12,6.46771247669875e-12,0.9999999999944539,0.9999999999935323,0.9999999999952628,3.3651355960073737e-4,1.8663290811500396e-15,1.5941477517501227e-15,2.1764729480079975e-15
TUR.39.3_1,2045,10,albopictus,14.615066850886626,61.375837734645955,0.0033167587865763916,0.004346278252604696,0.004303686209895793,0.004390405167744311,0,0,0,1,1,1,3.209251492694021e-4,0,0,0
TUR.39.3_1,2045,11,albopictus,8.2085573835408,71.98565852353545,0.0019238846081862369,0,0,0,0,0,0,1,1,1,1.9236995534543944e-4,0,0,0
TUR.39.3_1,2045,12,albopictus,6.648716670406215,83.684356498888,0.001582425297344252,0,0,0,0,0,0,1,1,1,1.5312620698648693e-4,0,0,0
TUR.39.3_1,2046,1,albopictus,4.105010785272016,86.61351458538094,0.001432194351153605,0,0,0,0,0,0,1,1,1,1.3858984887693548e-4,0,0,0
TUR.39.3_1,2046,2,albopictus,2.416182418518207,77.83815690144581,0.0010713247165798398,0,0,0,0,0,0,1,1,1,1.1477820354000023e-4,0,0,0
TUR.39.3_1,2046,3,albopictus,4.707667734035674,74.06801316597641,0.0013151404213007545,0,0,0,0,0,0,1,1,1,1.2726355498093866e-4,0,0,0
TUR.39.3_1,2046,4,albopictus,12.994058945599726,64.91662650257355,0.0017390313184573666,6.459138176749522e-4,6.351498528581825e-4,6.565095297046963e-4,0,0,0,1,1,1,1.7388801157258715e-4,0,0,0
TUR.39.3_1,2046,5,albopictus,14.278328839470358,57.71550916100884,0.0024307059542446954,0.003006853562455958,0.002974365999000534,0.0030385081796334783,0,0,0,1,1,1,2.3520194416015716e-4,0,0,0
TUR.39.3_1,2046,6,albopictus,19.60129575168385,56.117835712366166,0.0027339871783760984,0.049500600205613816,0.04927594149958168,0.049721533481727045,0,0,0,1,1,1,2.733613478138608e-4,0,0,0
TUR.39.3_1,2046,7,albopictus,24.404645695405847,35.948817459754565,0.0032106148238725545,0.08325312202468875,0.08280837458634224,0.08368187195511947,5.359658716841409e-12,4.593569968847078e-12,6.181002931704426e-12,0.9999999999946403,0.99999999999381906,0.9999999999954063,3.106563966804865e-4,1.665012264411112e-15,1.427021894421728e-15,1.9201680986348203e-15
TUR.39.3_1,2046,8,albopictus,26.920605659484863,33.416734536997275,0.003812402722737733,0.08586073395706041,0.08532700030802153,0.08640369747115924,1.283358308512561e-11,1.0716910692210034e-11,1.5272236253416336e-11,0.9999999999871664,0.9999999999847278,0.999999999989283,3.6887414817077246e-4,4.733977028504544e-15,3.953191302611221e-15,5.633533138641742e-15
TUR.39.3_1,2046,9,albopictus,20.717125724343692,48.04766313353882,0.00303866906986917,0.0585397131815446,0.0582856517431476,0.05879475775156168,2.2293278334473143e-16,2.220446049250313e-16,2.220446049250313e-16,0.9999999999999998,0.9999999999999998,0.9999999999999998,3.038207441142804e-4,6.773160412326396e-20,6.746175709488442e-20,6.746175709488442e-20
TUR.39.3_1,2046,10,albopictus,14.038780534968657,61.032148769802205,0.0029944815514777014,0.0024740330145691207,0.002443319502498743,0.0025045732534211434,0,0,0,1,1,1,2.897465525972809e-4,0,0,0
TUR.39.3_1,2046,11,albopictus,9.729430453303983,74.22315394589873,0.00173694782680661,0,0,0,0,0,0,1,1,1,1.736796986152589e-4,0,0,0
TUR.39.3_1,2046,12,albopictus,2.5418584169272114,74.13656597154424,0.0014286668595457838,0,0,0,0,0,0,1,1,1,1.3824852597354997e-4,0,0,0
TUR.39.3_1,2047,1,albopictus,4.326914586236372,77.54374377239266,0.0014585572571922314,0,0,0,0,0,0,1,1,1,1.4114074101723162e-4,0,0,0
TUR.39.3_1,2047,2,albopictus,0.4537934560109588,76.69509049519581,0.0010910449681066686,0,0,0,0,0,0,1,1,1,1.1689084288724061e-4,0,0,0
TUR.39.3_1,2047,3,albopictus,6.403172637829009,74.47617814400375,0.0013393486744099953,0,0,0,0,0,0,1,1,1,1.2960598826428082e-4,0,0,0
TUR.39.3_1,2047,4,albopictus,8.451024392071893,71.05471091419464,0.001771042280663573,0,0,0,0,0,0,1,1,1,1.770885460383731e-4,0,0,0
TUR.39.3_1,2047,5,albopictus,16.142714444328757,59.19854138757134,0.0024754488151753134,0.012454483249887124,0.012366797908746356,0.01253704888147185,0,0,0,1,1,1,2.3953087065808898e-4,0,0,0
TUR.39.3_1,2047,6,albopictus,21.56236295139088,42.65428133004195,0.0027843126436568988,0.06415103527388927,0.063849634339632,0.06446915629292116,3.2511771053123083e-15,2.886579864025407e-15,3.774758283725532e-15,0.9999999999999968,0.9999999999999962,0.9999999999999971,2.783925059784975e-4,9.05103341727811e-19,8.036022020531037e-19,1.0508644180694433e-18
TUR.39.3_1,2047,7,albopictus,23.68166519613827,49.73255464237175,0.0032697137421581883,0.10010672944635733,0.09964702064717286,0.10050245532608401,9.613712856904044e-10,8.435204840173683e-10,1.071608130009949e-9,0.9999999990386287,0.9999999989283919,0.9999999991564795,3.163738537657057e-4,3.041527385535645e-13,2.6686782625888817e-13,3.390287938179089e-13
TUR.39.3_1,2047,8,albopictus,24.937636375427246,38.8342569674172,0.0038825789629107115,0.09148756642435779,0.09102346621120741,0.09195037559887281,7.676825553026845e-11,6.635604565818909e-11,8.826222530622374e-11,0.9999999999232317,0.9999999999117378,0.9999999999336439,3.756628690515518e-4,2.88389831245833e-14,2.492750249087108e-14,3.315684078741048e-14
TUR.39.3_1,2047,9,albopictus,23.412249396829043,33.11724321166382,0.0030946029220777866,0.07182947047572184,0.07145509782291641,0.07222713441315726,8.146028296351915e-14,7.004397062360114e-14,9.503786646547496e-14,0.9999999999999185,0.999999999999905,0.99999999999993,3.094124143104837e-4,2.5204822822157626e-17,2.1672474058541022e-17,2.9405895713999965e-17
TUR.39.3_1,2047,10,albopictus,12.39930089782266,70.54162447781002,0.0030496020284663306,2.1325922349423504e-4,2.0843701338407576e-4,2.1829976549025268e-4,0,0,0,1,1,1,2.950792325053797e-4,0,0,0
TUR.39.3_1,2047,11,albopictus,9.892825858119657,81.10704981992217,0.0017689204374479067,0,0,0,0,0,0,1,1,1,1.7687639926966536e-4,0,0,0
TUR.39.3_1,2047,12,albopictus,6.799827319515102,81.78847484605596,0.001454964833803515,0,0,0,0,0,0,1,1,1,1.407931361485648e-4,0,0,0
TUR.39.3_1,2048,1,albopictus,4.596595801522627,81.83927599895516,0.001592087212457523,0,0,0,0,0,0,1,1,1,1.5406108741589097e-4,0,0,0
TUR.39.3_1,2048,2,albopictus,4.404444475822589,80.57232590779347,0.0012334626090225727,0,0,0,0,0,0,1,1,1,1.2759143976348586e-4,0,0,0
TUR.39.3_1,2048,3,albopictus,6.901130344280425,69.89625260689438,0.001461965162516107,0,0,0,0,0,0,1,1,1,1.4147049170443182e-4,0,0,0
TUR.39.3_1,2048,4,albopictus,10.228143074933222,66.93592887073761,0.0019331800338054633,0,0,0,0,0,0,1,1,1,1.932993186594123e-4,0,0,0
TUR.39.3_1,2048,5,albopictus,15.887987080742331,56.60484860803032,0.002702074522134663,0.010322228930566574,0.010242867664522239,0.010396543343047812,0,0,0,1,1,1,2.614568969738773e-4,0,0,0
TUR.39.3_1,2048,6,albopictus,26.20736722385182,21.169131946497025,0.0030392146304789977,0.06547217339063423,0.06499034254370861,0.06594461852590384,5.833555860590422e-15,4.6629367034256575e-15,7.105427357601002e-15,0.9999999999999941,0.9999999999999929,0.9999999999999953,3.038752835984315e-4,1.7726734415242067e-18,1.416951213155007e-18,2.1591637533790584e-18
TUR.39.3_1,2048,7,albopictus,26.74288536520565,34.681334702186206,0.003569053879521853,0.08848637076018019,0.0879232606314007,0.08904094730338659,3.002708726107528e-11,2.4981919310995693e-11,3.567523776393244e-11,0.9999999999699729,0.9999999999643248,0.999999999975018,3.453326698639181e-4,1.036933421210397e-14,8.627072893991116e-15,1.2319825105048866e-14
TUR.39.3_1,2048,8,albopictus,24.541401863098145,45.967611154428916,0.004238026507170608,0.10193400328959175,0.10146598241736395,0.10245886925876704,1.5953435590354558e-9,1.3995222314377997e-9,1.837490520850693e-9,0.9999999984046565,0.9999999981625095,0.9999999986004777,4.100475050011765e-4,6.541666460021858e-13,5.738705991947488e-13,7.534584035381389e-13
TUR.39.3_1,2048,9,albopictus,22.37070352890912,42.661863725579835,0.003377911779314117,0.07387838088885706,0.07352881971448515,0.07422273601626207,1.810928074164053e-13,1.5785428519876632e-13,2.0617119123045312e-13,0.9999999999998189,0.9999999999997938,0.9999999999998422,3.377341329147132e-4,6.11612222898708e-17,5.331278013847719e-17,6.963104850221061e-17
TUR.39.3_1,2048,10,albopictus,13.680070245967192,68.27388613552486,0.00332879108356174,0.0018393514117776284,0.001818208422817254,0.001862075320751044,0,0,0,1,1,1,3.2208919073861697e-4,0,0,0
TUR.39.3_1,2048,11,albopictus,10.016826407436064,73.37154566953154,0.0019308639372423398,0,0,0,0,0,0,1,1,1,1.9306775374627883e-4,0,0,0
TUR.39.3_1,2048,12,albopictus,4.861685496700161,83.30990581529424,0.0015881659050760637,0,0,0,0,0,0,1,1,1,1.5368166444773568e-4,0,0,0
TUR.39.3_1,2049,1,albopictus,5.627327241113081,76.98677508342782,0.0014725230785092927,0,0,0,0,0,0,1,1,1,1.424920804431462e-4,0,0,0
TUR.39.3_1,2049,2,albopictus,4.953790922813556,75.71706315144581,0.0011014918250938184,0,0,0,0,0,0,1,1,1,1.1801001753009022e-4,0,0,0
TUR.39.3_1,2049,3,albopictus,5.34623446644229,78.45948502876938,0.0013521730624659438,0,0,0,0,0,0,1,1,1,1.308468964560383e-4,0,0,0
TUR.39.3_1,2049,4,albopictus,7.700377324048212,70.73477225452667,0.0017880001751272585,0,0,0,0,0,0,1,1,1,1.7878403374227414e-4,0,0,0
TUR.39.3_1,2049,5,albopictus,15.365930501152487,69.41896985436821,0.002499151467684699,0.008755189504161506,0.008689141134281389,0.008823926340512333,0,0,0,1,1,1,2.4182412367235173e-4,0,0,0
TUR.39.3_1,2049,6,albopictus,20.53402928745045,52.653045368127884,0.002810972696034275,0.060183219338965574,0.05993089390494044,0.06044750145377603,5.309086503757499e-16,4.440892098500626e-16,5.551115123125783e-16,0.9999999999999994,0.9999999999999994,0.9999999999999996,2.8105776546749617e-4,1.4921599894197243e-19,1.2481472098868459e-19,1.5601840123585573e-19
TUR.39.3_1,2049,7,albopictus,28.340699925142175,19.432311264686206,0.0033010215551739263,0.056504176865632444,0.055974821849807926,0.057044838002843816,1.1080025785759062e-16,1.1102230246251565e-16,1.1102230246251565e-16,0.9999999999999999,0.9999999999999999,0.9999999999999999,3.194026789878901e-4,3.538989919226346e-20,3.546082083393133e-20,3.546082083393133e-20
TUR.39.3_1,2049,8,albopictus,28.158692359924316,30.93614753138204,0.003919755017383729,0.07709135100810341,0.07652400015188837,0.07765201248552861,6.083665793354953e-13,4.907019235389499e-13,7.431916193567645e-13,0.9999999999993916,0.9999999999992568,0.9999999999995093,3.792591937574752e-4,2.3072861838777303e-16,1.8610321589662433e-16,2.818622543645589e-16
TUR.39.3_1,2049,9,albopictus,19.951794456033145,58.1893448046814,0.0031242340327139176,0.05630693733068274,0.05607454058191701,0.05654941529017107,1.1102230246251565e-16,1.1102230246251565e-16,1.1102230246251565e-16,0.9999999999999999,0.9999999999999999,0.9999999999999999,3.123746041621134e-4,3.468054778489475e-20,3.468054778489475e-20,3.468054778489475e-20
TUR.39.3_1,2049,10,albopictus,13.999087656245512,58.51758425564205,0.0030788022513630964,0.002277928239380598,0.0022518207429375677,0.002302820138742756,0,0,0,1,1,1,2.9790422269304617e-4,0,0,0
TUR.39.3_1,2049,11,albopictus,7.099762694362332,73.43560969541045,0.0017858580150655673,0,0,0,0,0,0,1,1,1,1.7856985601150122e-4,0,0,0
TUR.39.3_1,2049,12,albopictus,4.415021163356655,80.5128477098255,0.0014688962573326974,0,0,0,0,0,0,1,1,1,1.4214114769928177e-4,0,0,0
TUR.39.3_1,2050,1,albopictus,6.2194731609128855,80.22311083782235,0.001499689027229699,0,0,0,0,0,0,1,1,1,1.4512066516092492e-4,0,0,0
TUR.39.3_1,2050,2,albopictus,4.692750712089679,76.98828812703175,0.0011218127768487735,0,0,0,0,0,0,1,1,1,1.201870030543839e-4,0,0,0
TUR.39.3_1,2050,3,albopictus,4.534890319713774,72.94097611763657,0.001377118725194199,0,0,0,0,0,0,1,1,1,1.3326067405849962e-4,0,0,0
TUR.39.3_1,2050,4,albopictus,11.574480393353632,64.88191275745636,0.0018209862259256997,8.934786944859996e-6,8.550772331294606e-6,9.321078631560289e-6,0,0,0,1,1,1,1.820820436447823e-4,0,0,0
TUR.39.3_1,2050,5,albopictus,14.395052853752585,68.31025861169243,0.0025452572446375337,0.003942942525984517,0.003904945755463215,0.003980859101314054,0,0,0,1,1,1,2.462848841203735e-4,0,0,0
TUR.39.3_1,2050,6,albopictus,19.372059148900647,63.63654298775679,0.0028628311295144726,0.05154274592873289,0.05131788310740126,0.051757602539822103,0,0,0,1,1,1,2.8624213785133357e-4,0,0,0
TUR.39.3_1,2050,7,albopictus,25.05703140707577,39.17704698245964,0.0033619206905433994,0.09277394702280406,0.09227858450589023,0.09324884074561504,1.1374411446052335e-10,9.757285257538939e-11,1.3095812489982706e-10,0.9999999998862559,0.9999999998690419,0.9999999999024272,3.252942439517792e-4,3.700030571740058e-14,3.17398873087297e-14,4.259992422863191e-14
TUR.39.3_1,2050,8,albopictus,27.040385246276855,33.964883645883994,0.00399206890186736,0.08679353467242201,0.0862205339682589,0.0873629739378549,1.741251587361603e-11,1.438383856466885e-11,2.085817352170949e-11,0.9999999999825875,0.9999999999791419,0.9999999999856162,3.862546330326566e-4,6.725664928938868e-15,5.555824286397141e-15,8.056566159359375e-15
TUR.39.3_1,2050,9,albopictus,22.199320624856387,32.69093934813843,0.0031818716906643623,0.060591354863062954,0.06025977453282875,0.06089193479740595,6.38822328369315e-16,5.551115123125783e-16,7.771561172376096e-16,0.9999999999999993,0.9999999999999992,0.9999999999999994,3.181365528978075e-4,2.0323273346156516e-19,1.7660126300101248e-19,2.4724176820141748e-19
TUR.39.3_1,2050,10,albopictus,14.698723161921782,52.23909991115963,0.0031356017578030725,0.004079714250617453,0.004036343535380624,0.004122790768069646,0,0,0,1,1,1,3.033992965222332e-4,0,0,0
TUR.39.3_1,2050,11,albopictus,9.005884425166776,79.5554217071292,0.0018188045460688785,0,0,0,0,0,0,1,1,1,1.818639153597923e-4,0,0,0
TUR.39.3_1,2050,12,albopictus,1.489456959945314,68.90836315172002,0.0014959952963798093,0,0,0,0,0,0,1,1,1,1.4476325914736243e-4,0,0,0
TUR.39.3_1,2051,1,albopictus,3.6216462032102488,73.46030108440438,0.0014651975749354056,0,0,0,0,0,0,1,1,1,1.417832615066006e-4,0,0,0
TUR.39.3_1,2051,2,albopictus,0.3898409206201049,76.29957505330128,0.0010960121267318064,0,0,0,0,0,0,1,1,1,1.1742297610384256e-4,0,0,0
TUR.39.3_1,2051,3,albopictus,8.488965179332915,68.09939286568344,0.0013454462758055704,0,0,0,0,0,0,1,1,1,1.3019600206853887e-4,0,0,0
TUR.39.3_1,2051,4,albopictus,12.929926255170038,54.167538215220034,0.0017791052370008792,4.7100657711408704e-4,4.62677239674393e-4,4.8013629325347547e-4,0,0,0,1,1,1,1.7789469856133167e-4,0,0,0
TUR.39.3_1,2051,5,albopictus,13.987526837517233,68.40913556481743,0.0024867186961543926,0.002623159660003835,0.0025936664649213567,0.002652193968981386,0,0,0,1,1,1,2.4062124246615468e-4,0,0,0
TUR.39.3_1,2051,6,albopictus,23.64748601352467,25.174815845422806,0.0027969886771544183,0.06339037931690941,0.06300714432524887,0.06377907960854275,2.3172574969976267e-15,1.887379141862766e-15,2.7755575615628914e-15,0.9999999999999977,0.9999999999999972,0.9999999999999981,2.7965975563370993e-4,6.480436653507386e-19,5.278239896015023e-19,7.76211749413974e-19
TUR.39.3_1,2051,7,albopictus,27.96770264120663,24.27862092655144,0.0032845996426397023,0.06608322574152696,0.06554847453032904,0.0666558649394036,7.616574038138424e-15,5.995204332975845e-15,9.658940314238862e-15,0.9999999999999923,0.9999999999999903,0.999999999999994,3.1781396798380435e-4,2.4206536175032005e-18,1.9053596779367504e-18,3.0697461477869867e-18
TUR.39.3_1,2051,8,albopictus,27.22667407989502,30.946458658091025,0.0039002550314020655,0.08057642695203324,0.08004095846233569,0.08111825412753011,2.1292673180184352e-12,1.7546547548263902e-12,2.5624280475256e-12,0.9999999999978707,0.9999999999974376,0.9999999999982453,3.773728122582476e-4,8.035275958501933e-16,6.621589993711408e-16,9.669906785041462e-16
TUR.39.3_1,2051,9,albopictus,22.71213991501752,41.91294709960327,0.0031086916022377343,0.0768147172254585,0.07641995238325415,0.07717498851119853,5.477284181765185e-13,4.721473212399018e-13,6.240813421598545e-13,0.9999999999994523,0.9999999999993759,0.9999999999995278,3.108208454130068e-4,1.702454099943544e-16,1.4675322954727283e-16,1.9397749037660997e-16
TUR.39.3_1,2051,10,albopictus,12.524826372371,60.89650576443111,0.003063485834782051,2.3490958839279575e-4,2.3007733040098928e-4,2.4010685563850717e-4,0,0,0,1,1,1,2.964224292958395e-4,0,0,0
TUR.39.3_1,2051,11,albopictus,8.121692435268095,77.58682429501982,0.001776973733750899,0,0,0,0,0,0,1,1,1,1.776815861319614e-4,0,0,0
TUR.39.3_1,2051,12,albopictus,2.172442656886928,78.30083446519659,0.0014615887964583637,0,0,0,0,0,0,1,1,1,1.414340743347564e-4,0,0,0
TUR.39.3_1,2052,1,albopictus,0.9998546020292185,72.46698443401375,0.0014743190004623216,0,0,0,0,0,0,1,1,1,1.4266585456179648e-4,0,0,0
TUR.39.3_1,2052,2,albopictus,3.160998125724933,80.14173050984425,0.0011422222015305113,0,0,0,0,0,0,1,1,1,1.1815393667347074e-4,0,0,0
TUR.39.3_1,2052,3,albopictus,4.729532386669341,72.03044602730454,0.001353822202858117,0,0,0,0,0,0,1,1,1,1.3100646979236075e-4,0,0,0
TUR.39.3_1,2052,4,albopictus,11.391057351056268,59.0115361705423,0.0017901808599758663,2.2608083578626914e-6,2.129997335242883e-6,2.3999629511614134e-6,0,0,0,1,1,1,1.7900206321619372e-4,0,0,0
TUR.39.3_1,2052,5,albopictus,17.38897985570571,56.7213952388897,0.0025021994884935157,0.022582419245789333,0.022451147487328058,0.022714870273126134,0,0,0,1,1,1,2.421190220537328e-4,0,0,0
TUR.39.3_1,2052,6,albopictus,20.990257543676037,45.647166919641556,0.002814401020960281,0.059918825254153645,0.05961533777083554,0.06021050382003394,4.578559753554145e-16,4.440892098500626e-16,5.551115123125783e-16,0.9999999999999996,0.9999999999999994,0.9999999999999996,2.814005015456811e-4,1.2884090110070065e-19,1.2496692638283284e-19,1.5620865797854104e-19
TUR.39.3_1,2052,7,albopictus,27.651777043062097,25.043193070106128,0.003305047554606383,0.06869844557343499,0.06816753903820795,0.06923176782821078,2.2990609416240203e-14,1.8318679906315083e-14,2.842448498796557e-14,0.999999999999977,0.9999999999999716,0.9999999999999817,3.197921673169235e-4,7.352216813156325e-18,5.8581703496254776e-18,9.089927659168865e-18
TUR.39.3_1,2052,8,albopictus,27.049185752868652,37.708734353891806,0.003924535637931517,0.09446668176558294,0.09390364706563165,0.09501050947302256,1.8927240252875066e-10,1.5943798781226094e-10,2.2162754964583087e-10,0.9999999998107276,0.9999999997783725,0.999999999840562,3.797216588878882e-4,7.187083066991333e-14,6.054205722181863e-14,8.41567808067727e-14
TUR.39.3_1,2052,9,albopictus,20.903754066018497,39.802454393304444,0.0031280444181453165,0.05358589927386985,0.05330659661150669,0.053847185360535,0,0,0,1,1,1,3.1275552360587877e-4,0,0,0
TUR.39.3_1,2052,10,albopictus,18.20962556670694,29.60714953274166,0.0030825572271817817,0.021226402836725815,0.021074167416030902,0.021370368579927582,0,0,0,1,1,1,2.9826749912975625e-4,0,0,0
TUR.39.3_1,2052,11,albopictus,9.855397002223661,76.40332972714873,0.0017880360872880386,0,0,0,0,0,0,1,1,1,1.7878762431622341e-4,0,0,0
TUR.39.3_1,2052,12,albopictus,4.070503932369106,78.31622295396612,0.001470687755933817,0,0,0,0,0,0,1,1,1,1.423144938734744e-4,0,0,0
TUR.39.3_1,2053,1,albopictus,5.312126673867597,81.97218768108407,0.0016523938316758897,0,0,0,0,0,0,1,1,1,1.598962957092276e-4,0,0,0
TUR.39.3_1,2053,2,albopictus,5.60231759136214,70.86478348835988,0.0012360405918181044,0,0,0,0,0,0,1,1,1,1.3242415169978372e-4,0,0,0
TUR.39.3_1,2053,3,albopictus,5.676603462108794,72.06689927437485,0.0015173428928794358,0,0,0,0,0,0,1,1,1,1.468288543833296e-4,0,0,0
TUR.39.3_1,2053,4,albopictus,11.280778267804315,60.22094779163605,0.002006406896798288,9.695524926603524e-7,9.033705350663756e-7,1.0344253828506883e-6,0,0,0,1,1,1,2.0062056268277395e-4,0,0,0
TUR.39.3_1,2053,5,albopictus,15.297648373772116,54.737973913206105,0.0028044263141916398,0.006782848369634532,0.006726745655403769,0.0068362490511034305,0,0,0,1,1,1,2.713592703330603e-4,0,0,0
TUR.39.3_1,2053,6,albopictus,24.841488165013928,30.039745044641556,0.003154336941624422,0.07631442960108833,0.07585305506341553,0.07673929606425334,4.555156252195047e-13,3.821359895184173e-13,5.31466537445624e-13,0.9999999999995445,0.9999999999994685,0.9999999999996179,3.153839501851552e-4,1.436623172527881e-16,1.205195578822315e-16,1.6761601597082763e-16
TUR.39.3_1,2053,7,albopictus,26.623670353608972,34.878985611610034,0.0037042459541758036,0.08891526942956679,0.0883716719883201,0.08945711155767715,3.440753748584768e-11,2.8837274235193886e-11,4.068766434883742e-11,0.9999999999655924,0.9999999999593123,0.9999999999711627,3.5841117028567737e-4,1.2332045776950982e-14,1.0335601206484853e-14,1.458291339545765e-14
TUR.39.3_1,2053,8,albopictus,27.26712703704834,36.06820090662618,0.004398558574010572,0.09067072148062537,0.09005786428188241,0.09119660282679737,5.971297067919323e-11,4.9135145951950675e-11,7.0004177454841e-11,0.999999999940287,0.9999999999299958,0.9999999999508649,4.255763754485997e-4,2.5412429628919565e-14,2.0910757321369108e-14,2.979212410749181e-14
TUR.39.3_1,2053,9,albopictus,21.758663962869083,48.92830125609741,0.0035058635886335873,0.07375231718688995,0.07340964171878593,0.07410172738939873,1.724715925632836e-13,1.5076273562897314e-13,1.9684254226604025e-13,0.9999999999998276,0.9999999999998032,0.9999999999998492,3.5052491064702096e-4,6.045558957239439e-17,5.284609443524625e-17,6.899821453933621e-17
TUR.39.3_1,2053,10,albopictus,14.71584256957559,49.672312191433065,0.0034548822516604905,0.00398104730164733,0.003940603048144441,0.004020744043884033,0,0,0,1,1,1,3.342875571684667e-4,0,0,0
TUR.39.3_1,2053,11,albopictus,11.679019705775907,73.34185969541045,0.002004003068889537,1.9745610880358114e-5,1.9061938671250285e-5,2.0540955382241834e-5,0,0,0,1,1,1,2.003802280887701e-4,0,0,0
TUR.39.3_1,2053,12,albopictus,5.848120433223598,77.34502391832159,0.0016483239892209484,0,0,0,0,0,0,1,1,1,1.5950250288632173e-4,0,0,0
TUR.39.3_1,2054,1,albopictus,4.917211569955244,76.2362333964161,0.0015221094139205688,0,0,0,0,0,0,1,1,1,1.4729006277802714e-4,0,0,0
TUR.39.3_1,2054,2,albopictus,3.6470062929917786,75.26832505330128,0.001138583904592616,0,0,0,0,0,0,1,1,1,1.2198369201932291e-4,0,0,0
TUR.39.3_1,2054,3,albopictus,6.886836673626128,71.54798600533188,0.0013977066829490984,0,0,0,0,0,0,1,1,1,1.3525278957626785e-4,0,0,0
TUR.39.3_1,2054,4,albopictus,8.761751988354852,69.4858022227884,0.0018482100133927722,0,0,0,0,0,0,1,1,1,1.8480392299013992e-4,0,0,0
TUR.39.3_1,2054,5,albopictus,16.461691800285788,52.02798245812798,0.002583308901091889,0.013465976809929866,0.013369283077540678,0.013558797106157731,0,0,0,1,1,1,2.49966388784606e-4,0,0,0
TUR.39.3_1,2054,6,albopictus,21.868763250463147,50.23798341744429,0.0029056305231147184,0.0769068322468626,0.076573329432563,0.0772014110779113,5.663235436159652e-13,4.997058322686599e-13,6.301653643348005e-13,0.9999999999994337,0.9999999999993698,0.9999999999995004,2.905208429559991e-4,1.6452879327713876e-16,1.4517495962072016e-16,1.8307617284822052e-16
TUR.39.3_1,2054,7,albopictus,27.25553299398983,36.20938035648308,0.003412181484973066,0.0909779076304115,0.09043500021650946,0.0915358296895666,6.567287391678888e-11,5.5275420351996727e-11,7.771934207312371e-11,0.9999999999343271,0.9999999999222807,0.9999999999447245,3.301565977604781e-4,2.1682332617519864e-14,1.824954472319553e-14,2.5659553559045304e-14
TUR.39.3_1,2054,8,albopictus,24.82639789581299,50.261514505258994,0.004051750427071153,0.11319216132740323,0.11265357419480682,0.11369107309922521,2.9461218299609015e-8,2.576022060107874e-8,3.320631621062109e-8,0.9999999705387816,0.9999999667936837,0.9999999742397794,3.920280169671386e-4,1.1549622987431699e-11,1.0098728198876931e-11,1.3017806294833534e-11
TUR.39.3_1,2054,9,albopictus,19.67825968125287,50.65691224852905,0.0032294407482557266,0.04668478817425767,0.046444571035880115,0.04691876030665317,0,0,0,1,1,1,3.2289193400081295e-4,0,0,0
TUR.39.3_1,2054,10,albopictus,14.214541757808012,67.51575320095455,0.003182479078795665,0.003274334234349476,0.0032406345289671982,0.003307672517760767,0,0,0,1,1,1,3.079344247947091e-4,0,0,0
TUR.39.3_1,2054,11,albopictus,8.512112395290067,74.37486445615264,0.0018459957173701076,0,0,0,0,0,0,1,1,1,1.8458253428443872e-4,0,0,0
TUR.39.3_1,2054,12,albopictus,4.392464620006435,77.36225109117315,0.001518360461706461,0,0,0,0,0,0,1,1,1,1.469273143221983e-4,0,0,0
TUR.39.3_1,2055,1,albopictus,6.021202363183393,81.24036852825203,0.001607666302533207,0,0,0,0,0,0,1,1,1,1.5556850788711607e-4,0,0,0
TUR.39.3_1,2055,2,albopictus,3.389295836143634,65.90985032185597,0.001202583046448299,0,0,0,0,0,0,1,1,1,1.288398829772941e-4,0,0,0
TUR.39.3_1,2055,3,albopictus,6.979554798015776,62.28451249458969,0.0014762709661028303,0,0,0,0,0,0,1,1,1,1.4285472749508976e-4,0,0,0
TUR.39.3_1,2055,4,albopictus,10.392780640546015,54.03630118519074,0.001952096827837545,0,0,0,0,0,0,1,1,1,1.9519063061335107e-4,0,0,0
TUR.39.3_1,2055,5,albopictus,16.627657834221335,51.18876431847954,0.002728515198274865,0.014526867462833467,0.01442360409963133,0.014632204032260097,0,0,0,1,1,1,2.6401499980199805e-4,0,0,0
TUR.39.3_1,2055,6,albopictus,22.11776189243092,36.026309680872025,0.00306895433199603,0.06333292314637902,0.06300477637812882,0.06366434235415623,2.2557511414333932e-15,1.887379141862766e-15,2.6645352591003757e-15,0.9999999999999978,0.9999999999999973,0.9999999999999981,3.0684834561323093e-4,6.92173505863994e-19,5.791391672255093e-19,8.176082360830719e-19
TUR.39.3_1,2055,7,albopictus,30.004407658296472,21.72499200504265,0.00360397823004673,0.04818604509035787,0.04766111850230257,0.04868999627669406,0,0,0,1,1,1,3.4871127286473236e-4,0,0,0
TUR.39.3_1,2055,8,albopictus,28.424180030822754,32.032993158213095,0.004279496971967844,0.07778223788827415,0.07723513276663045,0.07836583653507878,7.837348547923284e-13,6.379452521798611e-13,9.634598674423956e-13,0.9999999999992163,0.9999999999990365,0.9999999999993621,4.1405912210656926e-4,3.24512565939631e-16,2.6414705106964727e-16,3.989293468981099e-16
TUR.39.3_1,2055,9,albopictus,22.341612647561465,47.8193382434021,0.0034109657423545075,0.08022266119275683,0.07987285087285516,0.08058621464252942,1.874759014697247e-12,1.653172043702966e-12,2.126748777087073e-12,0.9999999999981253,0.9999999999978733,0.9999999999983468,3.4103840741261937e-4,6.393648286548006e-16,5.637951609635248e-16,7.253030159045111e-16
TUR.39.3_1,2055,10,albopictus,18.107870424495026,45.31819765896236,0.003361364384652384,0.025796232588754905,0.025655911128929315,0.025940321743197377,0,0,0,1,1,1,3.252404254089347e-4,0,0,0
TUR.39.3_1,2055,11,albopictus,9.334829108241728,68.58607661435576,0.0019497580675178765,0,0,0,0,0,0,1,1,1,1.9495680020442663e-4,0,0,0
TUR.39.3_1,2055,12,albopictus,3.4374102176550556,77.94401531236456,0.001603706623886385,0,0,0,0,0,0,1,1,1,1.5518537271896893e-4,0,0,0
TUR.39.3_1,2056,1,albopictus,4.753589190652265,79.44871966350594,0.0016141349677908819,0,0,0,0,0,0,1,1,1,1.5619441016900826e-4,0,0,0
TUR.39.3_1,2056,2,albopictus,4.047527809791705,77.57460709675831,0.0012505440110989064,0,0,0,0,0,0,1,1,1,1.293582543372418e-4,0,0,0
TUR.39.3_1,2056,3,albopictus,8.227461006054106,68.92129227974594,0.0014822109442527089,0,0,0,0,0,0,1,1,1,1.434294818069004e-4,0,0,0
TUR.39.3_1,2056,4,albopictus,9.662389138165643,56.37938361316925,0.001959951356423454,0,0,0,0,0,0,1,1,1,1.959759298505448e-4,0,0,0
TUR.39.3_1,2056,5,albopictus,16.487802449394675,60.41123364831353,0.0027394937523692736,0.01534407759450099,0.01524756714228786,0.01544428843421875,0,0,0,1,1,1,0.00026507715945633947,0,0,0
TUR.39.3_1,2056,6,albopictus,22.344402593724865,47.89910097115523,0.0030813026895087125,0.08037150658063023,0.08001455648630464,0.08073354978413916,1.9760802993928906e-12,1.7383733341702623e-12,2.239686214267067e-12,0.9999999999980239,0.9999999999977602,0.9999999999982616,3.08082801695031e-4,6.087963550113174e-16,5.355629271831067e-16,6.900088038091354e-16
TUR.39.3_1,2056,7,albopictus,28.254220738130456,29.909388748817065,0.0036184793293914043,0.07463361583275917,0.07408895812375198,0.07520559116650917,2.4266588738441894e-13,1.9593215938584762e-13,2.996547454614529e-13,0.9999999999997573,0.9999999999997002,0.999999999999804,3.501141147173037e-4,8.496075233368476e-17,6.859861452802568e-17,1.0491335592807554e-16
TUR.39.3_1,2056,8,albopictus,28.916131019592285,30.976440271250205,0.004296716113365081,0.07250571867110353,0.07190645172946375,0.07307294365909926,1.0672407402267936e-13,8.370804049917524e-14,1.3235246232312647e-13,0.9999999999998933,0.9999999999998677,0.9999999999999163,4.157247992658819e-4,4.43678442499155e-17,3.479950833345994e-17,5.5022200831626944e-17
TUR.39.3_1,2056,9,albopictus,22.472912620095645,51.76535646239624,0.003424690229555565,0.08755506147724249,0.08717122110892832,0.0879264293967731,2.2233731633569677e-11,1.9603785261779195e-11,2.5007365622720103e-11,0.9999999999777662,0.9999999999749927,0.9999999999803961,3.4241038713356264e-4,7.613060656074331e-15,6.712539700769044e-15,8.562781744066136e-15
TUR.39.3_1,2056,10,albopictus,16.867774332270905,40.461286953395955,0.003374889294006474,0.014066758042037195,0.013954319219202106,0.014170484999407878,0,0,0,1,1,1,3.265488610533218e-4,0,0,0
TUR.39.3_1,2056,11,albopictus,8.37561871242874,74.22677027890654,0.001957603185781754,0,0,0,0,0,0,1,1,1,1.9574115877729614e-4,0,0,0
TUR.39.3_1,2056,12,albopictus,4.0771651090506245,78.55397777574346,0.001610159356835437,0,0,0,0,0,0,1,1,1,1.5580973364459627e-4,0,0,0
TUR.39.3_1,2057,1,albopictus,4.3519053832792185,75.35026232708016,0.0016650276158340323,0,0,0,0,0,0,1,1,1,1.6111872374224845e-4,0,0,0
TUR.39.3_1,2057,2,albopictus,5.357854624443195,74.2347099409966,0.0012454910446994827,0,0,0,0,0,0,1,1,1,1.3343656562436745e-4,0,0,0
TUR.39.3_1,2057,3,albopictus,8.425830032238188,71.73180863716782,0.001528944111811056,0,0,0,0,0,0,1,1,1,1.4795138751488857e-4,0,0,0
TUR.39.3_1,2057,4,albopictus,10.116681435528925,63.97517447620636,0.002021747375067836,0,0,0,0,0,0,1,1,1,2.021543015717775e-4,0,0,0
TUR.39.3_1,2057,5,albopictus,18.100674573112936,39.341096624387745,0.002825868246533507,0.023571307486180956,0.023427318388767902,0.023729042240910866,0,0,0,1,1,1,2.7343373081378797e-4,0,0,0
TUR.39.3_1,2057,6,albopictus,25.15578107272877,27.417579364709916,0.0031784542018795767,0.0734780986913082,0.07302975796512229,0.07395885433247877,1.5543488718350317e-13,1.3011536292850677e-13,1.8632317910771687e-13,0.9999999999998446,0.9999999999998137,0.9999999999998699,3.1779491268368876e-4,4.9396416400480404e-17,4.135000040067129e-17,5.921255843548418e-17
TUR.39.3_1,2057,7,albopictus,28.778974308687097,28.105590073279956,0.0037325676792734257,0.06813438993065907,0.06760272095022161,0.06871294946413059,1.818478700954529e-14,1.443012376256547e-14,2.298161660974074e-14,0.9999999999999818,0.999999999999977,0.9999999999999856,3.6115099629951963e-4,6.567453945991843e-18,5.211453573575893e-18,8.299833735181457e-18
TUR.39.3_1,2057,8,albopictus,28.46085262298584,29.557563623300986,0.004432188837308419,0.0728257429685562,0.0721957824165935,0.07337803125418614,1.209609079566576e-13,9.391654121060355e-14,1.4889200983247973e-13,0.999999999999879,0.9999999999998511,0.9999999999999061,4.288295267081965e-4,5.1871608909247196e-17,4.0274185917413953e-17,6.384929010709442e-17
TUR.39.3_1,2057,9,albopictus,24.325697730569278,36.93399659911499,0.003532668532477856,0.08430090846070966,0.08387599700239144,0.0847322016266158,7.633750520597005e-12,6.5995764408910415e-12,8.794515116150593e-12,0.9999999999923662,0.9999999999912055,0.9999999999934004,3.532044618601571e-4,2.696274744602159e-15,2.330999845309891e-15,3.1062619789209863e-15
TUR.39.3_1,2057,10,albopictus,14.887402857051176,54.5576843532983,0.0034812974051321105,0.004944627616331324,0.004897839765058234,0.004988953093284834,0,0,0,1,1,1,3.368430045359583e-4,0,0,0
TUR.39.3_1,2057,11,albopictus,10.284175650600126,82.3894060821292,0.0020193251681005515,0,0,0,0,0,0,1,1,1,2.019121298116877e-4,0,0,0
TUR.39.3_1,2057,12,albopictus,4.7954010785940815,76.44562511461065,0.001660926656395871,0,0,0,0,0,0,1,1,1,1.6072192056382217e-4,0,0,0
TUR.39.3_1,2058,1,albopictus,3.1828046218656443,80.58843676555672,0.0015778927578271016,0,0,0,0,0,0,1,1,1,1.526876412000222e-4,0,0,0
TUR.39.3_1,2058,2,albopictus,4.245948334388873,74.81202622517628,0.0011803115339834207,0,0,0,0,0,0,1,1,1,1.264539540942744e-4,0,0,0
TUR.39.3_1,2058,3,albopictus,8.107092525371733,72.20995042183579,0.001448930827456937,0,0,0,0,0,0,1,1,1,1.402092820942391e-4,0,0,0
TUR.39.3_1,2058,4,albopictus,11.283905365887811,61.203644324839175,0.0019159445230447609,1.0372019324042954e-6,9.657436707926017e-7,1.1074341449169923e-6,0,0,0,1,1,1,1.9157609925957164e-4,0,0,0
TUR.39.3_1,2058,5,albopictus,16.633499089409323,67.39465497399712,0.0026779838354484384,0.01821962493003977,0.018117462681498126,0.01831635914348336,0,0,0,1,1,1,2.5912614703016423e-4,0,0,0
TUR.39.3_1,2058,6,albopictus,22.58815411960377,41.800296497278275,0.003012118128574522,0.07527635233369329,0.07490298973480873,0.07564847376483133,3.084457134150398e-13,2.672279064697136e-13,3.5394465136562305e-13,0.9999999999996916,0.9999999999996461,0.9999999999997328,3.011664531337166e-4,9.289350149350636e-17,8.048008076983221e-17,1.0659625525743456e-16
TUR.39.3_1,2058,7,albopictus,28.932809605317956,21.245721069984057,0.0035372335288714613,0.055688378942916984,0.05518650033159215,0.0561827956930055,6.405986852087153e-17,0,1.1102230246251565e-16,0.9999999999999999,0.9999999999999999,1,3.4225433976520225e-4,2.1924768006056548e-20,0,3.7997864828520883e-20
TUR.39.3_1,2058,8,albopictus,27.883652687072754,33.68064673792501,0.004200241846564171,0.08380688870899736,0.08318182504524688,0.08441417548220262,6.480407321873827e-12,5.217226650700014e-12,7.907691168540509e-12,0.9999999999935196,0.9999999999920923,0.9999999999947827,4.063924176315181e-4,2.6335883987732962e-15,2.1202413519095665e-15,3.213625731866582e-15
TUR.39.3_1,2058,9,albopictus,21.48767931321088,34.10552446166382,0.0033477955802002322,0.054922760137414,0.054638568670658395,0.055204294993690166,0,0,0,1,1,1,3.3472352559682506e-4,0,0,0
TUR.39.3_1,2058,10,albopictus,14.32099565337686,64.75832980007564,0.0032991128262150004,0.00348807650075327,0.003452434182374467,0.0035232632816552148,0,0,0,1,1,1,3.192180222638674e-4,0,0,0
TUR.39.3_1,2058,11,albopictus,8.50593926143997,76.37327754209014,0.0019136490759330794,0,0,0,0,0,0,1,1,1,1.913465984972884e-4,0,0,0
TUR.39.3_1,2058,12,albopictus,3.8779516042593647,75.1540601732044,0.0015740064113568804,0,0,0,0,0,0,1,1,1,1.5231160050932502e-4,0,0,0
TUR.39.3_1,2059,1,albopictus,3.9072815553449534,76.58575121868172,0.0015843716504196927,0,0,0,0,0,0,1,1,1,1.5331453487565927e-4,0,0,0
TUR.39.3_1,2059,2,albopictus,4.87758614604964,71.93486710652394,0.0011851579417107784,0,0,0,0,0,0,1,1,1,1.2697314626808343e-4,0,0,0
TUR.39.3_1,2059,3,albopictus,5.840561057933989,70.96043107369125,0.0014548801970567537,0,0,0,0,0,0,1,1,1,1.407849466488198e-4,0,0,0
TUR.39.3_1,2059,4,albopictus,10.735882142010858,57.46023993641144,0.0019238114700958803,4.889766839135483e-11,3.194134277192914e-11,7.606501859265183e-11,0,0,0,1,1,1,1.9236264294331118e-4,0,0,0
TUR.39.3_1,2059,5,albopictus,16.014960232902975,64.43468640710259,0.002688979747273561,0.012421097782947147,0.012328185443682938,0.012504281613394012,0,0,0,1,1,1,2.601899912219041e-4,0,0,0
TUR.39.3_1,2059,6,albopictus,22.25960187351002,41.1471173285771,0.0030244860095565637,0.0707222794508078,0.07036156557855767,0.07105379254555882,5.233780075997174e-14,4.5183301544682305e-14,5.962175197993247e-14,0.9999999999999477,0.9999999999999404,0.9999999999999548,3.024028679883273e-4,1.582710105401711e-17,1.3663559972293348e-17,1.802978879322031e-17
TUR.39.3_1,2059,7,albopictus,26.822448506074792,37.24629136722527,0.003551757555295177,0.09367284143546684,0.09311057283579237,0.09420252386939003,1.4928348823772809e-10,1.2560473772182947e-10,1.7433681720468996e-10,0.9999999998507165,0.9999999998256631,0.9999999998743954,3.436594086660971e-4,5.13026752913899e-14,4.3165249891144135e-14,5.991248750929323e-14
TUR.39.3_1,2059,8,albopictus,27.640780448913574,35.42667945276876,0.004217488212422565,0.08829503047819011,0.0877118574694873,0.08888449968017703,2.826100164998735e-11,2.334132331860417e-11,3.394919900756576e-11,0.999999999971739,0.9999999999660507,0.9999999999766587,4.080607411166559e-4,1.1532205277992874e-14,9.524677692033098e-15,1.3853335307344123e-14
TUR.39.3_1,2059,9,albopictus,20.058804343728458,51.216741960443116,0.0033615417666114926,0.052232360002254646,0.05198477017450269,0.05247281543799719,0,0,0,1,1,1,3.3609768317621747e-4,0,0,0
TUR.39.3_1,2059,10,albopictus,15.412556970820708,54.36888735622799,0.003312659119235143,0.007321877136330205,0.007257413161760879,0.0073875538321053775,0,0,0,1,1,1,3.2052853451447483e-4,0,0,0
TUR.39.3_1,2059,11,albopictus,9.451589362147978,81.10999476621123,0.0019215065977839024,0,0,0,0,0,0,1,1,1,1.9213220002278764e-4,0,0,0
TUR.39.3_1,2059,12,albopictus,5.6699316324118305,78.52609996812627,0.001580469346450945,0,0,0,0,0,0,1,1,1,1.529369503827649e-4,0,0,0
TUR.39.3_1,2060,1,albopictus,2.3506849185727976,74.9775664042286,0.0015863879827863322,0,0,0,0,0,0,1,1,1,1.535096338791675e-4,0,0,0
TUR.39.3_1,2060,2,albopictus,6.091326971702716,70.86145707234425,0.0012290471557454908,0,0,0,0,0,0,1,1,1,1.27134726910616e-4,0,0,0
TUR.39.3_1,2060,3,albopictus,5.412947799572173,73.82927415230454,0.0014567317336139317,0,0,0,0,0,0,1,1,1,1.4096410236397183e-4,0,0,0
TUR.39.3_1,2060,4,albopictus,9.428148129407099,68.88761954456574,0.0019262597866467597,0,0,0,0,0,0,1,1,1,1.9260742747206905e-4,0,0,0
TUR.39.3_1,2060,5,albopictus,14.904698315788718,64.95482800866509,0.002692401846435856,0.005830347226524748,0.00577937306348641,0.005880778085053586,0,0,0,1,1,1,2.605210758863663e-4,0,0,0
TUR.39.3_1,2060,6,albopictus,19.959079069249768,57.00987215035445,0.0030283350869065033,0.05544353020284067,0.05521286278396298,0.055677390098737636,5.440092820663267e-18,0,1.1102230246251565e-16,1,0.9999999999999999,1,3.027876592520684e-4,1.647192971282613e-21,0,3.3616183087400265e-20
TUR.39.3_1,2060,7,albopictus,27.091684117036706,37.755362717322924,0.003556277658716177,0.09449960508568088,0.09395852738070731,0.09504014163595242,1.9116276717134895e-10,1.62078570009605e-10,2.235777590842147e-10,0.9999999998088372,0.9999999997764222,0.9999999998379214,3.440966876070428e-4,6.577847497745751e-14,5.577069907239127e-14,7.693236632348372e-14
TUR.39.3_1,2060,8,albopictus,28.03842258453369,31.114902337900595,0.004222855550310979,0.07804980971203852,0.07747035587448432,0.07857949981305645,8.635403503376438e-13,6.954409270676364e-13,1.0407535944167989e-12,0.9999999999991365,0.9999999999989592,0.9999999999993046,4.085799488225961e-4,3.5282527214720116e-16,2.841432183904337e-16,4.2523105034374867e-16
TUR.39.3_1,2060,9,albopictus,22.896921943215762,33.58697740355835,0.003365819794095785,0.0680560549950449,0.06769884090395556,0.06840027908793476,1.7532197915670622e-14,1.5096257577340565e-14,2.020605904817785e-14,0.9999999999999825,0.9999999999999798,0.9999999999999849,3.365253420496428e-4,5.900028900453091e-18,5.080273244884046e-18,6.79985093266333e-18
TUR.39.3_1,2060,10,albopictus,19.26092466186075,50.52638094753658,0.003316874936780217,0.0412199383189287,0.04101151734505863,0.04142826152029005,0,0,0,1,1,1,3.20936386004389e-4,0,0,0
TUR.39.3_1,2060,11,albopictus,9.68858553600662,63.09932887265654,0.001923951981065531,0,0,0,0,0,0,1,1,1,1.9237669133731483e-4,0,0,0
TUR.39.3_1,2060,12,albopictus,5.997928840053432,83.56831340806768,0.0015824807125953003,0,0,0,0,0,0,1,1,1,1.5313156893148605e-4,0,0,0
TUR.39.3_1,2061,1,albopictus,2.9415803925298594,82.60497729290047,0.0016197944575185037,0,0,0,0,0,0,1,1,1,1.5674201702675639e-4,0,0,0
TUR.39.3_1,2061,2,albopictus,4.193315525703571,76.86922379597706,0.0012116552734067376,0,0,0,0,0,0,1,1,1,1.298117815864419e-4,0,0,0
TUR.39.3_1,2061,3,albopictus,6.695970680126372,73.70896622994125,0.0014874078811759248,0,0,0,0,0,0,1,1,1,1.4393233892517898e-4,0,0,0
TUR.39.3_1,2061,4,albopictus,10.991036751691034,65.24076895862824,0.0019668233496518135,3.9798463879006736e-8,3.510021574485884e-8,4.510601086050785e-8,0,0,0,1,1,1,1.9666299426279732e-4,0,0,0
TUR.39.3_1,2061,5,albopictus,16.590675297905417,54.259824499143605,0.002749098981832605,0.014879114575025058,0.014780230972801713,0.014978054835278963,0,0,0,1,1,1,2.660064509601989e-4,0,0,0
TUR.39.3_1,2061,6,albopictus,21.843385976903576,54.106544208459916,0.003092106371522265,0.08148251979118704,0.08114377964314624,0.08182425851180956,2.9138753632196312e-12,2.5853541529841095e-12,3.274991389190518e-12,0.9999999999970861,0.999999999996725,0.9999999999974146,3.0916283647008935e-4,9.00861972413293e-16,7.992954232162926e-16,1.012505627297259e-15
TUR.39.3_1,2061,7,albopictus,26.629703297334558,36.747531143836596,0.003631166463369011,0.09264734385722624,0.09209628815279572,0.09319038046831021,1.0952998430457939e-10,9.229071673555467e-11,1.2866840093384014e-10,0.9999999998904701,0.9999999998713316,0.9999999999077093,3.513414712573715e-4,3.848242583236773e-14,3.24255562012671e-14,4.520654528842874e-14
TUR.39.3_1,2061,8,albopictus,29.303723335266113,30.495403131357627,0.004311781285231952,0.06860803016507631,0.06802672194180982,0.06919875148889625,2.2177371050702277e-14,1.731670362659088e-14,2.808864252301646e-14,0.9999999999999778,0.9999999999999719,0.9999999999999827,4.171821119682839e-4,9.252002492836256e-18,7.224218991270023e-18,1.1718079210074154e-17
TUR.39.3_1,2061,9,albopictus,23.86482317307416,45.19587175170288,0.0034366978990263415,0.09414784594237598,0.09370144843403037,0.09457992941376415,1.7189334955425294e-10,1.500618573846424e-10,1.950715505794065e-10,0.9999999998281066,0.9999999998049285,0.9999999998499381,3.4361074220490284e-4,5.906440142042366e-14,5.156286619258325e-14,6.702868027765111e-14
TUR.39.3_1,2061,10,albopictus,15.432786310420317,70.79983370632564,0.003386722351137645,0.009345770764738406,0.009279557020783633,0.009414101587794859,0,0,0,1,1,1,3.276936210165893e-4,0,0,0
TUR.39.3_1,2061,11,albopictus,10.27538277340286,62.34255397031279,0.0019644669458400935,0,0,0,0,0,0,1,1,1,1.964274001955424e-4,0,0,0
TUR.39.3_1,2061,12,albopictus,1.4277721894357134,82.27827434556768,0.0016158049072520272,0,0,0,0,0,0,1,1,1,1.5635599195840122e-4,0,0,0
TUR.39.3_1,2062,1,albopictus,3.659740008523359,78.36122576702157,0.0017446404216256656,0,0,0,0,0,0,1,1,1,1.688219178107575e-4,0,0,0
TUR.39.3_1,2062,2,albopictus,5.992887278251788,72.30144425496144,0.0013050438327216857,0,0,0,0,0,0,1,1,1,1.3981634971749202e-4,0,0,0
TUR.39.3_1,2062,3,albopictus,7.853196765789214,67.22377488472641,0.0016020501248779338,0,0,0,0,0,0,1,1,1,1.550250912276674e-4,0,0,0
TUR.39.3_1,2062,4,albopictus,15.19832930845373,57.8086553111673,0.002118416631241341,0.006596739927235163,0.006534898241686336,0.006650863008615889,0,0,0,1,1,1,2.1181922626334337e-4,0,0,0
TUR.39.3_1,2062,5,albopictus,19.000893536735983,49.126008733762745,0.002960986305696341,0.03722431191552732,0.03703178789621001,0.037404970100530406,0,0,0,1,1,1,2.865060111533202e-4,0,0,0
TUR.39.3_1,2062,6,albopictus,27.319729131810803,18.100536060266556,0.003330431054807079,0.05893550894514924,0.05847581967596058,0.05945068054535065,2.915445662665661e-16,2.220446049250313e-16,3.3306690738754696e-16,0.9999999999999997,0.9999999999999997,0.9999999999999998,3.329876527818909e-4,9.70807408024183e-20,7.393811180686847e-20,1.109071677103027e-19
TUR.39.3_1,2062,7,albopictus,28.171525730806238,27.20776673953972,0.003911039305166112,0.07014396858865969,0.06960693332311091,0.07070284016135263,4.159161903771747e-14,3.319566843629218e-14,5.184741524999481e-14,0.9999999999999584,0.9999999999999482,0.9999999999999668,3.7841605726929295e-4,1.5738936491699507e-17,1.2561773968080402e-17,1.961989445850685e-17
TUR.39.3_1,2062,8,albopictus,27.90920352935791,36.09892066370626,0.004644112643124533,0.08873467227410475,0.08813350544117322,0.08933227072856789,3.25106535026265e-11,2.6723273593987074e-11,3.9116865302446516e-11,0.9999999999674893,0.9999999999608831,0.9999999999732767,4.4932927713703386e-4,1.4607988437587742e-14,1.2007549206721396e-14,1.7576352810215013e-14
TUR.39.3_1,2062,9,albopictus,24.052635978249942,39.47792283812866,0.003701582039453832,0.08633352686248126,0.08587947506986561,0.08676286877124317,1.4966348826916942e-11,1.2860490450350426e-11,1.7170059818383265e-11,0.9999999999850336,0.99999999998283,0.9999999999871395,3.700897038496631e-4,5.538891605064444e-15,4.7595351021316096e-15,6.354462353266463e-15
TUR.39.3_1,2062,10,albopictus,17.39813646148233,44.38913195461666,0.003647754616761522,0.019044127758797127,0.018928019962437714,0.01916197640440442,0,0,0,1,1,1,3.529462111260262e-4,0,0,0
TUR.39.3_1,2062,11,albopictus,8.431802050594023,63.286836502051074,0.00211587860716025,0,0,0,0,0,0,1,1,1,2.1156547758327537e-4,0,0,0
TUR.39.3_1,2062,12,albopictus,3.1781215490225483,61.97601299302862,0.001740343376017999,0,0,0,0,0,0,1,1,1,1.6840614480440053e-4,0,0,0
TUR.39.3_1,2063,1,albopictus,5.181465424706831,80.70415179241219,0.0016483491483331332,0,0,0,0,0,0,1,1,1,1.5950493725069848e-4,0,0,0
TUR.39.3_1,2063,2,albopictus,5.563682814293048,75.39668198689503,0.0012330150462751108,0,0,0,0,0,0,1,1,1,1.321000289807861e-4,0,0,0
TUR.39.3_1,2063,3,albopictus,7.1183325308648975,80.75449845650375,0.001513628783442308,0,0,0,0,0,0,1,1,1,1.4646947714780367e-4,0,0,0
TUR.39.3_1,2063,4,albopictus,10.859610894147089,62.92321829944855,0.002001495670189532,2.7842987873479702e-9,2.279177353818906e-9,3.3116450059324185e-9,0,0,0,1,1,1,2.0012953843062675e-4,0,0,0
TUR.39.3_1,2063,5,albopictus,14.29324239843032,73.06028149987603,0.002797561718003034,0.0038376494158324933,0.0038041194285062113,0.003874316745459288,0,0,0,1,1,1,2.706951346205244e-4,0,0,0
TUR.39.3_1,2063,6,albopictus,21.554207128636975,47.38301439278609,0.0031466158440018963,0.06917334285523706,0.06886825366422844,0.06947259704562866,2.7857161022382114e-14,2.4533153286654396e-14,3.142208715445349e-14,0.9999999999999721,0.9999999999999686,0.9999999999999756,3.146120836359234e-4,8.764199473433068e-18,7.718426473673843e-18,9.885768311852196e-18
TUR.39.3_1,2063,7,albopictus,27.504951252656824,33.826800553016284,0.0036951788046735985,0.08546449167479434,0.08491675898271797,0.08605498786714037,1.1270138933205942e-11,9.352335572643256e-12,1.3623904782100738e-11,0.9999999999887299,0.9999999999863761,0.9999999999906477,3.575340183136211e-4,4.029458059741907e-15,3.3437781179045638e-15,4.8710094218666346e-15
TUR.39.3_1,2063,8,albopictus,28.21187114715576,33.13236602198263,0.004387791905523075,0.08114233071374945,0.0805982308514322,0.08172655526767507,2.5971830241999784e-12,2.135733256913852e-12,3.166034101553805e-12,0.9999999999974029,0.999999999996834,0.9999999999978643,4.245348826691364e-4,1.1025947904490107e-15,9.066932676364948e-16,1.3440919158296294e-15
TUR.39.3_1,2063,9,albopictus,24.641194175271426,30.73188249389038,0.003497282033929682,0.07646062660184665,0.07602179222619478,0.07687897139319066,4.808368148090381e-13,4.0700498527002087e-13,5.595662821988867e-13,0.9999999999995192,0.9999999999994404,0.999999999999593,3.4966705561345623e-4,1.6813279326482907e-16,1.423162348193663e-16,1.9566189431705305e-16
TUR.39.3_1,2063,10,albopictus,19.834348047480866,31.601126125759237,0.0034464254876453992,0.03639640996160984,0.03618910602488339,0.03660343127839838,0,0,0,1,1,1,3.3346943389589434e-4,0,0,0
TUR.39.3_1,2063,11,albopictus,8.207893626216581,70.5242708892581,0.001999097726303412,0,0,0,0,0,0,1,1,1,1.998897920032494e-4,0,0,0
TUR.39.3_1,2063,12,albopictus,3.1160481990698505,78.20650463121221,0.0016442892679245699,0,0,0,0,0,0,1,1,1,1.5911210818930765e-4,0,0,0
TUR.39.3_1,2064,1,albopictus,1.3497733847402476,82.4972197245411,0.001720420829742995,0,0,0,0,0,0,1,1,1,1.664784792819729e-4,0,0,0
TUR.39.3_1,2064,2,albopictus,2.793955226593158,76.03821488484425,0.0013328885180831078,0,0,0,0,0,0,1,1,1,1.3787551340971316e-4,0,0,0
TUR.39.3_1,2064,3,albopictus,7.828929092296782,65.60155198433579,0.0015798100118327653,0,0,0,0,0,0,1,1,1,1.5287315356316e-4,0,0,0
TUR.39.3_1,2064,4,albopictus,15.920030930463007,41.24046378284699,0.002089008172277448,0.008440222997319667,0.008372885605107202,0.00851186267520497,0,0,0,1,1,1,2.0887899897137352e-4,0,0,0
TUR.39.3_1,2064,5,albopictus,17.35383695714614,53.48408673669243,0.002919881056153104,0.02125043834921375,0.021124963556035367,0.021381891591197855,0,0,0,1,1,1,2.8252921556859434e-4,0,0,0
TUR.39.3_1,2064,6,albopictus,23.577453893773693,36.08201570504195,0.003284197068742697,0.07722760192540887,0.07681963303653247,0.0776445176709118,6.380170836095545e-13,5.474370956548569e-13,7.41187666797316e-13,0.999999999999362,0.9999999999992588,0.9999999999994525,3.283657830257525e-4,2.0950297924325834e-16,1.7975961057205083e-16,2.433806685769312e-16
TUR.39.3_1,2064,7,albopictus,30.040225758272058,23.82290574710808,0.0038567451511192035,0.05099206534873611,0.05048723326826934,0.05148828438301074,0,0,0,1,1,1,3.7316375879981045e-4,0,0,0
TUR.39.3_1,2064,8,albopictus,26.842671394348145,45.59160407435079,0.0045796417576174685,0.11250097663235381,0.11187887476145525,0.11306842426837506,2.4878282020801558e-8,2.127525527140239e-8,2.852177526657673e-8,0.999999975121718,0.9999999714782248,0.9999999787247447,4.43092943148482e-4,1.1023391201074927e-11,9.426915474440943e-12,1.2637797346687064e-11
TUR.39.3_1,2064,9,albopictus,23.68014414170209,53.58513490477905,0.003650195630423908,0.10717602881770073,0.10674144128328501,0.10761572434873412,6.461156313641858e-9,5.760333784965432e-9,7.229270226893902e-9,0.9999999935388437,0.9999999927707297,0.9999999942396662,3.6495295150673623e-4,2.3580180668099795e-12,2.1022508164871038e-12,2.6383435065447025e-12
TUR.39.3_1,2064,10,albopictus,16.46517690490274,60.58180849880611,0.0035971154552409093,0.015196125094036474,0.0151000126746341,0.015289218160562478,0,0,0,1,1,1,3.480473647398119e-4,0,0,0
TUR.39.3_1,2064,11,albopictus,9.21316172314041,73.72069728085967,0.0020865053817646444,0,0,0,0,0,0,1,1,1,2.0862877216676345e-4,0,0,0
TUR.39.3_1,2064,12,albopictus,4.6886589349631,77.73353557603643,0.0017161834369380658,0,0,0,0,0,0,1,1,1,1.660684771943588e-4,0,0,0
TUR.39.3_1,2065,1,albopictus,-0.7119428737856008,76.52009264934578,0.0016304620459540891,0,0,0,0,0,0,1,1,1,1.5777420194973413e-4,0,0,0
TUR.39.3_1,2065,2,albopictus,4.663701792411945,81.16128464802784,0.001219634952385459,0,0,0,0,0,0,1,1,1,1.3066663584127003e-4,0,0,0
TUR.39.3_1,2065,3,albopictus,5.939330722698394,75.48561570503891,0.00149720360250253,0,0,0,0,0,0,1,1,1,1.4488017506353312e-4,0,0,0
TUR.39.3_1,2065,4,albopictus,11.72698912901037,66.51423697620636,0.0019797763894169496,2.0338089745049073e-5,1.9580499376600976e-5,2.1134722176720803e-5,0,0,0,1,1,1,1.9795804266220518e-4,0,0,0
TUR.39.3_1,2065,5,albopictus,17.542571965385886,49.635068639768605,0.0027672039064239656,0.021853264086228345,0.021722475788563397,0.021981389631964172,0,0,0,1,1,1,2.6775807283518915e-4,0,0,0
TUR.39.3_1,2065,6,albopictus,24.40626935397877,34.08225984566695,0.0031124702627662094,0.08031242323311404,0.0798788135872598,0.0807432438969751,1.9369648107669946e-12,1.6567136551515205e-12,2.2472718130828184e-12,0.999999999998063,0.9999999999977527,0.9999999999983433,3.11198593945905e-4,6.027807256333847e-16,5.155669600541341e-16,6.993478284456377e-16
TUR.39.3_1,2065,7,albopictus,29.386489643770105,24.786761490516284,0.0036550804786272574,0.05798601620264134,0.05744605049754737,0.0585315827182399,1.921796055626146e-16,1.1102230246251565e-16,2.220446049250313e-16,0.9999999999999998,0.9999999999999998,0.9999999999999999,3.53654915026147e-4,6.796526207500491e-20,3.9263582943388163e-20,7.852716588677633e-20
TUR.39.3_1,2065,8,albopictus,29.050068855285645,34.82668479334493,0.004340177670934852,0.07916331680246247,0.07856886908456179,0.07976945027828064,1.2914971314614832e-12,1.0367623426432714e-12,1.593619680662073e-12,0.9999999999987085,0.9999999999984064,0.9999999999989632,4.1992899908804837e-4,5.423370977397062e-16,4.3536657283836925e-16,6.692071174274396e-16
TUR.39.3_1,2065,9,albopictus,25.281586478738223,29.766436021722413,0.0034593311896849712,0.07753893093411637,0.0770844397428404,0.07801483800940065,7.157582304628818e-13,6.036116051433283e-13,8.483408420190131e-13,0.9999999999992842,0.9999999999991517,0.9999999999993964,3.4587329100610464e-4,2.475616547349028e-16,2.0877313236040028e-16,2.9341843892400593e-16
TUR.39.3_1,2065,10,albopictus,17.26534780334024,53.970190456813924,0.0034090265144960516,0.020566774061522384,0.020440005450084488,0.020692042905290062,0,0,0,1,1,1,3.298513787935997e-4,0,0,0
TUR.39.3_1,2065,11,albopictus,9.382215277675321,79.44625270078154,0.0019774044668794217,0,0,0,0,0,0,1,1,1,1.977208973343858e-4,0,0,0
TUR.39.3_1,2065,12,albopictus,5.005615931880825,79.39574413316534,0.0016264462214402298,0,0,0,0,0,0,1,1,1,1.5738563501099812e-4,0,0,0
TUR.39.3_1,2066,1,albopictus,5.992615260293379,79.51977984417,0.0016851102058811262,0,0,0,0,0,0,1,1,1,1.6306188517967168e-4,0,0,0
TUR.39.3_1,2066,2,albopictus,7.975779791526935,72.7870552168755,0.0012605134298059888,0,0,0,0,0,0,1,1,1,1.3504589081902996e-4,0,0,0
TUR.39.3_1,2066,3,albopictus,7.831613685497466,72.03767869332016,0.0015473853421608837,0,0,0,0,0,0,1,1,1,1.497357570785507e-4,0,0,0
TUR.39.3_1,2066,4,albopictus,12.633518555585077,55.14318137317902,0.002046132510381005,2.6597841939298236e-4,2.603448015919496e-4,2.7162805982655126e-4,0,0,0,1,1,1,2.0459231917446807e-4,0,0,0
TUR.39.3_1,2066,5,albopictus,16.70724100225112,57.75732587243462,0.0028599522178637997,0.01658779035321455,0.01648754645457152,0.016689617718013413,0,0,0,1,1,1,2.7673127230665173e-4,0,0,0
TUR.39.3_1,2066,6,albopictus,22.134805959813733,41.7175633429814,0.003216790858949277,0.0699718500116434,0.06963157560058968,0.07030827349383878,3.862932196341262e-14,3.352873534367973e-14,4.418687638008123e-14,0.9999999999999614,0.9999999999999558,0.9999999999999665,3.216273527251179e-4,1.2424246560658655e-17,1.0783758388808806e-17,1.4211708075317566e-17
TUR.39.3_1,2066,7,albopictus,26.02025391073788,47.06425782840691,0.003777587729279223,0.11399272567027133,0.11340997521549147,0.11453271883004568,3.5811824761311506e-8,3.1006620404561146e-8,4.0724677066728e-8,0.9999999641881753,0.9999999592753229,0.9999999689933796,3.6550619238995274e-4,1.3089443711043196e-11,1.133311176295176e-11,1.488512165097018e-11
TUR.39.3_1,2066,8,albopictus,26.84079647064209,38.48611625086446,0.004485647308858385,0.09628235980758908,0.09571753750729617,0.09686353547001876,3.2303053543181193e-10,2.7293891313728833e-10,3.81207587718535e-10,0.9999999996769695,0.9999999996187924,0.999999999727061,4.3400069529764274e-4,1.401954769797762e-13,1.1845567807536607e-13,1.6544435812258132e-13
TUR.39.3_1,2066,9,albopictus,22.390175651101504,55.885069291986085,0.003575277515797622,0.09248571601292646,0.09213875453698359,0.09285713373953128,1.040861350443123e-10,9.349604146446923e-11,1.1633387309029075e-10,0.9999999998959138,0.9999999998836662,0.999999999906504,3.574638461494306e-4,3.720703016376891e-14,3.342145458163581e-14,4.158515371231507e-14
TUR.39.3_1,2066,10,albopictus,17.520304048762604,40.625891140407674,0.0035232867799355186,0.0190171623860946,0.018896374996205598,0.019142427796375868,0,0,0,1,1,1,3.4090511540951773e-4,0,0,0
TUR.39.3_1,2066,11,albopictus,11.32770325374954,73.57773005673857,0.002043681088168837,2.3617844177769407e-6,2.2369659422440406e-6,2.5036048203233614e-6,0,0,0,1,1,1,2.0434722707751707e-4,0,0,0
TUR.39.3_1,2066,12,albopictus,2.3339018048170734,71.01842479722784,0.0016809597830668545,0,0,0,0,0,0,1,1,1,1.6266029677269866e-4,0,0,0
TUR.39.3_1,2067,1,albopictus,4.925318040063276,83.94815508831063,0.0016999253450951358,0,0,0,0,0,0,1,1,1,1.644953735162602e-4,0,0,0
TUR.39.3_1,2067,2,albopictus,4.085955162696979,78.11515732869191,0.0012715956022826189,0,0,0,0,0,0,1,1,1,1.3623310538646294e-4,0,0,0
TUR.39.3_1,2067,3,albopictus,6.8926927107660205,73.34335038521469,0.0015609896329555287,0,0,0,0,0,0,1,1,1,1.5105210334875885e-4,0,0,0
TUR.39.3_1,2067,4,albopictus,11.94970927518957,65.84088950306183,0.002064121682772109,4.97545688172242e-5,4.826719361370829e-5,5.127942378410059e-5,0,0,0,1,1,1,2.063908667512271e-4,0,0,0
TUR.39.3_1,2067,5,albopictus,15.993198338676901,67.58555005456353,0.0028850963242285895,0.012803014600026325,0.012718999164475888,0.012883982589137874,0,0,0,1,1,1,2.7916389659254914e-4,0,0,0
TUR.39.3_1,2067,6,albopictus,21.59990529453053,61.02673311226851,0.0032450722165906706,0.08675887529481127,0.08641388235951228,0.08711425874742221,1.7175943112235358e-11,1.5323139979095403e-11,1.924547188281167e-11,0.9999999999828241,0.9999999999807546,0.9999999999846768,3.244545748855021e-4,5.572813320737891e-15,4.97166286782844e-15,6.244281398208544e-15
TUR.39.3_1,2067,7,albopictus,28.34311844320858,34.19233628910027,0.0038107994966206605,0.08257949158691108,0.08196046182835993,0.0831307788507368,4.27007140757496e-12,3.43282069437123e-12,5.127351321299045e-12,0.99999999999573,0.9999999999948727,0.9999999999965672,3.687190544753305e-4,1.5744566919431829e-15,1.2657464006119073e-15,1.890552131152221e-15
TUR.39.3_1,2067,8,albopictus,28.75468921661377,37.453931650034384,0.004525084189077703,0.0869786769057187,0.08636636712417889,0.08756039366373915,1.8507931187627947e-11,1.5087003868430315e-11,2.2230225993347117e-11,0.999999999981492,0.9999999999777698,0.999999999984913,4.3781550394572655e-4,8.103059219904158e-15,6.6053242016879445e-15,9.73273759610466e-15
TUR.39.3_1,2067,9,albopictus,22.635176490334903,43.86775438109741,0.0036067106137281897,0.07855936477110781,0.0781699734061785,0.07891433126623366,1.0355247770377218e-12,8.974931908767303e-13,1.174110808577211e-12,0.9999999999989645,0.9999999999988258,0.9999999999991025,3.606060273844136e-4,3.734164761057035e-16,3.23641454166619e-16,4.233914343901298e-16
TUR.39.3_1,2067,10,albopictus,16.047792757258698,47.65173571438228,0.0035542627861061835,0.010012176997830668,0.009929908242062448,0.01008737244246262,0,0,0,1,1,1,3.439017670107125e-4,0,0,0
TUR.39.3_1,2067,11,albopictus,9.936482684138944,73.35881221005889,0.002061648708164604,0,0,0,0,0,0,1,1,1,2.061436202999145e-4,0,0,0
TUR.39.3_1,2067,12,albopictus,6.94410441530978,82.8715894700794,0.001695738432624831,0,0,0,0,0,0,1,1,1,1.640902550074097e-4,0,0,0
TUR.39.3_1,2068,1,albopictus,6.71583632390727,81.35168139446297,0.0017080933386519586,0,0,0,0,0,0,1,1,1,1.652856941677383e-4,0,0,0
TUR.39.3_1,2068,2,albopictus,3.306489725761554,79.1535331831841,0.0013233378482423637,0,0,0,0,0,0,1,1,1,1.3688764881436555e-4,0,0,0
TUR.39.3_1,2068,3,albopictus,6.970989372142974,74.38855454781235,0.001568490052489267,0,0,0,0,0,0,1,1,1,1.5177784049624776e-4,0,0,0
TUR.39.3_1,2068,4,albopictus,10.750142434064081,74.15807395130402,0.0020740396080821985,2.6727929260593395e-10,2.0306917652304664e-10,3.6701220352513367e-10,0,0,0,1,1,1,2.0738245409357425e-4,0,0,0
TUR.39.3_1,2068,5,albopictus,18.384374562431784,45.61230634118462,0.0028989589613468056,0.028681665259996374,0.028523143124609473,0.028839777171297723,0,0,0,1,1,1,2.8050506670940223e-4,0,0,0
TUR.39.3_1,2068,6,albopictus,25.246448797338147,31.68503160470015,0.003260664506589179,0.08055991727503968,0.08009791965454215,0.08105450762759184,2.1141188799589373e-12,1.7903234450500349e-12,2.5060620245653807e-12,0.9999999999978859,0.9999999999974939,0.9999999999982097,3.260132967711771e-4,6.892308658216015e-16,5.836692486074932e-16,8.170095425416103e-16
TUR.39.3_1,2068,7,albopictus,26.649068608003503,38.31109925907097,0.003829110057037064,0.09590786858639094,0.09535725828888823,0.09644992046929556,2.8952993924580285e-10,2.455093905950889e-10,3.3806872301589404e-10,0.99999999971047,0.9999999996619313,0.9999999997544906,3.7049038925729416e-4,1.0726805989281823e-13,9.095886968789556e-14,1.2525121278587495e-13
TUR.39.3_1,2068,8,albopictus,28.152283668518066,37.01598914515157,0.004546826825368827,0.08957534122623027,0.08896152560331688,0.09018546817915143,4.240847539804804e-11,3.478864141204241e-11,5.11351905263524e-11,0.9999999999575915,0.9999999999488648,0.9999999999652114,4.399187066067567e-4,1.8656281646273754e-14,1.530417413459195e-14,2.2495326878443026e-14
TUR.39.3_1,2068,9,albopictus,23.729306052712833,35.9262718371521,0.003624040544797961,0.07825952992657213,0.07783309490055565,0.07862951061003354,9.294839342643968e-13,7.940176294241041e-13,1.059713428119835e-12,0.9999999999990705,0.9999999999989403,0.999999999999206,3.6233839406252244e-4,3.367877160482767e-16,2.877030727028609e-16,3.8397486171143134e-16
TUR.39.3_1,2068,10,albopictus,18.10824045012979,60.3816589626733,0.0035713407099220353,0.03193452500868106,0.03177080411634893,0.032094464462297634,0,0,0,1,1,1,3.4555389958301763e-4,0,0,0
TUR.39.3_1,2068,11,albopictus,10.201727644923857,70.92789637753935,0.002071554751046609,0,0,0,0,0,0,1,1,1,2.0713401989080893e-4,0,0,0
TUR.39.3_1,2068,12,albopictus,3.3092754901770283,79.02638988511846,0.0017038863084310836,0,0,0,0,0,0,1,1,1,1.6487862942105025e-4,0,0,0
TUR.39.3_1,2069,1,albopictus,2.8986505643628977,81.24266497600594,0.0016348717094901858,0,0,0,0,0,0,1,1,1,1.5820087616247314e-4,0,0,0
TUR.39.3_1,2069,2,albopictus,3.031296749763629,76.58646317585988,0.0012229335141583188,0,0,0,0,0,0,1,1,1,1.3102000693177018e-4,0,0,0
TUR.39.3_1,2069,3,albopictus,7.354306842693511,75.70810410835922,0.0015012528621270954,0,0,0,0,0,0,1,1,1,1.4527198204816738e-4,0,0,0
TUR.39.3_1,2069,4,albopictus,8.823802330914667,70.76469473987824,0.001985130790505709,0,0,0,0,0,0,1,1,1,1.9849337663302435e-4,0,0,0
TUR.39.3_1,2069,5,albopictus,18.811209622551413,45.31192944909478,0.0027746879433528725,0.03309053280913659,0.03290068765030623,0.033259229960162666,0,0,0,1,1,1,2.684821402842985e-4,0,0,0
TUR.39.3_1,2069,6,albopictus,24.67763738071217,27.087093067102494,0.0031208880892706426,0.07122506208359111,0.0707952709887156,0.07167011716998276,6.411426944907817e-14,5.3734794391857577e-14,7.627509734930981e-14,0.9999999999999359,0.9999999999999237,0.9999999999999463,3.120401142805429e-4,2.000622396590387e-17,1.6767411382876714e-17,2.380089009363817e-17
TUR.39.3_1,2069,7,albopictus,29.60712219687069,26.002425400428393,0.003664965820728962,0.058191415172477626,0.05764386868541131,0.058780124771761415,2.1227464230832992e-16,1.1102230246251565e-16,2.220446049250313e-16,0.9999999999999998,0.9999999999999998,0.9999999999999999,3.5461122225599606e-4,7.527497036291125e-20,3.936975437390756e-20,7.873950874781511e-20
TUR.39.3_1,2069,8,albopictus,28.360116004943848,40.37997229944845,0.004351915891559609,0.0960977132529681,0.0954481391960538,0.09670047076941085,3.0639603532112145e-10,2.521670983135493e-10,3.636030643239252e-10,0.999999999693604,0.999999999636397,0.9999999997478328,4.210644782565165e-4,1.2901248675235322e-13,1.0617860768485437e-13,1.5310033457202415e-13
TUR.39.3_1,2069,9,albopictus,24.030672858743106,48.1120628527771,0.0034686871183582505,0.10107879228972465,0.10064622451840104,0.1015233291719613,1.2599391373546708e-9,1.1153513140849114e-9,1.4218153182588011e-9,0.9999999987400608,0.9999999985781847,0.9999999988846486,3.468085598393733e-4,4.369576777112358e-13,3.8681338295274067e-13,4.93097722882895e-13
TUR.39.3_1,2069,10,albopictus,15.9306519873002,40.334021023220174,0.003418246391739967,0.008381960035776116,0.008309330811783689,0.008455497329719147,0,0,0,1,1,1,3.3074333027194314e-4,0,0,0
TUR.39.3_1,2069,11,albopictus,10.150047080043485,71.05558192441435,0.0019827524529888504,0,0,0,0,0,0,1,1,1,1.982555900614802e-4,0,0,0
TUR.39.3_1,2069,12,albopictus,6.338305693996303,70.12364940660284,0.0016308450239845172,0,0,0,0,0,0,1,1,1,1.578112584916802e-4,0,0,0
TUR.39.3_1,2070,1,albopictus,5.258363761117353,78.80412737834969,0.0017688007596608115,0,0,0,0,0,0,1,1,1,1.7115961758495946e-4,0,0,0
TUR.39.3_1,2070,2,albopictus,3.0575916964341614,73.58926316365284,0.0013231164967264888,0,0,0,0,0,0,1,1,1,1.4175243396630233e-4,0,0,0
TUR.39.3_1,2070,3,albopictus,8.863809253582183,62.561886762167816,0.001624235826920898,0,0,0,0,0,0,1,1,1,1.571717595073574e-4,0,0,0
TUR.39.3_1,2070,4,albopictus,12.49417720121496,63.06652121692902,0.0021477531416624245,2.289218451131244e-4,2.2414699458582227e-4,2.3367891948154225e-4,0,0,0,1,1,1,2.1475225159961475e-4,0,0,0
TUR.39.3_1,2070,5,albopictus,18.03124231450698,51.716802343381886,0.00300199099020113,0.027447277994278686,0.02728758523293197,0.02760550910792643,0,0,0,1,1,1,2.9047306164520226e-4,0,0,0
TUR.39.3_1,2070,6,albopictus,24.111690801732678,37.949432086877884,0.0033765519282486734,0.08434200096486061,0.08388377104642625,0.08476437730555683,7.739724861011155e-12,6.616829306693717e-12,8.889455838101413e-12,0.9999999999922603,0.9999999999911106,0.9999999999933832,3.375981937258077e-4,2.6129171330120938e-15,2.233829622131787e-15,3.0010642341483725e-15
TUR.39.3_1,2070,7,albopictus,30.801963581758386,25.01219484012566,0.003965200627184266,0.045591998806660455,0.04507168889783247,0.04609267567151072,0,0,0,1,1,1,3.836554783612778e-4,0,0,0
TUR.39.3_1,2070,8,albopictus,28.6920747756958,34.377576669565634,0.0047084257989705,0.08082042660701354,0.08021800654415946,0.08141406488823555,2.3223492018331627e-12,1.867950238931826e-12,2.8406416108239794e-12,0.9999999999976776,0.9999999999971594,0.999999999998132,4.555503150094342e-4,1.0579469104570054e-15,8.509453197673412e-16,1.2940551806397706e-15
TUR.39.3_1,2070,9,albopictus,21.666733573464786,52.89308778563843,0.0037528427303271383,0.07728004991215358,0.07696137209316553,0.07759800487545622,6.497715698827733e-13,5.768607813649851e-13,7.287559444790758e-13,0.9999999999993502,0.9999999999992712,0.9999999999994231,3.752138626981205e-4,2.438033006071371e-16,2.1644616201501204e-16,2.734393328922111e-16
TUR.39.3_1,2070,10,albopictus,14.795209253535551,65.84092562527096,0.003698269888285554,0.005403965283738129,0.005353772689993076,0.005453745001730277,0,0,0,1,1,1,3.578330484408365e-4,0,0,0
TUR.39.3_1,2070,11,albopictus,11.236803786281278,76.79006373593779,0.0021451799702128676,1.2459034820668124e-6,1.167490839181955e-6,1.3247771557797172e-6,0,0,0,1,1,1,2.1449498968095781e-4,0,0,0
TUR.39.3_1,2070,12,albopictus,4.9596700490835834,77.30304698961065,0.0017644442071925066,0,0,0,0,0,0,1,1,1,1.7073808780554423e-4,0,0,0
TUR.39.3_1,2071,1,albopictus,4.09581211965312,72.26847521770516,0.0017134270507474405,0,0,0,0,0,0,1,1,1,1.6580177440639332e-4,0,0,0
TUR.39.3_1,2071,2,albopictus,4.4316764075089905,79.72844620808644,0.0012816952867071867,0,0,0,0,0,0,1,1,1,1.3731506642744584e-4,0,0,0
TUR.39.3_1,2071,3,albopictus,6.180543567547026,74.14125535347641,0.0015733878377421546,0,0,0,0,0,0,1,1,1,1.522517476624241e-4,0,0,0
TUR.39.3_1,2071,4,albopictus,12.226690628949335,62.7743535533548,0.002080516028248363,1.1346749548788414e-4,1.1042619584645108e-4,1.166608723615674e-4,0,0,0,1,1,1,2.0802996159097198e-4,0,0,0
TUR.39.3_1,2071,5,albopictus,17.746522847343893,46.179841741575245,0.0029080112842653203,0.022651966148407667,0.02249989352676748,0.02279132461863602,0,0,0,1,1,1,2.8138085184481465e-4,0,0,0
TUR.39.3_1,2071,6,albopictus,23.258648199193615,41.32018251412398,0.0032708462954437792,0.08184166901740692,0.08143719983702519,0.08224792743812669,3.3024794010572123e-12,2.8635815940702967e-12,3.790420755045431e-12,0.9999999999966975,0.9999999999962096,0.9999999999971364,3.270311431986528e-4,1.0800136139177423e-15,9.364803623514296e-16,1.2395856327264083e-15
TUR.39.3_1,2071,7,albopictus,29.527921452241785,24.609027115516284,0.0038410668805688914,0.05656682503410508,0.056038378730010566,0.057110911353140094,1.1102230246251565e-16,1.1102230246251565e-16,1.1102230246251565e-16,0.9999999999999999,0.9999999999999999,0.9999999999999999,3.7164707184389467e-4,4.126111361956116e-20,4.126111361956116e-20,4.126111361956116e-20
TUR.39.3_1,2071,8,albopictus,29.165865898132324,42.120435556284384,0.004561024799616341,0.09458034435437304,0.09394363348969162,0.09521802017807174,1.9601544709590968e-10,1.6135788538651497e-10,2.3563619389044276e-10,0.9999999998039846,0.9999999997643638,0.9999999998386422,4.4129209872378894e-4,8.65000680312358e-14,7.120595988784777e-14,1.0398439053719914e-13
TUR.39.3_1,2071,9,albopictus,22.249573539285098,47.78151552001343,0.0036353570158893836,0.07896900020112134,0.07861498688591344,0.07934364102371506,1.1999377047544612e-12,1.0542483552811176e-12,1.3693518541302296e-12,0.9999999999988001,0.9999999999986307,0.9999999999989457,3.634696304923857e-4,4.361409141609854e-16,3.831872601412332e-16,4.977178124347778e-16
TUR.39.3_1,2071,10,albopictus,17.143315637812897,70.85706942409908,0.0035824926198970673,0.02449607058104611,0.02436616644560769,0.024630582260867392,0,0,0,1,1,1,3.466327431674854e-4,0,0,0
TUR.39.3_1,2071,11,albopictus,10.192472235683134,77.69811427304717,0.002078023411969338,0,0,0,0,0,0,1,1,1,2.0778075178584654e-4,0,0,0
TUR.39.3_1,2071,12,albopictus,3.513426762950771,75.32877330797002,0.0017092068836051415,0,0,0,0,0,0,1,1,1,1.653934387650935e-4,0,0,0
TUR.39.3_1,2072,1,albopictus,0.1498107091688059,82.09520403850594,0.0016820410125237245,0,0,0,0,0,0,1,1,1,1.627649148560062e-4,0,0,0
TUR.39.3_1,2072,2,albopictus,2.6973797280122254,72.52806016072316,0.0013031539224462158,0,0,0,0,0,0,1,1,1,1.3479994013143592e-4,0,0,0
TUR.39.3_1,2072,3,albopictus,6.402233268627349,63.65162370064438,0.00154456699544568,0,0,0,0,0,0,1,1,1,1.4946305465024512e-4,0,0,0
TUR.39.3_1,2072,4,albopictus,12.83131156248205,57.50359397083527,0.0020424057652178055,4.183828116794408e-4,4.101894480519771e-4,4.2612161913559404e-4,0,0,0,1,1,1,2.042197208350638e-4,0,0,0
TUR.39.3_1,2072,5,albopictus,19.05540937535903,46.35624478722954,0.002854743213539383,0.03636432678603952,0.03617678008527369,0.03656048499395841,0,0,0,1,1,1,2.7622731448639914e-4,0,0,0
TUR.39.3_1,2072,6,albopictus,25.17550115024342,34.45550508492476,0.003210931922778823,0.084944865330231,0.08446269890385885,0.08539885839113945,9.471135320460178e-12,8.037251419956704e-12,1.0974846031963635e-11,0.9999999999905289,0.9999999999890251,0.9999999999919628,3.21041647375897e-4,3.04062888580058e-15,2.5802924362371677e-15,3.5233826497984326e-15
TUR.39.3_1,2072,7,albopictus,30.084121479707605,19.65124627750359,0.0037707073797773076,0.0445940719953303,0.044069536227321314,0.04510401490386255,0,0,0,1,1,1,3.648405952626499e-4,0,0,0
TUR.39.3_1,2072,8,albopictus,29.44619083404541,33.54340537439962,0.004477477327526631,0.07326728521821216,0.07263178337317677,0.07390397005227453,1.4372525392047918e-13,1.113553693699032e-13,1.8242074517615946e-13,0.9999999999998562,0.9999999999998176,0.9999999999998886,4.332103947702892e-4,6.226327398935085e-17,4.824030352452714e-17,7.902656303205438e-17
TUR.39.3_1,2072,9,albopictus,24.010088752297793,45.646124284661866,0.0035687656461501314,0.09639549580057148,0.09595404509568876,0.09681276798385502,3.3342212590881106e-10,2.92523469336281e-10,3.756406213861752e-10,0.9999999996665778,0.9999999996243594,0.9999999997074766,3.568128917484925e-4,1.1896931291845282e-13,1.0437614499817991e-13,1.3403341637500178e-13
TUR.39.3_1,2072,10,albopictus,17.458416307673737,55.81590884060299,0.003516869604166563,0.0229879269691028,0.022849916242249427,0.023122768811575385,0,0,0,1,1,1,3.40284309914729e-4,0,0,0
TUR.39.3_1,2072,11,albopictus,9.456280962947538,70.2189959258792,0.0020399588079295008,0,0,0,0,0,0,1,1,1,2.0397507504799073e-4,0,0,0
TUR.39.3_1,2072,12,albopictus,4.459710580242031,76.17640666978643,0.0016778981491260936,0,0,0,0,0,0,1,1,1,1.6236405776748342e-4,0,0,0
TUR.39.3_1,2073,1,albopictus,4.649794139077558,83.51128069866219,0.0018242714966574863,0,0,0,0,0,0,1,1,1,1.7652682020929955e-4,0,0,0
TUR.39.3_1,2073,2,albopictus,6.130117197685382,83.49151536091847,0.0013646102866884237,0,0,0,0,0,0,1,1,1,1.4619755709777138e-4,0,0,0
TUR.39.3_1,2073,3,albopictus,6.56568780125064,67.97339341499985,0.0016751729140312536,0,0,0,0,0,0,1,1,1,1.6210036812480677e-4,0,0,0
TUR.39.3_1,2073,4,albopictus,13.17199645322912,56.821510840952456,0.0022151080707036044,7.46948754363396e-4,7.348903153416231e-4,7.59040856907847e-4,0,0,0,1,1,1,2.2148627536289212e-4,0,0,0
TUR.39.3_1,2073,5,albopictus,20.009108487297507,38.666284307493214,0.003096135371231228,0.04255491663224036,0.04233142129344888,0.042781463895106314,0,0,0,1,1,1,2.9958112027939077e-4,0,0,0
TUR.39.3_1,2073,6,albopictus,25.16357831393971,25.38452882760054,0.0034824427827977265,0.07045119814134512,0.07002641133714631,0.07089129841414843,4.7004178327370025e-14,3.941291737419306e-14,5.5846993696206934e-14,0.999999999999953,0.9999999999999442,0.9999999999999606,3.481836482792655e-4,1.636608629439288e-17,1.3722933360675788e-17,1.9445010010574473e-17
TUR.39.3_1,2073,7,albopictus,29.883695378023035,24.471219269446948,0.004089551886040446,0.053357778250877314,0.05279643601694047,0.05393073437434794,0,0,0,1,1,1,3.9568478186613465e-4,0,0,0
TUR.39.3_1,2073,8,albopictus,29.562447547912598,38.30564673792501,0.004856085080399764,0.08217393191984391,0.08147454002647074,0.0827948223907336,3.718556462750655e-12,2.901051621151396e-12,4.5723536068464916e-12,0.9999999999962814,0.9999999999954277,0.9999999999970989,4.6983331120487026e-4,1.7471016957964101e-15,1.3630106891418173e-15,2.1482440351042184e-15
TUR.39.3_1,2073,9,albopictus,24.919201682595645,38.94707719603882,0.0038705343080511216,0.0915840458965815,0.0910956169576682,0.09205402526464394,7.909202559552852e-11,6.785353667826399e-11,9.110604215489815e-11,0.9999999999209079,0.999999999908894,0.9999999999321464,3.869785352891286e-4,3.06069162180079e-14,2.6257862237941767e-14,3.5256082749092096e-14
TUR.39.3_1,2073,10,albopictus,19.003033960566803,50.72368471950924,0.0038142500263510467,0.038127747452424234,0.037930810897482944,0.03831066517604692,0,0,0,1,1,1,3.690528535280624e-4,0,0,0
TUR.39.3_1,2073,11,albopictus,10.009012953761747,72.61480891416045,0.002212454202931442,0,0,0,0,0,0,1,1,1,2.2122094733001418e-4,0,0,0
TUR.39.3_1,2073,12,albopictus,6.237811309230678,77.99373607652471,0.001819778319883215,0,0,0,0,0,0,1,1,1,1.760920733140381e-4,0,0,0
TUR.39.3_1,2074,1,albopictus,4.910119094064131,78.4370390604786,0.0016769277707465976,0,0,0,0,0,0,1,1,1,1.6227016542513795e-4,0,0,0
TUR.39.3_1,2074,2,albopictus,2.832413693123004,73.96610184773488,0.0012543927207036448,0,0,0,0,0,0,1,1,1,1.3439018890482046e-4,0,0,0
TUR.39.3_1,2074,3,albopictus,9.396063472637358,65.62397477486313,0.0015398716613664984,0,0,0,0,0,0,1,1,1,1.4900873529222203e-4,0,0,0
TUR.39.3_1,2074,4,albopictus,11.512839653912714,61.797516395151675,0.0020361970494928022,5.642331128848899e-6,5.3700067372195124e-06,5.906190887363282e-6,0,0,0,1,1,1,2.0359897586408326e-4,0,0,0
TUR.39.3_1,2074,5,albopictus,17.399938527275534,52.69953702355767,0.002846065070644081,0.021450016400999094,0.021330836952523365,0.02158000709015265,0,0,0,1,1,1,2.75387725834908e-4,0,0,0
TUR.39.3_1,2074,6,albopictus,23.01546697055592,48.446876239709916,0.003201171000703309,0.0898156610293406,0.08940454499899884,0.0902147929802674,4.563410349600616e-11,4.0018979796663244e-11,5.160588623098761e-11,0.999999999954366,0.9999999999483942,0.999999999959981,3.2006586805832793e-4,1.460591894851279e-14,1.2808709507427709e-14,1.6517282773440362e-14
TUR.39.3_1,2074,7,albopictus,27.281259312349206,41.4502670447155,0.0037592447945251984,0.10246354003792406,0.10187300804913577,0.10303053511621417,1.8455836855446605e-9,1.5653209423094339e-9,2.146583799600421e-9,0.9999999981544163,0.9999999978534162,0.9999999984346791,3.6373171691517214e-4,6.712973226537906e-13,5.693568738694855e-13,7.80780610930955e-13
TUR.39.3_1,2074,8,albopictus,27.16577434539795,43.60650428187032,0.0044638662300820475,0.10768689097791127,0.10709929980728168,0.10828251872921824,7.3857242126607046e-9,6.3231201663516146e-9,8.585087271639756e-9,0.9999999926142757,0.9999999914149128,0.9999999936768798,4.318937615507279e-4,3.18984821198232e-12,2.730916153382863e-12,3.7078456349897695e-12
TUR.39.3_1,2074,9,albopictus,24.901995490579043,42.17876283446655,0.003557916944210759,0.09745022638081434,0.09693327994407462,0.09793287690659923,4.5273494198028174e-10,3.8898506082851727e-10,5.186960139180741e-10,0.999999999547265,0.9999999994813039,0.9999999996110149,3.557284080619727e-4,1.610506801846752e-13,1.3837303644841805e-13,1.8451490729916733e-13
TUR.39.3_1,2074,10,albopictus,18.231191004023835,63.63429110378658,0.003506178661168835,0.035000807778376324,0.03482198477129804,0.03517187187126959,0,0,0,1,1,1,3.3925005405344155e-4,0,0,0
TUR.39.3_1,2074,11,albopictus,9.318349616054228,66.9521502227542,0.002033757530717673,0,0,0,0,0,0,1,1,1,2.033550736252332e-4,0,0,0
TUR.39.3_1,2074,12,albopictus,4.140384179485195,77.33505992906377,0.001672797501252471,0,0,0,0,0,0,1,1,1,1.618705267057985e-4,0,0,0
TUR.39.3_1,2075,1,albopictus,8.01054600637187,77.29725329387703,0.001866462733904164,0,0,0,0,0,0,1,1,1,1.8060911407158375e-4,0,0,0
TUR.39.3_1,2075,2,albopictus,6.0073692995835755,72.97118302449269,0.0013961706089652443,0,0,0,0,0,0,1,1,1,1.4957852012087436e-4,0,0,0
TUR.39.3_1,2075,3,albopictus,7.995488311657134,57.27045533516586,0.0017139158412625346,0,0,0,0,0,0,1,1,1,1.6584906887040507e-4,0,0,0
TUR.39.3_1,2075,4,albopictus,9.32264695448034,73.42451529651886,0.002266338466129573,0,0,0,0,0,0,1,1,1,2.2660816710273757e-4,0,0,0
TUR.39.3_1,2075,5,albopictus,18.379362050224753,52.54790662194634,0.0031677419178635646,0.03163766106789808,0.031464871279007815,0.03179703925449072,0,0,0,1,1,1,3.0650868608250725e-4,0,0,0
TUR.39.3_1,2075,6,albopictus,27.35552052890553,21.250228595666947,0.003562983738415467,0.06357093352092867,0.06306733441545602,0.06410731263506304,2.520095243596643e-15,1.9984014443252818e-15,3.219646771412954e-15,0.9999999999999974,0.9999999999999968,0.999999999999998,3.5623490711389483e-4,8.977458950208183e-19,7.1190035289549e-19,1.146950568553845e-18
TUR.39.3_1,2075,7,albopictus,29.914808048921472,23.666075913123706,0.00418413388996512,0.05185051915247604,0.05130938527332411,0.05240751384480564,0,0,0,1,1,1,4.048342154059359e-4,0,0,0
TUR.39.3_1,2075,8,albopictus,30.956509590148926,33.972499688974814,0.004968395248098265,0.058310609150340205,0.0577101127601061,0.058884823528174673,2.190470027585434e-16,1.1102230246251565e-16,3.3306690738754696e-16,0.9999999999999998,0.9999999999999997,0.9999999999999999,4.8069687158502905e-4,1.0529520895610903e-19,5.336807346989814e-20,1.6010422040969443e-19
TUR.39.3_1,2075,9,albopictus,24.512875388650333,44.3105491809021,0.003960050935133,0.09855167599252028,0.09810209409130294,0.09896518111322418,6.201603017785828e-10,5.444217188177446e-10,6.959235882009195e-10,0.9999999993798397,0.9999999993040765,0.9999999994555783,3.9592669384547197e-4,2.4553801793740445e-13,2.1555109118917883e-13,2.7553472544546775e-13
TUR.39.3_1,2075,10,albopictus,14.77376779387979,74.02334444851314,0.003902464926421998,0.0059612780583635245,0.005912731254024767,0.00601253403058159,0,0,0,1,1,1,3.775865923385524e-4,0,0,0
TUR.39.3_1,2075,11,albopictus,10.425275580409696,81.01329219052764,0.002263623220451215,7.064486072752655e-36,4.0879543738231456e-47,1.0046124951715397e-37,0,0,0,1,1,1,2.2633670402771866e-4,0,0,0
TUR.39.3_1,2075,12,albopictus,7.498413783443325,75.03954296129034,0.001861865640203261,0,0,0,0,0,0,1,1,1,1.801643142864684e-4,0,0,0
TUR.40.25_1,2025,1,albopictus,7.292712092399597,82.98202379195787,0.23164622370676993,0,0,0,0,0,0,1,1,1,0.022167974227869758,0,0,0
TUR.40.25_1,2025,2,albopictus,7.03781048339956,73.2966847366435,0.17327838554840735,0,0,0,0,0,0,1,1,1,0.01839426324124982,0,0,0
TUR.40.25_1,2025,3,albopictus,11.50215038131265,75.2146235991413,0.2127136669636092,8.144184757544184e-6,7.80436605740377e-6,8.522601582855881e-6,0,0,0,1,1,1,0.02037476485863854,0,0,0
TUR.40.25_1,2025,4,albopictus,12.516645712011002,70.25677119604728,0.28127470095380164,2.795317810222999e-4,2.735584431017898e-4,2.8534469019680404e-4,0,0,0,1,1,1,0.02773557573696439,0,0,0
TUR.40.25_1,2025,5,albopictus,17.11503870346967,74.3607268386646,0.393147658199327,0.0253289676851394,0.025203725202891457,0.025463193452344064,0,0,0,1,1,1,0.03733187001164262,0,0,0
TUR.40.25_1,2025,6,albopictus,23.524976954740637,63.783699320827395,0.44220102182600096,0.12548158523963115,0.12505364040793887,0.12592539780528225,5.019998723675423e-7,4.567145333256306e-7,5.521492429161335e-7,0.9999994980001277,0.9999994478507571,0.9999995432854667,0.04325664700353826,2.1714831274824037e-8,1.9755939349452514e-8,2.3884124894094082e-8
TUR.40.25_1,2025,7,albopictus,25.477805193732767,66.85717447072821,0.5192918119862685,0.16319318618421103,0.16262463295675778,0.16376575441795294,5.066888641192304e-4,4.6447888169340036e-4,5.517860252486018e-4,0.9994933111358808,0.9994482139747514,0.9995355211183067,0.04901220114189453,2.4833936524569786e-5,2.276513237571917e-5,2.704424765677096e-5
TUR.40.25_1,2025,8,albopictus,27.20446715635412,66.05170279585985,0.6166262932543064,0.1748242597777642,0.17415331337555656,0.17546969004639654,0.0025920850405779963,0.0023736486867426856,0.002813969245580339,0.997407914959422,0.9971860307544197,0.9976263513132574,0.05792794163373871,1.5015415094028943e-4,1.375005825846308e-4,1.630074462171136e-4
TUR.40.25_1,2025,9,albopictus,22.354095290688907,67.78120340398645,0.4914809324326558,0.11148791122921564,0.11109789080541627,0.11186400874279906,1.9327826995874096e-8,1.7517850245396536e-8,2.1197000799055844e-8,0.999999980672173,0.9999999788029992,0.9999999824821497,0.04795987145225189,9.269600981734855e-10,8.401538458890172e-10,1.0166054334959988e-9
TUR.40.25_1,2025,10,albopictus,16.179517465479236,68.26935335404939,0.48433394727515094,0.014404962643771009,0.014315228960363883,0.014501862976536866,0,0,0,1,1,1,0.04578954310872907,0,0,0
TUR.40.25_1,2025,11,albopictus,9.918107607785394,78.85224246723867,0.28093771249086463,0,0,0,0,0,0,1,1,1,0.02770281099551042,0,0,0
TUR.40.25_1,2025,12,albopictus,7.979494824128993,77.41064372474264,0.23107567955579572,0,0,0,0,0,0,1,1,1,0.022113982768671048,0,0,0
TUR.40.25_1,2026,1,albopictus,7.244047999382019,81.56854875533678,0.2239776270060607,0,0,0,0,0,0,1,1,1,0.021442033978782193,0,0,0
TUR.40.25_1,2026,2,albopictus,8.208456197205713,80.06395768586225,0.16754204314464424,0,0,0,0,0,0,1,1,1,0.017790774954610677,0,0,0
TUR.40.25_1,2026,3,albopictus,8.594723547206204,80.25071826466865,0.20567182834189363,0,0,0,0,0,0,1,1,1,0.019706953840192165,0,0,0
TUR.40.25_1,2026,4,albopictus,10.916132253759049,82.02714167944572,0.2719631645548413,2.6251173174593512e-8,2.30706783471569e-8,2.9660672580514128e-8,0,0,0,1,1,1,0.0268298265489878,0,0,0
TUR.40.25_1,2026,5,albopictus,16.126164268044864,71.32640219266851,0.38013259243950126,0.014555817026748342,0.01446228021313006,0.014645817455319928,0,0,0,1,1,1,0.03611860394117805,0,0,0
TUR.40.25_1,2026,6,albopictus,21.362703547758215,74.43941526321021,0.42756205537637854,0.1014016979442012,0.10107400258995992,0.10171766354207931,1.376326442592557e-9,1.2558999618050847e-9,1.4999283648453599e-9,0.9999999986236735,0.9999999985000716,0.9999999987441001,0.041855047971237735,5.760620927879445e-11,5.2565753148427463e-11,6.277957366402271e-11
TUR.40.25_1,2026,7,albopictus,23.42754846460679,73.80443628103095,0.5021007720790341,0.14660898508996956,0.14616328069763093,0.14706058284697843,3.278005230739067e-5,3.023601593800107e-5,3.550702810523332e-5,0.9999672199476926,0.9999644929718947,0.999969763984062,0.04742877445124649,1.5547177073872943e-6,1.4340571802277469e-6,1.684054827437181e-6
TUR.40.25_1,2026,8,albopictus,24.89251647276037,73.75296240889696,0.5962130169990184,0.17589912846524458,0.17535643585580496,0.17638476436752626,0.0029739042924920582,0.0027734516044267883,0.003160801704226668,0.9970260957075079,0.9968391982957733,0.9972265483955732,0.05606505924476879,1.6673212034683943e-4,1.5549372851468693e-4,1.772105348084343e-4
TUR.40.25_1,2026,9,albopictus,19.89190466263715,79.72625650457239,0.4752105655058652,0.07547985131438527,0.07523222830915967,0.07573938826067425,3.3260516563160535e-13,3.026218164947636e-13,3.662681269389623e-13,0.9999999999996674,0.9999999999996336,0.9999999999996974,0.046409606403137404,1.5436074824613128e-14,1.4044559392524455e-14,1.6998359609251605e-14
TUR.40.25_1,2026,10,albopictus,16.01679392421947,82.30646654374665,0.46830017970198606,0.015785110576051854,0.015696646025110967,0.015872086036451554,0,0,0,1,1,1,0.04430778846378369,0,0,0
TUR.40.25_1,2026,11,albopictus,12.927630999509027,78.5003213856957,0.2716373320199989,7.350373156403453e-4,7.232462112799267e-4,7.463984493271147e-4,0,0,0,1,1,1,0.02679811698194534,0,0,0
TUR.40.25_1,2026,12,albopictus,8.494317784028896,78.49582591468405,0.22342597059227365,0,0,0,0,0,0,1,1,1,0.021389791186382956,0,0,0
TUR.40.25_1,2027,1,albopictus,7.459892153739929,78.43659837691881,0.2291016346231016,0,0,0,0,0,0,1,1,1,0.021927152897398994,0,0,0
TUR.40.25_1,2027,2,albopictus,8.51837746185415,75.52571153107709,0.17137495590795573,0,0,0,0,0,0,1,1,1,0.018194055242425455,0,0,0
TUR.40.25_1,2027,3,albopictus,9.382052267298977,74.07848468312568,0.21037704836374013,0,0,0,0,0,0,1,1,1,0.020153222661988268,0,0,0
TUR.40.25_1,2027,4,albopictus,11.346293729894303,77.276355851809,0.27818495262073517,3.0988466545527973e-6,2.931272751085264e-6,3.261125391173814e-6,0,0,0,1,1,1,0.027435124084938423,0,0,0
TUR.40.25_1,2027,5,albopictus,18.134995292214786,70.34614706571539,0.3888290070108227,0.03700316371249163,0.036844163340594135,0.03716153444231451,0,0,0,1,1,1,0.03692945419713123,0,0,0
TUR.40.25_1,2027,6,albopictus,22.802183375639075,69.57721738723365,0.4373435289002808,0.12398672523529831,0.12359257530017452,0.12439957134134931,3.616806283492924e-7,3.311425556595804e-7,3.9570570674885005e-7,0.9999996383193717,0.9999996042942934,0.9999996688574444,0.04279179670543565,1.5476963920617143e-8,1.4170184922303171e-8,1.6932958158377526e-8
TUR.40.25_1,2027,7,albopictus,24.577900942634134,68.68994577199774,0.513587491601183,0.1553683981602525,0.15484841362527554,0.1559140123039343,1.4752806069847103e-4,1.3529154750104578e-4,1.6118235301582906e-4,0.9998524719393015,0.9998388176469842,0.999864708452499,0.04848708146370373,7.153205097268993e-6,6.559892285033749e-6,7.815261881189957e-6
TUR.40.25_1,2027,8,albopictus,23.891780236188104,72.88154440962938,0.6098527723679741,0.15405055623358377,0.15353265815287964,0.15453490075431156,1.186218471056515e-4,1.0869916804546465e-4,1.2845132809669035e-4,0.9998813781528944,0.9998715486719033,0.9998913008319545,0.0573102090549511,6.798242856109333e-6,6.229572044784839e-6,7.361572466607438e-6
TUR.40.25_1,2027,9,albopictus,21.143989394692813,70.97524942449427,0.48608210919484474,0.09165749589572479,0.09132323312365012,0.09195047273033448,8.077888058455329e-11,7.279369884649611e-11,8.826491759705846e-11,0.9999999999192212,0.999999999911735,0.9999999999272062,0.04744574304338656,3.832614011547123e-12,3.4537511306485193e-12,4.187794600055724e-12
TUR.40.25_1,2027,10,albopictus,18.245900827295642,73.49420305497712,0.47901363229066657,0.04027653234557978,0.04010525451875667,0.04044674426413922,0,0,0,1,1,1,0.045298123044076766,0,0,0
TUR.40.25_1,2027,11,albopictus,8.165648081723383,74.79819583637929,0.27785166591105964,0,0,0,0,0,0,1,1,1,0.027402709250025747,0,0,0
TUR.40.25_1,2027,12,albopictus,6.59471155615414,81.96478190833639,0.22853735778956985,0,0,0,0,0,0,1,1,1,0.021873741389164092,0,0,0
TUR.40.25_1,2028,1,albopictus,7.573842883110046,80.38896806686022,0.22191233529373858,0,0,0,0,0,0,1,1,1,0.021246433046167912,0,0,0
TUR.40.25_1,2028,2,albopictus,8.776024022523096,76.01179551545209,0.17192561181569668,0,0,0,0,0,0,1,1,1,0.01762818124247212,0,0,0
TUR.40.25_1,2028,3,albopictus,7.415939176783842,74.08440509328193,0.20377533390979055,0,0,0,0,0,0,1,1,1,0.019527022461023003,0,0,0
TUR.40.25_1,2028,4,albopictus,12.88104180728688,70.71318446509025,0.26945539948330216,5.888375046207754e-4,5.79603777832489e-4,5.986077693176353e-4,0,0,0,1,1,1,0.026585747728685494,0,0,0
TUR.40.25_1,2028,5,albopictus,18.1624096141142,72.23897696073492,0.3766273999645065,0.03835681509044362,0.038189466754403045,0.03852837181793795,0,0,0,1,1,1,0.035791588175650535,0,0,0
TUR.40.25_1,2028,6,albopictus,22.927730784696692,67.58657865432349,0.42361951709130086,0.12246918476556069,0.1220511174280089,0.12288549505322935,2.5811579382561955e-7,2.3475844365128396e-7,2.8297917736563875e-7,0.9999997418842062,0.9999997170208227,0.9999997652415563,0.04147722118069963,1.0705925870737086e-8,9.737127891361117e-9,1.1737189929127028e-8
TUR.40.25_1,2028,7,albopictus,25.57499605066636,66.02475412160712,0.49747091427945445,0.16179456569116163,0.16122457457558248,0.162384907470202,4.0959087995260025e-4,3.7483401040941107e-4,4.478424922476021e-4,0.9995904091200474,0.9995521575077524,0.9996251659895905,0.04700187856627036,1.925154080138394e-5,1.761790263977126e-5,2.104943843743767e-5
TUR.40.25_1,2028,8,albopictus,25.60982833189123,64.68244772994188,0.5907153527043908,0.15807962088604355,0.15749232327748966,0.15865209359735022,2.2896847515387086e-4,2.0817311468082912e-4,2.5055287505190146e-4,0.9997710315248461,0.9997494471249481,0.9997918268853191,0.05556272200555412,1.2722111733010152e-5,1.1566664900041245e-5,1.3921399744201139e-5
TUR.40.25_1,2028,9,albopictus,19.465076278237735,70.40927804998255,0.470828661582396,0.05836736658100695,0.0581418396173546,0.058596885581006494,2.220446049250313e-16,2.220446049250313e-16,2.220446049250313e-16,0.9999999999999998,0.9999999999999998,0.9999999999999998,0.04599166069121874,1.0212200128027757e-17,1.0212200128027757e-17,1.0212200128027757e-17
TUR.40.25_1,2028,10,albopictus,15.11814375484691,82.39140459306306,0.46398199626131903,0.008737325882541077,0.008675812854540275,0.008800425951939063,0,0,0,1,1,1,0.043908332010369255,0,0,0
TUR.40.25_1,2028,11,albopictus,12.432306864682367,80.95873355610586,0.26913257144155495,2.8579641607237236e-4,2.7978785986441777e-4,2.9145458136879834e-4,0,0,0,1,1,1,0.026554322679756992,0,0,0
TUR.40.25_1,2028,12,albopictus,6.539836659150966,80.30700602943014,0.2213657656889988,0,0,0,0,0,0,1,1,1,0.021194661649544755,0,0,0
TUR.40.25_1,2029,1,albopictus,9.387560725212097,81.45637376754381,0.25203926683884964,0,0,0,0,0,0,1,1,1,0.024095842614336616,0,0,0
TUR.40.25_1,2029,2,albopictus,5.880579152527978,81.36432694855756,0.18853299895759862,0,0,0,0,0,0,1,1,1,0.019997311715691635,0,0,0
TUR.40.25_1,2029,3,albopictus,9.82847865890054,73.16169848927802,0.23143997691918541,0,0,0,0,0,0,1,1,1,0.022148457125278465,0,0,0
TUR.40.25_1,2029,4,albopictus,10.480633062474869,75.48541652075431,0.30603680161197894,9.971732364599666e-21,1.317487148274489e-23,6.029624286996923e-20,0,0,0,1,1,1,0.03014012837359037,0,0,0
TUR.40.25_1,2029,5,albopictus,15.253295730142032,74.65802908475835,0.42775852740600123,0.008685626146128483,0.008621344175729871,0.008751707216730187,0,0,0,1,1,1,0.04055087420897019,0,0,0
TUR.40.25_1,2029,6,albopictus,22.831791148466223,72.54999570754615,0.4811303182628063,0.13078138885478816,0.13036854712130855,0.13119371633540705,1.5472598031412988e-6,1.4187918772223806e-6,1.6834787127328886e-6,0.9999984527401968,0.9999983165212872,0.9999985812081228,0.046973941286656884,7.268089114796366e-8,6.664624633862982e-8,7.907963020925143e-8
TUR.40.25_1,2029,7,albopictus,26.37189012415269,70.96531732351141,0.5650078187076951,0.18728637155587136,0.1866505945236571,0.18792586788404972,0.01100109249562179,0.010300220178061049,0.011733039734752211,0.9889989075043782,0.9882669602652477,0.9896997798219389,0.05321020139470345,5.853703472537962e-4,5.480767900844166e-4,6.243174072582232e-4
TUR.40.25_1,2029,8,albopictus,25.418288567486933,67.87556296431688,0.670911169534558,0.16556707597502945,0.16502089921016122,0.16617287620453722,7.214121631750746e-4,6.651183516674458e-4,7.875645360211209e-4,0.9992785878368249,0.9992124354639789,0.9993348816483325,0.06286402265531477,4.5350870569657525e-5,4.1812015127687926e-5,4.95094748349542e-5
TUR.40.25_1,2029,9,albopictus,23.58491308548871,64.79226602605677,0.5347486002293097,0.12871378411435885,0.12825064431000502,0.1291388875331023,1.0039663285776878e-6,9.091718069204057e-7,1.096890186835786e-6,0.9999989960336714,0.9999989031098132,0.999999090828193,0.05207022836302688,5.227675599782989e-8,4.7340783607571314e-8,5.711532251770261e-8
TUR.40.25_1,2029,10,albopictus,15.725539880640367,74.90797563798493,0.5269724281407638,0.011976661561980365,0.011894078444799524,0.012053047570313061,0,0,0,1,1,1,0.04971879388840905,0,0,0
TUR.40.25_1,2029,11,albopictus,13.017712214413812,76.93882083637929,0.30567014627103417,8.320806735724849e-4,8.204560073328026e-4,8.444381194249905e-4,0,0,0,1,1,1,0.030104567291471263,0,0,0
TUR.40.25_1,2029,12,albopictus,7.991967930513271,74.48204722816061,0.2514184946664841,0,0,0,0,0,0,1,1,1,0.024037213678089087,0,0,0
TUR.40.25_1,2030,1,albopictus,8.326739192008972,83.5936036869774,0.24482067681505937,0,0,0,0,0,0,1,1,1,0.02341386391849154,0,0,0
TUR.40.25_1,2030,2,albopictus,6.2059661535655755,76.55822801056928,0.1831332751665405,0,0,0,0,0,0,1,1,1,0.019430175122041704,0,0,0
TUR.40.25_1,2030,3,albopictus,10.612863386378567,73.11495318898506,0.2248113657132844,3.430340777518612e-13,1.2443420446287127e-13,9.326651754648841e-13,0,0,0,1,1,1,0.021520985147243765,0,0,0
TUR.40.25_1,2030,4,albopictus,12.995452207677506,70.86952601782463,0.2972716824671061,7.206390355596967e-4,7.090426722970358e-4,7.326410719954293e-4,0,0,0,1,1,1,0.02928966197320948,0,0,0
TUR.40.25_1,2030,5,albopictus,18.02836305954877,69.54291678007085,0.41550720848553124,0.035113191464019436,0.03494177874609891,0.03527317576058005,0,0,0,1,1,1,0.03941266568044077,0,0,0
TUR.40.25_1,2030,6,albopictus,23.453327403349036,66.67543058303443,0.4673503919873677,0.13051794274480497,0.13001541671838485,0.1309748586292257,1.465239543085972e-6,1.3181180063992492e-6,1.609010852374193e-6,0.9999985347604569,0.9999983909891477,0.9999986818819936,0.04565977315484637,6.690250515481624e-8,6.018496916350806e-8,7.346707052309165e-8
TUR.40.25_1,2030,7,albopictus,25.06810670740464,68.46550424367743,0.5488255791120903,0.16246083208531814,0.16189664810861024,0.16300130095667154,4.534372348596927e-4,4.1564972952447266e-4,4.917762405398457e-4,0.9995465627651403,0.9995082237594602,0.9995843502704755,0.05172634504371221,2.3454650866019232e-5,2.1500041326708522e-5,2.543778750246367e-5
TUR.40.25_1,2030,8,albopictus,23.55887732786291,72.04268485152392,0.6516957800597577,0.14508801457781528,0.14458087797424368,0.1455481842309922,2.4918825046078895e-5,2.269867047019203e-5,2.7060815947538283e-5,0.9999750811749539,0.9999729391840525,0.9999773013295298,0.061119746583668366,1.5230322719791103e-6,1.3873369869243333e-6,1.6539502130608315e-6
TUR.40.25_1,2030,9,albopictus,20.48796827652875,73.37034524968958,0.5194330069121811,0.08103150094851896,0.08073109707290246,0.08130936837018315,2.4890323135906555e-12,2.2377405484164112e-12,2.7389757129014924e-12,0.999999999997511,0.9999999999972611,0.9999999999977622,0.050617305340568186,1.2598810861955908e-13,1.1326839661216399e-13,1.3863956998033527e-13
TUR.40.25_1,2030,10,albopictus,16.35191698635326,79.66462847001618,0.5118795501130646,0.018454047304751985,0.018350460853182423,0.018557369362846687,0,0,0,1,1,1,0.048329797976428446,0,0,0
TUR.40.25_1,2030,11,albopictus,12.015304186764887,77.96537112934804,0.29691552840486884,8.424275860104781e-5,8.196008226278733e-5,8.668045784284572e-5,0,0,0,1,1,1,0.02925508911453556,0,0,0
TUR.40.25_1,2030,12,albopictus,11.22606731863583,79.35473552161764,0.2442176840144032,1.2471960750079843e-6,1.168690844924789e-6,1.33219852008125e-6,0,0,0,1,1,1,0.02335687440966161,0,0,0
TUR.40.25_1,2031,1,albopictus,7.835821986198425,79.89978654830553,0.23877568210286368,0,0,0,0,0,0,1,1,1,0.02284239439023228,0,0,0
TUR.40.25_1,2031,2,albopictus,8.128251233521631,79.56068467560834,0.17861143618459416,0,0,0,0,0,0,1,1,1,0.018954990858620402,0,0,0
TUR.40.25_1,2031,3,albopictus,8.247802580104153,76.97874560841865,0.21926043131240902,0,0,0,0,0,0,1,1,1,0.020995217539742206,0,0,0
TUR.40.25_1,2031,4,albopictus,10.996629995458267,78.04504786841056,0.2899315926839353,8.170053789978934e-8,7.335619189039499e-8,9.099586781122827e-8,0,0,0,1,1,1,0.028576890311354575,0,0,0
TUR.40.25_1,2031,5,albopictus,14.584830115823184,77.81963491971929,0.4052477038111298,0.005359652864009411,0.0053118811695623104,0.005404193368067218,0,0,0,1,1,1,0.038458467851228306,0,0,0
TUR.40.25_1,2031,6,albopictus,21.595918879789465,71.43187742141333,0.45581080029495374,0.1018629600550803,0.10152177029878662,0.10217630368373155,1.5627116543015518e-9,1.4212048288220204e-9,1.7009816943858168e-9,0.9999999984372884,0.9999999982990183,0.9999999985787952,0.044557867844911225,6.963109937207114e-11,6.332585694320126e-11,7.579211754505639e-11
TUR.40.25_1,2031,7,albopictus,24.263945635627298,72.13095147878485,0.535274241182588,0.15938668939020656,0.15886858059462566,0.15987482461241764,2.8163852042272506e-4,2.5930508108004956e-4,3.038539571130039e-4,0.9997183614795773,0.999696146042887,0.9997406949189199,0.05048194440966636,1.421766013160069e-5,1.309022468822709e-5,1.5339138571635808e-5
TUR.40.25_1,2031,8,albopictus,24.786733010235956,74.03681403243212,0.6356044204749729,0.1748878115333127,0.17434696677873104,0.17543581800845423,0.002612649755429594,0.0024343488615169912,0.002801797187356958,0.9973873502445704,0.997198202812643,0.9975656511384831,0.059656556673969297,1.5586168820401762e-4,1.45224870821301e-4,1.6714557269652814e-4
TUR.40.25_1,2031,9,albopictus,22.439624618081485,67.19340051702356,0.5066074162759129,0.11212931077511938,0.1117569743336938,0.1124885693860198,2.2661078832753036e-8,2.06416760739625e-8,2.473479638609444e-8,0.9999999773389212,0.9999999752652036,0.999999979358324,0.049398884779536134,1.1194320222391523e-9,1.0196757780341812e-9,1.2218713567219658e-9
TUR.40.25_1,2031,10,albopictus,17.190284448511463,72.90049883134431,0.4992404658087105,0.02572480101798012,0.025590028539564755,0.025853760145820803,0,0,0,1,1,1,0.0471650625886354,0,0,0
TUR.40.25_1,2031,11,albopictus,13.051296809140375,75.62024783833242,0.28958423260695676,8.593677683439106e-4,8.465499334538881e-4,8.727785201810761e-4,0,0,0,1,1,1,0.02854314636467692,0,0,0
TUR.40.25_1,2031,12,albopictus,9.024859204011806,75.51692119056295,0.23818757811118751,0,0,0,0,0,0,1,1,1,0.02278677955392372,0,0,0
TUR.40.25_1,2032,1,albopictus,10.789401888847351,79.35906846969225,0.25212354519981184,1.2559661080586189e-9,9.940136895955228e-10,1.5802604372061058e-9,0,0,0,1,1,1,0.024103802027314436,0,0,0
TUR.40.25_1,2032,2,albopictus,9.61509720367544,77.8196110672099,0.19533161464072596,0,0,0,0,0,0,1,1,1,0.02000393120176447,0,0,0
TUR.40.25_1,2032,3,albopictus,8.859096372828763,76.23725238332099,0.23151736716936558,0,0,0,0,0,0,1,1,1,0.02215578059871326,0,0,0
TUR.40.25_1,2032,4,albopictus,13.031392377965592,78.11001216284416,0.30613913598375153,8.678390970364241e-4,8.552246546414234e-4,8.810677479284653e-4,0,0,0,1,1,1,0.030150053322874126,0,0,0
TUR.40.25_1,2032,5,albopictus,19.68814737656537,68.7265944534107,0.4279015637988203,0.06089651245766293,0.06063585501773556,0.061142028623207605,7.357447984190912e-16,6.661338147750939e-16,7.771561172376096e-16,0.9999999999999992,0.9999999999999992,0.9999999999999993,0.04056415503402411,2.9844866068548834e-17,2.702115533594281e-17,3.152468122526661e-17
TUR.40.25_1,2032,6,albopictus,23.299682841581458,61.20261411574927,0.481291201426533,0.11636849902995552,0.11594308250719376,0.11682230664429705,6.328437056124513e-8,5.711815332931636e-8,7.03646626576404e-8,0.9999999367156295,0.9999999296353373,0.9999999428818467,0.04698927374806372,2.973686612276253e-9,2.6839405427751236e-9,3.3063843958100217e-9
TUR.40.25_1,2032,7,albopictus,24.524014529059915,61.38118417531806,0.565196749319535,0.13540596914698122,0.13492122859562503,0.13589109955851308,3.956485462095372e-6,3.58815368628751e-6,4.350727032553792e-6,0.9999960435145379,0.9999956492729675,0.9999964118463137,0.053227511969608066,2.105938772912617e-7,1.9098849328566173e-7,2.3157837520175435e-7
TUR.40.25_1,2032,8,albopictus,25.54712424558752,71.67888480269579,0.6711355127269057,0.17970397647944272,0.17905991550124256,0.18024933106663998,0.0047512052284573066,0.0043959971370233246,0.005065775237622313,0.9952487947715427,0.9949342247623776,0.9956040028629767,0.06288436824834209,2.9877653920975763e-4,2.764395027832323e-4,3.1855807550597423e-4
TUR.40.25_1,2032,9,albopictus,22.903188537148868,68.10362543157434,0.5349274125870801,0.12303382665220261,0.1226110433893217,0.12344566197354942,2.928026783831639e-7,2.661566749745381e-7,3.205304663050912e-7,0.9999997071973216,0.9999996794695336,0.999999733843325,0.05208717836722965,1.5251265335346432e-8,1.3863350203027533e-8,1.6695527570564574e-8
TUR.40.25_1,2032,10,albopictus,15.297029214746813,74.40831896073884,0.5271486402567289,0.008930995998626822,0.008864188536017566,0.008997375657876307,0,0,0,1,1,1,0.04973499869173281,0,0,0
TUR.40.25_1,2032,11,albopictus,11.422409632626703,79.5018854115746,0.305772358038454,5.687632271085851e-6,5.413341262011184e-6,5.967903888457508e-6,0,0,0,1,1,1,0.0301144807134468,0,0,0
TUR.40.25_1,2032,12,albopictus,8.70244385214413,81.89169230872702,0.2515025654500244,0,0,0,0,0,0,1,1,1,0.024045153964125765,0,0,0
TUR.40.25_1,2033,1,albopictus,6.774407267570496,75.68241746871568,0.24342253968977254,0,0,0,0,0,0,1,1,1,0.023281719366015863,0,0,0
TUR.40.25_1,2033,2,albopictus,6.400315442506005,73.97376298371381,0.182087426285569,0,0,0,0,0,0,1,1,1,0.019320290981246102,0,0,0
TUR.40.25_1,2033,3,albopictus,8.411511266932767,76.11657062062568,0.22352749900447846,0,0,0,0,0,0,1,1,1,0.021399406307598845,0,0,0
TUR.40.25_1,2033,4,albopictus,12.353217405431412,80.510486711184,0.29557400488136976,2.3388427103264488e-4,2.2892310492822525e-4,2.391218121585759e-4,0,0,0,1,1,1,0.02912485266564091,0,0,0
TUR.40.25_1,2033,5,albopictus,18.47177011826459,68.87541342313726,0.4131343041150121,0.04111751569894742,0.04092505275097901,0.04129376005516218,0,0,0,1,1,1,0.03919205500774381,0,0,0
TUR.40.25_1,2033,6,albopictus,24.043991313261145,63.90612058547583,0.464681418344882,0.13436076787098222,0.13389523461606015,0.13484988996393887,3.2110348698707325e-6,2.920948965318138e-6,3.53741293798171e-6,0.9999967889651301,0.999996462587062,0.9999970790510346,0.04540502826984805,1.4579712904194844e-7,1.3262577034505343e-7,1.6061633445118577e-7
TUR.40.25_1,2033,7,albopictus,24.766818102668314,70.04460580617743,0.5456913119111082,0.16240250378811247,0.16184063764476034,0.16292693572119948,4.4940885493281523e-4,4.1209701786511785e-4,4.862722969234262e-4,0.9995505911450672,0.9995137277030766,0.9995879029821348,0.051438674675061136,2.311699588498083e-5,2.1197724436526653e-5,2.5013202484938853e-5
TUR.40.25_1,2033,8,albopictus,23.55403647703283,69.16220313155321,0.6479740353266418,0.13808833934903078,0.13762151170793296,0.138510847116111,6.696416561284058e-6,6.110042455556575e-6,7.259981600021836e-6,0.9999933035834387,0.9999927400184,0.9999938899575445,0.06078153026323585,4.070184458749207e-7,3.713777304220678e-7,4.4127279133226264e-7
TUR.40.25_1,2033,9,albopictus,22.26213056900922,78.6298972516427,0.5164665966378892,0.13011493127034132,0.12971403862898873,0.1304932644403673,1.346957563349349e-6,1.2376338203529126e-6,1.4560724650919398e-6,0.9999986530424366,0.9999985439275348,0.9999987623661797,0.05033563770757832,6.779996791623531e-8,6.229708759593027e-8,7.329233607884836e-8
TUR.40.25_1,2033,10,albopictus,18.194423395044666,79.3180021882779,0.5089562765889545,0.04270809347911515,0.04253682268754649,0.0428783930739028,0,0,0,1,1,1,0.04806053482949768,0,0,0
TUR.40.25_1,2033,11,albopictus,13.77565822881811,77.31076907856679,0.2952198847658693,0.0023705737155320494,0.0023443364900355766,0.0023972138928066797,0,0,0,1,1,1,0.029090471414958796,0,0,0
TUR.40.25_1,2033,12,albopictus,8.531849636751064,79.88989940101217,0.24282299049785008,0,0,0,0,0,0,1,1,1,0.023225047658487097,0,0,0
TUR.40.25_1,2034,1,albopictus,8.525988459587097,75.85102708785631,0.23413949674626008,0,0,0,0,0,0,1,1,1,0.022403881465734576,0,0,0
TUR.40.25_1,2034,2,albopictus,5.718563714448144,79.87663316193647,0.17514342923485704,0,0,0,0,0,0,1,1,1,0.018590394099770258,0,0,0
TUR.40.25_1,2034,3,albopictus,8.203535879359524,76.34666553029365,0.2150031636041536,0,0,0,0,0,0,1,1,1,0.020591790687901845,0,0,0
TUR.40.25_1,2034,4,albopictus,11.872272771947525,77.48242579809806,0.2843021391626217,5.0211835867211246e-5,4.8843270230012405e-5,5.170956338540234e-5,0,0,0,1,1,1,0.028029878232294636,0,0,0
TUR.40.25_1,2034,5,albopictus,16.725609611062442,74.01545095975835,0.39737921630997375,0.020856775344632917,0.020734792217282454,0.020974935142801392,0,0,0,1,1,1,0.037726007318314214,0,0,0
TUR.40.25_1,2034,6,albopictus,21.73125098733341,73.72651700881568,0.4469605549973657,0.10852997401275832,0.10818677863492919,0.10888687847662915,9.15720566030398e-9,8.376389498687686e-9,1.0022405005916112e-8,0.9999999908427943,0.999999989977595,0.9999999916236105,0.043711903826953336,4.0027889314684026e-10,3.6614793218373805e-10,4.380984037333808e-10
TUR.40.25_1,2034,7,albopictus,25.440363940070657,67.1057439592536,0.5248810948752151,0.16347136194756393,0.16287383809306955,0.1640205785066055,5.284067213411544e-4,4.8237729387985706e-4,5.732441206632077e-4,0.9994715932786589,0.9994267558793368,0.9995176227061201,0.0495264497768928,2.6170108946275272e-5,2.3890434818854198e-5,2.8390746151925434e-5
TUR.40.25_1,2034,8,albopictus,25.47079024595373,73.31929999434618,0.6232632143653444,0.18417123475960298,0.18360080414104302,0.1847847900669324,0.007914247553667476,0.0074299810492820554,0.008455769929686307,0.9920857524463326,0.9915442300703137,0.992570018950718,0.05853282393432213,4.6324325863145795e-4,4.348977725929765e-4,4.949400925234641e-4
TUR.40.25_1,2034,9,albopictus,22.497274230508243,68.18200220159387,0.49677087905319295,0.11508580622083497,0.11470062254525634,0.11546876448380622,4.6576244852380986e-8,4.240855681902911e-8,5.100214413022996e-8,0.9999999534237551,0.9999999489978558,0.9999999575914431,0.04846336241455773,2.257241434190119e-9,2.055261258598971e-9,2.4717353949028433e-9
TUR.40.25_1,2034,10,albopictus,18.451305108911853,72.69188066728181,0.48954696889720684,0.0429975698969299,0.04281460880084904,0.04317334657858874,0,0,0,1,1,1,0.04627080748461554,0,0,0
TUR.40.25_1,2034,11,albopictus,11.836981394711664,74.88589572651601,0.2839615235986865,4.088246336238089e-5,3.9612525660989725e-5,4.2247586457423616e-5,0,0,0,1,1,1,0.02799677085333807,0,0,0
TUR.40.25_1,2034,12,albopictus,8.880429043489345,78.29070201331686,0.23356281166914988,0,0,0,0,0,0,1,1,1,0.02234932203109008,0,0,0
TUR.40.25_1,2035,1,albopictus,5.957031607627869,78.72382219283678,0.22815987102806567,0,0,0,0,0,0,1,1,1,0.021838008828717448,0,0,0
TUR.40.25_1,2035,2,albopictus,5.660483994904687,78.65880631867475,0.17067048823865905,0,0,0,0,0,0,1,1,1,0.018119947030065142,0,0,0
TUR.40.25_1,2035,3,albopictus,7.571480596766752,78.04551043996162,0.20951225555811034,0,0,0,0,0,0,1,1,1,0.020071216219815002,0,0,0
TUR.40.25_1,2035,4,albopictus,12.071789068334244,80.1563378464379,0.2770414231933001,1.0620869843450767e-4,1.0345537916951763e-4,1.090422903336717e-4,0,0,0,1,1,1,0.027323902070207406,0,0,0
TUR.40.25_1,2035,5,albopictus,17.770090888528262,69.37882376249273,0.38723065523956984,0.03158392185321511,0.03142680776353724,0.03173867173947766,0,0,0,1,1,1,0.03678047569038745,0,0,0
TUR.40.25_1,2035,6,albopictus,22.33585189370548,61.685100840602786,0.43554574943563223,0.10071791477063236,0.10036699741623302,0.10111392280320099,1.1393728989173013e-9,1.0319065435471232e-9,1.2698520901466282e-9,0.9999999988606271,0.9999999987301479,0.9999999989680934,0.042619696310843835,4.8559726936661154e-11,4.397954350715094e-11,5.412071044173958e-11
TUR.40.25_1,2035,7,albopictus,24.600300844977884,65.44062860280829,0.5114762975747784,0.14688761262142358,0.146354594377649,0.14741208757769994,3.446569049519022e-5,3.129350385219776e-5,3.7800006573585064e-5,0.9999655343095049,0.9999621999934264,0.9999687064961478,0.048292658855839554,1.664439833315173e-6,1.5112465059380871e-6,1.8254628222066362e-6
TUR.40.25_1,2035,8,albopictus,26.06975684446447,68.39599829756884,0.607345862540409,0.17505163933468906,0.17440482984376893,0.17565137614454673,0.0026688826048455283,0.0024527497682504864,0.0028800528845302903,0.9973311173951545,0.9971199471154697,0.9975472502317495,0.05708148083009401,1.523437712462614e-4,1.400065888774077e-4,1.643976835179727e-4
TUR.40.25_1,2035,9,albopictus,23.262819121865665,71.87627328924036,0.4840839810043102,0.1385247473410676,0.13810517686157553,0.13896475654281096,7.286165182284421e-6,6.711966115940937e-6,7.92362849610373e-6,0.9999927138348177,0.9999920763715039,0.9999932880338841,0.04725539147529423,3.4431058804250883e-7,3.171765863776991e-7,3.7443416648817857e-7
TUR.40.25_1,2035,10,albopictus,17.41497965419994,73.37471147782868,0.4770445603494759,0.028646170016380937,0.02850886589278112,0.028777849974423245,0,0,0,1,1,1,0.04511618216022795,0,0,0
TUR.40.25_1,2035,11,albopictus,12.234327891293695,77.53257846577382,0.27670950651876375,1.6123422944050052e-4,1.574531634970145e-4,1.652395586811807e-4,0,0,0,1,1,1,0.027291616792826767,0,0,0
TUR.40.25_1,2035,12,albopictus,6.732897057252773,77.11008372718405,0.2275979137562438,0,0,0,0,0,0,1,1,1,0.021784812036041545,0,0,0
TUR.40.25_1,2036,1,albopictus,6.561928629875183,80.65445573775865,0.2345022741624409,0,0,0,0,0,0,1,1,1,0.022438201811082026,0,0,0
TUR.40.25_1,2036,2,albopictus,8.285672345582178,76.71215104523725,0.1816796119250585,0,0,0,0,0,0,1,1,1,0.01861892836053325,0,0,0
TUR.40.25_1,2036,3,albopictus,7.043254698024076,77.70211902150459,0.2153362910484632,0,0,0,0,0,0,1,1,1,0.02062336447770452,0,0,0
TUR.40.25_1,2036,4,albopictus,11.888478559606217,76.56291591040275,0.2847426389368733,5.207356109361279e-5,5.045758204049063e-5,5.365856561989355e-5,0,0,0,1,1,1,0.028072692551224687,0,0,0
TUR.40.25_1,2036,5,albopictus,17.23906214096967,71.2349944167896,0.39799491851887153,0.025730027480291125,0.025603627534438976,0.025857306691731377,0,0,0,1,1,1,0.03778334182530052,0,0,0
TUR.40.25_1,2036,6,albopictus,24.557899699491614,65.2239726057395,0.44765307888816575,0.14566572021614352,0.14516829157688327,0.1461557833181034,2.7669445726821618e-5,2.5260512682354075e-5,3.0195270879335155e-5,0.9999723305542731,0.9999698047291207,0.9999747394873176,0.04377812676918713,1.21131650266194e-6,1.1058579264627558e-6,1.321892396385479e-6
TUR.40.25_1,2036,7,albopictus,25.53910737879136,67.94521768361884,0.5256943494095722,0.167360876749769,0.1667897261158189,0.1679672001476412,9.359349430017494e-4,8.613045122758596e-4,0.0010198146357315197,0.9990640650569983,0.9989801853642685,0.9991386954877242,0.04960125105184776,4.6423544076026595e-5,4.27217813454842e-5,5.058408177326778e-5
TUR.40.25_1,2036,8,albopictus,25.341039040509393,71.63791495406298,0.6242289028615191,0.17652442703231758,0.17591500030341886,0.17709181075823371,0.003218741225987166,0.0029783539650309002,0.003453742714142388,0.9967812587740128,0.9965462572858577,0.9970216460349691,0.05862080343823117,1.8868519672712487e-4,1.7459350235355284e-4,2.0246117277196397e-4
TUR.40.25_1,2036,9,albopictus,21.700156997231876,67.17053140691614,0.497540579417468,0.09744238134524931,0.09705099692492354,0.09779312434088339,4.5116045432891383e-10,4.02459601756e-10,4.983351814535908e-10,0.9999999995488396,0.9999999995016648,0.9999999995975404,0.04853659940565158,2.1897794239434255e-11,1.9534020467389044e-11,2.4187495071955628e-11
TUR.40.25_1,2036,10,albopictus,14.892186838037828,75.37824388749665,0.49030547648325556,0.006681920320898078,0.006627628203510713,0.006735389884215855,0,0,0,1,1,1,0.04634081241470578,0,0,0
TUR.40.25_1,2036,11,albopictus,11.311141589108637,79.08328342182851,0.2844014956207393,2.5228547197256868e-6,2.3856149445163675e-6,2.6618290202016738e-6,0,0,0,1,1,1,0.028039535335189325,0,0,0
TUR.40.25_1,2036,12,albopictus,9.038473858552821,80.56484141761374,0.23392469556533457,0,0,0,0,0,0,1,1,1,0.022383559757674698,0,0,0
TUR.40.25_1,2037,1,albopictus,8.864784121513367,81.30229051559068,0.23801831206518587,0,0,0,0,0,0,1,1,1,0.022770772098502978,0,0,0
TUR.40.25_1,2037,2,albopictus,5.647754826966454,77.93067216340131,0.1780449004764288,0,0,0,0,0,0,1,1,1,0.01889543936956528,0,0,0
TUR.40.25_1,2037,3,albopictus,9.376254881129544,74.25048938283271,0.21856496149043278,0,0,0,0,0,0,1,1,1,0.020929324843480424,0,0,0
TUR.40.25_1,2037,4,albopictus,12.192278188817642,75.89934932104728,0.2890119617594577,1.3827912271674247e-4,1.3484944770353886e-4,1.4169692813754495e-4,0,0,0,1,1,1,0.028487551130221722,0,0,0
TUR.40.25_1,2037,5,albopictus,19.67255480149213,61.68979025419195,0.4039623029445036,0.05480159554662506,0.05456579685732893,0.0550365024167643,0,0,0,1,1,1,0.03833885076783361,0,0,0
TUR.40.25_1,2037,6,albopictus,22.52541183022892,67.69876890090552,0.45436501888223585,0.11475678735005007,0.11437383937170131,0.11514775051100887,4.303234860048022e-8,3.9190511785802685e-8,4.7224982355209555e-8,0.9999999569676514,0.9999999527750176,0.9999999608094882,0.04441972181114373,1.9114849537134917e-9,1.740831631161705e-9,2.0977205787545797e-9
TUR.40.25_1,2037,7,albopictus,26.019429262946634,66.91470773488837,0.5335764105298091,0.16954075684714232,0.16894443714765506,0.1701408558577191,0.0012741133986190103,0.001171036521991578,0.0013836874225612666,0.998725886601381,0.9986163125774388,0.9988289634780084,0.05032591989597701,6.412092883729134e-5,5.893349020101168e-5,6.963534238888919e-5
TUR.40.25_1,2037,8,albopictus,26.420094826642206,65.38375693404345,0.6335883535972917,0.16800871599547357,0.1673407853523907,0.16861747568298788,0.001026928236252253,9.324556249275667e-4,0.0011183162930010343,0.9989730717637477,0.998881683706999,0.9990675443750725,0.05947307471722729,6.107457972386069e-5,5.545600305181605e-5,6.650970845114316e-5
TUR.40.25_1,2037,9,albopictus,22.250856231240665,66.82036508611536,0.5050005136191027,0.10775377128328649,0.1073927376332265,0.10812244531964225,7.50036152230571e-9,6.823664586153022e-9,8.238904786184164e-9,0.9999999924996384,0.9999999917610952,0.9999999931763355,0.049246120160209794,3.6936370477248104e-10,3.3603900614266e-10,4.0573409508895293e-10
TUR.40.25_1,2037,10,albopictus,16.879144388086658,76.98491045243806,0.4976569303034618,0.02341824859749208,0.023293666494068804,0.023537394822568482,0,0,0,1,1,1,0.04701903385586892,0,0,0
TUR.40.25_1,2037,11,albopictus,11.04543075842016,83.5557413075707,0.28866570347020004,2.0753716943095302e-7,1.9106357470399572e-7,2.259185950311742e-7,0,0,0,1,1,1,0.02845391112396467,0,0,0
TUR.40.25_1,2037,12,albopictus,7.466128124910243,74.02109446937155,0.2374320734742842,0,0,0,0,0,0,1,1,1,0.02271532960785816,0,0,0
TUR.40.25_1,2038,1,albopictus,5.854665160179138,78.83003862350084,0.24547095125023854,0,0,0,0,0,0,1,1,1,0.023475318339464035,0,0,0
TUR.40.25_1,2038,2,albopictus,7.429488339844872,83.310966963206,0.18361970012304607,0,0,0,0,0,0,1,1,1,0.01948127810833733,0,0,0
TUR.40.25_1,2038,3,albopictus,9.479335630641263,74.36280169972724,0.22540849290761647,0,0,0,0,0,0,1,1,1,0.021577526393778967,0,0,0
TUR.40.25_1,2038,4,albopictus,13.534031194799088,71.25139247290275,0.2980612733543051,0.0016051578137787582,0.001585214581523533,0.0016257249707181385,0,0,0,1,1,1,0.02936630535102558,0,0,0
TUR.40.25_1,2038,5,albopictus,19.33011324265424,63.74596548612554,0.41661084776480223,0.05096149755154904,0.05076131457815614,0.051193549863224615,0,0,0,1,1,1,0.03951525458060989,0,0,0
TUR.40.25_1,2038,6,albopictus,22.182037577909583,66.11203031447974,0.4685917332667643,0.1052073004362422,0.10483116281511758,0.10558081705316098,3.852455359165674e-9,3.481902327573394e-9,4.247426821368804e-9,0.9999999961475446,0.9999999957525731,0.9999999965180977,0.04577823199411901,1.763585951788733e-10,1.593953325325178e-10,1.9443969040666462e-10
TUR.40.25_1,2038,7,albopictus,24.84224038965562,66.81897027761298,0.5502833287111513,0.15432227674811613,0.1537733683844184,0.15484045015315775,1.2411586141067245e-4,1.1316406874950226e-4,1.3511364700412865e-4,0.9998758841385893,0.9998648863529959,0.9998868359312505,0.0518601109830088,6.436662347509211e-6,5.868701164638025e-6,7.007008728953185e-6
TUR.40.25_1,2038,8,albopictus,24.017682412091425,72.974771796104,0.6534267658196211,0.15684955086905122,0.15633089534609862,0.15737162950680667,1.8782242988073827e-4,1.7252109269416392e-4,2.041704536425132e-4,0.9998121775701193,0.9997958295463575,0.9998274789073058,0.06127700970318162,1.1509196858277148e-5,1.0571576671023778e-5,1.2510954868955273e-5
TUR.40.25_1,2038,9,albopictus,21.720794509438907,73.49097360662317,0.5208126861516041,0.1079088788014759,0.10753453981398288,0.1082582323912716,7.8060420545256192e-09,7.0789870493248586e-9,8.531674222655994e-9,0.999999992193958,0.9999999914683259,0.9999999929210129,0.05074828066457249,3.961432130625222e-10,3.5924642160001174e-10,4.3296779799004466e-10
TUR.40.25_1,2038,10,albopictus,16.91055079067455,72.90276476152009,0.5132391664234999,0.022535668906258022,0.02241735555944155,0.02265218303430009,0,0,0,1,1,1,0.04845500648054435,0,0,0
TUR.40.25_1,2038,11,albopictus,13.999315836850336,79.45938205464101,0.29770417330219195,0.0031346349361598062,0.003102724543072547,0.0031676810554213375,0,0,0,1,1,1,0.029331643397845886,0,0,0
TUR.40.25_1,2038,12,albopictus,7.904643788057216,81.43714061194967,0.2448663568250465,0,0,0,0,0,0,1,1,1,0.023418181050670173,0,0,0
TUR.40.25_1,2039,1,albopictus,7.451467394828796,75.31519182174303,0.25406470239426887,0,0,0,0,0,0,1,1,1,0.024287110737442497,0,0,0
TUR.40.25_1,2039,2,albopictus,6.046749272767236,80.871025556956,0.1900480860479872,0,0,0,0,0,0,1,1,1,0.02015638338511183,0,0,0
TUR.40.25_1,2039,3,albopictus,6.553226793513578,75.62677112111396,0.23329987265716678,0,0,0,0,0,0,1,1,1,0.022324444698129442,0,0,0
TUR.40.25_1,2039,4,albopictus,11.752667707555435,74.11637507788322,0.30849617164199905,2.8246923999200985e-5,2.730020413029677e-5,2.9149607664259658e-5,0,0,0,1,1,1,0.030378623475162736,0,0,0
TUR.40.25_1,2039,5,albopictus,18.517325233010684,67.57064199979742,0.43119607640941054,0.04104707794277071,0.04086024522694053,0.04122774565561801,0,0,0,1,1,1,0.04086999725947449,0,0,0
TUR.40.25_1,2039,6,albopictus,22.5209581711713,68.57748441604224,0.4849967731435164,0.11630545536962084,0.11590789145423608,0.11667868167460965,6.232404218176058e-8,5.664121544290967e-8,6.801586201199415e-8,0.9999999376759579,0.999999931984138,0.9999999433587846,0.04734235328526426,2.950566823134621e-9,2.6815284320049954e-9,3.2200309683736124e-9
TUR.40.25_1,2039,7,albopictus,25.22670083887437,65.3222966936286,0.5695483291585217,0.1553760655448104,0.15484252484372063,0.15591368658358815,1.4772782857218404e-4,1.3515997576020732e-4,1.6117377281850976e-4,0.9998522721714278,0.9998388262271816,0.9998648400242398,0.05362613345607914,7.922072250188721e-6,7.2481068980373e-6,8.643126250785183e-6
TUR.40.25_1,2039,8,albopictus,26.195248940411737,67.99099951827196,0.6763027394845376,0.1749199652284187,0.17431619353450747,0.17553172296671823,0.002623949033368254,0.002424612432867096,0.0028363812309105565,0.9973760509666317,0.9971636187690894,0.9975753875671329,0.06335285971276361,1.6623467500442065e-4,1.5360613131725162e-4,1.7969286221379224e-4
TUR.40.25_1,2039,9,albopictus,21.688768218545352,71.20702280095911,0.5390459418368285,0.10349625074653093,0.1031539968158399,0.1038336604978167,2.43742935723823e-9,2.219614755882837e-9,2.6664288277356007e-9,0.9999999975625706,0.9999999973335711,0.9999999977803853,0.05247749865264739,1.279101958103924e-10,1.1647983036123788e-10,1.3992751521487515e-10
TUR.40.25_1,2039,10,albopictus,17.622867303736072,79.37899919755525,0.531207278948215,0.033940013233694534,0.033794020671547256,0.03409591028011254,0,0,0,1,1,1,0.0501081623998203,0,0,0
TUR.40.25_1,2039,11,albopictus,12.59565220159643,81.96737766010976,0.30812656978889574,4.1766242996249e-4,4.098846991548278e-4,4.2575569011537787e-4,0,0,0,1,1,1,0.0303427854271191,0,0,0
TUR.40.25_1,2039,12,albopictus,9.52623821707333,74.28532329017233,0.2534389415784848,0,0,0,0,0,0,1,1,1,0.02422802221669962,0,0,0
TUR.40.25_1,2040,1,albopictus,8.515513300895691,77.35795457809068,0.23221640772363078,0,0,0,0,0,0,1,1,1,0.02222192862885297,0,0,0
TUR.40.25_1,2040,2,albopictus,3.955603280488183,73.52967881623334,0.17990864689284794,0,0,0,0,0,0,1,1,1,0.01843911965980094,0,0,0
TUR.40.25_1,2040,3,albopictus,10.047322118983548,74.06782641896552,0.21323724956784817,0,0,0,0,0,0,1,1,1,0.02042440051065486,0,0,0
TUR.40.25_1,2040,4,albopictus,10.928249639623306,75.8360253464379,0.2819670426473757,2.364084126381197e-8,2.074980012229594e-8,2.670093344890818e-8,0,0,0,1,1,1,0.027802887326616177,0,0,0
TUR.40.25_1,2040,5,albopictus,15.705531905679141,75.55112600858648,0.3941153688202232,0.011931002100347157,0.011851794595051176,0.012008064934030564,0,0,0,1,1,1,0.03742201909751286,0,0,0
TUR.40.25_1,2040,6,albopictus,21.964855418485755,74.44501523879615,0.4432894745141133,0.11505750175384016,0.11469326237556535,0.11541271579550026,4.625672913993739e-8,4.233336329817483e-8,5.0322406505709516e-8,0.9999999537432709,0.9999999496775934,0.9999999576666366,0.04336077832377494,2.005727778219726e-9,1.8356075816719889e-9,2.18201871321296e-9
TUR.40.25_1,2040,7,albopictus,24.032570895026712,69.31092889577704,0.5205700192738437,0.14748749715177176,0.14701887393637886,0.1479662807868399,3.834438116832006e-5,3.5243859184661e-5,4.1701960438278454e-5,0.9999616556188317,0.9999582980395617,0.9999647561408154,0.04912982866033033,1.8838528768859618e-6,1.7315247630712041e-6,2.048810171132494e-6
TUR.40.25_1,2040,8,albopictus,25.909442284527948,71.05852347457079,0.6181440838367024,0.18242724505012256,0.18178313850103545,0.18299888439913092,0.006519035249005988,0.006054889689405024,0.006948778977373784,0.993480964750994,0.9930512210226262,0.993945110310595,0.05806630580389738,3.7853629431516795e-4,3.515850763138573e-4,4.034899250638795e-4
TUR.40.25_1,2040,9,albopictus,23.563056777505313,71.80933298162317,0.4926906848205026,0.1446005014909403,0.14410964305608048,0.1450575715535562,2.2799750313464374e-5,2.0823731869779038e-5,2.4757571736222504e-5,0.9999772002496865,0.9999752424282637,0.9999791762681303,0.04807503776785882,1.0960988574175508e-6,1.0011016961073926e-6,1.190221196259371e-6
TUR.40.25_1,2040,10,albopictus,19.14979525173412,68.53605409867829,0.48552610776514454,0.05153179137018521,0.051313433149301736,0.051744826107068875,0,0,0,1,1,1,0.04589962437201767,0,0,0
TUR.40.25_1,2040,11,albopictus,12.697851756039789,69.1857233021996,0.28162922470648577,4.0344218413564955e-4,3.962765643138699e-4,4.107273169982441e-4,0,0,0,1,1,1,0.027770044209195266,0,0,0
TUR.40.25_1,2040,12,albopictus,9.351379170137294,78.15474620276999,0.23164445921064888,0,0,0,0,0,0,1,1,1,0.022167807255518368,0,0,0
TUR.40.25_1,2041,1,albopictus,5.207919478416443,78.46493394820787,0.24432770026075507,0,0,0,0,0,0,1,1,1,0.023367272413409412,0,0,0
TUR.40.25_1,2041,2,albopictus,2.4248639730846184,77.49569749299116,0.1827645137851713,0,0,0,0,0,0,1,1,1,0.01939143189776249,0,0,0
TUR.40.25_1,2041,3,albopictus,7.767480695948881,74.44369616994209,0.22435868036873113,0,0,0,0,0,0,1,1,1,0.02147811874604355,0,0,0
TUR.40.25_1,2041,4,albopictus,12.579940122716568,68.79116450659416,0.2966730893596065,3.1258418031319317e-4,3.0569546763776194e-4,3.1881037112313043e-4,0,0,0,1,1,1,0.029231554182308495,0,0,0
TUR.40.25_1,2041,5,albopictus,19.162699531106387,63.150949006633354,0.41467053359927347,0.04795863904913503,0.047752794339059226,0.04816145374191442,0,0,0,1,1,1,0.03933488518011119,0,0,0
TUR.40.25_1,2041,6,albopictus,25.32266067056095,58.039741801296145,0.4664093244725975,0.13637563667471705,0.13583887676583203,0.13690454024506662,4.794046204662061e-6,4.306004119974949e-6,5.311546100064679e-6,0.9999952059537953,0.9999946884538999,0.9999956939958801,0.04556995907030448,2.1846448932759866e-7,1.962244315038209e-7,2.420469383799828e-7
TUR.40.25_1,2041,7,albopictus,25.123408373664407,64.64215905935126,0.5477204512837365,0.15208675542332054,0.1515627982355318,0.15261330043488702,8.526324140358121e-5,7.790599221507155e-5,9.312493445195746e-5,0.9999147367585964,0.999906875065548,0.9999220940077849,0.05162492378767536,4.401708339350046e-6,4.021890910706299e-6,4.807567643814568e-6
TUR.40.25_1,2041,8,albopictus,26.670934060040643,65.46388083541063,0.65038351042515,0.17004845818323885,0.16946342579773577,0.170663590620716,0.0013672843036847417,0.0012593561380234626,0.0014870771481507784,0.9986327156963153,0.9985129228518492,0.9987406438619766,0.06100050700792592,8.340503574874819e-5,7.682136292297474e-5,9.071245999709804e-5
TUR.40.25_1,2041,9,albopictus,22.014085601357852,74.18759836248255,0.5183870646442699,0.11571991298075987,0.11534150602345078,0.1160655112111764,5.42091833181102e-8,4.9471333118944466e-8,5.8807549804806844e-8,0.9999999457908166,0.9999999411924503,0.9999999505286669,0.050518000198409574,2.738539533619912e-9,2.499192816318423e-9,2.970839812707213e-9
TUR.40.25_1,2041,10,albopictus,18.657497125513416,76.15992876298493,0.5108488176597589,0.04851878946818455,0.048314323788035185,0.048711742393590524,0,0,0,1,1,1,0.048234865755191314,0,0,0
TUR.40.25_1,2041,11,albopictus,11.87959537786596,77.63450717671132,0.296317652457393,5.176365584662151e-5,5.0241917263639476e-5,5.3292530691086e-5,0,0,0,1,1,1,0.02919704887617436,0,0,0
TUR.40.25_1,2041,12,albopictus,6.599388375001796,77.57794871741842,0.24372592166029228,0,0,0,0,0,0,1,1,1,0.023310394949897062,0,0,0
TUR.40.25_1,2042,1,albopictus,7.036986231803894,79.34284074752428,0.27057691625822,0,0,0,0,0,0,1,1,1,0.025845012118544397,0,0,0
TUR.40.25_1,2042,2,albopictus,8.247154393616846,74.16236161652631,0.20239972172065562,0,0,0,0,0,0,1,1,1,0.021452240523591737,0,0,0
TUR.40.25_1,2042,3,albopictus,9.423889005885403,73.74332538136787,0.24846253537829335,0,0,0,0,0,0,1,1,1,0.02375798926536532,0,0,0
TUR.40.25_1,2042,4,albopictus,14.94561986362233,65.56841670385978,0.3285460042805283,0.006075648404898491,0.006023426691953911,0.006131442729111233,0,0,0,1,1,1,0.03232075049068217,0,0,0
TUR.40.25_1,2042,5,albopictus,18.99302370408002,68.46820211942632,0.45922044092707437,0.048928818103399385,0.0487193645618189,0.04913045763689385,0,0,0,1,1,1,0.04346766758212406,0,0,0
TUR.40.25_1,2042,6,albopictus,23.452388987821692,68.52589445022193,0.5165177611674416,0.13465737838240824,0.13417922962731188,0.1351114458524825,3.40758701244992e-6,3.0927112662226808e-6,3.7268653344774137e-6,0.9999965924129876,0.9999962731346654,0.9999969072887338,0.05034049660818107,1.7153962244231705e-7,1.5568862100736626e-7,1.8761225172940787e-7
TUR.40.25_1,2042,7,albopictus,25.99156862146714,65.8158498552497,0.6065645054643793,0.16566504936444792,0.16510067207684168,0.16625504494502033,7.318896397496062e-4,6.72998503787034e-4,7.970420208137264e-4,0.9992681103602504,0.9992029579791863,0.999327001496213,0.057010179161117835,4.172515948829104e-5,3.836776527606305e-5,4.5439508405529945e-5
TUR.40.25_1,2042,8,albopictus,28.163550713483026,64.06185751998095,0.7202571155387713,0.16801331688950236,0.1673016415111375,0.1687206775221738,0.0010278412951309386,9.272299462651928e-4,0.0011347196841675511,0.9989721587048691,0.9988652803158324,0.9990727700537348,0.06732856653543573,6.920308102709184e-5,6.242906313076453e-5,7.639904975454357e-5
TUR.40.25_1,2042,9,albopictus,24.07326681473676,74.23903574041223,0.5740797020964176,0.16146301876153302,0.160966610240962,0.16196279561329477,3.891466073273038e-4,3.601796236097521e-4,4.1988194418307584e-4,0.9996108533926727,0.9995801180558169,0.9996398203763902,0.05579121827569844,2.1710963310645113e-5,2.0094859999270586e-5,2.3425725197942615e-5
TUR.40.25_1,2042,10,albopictus,19.35886736477123,69.99458452470368,0.5657315875728289,0.05617266272891245,0.055963811127972656,0.056400785298418674,1.1102230246251565e-16,1.1102230246251565e-16,1.1102230246251565e-16,0.9999999999999999,0.9999999999999999,0.9999999999999999,0.05327651426375335,5.914881280738954e-18,5.914881280738954e-18,5.914881280738954e-18
TUR.40.25_1,2042,11,albopictus,13.229306796017816,75.98050784809804,0.32815238120454193,0.001138121022258278,0.00112123656106318,0.0011549983565192384,0,0,0,1,1,1,0.032282659652739354,0,0,0
TUR.40.25_1,2042,12,albopictus,9.135934605317958,76.94048228675436,0.26991048589518857,0,0,0,0,0,0,1,1,1,0.02578218366073215,0,0,0
TUR.40.25_1,2043,1,albopictus,6.452040076255798,83.29558427779772,0.25797713922153287,0,0,0,0,0,0,1,1,1,0.02465646807146582,0,0,0
TUR.40.25_1,2043,2,albopictus,7.3697377828990716,75.54127549592084,0.19297470719526996,0,0,0,0,0,0,1,1,1,0.020463581402949127,0,0,0
TUR.40.25_1,2043,3,albopictus,8.337273443446438,79.6357890654499,0.2368925441498144,0,0,0,0,0,0,1,1,1,0.02266430178494705,0,0,0
TUR.40.25_1,2043,4,albopictus,12.31200055515065,77.8379021774926,0.3132468189047937,1.994085690531477e-4,1.946995725698292e-4,2.0387807203202423e-4,0,0,0,1,1,1,0.030839146991096023,0,0,0
TUR.40.25_1,2043,5,albopictus,16.157856772927676,66.75206137235601,0.4378362251322264,0.01393773019455478,0.013846944650068136,0.014024046396661546,0,0,0,1,1,1,0.04148613145614666,0,0,0
TUR.40.25_1,2043,6,albopictus,23.471182093900794,65.08351926711646,0.4924654188013701,0.12735475078731898,0.12691117243339045,0.12778655770940045,7.520264227485196e-7,6.830421078990456e-7,8.237373910868761e-7,0.9999992479735772,0.9999991762626089,0.999999316957892,0.04805359389165542,3.613757231455174e-8,3.2822628063881024e-8,3.958354206466049e-8
TUR.40.25_1,2043,7,albopictus,27.14298921472886,57.08508737356025,0.5783190156683243,0.14448776777952904,0.143868820778339,0.14510444186015165,2.235288333911667e-5,1.9923255623471858e-5,2.4969307754021954e-5,0.9999776471166609,0.999975030692246,0.9999800767443765,0.05442905219145,1.2166462538941745e-6,1.0844039201535495e-6,1.359055754928038e-6
TUR.40.25_1,2043,8,albopictus,25.27821097654455,71.9690230473247,0.6867173768560549,0.17664478126489944,0.17606816789928037,0.17719456614463872,0.003267755873932253,0.003036804133603785,0.003498217964493755,0.9967322441260678,0.9965017820355062,0.9969631958663963,0.06429640095462408,2.1010494189217617e-4,1.9525557619484875e-4,2.2492282487175934e-4
TUR.40.25_1,2043,9,albopictus,22.267871688393985,73.43231882146692,0.5473469107418154,0.12005536881275085,0.11966707176950202,0.12044144987324203,1.4942106649173947e-7,1.365397410330038e-7,1.6303857517385722e-7,0.9999998505789335,0.9999998369614249,0.9999998634602589,0.05326370777467415,7.958720020996167e-9,7.272612866011601e-9,8.684039024059575e-9
TUR.40.25_1,2043,10,albopictus,17.86632891262279,76.65136858232087,0.5393875373685384,0.03621239665221748,0.03604167658144581,0.03637491765589153,0,0,0,1,1,1,0.05085983522481774,0,0,0
TUR.40.25_1,2043,11,albopictus,14.46271763128393,77.74832248432851,0.3128715254153165,0.004805618786158404,0.004764393558922168,0.004846038243439901,0,0,0,1,1,1,0.030802774332740146,0,0,0
TUR.40.25_1,2043,12,albopictus,11.552867665010341,72.96213450843405,0.2573417420822546,1.0178449369305031e-5,9.772554388051593e-6,1.0612903548871329e-5,0,0,0,1,1,1,0.024596492309141293,0,0,0
TUR.40.25_1,2044,1,albopictus,8.791035532951355,79.1850343510399,0.28205395976173936,0,0,0,0,0,0,1,1,1,0.026926387524680684,0,0,0
TUR.40.25_1,2044,2,albopictus,6.920527615967919,80.19572495881147,0.2185200725002022,0,0,0,0,0,0,1,1,1,0.02235193430945337,0,0,0
TUR.40.25_1,2044,3,albopictus,12.037712896571438,76.71927752980537,0.2590015546226771,8.805246991971427e-5,8.569406455986648e-5,9.032426453167723e-5,0,0,0,1,1,1,0.02475315588538063,0,0,0
TUR.40.25_1,2044,4,albopictus,13.429938596837662,66.85322963110588,0.3424819188300036,0.0013007254145339163,0.001282100798902658,0.0013188864397625597,0,0,0,1,1,1,0.03366836079672564,0,0,0
TUR.40.25_1,2044,5,albopictus,19.065857718972598,67.21919394071539,0.4786991645784135,0.04923654856810423,0.049021124308403496,0.04944323151757016,0,0,0,1,1,1,0.04526906877148751,0,0,0
TUR.40.25_1,2044,6,albopictus,24.191070781034583,61.26427488235083,0.5384268615343104,0.13040489899691673,0.12993093879959672,0.13087420569891375,1.431381255741382e-6,1.2950668574013279e-6,1.5758296561557694e-6,0.9999985686187443,0.9999984241703438,0.9999987049331426,0.052418837585192835,7.503134156719687e-8,6.78858992600863e-8,8.260315880795955e-8
TUR.40.25_1,2044,7,albopictus,26.607483919929056,63.864998414820015,0.6322931127423992,0.16421441282857552,0.1635766186773418,0.16480323509326258,5.90664136235624e-4,5.36340771133223e-4,6.440459159209571e-4,0.9994093358637643,0.9993559540840791,0.9994636592288667,0.059355176144580635,3.5058973848552033e-5,3.183460094413266e-5,3.822745878468618e-5
TUR.40.25_1,2044,8,albopictus,24.839948037091425,76.54868537032274,0.7508082148826228,0.18397963600482983,0.18339481415453535,0.18453113624567952,0.007749670820225712,0.007262327846266905,0.008226903873130673,0.9922503291797743,0.9917730961268693,0.9927376721537331,0.0700819913885321,5.431123636870169e-4,5.089583975827742e-4,5.765578063910251e-4
TUR.40.25_1,2044,9,albopictus,23.00552542069379,74.25227273992395,0.5984304035773975,0.13835423801270108,0.13792100233558502,0.1388010082641606,7.050321583000008e-6,6.476387353959723e-6,7.677820740659147e-6,0.999992949678417,0.9999923221792594,0.999993523612646,0.05808763579004894,4.0953651231602577e-7,3.7619802985209115e-7,4.459864548446923e-7
TUR.40.25_1,2044,10,albopictus,18.99372835720287,75.15722795732087,0.5897281876216375,0.05368969633888192,0.053490785655016,0.05389540830395835,0,0,0,1,1,1,0.055472493614766694,0,0,0
TUR.40.25_1,2044,11,albopictus,15.365542986813715,79.02369022114492,0.342071599469539,0.009968736884951283,0.009901729106998903,0.010035826690453876,0,0,0,1,1,1,0.03362870952522756,0,0,0
TUR.40.25_1,2044,12,albopictus,12.147301449495204,77.0588523429067,0.28135926146523327,1.2452751407218655e-4,1.2148197890483748e-4,1.2767051446812538e-4,0,0,0,1,1,1,0.026860966688753707,0,0,0
TUR.40.25_1,2045,1,albopictus,8.793278574943542,81.72312791793443,0.2780027036472851,0,0,0,0,0,0,1,1,1,0.026544812366500414,0,0,0
TUR.40.25_1,2045,2,albopictus,6.998077550355126,75.57885026398725,0.20795443541126912,0,0,0,0,0,0,1,1,1,0.022034447896283726,0,0,0
TUR.40.25_1,2045,3,albopictus,11.091738546595852,70.17266955861396,0.2552814096096283,2.065060432660273e-7,1.8854041841762385e-7,2.257264020507461e-7,0,0,0,1,1,1,0.02440199012684474,0,0,0
TUR.40.25_1,2045,4,albopictus,12.255543989293717,75.37912379614494,0.337562711282192,1.6306019810924562e-4,1.5929963831800558e-4,1.667336526884311e-4,0,0,0,1,1,1,0.03319288526884778,0,0,0
TUR.40.25_1,2045,5,albopictus,19.32179338791791,65.03384924467046,0.47182341314730186,0.0517776861883957,0.051569211656667203,0.051996574768061854,0,0,0,1,1,1,0.04463358389641103,0,0,0
TUR.40.25_1,2045,6,albopictus,23.896469340604895,68.92279844192115,0.5306932168202991,0.1439961418618307,0.14352018986283122,0.14444175221163813,2.0412888497445268e-5,1.8684908976560056e-5,2.212907972152789e-5,0.9999795871115026,0.9999778709202785,0.9999813150910235,0.05168572853670528,1.05505501352899e-6,9.657431330955307e-7,1.1437576072540002e-6
TUR.40.25_1,2045,7,albopictus,25.449061449836282,61.390152528589546,0.6232112287607353,0.1467294467021528,0.1461922755439034,0.14727851114879076,3.350876286291615e-5,3.0394078718390395e-5,3.691260945260233e-5,0.9999664912371371,0.9999630873905474,0.9999696059212816,0.05852808752817895,1.961203805801749e-6,1.7789072995683141e-6,2.160424436935395e-6
TUR.40.25_1,2045,8,albopictus,27.2077096490299,70.82103186690478,0.740024050129555,0.19313560171708252,0.19248515065584124,0.19381054601188055,0.01920558082191898,0.01811756514198912,0.020368413913015138,0.980794419178081,0.9796315860869849,0.9818824348580109,0.06911099553782518,0.0013273168104849836,0.0012521229636842674,0.0014076813630549655
TUR.40.25_1,2045,9,albopictus,24.433204482583438,65.06362070134973,0.5898349035049424,0.14335293949445632,0.1428396344469005,0.1438361159246283,1.813663974915858e-5,1.6475029239074182e-5,1.980385582417421e-5,0.9999818633602509,0.9999801961441758,0.9999835249707609,0.057277666956077944,1.03882441125467e-6,9.43651237847337e-7,1.134318658343235e-6
TUR.40.25_1,2045,10,albopictus,16.786029535181385,74.33709093339509,0.581257681027841,0.021595430583234796,0.021485201582185857,0.02170880185475334,0,0,0,1,1,1,0.054697922015128686,0,0,0
TUR.40.25_1,2045,11,albopictus,11.618275263730219,77.30767917378164,0.33715828550613003,1.639854028862203e-5,1.575663032482497e-5,1.706388439082834e-5,0,0,0,1,1,1,0.03315378430641347,0,0,0
TUR.40.25_1,2045,12,albopictus,11.233206524568446,82.86104503089499,0.277317983585879,1.5127530566846346e-6,1.424476563635808e-6,1.6035361265138256e-6,0,0,0,1,1,1,0.026480305942626514,0,0,0
TUR.40.25_1,2046,1,albopictus,8.838723063468933,81.82406480758287,0.2509902048656393,0,0,0,0,0,0,1,1,1,0.0239967617197111,0,0,0
TUR.40.25_1,2046,2,albopictus,6.540374436799218,75.65949296418256,0.18774826885430013,0,0,0,0,0,0,1,1,1,0.019914911364830035,0,0,0
TUR.40.25_1,2046,3,albopictus,7.02112182448892,73.0301753569538,0.23047665528318872,0,0,0,0,0,0,1,1,1,0.022057292984224652,0,0,0
TUR.40.25_1,2046,4,albopictus,14.412750524633072,80.47111903540275,0.30476298592841194,0.004771016657877254,0.0047298077077684315,0.004813602271088678,0,0,0,1,1,1,0.030016578233218127,0,0,0
TUR.40.25_1,2046,5,albopictus,16.94277078965131,70.89378500516851,0.42597806989854065,0.022286719523837994,0.02216797649118241,0.022410292655864972,0,0,0,1,1,1,0.040385544637103754,0,0,0
TUR.40.25_1,2046,6,albopictus,21.877336726469153,74.54229001906958,0.4791277115762425,0.1132387712681702,0.11289032315467494,0.11358758662947371,2.976453785097366e-8,2.7303059946248708e-8,3.237960756186098e-8,0.9999999702354622,0.9999999676203924,0.9999999726969401,0.04678306853937786,1.3924764143250074e-9,1.2773209248000956e-9,1.5148173998446997e-9
TUR.40.25_1,2046,7,albopictus,24.419163760016946,69.47543008596259,0.5626560890561733,0.1548828138421169,0.1543701020236158,0.1553867184962752,1.3618384896523671e-4,1.2498726954065508e-4,1.4783962541175253e-4,0.9998638161510348,0.9998521603745882,0.9998750127304594,0.052994700068836775,7.217022230132487e-6,6.623662861729875e-6,7.834716606985004e-6
TUR.40.25_1,2046,8,albopictus,25.76983008665197,67.83582907759813,0.668118638814292,0.16984730965785405,0.16925362848866918,0.1704163545050261,0.0013295649113623318,0.001222952549797901,0.0014373407365667835,0.9986704350886376,0.9985626592634332,0.9987770474502021,0.06261073220526125,8.324503261481888e-5,7.656995459513782e-5,8.999295594489583e-5
TUR.40.25_1,2046,9,albopictus,22.50764829972211,74.01292337468958,0.5325228183947406,0.1266039608513583,0.12621715162789196,0.12700387675231561,6.399546717438254e-7,5.881510328570316e-7,6.967754016151683e-7,0.9999993600453283,0.9999993032245984,0.9999994118489671,0.05185921639395197,3.3187547804283536e-8,3.050105168525916e-8,3.6134226330343806e-8
TUR.40.25_1,2046,10,albopictus,15.458900171167711,80.41401811845368,0.5247790130343539,0.010824166390549136,0.01074982111381153,0.01089678538413413,0,0,0,1,1,1,0.049517060108929534,0,0,0
TUR.40.25_1,2046,11,albopictus,13.66111622137182,74.74833774311757,0.30439785671544034,0.001990201854916778,0.001967239781608396,0.0020124035039661993,0,0,0,1,1,1,0.029981160658283934,0,0,0
TUR.40.25_1,2046,12,albopictus,8.443874134736904,74.77448192054342,0.2503720165306583,0,0,0,0,0,0,1,1,1,0.023938370894076355,0,0,0
TUR.40.25_1,2047,1,albopictus,8.75757110118866,81.34480913131334,0.25561027000006653,0,0,0,0,0,0,1,1,1,0.024433038233667048,0,0,0
TUR.40.25_1,2047,2,albopictus,5.094014325562646,78.58779191437787,0.1912042173900096,0,0,0,0,0,0,1,1,1,0.0202777502875362,0,0,0
TUR.40.25_1,2047,3,albopictus,8.994986379847806,77.81577411183662,0.2347191202827424,0,0,0,0,0,0,1,1,1,0.02245871583615533,0,0,0
TUR.40.25_1,2047,4,albopictus,12.105568212621353,74.2796517502465,0.31037286559007266,1.0319743287920112e-4,1.0050217266983562e-4,1.0595980107437031e-4,0,0,0,1,1,1,0.030560574658219153,0,0,0
TUR.40.25_1,2047,5,albopictus,18.837584327248965,68.24217367704351,0.43381919831955773,0.0463138727396794,0.04611687717513294,0.04651203114103079,0,0,0,1,1,1,0.04111344199677269,0,0,0
TUR.40.25_1,2047,6,albopictus,21.952512965482825,69.22994260696021,0.48794718417827615,0.10582467166879608,0.10546109156647923,0.10620587820207217,4.5348880657325456e-9,4.115156140849229e-9,5.0070720597483736e-9,0.999999995465112,0.9999999949929279,0.9999999958848438,0.04762338498859531,2.159667202345673e-10,1.95977665183845e-10,2.384537203670357e-10
TUR.40.25_1,2047,7,albopictus,24.980864580939798,70.19830377370673,0.5730130979327276,0.1663507871724449,0.16579648458189536,0.16690350304789583,8.088137005311715e-4,7.454552676981752e-4,8.755756691809168e-4,0.9991911862994688,0.999124424330819,0.9992545447323018,0.05394339961387318,4.363016066092853e-5,4.021239139970947e-5,4.723152821481062e-5
TUR.40.25_1,2047,8,albopictus,24.094674447003534,74.54558783614306,0.6804169340027411,0.16276315248592768,0.16227087701839746,0.16324096459480733,4.7465623212476847e-4,4.401240354120539e-4,5.099081696428698e-4,0.9995253437678753,0.9994900918303571,0.9995598759645878,0.06372570953445578,3.0247805177102215e-5,2.8047216439801077e-5,3.2494259907907524e-5
TUR.40.25_1,2047,9,albopictus,23.013870070962344,68.02023996404505,0.5423251535411242,0.12504390486215014,0.1246199080355885,0.12546718491186049,4.562429071985896e-7,4.153292076702897e-7,4.998301918301973e-7,0.9999995437570928,0.9999995001698082,0.9999995846707924,0.052788160401231576,2.408422376712336e-8,2.1924464833815674e-8,2.63851163397108e-8
TUR.40.25_1,2047,10,albopictus,13.875506120569566,77.69338365800446,0.5344388052270295,0.002670732664473001,0.0026420798652632992,0.002700558261329383,0,0,0,1,1,1,0.05040517406205203,0,0,0
TUR.40.25_1,2047,11,albopictus,12.925135233822992,82.01919650776601,0.3100010153150288,7.781402062486049e-4,7.659573408568733e-4,7.900491279084266e-4,0,0,0,1,1,1,0.03052452535628103,0,0,0
TUR.40.25_1,2047,12,albopictus,11.161158337312587,80.55173411780905,0.2549807024545922,6.9644298141026e-7,6.496468124379263e-7,7.439464773524286e-7,0,0,0,1,1,1,0.02437359913613435,0,0,0
TUR.40.25_1,2048,1,albopictus,8.73155391216278,80.13084276168443,0.27901122169404563,0,0,0,0,0,0,1,1,1,0.02663981551657779,0,0,0
TUR.40.25_1,2048,2,albopictus,8.921506085816553,75.65202378693647,0.21616272448171228,0,0,0,0,0,0,1,1,1,0.02211349247177652,0,0,0
TUR.40.25_1,2048,3,albopictus,10.030757749781888,77.01735034474677,0.25620750099369066,0,0,0,0,0,0,1,1,1,0.024489421006795187,0,0,0
TUR.40.25_1,2048,4,albopictus,12.47303800021901,72.49023066870353,0.33878729680519265,2.65006898706442e-4,2.5984486724971303e-4,2.707638515036755e-4,0,0,0,1,1,1,0.03331127181960036,0,0,0
TUR.40.25_1,2048,5,albopictus,17.791096519021426,76.16525412137945,0.4735350599075684,0.03489511448254994,0.034731122499728206,0.035044633532237475,0,0,0,1,1,1,0.04479182077425936,0,0,0
TUR.40.25_1,2048,6,albopictus,24.783996806425208,61.991001414333255,0.5326184271849282,0.14045879147672324,0.139931887344024,0.14096957598291174,1.055212329468036e-5,9.535376046052036e-6,1.1609793194614081e-5,0.9999894478767053,0.9999883902068054,0.9999904646239539,0.05186828140994193,5.473205005208845e-7,4.945835681062464e-7,6.02180020529472e-7
TUR.40.25_1,2048,7,albopictus,25.29866128809312,70.69449670583563,0.6254720692594179,0.1728180343748854,0.17224421773234064,0.17338620088066548,0.0019916603252892297,0.001843266345574171,0.002146142722243574,0.9980083396747108,0.9978538572777564,0.9981567336544258,0.058734050592189946,1.1697827830799509e-4,1.0826249879583444e-4,1.2605165522631433e-4
TUR.40.25_1,2048,8,albopictus,26.71312079710119,68.81590872847704,0.7427086557100079,0.18231414729168718,0.18167855214349463,0.18296104602508073,0.006436848621594891,0.005982674460019676,0.0069194047633510305,0.9935631513784051,0.993080595236649,0.9940173255399803,0.06935280959083434,4.46413536818495e-4,4.1491528266969236e-4,4.798801610345962e-4
TUR.40.25_1,2048,9,albopictus,23.787294219521915,65.03390802434778,0.5919746637914061,0.1327417914367826,0.1322963581579976,0.13320233292993533,2.3150482440457143e-6,2.1115566494728235e-6,2.539257469791334e-6,0.999997684951756,0.9999974607425302,0.9999978884433506,0.057479365356937984,1.3306750383844134e-7,1.2137093612692023e-7,1.4595490784147e-7
TUR.40.25_1,2048,10,albopictus,16.803220468408924,84.13484331376618,0.5833663254886463,0.024751963232717354,0.024625911922704,0.02487283056633582,0,0,0,1,1,1,0.05489080291432169,0,0,0
TUR.40.25_1,2048,11,albopictus,14.555700877133539,79.0150918935082,0.33838140388263044,0.0053128800828201326,0.005268345851874032,0.005358442429245306,0,0,0,1,1,1,0.03327203381197541,0,0,0
TUR.40.25_1,2048,12,albopictus,9.753139271455654,80.49158397132467,0.2783240176548586,0,0,0,0,0,0,1,1,1,0.026575081391459365,0,0,0
TUR.40.25_1,2049,1,albopictus,9.795392870903015,81.75321062057115,0.25805776209543946,0,0,0,0,0,0,1,1,1,0.024664077880352298,0,0,0
TUR.40.25_1,2049,2,albopictus,7.890648999634911,74.27115678254194,0.19303501554480942,0,0,0,0,0,0,1,1,1,0.020469910763720178,0,0,0
TUR.40.25_1,2049,3,albopictus,8.533853376612942,78.90105548390693,0.23696657767764573,0,0,0,0,0,0,1,1,1,0.022671303915632657,0,0,0
TUR.40.25_1,2049,4,albopictus,10.6490977231194,76.61455928198478,0.31334471462864905,4.149988891932356e-12,2.2096862818520745e-12,8.34454723817483e-12,0,0,0,1,1,1,0.030848634614979775,0,0,0
TUR.40.25_1,2049,5,albopictus,17.749287436990176,81.32542563016851,0.43797305746890974,0.036718967704628645,0.036565709963697096,0.03686947438498181,0,0,0,1,1,1,0.041498823858470146,0,0,0
TUR.40.25_1,2049,6,albopictus,23.495516047758215,66.90969114211646,0.4926193238236647,0.1318161271556664,0.13135157554130758,0.13228831356319837,1.9158351917697435e-6,1.7392237475544191e-6,2.108086745933324e-6,0.9999980841648082,0.99999789191325406,0.9999982607762524,0.04806824471219895,9.209083482623063e-8,8.360143270671355e-8,1.013320295780662e-7
TUR.40.25_1,2049,7,albopictus,26.114468630622415,65.31359536916571,0.5784997516095738,0.16521132590085294,0.1646068170952823,0.1657863864310611,6.847138594393619e-4,6.255587952686409e-4,7.44354467706565e-4,0.9993152861405606,0.9992556455322934,0.9993744412047314,0.05444559062635845,3.727965048722944e-5,3.4058918079914404e-5,4.052681862965259e-5
TUR.40.25_1,2049,8,albopictus,26.63232932371252,68.47940665328173,0.6869319893936262,0.18047137558440002,0.17982309674316727,0.1810648942390647,0.0052029776234513775,0.004816446450355216,0.005573279592930838,0.9947970223765487,0.9944267204070691,0.9951835535496448,0.06431583433899257,3.3463384689938404e-4,3.097737720036749e-4,3.584501270238278e-4
TUR.40.25_1,2049,9,albopictus,22.32981855729047,69.81150735906458,0.5475179672978384,0.1146601216609974,0.11428904876955727,0.11504273762326232,4.204207316471642e-8,3.8394621562631844e-8,4.604873416191868e-8,0.9999999579579268,0.9999999539512658,0.9999999616053784,0.05327990218112677,2.239997545707866e-9,2.045661681138406e-9,2.4534720517117382e-9
TUR.40.25_1,2049,10,albopictus,14.980725961572984,79.82097765214509,0.5395561064655648,0.007609823626012068,0.007554290011177597,0.007668465310350639,0,0,0,1,1,1,0.050875318553416315,0,0,0
TUR.40.25_1,2049,11,albopictus,12.06879387182348,78.50936984760976,0.3129693038526565,1.0134230223960981e-4,9.875910459919108e-5,1.0397502544116988e-4,0,0,0,1,1,1,0.03081225094542961,0,0,0
TUR.40.25_1,2049,12,albopictus,9.286732449251064,79.21076121741842,0.25742216638219606,0,0,0,0,0,0,1,1,1,0.024604083841947233,0,0,0
TUR.40.25_1,2050,1,albopictus,10.821970820426941,78.9877687260399,0.2628185594196379,2.9459461047654592e-9,2.405198939796648e-9,3.5983128454632186e-9,0,0,0,1,1,1,0.025113333411852845,0,0,0
TUR.40.25_1,2050,2,albopictus,8.742794194642237,78.87719010773725,0.196596236017389,0,0,0,0,0,0,1,1,1,0.020843588319888084,0,0,0
TUR.40.25_1,2050,3,albopictus,9.739834631190579,72.88974872121162,0.2413382727577378,0,0,0,0,0,0,1,1,1,0.02308469224318732,0,0,0
TUR.40.25_1,2050,4,albopictus,12.683811468236588,75.6750603806176,0.31912547730303076,4.441141061983756e-4,4.3647219842901793e-4,4.528431927189481e-4,0,0,0,1,1,1,0.03140871611835472,0,0,0
TUR.40.25_1,2050,5,albopictus,16.828720878152286,75.42977285917242,0.44605303515738504,0.02238326542567733,0.022257344072513684,0.02249866572578471,0,0,0,1,1,1,0.042248014922948385,0,0,0
TUR.40.25_1,2050,6,albopictus,22.725828395170325,73.05766324905005,0.5017074471169327,0.1295332122074579,0.12911449203490521,0.12995502825446006,1.1927610533172262e-6,1.0912725200123985e-6,1.3016004663912726e-6,0.9999988072389466,0.9999986983995337,0.99999890872748,0.04893297902796012,5.8365351607339454e-8,5.339921533555589e-8,6.369118832470727e-8
TUR.40.25_1,2050,7,albopictus,26.49316125757554,66.53401239187079,0.5891722461981834,0.17250081029072942,0.17187205044800882,0.1731475631496647,0.001909415097232091,0.0017531467548814405,0.002079425956633854,0.9980905849027679,0.9979205740433661,0.9982468532451185,0.055421675928435166,1.0582298473165847e-4,9.716233130402697e-5,1.1524527148573774e-4
TUR.40.25_1,2050,8,albopictus,27.994799950543573,66.33215170943407,0.6996049039785479,0.17696942654837144,0.17622099278635886,0.17762912249453314,0.0034045171037476807,0.003096119142844697,0.0036918319084947994,0.9965954828962523,0.9963081680915051,0.9969038808571553,0.06546266438914372,2.2286876056973402e-4,2.0268020835684572e-4,2.41677153206927e-4
TUR.40.25_1,2050,9,albopictus,24.70047933915082,62.14857019475794,0.5576188921934753,0.1397382261137794,0.1392342723923022,0.14026945725969395,9.200813627667893e-6,8.344599091095195e-6,1.0168042258731914e-5,0.9999907991863723,0.9999898319577413,0.999991655400909,0.054235694241196675,4.990125146804314e-7,4.5257512487000664e-7,5.514708309761508e-7
TUR.40.25_1,2050,10,albopictus,17.718099313623767,72.27187486894196,0.5495101463946804,0.03213801255970912,0.031993470759789276,0.03228570958583759,0,0,0,1,1,1,0.051789164619529204,0,0,0
TUR.40.25_1,2050,11,albopictus,12.243209460202387,79.65400027973867,0.3187431407341332,1.7281639100126016e-4,1.687883354885088e-4,1.7666289118124876e-4,0,0,0,1,1,1,0.03137168262358192,0,0,0
TUR.40.25_1,2050,12,albopictus,8.069918408113368,75.22685923987936,0.2621712378728202,0,0,0,0,0,0,1,1,1,0.02505226067846933,0,0,0
TUR.40.25_1,2051,1,albopictus,9.042219996452332,80.30213792770006,0.25677397708311,0,0,0,0,0,0,1,1,1,0.02454289729111636,0,0,0
TUR.40.25_1,2051,2,albopictus,5.908907094422509,76.409599775706,0.19207470550492173,0,0,0,0,0,0,1,1,1,0.020369121373780774,0,0,0
TUR.40.25_1,2051,3,albopictus,10.415628278956692,75.54839435109443,0.23578771702886953,2.055570159651972e-46,3.446339968202187e-64,1.706309024751853e-49,0,0,0,1,1,1,0.02255980068374197,0,0,0
TUR.40.25_1,2051,4,albopictus,14.593118948094986,68.77581416479728,0.31178588824394166,0.004747441541476162,0.004705146586086434,0.004792795448774371,0,0,0,1,1,1,0.030697548967557275,0,0,0
TUR.40.25_1,2051,5,albopictus,17.684357474831973,72.15871573026617,0.43579423036284987,0.03164492588934537,0.03149592509966845,0.03179169151210137,0,0,0,1,1,1,0.041296698516458896,0,0,0
TUR.40.25_1,2051,6,albopictus,25.14761947183048,56.32981138137427,0.49016864262898396,0.13028405221530706,0.12978044168704872,0.13079978185071903,1.3960799136206737e-6,1.2549528790789523e-6,1.5517167168327405e-6,0.9999986039200863,0.9999984482832832,0.9999987450471209,0.04783492799899225,6.678138214888424e-8,6.00305806128697e-8,7.42262574245268e-8
TUR.40.25_1,2051,7,albopictus,26.01889711267808,67.74348123342352,0.5756218327098584,0.17229823144235165,0.17169073502008678,0.17288095970570963,0.0018580617317216154,0.0017106858308048674,0.002007075577921666,0.9981419382682784,0.9979929244220784,0.9982893141691952,0.054182209218324284,1.0067388948870249e-4,9.268873759149221e-5,1.0874778887994083e-4
TUR.40.25_1,2051,8,albopictus,26.227277138653925,70.09468298995165,0.6835146421093891,0.18265782468438613,0.182046019348343,0.18330473759032329,0.006691202973394765,0.006239613573165236,0.007189994214135331,0.9933087970266052,0.9928100057858648,0.9937603864268347,0.06400634209371647,4.282794265335982e-4,0.00039937484089661073,4.6020522932178816e-4
TUR.40.25_1,2051,9,albopictus,23.632055114297305,70.7721091657052,0.5447941764895694,0.14347025090737675,0.14299350215077114,0.14391967040050563,1.8529904543171605e-5,1.695179695243021e-5,2.01102570653533e-5,0.9999814700954568,0.9999798897429347,0.9999830482030476,0.053022000309139616,9.824926044163724e-7,8.988181832522266e-7,1.0662860563360397e-6
TUR.40.25_1,2051,10,albopictus,15.744727807886461,73.53116747148103,0.5368719242996545,0.01190547790456805,0.011829932271402251,0.011986079854904345,0,0,0,1,1,1,0.05062874231568015,0,0,0
TUR.40.25_1,2051,11,albopictus,11.959693530026605,85.01249789936757,0.3114123450603973,8.248729931875375e-5,8.027012700741124e-5,8.469993240762753e-5,0,0,0,1,1,1,0.030661340658955538,0,0,0
TUR.40.25_1,2051,12,albopictus,7.544294132905849,77.24567332679342,0.256141543329592,0,0,0,0,0,0,1,1,1,0.02448319430313939,0,0,0
TUR.40.25_1,2052,1,albopictus,7.175515532493591,80.2241197392235,0.258372495091384,0,0,0,0,0,0,1,1,1,0.024693784240547023,0,0,0
TUR.40.25_1,2052,2,albopictus,8.523378529969385,75.7298893875224,0.20017296125578488,0,0,0,0,0,0,1,1,1,0.020494618728361225,0,0,0
TUR.40.25_1,2052,3,albopictus,7.741061056361478,75.74710193166084,0.23725558739518188,0,0,0,0,0,0,1,1,1,0.02269863812922457,0,0,0
TUR.40.25_1,2052,4,albopictus,13.775637907140396,70.60934840551994,0.31372687682364625,0.002138835829752518,0.0021133833726967944,0.002164482710776785,0,0,0,1,1,1,0.030885671208583987,0,0,0
TUR.40.25_1,2052,5,albopictus,19.04234773972455,73.02745962675054,0.43850721916744145,0.05298492809190828,0.05277893867032729,0.053205270819553827,0,0,0,1,1,1,0.04154837044394444,0,0,0
TUR.40.25_1,2052,6,albopictus,23.68948768166935,63.316047953639895,0.4932201333261119,0.1272196857985486,0.12676035450690573,0.12768512783866376,7.306415618955065e-7,6.612516592119366e-7,8.061161101052815e-7,0.9999992693584381,0.9999991938838899,0.9999993387483408,0.04812543595855534,3.5162443695661046e-8,3.1823024377892514e-8,3.8794689232031475e-8
TUR.40.25_1,2052,7,albopictus,26.488080080817728,64.09095056325751,0.5792053027950866,0.16418362126006417,0.1635361368506524,0.16482149480650532,5.880100542642662e-4,5.330871226086109e-4,6.457898128986061e-4,0.9994119899457358,0.9993542101871014,0.9994669128773914,0.05451015007080151,3.205251630108529e-5,2.9058659054207142e-5,3.520209961529785e-5
TUR.40.25_1,2052,8,albopictus,28.120040276471308,66.40841895186571,0.6877697869521125,0.17713062102865285,0.17641482050149215,0.17781564231976427,0.0034735441102257875,0.003172799601745863,0.003777731907887555,0.9965264558897742,0.9962222680921125,0.9968272003982541,0.06439169390011501,2.2366738909420628e-4,2.043019407620264e-4,2.432545566493929e-4
TUR.40.25_1,2052,9,albopictus,23.921428512124454,59.493559971369265,0.5481857324089587,0.12250134222478663,0.1220449707929678,0.12298076694136545,2.6005723834510166e-7,2.344343113358516e-7,2.890535025196206e-7,0.9999997399427617,0.9999997109464974,0.9999997655656887,0.05334311873554476,1.387226414308062e-8,1.2505457305273996e-8,1.5419015305829205e-8
TUR.40.25_1,2052,10,albopictus,18.714591699488025,73.59504839189118,0.5402141611138311,0.04780444525272344,0.04760523753125569,0.04800996539392909,0,0,0,1,1,1,0.05093575945872186,0,0,0
TUR.40.25_1,2052,11,albopictus,13.537016489926508,77.01379489643789,0.31335100818830747,0.0017664030345043266,0.0017428702979871702,0.0017881081396421946,0,0,0,1,1,1,0.03084924455598148,0,0,0
TUR.40.25_1,2052,12,albopictus,10.278871311860927,76.61418834144186,0.2577361241914482,0,0,0,0,0,0,1,1,1,0.024633718859324083,0,0,0
TUR.40.25_1,2053,1,albopictus,10.045361399650574,79.73432023971178,0.289579878594682,0,0,0,0,0,0,1,1,1,0.02763483334882444,0,0,0
TUR.40.25_1,2053,2,albopictus,10.51012722534292,74.63056992951459,0.21661451262727333,7.885965785240181e-18,1.1550370085316274e-19,3.5841766986574727e-17,0,0,0,1,1,1,0.022941447458285302,0,0,0
TUR.40.25_1,2053,3,albopictus,9.291116560206692,71.92748370656318,0.2659123765070527,0,0,0,0,0,0,1,1,1,0.0254051724012041,0,0,0
TUR.40.25_1,2053,4,albopictus,14.485954565160416,70.48806392065666,0.35162020969123575,0.004422524838162361,0.004378924301042164,0.00446288762506243,0,0,0,1,1,1,0.03455101939449634,0,0,0
TUR.40.25_1,2053,5,albopictus,16.921271155862247,62.67124319608648,0.4914720788855122,0.01973590533004396,0.019616654497086765,0.019857862108957722,0,0,0,1,1,1,0.04644847160505294,0,0,0
TUR.40.25_1,2053,6,albopictus,23.989671931547278,63.35991697219458,0.5527934630909992,0.1322062872914827,0.13172181989017928,0.13268260436017798,2.0754990029187015e-6,1.8769711104066334e-6,2.284730763515985e-6,0.9999979245009971,0.9999977152692364,0.9999981230288896,0.05377921225347171,1.1161870140983374e-7,1.0094202774019281e-7,1.2287102067316266e-7
TUR.40.25_1,2053,7,albopictus,27.97974687464097,60.88937433034736,0.6491643052232552,0.15694213030052181,0.1562586118929828,0.15762979733436097,1.9079670422968254e-4,1.7050300375845429e-4,2.1282154709295896e-4,0.9998092032957703,0.999787178452907,0.9998294969962415,0.060889710174976686,1.1617556022886117e-5,1.0381878482815242e-5,1.2958642321480425e-5
TUR.40.25_1,2053,8,albopictus,25.61834082883947,68.5216124638286,0.7708416924806197,0.1702302988793254,0.16964636309575415,0.17081411151179643,0.001401926866339733,0.0012918956467455308,0.0015181103095554093,0.9985980731336602,0.9984818896904446,0.9987081043532544,0.07188309892468658,1.0077484761827489e-4,9.286546257538094e-5,1.0912647356035807e-4
TUR.40.25_1,2053,9,albopictus,21.68996031144086,74.92896188787317,0.6143980526339575,0.10961413471603432,0.1092628866699467,0.10995583020745563,1.207139703784943e-8,1.103043215378019e-8,1.3148776412119644e-8,0.999999987928603,0.9999999868512236,0.9999999889695679,0.05959044825901294,7.193399605979685e-10,6.57308396534391e-10,7.835414804557455e-10
TUR.40.25_1,2053,10,albopictus,17.64329119289623,73.42421861894196,0.6054636393674236,0.03163296134256698,0.03146199231581471,0.031783771755585194,0,0,0,1,1,1,0.05690971198469763,0,0,0
TUR.40.25_1,2053,11,albopictus,15.766564944211176,77.04898929341054,0.3511989419639939,0.012648871124595425,0.012563718368357233,0.012728463880852262,0,0,0,1,1,1,0.034510347288027265,0,0,0
TUR.40.25_1,2053,12,albopictus,11.639542355256923,79.39362254554342,0.2888666439762702,1.93580327586164e-5,1.86549690433842e-5,2.0079576124932492e-5,0,0,0,1,1,1,0.02756771575847483,0,0,0
TUR.40.25_1,2054,1,albopictus,9.481950640678406,79.10790117232897,0.2667477031452612,0,0,0,0,0,0,1,1,1,0.02548395357376909,0,0,0
TUR.40.25_1,2054,2,albopictus,8.16720501464956,74.53505753937787,0.19953535443023862,0,0,0,0,0,0,1,1,1,0.021151881558425623,0,0,0
TUR.40.25_1,2054,3,albopictus,10.646422231898587,76.53337970265693,0.2449462856859449,3.713941475543888e-12,1.908113685031612e-12,7.731245273317908e-12,0,0,0,1,1,1,0.023425734931683984,0,0,0
TUR.40.25_1,2054,4,albopictus,12.84230832492604,71.37345515600822,0.32389641079266185,5.554118806325878e-4,5.460226077492721e-4,5.648411257489185e-4,0,0,0,1,1,1,0.03187071436085065,0,0,0
TUR.40.25_1,2054,5,albopictus,18.81212313034955,69.68077230985601,0.4527215386613004,0.04683964563065521,0.04663867477830059,0.0470345424374021,0,0,0,1,1,1,0.04286589028695842,0,0,0
TUR.40.25_1,2054,6,albopictus,24.463316188139075,66.71060209182349,0.5092079854057467,0.14813021285095232,0.14759835759571868,0.14869871531187664,4.2972698411841484e-5,3.9071226371906184e-5,4.7445756380085075e-5,0.9999570273015882,0.99995255424362,0.9999609287736282,0.049646063029439635,2.133425293899383e-6,1.939732567097159e-6,2.3554950117251415e-6
TUR.40.25_1,2054,7,albopictus,25.500392016242532,67.49342019826727,0.5979803853173267,0.1654545403894841,0.16489677695842847,0.16606282767949712,7.095822804088378e-4,6.530255331475221e-4,7.750328858903171e-4,0.9992904177195912,0.9992249671141097,0.9993469744668525,0.05622649195921092,3.9897322383806067e-05,3.6717334888678584e-5,4.3577380326635955e-5
TUR.40.25_1,2054,8,albopictus,28.157832482281854,67.85653906905321,0.7100640139628376,0.18279905830677268,0.18206532637861159,0.18347909847184873,0.0067996168021487915,0.006253362988827044,0.007330548292304922,0.9932003831978512,0.992669451707695,0.9937466370111729,0.06640809829993943,4.5154962099901673e-4,4.1527394406722936e-4,4.8680777158783845e-4
TUR.40.25_1,2054,9,albopictus,22.22517187455121,67.74066080144739,0.5659553079184115,0.10883684784790862,0.10846311985374688,0.10920742550226513,9.906593154473953e-9,8.992427086296219e-9,1.087585395631585e-8,0.9999999900934069,0.999999989124146,0.999999991007573,0.05502379414219605,5.450983423822634e-10,4.94797456835071e-10,5.984307492129119e-10
TUR.40.25_1,2054,10,albopictus,17.494968133814197,79.85050340898103,0.5577253361767139,0.032319507344676715,0.03215991063759448,0.03246812902213759,0,0,0,1,1,1,0.05254271006757438,0,0,0
TUR.40.25_1,2054,11,albopictus,11.577677348080805,78.27349948628164,0.32350835828294905,1.3658932393764663e-5,1.3123071538142438e-5,1.420003540350526e-5,0,0,0,1,1,1,0.03183314513201185,0,0,0
TUR.40.25_1,2054,12,albopictus,9.947827114778407,79.36161723548483,0.26609070412589453,0,0,0,0,0,0,1,1,1,0.02542199133752321,0,0,0
TUR.40.25_1,2055,1,albopictus,10.697906374931335,83.48351152389147,0.28174143704964083,7.372404620171744e-11,4.909558172078045e-11,1.1215254158410601e-10,0,0,0,1,1,1,0.026896957311465464,0,0,0
TUR.40.25_1,2055,2,albopictus,7.813695111695458,79.38618516388959,0.21075112114000427,0,0,0,0,0,0,1,1,1,0.022327446385921657,0,0,0
TUR.40.25_1,2055,3,albopictus,10.131750906214993,72.05100360402412,0.25871457454143026,0,0,0,0,0,0,1,1,1,0.024726070694574442,0,0,0
TUR.40.25_1,2055,4,albopictus,13.754801077001236,65.2289696823754,0.34210244045569577,0.0019176399900137603,0.0018948122449424882,0.0019413879333995653,0,0,0,1,1,1,0.03363168990499077,0,0,0
TUR.40.25_1,2055,5,albopictus,19.06403429367963,67.65753317411382,0.47816875415155846,0.04952031505768522,0.04931966330531303,0.0497330400524241,0,0,0,1,1,1,0.04522006113557786,0,0,0
TUR.40.25_1,2055,6,albopictus,24.42474578408634,62.61736326125708,0.5378302713528587,0.1370584932385072,0.1365303150948709,0.13753272678465267,5.480618980719498e-6,4.935313765036531e-6,6.005289900617994e-6,0.9999945193810192,0.9999939947100994,0.9999950646862349,0.052362304137082094,2.869778379278992e-7,2.5842440037677056e-7,3.1445081620750693e-7
TUR.40.25_1,2055,7,albopictus,27.922837313483743,61.098953798120796,0.6315925164501066,0.15776293132158467,0.15706931002480298,0.1584467080160748,2.1771746753634956e-4,1.944579101436722e-4,2.4250481775973387e-4,0.9997822825324636,0.9997574951822403,0.9998055420898564,0.05929139860101351,1.2908773150100922e-5,1.1529681461448537e-5,1.4378449812458521e-5
TUR.40.25_1,2055,8,albopictus,27.174144127789667,64.84008627974657,0.7499763009475047,0.17034592478126662,0.16970208688659907,0.17098546628017147,0.0014248610476243107,0.0013019572323887203,0.0015541463910555358,0.9985751389523757,0.9984458536089444,0.9986980427676112,0.07000712272160248,9.97504222222662e-5,9.114627974611505e-5,1.0880131712596049e-4
TUR.40.25_1,2055,9,albopictus,23.435357879189883,71.25559915593958,0.5977673279982203,0.14064769483385792,0.14018882561443538,0.14110325157027773,1.0934609442513122e-5,1.0013391471960787e-5,1.1906317709656222e-5,0.9999890653905575,0.9999880936822904,0.999989986608528,0.05802517781071048,6.344826571924977e-7,5.810288206487766e-7,6.908662021736134e-7
TUR.40.25_1,2055,10,albopictus,18.561893182642322,80.3522047639615,0.5890747543113866,0.04962571681419001,0.0494382149646993,0.04981427232568152,0,0,0,1,1,1,0.0554127640744877,0,0,0
TUR.40.25_1,2055,11,albopictus,14.287224390927484,79.39453220112539,0.3416925757391563,0.004180515524699956,0.004141540621457234,0.004217726740492852,0,0,0,1,1,1,0.03359208106593403,0,0,0
TUR.40.25_1,2055,12,albopictus,8.353951229768642,77.98851695472311,0.28104750849590265,0,0,0,0,0,0,1,1,1,0.026831606989430767,0,0,0
TUR.40.25_1,2056,1,albopictus,9.770206332206726,80.91010911910631,0.28287506225694825,0,0,0,0,0,0,1,1,1,0.027003706372498937,0,0,0
TUR.40.25_1,2056,2,albopictus,8.526358762208154,76.86873673859662,0.2191562180694213,0,0,0,0,0,0,1,1,1,0.022416269415154177,0,0,0
TUR.40.25_1,2056,3,albopictus,10.978178823695462,71.94490924367256,0.2597555480179243,4.545831107732408e-8,4.0326120349373336e-8,5.109564098165952e-8,0,0,0,1,1,1,0.024824314225936672,0,0,0
TUR.40.25_1,2056,4,albopictus,13.438917440526627,63.60764705053947,0.3434789364161165,0.0012474849853252434,0.0012291121109494244,0.0012654050088191833,0,0,0,1,1,1,0.03376470095783435,0,0,0
TUR.40.25_1,2056,5,albopictus,18.8303726420683,70.21935415800054,0.4800927315356785,0.04748441800594674,0.04729692096066166,0.04768387552106878,0,0,0,1,1,1,0.04539781636190321,0,0,0
TUR.40.25_1,2056,6,albopictus,25.44713233498966,69.72656278518286,0.5399943050116746,0.17184044620062464,0.1712728932624814,0.1723976466988182,0.0017469721347901004,0.0016163205723729007,0.0018816073743297551,0.9982530278652099,0.9981183926256703,0.9983836794276271,0.05256735393656953,9.183370252683566e-5,8.496569560288491e-5,9.891112081605149e-5
TUR.40.25_1,2056,7,albopictus,26.87476640589097,62.77739007741767,0.6341338153264534,0.1620098784458841,0.16132941608415424,0.16261941828462978,4.2341451304794207e-4,3.8094635184045543e-4,4.6411100189634735e-4,0.999576585486952,0.9995358889981036,0.9996190536481596,0.059522720643313654,2.520278377647734e-5,2.26749632806889e-5,2.76251495133647e-5
TUR.40.25_1,2056,8,albopictus,26.723450997296503,71.35885077559618,0.7529939331727832,0.19198708649580348,0.191353852182125,0.19261868986976938,0.017324458931612798,0.016340486367846106,0.01833603881517142,0.9826755410683872,0.9816639611848286,0.9836595136321539,0.07027866789038506,0.001217539895635431,0.0011483876146132208,0.0012886323823166417
TUR.40.25_1,2056,9,albopictus,24.89417059281293,75.1709357648263,0.6001725266023724,0.18050887236843025,0.17994488428924965,0.18108664286041787,0.005225393648783087,0.004886602368791854,0.005587377034236849,0.994774606351217,0.9944126229657632,0.9951133976312082,0.05825171421911335,3.043881375112823e-4,2.846529646893054e-4,3.25474290232802e-4
TUR.40.25_1,2056,10,albopictus,18.192735391504627,70.30301805741853,0.5914449771563781,0.03779913501274124,0.03762647486281657,0.03796103233160636,0,0,0,1,1,1,0.05562940525112603,0,0,0
TUR.40.25_1,2056,11,albopictus,13.568079569760492,77.14000034077382,0.34306742255283057,0.0018414360599908128,0.0018197125408945846,0.0018651295475915002,0,0,0,1,1,1,0.033724938217618794,0,0,0
TUR.40.25_1,2056,12,albopictus,8.926162495332607,81.71769633704733,0.28217834158676164,0,0,0,0,0,0,1,1,1,0.02693810029339405,0,0,0
TUR.40.25_1,2057,1,albopictus,8.877755045890808,80.93440874068834,0.2917939329033911,0,0,0,0,0,0,1,1,1,0.0278431532194251,0,0,0
TUR.40.25_1,2057,2,albopictus,9.67881790680044,78.17221879426069,0.21827069225321558,0,0,0,0,0,0,1,1,1,0.023114808983811796,0,0,0
TUR.40.25_1,2057,3,albopictus,11.45664199660806,74.08705249318427,0.26794547509733346,5.942869756488652e-6,5.683479701078294e-6,6.209433870037584e-6,0,0,0,1,1,1,0.025596906509899764,0,0,0
TUR.40.25_1,2057,4,albopictus,13.53851537143483,68.81925593725822,0.3543086086368882,0.0015525534464679632,0.0015315613402739317,0.0015711173537777926,0,0,0,1,1,1,0.034810535710917856,0,0,0
TUR.40.25_1,2057,5,albopictus,19.67946512558881,65.2189040237232,0.4952297497539007,0.05777236339721646,0.0575442068668277,0.05800582428551718,1.4976908602193361e-16,1.1102230246251565e-16,2.220446049250313e-16,0.9999999999999999,0.9999999999999998,0.9999999999999999,0.04679516335184719,7.008468845453238e-18,5.195306779431607e-18,1.0390613558863213e-17
TUR.40.25_1,2057,6,albopictus,24.117132411283606,68.85822324660865,0.5570199817107405,0.1478669858444525,0.14736354465617368,0.14836435378866064,4.10163195179557e-5,3.74752083418306e-5,4.473661075567459e-5,0.9999589836804821,0.9999552633892443,0.9999625247916581,0.054179049729272455,2.2222252148750505e-6,2.0303711763668857e-6,2.4237870588507983e-6
TUR.40.25_1,2057,7,albopictus,26.943970736335306,66.00141198903876,0.654127650860441,0.17351810595670067,0.17285166354586423,0.17417688317694222,0.002185757340042411,0.0019992634213816113,0.002380964503514532,0.9978142426599576,0.9976190354964855,0.9980007365786184,0.06134067885693084,1.340758390547209e-4,1.226361754813782e-4,1.4604997897983671e-4
TUR.40.25_1,2057,8,albopictus,27.06880698484533,64.8920844181743,0.7767353525610501,0.1701490211382238,0.16948233456962558,0.1708463715555287,0.0013866312237858641,0.0012626848148688252,0.001524836697559273,0.9986133687762141,0.9984751633024407,0.9987373151851312,0.0724123033672075,1.0040916083522419e-4,9.143391587144761e-5,1.104169375291129e-4
TUR.40.25_1,2057,9,albopictus,25.049560378579532,66.88357843450403,0.6190955843212359,0.15751390928441786,0.15695986966062342,0.15806690880037513,2.090935349212949e-4,1.910497517348314e-4,2.2825398219661341e-4,0.9997909064650787,0.9997717460178034,0.9998089502482652,0.06003210488292432,1.2552325018736574e-5,1.1469118734002053e-5,1.3702566999172237e-5
TUR.40.25_1,2057,10,albopictus,18.072072702295642,75.33194872148103,0.610092860796805,0.038622650789992656,0.038451081234293354,0.03878889553720024,0,0,0,1,1,1,0.057332111598321966,0,0,0
TUR.40.25_1,2057,11,albopictus,14.742427447262934,83.06823825581289,0.35388412000344543,0.006580844316161221,0.006526175791327148,0.0066321230506240164,0,0,0,1,1,1,0.03476956364564421,0,0,0
TUR.40.25_1,2057,12,albopictus,11.456653370576747,79.10071483069967,0.291075245073977,6.9840388820082965e-6,6.669678896554836e-6,7.2858914690313464e-06,0,0,0,1,1,1,0.027775536936397893,0,0,0
TUR.40.25_1,2058,1,albopictus,8.450946688652039,78.59283311812975,0.27652366190666355,0,0,0,0,0,0,1,1,1,0.026405468763257334,0,0,0
TUR.40.25_1,2058,2,albopictus,8.29018036407583,79.27911424103803,0.20684806742964373,0,0,0,0,0,0,1,1,1,0.021918513549240348,0,0,0
TUR.40.25_1,2058,3,albopictus,10.656052435145657,80.18823352345771,0.2539232506584248,8.168549314949946e-12,4.6136725513906315e-12,1.463140499501673e-11,0,0,0,1,1,1,0.024273754231650235,0,0,0
TUR.40.25_1,2058,4,albopictus,13.92494992648854,72.9500847946801,0.3357667958701707,0.0026263461147683293,0.0025980096215301174,0.002655898752271642,0,0,0,1,1,1,0.0330192392968609,0,0,0
TUR.40.25_1,2058,5,albopictus,19.219462226418887,78.90133810575445,0.46931319827136037,0.06084531054227321,0.06062460002298741,0.06107885778468101,7.156497616733759e-16,6.661338147750939e-16,7.771561172376096e-16,0.9999999999999993,0.9999999999999992,0.9999999999999993,0.04440147425443475,3.1775904468132764e-17,2.957732342674474e-17,3.4506877331202194e-17
TUR.40.25_1,2058,6,albopictus,24.660961375517005,66.36124448684302,0.5278698003252645,0.15029483746871208,0.14972561501270967,0.1508117696126082,6.272450088856952e-5,5.676849616998159e-5,6.849744543534486e-5,0.9999372754991114,0.9999315025545648,0.99994323150383,0.05141794211920214,3.2251647561443104e-6,2.9189192502622616e-6,3.521997684707769e-6
TUR.40.25_1,2058,7,albopictus,26.26631265528062,63.60103662282783,0.6198955940260076,0.16094157087643746,0.16033344551313639,0.16150153923829147,3.5915081186896325e-4,3.2643514383511323e-4,3.9118204952471865e-4,0.999640849188131,0.9996088179504753,0.999673564856165,0.058225950963480155,2.091189756037634e-5,1.9006996677699892e-5,2.2776946833419933e-5
TUR.40.25_1,2058,8,albopictus,26.44582686704748,67.67515402877001,0.7360869428825906,0.17610122149867732,0.17544541909797748,0.1767615084720236,0.0030518873503291325,0.0028052426853954924,0.0033140834817088766,0.9969481126496709,0.9966859165182912,0.9971947573146045,0.06875624958901883,2.0983632837679917e-4,1.9287796623482193e-4,2.2786395102722003e-4
TUR.40.25_1,2058,9,albopictus,21.541381667642032,71.65890420965052,0.5866968389073184,0.10105547048137224,0.10070099259881807,0.10136294053993013,1.2508642542874426e-9,1.1324625515118926e-9,1.360307477771272e-9,0.9999999987491357,0.9999999986396925,0.9999999988675374,0.05698178817629829,7.127648197511038e-11,6.452974122784095e-11,7.751275255299721e-11
TUR.40.25_1,2058,10,albopictus,17.055011468775135,82.32918688066071,0.5781652493319687,0.027333648193914838,0.027199953749648748,0.02745269798939089,0,0,0,1,1,1,0.05441498141123591,0,0,0
TUR.40.25_1,2058,11,albopictus,13.614186861935785,79.43647098286367,0.3353645217372257,0.0020203802217219056,0.00199781371733104,0.002044322763049642,0,0,0,1,1,1,0.03298033937973599,0,0,0
TUR.40.25_1,2058,12,albopictus,10.924414410310634,77.13471141273092,0.27584258472188483,2.3671933085951047e-8,2.0705544462688055e-8,2.6793181130073872e-8,0,0,0,1,1,1,0.026341296355961275,0,0,0
TUR.40.25_1,2059,1,albopictus,9.483457446098328,78.52883012740709,0.2776590794411672,0,0,0,0,0,0,1,1,1,0.026512440592835196,0,0,0
TUR.40.25_1,2059,2,albopictus,9.3695127157604,75.38828324738569,0.207697394106133,0,0,0,0,0,0,1,1,1,0.022007514217347035,0,0,0
TUR.40.25_1,2059,3,albopictus,10.144215429530423,75.96483722218818,0.25496586997435544,0,0,0,0,0,0,1,1,1,0.02437219871971219,0,0,0
TUR.40.25_1,2059,4,albopictus,12.20677594577565,70.58352290503166,0.3371454681505335,1.2804436247047712e-4,1.2513829495723768e-4,1.310868071507289e-4,0,0,0,1,1,1,0.03315254506444398,0,0,0
TUR.40.25_1,2059,5,albopictus,18.105465720681583,72.63204336698492,0.47124021757530393,0.03773158236098873,0.037577539641671875,0.03791189178129665,0,0,0,1,1,1,0.04457966313642392,0,0,0
TUR.40.25_1,2059,6,albopictus,24.88955520181095,63.887249278102786,0.5300372554467963,0.14687533044187695,0.14632553267667567,0.14741532272937447,3.43920854289006e-5,3.113063877257516e-5,3.782174722068987e-5,0.9999656079145711,0.9999621782527792,0.9999688693612274,0.051623520743229956,1.7754405355417868e-6,1.6070731764260323e-6,1.9524917521924837e-6
TUR.40.25_1,2059,7,albopictus,27.166089114020853,64.69138009816962,0.6224409108432581,0.1697927484030711,0.16914389775230937,0.17045274256729862,0.0013196952587186052,0.0012042939355351196,0.0014445656555583108,0.9986803047412814,0.9985554343444417,0.9987957060644649,0.058457901104091214,7.71466149217103e-5,7.040049578376882e-5,8.444627623099443e-5
TUR.40.25_1,2059,8,albopictus,27.651141503277948,71.04897147261767,0.7391093461594219,0.19575916622889983,0.19505204326486358,0.1964656181600991,0.02402124345673266,0.022644609711777154,0.0254354558021728,0.9759787565432674,0.9745645441978272,0.9773553902882228,0.06902858983885851,0.0016581525619941626,0.0015631254758552973,0.0017557736459326001
TUR.40.25_1,2059,9,albopictus,23.415658782510196,63.753321781672,0.5891058402699509,0.12354002726582249,0.12309331481722542,0.12398441922327323,3.277014546126944e-7,2.9639029256178785e-7,3.611180964341321e-7,0.9999996722985454,0.9999996388819036,0.9999997036097075,0.057208934031193204,1.8747450898863688e-8,1.6956172694653373e-8,2.0659181356370327e-8
TUR.40.25_1,2059,10,albopictus,17.4458901461433,75.97573229081696,0.580539219636737,0.03006222962776467,0.029920667581122093,0.030206672847783014,0,0,0,1,1,1,0.05463219427411792,0,0,0
TUR.40.25_1,2059,11,albopictus,13.269896128598383,81.18479251606679,0.3367415422634453,0.0013153665194787427,0.0012985751387144377,0.0013319613227137548,0,0,0,1,1,1,0.03311349080410653,0,0,0
TUR.40.25_1,2059,12,albopictus,11.269034161287196,75.78879466468405,0.27697520572544204,1.5873373949212849e-6,1.4943431787825845e-6,1.678775885298569e-6,0,0,0,1,1,1,0.02644801176204692,0,0,0
TUR.40.25_1,2060,1,albopictus,8.308916926383972,77.87962968795397,0.2780124390765913,0,0,0,0,0,0,1,1,1,0.02654572949550338,0,0,0
TUR.40.25_1,2060,2,albopictus,10.432326474610498,81.39450883332319,0.21538892201440277,2.1182323224752554e-31,1.4959543096011426e-40,1.897194516160446e-32,0,0,0,1,1,1,0.022035210960147156,0,0,0
TUR.40.25_1,2060,3,albopictus,8.320810163722317,76.02499499806709,0.2552903493576374,0,0,0,0,0,0,1,1,1,0.024402834152321473,0,0,0
TUR.40.25_1,2060,4,albopictus,12.627630514257095,73.81819545141838,0.33757453245468055,3.82188554144008e-4,3.749721854758468e-4,3.8990326285069974e-4,0,0,0,1,1,1,0.03319402814753891,0,0,0
TUR.40.25_1,2060,5,albopictus,18.3640697703642,74.72209311063726,0.47183993602072527,0.04280004289849614,0.0426081571913172,0.04298688167263017,0,0,0,1,1,1,0.04463511151438648,0,0,0
TUR.40.25_1,2060,6,albopictus,22.87858222512638,70.52763395217505,0.5307118012665216,0.12751297444479548,0.1270690952577323,0.12794616590747587,7.778869353117778e-7,7.065948442658288e-7,8.522144455763714e-7,0.9999992221130647,0.9999991477855544,0.9999992934051558,0.051687490924625656,4.020702390931238e-8,3.65221146003773e-8,4.4048826421563577e-8
TUR.40.25_1,2060,7,albopictus,27.852065142463236,64.9781690385993,0.6232330531127321,0.17191082315839865,0.171181287146616,0.17257121093890676,0.0017641772498599524,0.001596267151744532,0.0019258365903831675,0.99823582275014,0.9980741634096169,0.9984037328482555,0.058530075946828686,1.0325742841797039e-4,9.342963762303539e-5,1.1271936189630839e-4
TUR.40.25_1,2060,8,albopictus,27.095578530255487,67.17580634200243,0.7400499651718564,0.1785091754044135,0.17783028962936076,0.17917252493370148,0.004115607499619369,0.0037845499966421034,0.004455994626965603,0.9958843925003806,0.9955440053730344,0.996215450003358,0.06911333011824561,2.844433397583208e-4,2.61562853266931e-4,3.079686276586025e-4
TUR.40.25_1,2060,9,albopictus,22.82902510025922,68.75242151311731,0.5898555590450867,0.12287003765306855,0.12245638984756128,0.12327210756516827,2.8230207755086666e-7,2.5710375841092593e-7,3.084135341141491e-7,0.9999997176979224,0.9999996915864658,0.9999997428962416,0.057279614197966344,1.617015408939802e-8,1.4726804090624982e-8,1.7665808247489798e-8
TUR.40.25_1,2060,10,albopictus,19.905782419092517,81.96363970048493,0.5812780362006077,0.07819330306576841,0.07792719975116605,0.07844391496968445,9.061449368630293e-13,8.216732849675167e-13,9.910988696404388e-13,0.9999999999990938,0.9999999999990089,0.9999999999991783,0.05469978412172505,4.956593242940187e-14,4.4945351306311835e-14,5.4212894212617716e-14
TUR.40.25_1,2060,11,albopictus,15.301087954465082,75.32418918354726,0.33717009251595587,0.00906533615441701,0.00899804856479642,0.009131251202986208,0,0,0,1,1,1,0.033154925862016515,0,0,0
TUR.40.25_1,2060,12,albopictus,11.126214756685146,78.85961833411764,0.2773276950368438,4.487446346133483e-7,4.1494392555286447e-7,4.836392157907509e-7,0,0,0,1,1,1,0.026481220873368128,0,0,0
TUR.40.25_1,2061,1,albopictus,8.660520434379578,77.29800279586412,0.2838668805007687,0,0,0,0,0,0,1,1,1,0.02709709242057523,0,0,0
TUR.40.25_1,2061,2,albopictus,8.039696851197412,78.75524949494428,0.21234101716288128,0,0,0,0,0,0,1,1,1,0.02249397481300741,0,0,0
TUR.40.25_1,2061,3,albopictus,10.541421735987942,75.78880420216865,0.2606663044819343,7.115511100643365e-16,6.945915507836296e-17,2.9713882828092897e-15,0,0,0,1,1,1,0.024910260202149148,0,0,0
TUR.40.25_1,2061,4,albopictus,13.777179044835709,75.70957576147697,0.3446832443278408,0.002317860018764275,0.0022908047667807366,0.002342604351755862,0,0,0,1,1,1,0.033881058432704725,0,0,0
TUR.40.25_1,2061,5,albopictus,17.466454337624942,75.7934660964771,0.48177603555712023,0.030260006411908773,0.030110030580861993,0.030404957606647517,0,0,0,1,1,1,0.04555330876389185,0,0,0
TUR.40.25_1,2061,6,albopictus,23.127254710477942,74.83436612990943,0.5418876362901428,0.14242053339145347,0.14197952777203027,0.1428657376329472,1.5253001794771848e-5,1.4035968969780544e-5,1.655500364584339e-5,0.9999847469982053,0.9999834449963542,0.9999859640310301,0.05274671734261971,8.045457742953017e-7,7.403512878787955e-7,8.7322209791334e-7
TUR.40.25_1,2061,7,albopictus,27.03636842615464,68.53291375905829,0.6363572191219176,0.183318556223962,0.18266718972309354,0.18397945782954744,0.007205363791380399,0.006694741484902331,0.0077463967274211875,0.9927946362086196,0.9922536032725788,0.9933052585150977,0.05972505959206931,4.303407818227327e-4,3.998438341392903e-4,4.6265400616904103e-4
TUR.40.25_1,2061,8,albopictus,27.866336205426386,70.94276267134813,0.7556340850279811,0.1956838457063836,0.1949797859601322,0.19635031013201604,0.023872410635181612,0.022507654342403066,0.025199853092370827,0.9761275893648184,0.9748001469076292,0.9774923456575969,0.07051618001481064,0.0016833912057379464,0.0015871538053200288,0.0017769973770084034
TUR.40.25_1,2061,9,albopictus,25.744338820962344,67.18998636297083,0.60227685512315,0.16744616049005218,0.16686298449133813,0.16802996409200294,9.47484678277299e-4,8.704687874789285e-4,0.001028965789528019,0.9990525153217227,0.9989710342104721,0.9991295312125211,0.05844986814705022,5.538035451665842e-5,5.087878585426606e-5,6.014291472573815e-5
TUR.40.25_1,2061,10,albopictus,19.526839929468494,81.08212419755525,0.5935187050908216,0.06903670422093282,0.06879953635870367,0.06929659624262234,2.6308066836122633e-14,2.3869795029440866e-14,2.919886554764162e-14,0.9999999999999737,0.9999999999999708,0.9999999999999761,0.05581890568887282,1.468487501582092e-15,1.332385837561085e-15,1.6298487222258853e-15
TUR.40.25_1,2061,11,albopictus,15.57600937170141,76.15039920551992,0.34427028761217354,0.011057514131202331,0.010982320784761551,0.011133806532098521,0,0,0,1,1,1,0.033841161078411064,0,0,0
TUR.40.25_1,2061,12,albopictus,7.801090969758876,80.11437144691061,0.2831677169843799,0,0,0,0,0,0,1,1,1,0.02703126262406519,0,0,0
TUR.40.25_1,2062,1,albopictus,8.655359148979187,79.43743761031725,0.30574597399297876,0,0,0,0,0,0,1,1,1,0.02915487124917049,0,0,0
TUR.40.25_1,2062,2,albopictus,9.52935043853872,81.24288224640912,0.22870724121318955,0,0,0,0,0,0,1,1,1,0.024206553131164044,0,0,0
TUR.40.25_1,2062,3,albopictus,11.965432966456692,73.3136455107624,0.28075720919039565,6.357433209050252e-5,6.17561242249258e-5,6.539060493508001e-5,0,0,0,1,1,1,0.026804266917461517,0,0,0
TUR.40.25_1,2062,4,albopictus,16.400831503026627,73.6551629196801,0.3712497705620511,0.0175087531844328,0.017409624612464623,0.0176138729099089,0,0,0,1,1,1,0.03644429453183484,0,0,0
TUR.40.25_1,2062,5,albopictus,20.9335220561308,65.99019384916265,0.5189090145987946,0.08100452223020414,0.08070375992387152,0.08130765054484128,2.465954662689285e-12,2.216352101847008e-12,2.73739086953384e-12,0.9999999999975341,0.9999999999972625,0.9999999999977837,0.04897697123339395,1.2077499057738678e-13,1.0855021313523312e-13,1.3406911387171415e-13
TUR.40.25_1,2062,6,albopictus,25.97282050637638,61.49751691726294,0.583653728325077,0.15204787529977748,0.15147909758903635,0.15262687152680318,8.47193177276232e-5,7.680008188752918e-5,9.333872239582485e-5,0.9999152806822724,0.9999066612776041,0.9999231999181125,0.05669477363769959,4.803142541307947e-6,4.35416325797026e-6,5.2918177378633715e-6
TUR.40.25_1,2062,7,albopictus,27.49470811731675,59.52905328542548,0.6854045721172718,0.1526569714687293,0.15200293827458636,0.1533323280217804,9.39544128052472e-5,8.39726332232199e-5,1.051100838015101e-4,0.9999060455871948,0.9998948899161985,0.9999160273667769,0.0641775163591336,6.029760864821543e-6,5.389155042402721e-6,6.7457041226813186e-6
TUR.40.25_1,2062,8,albopictus,27.7311528710758,72.5438292607036,0.8138747250176224,0.20228024069176495,0.20156190705024712,0.202960556421456,0.03910649261132908,0.037229091592324404,0.04091718327437151,0.960893507388671,0.9590828167256285,0.9627709084076755,0.07574019272899934,0.0029619332873372533,0.0028197385723282196,0.0030990753471286867
TUR.40.25_1,2062,9,albopictus,24.581327270059024,64.52141489080286,0.6486974576188961,0.14419321416589576,0.14367930709349194,0.1447135688502137,2.1168254959838874e-5,1.9240748844884247e-5,2.325484710581083e-5,0.9999788317450402,0.9999767451528941,0.9999807592511551,0.0628104716645298,1.329588078342502e-6,1.2085205101259367e-6,1.4606479152025037e-6
TUR.40.25_1,2062,10,albopictus,18.798209863550525,68.7145971894986,0.6392642715167096,0.04599246220085537,0.04578562935519513,0.04619616237181681,0,0,0,1,1,1,0.05998954772679366,0,0,0
TUR.40.25_1,2062,11,albopictus,12.367766001645258,74.33830356343007,0.370804985129436,2.1350964552238518e-4,2.0897638997071575e-4,2.180952714048452e-4,0,0,0,1,1,1,0.036401436024569356,0,0,0
TUR.40.25_1,2062,12,albopictus,8.577689900117763,76.11178508216452,0.30499292231635644,0,0,0,0,0,0,1,1,1,0.029084117391853237,0,0,0
TUR.40.25_1,2063,1,albopictus,9.445466876029968,81.59992082564928,0.2888710530780911,0,0,0,0,0,0,1,1,1,0.0275681306828659,0,0,0
TUR.40.25_1,2063,2,albopictus,9.327503362122705,78.13275193635053,0.21608428968996413,0,0,0,0,0,0,1,1,1,0.02288593957564722,0,0,0
TUR.40.25_1,2063,3,albopictus,11.34385951827554,77.25740161427802,0.26526148363921864,3.043121789379691e-6,2.8908937563368366e-6,3.219331161164676e-6,0,0,0,1,1,1,0.025343781097815432,0,0,0
TUR.40.25_1,2063,4,albopictus,14.075530332677506,74.1779900681176,0.35075952358974366,0.0031406853346780646,0.003107437034470619,0.0031716048995927707,0,0,0,1,1,1,0.03446792096653384,0,0,0
TUR.40.25_1,2063,5,albopictus,18.361664603738223,77.09629202421148,0.4902690672954229,0.04415254676278938,0.043964806525788276,0.044339825195126206,0,0,0,1,1,1,0.046337452219448405,0,0,0
TUR.40.25_1,2063,6,albopictus,23.945860133451575,65.27027540114966,0.5514403507340733,0.13598890646366235,0.13551728923273465,0.13646705130766523,4.4402734710312645e-6,4.0401135656620296e-6,4.874276158708945e-6,0.999995559726529,0.9999951257238412,0.9999959598864343,0.053651169286813016,2.3822586367404318e-7,2.1675681684928328e-7,2.6151061534157035e-7
TUR.40.25_1,2063,7,albopictus,27.186713274787454,68.63733346731024,0.6475752990180059,0.18446407649416552,0.18376631431576237,0.18512207450137896,0.00817192632266641,0.007566965490216818,0.008767997608480774,0.9918280736773336,0.9912320023915192,0.9924330345097832,0.06074528757956976,4.964060145494271e-4,4.5965749480790063e-4,5.326145362241445e-4
TUR.40.25_1,2063,8,albopictus,27.95309768003576,64.95792990767626,0.7689548477746477,0.1717626731449235,0.1710762447949088,0.17247564527187723,0.0017291967730269841,0.0015735469649691331,0.0019013702191805037,0.998270803226973,0.9980986297808195,0.9984264530350309,0.07171361127743958,1.2400694520306005e-4,1.1284473537259124e-4,1.3635412479281076e-4
TUR.40.25_1,2063,9,albopictus,22.664838622598086,72.41187204412317,0.6128941462881017,0.12683843571188053,0.12641009776304474,0.1272361145344029,6.731238352269964e-7,6.131829815431145e-7,7.323490521932152e-7,0.9999993268761648,0.9999992676509478,0.9999993868170184,0.05944900883444049,4.001654482708217e-8,3.645312048688517e-8,4.353742527372857e-8
TUR.40.25_1,2063,10,albopictus,19.685937600977283,69.5100187898404,0.6039816024281364,0.06154969753369667,0.061300226632318044,0.0618055944324566,9.95981075391228e-16,8.881784197001252e-16,1.1102230246251565e-15,0.999999999999999,0.9999999999999989,0.9999999999999991,0.056774441512493445,5.65462693123496e-17,5.0425833741923616e-17,6.303229217740452e-17
TUR.40.25_1,2063,11,albopictus,11.901012995663812,79.11344241841054,0.35033928702984624,5.817698448226379e-5,5.6458237577160683e-05,5.9967183343907165e-5,0,0,0,1,1,1,0.034427344926026726,0,0,0
TUR.40.25_1,2063,12,albopictus,8.642210735994228,77.10760417396139,0.2881595642954028,0,0,0,0,0,0,1,1,1,0.02750117279384312,0,0,0
TUR.40.25_1,2064,1,albopictus,5.773485541343689,77.13685472457506,0.3015015218880691,0,0,0,0,0,0,1,1,1,0.02875601137209227,0,0,0
TUR.40.25_1,2064,2,albopictus,7.021895566407372,78.32222794953412,0.23358698625453347,0,0,0,0,0,0,1,1,1,0.023874554879626753,0,0,0
TUR.40.25_1,2064,3,albopictus,10.985027158961575,69.7980205107624,0.2768596581876665,4.555848635562151e-8,4.0318701834081005e-8,5.097261826477034e-8,0,0,0,1,1,1,0.02643712542358745,0,0,0
TUR.40.25_1,2064,4,albopictus,17.139164251439713,60.23043071142814,0.3660959762224877,0.021169429998282446,0.021038659510980075,0.02128694749519418,0,0,0,1,1,1,0.03594756974789115,0,0,0
TUR.40.25_1,2064,5,albopictus,19.370859931497012,67.07907248075445,0.5117053728614842,0.05411492093478561,0.05389768488021488,0.054337367633391594,0,0,0,1,1,1,0.04831375661863335,0,0,0
TUR.40.25_1,2064,6,albopictus,23.242536769193762,70.42619352248755,0.5755512821558769,0.13480281550372594,0.13435241419119412,0.13520039740991766,3.507450941925172e-6,3.20214137772834e-6,3.7934729108735073e-6,0.9999964925490581,0.9999962065270891,0.9999967978586223,0.05593015593406858,1.961722781129706e-7,1.7909626657927926e-7,2.1216953143682034e-7
TUR.40.25_1,2064,7,albopictus,28.04329019434312,61.74820764333564,0.6758895919497662,0.15981445187616694,0.15911296641404374,0.16051178629185153,3.0140213137781313e-4,2.6952721143609637e-4,3.356298816018705e-4,0.9996985978686221,0.9996643701183981,0.9997304727885639,0.06331540991988749,1.9083399498914022e-5,1.706522587664063e-5,2.1250543534985735e-5
TUR.40.25_1,2064,8,albopictus,27.082841256085565,74.34638434493212,0.802576285844019,0.2068622454025237,0.20620129966876757,0.20749679912201796,0.052119259928045863,0.05013088470716019,0.054050523486208625,0.9478807400719541,0.9459494765137914,0.9498691152928398,0.07472905682891695,0.003894823137044033,0.0037462337321652575,0.004039144641233595
TUR.40.25_1,2064,9,albopictus,25.29719335892621,73.66140665105677,0.639692055999108,0.18254697086198415,0.18197174007216987,0.18315814567397662,0.006607635148474085,0.006186949874044992,0.007073539773392493,0.9933923648515259,0.9929264602266075,0.993813050125955,0.06196611472327196,4.0944947765986933e-4,3.8338124568220496e-4,4.3831977709766633e-4
TUR.40.25_1,2064,10,albopictus,19.489854532129627,78.79159685380525,0.6303898240549911,0.0661273728510707,0.06589483894354686,0.06637136145924766,7.718936601008863e-15,6.994405055138486e-15,8.548717289613705e-15,0.9999999999999922,0.9999999999999915,0.999999999999993,0.05918190354384434,4.568213613819563e-16,4.1394220531978313e-16,5.059293620575128e-16
TUR.40.25_1,2064,11,albopictus,14.301328280392816,74.03656863911367,0.3656573654270756,0.003923151913894191,0.0038879512062467017,0.003959628962164148,0,0,0,1,1,1,0.03590528444023311,0,0,0
TUR.40.25_1,2064,12,albopictus,10.305289997774013,79.6935187857778,0.30075892428785606,0,0,0,0,0,0,1,1,1,0.028686211110322657,0,0,0
TUR.40.25_1,2065,1,albopictus,5.805530905723572,78.17356737105943,0.2857363615559853,0,0,0,0,0,0,1,1,1,0.02727309168209291,0,0,0
TUR.40.25_1,2065,2,albopictus,8.689253964844873,81.07882737580366,0.21373944556753047,0,0,0,0,0,0,1,1,1,0.022640425147503085,0,0,0
TUR.40.25_1,2065,3,albopictus,8.350117529139798,76.20364490041084,0.26238299195566367,0,0,0,0,0,0,1,1,1,0.025072239425152798,0,0,0
TUR.40.25_1,2065,4,albopictus,14.79332379733815,77.5199853073754,0.3469532477681321,0.006358927132241108,0.006306496812213443,0.0064126439205377484,0,0,0,1,1,1,0.03410034287505004,0,0,0
TUR.40.25_1,2065,5,albopictus,18.851710151223575,68.87925863798101,0.48494890013978137,0.04694743870908843,0.046744647933486275,0.047137281448970614,0,0,0,1,1,1,0.04584632797909127,0,0,0
TUR.40.25_1,2065,6,albopictus,24.488538966459387,68.66074399856177,0.5454563818525466,0.1538159872580301,0.1533031395455029,0.15431742403197557,1.1407251684429698e-4,1.0459654627799353e-4,1.2389861021272762e-4,0.9998859274831557,0.9998761013897872,0.9998954034537221,0.053084707623862304,6.055506204597613e-6,5.552477077633069e-6,6.577121498145526e-6
TUR.40.25_1,2065,7,albopictus,28.283021029304056,62.17596490651923,0.6405481193192215,0.1607093782458291,0.15996376176278856,0.16139241542811358,3.465827619433941e-4,3.081160790386145e-4,3.8466358497541705e-4,0.9996534172380566,0.9996153364150245,0.9996918839209614,0.06010633050611103,2.0831818037090446e-5,1.851972688094199e-5,2.3120716572197943e-5
TUR.40.25_1,2065,8,albopictus,27.268918374005487,69.88141089522509,0.7606105148395311,0.1897043295974873,0.18900333933336588,0.19036486420495144,0.013986806370131718,0.013059248284431389,0.014893432751468835,0.9860131936298683,0.9851065672485312,0.9869407517155686,0.07096370234094229,9.925555639504226e-4,9.267326080528502e-4,0.0010568931286100757
TUR.40.25_1,2065,9,albopictus,24.021301101235782,67.87600626043177,0.6062433099933409,0.1436333947483876,0.1431556864662258,0.14410423138814316,1.9098258653992727e-5,1.7468506745732527e-5,2.0803079465508965e-5,0.999980901741346,0.9999791969205345,0.9999825314932542,0.05882325570151248,1.1234217522574377e-6,1.0275544390278199e-6,1.2237048627785172e-6
TUR.40.25_1,2065,10,albopictus,19.67450876796947,77.84372850663728,0.5974274808279791,0.06900005685414531,0.06875436623191562,0.06924514190046592,2.591560299691764e-14,2.3422930262029243e-14,2.864375403532904e-14,0.9999999999999741,0.9999999999999714,0.9999999999999766,0.05617599222661451,1.4558347125028732e-15,1.3158063483242885e-15,1.6090913040297021e-15
TUR.40.25_1,2065,11,albopictus,13.397198298398187,77.7923135731957,0.346537571415869,0.0014877983027348878,0.0014691797690830181,0.0015078263634276498,0,0,0,1,1,1,0.03406019187595222,0,0,0
TUR.40.25_1,2065,12,albopictus,9.809809460359462,78.8823615592153,0.2850325935117767,0,0,0,0,0,0,1,1,1,0.027206840318252712,0,0,0
TUR.40.25_1,2066,1,albopictus,10.846676707267761,83.05159624068834,0.29531338079542663,6.712327971836279e-9,5.707248581452631e-9,7.76887427764784e-9,0,0,0,1,1,1,0.02817420542312543,0,0,0
TUR.40.25_1,2066,2,albopictus,12.124490895692041,77.74646806183881,0.22090334578408272,1.1825342992385171e-4,1.153221780960854e-4,1.2141787129778961e-4,0,0,0,1,1,1,0.02339032015176956,0,0,0
TUR.40.25_1,2066,3,albopictus,10.095105970607083,75.47472491750068,0.27117727682853665,0,0,0,0,0,0,1,1,1,0.02590160830450039,0,0,0
TUR.40.25_1,2066,4,albopictus,14.352580350988053,71.71786891333244,0.35858207201355813,0.003982722949420386,0.00394532105449081,0.0040207474737188765,0,0,0,1,1,1,0.03522291777237874,0,0,0
TUR.40.25_1,2066,5,albopictus,18.39427454331342,69.74514151151617,0.5012029215793125,0.040446548101707995,0.040275227584911345,0.0406250374213032,0,0,0,1,1,1,0.04734600312461945,0,0,0
TUR.40.25_1,2066,6,albopictus,23.502546534818762,67.74638395217505,0.5637384312033233,0.1338453084095136,0.13338763806189452,0.1342931733637899,2.894565431047158e-6,2.6363869081752475e-6,3.164299530805659e-6,0.999997105434569,0.9999968357004693,0.9999973636130919,0.05481428134514421,1.5866352390934753e-7,1.445116537193729e-7,1.734488047418892e-7
TUR.40.25_1,2066,7,albopictus,27.06630044824937,67.5859914568122,0.6620173563078301,0.17991332988999156,0.17927071388267798,0.18054990244261326,0.0048715588828054605,0.004508877634348926,0.005248080582299849,0.9951284411171946,0.9947519194177001,0.9954911223656511,0.0620570903790294,3.02314769877022e-4,2.798078268627756e-4,3.2568061101221095e-4
TUR.40.25_1,2066,8,albopictus,26.41490302366369,70.29194480025438,0.7861038804534568,0.1852356619868317,0.18457689253658177,0.1858783367934372,0.008879790675389295,0.008267815128747321,0.009501645282159174,0.9911202093246108,0.9904983547178408,0.9917321848712527,0.07325290269215479,6.504704422709955e-4,6.056414571028527e-4,6.960230972693776e-4
TUR.40.25_1,2066,9,albopictus,24.514648269204532,69.69930185369348,0.6265627534550413,0.1571250026831402,0.15658856710422883,0.15768215809950856,1.9638130450414215e-4,1.7989845429702e-4,2.1461738929795526e-4,0.9998036186954958,0.999785382610702,0.999820101545703,0.06073373281691885,1.1926969677992552e-5,1.09259046574519e-5,1.3034515179486674e-5
TUR.40.25_1,2066,10,albopictus,20.126760202295642,72.46826311357087,0.6174514443407205,0.0726999278911805,0.07242234672519098,0.07296619053900055,1.1456025017508864e-13,1.0258460747536446e-13,1.2690404282977854e-13,0.9999999999998854,0.9999999999998731,0.9999999999998974,0.058003166222080904,6.644857233348839e-15,5.950232039220488e-15,7.360836290509718e-15
TUR.40.25_1,2066,11,albopictus,14.948637583676508,83.4493951771996,0.35815246344629326,0.007795719106039529,0.00773742276644166,0.007854262870510973,0,0,0,1,1,1,0.03518146923205012,0,0,0
TUR.40.25_1,2066,12,albopictus,8.307008518892177,72.25297465735983,0.2945860245734209,0,0,0,0,0,0,1,1,1,0.028105796866661592,0,0,0
TUR.40.25_1,2067,1,albopictus,8.358434557914734,80.59855516402818,0.297909714752087,0,0,0,0,0,0,1,1,1,0.02841835387651448,0,0,0
TUR.40.25_1,2067,2,albopictus,7.933705487672021,82.96449326935834,0.22284548215546646,0,0,0,0,0,0,1,1,1,0.023593517850435508,0,0,0
TUR.40.25_1,2067,3,albopictus,9.799414480433743,78.40867724904365,0.2735614111681599,0,0,0,0,0,0,1,1,1,0.02612632896902156,0,0,0
TUR.40.25_1,2067,4,albopictus,13.821345609777115,75.62378321997306,0.3617346511730624,0.0024350551855455353,0.0024088115657060114,0.0024620845350767444,0,0,0,1,1,1,0.03552702344629943,0,0,0
TUR.40.25_1,2067,5,albopictus,18.243080924539004,75.32419729764898,0.5056093936496558,0.041237167861011705,0.04105636744099461,0.0414142070819755,0,0,0,1,1,1,0.04775215941250621,0,0,0
TUR.40.25_1,2067,6,albopictus,25.727638469022864,67.94168119338599,0.5686947024960947,0.16969096853689522,0.16911431845319597,0.17029658615438695,0.0013009704795601184,0.0011993086857892048,0.0014137897716333004,0.9986990295204399,0.9985862102283667,0.9988006913142108,0.05528262495802738,7.192106310298706e-5,6.630093228538932e-5,7.815800971469893e-5
TUR.40.25_1,2067,7,albopictus,27.632811602424173,67.00648172170477,0.6678376755139929,0.17952988105052928,0.17884162485519972,0.18016729019418457,0.004654187206873956,0.004281656014657621,0.005016954373271473,0.9953458127931261,0.9949830456267285,0.9957183439853423,0.0625852442475594,2.9128344311607284e-4,2.6796848746137887e-4,3.1398731483005645e-4
TUR.40.25_1,2067,8,albopictus,28.090089180890253,66.88197165572313,0.7930151426278506,0.17901345639361568,0.17829931648389036,0.17971745995585026,0.004375021478369341,0.004008550862160726,0.004756287513093918,0.9956249785216307,0.9952437124869061,0.9959914491378392,0.07387253340554312,3.231939203108078e-4,2.961218074727869e-4,3.513590081973981e-4
TUR.40.25_1,2067,9,albopictus,23.643165420083438,68.89032281926966,0.632071363150925,0.13915739156475843,0.13869458707031712,0.13959544654317357,8.230104175830256e-6,7.521980558786168e-6,8.942214835055973e-6,0.9999917698958242,0.999991057785165,0.9999924780194411,0.06125099546057999,5.041020735138794e-7,4.607287970607825e-7,5.477195602695444e-7
TUR.40.25_1,2067,10,albopictus,18.102117257959705,70.96608110673493,0.6228799492977692,0.03683945466553607,0.03667100590590925,0.03701065171262543,0,0,0,1,1,1,0.05849790411116851,0,0,0
TUR.40.25_1,2067,11,albopictus,14.573501208249262,77.94799899800039,0.36130126557643216,0.005317152926765,0.005270106496228926,0.005364833730383976,0,0,0,1,1,1,0.035485223670897126,0,0,0
TUR.40.25_1,2067,12,albopictus,11.85512711020077,79.67734446937155,0.29717596376512784,4.9677463300967834e-5,4.808323473585979e-5,5.123392767646746e-5,0,0,0,1,1,1,0.02834936120201348,0,0,0
TUR.40.25_1,2068,1,albopictus,11.025296092033386,81.04503496139147,0.29934114504261766,1.4164165362594433e-7,1.2887203026702726e-7,1.553458498135692e-7,0,0,0,1,1,1,0.028552933399916824,0,0,0
TUR.40.25_1,2068,2,albopictus,7.232087293091943,77.98568009797162,0.23191324373627703,0,0,0,0,0,0,1,1,1,0.02370552824754757,0,0,0
TUR.40.25_1,2068,3,albopictus,10.829520071254056,76.81819262990302,0.2748758499758781,3.1170707890576137e-9,2.5851412375297237e-9,3.800621788151309e-9,0,0,0,1,1,1,0.026250201478751345,0,0,0
TUR.40.25_1,2068,4,albopictus,13.304062170140885,83.40744410864494,0.363472754736602,0.0014307851708809521,0.0014130965306180974,0.0014508864107542721,0,0,0,1,1,1,0.03569464427050839,0,0,0
TUR.40.25_1,2068,5,albopictus,19.892470191506778,68.97816610868414,0.5080388028478394,0.06480581930726696,0.06454994037531127,0.06505312685852731,4.339084647142499e-15,3.885780586188048e-15,4.884981308350689e-15,0.9999999999999957,0.9999999999999951,0.9999999999999961,0.047976010484050646,2.0817197052249174e-16,1.8642425014167824e-16,2.343619144638241e-16
TUR.40.25_1,2068,6,albopictus,26.65027831582462,60.13980893996802,0.5714272311210664,0.15238688342675652,0.1517353250609602,0.15301288412145175,8.974966324363331e-5,8.023305571763507e-5,9.96166324004788e-5,0.9999102503367564,0.9999003833675996,0.9999197669442824,0.055540736418554726,4.984762389868687e-6,4.4562029996683846e-6,5.532781123059051e-6
TUR.40.25_1,2068,7,albopictus,25.85281473047593,71.4832082536872,0.6710465775086252,0.18318364214252297,0.18260548662694093,0.1837604388496475,0.0070969640409239915,0.006648339694666943,0.007562067706667422,0.992903035959076,0.9924379322933325,0.9933516603053331,0.06287630280235035,4.462308600145288e-4,4.180230197747642e-4,4.7547485893629593e-4
TUR.40.25_1,2068,8,albopictus,26.798064568463495,71.9763587101665,0.7968255114738334,0.19501881952083452,0.19438705765607436,0.19564569318978503,0.02258743934634225,0.021405108447785152,0.02379080975220297,0.9774125606536578,0.976209190247797,0.9785948915522148,0.07421397566641386,0.0016763036740160427,0.0015885581974808768,0.0017656105760342727
TUR.40.25_1,2068,9,albopictus,24.102453063516055,71.36394418767786,0.6351084111228052,0.1541850632813923,0.15368154579301638,0.15464572289174608,1.212992286485538e-4,1.1144090431432219e-4,1.30831268473533e-4,0.9998787007713514,0.9998691687315265,0.9998885590956856,0.06153605474748658,7.464275974945299e-6,6.857633588995544e-6,8.05084009947044e-6
TUR.40.25_1,2068,10,albopictus,21.664100366480213,73.80735155351228,0.6258728333248342,0.10716515683945303,0.10681750672822199,0.10751443842405992,6.43870570438132e-9,5.875774575225812e-9,7.0422431164285366e-9,0.9999999935612943,0.999999992957757,0.9999999941242255,0.05877055558446709,3.784063114913677e-10,3.4532253627510706e-10,4.1387654051339406e-10
TUR.40.25_1,2068,11,albopictus,14.833350756589105,75.90002536518789,0.36303728675984187,0.006422374884057916,0.0063691281500566285,0.006475442581243724,0,0,0,1,1,1,0.03565265094595382,0,0,0
TUR.40.25_1,2068,12,albopictus,8.239608540254482,76.93712535316061,0.29860386844593034,0,0,0,0,0,0,1,1,1,0.028483618812287892,0,0,0
TUR.40.25_1,2069,1,albopictus,7.667696833610535,80.0766359135399,0.2865091493786868,0,0,0,0,0,0,1,1,1,0.027345835237081118,0,0,0
TUR.40.25_1,2069,2,albopictus,6.032454648438622,76.46357774201459,0.21431751424547577,0,0,0,0,0,0,1,1,1,0.022700956946934747,0,0,0
TUR.40.25_1,2069,3,albopictus,8.481426084742825,82.78079333791084,0.26309261945971374,0,0,0,0,0,0,1,1,1,0.025139188954038105,0,0,0
TUR.40.25_1,2069,4,albopictus,12.107775014989517,80.13862239233634,0.3478915996231844,1.1862993025197706e-4,1.158146425013195e-4,1.2156318534548721e-4,0,0,0,1,1,1,0.034190973996295226,0,0,0
TUR.40.25_1,2069,5,albopictus,20.81962282517377,70.65953970487554,0.48626046791722394,0.08455669588057235,0.08424649604188854,0.08485511376464586,8.304880450005215e-12,7.475497998399306e-12,9.162345881996714e-12,0.9999999999916951,0.9999999999908377,0.9999999999925244,0.045967427120485294,3.817539868299578e-13,3.4362940943075374e-13,4.211694665833625e-13
TUR.40.25_1,2069,6,albopictus,24.117492900175208,69.44987516311255,0.5469315950435282,0.14940394760589687,0.14888933435127522,0.14990963474438737,5.372961639062768e-5,4.90589006944403e-5,5.8612108140110304e-5,0.9999462703836094,0.9999413878918599,0.9999509410993056,0.053224387513733706,2.8597259237390257e-6,2.61112994155867e-6,3.119593556646097e-6
TUR.40.25_1,2069,7,albopictus,28.160420473884134,66.59178216726141,0.642280512717698,0.1777747596243662,0.17705489010155265,0.17859056876725166,0.0037623328016220315,0.003437882590458627,0.0041533061144779036,0.9962376671983779,0.995846693885522,0.9965621174095414,0.060263891387314805,2.2673281531988194e-4,2.0718018303373916e-4,2.5029438858116684e-4
TUR.40.25_1,2069,8,albopictus,27.02138266843908,73.60224371993212,0.7626676227990709,0.20331418571623938,0.202634459374622,0.20398899145725677,0.04188350584109394,0.040040948485086957,0.04374367074976703,0.9581164941589061,0.956256329250233,0.959959051514913,0.07114863180026876,0.0029799541355923984,0.0028488587006989816,0.003112302323767361
TUR.40.25_1,2069,9,albopictus,25.794616530923282,72.38269723943567,0.6078829243742545,0.18559397040415426,0.18500540879362087,0.18611999598662124,0.009223918463433383,0.008658969798708583,0.009746086808064635,0.9907760815365666,0.9902539131919353,0.9913410302012914,0.05897755974370378,5.440042022481947e-4,5.106849086222621e-4,5.748004169899554e-4
TUR.40.25_1,2069,10,albopictus,18.178043084986072,71.56012102372712,0.5990432523721291,0.03824237336464735,0.03806790779614378,0.03841218830336257,0,0,0,1,1,1,0.05632356171874797,0,0,0
TUR.40.25_1,2069,11,albopictus,14.463724711362055,73.02964877827382,0.3474747990541031,0.004497214307400001,0.004452870535786485,0.004542372327924571,0,0,0,1,1,1,0.0341507181822025,0,0,0
TUR.40.25_1,2069,12,albopictus,11.683308376985439,81.45530620032858,0.2858034779597323,2.5253575982746517e-5,2.441292087729856e-5,2.613952383864848e-5,0,0,0,1,1,1,0.027279409654985876,0,0,0
TUR.40.25_1,2070,1,albopictus,10.1383455991745,78.97685869186022,0.30998004193786344,0,0,0,0,0,0,1,1,1,0.029552592106559916,0,0,0
TUR.40.25_1,2070,2,albopictus,8.060726323548487,75.14841508332319,0.2318744521698447,0,0,0,0,0,0,1,1,1,0.02453762663583048,0,0,0
TUR.40.25_1,2070,3,albopictus,11.818025434718411,72.20549884328193,0.2846452247354691,3.534609838546478e-5,3.4225888039728706e-5,3.654049923188119e-5,0,0,0,1,1,1,0.027170372244789687,0,0,0
TUR.40.25_1,2070,4,albopictus,15.306015295140885,68.76393519751213,0.37639095601268496,0.0083185899583403,0.008258430146689366,0.008377929870019282,0,0,0,1,1,1,0.036939549068538025,0,0,0
TUR.40.25_1,2070,5,albopictus,19.510369132546817,63.67057943876226,0.5260950324433825,0.053765562198592784,0.05354589327960992,0.05400323094482192,0,0,0,1,1,1,0.04963810278775849,0,0,0
TUR.40.25_1,2070,6,albopictus,24.468361125272864,66.46381406692115,0.5917363516536523,0.14755836760293836,0.14706992247398212,0.1480810872952673,3.8834941627347575e-5,3.556621272060856e-5,4.25565767896513e-5,0.9999611650583726,0.9999574434232104,0.9999644337872794,0.0574569036785626,2.2313355004451105e-6,2.043524458499274e-6,2.4451691334923477e-6
TUR.40.25_1,2070,7,albopictus,28.31347375757554,63.42808969289619,0.6948962736438002,0.1651879459167071,0.1644256136859432,0.16590075041392907,6.826474892515959e-4,6.089376608816172e-4,7.56908678346166e-4,0.9993173525107484,0.9992430913216538,0.9993910623391185,0.06503672307578756,4.439715571683771e-5,3.9603310021175574e-5,4.922686010725996e-5
TUR.40.25_1,2070,8,albopictus,28.00339637083166,64.47308188521532,0.8251455222724313,0.16986933372553123,0.16912831672995565,0.17059117076353955,0.0013340997180916908,0.001201665530607679,0.0014723505034379247,0.9986659002819083,0.9985276494965621,0.9987983344693924,0.07674775394099231,1.023891568968483e-4,9.222513046245012e-5,1.1299959415275e-4
TUR.40.25_1,2070,9,albopictus,22.316110442666446,69.74583353093958,0.6576808272945845,0.11425336226931847,0.11387254195066665,0.11462744012474235,3.8104308227593366e-8,3.4705094190123906e-8,4.166656311921369e-8,0.9999999618956917,0.9999999583334369,0.9999999652949059,0.063652005616329,2.425415641309104e-9,2.209048850304994e-9,2.652160309677316e-9
TUR.40.25_1,2070,10,albopictus,17.26121302211986,73.72973009355134,0.6481170074170067,0.026866837149830916,0.026726792662705706,0.0269941888370017,0,0,0,1,1,1,0.0607945252082972,0,0,0
TUR.40.25_1,2070,11,albopictus,15.893787005368402,75.39049625141836,0.37594001104927377,0.0133860973027509,0.01330535653038611,0.01346959143044252,0,0,0,1,1,1,0.03689611936334425,0,0,0
TUR.40.25_1,2070,12,albopictus,10.640921368318446,79.50730052405905,0.30921656176099566,3.43784258066804e-12,1.7580625360057008e-12,6.953447040221952e-12,0,0,0,1,1,1,0.029480887777782572,0,0,0
TUR.40.25_1,2071,1,albopictus,9.102800250053406,79.03591783492662,0.3002758711783974,0,0,0,0,0,0,1,1,1,0.02864080397036184,0,0,0
TUR.40.25_1,2071,2,albopictus,8.546485104981592,78.20949601594037,0.22461543876837914,0,0,0,0,0,0,1,1,1,0.023778664270531324,0,0,0
TUR.40.25_1,2071,3,albopictus,9.919881666407864,76.02845874318427,0.2757341804971653,0,0,0,0,0,0,1,1,1,0.02633108191042388,0,0,0
TUR.40.25_1,2071,4,albopictus,13.374061864965103,76.21252070776603,0.36460773898157706,0.0014041857090124168,0.0013864223964117732,0.00142167130230285,0,0,0,1,1,1,0.03580408519831424,0,0,0
TUR.40.25_1,2071,5,albopictus,19.031582664040958,68.69593954618414,0.5096252107135023,0.049705738847735985,0.049509406622099295,0.049911524610949484,0,0,0,1,1,1,0.0481221571696806,0,0,0
TUR.40.25_1,2071,6,albopictus,24.3138162949506,67.26303129104224,0.5732115764289893,0.14711569103086755,0.14664069445739772,0.147605999188715,3.589154695969765e-5,3.294051351373784e-5,3.912423173628165e-5,0.9999641084530403,0.9999608757682636,0.9999670594864862,0.05570924552973511,1.999491002019814e-6,1.8350911552123783e-6,2.1795814319587692e-6
TUR.40.25_1,2071,7,albopictus,26.9706049526439,64.42146737844305,0.6731419953444645,0.1680595346632746,0.16741059519795784,0.1686792018387712,0.0010343465953833867,9.418418968186127e-4,0.0011281012413593499,0.9989656534046166,0.9988718987586407,0.9990581581031813,0.06306631570150123,6.523242892922162e-5,5.939849840566337e-5,7.11451890308242e-5
TUR.40.25_1,2071,8,albopictus,27.84772239011877,69.86495810591845,0.799313688069552,0.1911676210422263,0.19045087958523946,0.1918915726990007,0.016067162635276355,0.015015403974126486,0.017168774405872937,0.9839328373647237,0.9828312255941271,0.9849845960258735,0.0744368700348319,0.0011959892969105733,0.0011176996741425517,0.001277989829107312
TUR.40.25_1,2071,9,albopictus,22.923152755288516,73.72554697088098,0.6370916080229359,0.13533360378900647,0.13490645887703043,0.13575239418675686,3.8987607766981515e-6,3.577591829209692e-6,4.232903791850929e-6,0.9999961012392233,0.9999957670962082,0.9999964224081708,0.06172215217219579,2.4063990594235157e-7,2.208166672924849e-7,2.6126393197088755e-7
TUR.40.25_1,2071,10,albopictus,20.712259012110096,80.06237169511384,0.6278271911024793,0.09454851900727156,0.09424536929011708,0.09484936039384989,1.9345867929843052e-10,1.7657946216331765e-10,2.1130505123423404e-10,0.9999999998065413,0.9999999997886949,0.9999999998234205,0.05894855479182437,1.140410955657751e-11,1.040910410044521e-11,1.24561273904705e-11
TUR.40.25_1,2071,11,albopictus,14.024501421872309,83.60718631489492,0.3641709112074556,0.003419014200748918,0.003385092915646367,0.003450488662624132,0,0,0,1,1,1,0.03576196552284072,0,0,0
TUR.40.25_1,2071,12,albopictus,9.989947094636806,77.74497142249655,0.2995362923532472,0,0,0,0,0,0,1,1,1,0.02857127922176117,0,0,0
TUR.40.25_1,2072,1,albopictus,6.081567168235779,81.61555345504381,0.29477550863518104,0,0,0,0,0,0,1,1,1,0.028123618489830804,0,0,0
TUR.40.25_1,2072,2,albopictus,7.1796695379649895,80.53182267609662,0.22837603688548375,0,0,0,0,0,0,1,1,1,0.023348219206858478,0,0,0
TUR.40.25_1,2072,3,albopictus,9.23750194381265,70.84565845021552,0.2706833652174054,0,0,0,0,0,0,1,1,1,0.025855047336327486,0,0,0
TUR.40.25_1,2072,4,albopictus,14.750360769384049,71.55525599829338,0.35792896475109753,0.005647766183227851,0.005601764075604408,0.0056977806812463635,0,0,0,1,1,1,0.03515990542280423,0,0,0
TUR.40.25_1,2072,5,albopictus,19.593376945046817,72.12615347440679,0.5002900503188733,0.062157402988462285,0.061912876541891634,0.06239293013478237,1.320277220884236e-15,1.2212453270876722e-15,1.4432899320127035e-15,0.9999999999999987,0.9999999999999986,0.9999999999999988,0.04726183968563391,6.239873035402504e-17,5.771830086564711e-17,6.821253738667386e-17
TUR.40.25_1,2072,6,albopictus,24.58104918984806,69.37969999221411,0.5627116602287469,0.15737072554085896,0.15681104382873404,0.15788787053012424,2.0431522930027912e-4,1.86504602878218e-4,2.2181075672529914e-4,0.9997956847706997,0.9997781892432747,0.9998134953971218,0.05471722743647278,1.117956287035846e-5,1.0205014773636492e-5,1.213686962359433e-5
TUR.40.25_1,2072,7,albopictus,27.450718935798196,62.258213594263374,0.6608115839699892,0.16190626660131718,0.16126120488947795,0.16251044124304534,4.1676699229343975e-4,3.769591680283679e-4,4.56484254317141e-4,0.9995832330077066,0.9995435157456829,0.9996230408319716,0.06194763764343403,2.5817730620337864e-5,2.3351729947391696e-5,2.8278121176371437e-5
TUR.40.25_1,2072,8,albopictus,28.423226693097284,69.33108740889696,0.7846721018079444,0.18824773545176543,0.18747619681026903,0.18900710669566437,0.012124593990692163,0.011211221388000365,0.013064076766497115,0.9878754060093078,0.9869359232335029,0.9887887786119997,0.07312448443716935,8.86604684579366e-4,8.198147839084927e-4,9.55303878197704e-4
TUR.40.25_1,2072,9,albopictus,24.789743255166446,66.96235574773645,0.6254215567343828,0.15392113222138146,0.15340776989391822,0.1544522469174972,1.1609845113630335e-4,1.0644840491330076e-4,1.267028345942417e-4,0.9998839015488638,0.9998732971654058,0.9998935515950866,0.060626537942119696,7.0386471528364245e-6,6.453598259354349e-6,7.68155420890191e-6
TUR.40.25_1,2072,10,albopictus,19.54189272487865,74.84578844316071,0.6163268425996148,0.063583273735344,0.0633493629763771,0.06382152124965432,2.5202062658991053e-15,2.220446049250313e-15,2.7755575615628914e-15,0.9999999999999974,0.9999999999999972,0.9999999999999978,0.0579006408419086,1.4592155784935171e-16,1.2856524920647728e-16,1.6070656150809658e-16
TUR.40.25_1,2072,11,albopictus,14.39474830907934,74.3215875600121,0.3575001386559561,0.004299820175721985,0.004258159842296087,0.004340983393322511,0,0,0,1,1,1,0.03511852967464113,0,0,0
TUR.40.25_1,2072,12,albopictus,9.553456082063564,77.27213969642233,0.29404947719114966,0,0,0,0,0,0,1,1,1,0.02805533097997559,0,0,0
TUR.40.25_1,2073,1,albopictus,8.44167411327362,83.60096605270006,0.3197012167432444,0,0,0,0,0,0,1,1,1,0.030465119794514717,0,0,0
TUR.40.25_1,2073,2,albopictus,10.205664792481592,81.97547959748334,0.23914618511224123,0,0,0,0,0,0,1,1,1,0.025297327280011106,0,0,0
TUR.40.25_1,2073,3,albopictus,9.921659315333645,74.08638873586006,0.29357188327087613,0,0,0,0,0,0,1,1,1,0.0280104078581509,0,0,0
TUR.40.25_1,2073,4,albopictus,15.882639211766861,62.67169200293205,0.38819482007983425,0.011193630203177488,0.011121412368311576,0.0112727260175811,0,0,0,1,1,1,0.03807566187569189,0,0,0
TUR.40.25_1,2073,5,albopictus,20.30170519211713,63.78152227933843,0.5425937132702271,0.06711666954689428,0.06685899220342195,0.06738958629092166,1.178468433948865e-14,1.0547118733938987e-14,1.3211653993039363e-14,0.9999999999999882,0.9999999999999868,0.9999999999999895,0.051154284089829694,6.028370906111694e-16,5.395303080450799e-16,6.758327016564685e-16
TUR.40.25_1,2073,6,albopictus,24.3040506699506,63.86922483352271,0.6102935867490544,0.13835515938206952,0.13786820508653388,0.1388251685754232,7.0526245627834385e-6,6.410320324112817e-6,7.713626784186522e-6,0.9999929473754372,0.9999922863732158,0.9999935896796759,0.059204381142171525,4.175462726676715e-7,3.795190477121837e-7,4.566805001194417e-7
TUR.40.25_1,2073,7,albopictus,28.267573412726907,61.83153970510322,0.7166886706815856,0.15949205734975438,0.15880954877304648,0.16021736302942646,2.865796652848228e-4,2.568906818088246e-4,3.2057662188012535e-4,0.9997134203347152,0.9996794233781199,0.9997431093181912,0.06700642834382642,1.920267980670524e-5,1.7213327062819718e-5,2.148069444271656e-5
TUR.40.25_1,2073,8,albopictus,28.171933510724237,67.5066321476665,0.8510226200744105,0.1813706924740231,0.180667566413705,0.18206617721034615,0.0057783294488927064,0.005320937735076125,0.006253969454858452,0.9942216705511073,0.9937460305451415,0.994679062264924,0.0790569022476727,4.568168263959591e-4,4.206568543878663e-4,4.944194518526756e-4
TUR.40.25_1,2073,9,albopictus,25.82735617020551,67.74186243108606,0.6783061238404823,0.17021896017502347,0.16963778571919386,0.17079400681523496,0.0013997662048765896,0.001290353148758444,0.0015139318745047425,0.9986002337951234,0.9984860681254952,0.9987096468512415,0.06558126086475491,9.179843263167959e-5,8.462298645638543e-5,9.928556119336291e-5
TUR.40.25_1,2073,10,albopictus,21.61764498317943,70.95848985917634,0.6684423763796449,0.10158127086287168,0.10122624379088388,0.10189286291214117,1.4462602471176923e-9,1.30991236746425e-9,1.5738738562420805e-9,0.9999999985537398,0.9999999984261262,0.9999999986900877,0.06264009962774353,9.059388596709721e-11,8.2053041201574e-11,9.858761515650483e-11
TUR.40.25_1,2073,11,albopictus,14.324996569577387,78.13249301655507,0.3877297331904155,0.004256180827712319,0.004217633940726125,0.004297470878878708,0,0,0,1,1,1,0.03803092299549926,0,0,0
TUR.40.25_1,2073,12,albopictus,12.362727894502529,77.50612559730124,0.3189137933337305,2.2520543388528772e-4,2.2070186739812993e-4,2.3017010875522512e-4,0,0,0,1,1,1,0.030391236225211116,0,0,0
TUR.40.25_1,2074,1,albopictus,9.981964945793152,79.96156175582506,0.29387941963710973,0,0,0,0,0,0,1,1,1,0.028039335377411878,0,0,0
TUR.40.25_1,2074,2,albopictus,7.916386762086083,76.03643845978803,0.21983069944227654,0,0,0,0,0,0,1,1,1,0.02327807547333416,0,0,0
TUR.40.25_1,2074,3,albopictus,12.06541999648599,72.02597918996162,0.2698605140020678,8.625027339082956e-5,8.382414778550706e-5,8.861291198229709e-5,0,0,0,1,1,1,0.02577747234205685,0,0,0
TUR.40.25_1,2074,4,albopictus,13.200835508458756,74.57266627661369,0.3568408953626686,0.001065668623655037,0.0010500734748506856,0.0010799823766937681,0,0,0,1,1,1,0.03505491841408637,0,0,0
TUR.40.25_1,2074,5,albopictus,18.4098461375517,73.12103415067632,0.4987692170175895,0.042600802732635064,0.04241315058136687,0.04277723244587684,0,0,0,1,1,1,0.047121607825604706,0,0,0
TUR.40.25_1,2074,6,albopictus,24.492401347440833,68.22631864455786,0.5610010712786945,0.15268929264195757,0.15219005549155254,0.1532235730251828,9.440978865232197e-5,8.668424628013871e-5,1.0320861591007479e-4,0.9999055902113477,0.9998967913840899,0.9999133157537199,0.05455551457911356,5.1505746012327815e-6,4.7291036617155775e-6,5.630599149972218e-6
TUR.40.25_1,2074,7,albopictus,27.037386950324564,72.4870916155036,0.6588027807524653,0.19884344751403632,0.19816813877794548,0.1994685559811275,0.03061220578819508,0.02907755279561179,0.03206328952975305,0.9693877942118049,0.967936710470247,0.9709224472043881,0.06176526224576484,0.0018907709184291894,0.001795982673886035,0.0019803974862670835
TUR.40.25_1,2074,8,albopictus,27.18848166746252,71.6137641056743,0.7822867746117363,0.1962296145080486,0.19554164713924468,0.19687269032818747,0.02496083443382952,0.023587214526945965,0.02627847035953548,0.9750391655661704,0.9737215296404645,0.976412785473054,0.07291050154285694,0.0018199069574987238,0.0017197556411585914,0.001915976453692832
TUR.40.25_1,2074,9,albopictus,24.366775344399844,70.58275522283411,0.6235203357722305,0.15697308552455824,0.15642021659264563,0.15749187125044298,1.916134237294108e-4,1.7504575324219784e-4,2.0815798708453124e-4,0.9998083865762706,0.9997918420129155,0.9998249542467578,0.06044792531181853,1.1582633926337261e-5,1.058115261813539e-5,1.2582718456344232e-5
TUR.40.25_1,2074,10,albopictus,20.231185632593494,77.55041643388337,0.6144532686876348,0.0804499411526402,0.08017057483862372,0.08071716879365044,2.0295807257042497e-12,1.8369528120842914e-12,2.2268908939082624e-12,0.9999999999979704,0.9999999999977731,0.9999999999981631,0.05772980992489407,1.171673095221349e-13,1.060469366826258e-13,1.2855798802880142e-13
TUR.40.25_1,2074,11,albopictus,14.034561732236078,74.78330325825429,0.35641337285732577,0.00303550184619374,0.0030063568799763036,0.003067182541397729,0,0,0,1,1,1,0.03501366395835248,0,0,0
TUR.40.25_1,2074,12,albopictus,9.772362484651454,76.24098887855124,0.29315559525835405,0,0,0,0,0,0,1,1,1,0.02797124955821395,0,0,0
TUR.40.25_1,2075,1,albopictus,11.84846580028534,84.85208757369615,0.327095176418863,5.507499902168985e-5,5.3478059754628144e-5,5.674882427466418e-5,0,0,0,1,1,1,0.03115861698717104,0,0,0
TUR.40.25_1,2075,2,albopictus,10.296590962830713,79.23568009797162,0.2446770907100076,0,0,0,0,0,0,1,1,1,0.025874762077401692,0,0,0
TUR.40.25_1,2075,3,albopictus,10.624717558131497,72.78378406056709,0.3003615310830192,7.416263636051467e-13,3.027992551905287e-13,1.841761802130371e-12,0,0,0,1,1,1,0.028648856182414417,0,0,0
TUR.40.25_1,2075,4,albopictus,12.65506581699147,76.89091884009025,0.39717288051761934,4.28667015742698e-4,4.20801654186437e-4,4.3645332481605036e-4,0,0,0,1,1,1,0.038938895793818595,0,0,0
TUR.40.25_1,2075,5,albopictus,20.468882392434512,70.83304739530523,0.5551426678129501,0.07771460886611985,0.07742053614825319,0.07799064758101579,7.614600061600641e-13,6.828954068893722e-13,8.409134499842707e-13,0.9999999999992385,0.999999999999159,0.9999999999993171,0.052305877120496946,3.982883351438116e-14,3.571944323890727e-14,4.398471558385042e-14
TUR.40.25_1,2075,6,albopictus,26.035658107084387,61.84583692458716,0.6244082848934007,0.1536177272142648,0.15307314332802613,0.1541923484485567,1.1038440094139012e-4,1.0063178241941639e-4,1.2134933268138637e-4,0.9998896155990586,0.9998786506673185,0.9998993682175805,0.06053134905186319,6.6817167032641015e-6,6.091377547340844e-6,7.345438813747668e-6
TUR.40.25_1,2075,7,albopictus,30.51666742212632,59.236282899683296,0.7332640443538357,0.12815295719365427,0.1273356821190485,0.12895353338856982,8.93621875600159e-7,7.481270568820975e-7,1.0548910176599869e-6,0.9999991063781244,0.9999989451089824,0.9999992518729431,0.06850181419683399,6.12147196845884e-8,5.1248060646161694e-8,7.226194848965353e-8
TUR.40.25_1,2075,8,albopictus,28.6052926568424,68.59096366011767,0.8707048314840811,0.1844611559442412,0.1837250382606817,0.18516450571519788,0.008169996468745125,0.007532612232694532,0.008807922648891093,0.9918300035312548,0.9911920773511089,0.9924673877673055,0.08080938079070987,6.602123557015797e-4,6.087057302605718e-4,7.117627753093583e-4
TUR.40.25_1,2075,9,albopictus,24.81895429947797,72.73706735662317,0.6939937967824015,0.17142148739079335,0.17088902022711971,0.17193281989187148,0.001650331964885564,0.0015337702937535,0.0017675873918517686,0.9983496680351145,0.9982324126081482,0.9984662297062464,0.06704599720616,1.1064815230695406e-4,1.0283315882988839e-4,1.1850965933573732e-4
TUR.40.25_1,2075,10,albopictus,17.29374285305248,81.71575304277009,0.6839019233490737,0.030294283157636204,0.03015828105694822,0.030427954004677408,0,0,0,1,1,1,0.06404142138320235,0,0,0
TUR.40.25_1,2075,11,albopictus,13.962346651974848,80.37117862446523,0.3966970372296449,0.003054012578016795,0.003020950796627148,0.003088190031503907,0,0,0,1,1,1,0.03889316325817427,0,0,0
TUR.40.25_1,2075,12,albopictus,13.901382221895107,73.8618537467153,0.3262895417025643,0.0025937115545523175,0.002566427012330805,0.0026215512963299824,0,0,0,1,1,1,0.031083078663252217,0,0,0
TUR.59.4_1,2025,1,albopictus,5.2761454906533745,75.124508335343,1.1764488684395353,0,0,0,0,0,0,1,1,1,0.10760809766367574,0,0,0
TUR.59.4_1,2025,2,albopictus,4.355545538313249,65.41531101963587,0.8800193559878684,0,0,0,0,0,0,1,1,1,0.08997916865155986,0,0,0
TUR.59.4_1,2025,3,albopictus,11.784421345766852,64.30715121479798,1.0802971393038454,2.4734760278170824e-5,2.384947794133967e-5,2.5674164294450107e-5,0,0,0,1,1,1,0.09926563246601161,0,0,0
TUR.59.4_1,2025,4,albopictus,12.52401431869058,54.947321071006385,1.4284942718368945,2.0665901346937846e-4,2.0230532617374145e-4,2.111063978792984e-4,0,0,0,1,1,1,0.13311541167721652,0,0,0
TUR.59.4_1,2025,5,albopictus,16.270817896899054,61.83173755993958,1.996657274256849,0.013893513531345792,0.013798906614511601,0.013983938897241435,0,0,0,1,1,1,0.17570342895373803,0,0,0
TUR.59.4_1,2025,6,albopictus,23.274103248820584,40.992733517757024,2.2457818799089764,0.08153621077048202,0.08115348681191166,0.08191798718516763,2.9708817628204543e-12,2.594097159303033e-12,3.3828495560328516e-12,0.9999999999970292,0.9999999999966172,0.9999999999974059,0.20114688646195067,5.975836166379258e-13,5.217945667735958e-13,6.804496555652003e-13
TUR.59.4_1,2025,7,albopictus,25.804128198062674,43.8240285810431,2.637298613486127,0.10579040937179578,0.10528349233543864,0.10632390581176408,4.499844537320108e-9,3.92621431200002e-9,5.1644686138718756e-9,0.9999999955001555,0.9999999948355314,0.9999999960737856,0.2252558603046908,1.0136163524914042e-9,8.844027825901543e-10,1.1633268206342834e-9
TUR.59.4_1,2025,8,albopictus,26.548595316269818,44.012536669262225,3.13162586180287,0.10840268291193125,0.10785933829348403,0.10899921371690806,8.877696813347492e-9,7.698857129589954e-9,1.031389889605272e-8,0.9999999911223032,0.9999999896861012,0.9999999923011429,0.26144563720661995,2.3210351002928143e-9,2.0128326080083743e-9,2.6965238689631574e-9
TUR.59.4_1,2025,9,albopictus,23.13782512440401,46.20955193240204,2.4960570371823745,0.08785077451706375,0.08743171536964568,0.08824348015285347,2.4456685121521105e-11,2.132635734675148e-11,2.7680246983408097e-11,0.9999999999755433,0.9999999999723198,0.9999999999786736,0.22089207812773193,5.402288000608379e-12,4.710823393218558e-12,6.114347279253897e-12
TUR.59.4_1,2025,10,albopictus,15.787257755503935,40.21283500275607,2.4597600388253276,0.007649690040773423,0.007581661311608984,0.007714804271403842,0,0,0,1,1,1,0.2118298563390969,0,0,0
TUR.59.4_1,2025,11,albopictus,8.784019876928891,71.84285884578493,1.4267828271625305,0,0,0,0,0,0,1,1,1,0.1329670364795843,0,0,0
TUR.59.4_1,2025,12,albopictus,5.457223162931554,72.31593716777105,1.173551277405813,0,0,0,0,0,0,1,1,1,0.10735782514578551,0,0,0
TUR.59.4_1,2026,1,albopictus,6.168673547751763,73.94707150672971,1.1375027903783246,0,0,0,0,0,0,1,1,1,0.10423834836726242,0,0,0
TUR.59.4_1,2026,2,albopictus,6.134770887739519,70.0213748624093,0.8508865109887137,0,0,0,0,0,0,1,1,1,0.08713421346375205,0,0,0
TUR.59.4_1,2026,3,albopictus,8.539179226931402,70.92635287495423,1.0445341428444777,0,0,0,0,0,0,1,1,1,0.09614284848116161,0,0,0
TUR.59.4_1,2026,4,albopictus,11.095159376368803,71.26952184615287,1.3812042867695906,2.257915251574629e-7,2.0721212809758715e-7,2.4642549750985247e-07,0,0,0,1,1,1,0.12900620720060196,0,0,0
TUR.59.4_1,2026,5,albopictus,14.401186129626105,68.53938679089661,1.9305583793955394,0.003979970991798485,0.003937520678333925,0.0040210008980204135,0,0,0,1,1,1,0.1704137780460364,0,0,0
TUR.59.4_1,2026,6,albopictus,21.37080773185281,49.228390256038274,2.17143577040113,0.06871004305457132,0.06840187052284909,0.06902012004919864,2.3005486404770182e-14,2.020605904817785e-14,2.609301663625274e-14,0.999999999999977,0.9999999999999739,0.9999999999999798,0.195185591861326,4.490339479972756e-15,3.943931594503495e-15,5.092980895594417e-15
TUR.59.4_1,2026,7,albopictus,24.4906764310949,49.702061265369274,2.549991429615235,0.10886355351321735,0.10839368000485158,0.10937105692577803,9.98315303801789e-9,8.833655301687671e-9,1.1338012062545033e-8,0.9999999900168469,0.999999988661988,0.9999999911663446,0.2186822519258118,2.1831383876737614e-9,1.9317636341094463e-9,2.479422010199366e-9
TUR.59.4_1,2026,8,albopictus,25.23431194529814,48.397538805492694,3.0279540843510735,0.11249605334997981,0.11200542049183909,0.11299503807046718,2.4827623989809312e-8,2.1952718473605692e-8,2.8013410308114216e-8,0.999999975172376,0.9999999719865897,0.9999999780472815,0.2539986093325417,6.306181966442816e-9,5.575959963364644e-9,7.115367260922899e-9
TUR.59.4_1,2026,9,albopictus,17.51841365589815,77.26077950198211,2.4134256242725365,0.03155459047795022,0.03140813624708228,0.03171203181966228,0,0,0,1,1,1,0.21442752732302062,0,0,0
TUR.59.4_1,2026,10,albopictus,14.990127170787138,69.51482551178927,2.3783302299709863,0.006650936416613366,0.006593463194919371,0.006704329150036186,0,0,0,1,1,1,0.20559429916338134,0,0,0
TUR.59.4_1,2026,11,albopictus,10.995920111151303,73.21497493465212,1.3795494990904207,6.414677299993974e-8,5.7438680394998495e-8,7.190603376230062e-8,0,0,0,1,1,1,0.12886206429493985,0,0,0
TUR.59.4_1,2026,12,albopictus,5.701531634611242,71.48968136943121,1.1347011234511368,0,0,0,0,0,0,1,1,1,0.10399544842780983,0,0,0
TUR.59.4_1,2027,1,albopictus,4.946930679328301,80.14500851844846,1.1635258045526202,0,0,0,0,0,0,1,1,1,0.10649135715562963,0,0,0
TUR.59.4_1,2027,2,albopictus,6.360260027296404,70.24054447910852,0.8703525131150133,0,0,0,0,0,0,1,1,1,0.089036141617853,0,0,0
TUR.59.4_1,2027,3,albopictus,8.746053120669195,65.01837100239564,1.068430283614152,0,0,0,0,0,0,1,1,1,0.09823063007657395,0,0,0
TUR.59.4_1,2027,4,albopictus,10.680791700587553,70.25063909468803,1.4128025378123406,1.284780442009947e-11,7.746854217006516e-12,2.2607342383288765e-11,0,0,0,1,1,1,0.13175405161255993,0,0,0
TUR.59.4_1,2027,5,albopictus,16.95223917680628,56.24349979748841,1.974724379247378,0.01834215065957221,0.018231999339520348,0.018452436305520962,0,0,0,1,1,1,0.17395196985964723,0,0,0
TUR.59.4_1,2027,6,albopictus,23.327230537638943,44.3277745638996,2.2211123991616866,0.08709203875554028,0.08668459310998854,0.08748681420738477,1.914747715936471e-11,1.6738063712828934e-11,2.1708912445461692e-11,0.9999999999808525,0.999999999978291,0.999999999983262,0.1991737244681202,3.813674339998932e-12,3.3337824900688306e-12,4.323844945914933e-12
TUR.59.4_1,2027,7,albopictus,27.37584259930779,31.838257401843883,2.608328396942708,0.081910354550734,0.08132442187295555,0.08247180575353918,3.3904061780276605e-12,2.753403061106496e-12,4.0935282941134686e-12,0.9999999999966096,0.9999999999959065,0.9999999999972466,0.22308076379378095,7.563343997655642e-13,6.142312579037717e-13,9.131874184622857e-13
TUR.59.4_1,2027,8,albopictus,25.861581690171185,45.1216370110591,3.097225555790697,0.10887458273722746,0.10833633955793921,0.10939442984363072,1.0015483534964176e-8,8.704582574181609e-9,1.1405546465614869e-8,0.9999999899845164,0.9999999885944535,0.9999999912954174,0.2589828469208383,2.593838439173803e-9,2.2543375763190718e-9,2.953840894352844e-9
TUR.59.4_1,2027,9,albopictus,21.81878864063936,47.642909171171574,2.4686383321096432,0.07303926350329527,0.07272408285273345,0.07335317919770513,1.3084877625857415e-13,1.1546319456101628e-13,1.4755141553024485e-13,0.9999999999998691,0.9999999999998525,0.9999999999998845,0.2187529338065527,2.8623553691560295e-14,2.525791255689911e-14,3.22773050345508e-14
TUR.59.4_1,2027,10,albopictus,17.4004903681138,54.76071326813693,2.432740049277984,0.02208645864549204,0.02195320636587105,0.022214057206021726,0,0,0,1,1,1,0.20976622247692278,0,0,0
TUR.59.4_1,2027,11,albopictus,8.348328520269956,70.66110377986696,1.4111098930275927,0,0,0,0,0,0,1,1,1,0.13160707597639199,0,0,0
TUR.59.4_1,2027,12,albopictus,5.1719543793622185,68.13390744364996,1.1606600429974678,0,0,0,0,0,0,1,1,1,0.10624352446374452,0,0,0
TUR.59.4_1,2028,1,albopictus,5.94674781227813,64.31090207313596,1.1270139075505408,0,0,0,0,0,0,1,1,1,0.10332864103449269,0,0,0
TUR.59.4_1,2028,2,albopictus,6.4534979041884935,66.57150761387415,0.8731490988274634,0,0,0,0,0,0,1,1,1,0.08636649654433148,0,0,0
TUR.59.4_1,2028,3,albopictus,7.238798043307136,72.06717623921205,1.0349025214308096,0,0,0,0,0,0,1,1,1,0.09529997734831819,0,0,0
TUR.59.4_1,2028,4,albopictus,12.120408857569975,59.873136653281776,1.3684682389570482,7.685252823420523e-5,7.472083278179183e-5,7.928487484641979e-5,0,0,0,1,1,1,0.12789619863558455,0,0,0
TUR.59.4_1,2028,5,albopictus,16.470927378710577,61.669338267947396,1.912756752177604,0.01547307296606682,0.015372566739599186,0.015571555829160434,0,0,0,1,1,1,0.16898338649816236,0,0,0
TUR.59.4_1,2028,6,albopictus,23.002702797160428,51.243229428401555,2.1514130191987166,0.09408327121402323,0.09365057886659456,0.09448126437899979,1.6854768702945222e-10,1.4778786250335686e-10,1.8943264457060848e-10,0.9999999998314523,0.9999999998105673,0.9999999998522121,0.19357251762520855,3.262620011819677e-11,2.860766861922294e-11,3.6668953929933975e-11
TUR.59.4_1,2028,7,albopictus,24.96006348553826,47.740669816394664,2.5264780267969513,0.10898537444896031,0.108488950377503,0.10952249879006194,1.029973360877623e-8,9.052184340996305e-9,1.1782506970092754e-8,0.9999999897002664,0.999999988217493,0.9999999909478157,0.21690234642701067,2.2340363873167065e-9,1.963440023851942e-9,2.5556534086057263e-9
TUR.59.4_1,2028,8,albopictus,26.963035471299115,35.167565966137225,3.000033400668087,0.08929185882365591,0.08870619436126975,0.08980037691789898,3.8766419852009905e-11,3.208004417665222e-11,4.5325956876673955e-11,0.9999999999612336,0.999999999954674,0.9999999999679199,0.2519801866838375,9.76836971137348e-12,8.08353552045858e-12,1.142124307540787e-11
TUR.59.4_1,2028,9,albopictus,20.318124883315143,48.84643852908173,2.3911714910952924,0.05385289751147589,0.05361099382255519,0.05411605011823785,0,0,0,1,1,1,0.21267735717661607,0,0,0
TUR.59.4_1,2028,10,albopictus,15.808963382945342,53.29825751862521,2.3563997104865946,0.009376483008590442,0.009300368900861038,0.009447430974674096,0,0,0,1,1,1,0.20390653497687639,0,0,0
TUR.59.4_1,2028,11,albopictus,10.603726316900815,65.3008590288904,1.3668287100308398,8.49957215078865e-14,2.669186055440048e-14,2.6509066905239926e-13,0,0,0,1,1,1,0.1277532029727293,0,0,0
TUR.59.4_1,2028,12,albopictus,4.3322961190167595,67.94166196025152,1.1242380747192078,0,0,0,0,0,0,1,1,1,0.10308773676315497,0,0,0
TUR.59.4_1,2029,1,albopictus,7.90774110222564,74.06277127479612,1.2800178890471985,0,0,0,0,0,0,1,1,1,0.11650769676903139,0,0,0
TUR.59.4_1,2029,2,albopictus,4.2723596271346604,71.84460179112024,0.9574921176696775,0,0,0,0,0,0,1,1,1,0.09750167179287472,0,0,0
TUR.59.4_1,2029,3,albopictus,10.443493268069098,68.19451846333314,1.1754014142829752,4.028879321066728e-28,5.169860291296325e-36,2.8302863287750904e-29,0,0,0,1,1,1,0.10751763440709772,0,0,0
TUR.59.4_1,2029,4,albopictus,11.119223440394682,64.57254613814506,1.554252183333758,2.2430030944967044e-7,2.056073852819974e-7,2.4500983029512297e-7,0,0,0,1,1,1,0.14394890853732234,0,0,0
TUR.59.4_1,2029,5,albopictus,15.789462229784796,62.24435810437318,2.1724335820348837,0.01050228306151876,0.010428794329087698,0.010576871355671551,0,0,0,1,1,1,0.18960663057750005,0,0,0
TUR.59.4_1,2029,6,albopictus,22.638504112468045,47.55231908904609,2.4434899452914745,0.08371921452488115,0.08335509872948232,0.0840835839767214,6.2714957671516914e-12,5.533459801476681e-12,7.077297081714562e-12,0.9999999999937285,0.9999999999929228,0.9999999999944665,0.21678575092740715,1.3595709193200348e-12,1.1995752382897437e-12,1.5342571623958384e-12
TUR.59.4_1,2029,7,albopictus,28.055797128116385,42.60697230662904,2.8694739691486366,0.1029412312601138,0.10233718626284541,0.10354209227356244,2.1022624067112973e-9,1.777461217100651e-9,2.465069248724916e-9,0.9999999978977376,0.9999999975349307,0.9999999982225387,0.2424691597851465,5.097337994031882e-10,4.3097952786107867e-10,5.977032695505327e-10
TUR.59.4_1,2029,8,albopictus,27.251312143662396,42.88482823420363,3.4073194615143154,0.10586891709121204,0.10527158151571236,0.1064429182323895,4.5965839761130665e-9,3.913845827985263e-9,5.327987614989204e-9,0.999999995403416,0.9999999946720124,0.9999999960861541,0.28088974856395066,1.2911333173034838e-9,1.0993591705408477e-9,1.4965771015261608e-9
TUR.59.4_1,2029,9,albopictus,23.41736614002901,48.78265679080048,2.715798149318206,0.09530347419188656,0.09488645155751978,0.09571402848525916,2.421288146647882e-10,2.1363918134564842e-10,2.726580627943065e-10,0.9999999997578712,0.9999999997273419,0.9999999997863608,0.23782555186132603,5.7584418969181985e-11,5.0808856202730745e-11,6.484505425349603e-11
TUR.59.4_1,2029,10,albopictus,16.29921969245462,55.47327582917209,2.676305734082716,0.012930685179554232,0.012836478910000984,0.013021686899190338,0,0,0,1,1,1,0.2281749154951198,0,0,0
TUR.59.4_1,2029,11,albopictus,11.496680189581479,70.63723903377321,1.55239007112636,6.827066668192854e-6,6.510695607881336e-6,7.157578489007614e-6,0,0,0,1,1,1,0.1437894873760216,0,0,0
TUR.59.4_1,2029,12,albopictus,6.898381934446447,63.54741299784918,1.2768652077383822,0,0,0,0,0,0,1,1,1,0.1162381037413166,0,0,0
TUR.59.4_1,2030,1,albopictus,6.786617311484673,79.88387723182737,1.2433572350148367,0,0,0,0,0,0,1,1,1,0.11336767135020576,0,0,0
TUR.59.4_1,2030,2,albopictus,4.947645204908708,71.43188969395227,0.9300688390069625,0,0,0,0,0,0,1,1,1,0.09484604411525255,0,0,0
TUR.59.4_1,2030,3,albopictus,9.59321727472193,64.83129061909486,1.1417370530526394,0,0,0,0,0,0,1,1,1,0.10460532705740233,0,0,0
TUR.59.4_1,2030,4,albopictus,11.731344068751616,64.29289068160209,1.509737257362953,1.948296721990974e-5,1.8728847628147715e-5,2.0226641403557022e-5,0,0,0,1,1,1,0.14012970917881917,0,0,0
TUR.59.4_1,2030,5,albopictus,17.81333079057581,54.31266025891419,2.110213486018453,0.02612627975157126,0.025981871788670043,0.026276224577045062,0,0,0,1,1,1,0.18471228893332947,0,0,0
TUR.59.4_1,2030,6,albopictus,22.59666451285867,49.24406103240546,2.373506595619256,0.08558259493321527,0.08522556730956102,0.08594963713619853,1.1683539358209317e-11,1.0362699587318503e-11,1.316050601829488e-11,0.9999999999883165,0.9999999999868394,0.9999999999896373,0.2112853308194551,2.4685604784413795e-12,2.1894864104892206e-12,2.780621867826864e-12
TUR.59.4_1,2030,7,albopictus,26.75071289960076,36.709629624744274,2.7872901236430625,0.09256499225637962,0.09201335223231197,0.09311255678388025,1.0682270856765541e-10,8.997980693870034e-11,1.2568002194512928e-10,0.9999999998931773,0.99999999987432,0.9999999999100201,0.23642028611640575,2.525505532329452e-11,2.1273051701146484e-11,2.971330674738362e-11
TUR.59.4_1,2030,8,albopictus,24.647367365220013,46.46494069147902,3.3097313254224896,0.10381085162836148,0.10332152653687081,0.10428142789195421,2.6555048366905255e-9,2.3225417533634382e-9,3.0067579703807466e-9,0.9999999973444952,0.999999996993242,0.9999999976774583,0.2740662921875514,7.277843644778815e-10,6.365304067950921e-10,8.240510084476188e-10
TUR.59.4_1,2030,9,albopictus,21.226097219130573,51.52802956301728,2.6380156923495814,0.06916093074514,0.06884779266936619,0.06946005383705711,2.771260998457592e-14,2.4313884239290928e-14,3.1308289294429414e-14,0.9999999999999722,0.9999999999999687,0.9999999999999757,0.23187405564589758,6.425835269656614e-15,5.637758947069257e-15,7.259580014034385e-15
TUR.59.4_1,2030,10,albopictus,17.166716182933136,56.38236396393771,2.5996543689404166,0.0203332153142026,0.02021504535883151,0.020452680059756458,0,0,0,1,1,1,0.2224283268477164,0,0,0
TUR.59.4_1,2030,11,albopictus,10.448315550299252,70.39262538631228,1.5079284774191035,6.560610623517884e-27,2.5484012641955214e-33,2.963729680914014e-27,0,0,0,1,1,1,0.1399741634982129,0,0,0
TUR.59.4_1,2030,12,albopictus,8.234334216398352,80.04088223613043,1.2402948488180856,0,0,0,0,0,0,1,1,1,0.11310487009364656,0,0,0
TUR.59.4_1,2031,1,albopictus,6.644005331046441,74.99016232704221,1.2126568546024719,0,0,0,0,0,0,1,1,1,0.1107295656908096,0,0,0
TUR.59.4_1,2031,2,albopictus,6.875572698957781,74.48720280430383,0.9071040253853491,0,0,0,0,0,0,1,1,1,0.09261615634300968,0,0,0
TUR.59.4_1,2031,3,albopictus,9.515294453677008,71.41460360737611,1.113545829426398,0,0,0,0,0,0,1,1,1,0.10215919135804019,0,0,0
TUR.59.4_1,2031,4,albopictus,10.264001692042632,71.64817632613334,1.4724595492204415,0,0,0,0,0,0,1,1,1,0.13691832787676106,0,0,0
TUR.59.4_1,2031,5,albopictus,14.52275862413294,67.28647999158021,2.0581091068845705,0.00436662191817319,0.004327599068305099,0.004408555854899436,0,0,0,1,1,1,0.18059093343959276,0,0,0
TUR.59.4_1,2031,6,albopictus,22.619014824137967,41.51057485686835,2.3149011093240004,0.07525178343147655,0.07487134426978591,0.07560175296243109,3.0559688113385165e-13,2.6399438191049284e-13,3.4783287361506154e-13,0.9999999999996944,0.9999999999996522,0.999999999999736,0.20664945903853793,6.315143017017482e-14,5.4554296211016526e-14,7.18794751683726e-14
TUR.59.4_1,2031,7,albopictus,25.493926553165213,46.725601762195446,2.718467692964523,0.11053758010336427,0.11002649644191063,0.11104712241529566,1.525643651145714e-8,1.33855437650654e-8,1.7297052998244133e-8,0.9999999847435634,0.999999982702947,0.9999999866144562,0.23131769223167575,3.5290836855093432e-9,3.096313093001025e-9,4.00111438196282e-9
TUR.59.4_1,2031,8,albopictus,25.512195474961224,53.80005040217238,3.2280090272030413,0.12724890460774219,0.12668291407410706,0.12782608348641805,7.356628515705621e-7,6.503230064958122e-7,8.30703503426622e-7,0.9999992643371485,0.9999991692964966,0.9999993496769936,0.268302403837136,1.9738011149006398e-7,1.7448322591341977e-7,2.228797468452932e-7
TUR.59.4_1,2031,9,albopictus,21.46980106129366,49.42403328616181,2.5728790743220573,0.07032130661138221,0.07001689218732424,0.07061778457296053,4.4495074291717175e-14,3.9299119514168975e-14,5.007660952571768e-14,0.9999999999999555,0.9999999999999499,0.9999999999999607,0.22685441264168926,1.0093903943895828e-14,8.915178674722352e-15,1.1360099841043907e-14
TUR.59.4_1,2031,10,albopictus,17.751419628367707,48.32021873078342,2.535464950308703,0.023403317694759358,0.02326447425639595,0.02353359174129594,0,0,0,1,1,1,0.21758311216346438,0,0,0
TUR.59.4_1,2031,11,albopictus,11.863087583990659,68.55265956599978,1.4706954308032993,3.8431930688531584e-5,3.718083084673505e-5,3.9697801964122907e-5,0,0,0,1,1,1,0.1367660566186003,0,0,0
TUR.59.4_1,2031,12,albopictus,6.57406686334049,73.07960904277105,1.2096700833766738,0,0,0,0,0,0,1,1,1,0.11047249170010776,0,0,0
TUR.59.4_1,2032,1,albopictus,8.442473443991997,76.32059140419065,1.2804459088992013,0,0,0,0,0,0,1,1,1,0.11654429138966449,0,0,0
TUR.59.4_1,2032,2,albopictus,7.189547556288103,72.83869663975305,0.9920198712388226,0,0,0,0,0,0,1,1,1,0.09753263067432427,0,0,0
TUR.59.4_1,2032,3,albopictus,8.967713257845709,68.77223147602845,1.175794451867598,0,0,0,0,0,0,1,1,1,0.10755158012731802,0,0,0
TUR.59.4_1,2032,4,albopictus,11.634715879664702,71.33787359175834,1.5547719032495322,1.4979557772058216e-5,1.4421001167037852e-5,1.5542523094760027e-5,0,0,0,1,1,1,0.14399339806132316,0,0,0
TUR.59.4_1,2032,5,albopictus,20.268670222338507,47.33625034680482,2.1731600130545004,0.05197532144470697,0.051728609581506074,0.05223271782265016,0,0,0,1,1,1,0.1896635990474581,0,0,0
TUR.59.4_1,2032,6,albopictus,23.971622551188748,31.573288479915227,2.4443070137197385,0.07378805804507042,0.0733828471216814,0.07418121758106973,1.7503809512930957e-13,1.4921397450962104e-13,2.0294876890147862e-13,0.9999999999998249,0.999999999999797,0.9999999999998508,0.21684974227665443,3.79569658173873e-14,3.2357011916486605e-14,4.4009388231649935e-14
TUR.59.4_1,2032,7,albopictus,28.180003671085135,27.464813798328258,2.870433480600867,0.0705514463513813,0.06998052405259007,0.07110517672279605,4.904665562577293e-14,3.863576125695545e-14,6.084299730702014e-14,0.9999999999999509,0.9999999999999392,0.9999999999999614,0.24253949776298844,1.1895751222429218e-14,9.370698130952702e-15,1.4756830009239522e-14
TUR.59.4_1,2032,8,albopictus,26.04546917186064,46.88951268244582,3.4084588208811826,0.11369032538816161,0.11314123993697595,0.11427478401557299,3.3277995859171125e-8,2.903493491746012e-8,3.8262269502764564e-8,0.9999999667220041,0.9999999617377305,0.9999999709650651,0.280969033709062,9.350086340325479e-9,8.157917607564275e-9,1.0750512889707473e-8
TUR.59.4_1,2032,9,albopictus,22.143917195937213,50.04008782107392,2.7167062737529397,0.08051517254337612,0.08018126862629167,0.08085975206255339,2.0777982667752326e-12,1.8439111348911295e-12,2.34102459639729e-12,0.9999999999979222,0.999999999997659,0.999999999998156,0.23789476364262152,4.942973275715427e-13,4.386568036129233e-13,5.569174930414967e-13
TUR.59.4_1,2032,10,albopictus,14.452939594493193,61.314141918039276,2.677200652813163,0.0037527873894076034,0.0037168861391487706,0.003789203609659548,0,0,0,1,1,1,0.22824175654179746,0,0,0
TUR.59.4_1,2032,11,albopictus,10.00388996741351,66.32995753963259,1.552909168378187,0,0,0,0,0,0,1,1,1,0.1438339318748696,0,0,0
TUR.59.4_1,2032,12,albopictus,6.102257476133459,75.89577878154059,1.2772921733784095,0,0,0,0,0,0,1,1,1,0.11627461937049288,0,0,0
TUR.59.4_1,2033,1,albopictus,4.967984470374444,70.63647885536253,1.2362565933007323,0,0,0,0,0,0,1,1,1,0.11275820469998987,0,0,0
TUR.59.4_1,2033,2,albopictus,5.220468538648943,70.5874149014718,0.9247573441209714,0,0,0,0,0,0,1,1,1,0.09433078459270772,0,0,0
TUR.59.4_1,2033,3,albopictus,8.143733403261969,69.40142001362611,1.1352167501846167,0,0,0,0,0,0,1,1,1,0.1040401573671762,0,0,0
TUR.59.4_1,2033,4,albopictus,12.633642996058745,66.48627294478568,1.501115356074189,3.349716125617907e-4,3.282343500180306e-4,3.4177156460198836e-4,0,0,0,1,1,1,0.13938801780841592,0,0,0
TUR.59.4_1,2033,5,albopictus,19.345612666186163,47.81204609265443,2.0981623477916274,0.040619903569381416,0.040394404847370564,0.040823376344344964,0,0,0,1,1,1,0.18376091380142168,0,0,0
TUR.59.4_1,2033,6,albopictus,24.39573677848367,40.6251378451496,2.3599518267507937,0.09097584025886406,0.09054294321278238,0.09144723221079067,6.55392158321888e-11,5.716467299521355e-11,7.562884762890576e-11,0.9999999999344608,0.9999999999243712,0.9999999999428353,0.21021552142791078,1.3777360430139954e-11,1.2016901540944825e-11,1.5898357639302437e-11
TUR.59.4_1,2033,7,albopictus,28.373837975894705,34.314610093494274,2.771372294105509,0.08268819847182758,0.08207593002115196,0.08329739697632066,4.43229364321951e-12,3.572450668620775e-12,5.426187277279837e-12,0.9999999999955677,0.9999999999945738,0.9999999999964275,0.23524313468093527,1.0426666504573403e-12,8.403944937793542e-13,1.2764733044731181e-12
TUR.59.4_1,2033,8,albopictus,25.39615047679228,48.08410038996535,3.2908299062245776,0.11294654841835847,0.11243444276649192,0.11342719276237147,2.773592879901088e-8,2.440704745532152e-8,3.11372301248225e-8,0.9999999722640712,0.9999999688627699,0.9999999755929525,0.2727372211401483,7.564620146383238e-9,6.65671029920012e-9,8.492281618245402e-9
TUR.59.4_1,2033,9,albopictus,21.736488454482135,58.213587882109074,2.6229503485046686,0.08526445668184227,0.08493480754230237,0.08560040197925735,1.0513284687263535e-11,9.408654411124928e-12,1.1730694193801127e-11,0.9999999999894867,0.9999999999882693,0.9999999999905914,0.2307159753742697,2.4255827310093805e-12,2.1707268794221126e-12,2.706458552740109e-12
TUR.59.4_1,2033,10,albopictus,15.738681400523467,70.64260261139864,2.5848081013235866,0.011407847046262649,0.011326653697381141,0.011487254766775104,0,0,0,1,1,1,0.2213103590423977,0,0,0
TUR.59.4_1,2033,11,albopictus,11.466423918219174,72.91160731990603,1.4993169058231732,6.090726662885685e-6,5.804458542403239e-6,6.401710283439434e-6,0,0,0,1,1,1,0.1392332271061244,0,0,0
TUR.59.4_1,2033,12,albopictus,5.758235678953283,65.66911709941168,1.2332116959692574,0,0,0,0,0,0,1,1,1,0.11249672486983342,0,0,0
TUR.59.4_1,2034,1,albopictus,5.5301761951516655,73.73585171913206,1.1891113163701867,0,0,0,0,0,0,1,1,1,0.10870096334817869,0,0,0
TUR.59.4_1,2034,2,albopictus,4.1604659732650315,66.8021594693429,0.889491250238523,0,0,0,0,0,0,1,1,1,0.09090223101939332,0,0,0
TUR.59.4_1,2034,3,albopictus,7.90739717203028,75.74161471577455,1.0919246793041268,0,0,0,0,0,0,1,1,1,0.10027861000458271,0,0,0
TUR.59.4_1,2034,4,albopictus,12.56173690627603,60.5557843583599,1.4438695548786138,2.5393010203245733e-4,2.48687251730934e-4,2.59791817585127e-4,0,0,0,1,1,1,0.13444724713848333,0,0,0
TUR.59.4_1,2034,5,albopictus,15.491000315722296,59.36725620617982,2.0181478544672484,0.008297060026139901,0.008236860103619644,0.008364647272601411,0,0,0,1,1,1,0.17741596477675958,0,0,0
TUR.59.4_1,2034,6,albopictus,21.9196701891282,49.03007177459296,2.2699538578680922,0.07609936480566143,0.07574612031080648,0.07643115225042195,4.1985948051603825e-13,3.6713965201329303e-13,4.740763337451881e-13,0.9999999999995801,0.9999999999995259,0.9999999999996328,0.20307554053899113,8.526319095621449e-14,7.4557083285896585e-14,9.627330773204724e-14
TUR.59.4_1,2034,7,albopictus,27.403094796573416,33.92221888866029,2.6656845954584183,0.08595810338464845,0.08540881367449867,0.08650539260862547,1.3255280872925824e-11,1.1011067058142032e-11,1.578805697288743e-11,0.9999999999867447,0.999999999984212,0.999999999988989,0.22738118559333254,3.0140014802584973e-12,2.5037094823280235e-12,3.589907112710225e-12
TUR.59.4_1,2034,8,albopictus,26.410373575547162,49.565339708813006,3.1653324260889635,0.12153984882951498,0.12094656528382196,0.12209663813301984,2.096653409758842e-7,1.8290839752244105e-7,2.371723007987825e-7,0.999999790334659,0.9999997628276992,0.9999998170916025,0.26385082167294516,5.532037249282526e-8,4.826053097717775e-8,6.257810644382166e-8
TUR.59.4_1,2034,9,albopictus,23.426183812758502,47.19190514285126,2.52292279659883,0.09276686918189718,0.09234563849710621,0.0931600204498745,1.134216646159203e-10,9.958797675402309e-11,1.2749453992544345e-10,0.9999999998865783,0.9999999998725054,0.999999999900412,0.22298240156297833,2.529103516532859e-11,2.2206366223410125e-11,2.8429038698742404e-11
TUR.59.4_1,2034,10,albopictus,18.644030178294464,54.40290229401584,2.486235123505239,0.03567248358633284,0.035492287362753845,0.03585732708995007,0,0,0,1,1,1,0.21384664626361494,0,0,0
TUR.59.4_1,2034,11,albopictus,10.84922974249896,62.692552144124775,1.442139689446955,2.142205082712807e-9,1.7251298791383527e-9,2.6490637834782087e-9,0,0,0,1,1,1,0.1342975052085421,0,0,0
TUR.59.4_1,2034,12,albopictus,7.217491851133459,72.2097970310523,1.186182537754434,0,0,0,0,0,0,1,1,1,0.10844830649050352,0,0,0
TUR.59.4_1,2035,1,albopictus,5.043039831168511,67.32532162880003,1.1587429218533534,0,0,0,0,0,0,1,1,1,0.1060776923612794,0,0,0
TUR.59.4_1,2035,2,albopictus,5.225029962904314,74.16936222813196,0.866774772113522,0,0,0,0,0,0,1,1,1,0.08868687545724319,0,0,0
TUR.59.4_1,2035,3,albopictus,8.117536923464606,71.94901217671205,1.0640383082072673,0,0,0,0,0,0,1,1,1,0.09784726968717539,0,0,0
TUR.59.4_1,2035,4,albopictus,12.976052129969878,65.80367864546928,1.406994958135858,6.361967834292313e-4,6.263945196186767e-4,6.472186009465415e-4,0,0,0,1,1,1,0.13124966441088914,0,0,0
TUR.59.4_1,2035,5,albopictus,17.154949328478644,60.25275806775208,1.96660691848083,0.02133103233569719,0.02120572748537647,0.021449829421611475,0,0,0,1,1,1,0.17330280402867304,0,0,0
TUR.59.4_1,2035,6,albopictus,22.938316429362576,35.50545171844062,2.2119821159952022,0.07080522727547835,0.07043857435041215,0.07116163147954631,5.4127036186457646e-14,4.651834473179406e-14,6.228628723903284e-14,0.9999999999999458,0.9999999999999377,0.9999999999999535,0.19844221350754998,1.0741088871443912e-14,9.23120329728449e-15,1.2360228710880741e-14
TUR.59.4_1,2035,7,albopictus,27.050553826724784,31.9539228376349,2.597606392570368,0.08285668615910709,0.08229678868752589,0.08341642775737222,4.690099641990741e-12,3.854672137038051e-12,5.6497889699969044e-12,0.9999999999953099,0.9999999999943502,0.9999999999961453,0.22227420366438677,1.0424881630301176e-12,8.567941796474328e-13,1.255802344177898e-12
TUR.59.4_1,2035,8,albopictus,26.639896280625287,43.29282536555129,3.084493851458438,0.10686440892049819,0.10629379592655562,0.10742034082609105,5.96456406087853e-9,5.123869817325044e-9,6.8726617424852414e-9,0.9999999940354359,0.9999999931273382,0.9999999948761302,0.258069276686295,1.5392707329399926e-9,1.3223133775918127e-9,1.773622844792738e-9
TUR.59.4_1,2035,9,albopictus,22.905239217421588,51.87742150027314,2.4584905489464384,0.0937811352969233,0.09340611148671012,0.09415703780037515,1.5395710994958733e-10,1.3731432935149003e-10,1.719859477056218e-10,0.9999999998460429,0.999999999828014,0.9999999998626856,0.21795973883362874,3.355645147619232e-11,2.992899536356564e-11,3.7486012244971454e-11
TUR.59.4_1,2035,10,albopictus,17.605573261485382,53.13611762604709,2.422739832481779,0.023580572366866438,0.023451503226849902,0.023723819586888437,0,0,0,1,1,1,0.20900109336017725,0,0,0
TUR.59.4_1,2035,11,albopictus,10.325682569952573,65.96222835262087,1.4053092712728215,0,0,0,0,0,0,1,1,1,0.13110320796445452,0,0,0
TUR.59.4_1,2035,12,albopictus,5.4856798508588005,67.83568204081793,1.155888940528007,0,0,0,0,0,0,1,1,1,0.10583076430449334,0,0,0
TUR.59.4_1,2036,1,albopictus,5.775790246970513,81.2271465799719,1.1909537339754985,0,0,0,0,0,0,1,1,1,0.10885986644328627,0,0,0
TUR.59.4_1,2036,2,albopictus,7.548009413130144,66.38155094883508,0.92268619987662,0,0,0,0,0,0,1,1,1,0.09103646083522243,0,0,0
TUR.59.4_1,2036,3,albopictus,7.89152803140528,59.65985812397767,1.0936165152366661,0,0,0,0,0,0,1,1,1,0.10042590578264632,0,0,0
TUR.59.4_1,2036,4,albopictus,11.856971586451811,64.32738317427787,1.4461066967265297,3.3529745500404665e-5,3.238964973611745e-5,3.4651503284729326e-5,0,0,0,1,1,1,0.13464086190899105,0,0,0
TUR.59.4_1,2036,5,albopictus,15.938477656420538,61.20390705456849,2.021274787232923,0.011347874023122973,0.011271529515793566,0.011426580782117278,0,0,0,1,1,1,0.17766484630915247,0,0,0
TUR.59.4_1,2036,6,albopictus,23.069812858805935,53.8459744845539,2.2734709406621136,0.09932683608187243,0.09893784604229929,0.09974615662046436,7.721224546397565e-10,6.905573640691997e-10,8.673414986226647e-10,0.9999999992278775,0.9999999991326585,0.9999999993094426,0.20335577618595424,1.5701556107387191e-10,1.404288287712187e-10,1.7637890367070072e-10
TUR.59.4_1,2036,7,albopictus,25.867312936221854,43.57606181468568,2.669814826296581,0.10549587672527033,0.10494517134600365,0.10599121377845726,4.163080218000381e-9,3.5891011135325e-9,4.7325442370516054e-9,0.9999999958369198,0.9999999952674558,0.9999999964108989,0.2276899394383589,9.478914827135367e-10,8.172022151783615e-10,1.0775527107236347e-9
TUR.59.4_1,2036,8,albopictus,26.028842813828412,44.840207720287616,3.170236814860818,0.10893669035250722,0.10839058786557013,0.1094965628938345,1.0176113820037358e-8,8.826649763871154e-9,1.1705213309731732e-8,0.9999999898238862,0.9999999882947866,0.9999999911733503,0.2642001286208455,2.6885305801142338e-9,2.3320020029059145e-9,3.0925188619655568e-9
TUR.59.4_1,2036,9,albopictus,22.60315715565401,46.90324318606415,2.526831831281541,0.08234742606337234,0.08196916567152951,0.08274224733341971,3.930484382408395e-12,3.443179075190983e-12,4.490915972432674e-12,0.9999999999960695,0.999999999995509,0.9999999999965568,0.22328608107856007,8.776224544884549e-13,7.688139621510953e-13,1.0027590279376026e-12
TUR.59.4_1,2036,10,albopictus,16.215239132151886,51.39325110993381,2.49008731404403,0.011641370202481639,0.011557443354684257,0.01173006292699916,0,0,0,1,1,1,0.2141396638213412,0,0,0
TUR.59.4_1,2036,11,albopictus,10.410263945074643,65.69037776668337,1.4443741510289594,3.5337968059467716e-60,1.5993167387525368e-82,1.1492003659474376e-62,0,0,0,1,1,1,0.13449092149527997,0,0,0
TUR.59.4_1,2036,12,albopictus,7.609024272245519,76.41192258036871,1.1880204174891449,0,0,0,0,0,0,1,1,1,0.1086068631758168,0,0,0
TUR.59.4_1,2037,1,albopictus,7.095963987357476,72.49015469764768,1.2088104412676963,0,0,0,0,0,0,1,1,1,0.11039848778611805,0,0,0
TUR.59.4_1,2037,2,albopictus,5.078838842756609,70.41637913487024,0.90422679180849,0,0,0,0,0,0,1,1,1,0.09233638944457256,0,0,0
TUR.59.4_1,2037,3,albopictus,8.571244141634772,63.96751345845033,1.110013785294595,0,0,0,0,0,0,1,1,1,0.1018522472872101,0,0,0
TUR.59.4_1,2037,4,albopictus,12.2517288572648,64.14848913130912,1.467789070491407,1.2576826781629562e-4,1.2254704560892409e-4,1.288038898886652e-4,0,0,0,1,1,1,0.13651513326939124,0,0,0
TUR.59.4_1,2037,5,albopictus,19.792147776659796,42.943847697879036,2.0515810125740503,0.042904206800180596,0.042677265870978524,0.04312444578780456,0,0,0,1,1,1,0.18007310733995618,0,0,0
TUR.59.4_1,2037,6,albopictus,22.919542396769803,44.34940008269843,2.30755849920161,0.08254191312170746,0.08215136917947315,0.08292273398690944,4.202649561690919e-12,3.666469905461156e-12,4.776429252117964e-12,0.9999999999957974,0.9999999999952236,0.9999999999963336,0.20606671875171623,8.66026205240986e-13,7.555374228202956e-13,9.84263103333663e-13
TUR.59.4_1,2037,7,albopictus,28.873267678653495,29.255791276355602,2.7098450143026334,0.0695833763439977,0.0690315761415713,0.07012726492949392,3.312472518501863e-14,2.619848782359213e-14,4.107825191113079e-14,0.9999999999999669,0.9999999999999589,0.9999999999999738,0.2306759954522467,7.64107895613628e-15,6.04336225805068e-15,9.475766651038251e-15
TUR.59.4_1,2037,8,albopictus,27.102123148301068,42.14535298395949,3.217770139821269,0.10428958584889379,0.10371169780539037,0.10485289971871582,3.0222745434071997e-9,2.5803476855212892e-9,3.502100556773691e-9,0.9999999969777255,0.9999999964978994,0.9999999974196523,0.267577034596005,8.086912600598935e-10,6.904417819184515e-10,9.370816818385223e-10
TUR.59.4_1,2037,9,albopictus,24.29349147572237,45.58320915896454,2.5647181866458144,0.09900527900614652,0.09854191985090868,0.09949388838731126,7.055093494967579e-10,6.171579497449287e-10,8.079571234276272e-10,0.9999999992944907,0.999999999192043,0.999999999382842,0.22622319968423787,1.5960258245030182e-10,1.3961544610186184e-10,1.8277864566947054e-10
TUR.59.4_1,2037,10,albopictus,16.784158313975617,63.31726234040256,2.5274227360931074,0.01861247536701105,0.01849251833631784,0.01872095958093646,0,0,0,1,1,1,0.21697393666732978,0,0,0
TUR.59.4_1,2037,11,albopictus,10.267491270514096,75.16919856746462,1.466030547662644,0,0,0,0,0,0,1,1,1,0.13636327413235094,0,0,0
TUR.59.4_1,2037,12,albopictus,5.365352855009191,69.17251217997809,1.2058331437496723,0,0,0,0,0,0,1,1,1,0.11014213391738692,0,0,0
TUR.59.4_1,2038,1,albopictus,5.314736398703912,77.4432110330969,1.2466597478346015,0,0,0,0,0,0,1,1,1,0.11365099200554285,0,0,0
TUR.59.4_1,2038,2,albopictus,7.956201094038347,66.00815312168665,0.9325392185387529,0,0,0,0,0,0,1,1,1,0.09508559174802755,0,0,0
TUR.59.4_1,2038,3,albopictus,10.23165836053736,63.7091821596222,1.1447696499188664,0,0,0,0,0,0,1,1,1,0.10486806634790624,0,0,0
TUR.59.4_1,2038,4,albopictus,13.209909284816069,60.09892858443412,1.5137473089446756,8.411261492155356e-4,8.276157151414794e-4,8.556980508108655e-4,0,0,0,1,1,1,0.14047445247425794,0,0,0
TUR.59.4_1,2038,5,albopictus,20.276398798998663,40.074115794802864,2.1158184778050115,0.04654488364868498,0.04631139235590182,0.04678993020110634,0,0,0,1,1,1,0.18515439620510887,0,0,0
TUR.59.4_1,2038,6,albopictus,22.611744011149685,45.87698797332343,2.3798109269402015,0.081016894536515,0.08065568088061909,0.08137304906516855,2.478292793206549e-12,2.179242897248912e-12,2.8003571683754554e-12,0.9999999999975218,0.9999999999971997,0.9999999999978207,0.21178240597588827,5.248588104579875e-13,4.6152530398524e-13,5.930663787103797e-13
TUR.59.4_1,2038,7,albopictus,26.802852181827323,45.17723903026185,2.7946935159317037,0.11147215413805661,0.11086952620548081,0.11205402963978131,1.9285005249725094e-8,1.6545500558518002e-8,2.2218410150598444e-8,0.9999999807149947,0.9999999777815899,0.9999999834544995,0.23696716246031657,4.569912972059665e-9,3.920740318837593e-9,5.2650336077668085e-9
TUR.59.4_1,2038,8,albopictus,24.972963220932904,43.581723833568866,3.3185223870935583,0.10062921101717621,0.10012927973519382,0.10111742324731564,1.1127802171939648e-9,9.656283300740754e-10,1.2710825114670143e-9,0.9999999988872198,0.9999999987289175,0.9999999990343716,0.2746836161369016,3.0566249402444506e-10,2.6524228154898465e-10,3.491455406581342e-10
TUR.59.4_1,2038,9,albopictus,23.580692403456744,49.66697991091767,2.6450225930193003,0.09878656486630459,0.09834631028381713,0.09919501903185222,6.627696611527512e-10,5.837236888295294e-10,7.42656910968087e-10,0.9999999993372304,0.9999999992573431,0.9999999994162763,0.23241208534724322,1.5403567905339667e-10,1.3566443978745623e-10,1.7260244137563503e-10
TUR.59.4_1,2038,10,albopictus,16.36029967139749,54.5959107168674,2.6065593771219793,0.013212342586697115,0.01312095485794067,0.01329772164110603,0,0,0,1,1,1,0.22294774735710798,0,0,0
TUR.59.4_1,2038,11,albopictus,12.138928343268002,63.80693965633181,1.511933724654348,8.945984299826376e-5,8.701193087188948e-5,9.190160112689694e-5,0,0,0,1,1,1,0.1403185561351149,0,0,0
TUR.59.4_1,2038,12,albopictus,7.827893004697912,78.89394009745855,1.243589227555875,0,0,0,0,0,0,1,1,1,0.11338757681258538,0,0,0
TUR.59.4_1,2039,1,albopictus,7.307010206229546,67.68512387489378,1.2903043566145977,0,0,0,0,0,0,1,1,1,0.11738674448115083,0,0,0
TUR.59.4_1,2039,2,albopictus,5.342533129103044,77.22108952305383,0.9651867067052893,0,0,0,0,0,0,1,1,1,0.09824540307799168,0,0,0
TUR.59.4_1,2039,3,albopictus,7.270816704806159,67.69924105854798,1.184847163932378,0,0,0,0,0,0,1,1,1,0.10833308406566133,0,0,0
TUR.59.4_1,2039,4,albopictus,12.161722028956694,59.58800329146537,1.566742449924737,8.683767218276672e-5,8.432192810057894e-5,8.929516527845344e-5,0,0,0,1,1,1,0.14501747170125057,0,0,0
TUR.59.4_1,2039,5,albopictus,20.924409052904913,39.34091572156068,2.189891672093738,0.05342322842828219,0.05316528004397116,0.05369007629034941,0,0,0,1,1,1,0.19097462823081301,0,0,0
TUR.59.4_1,2039,6,albopictus,24.591447914347928,37.816776791682805,2.4631262959148366,0.08756444192260827,0.08711536896673427,0.08801736072573065,2.2319131764980682e-11,1.9252369143352154e-11,2.5747373677553754e-11,0.9999999999776809,0.9999999999742527,0.9999999999807476,0.21832218889278643,4.872761701117102e-12,4.203219372748581e-12,5.621222979524048e-12
TUR.59.4_1,2039,7,albopictus,28.23947480145623,34.0690236982306,2.892533608526892,0.08289625189900383,0.08223323500933662,0.08350349191593325,4.7594398422390325e-12,3.7713138167916325e-12,5.819017490082956e-12,0.9999999999952406,0.999999999994181,0.9999999999962287,0.24415776411887768,1.1620541903393862e-12,9.207955492984758e-13,1.420758299747298e-12
TUR.59.4_1,2039,8,albopictus,28.324531442978802,42.70416417170363,3.434701329715177,0.10186141964885764,0.10123248988350726,0.10252647029379834,1.5663671913968003e-9,1.3121753628109189e-9,1.8716773797500254e-9,0.9999999984336329,0.9999999981283225,0.9999999986878246,0.28279276629263983,4.42957311085134e-10,3.7107370071034805e-10,5.292968238268693e-10
TUR.59.4_1,2039,9,albopictus,23.390997045180377,49.562613608427434,2.737622820536949,0.09629783950692881,0.09584993630765046,0.0967292622841508,3.240412391747327e-10,2.8374144422915744e-10,3.6665349090192476e-10,0.9999999996759588,0.9999999996333465,0.9999999997162586,0.23948715867485948,7.76037156634373e-11,6.795243227674204e-11,8.780880275432041e-11
TUR.59.4_1,2039,10,albopictus,17.44112929175882,57.89827125153537,2.697813036730321,0.023486405106046923,0.02334874191067518,0.023612655525052522,0,0,0,1,1,1,0.2297796844536295,0,0,0
TUR.59.4_1,2039,11,albopictus,11.357659269781674,74.00518947322634,1.5648653734289555,3.009177696111266e-6,2.849029344377745e-6,3.171489832451015e-6,0,0,0,1,1,1,0.14485696987719443,0,0,0
TUR.59.4_1,2039,12,albopictus,6.565683589262121,69.88319790995855,1.2871263397582777,0,0,0,0,0,0,1,1,1,0.11711525501206133,0,0,0
TUR.59.4_1,2040,1,albopictus,6.4675259914468315,74.22941251014768,1.1793446304800483,0,0,0,0,0,0,1,1,1,0.10785814210346978,0,0,0
TUR.59.4_1,2040,2,albopictus,1.7760558303664715,65.81112400791712,0.9136920976855677,0,0,0,0,0,0,1,1,1,0.0901903454497125,0,0,0
TUR.59.4_1,2040,3,albopictus,10.300460240420172,66.40872897358705,1.082956229326704,0,0,0,0,0,0,1,1,1,0.09949738978455547,0,0,0
TUR.59.4_1,2040,4,albopictus,12.829029882655425,58.24808324752006,1.4320104293159377,4.2250117324145686e-4,4.147418489578888e-4,4.3033638260987566e-4,0,0,0,1,1,1,0.1334201683683206,0,0,0
TUR.59.4_1,2040,5,albopictus,15.675358912524054,58.49094776501771,2.0015719326817205,0.009264126577598989,0.009195767138232164,0.009331156543130431,0,0,0,1,1,1,0.17609538116556223,0,0,0
TUR.59.4_1,2040,6,albopictus,23.642953956828396,38.98210577117499,2.251309744394696,0.0820543575777648,0.08166163826888477,0.0824752446361635,3.5550172805542956e-12,3.0956182062169544e-12,4.098427153209627e-12,0.999999999996445,0.9999999999959016,0.9999999999969044,0.20158835960608645,7.166501019582309e-13,6.240405961580117e-13,8.261952067805716e-13
TUR.59.4_1,2040,7,albopictus,28.519370583926932,27.326473801990367,2.6437901741644594,0.06841472909556996,0.06785198508506382,0.06900093153815276,2.0452639581947097e-14,1.6095458299503206e-14,2.5870972031327708e-14,0.9999999999999796,0.9999999999999741,0.9999999999999839,0.22574241377391457,4.617028227276645e-15,3.633427607327241e-15,5.84017567302935e-15
TUR.59.4_1,2040,8,albopictus,26.9461191962747,45.33962025690871,3.1393341809138624,0.1119450425,0.11133019513168659,0.11255815142940799,2.1689553599490984e-8,1.8563165302132313e-8,2.516234523797234e-8,0.9999999783104464,0.9999999748376547,0.9999999814368347,0.26199636848137375,5.682584277048747e-9,4.863481896678109e-9,6.5924430748233405e-9
TUR.59.4_1,2040,9,albopictus,23.081018560072955,51.18159401614228,2.502200939746381,0.09503642850855121,0.09463381209437954,0.0954405532187997,2.237321234943579e-10,1.9821891072968613e-10,2.5160475647378886e-10,0.9999999997762679,0.9999999997483953,0.9999999998017811,0.22137060742669268,4.952771607880983e-11,4.387984067168799e-11,5.569789777204773e-11
TUR.59.4_1,2040,10,albopictus,18.22375162910013,46.37349097809787,2.4658145983903763,0.0273536103863639,0.027208816672008387,0.027500559985517307,0,0,0,1,1,1,0.2122915297582353,0,0,0
TUR.59.4_1,2040,11,albopictus,11.214489866705502,56.86231380183962,1.4302947720177568,4.522062898873697e-7,4.196474745468429e-7,4.883214971215772e-7,0,0,0,1,1,1,0.13327148021252977,0,0,0
TUR.59.4_1,2040,12,albopictus,7.165027365965002,70.77592862284918,1.1764399071906457,0,0,0,0,0,0,1,1,1,0.10760732376534554,0,0,0
TUR.59.4_1,2041,1,albopictus,4.886561664588311,78.5444073221594,1.2408535822455489,0,0,0,0,0,0,1,1,1,0.11315282408321403,0,0,0
TUR.59.4_1,2041,2,albopictus,3.6492719825576336,69.94010655186243,0.9281960309685067,0,0,0,0,0,0,1,1,1,0.09466439950543026,0,0,0
TUR.59.4_1,2041,3,albopictus,7.631243130739997,64.29441775532533,1.139438025022582,0,0,0,0,0,0,1,1,1,0.10440609159289982,0,0,0
TUR.59.4_1,2041,4,albopictus,12.747357214198393,59.49491704878959,1.506697215644574,3.688921885245206e-4,3.6116759290997206e-4,3.7628226915200784e-4,0,0,0,1,1,1,0.13986826528516638,0,0,0
TUR.59.4_1,2041,5,albopictus,18.70958246904261,47.83693699231263,2.1059643115340214,0.033187066676535086,0.03301551711900448,0.03335909199041702,0,0,0,1,1,1,0.1843769651802576,0,0,0
TUR.59.4_1,2041,6,albopictus,26.106086815104764,30.48383382903632,2.3687272480643475,0.08047320915846565,0.07996877240155567,0.08096431956037799,2.0516142118509605e-12,1.710373509489216e-12,2.4282797994601424e-12,0.9999999999979484,0.9999999999975717,0.9999999999982896,0.21090828657279037,4.3270243812987184e-13,3.6073194628586073e-13,5.121443318234577e-13
TUR.59.4_1,2041,7,albopictus,28.07538559857537,33.79618129100404,2.78167757204458,0.08317648857856735,0.08258121297432088,0.08376842051843925,5.2345323631186605e-12,4.2500114538768235e-12,6.364339610875902e-12,0.9999999999947655,0.9999999999936356,0.99999999999575,0.23600543502367144,1.2353780875033063e-12,1.003025802027786e-12,1.5020187385031511e-12
TUR.59.4_1,2041,8,albopictus,28.111087686875287,40.36635365534621,3.3030667741856172,0.09735004149062641,0.09672686512572959,0.09794385470031997,4.404692133253008e-10,3.663985725932406e-10,5.203287661847966e-10,0.9999999995595308,0.9999999994796712,0.9999999996336015,0.27359794545694616,1.2051147180283962e-10,1.0024589667986837e-10,1.423608813903081e-10
TUR.59.4_1,2041,9,albopictus,21.70286762013155,58.13347161013642,2.6327037231845036,0.08460305525616683,0.08426596591288776,0.08492852453025435,8.436965792668616e-12,7.524428302652098e-12,9.389045096952486e-12,0.9999999999915631,0.999999999990611,0.9999999999924756,0.23146592112246378,1.9528700586787588e-12,1.7416487279933043e-12,2.1732439718264594e-12
TUR.59.4_1,2041,10,albopictus,17.474320018992707,61.47616736969943,2.5944196450198116,0.02503262724490806,0.024901944958419683,0.025162499308429488,0,0,0,1,1,1,0.22203431998878786,0,0,0
TUR.59.4_1,2041,11,albopictus,10.866690565558041,71.52713924129274,1.5048920779016846,5.439216644156429e-9,4.580151406787728e-9,6.56671098146429e-9,0,0,0,1,1,1,0.13971298564471202,0,0,0
TUR.59.4_1,2041,12,albopictus,4.703143582624548,71.82084286845465,1.237797362540186,0,0,0,0,0,0,1,1,1,0.11289048853426642,0,0,0
TUR.59.4_1,2042,1,albopictus,5.004846128470757,73.2933086893469,1.3741640241922872,0,0,0,0,0,0,1,1,1,0.12452056349215701,0,0,0
TUR.59.4_1,2042,2,albopictus,5.465781706220964,74.3415881802804,1.0279162758645186,0,0,0,0,0,0,1,1,1,0.1042857969505423,0,0,0
TUR.59.4_1,2042,3,albopictus,8.927647015627691,64.75606478901673,1.261852940738738,0,0,0,0,0,0,1,1,1,0.1149532413318679,0,0,0
TUR.59.4_1,2042,4,albopictus,14.672416532740874,52.69479574141654,1.6685684263751812,0.00401339082604898,0.0039712629254442765,0.004054266994227136,0,0,0,1,1,1,0.1536792402868854,0,0,0
TUR.59.4_1,2042,5,albopictus,19.310265681322882,44.21368793835755,2.332217462680667,0.03810057162596068,0.037896452104866515,0.038297450362732875,0,0,0,1,1,1,0.20204132144337583,0,0,0
TUR.59.4_1,2042,6,albopictus,24.77080544303445,40.52513555633124,2.6232101949719806,0.09351582401278018,0.09304080756093351,0.09396215386208075,1.4226451805487983e-10,1.229841478656013e-10,1.6225460142127445e-10,0.9999999998577355,0.9999999998377455,0.9999999998770158,0.2307359646881768,3.282554081429125e-11,2.8376865999122898e-11,3.7437971984033386e-11
TUR.59.4_1,2042,7,albopictus,28.67186882916619,32.63496074046693,3.0805256164782473,0.0774140285787782,0.07684681295857237,0.07801943815717702,6.850886524745192e-13,5.52985435220421e-13,8.496647829758785e-13,0.9999999999993149,0.9999999999991503,0.9999999999994471,0.2577843037024733,1.7660510125260965e-13,1.425509653759054e-13,2.1903024445994994e-13
TUR.59.4_1,2042,8,albopictus,26.850114710190716,47.290864611156756,3.657929989110144,0.11674249579644695,0.11610211615447993,0.1173510714551004,6.922656067653854e-8,5.9321907255882605e-8,7.970069881568787e-8,0.9999999307734393,0.9999999202993012,0.9999999406780927,0.298120277251945,2.0637841462088264e-8,1.768506343823789e-8,2.376039442810663e-8
TUR.59.4_1,2042,9,albopictus,24.811227910658893,47.13035881716767,2.915546841723446,0.10653150612807112,0.10604641675256492,0.10700226489394292,5.463569767050203e-9,4.801726932734951e-9,6.1655049454767404e-9,0.9999999945364302,0.9999999938344951,0.9999999951982731,0.2528988421225764,1.3817304679429108e-9,1.2143511814774593e-9,1.5592490618120863e-9
TUR.59.4_1,2042,10,albopictus,20.132273281321808,50.56934516510959,2.8731497340662484,0.05273065536121931,0.05249510661557448,0.052976059691788764,0,0,0,1,1,1,0.24273858011684446,0,0,0
TUR.59.4_1,2042,11,albopictus,12.173427511663999,60.09015804012087,1.666569354622895,9.108487554242832e-5,8.847657869041228e-5,9.349469107995659e-5,0,0,0,1,1,1,0.15351003778263994,0,0,0
TUR.59.4_1,2042,12,albopictus,8.302973494810217,75.6321603123023,1.3707794611550133,0,0,0,0,0,0,1,1,1,0.12423376342822301,0,0,0
TUR.59.4_1,2043,1,albopictus,7.075089963919976,71.0041241190344,1.3101742332075452,0,0,0,0,0,0,1,1,1,0.11908228312593516,0,0,0
TUR.59.4_1,2043,2,albopictus,6.668326872236589,68.18384281895227,0.9800499757108329,0,0,0,0,0,0,1,1,1,0.09968029822489877,0,0,0
TUR.59.4_1,2043,3,albopictus,9.315402409609625,74.71554507466126,1.203093066000484,0,0,0,0,0,0,1,1,1,0.10990614007429889,0,0,0
TUR.59.4_1,2043,4,albopictus,12.934338415370268,64.58453954634818,1.5908692995113076,5.785783763043131e-4,5.696260883825459e-4,5.889535425271963e-4,0,0,0,1,1,1,0.14707778873979338,0,0,0
TUR.59.4_1,2043,5,albopictus,16.312989375170538,52.25930790295716,2.2236146282733107,0.012454323178266922,0.012368359408234013,0.012544559733659734,0,0,0,1,1,1,0.19361058856608304,0,0,0
TUR.59.4_1,2043,6,albopictus,24.16572960685281,36.801701108089055,2.501056893670146,0.08293508525129548,0.08251518415257887,0.08335130011423543,4.809432185837182e-12,4.154976362968909e-12,5.526332169658587e-12,0.9999999999951905,0.9999999999944736,0.9999999999958451,0.22128152354084496,1.0642384814484277e-12,9.19419499873959e-13,1.2228752020948353e-12
TUR.59.4_1,2043,7,albopictus,29.487247018253104,25.830105393787242,2.937076809166142,0.058892492086998545,0.058315214654382615,0.05946268276608564,2.8488322811881515e-16,2.220446049250313e-16,3.3306690738754696e-16,0.9999999999999997,0.9999999999999997,0.9999999999999998,0.24740890980851393,7.048264889160624e-17,5.493581363336418e-17,8.240372045004627e-17
TUR.59.4_1,2043,8,albopictus,29.028785593369427,38.63749089289504,3.4875935727004945,0.08757031524048546,0.08689194929348722,0.08820201778090775,2.2421006939943312e-11,1.7906068294770704e-11,2.7315674722139247e-11,0.999999999977579,0.9999999999726844,0.9999999999820939,0.28645448677894014,6.422598036048517e-12,5.129273603607194e-12,7.824697583550867e-12
TUR.59.4_1,2043,9,albopictus,22.69697391285616,51.573302390165715,2.7797804923476734,0.09042766218805608,0.09003523675731619,0.09077878802460981,5.524566037973244e-11,4.878843440359048e-11,6.15111628299303e-11,0.9999999999447543,0.9999999999384889,0.9999999999512115,0.24268655505847614,1.3407378999487812e-11,1.1840297072103814e-11,1.4927932204836773e-11
TUR.59.4_1,2043,10,albopictus,17.65726527045755,45.483689952707245,2.7393576628767606,0.021615421628041333,0.02148953576233133,0.021747548107821292,0,0,0,1,1,1,0.23287009835677652,0,0,0
TUR.59.4_1,2043,11,albopictus,11.198192526312436,70.45780330379274,1.588963317216568,6.739244594451333e-7,6.290186199331615e-7,7.228608224046917e-7,0,0,0,1,1,1,0.14691520778311906,0,0,0
TUR.59.4_1,2043,12,albopictus,8.713275656980628,72.07276547587652,1.3069472768878951,0,0,0,0,0,0,1,1,1,0.11880714181255259,0,0,0
TUR.59.4_1,2044,1,albopictus,7.200727018363335,72.4012417337805,1.4324518504589416,0,0,0,0,0,0,1,1,1,0.12944502867131658,0,0,0
TUR.59.4_1,2044,2,albopictus,7.457743662245134,68.24653355381555,1.1097858100618583,0,0,0,0,0,0,1,1,1,0.10846040488500941,0,0,0
TUR.59.4_1,2044,3,albopictus,12.781175038393805,61.1490014955597,1.3153768750646115,4.073293254907187e-4,3.99204061508392e-4,4.1508092366957194e-4,0,0,0,1,1,1,0.11952569723824857,0,0,0
TUR.59.4_1,2044,4,albopictus,13.748856390223784,58.39375509200248,1.7393439850700376,0.001705325564380005,0.001682413555587928,0.0017269921880472708,0,0,0,1,1,1,0.15964797580235024,0,0,0
TUR.59.4_1,2044,5,albopictus,17.65210833269007,57.19065479626771,2.431142979494929,0.02545189461010875,0.02530938730235601,0.025586777473423958,0,0,0,1,1,1,0.20964407834581278,0,0,0
TUR.59.4_1,2044,6,albopictus,23.53712853263406,44.48358968841132,2.734478731633982,0.0895883784423981,0.08916296112479011,0.08998482009109458,4.2492193430554436e-11,3.7079561643338366e-11,4.8024323406892225e-11,0.9999999999575078,0.9999999999519756,0.9999999999629204,0.23924800908295318,1.0166172679827892e-11,8.87121130083734e-12,1.1489723762654832e-11
TUR.59.4_1,2044,7,albopictus,28.098113564883963,37.81423625316224,3.2111920717064013,0.09161060933105997,0.09098078084286794,0.09226258763510685,7.992058459471707e-11,6.548522279992142e-11,9.709789361433963e-11,0.9999999999200794,0.9999999999029021,0.9999999999345148,0.2671106350479505,2.1347638104498327e-11,1.7491799448343538e-11,2.5935880025144597e-11
TUR.59.4_1,2044,8,albopictus,26.51074016795439,48.23591008234816,3.8130881681536977,0.11848760814803562,0.11789992822570165,0.11909167687607912,1.0420957213197468e-7,9.064344553000314e-8,1.1957883338520326e-7,0.9999998957904279,0.9999998804211666,0.9999999093565545,0.30858048904405777,3.215704073155676e-8,2.797079875028678e-8,3.6899694885323927e-8
TUR.59.4_1,2044,9,albopictus,22.637428395888385,58.98661339480439,3.0392154029656586,0.10140264453216147,0.10100945098071511,0.10177410188982995,1.3771207574286848e-9,1.2336506094445809e-9,1.5233763500654972e-9,0.9999999986228792,0.9999999984766236,0.9999999987663495,0.2620812389334839,3.6091751426792745e-10,3.2331668013428323e-10,3.9924836118713423e-10
TUR.59.4_1,2044,10,albopictus,17.292543972239777,64.89048926911349,2.9950199399434347,0.024205790250165213,0.024071712253516,0.024334882743520702,0,0,0,1,1,1,0.2516171791505717,0,0,0
TUR.59.4_1,2044,11,albopictus,13.083141256781186,73.5207076617029,1.7372601188209225,8.72073083879192e-4,8.592024662639482e-4,8.850151182845702e-4,0,0,0,1,1,1,0.15947283943288537,0,0,0
TUR.59.4_1,2044,12,albopictus,10.064096198362463,73.80321133769293,1.4289237246308855,0,0,0,0,0,0,1,1,1,0.12914774300552334,0,0,0
TUR.59.4_1,2045,1,albopictus,7.537030729300835,75.51084561561643,1.4118769600275665,0,0,0,0,0,0,1,1,1,0.1277099237981817,0,0,0
TUR.59.4_1,2045,2,albopictus,6.297049063093523,66.18219486973352,1.0561266931605935,0,0,0,0,0,0,1,1,1,0.10698904577366608,0,0,0
TUR.59.4_1,2045,3,albopictus,9.52806892114527,69.86758364888001,1.2964835802765544,0,0,0,0,0,0,1,1,1,0.11791438006449717,0,0,0
TUR.59.4_1,2045,4,albopictus,12.185087049708647,70.46842016158256,1.7143610776837814,1.1980655679007365e-4,1.1685937252623114e-4,1.2270862354422327e-4,0,0,0,1,1,1,0.157545907427466,0,0,0
TUR.59.4_1,2045,5,albopictus,19.183673045214483,49.545124095584114,2.3962234808673917,0.03966923476655034,0.039469719152258276,0.039871383866366385,0,0,0,1,1,1,0.2069687056797911,0,0,0
TUR.59.4_1,2045,6,albopictus,25.139677131877225,41.729366818538274,2.695202297824169,0.09808646946984385,0.09758158307254772,0.09859595883313191,5.433949342714683e-10,4.689711174954425e-10,6.267144414540126e-10,0.9999999994566051,0.9999999993732857,0.9999999995310289,0.23625417104585777,1.2837931974682413e-10,1.1079638260833534e-10,1.4806390084818553e-10
TUR.59.4_1,2045,7,albopictus,28.511134652530448,29.232845872302867,3.1650684096731605,0.07190978188019403,0.07133941318157949,0.07248202700056892,8.437006648875922e-14,6.683265052487286e-14,1.0502987368710137e-13,0.9999999999999156,0.999999999999895,0.9999999999999332,0.2638320128390289,2.2259524465092045e-14,1.763259271134459e-14,2.7710242983096913e-14
TUR.59.4_1,2045,8,albopictus,29.50033748851103,40.129548693188006,3.758319226887156,0.08687943726067592,0.08620912345189895,0.08746799771449783,1.7925351425418512e-11,1.4330114872507238e-11,2.1577517550497305e-11,0.9999999999820747,0.9999999999784225,0.9999999999856699,0.3049060844642857,5.46554871577066e-12,4.3693392156996085e-12,6.579116388781538e-12
TUR.59.4_1,2045,9,albopictus,25.464975469252643,47.58900368411103,2.9955619119995704,0.11227969148796753,0.11174684849929435,0.11282085688670015,2.354387498970656e-8,2.0589869964560138e-8,2.68414020621055e-8,0.999999976456125,0.9999999731585979,0.9999999794101301,0.25885292470382326,6.09440089994674e-9,5.329748059597797e-9,6.947975426927242e-9
TUR.59.4_1,2045,10,albopictus,17.171732509837433,56.53714912018771,2.9520012464464234,0.020421882678374807,0.020306852203391262,0.020544742738212392,0,0,0,1,1,1,0.24849509283144666,0,0,0
TUR.59.4_1,2045,11,albopictus,11.297727514715756,65.67186122615603,1.7123071428559111,1.3862864733997442e-6,1.3042313695010622e-6,1.4710621787376552e-6,0,0,0,1,1,1,0.15737285507600018,0,0,0
TUR.59.4_1,2045,12,albopictus,9.593310103696936,75.7009087864234,1.4083995101104092,0,0,0,0,0,0,1,1,1,0.12741632487763033,0,0,0
TUR.59.4_1,2046,1,albopictus,7.512968572623589,79.41759152626096,1.2746900760073083,0,0,0,0,0,0,1,1,1,0.11605205526943252,0,0,0
TUR.59.4_1,2046,2,albopictus,5.4370889839004075,70.35835758946008,0.9535067522823937,0,0,0,0,0,0,1,1,1,0.09711621961838901,0,0,0
TUR.59.4_1,2046,3,albopictus,8.465522667940924,70.83972110005189,1.170509045953042,0,0,0,0,0,0,1,1,1,0.10709498412393981,0,0,0
TUR.59.4_1,2046,4,albopictus,15.090154493556303,64.38770879683646,1.547782926051887,0.006681471733303067,0.006629306366477293,0.006738859651217259,0,0,0,1,1,1,0.14339492788876596,0,0,0
TUR.59.4_1,2046,5,albopictus,17.23430361467249,54.91664890637513,2.1633912709346252,0.020550534706976122,0.020433390757830308,0.020667174163448085,0,0,0,1,1,1,0.1888971754759866,0,0,0
TUR.59.4_1,2046,6,albopictus,21.25505837272195,57.31697515594062,2.4333194174381054,0.07619941904472917,0.07590609017234747,0.076506980087454865,4.3563486151754204e-13,3.897798750429615e-13,4.876182790880534e-13,0.9999999999995643,0.9999999999995124,0.9999999999996102,0.2159887754795219,9.4092240295365e-14,8.418807791709031e-14,1.0532007500166041e-13
TUR.59.4_1,2046,7,albopictus,27.159314660465018,36.00284633006654,2.8575303697964154,0.09071297142698515,0.09013432906314194,0.09127340391140423,6.0509033450451e-11,5.0324422407044264e-11,7.168345916852558e-11,0.999999999939491,0.9999999999283166,0.9999999999496756,0.2415930750450952,1.4618563459300983e-11,1.2158031959186117e-11,1.731822733039362e-11
TUR.59.4_1,2046,8,albopictus,27.797292597153607,43.35346379328566,3.3931371901464984,0.10575196794425751,0.10513941744679417,0.10638880844961643,4.458388559780424e-9,3.7790911094903734e-09,5.253035142982476e-9,0.9999999955416115,0.9999999947469649,0.999999996220909,0.2799021080523284,1.247912356398925e-9,1.057775568068168e-9,1.4703356101937594e-9
TUR.59.4_1,2046,9,albopictus,23.18994151844698,44.489440085478215,2.70449419418019,0.08581883667456099,0.08542818030972638,0.08621117890591617,1.2633351365032297e-11,1.1081804918156023e-11,1.4339768261706355e-11,0.9999999999873667,0.9999999999856602,0.9999999999889182,0.23696350614990658,2.9936432338817614e-12,2.62598334787553e-12,3.3980017646710887e-12
TUR.59.4_1,2046,10,albopictus,16.76131972144632,53.41323249421115,2.6651661580574206,0.016047559148365247,0.01593885544174214,0.016146173056097238,0,0,0,1,1,1,0.22734242128315962,0,0,0
TUR.59.4_1,2046,11,albopictus,12.160255362005795,68.0624328203943,1.5459285645062457,1.0555203626285234e-4,1.0268068798637333e-4,1.0852318504977724e-4,0,0,0,1,1,1,0.14323606760944907,0,0,0
TUR.59.4_1,2046,12,albopictus,6.7773668625775505,67.56083310282965,1.2715505170905548,0,0,0,0,0,0,1,1,1,0.11578344608030411,0,0,0
TUR.59.4_1,2047,1,albopictus,7.546937021262505,72.65311093544065,1.2981537453585261,0,0,0,0,0,0,1,1,1,0.11805693905320647,0,0,0
TUR.59.4_1,2047,2,albopictus,4.011657017118791,67.68403355381555,0.9710582870286166,0,0,0,0,0,0,1,1,1,0.09881251659016177,0,0,0
TUR.59.4_1,2047,3,albopictus,9.386106869753668,72.50557650776673,1.1920550183770826,0,0,0,0,0,0,1,1,1,0.10895483545301254,0,0,0
TUR.59.4_1,2047,4,albopictus,10.512551153407378,71.2504865067974,1.5762735117149496,7.301464406813031e-18,1.1039739634526671e-19,3.367303392546542e-17,0,0,0,1,1,1,0.14583197261734082,0,0,0
TUR.59.4_1,2047,5,albopictus,18.417975565966437,57.33930210461732,2.20321357630435,0.034344066827191856,0.03417362360012975,0.03450480262314697,0,0,0,1,1,1,0.19201696507523602,0,0,0
TUR.59.4_1,2047,6,albopictus,23.4512921221116,45.422569790950384,2.478110385306548,0.09017358728825424,0.08977500937785177,0.09059736586713919,5.105369538238591e-11,4.4966425027936906e-11,5.8140631198355663e-11,0.9999999999489463,0.9999999999418594,0.9999999999550335,0.21949258482765166,1.1205907564483427e-11,9.86979685984068e-12,1.2761437425238291e-11
TUR.59.4_1,2047,7,albopictus,27.30334618512322,39.12404689158998,2.910129938130689,0.09713877888884608,0.09654076102109063,0.09773372640609294,4.143714527060638e-10,3.4712047680685035e-10,4.899162464599982e-10,0.9999999995856286,0.9999999995100838,0.9999999996528796,0.24544377038385767,1.0170489169161266e-10,8.519855860491577e-11,1.202468907034492e-10
TUR.59.4_1,2047,8,albopictus,27.262920267441693,38.5272881035884,3.455595861937759,0.0959363174398229,0.09536203981141934,0.09652381808658013,2.9207327112423797e-10,2.4585543878519187e-10,3.4541467186510743e-10,0.9999999997079267,0.9999999996545853,0.9999999997541446,0.2842415310271641,8.30193537564654e-11,6.988232633165818e-11,9.818119517018364e-11
TUR.59.4_1,2047,9,albopictus,25.342952840468463,39.77651894290009,2.7542767717093875,0.09541135344350189,0.09487638231450385,0.09591870014674572,2.5018902694018407e-10,2.1300302355253817e-10,2.895131023805675e-10,0.999999999749811,0.9999999997104869,0.9999999997869969,0.24075265897589948,6.023367348244226e-11,5.128104429017971e-11,6.970104920648343e-11
TUR.59.4_1,2047,10,albopictus,15.304602230296416,55.530809093332245,2.7142248105689326,0.006897487677194663,0.006838691197984793,0.006960731969550823,0,0,0,1,1,1,0.23100200529972126,0,0,0
TUR.59.4_1,2047,11,albopictus,12.616938520880307,72.5264449663904,1.5743850162829751,3.643540536648268e-4,3.5792274330332226e-4,3.718670950269623e-4,0,0,0,1,1,1,0.14567064814300856,0,0,0
TUR.59.4_1,2047,12,albopictus,9.537152037901038,76.35927975810309,1.2949563954746053,0,0,0,0,0,0,1,1,1,0.11778400516414744,0,0,0
TUR.59.4_1,2048,1,albopictus,7.353328260428765,75.00517697547971,1.4169988648699017,0,0,0,0,0,0,1,1,1,0.1281421831218792,0,0,0
TUR.59.4_1,2048,2,albopictus,6.822972792036394,77.47568241856165,1.0978136770199605,0,0,0,0,0,0,1,1,1,0.10735555216071002,0,0,0
TUR.59.4_1,2048,3,albopictus,10.747759244021246,68.05779971333314,1.3011868693844781,1.6234451708571948e-10,1.160157313242016e-10,2.2616099502569612e-10,0,0,0,1,1,1,0.11831577616216926,0,0,0
TUR.59.4_1,2048,4,albopictus,13.31884368728189,62.84580816207084,1.720580312471158,0.001038763492556533,0.0010226192047141764,0.0010545408669193472,0,0,0,1,1,1,0.15806968651525666,0,0,0
TUR.59.4_1,2048,5,albopictus,18.857789179858038,49.36920933117982,2.4049163266304756,0.035651712182467495,0.03546547744123124,0.0358350108770165,0,0,0,1,1,1,0.2076355572831502,0,0,0
TUR.59.4_1,2048,6,albopictus,27.149007881388943,28.23043493377265,2.7049797572566314,0.07580808688491955,0.07528554319744654,0.07635899027215777,3.7766145766227055e-13,3.087391453604482e-13,4.615335891244854e-13,0.9999999999996223,0.9999999999995385,0.9999999999996914,0.23700055548514887,8.950597525128916e-14,7.317134895043636e-14,1.093837169975575e-13
TUR.59.4_1,2048,7,albopictus,28.50029137555291,36.03765925731263,3.1765504153101882,0.0855445060501909,0.0849606696069305,0.0861277050762906,1.1570900237956038e-11,9.490000452139213e-12,1.3952811128703502e-11,0.9999999999884291,0.9999999999860472,0.99999999999051,0.2646495603132367,3.0622336604033917e-12,2.5115244470310605e-12,3.692605330345018e-12
TUR.59.4_1,2048,8,albopictus,26.76941478953642,45.82924428034621,3.7719533848146702,0.11303226239822943,0.1124529975709383,0.11360490073826436,2.8339064293225747e-8,2.4518928351535683e-8,3.251652955504891e-8,0.9999999716609357,0.9999999674834704,0.9999999754810717,0.3058226106720301,8.666726626156807e-9,7.498442679347098e-9,9.944289958519284e-9
TUR.59.4_1,2048,9,albopictus,24.660127751967487,43.99384606082001,3.0064289942574223,0.0991507745622903,0.09870563768636088,0.09962844092708639,7.35003748419949e-10,6.465500856922546e-10,8.391267042329175e-10,0.9999999992649963,0.9999999991608733,0.9999999993534499,0.25965789786236937,1.9084952823568573e-10,1.6788183611358562e-10,2.1788587606129753e-10
TUR.59.4_1,2048,10,albopictus,16.891344631419464,58.37701575837131,2.962710302480922,0.018340590280214647,0.018230184856844717,0.01844968362138441,0,0,0,1,1,1,0.24927351921872654,0,0,0
TUR.59.4_1,2048,11,albopictus,13.654115606756772,65.33760982234743,1.7185189265274765,0.0016989778462589678,0.0016765693725235044,0.001721257263484443,0,0,0,1,1,1,0.15789611429452688,0,0,0
TUR.59.4_1,2048,12,albopictus,8.210540519041174,77.10094845927496,1.413508799712129,0,0,0,0,0,0,1,1,1,0.12784766494406274,0,0,0
TUR.59.4_1,2049,1,albopictus,8.72414449120269,75.05992551063596,1.3105836881395532,0,0,0,0,0,0,1,1,1,0.11911718850894115,0,0,0
TUR.59.4_1,2049,2,albopictus,7.794394033796648,73.29573551914758,0.9803562603911433,0,0,0,0,0,0,1,1,1,0.09970984282570039,0,0,0
TUR.59.4_1,2049,3,albopictus,8.554480454500982,76.77481784077455,1.2034690559849093,0,0,0,0,0,0,1,1,1,0.10993852655378256,0,0,0
TUR.59.4_1,2049,4,albopictus,10.469156110987944,66.51081670699271,1.5913664771113205,8.595046313230163e-22,5.267348647207891e-27,5.679755471725075e-22,0,0,0,1,1,1,0.14712019306745971,0,0,0
TUR.59.4_1,2049,5,albopictus,17.354549548205206,67.71822742810365,2.2243095510960584,0.025850687055531712,0.025712998434054786,0.025985664501353655,0,0,0,1,1,1,0.19366481691094362,0,0,0
TUR.59.4_1,2049,6,albopictus,23.568979347453396,48.03314260589179,2.501838522597345,0.09582377708496603,0.09542046300601377,0.09624770436459663,2.820692738270125e-10,2.5012138471502964e-10,3.1872698091905963e-10,0.9999999997179307,0.9999999996812731,0.9999999997498786,0.22134238805087536,6.243388666464723e-11,5.536246459541637e-11,7.054779109287044e-11
TUR.59.4_1,2049,7,albopictus,30.574201135074393,27.593060105701305,2.937994702797934,0.05176896892071519,0.05117672390440107,0.05233968015213859,0,0,0,1,1,1,0.2474757583138688,0,0,0
TUR.59.4_1,2049,8,albopictus,29.102746851303998,42.636865282543475,3.4886835135289638,0.09635877163115746,0.09567759162450014,0.09701699599209242,3.307301381649808e-10,2.6975808531393144e-10,3.985222346569728e-10,0.9999999996692699,0.9999999996014778,0.9999999997302419,0.2865297462666416,9.476402257114327e-11,7.729371573837582e-11,1.1418847477787742e-10
TUR.59.4_1,2049,9,albopictus,22.32734500660616,53.075282218046574,2.780649227820897,0.0873526855839764,0.08697860154212966,0.08770101991798959,2.0825976498883847e-11,1.8417048441854433e-11,2.3260099402122592e-11,0.999999999979174,0.9999999999767399,0.999999999981583,0.24275234270622859,5.055554584248914e-12,4.47078165499426e-12,5.646443621445006e-12
TUR.59.4_1,2049,10,albopictus,16.255289638743683,62.16330878815646,2.740213765429513,0.013837080031954337,0.01374638794964438,0.013926304777278124,0,0,0,1,1,1,0.2329336513886563,0,0,0
TUR.59.4_1,2049,11,albopictus,10.278204847784604,64.162942463949,1.5894598991600408,0,0,0,0,0,0,1,1,1,0.14695756938171667,0,0,0
TUR.59.4_1,2049,12,albopictus,7.559338317197912,73.13602841532965,1.3073557233332858,0,0,0,0,0,0,1,1,1,0.11884197210069092,0,0,0
TUR.59.4_1,2050,1,albopictus,8.911707433707573,75.52457089637815,1.3347620862817697,0,0,0,0,0,0,1,1,1,0.12117590825290248,0,0,0
TUR.59.4_1,2050,2,albopictus,7.672514932997087,70.65340153477258,0.9984424339025808,0,0,0,0,0,0,1,1,1,0.10145273972588709,0,0,0
TUR.59.4_1,2050,3,albopictus,7.962138077791999,69.23207797261048,1.2256713420737488,0,0,0,0,0,0,1,1,1,0.11184886702923258,0,0,0
TUR.59.4_1,2050,4,albopictus,13.853605116114897,63.80565465865287,1.6207249168828346,0.0021042079536927214,0.0020794811291309527,0.002128599650119217,0,0,0,1,1,1,0.1496204431439706,0,0,0
TUR.59.4_1,2050,5,albopictus,17.08263411241419,66.88579944958802,2.2653448870342614,0.02257689886447194,0.022458077773686233,0.022697765071646704,0,0,0,1,1,1,0.19686055458527663,0,0,0
TUR.59.4_1,2050,6,albopictus,22.221885765300076,56.463017026057805,2.5479938718774533,0.0906908615379476,0.09032088766758141,0.09104792792784495,5.994814455956288e-11,5.334354624686455e-11,6.686022846480455e-11,0.9999999999400518,0.9999999999331398,0.9999999999466564,0.2249280282665067,1.3484017954017989e-11,1.1998458678050457e-11,1.5038739358036652e-11
TUR.59.4_1,2050,7,albopictus,28.209369210635916,34.67736491527162,2.992196510974573,0.08432896029280058,0.083714728701968,0.0849096117095442,7.724764050642819e-12,6.249958883763895e-12,9.33009225434489e-12,0.9999999999922753,0.9999999999906699,0.99999999999375,0.25141266678578733,1.9421035302630917e-12,1.5713188302686037e-12,2.345703375022267e-12
TUR.59.4_1,2050,8,albopictus,29.572486765244427,35.10874333430129,3.553044744136092,0.07528944139456627,0.07467607740822736,0.07587657049696328,3.1121183408089336e-13,2.451316927221114e-13,3.855971097976862e-13,0.9999999999996888,0.9999999999996144,0.9999999999997549,0.29095978955910273,9.055012975247913e-14,7.132346572869218e-14,1.1219325392133303e-13
TUR.59.4_1,2050,9,albopictus,24.74635898365694,39.410513999052434,2.831948236600367,0.09134475975169441,0.09085384484782756,0.0917978566714575,7.347691155512592e-11,6.295998999927833e-11,8.423246822264474e-11,0.9999999999265231,0.9999999999157675,0.99999999993704,0.24662700132379634,1.8121390363374506e-11,1.552763353689822e-11,2.0774001051852837e-11
TUR.59.4_1,2050,10,albopictus,18.030029857859894,46.466565776681854,2.7907667976508956,0.025452147233895234,0.025295487341618843,0.02560223352652378,0,0,0,1,1,1,0.23667715107136755,0,0,0
TUR.59.4_1,2050,11,albopictus,12.021938253851499,72.5511031695154,1.6187831652900604,7.573575974195772e-5,7.362044392202986e-5,7.782103669925343e-5,0,0,0,1,1,1,0.1494553045256819,0,0,0
TUR.59.4_1,2050,12,albopictus,5.928898558897131,64.13964474833746,1.3314745701328592,0,0,0,0,0,0,1,1,1,0.12089626876622883,0,0,0
TUR.59.4_1,2051,1,albopictus,7.1187100734780815,71.81123776649534,1.3040638001789084,0,0,0,0,0,0,1,1,1,0.11856121404193465,0,0,0
TUR.59.4_1,2051,2,albopictus,4.055850046522478,69.65736881992883,0.9754791868878552,0,0,0,0,0,0,1,1,1,0.09923927904091745,0,0,0
TUR.59.4_1,2051,3,albopictus,11.719843289431402,67.83754672261048,1.197482041588093,2.042773801885857e-5,1.965269588099567e-5,2.1201437901081108e-5,0,0,0,1,1,1,0.10942268575898317,0,0,0
TUR.59.4_1,2051,4,albopictus,15.262803877101225,53.41362585005912,1.5834497517400312,0.006489149486387922,0.006434691495205423,0.0065451282118962825,0,0,0,1,1,1,0.14644472420704513,0,0,0
TUR.59.4_1,2051,5,albopictus,16.506086489733526,64.81653980603333,2.2132440623415586,0.016452447707615156,0.01635679336838227,0.016551965467315417,0,0,0,1,1,1,0.19280088736748646,0,0,0
TUR.59.4_1,2051,6,albopictus,25.871656501994412,30.511436978450384,2.489392383513991,0.08021436544276517,0.07968002936243812,0.0807144089316718,1.872913490963413e-12,1.5437540135110339e-12,2.2246704478590117e-12,0.999999999998127,0.9999999999977753,0.9999999999984562,0.2203726566117753,4.1273892160764143e-13,3.40201173112517e-13,4.902565366803983e-13
TUR.59.4_1,2051,7,albopictus,28.700767068301932,36.13517817821107,2.9233787752043265,0.08446320540109845,0.08387320192073981,0.08506624109950996,8.07835875971108e-12,6.593373069740948e-12,9.828912683751411e-12,0.9999999999919217,0.9999999999901711,0.9999999999934066,0.2464106013342694,1.99059323977437e-12,1.624677022936045e-12,2.4219482848652133e-12
TUR.59.4_1,2051,8,albopictus,29.191375620224896,36.03664174128371,3.4713280208242994,0.08057855316100139,0.07993212956398331,0.08115722066268191,2.1336252764569964e-12,1.6883022757596677e-12,2.5974777884130162e-12,0.9999999999978664,0.9999999999974025,0.9999999999983117,0.2853304205587749,6.087881974463071e-13,4.817239983728426e-13,7.411394297599624e-13
TUR.59.4_1,2051,9,albopictus,24.112064473769244,47.83612358767548,2.766816062043455,0.10141364133395049,0.10095553549051516,0.1018499974016484,1.3822088497095208e-9,1.2153582168439314e-9,1.5554645210746898e-9,0.9999999986177911,0.9999999984445355,0.9999999987846417,0.24170410461302627,3.340855524072407e-10,2.937570695863466e-10,3.7596215932368764e-10
TUR.59.4_1,2051,10,albopictus,15.373428905711455,58.044725108957245,2.7265817578740252,0.007508374946181489,0.007442449446860455,0.007572299870814746,0,0,0,1,1,1,0.23192104932654822,0,0,0
TUR.59.4_1,2051,11,albopictus,11.23122208258685,72.099954182699,1.5815526586272577,9.8694778369531e-7,9.233953594595475e-7,1.0542409707254149e-6,0,0,0,1,1,1,0.14628278146299967,0,0,0
TUR.59.4_1,2051,12,albopictus,6.597419963163488,71.71320737040777,1.300851893842671,0,0,0,0,0,0,1,1,1,0.11828719415206979,0,0,0
TUR.59.4_1,2052,1,albopictus,6.0911550846169975,68.49042172645628,1.3121821052042244,0,0,0,0,0,0,1,1,1,0.11925343778863173,0,0,0
TUR.59.4_1,2052,2,albopictus,5.861512678511003,77.14829746983118,1.0166073506108995,0,0,0,0,0,0,1,1,1,0.09982516881353831,0,0,0
TUR.59.4_1,2052,3,albopictus,8.690027615603277,64.38897647114564,1.204936833657788,0,0,0,0,0,0,1,1,1,0.11006494457758009,0,0,0
TUR.59.4_1,2052,4,albopictus,13.915471876368803,58.37893117842826,1.5933073431210074,0.0020716625503768406,0.002047473705426844,0.002096428369588957,0,0,0,1,1,1,0.14728570954743703,0,0,0
TUR.59.4_1,2052,5,albopictus,19.37549700456507,58.92643360486146,2.227022368580175,0.04822855702633746,0.04800831629560731,0.048433713174030335,0,0,0,1,1,1,0.19387647688572496,0,0,0
TUR.59.4_1,2052,6,albopictus,23.382467354045193,44.41757635222968,2.5048898205981986,0.0878357264283039,0.08739529301254735,0.08822588818153822,2.4341934912186502e-11,2.107703733766897e-11,2.752491568003279e-11,0.999999999975658,0.9999999999724751,0.999999999978923,0.22157994344788579,5.393684561254402e-12,4.670248741329668e-12,6.098969259789491e-12
TUR.59.4_1,2052,7,albopictus,28.80955651227166,35.0748945173224,2.9415779465933243,0.08146370526978727,0.08083981611230287,0.0820940647783651,2.907397322893246e-12,2.3246654601294383e-12,3.5947911314337944e-12,0.9999999999970925,0.9999999999964052,0.9999999999976753,0.24773666254140037,7.20268909455375e-13,5.759048626177358e-13,8.905615574348326e-13
TUR.59.4_1,2052,8,albopictus,29.140432245591107,39.06241765070754,3.492938389666769,0.08764440115418828,0.08699611542288532,0.08829328758932208,2.2960061629717644e-11,1.8522075539983973e-11,2.8124347295488403e-11,0.9999999999770399,0.9999999999718756,0.9999999999814779,0.2868234658773977,6.585484453394267e-12,5.312565901621176e-12,8.0667227668316e-12
TUR.59.4_1,2052,9,albopictus,23.904598348280963,35.90857994753876,2.784040569569491,0.07960951004608628,0.07918263480178121,0.08001860758222745,1.509537272958994e-12,1.2927270365281627e-12,1.7408408048424915e-12,0.9999999999984904,0.9999999999982592,0.9999999999987073,0.24300910772429196,3.6683130577832606e-13,3.14144443677777e-13,4.2304017067481216e-13
TUR.59.4_1,2052,10,albopictus,20.41807612250833,42.76719443879123,2.7435557911873083,0.05024424126965671,0.049993502320945266,0.050503979082148515,0,0,0,1,1,1,0.23318169729040705,0,0,0
TUR.59.4_1,2052,11,albopictus,12.231885839911069,73.86771541316774,1.5913984398647816,1.4794867560849625e-4,1.4434250601492123e-4,1.5151949196780796e-4,0,0,0,1,1,1,0.1471229191018032,0,0,0
TUR.59.4_1,2052,12,albopictus,8.035087809843176,69.30517972148199,1.308950203500163,0,0,0,0,0,0,1,1,1,0.11897792828845166,0,0,0
TUR.59.4_1,2053,1,albopictus,8.575620683677055,75.9271206400305,1.470673318321896,0,0,0,0,0,0,1,1,1,0.1326591345169562,0,0,0
TUR.59.4_1,2053,2,albopictus,8.38766052091823,67.18516270420618,1.1001081484951032,0,0,0,0,0,0,1,1,1,0.1111872807714207,0,0,0
TUR.59.4_1,2053,3,albopictus,9.15341129022486,67.5729745790558,1.350474484064068,0,0,0,0,0,0,1,1,1,0.12251119284551792,0,0,0
TUR.59.4_1,2053,4,albopictus,13.763683164820952,60.10174383101615,1.7857541176037615,0.0017849455281870896,0.0017612265438076186,0.0018083869886860449,0,0,0,1,1,1,0.16353902449576507,0,0,0
TUR.59.4_1,2053,5,albopictus,18.17200007158167,55.14675144543763,2.496012073162016,0.030407754707753584,0.030254458469621975,0.030565542983058604,0,0,0,1,1,1,0.2145901185291058,0,0,0
TUR.59.4_1,2053,6,albopictus,27.117542350993435,32.532040158382024,2.807441596619353,0.08384856339227832,0.08326886883744737,0.08440125835917338,6.5679440774957246e-12,5.373834710553637e-12,7.873568463878655e-12,0.999999999993432,0.9999999999921264,0.9999999999946262,0.24477847310316947,1.6076913227164083e-12,1.3153990551581322e-12,1.9272800664614846e-12
TUR.59.4_1,2053,7,albopictus,29.020436791812674,35.328602403064586,3.296874864137559,0.08043197454731628,0.07979579556049576,0.0810708498755413,2.027409684579595e-12,1.6086187937247586e-12,2.5203561460074296e-12,0.9999999999979726,0.9999999999974796,0.9999999999983914,0.27316254248592864,5.538123841003569e-13,4.3941439958450265e-13,6.884668928134259e-13
TUR.59.4_1,2053,8,albopictus,28.35656536326689,42.20285954523879,3.914831083164073,0.10046905396183518,0.09981887156644867,0.10109409751601985,1.065716615289425e-9,8.852238220224961e-10,1.2629045059719955e-9,0.9999999989342834,0.9999999987370956,0.9999999991147761,0.31535486150949343,3.3607891562296266e-10,2.7915963579880876e-10,3.9826307558051393e-10
TUR.59.4_1,2053,9,albopictus,22.814170949599323,53.30154335696259,3.1203094193654635,0.09478597148928418,0.0944041444535179,0.09517978954075326,2.0772294673232493e-10,1.8513473531989177e-10,2.329928583399976e-10,0.999999999792277,0.9999999997670072,0.9999999998148653,0.26804112034728966,5.567829136397275e-11,4.962372187034273e-11,6.245166678237032e-11
TUR.59.4_1,2053,10,albopictus,17.770216549144074,49.35328071198459,3.074934708699382,0.023930972810040106,0.023793727946878528,0.024065361194912677,0,0,0,1,1,1,0.257382615091755,0,0,0
TUR.59.4_1,2053,11,albopictus,13.843284536810483,69.03408199031618,1.7836146484896387,0.00225617243087964,0.0022298901266134697,0.0022819988868381176,0,0,0,1,1,1,0.16336004710839203,0,0,0
TUR.59.4_1,2053,12,albopictus,9.415241942686194,75.97911465800543,1.4670510531006657,0,0,0,0,0,0,1,1,1,0.1323550419971149,0,0,0
TUR.59.4_1,2054,1,albopictus,8.650345357901909,72.09809537147581,1.3547168112756773,0,0,0,0,0,0,1,1,1,0.12287137000011727,0,0,0
TUR.59.4_1,2054,2,albopictus,6.866076486952165,69.94389073154993,1.0133691720797753,0,0,0,0,0,0,1,1,1,0.10288863189491093,0,0,0
TUR.59.4_1,2054,3,albopictus,10.346287152346441,69.99989260884095,1.2439951578423907,0,0,0,0,0,0,1,1,1,0.11342240543509474,0,0,0
TUR.59.4_1,2054,4,albopictus,11.837855184779448,65.21799291548881,1.6449547930079973,3.180572434168148e-5,3.0706289415227556e-5,3.293159296705464e-5,0,0,0,1,1,1,0.1516784080575867,0,0,0
TUR.59.4_1,2054,5,albopictus,18.81040110307581,56.73323063244935,2.299211847072846,0.03903013984772165,0.03883583532552813,0.039226227376479066,0,0,0,1,1,1,0.19948849333177998,0,0,0
TUR.59.4_1,2054,6,albopictus,24.31264694999246,46.77154592620429,2.5860864409742526,0.1013900480682499,0.10096066192544267,0.10180865620416826,1.373030830587041e-9,1.217086262328415e-9,1.537906033077796e-9,0.9999999986269692,0.999999998462094,0.9999999987829137,0.22787486034678206,3.1287920877184814e-10,2.7734336205807455e-10,3.5045012251407633e-10
TUR.59.4_1,2054,7,albopictus,28.001508263980643,42.50081691112123,3.0369299201100963,0.10291986791725657,0.10231318630818204,0.10352203171094218,2.0899000837681927e-9,1.7658459916525261e-9,2.4517668367751707e-9,0.9999999979101,0.9999999975482331,0.9999999982341541,0.2546463266198774,5.321853793341443e-10,4.4966619515075043e-10,6.243334187132338e-10
TUR.59.4_1,2054,8,albopictus,27.430917627671185,46.944238329418475,3.606162847720971,0.11572087194296397,0.11512418500765251,0.11630666697200574,5.431400046584933e-8,4.695854276537403e-8,6.227657762813975e-8,0.9999999456859995,0.9999999377234224,0.9999999530414572,0.2945952316295457,1.6000645547964137e-8,1.3833762782951292e-8,1.8346382811457216e-8
TUR.59.4_1,2054,9,albopictus,22.510225408217487,43.434134604521184,2.8742859302156862,0.0765076664740725,0.07613033002103078,0.07687024434555924,4.888481841547332e-13,4.2388315080188477e-13,5.577954764746096e-13,0.9999999999995112,0.9999999999994422,0.9999999999995761,0.24980986633087177,1.221190995397833e-13,1.0589019324172759e-13,1.3934281341808712e-13
TUR.59.4_1,2054,10,albopictus,16.280972088084503,61.00705115876193,2.8324888277726705,0.013818029956776003,0.01372557641072646,0.013908016772264255,0,0,0,1,1,1,0.23975294187128116,0,0,0
TUR.59.4_1,2054,11,albopictus,11.789341856451596,69.92049556453493,1.642984012182644,2.949832210358568e-5,2.8392814712738335e-5,3.055088877114364e-5,0,0,0,1,1,1,0.1515112059894831,0,0,0
TUR.59.4_1,2054,12,albopictus,8.322131858152503,70.00821316874762,1.3513801466820072,0,0,0,0,0,0,1,1,1,0.1225880967795775,0,0,0
TUR.59.4_1,2055,1,albopictus,9.356113466269829,76.17901272987424,1.4308646586406304,0,0,0,0,0,0,1,1,1,0.12931130184710105,0,0,0
TUR.59.4_1,2055,2,albopictus,6.79605724180446,64.81353489658899,1.0703300663401896,0,0,0,0,0,0,1,1,1,0.10834698738595161,0,0,0
TUR.59.4_1,2055,3,albopictus,10.307107350405524,61.16892947407533,1.3139194051933352,0,0,0,0,0,0,1,1,1,0.11940150156673512,0,0,0
TUR.59.4_1,2055,4,albopictus,13.448904836879057,51.70493520674857,1.7374167492320949,0.0010307952997748726,0.0010155448830789543,0.0010469798978786895,0,0,0,1,1,1,0.15948600454125839,0,0,0
TUR.59.4_1,2055,5,albopictus,19.31700434404261,51.56501011242982,2.4284492133868656,0.04256664785008225,0.04234325068553655,0.04277389923537841,0,0,0,1,1,1,0.2094380159401713,0,0,0
TUR.59.4_1,2055,6,albopictus,25.17399033378152,33.505550900569524,2.7314488620653785,0.0833232149169041,0.08286295354141654,0.08379040213608041,5.491002097457454e-12,4.679981402411215e-12,6.41177111404545e-12,0.999999999994509,0.9999999999935882,0.9999999999953201,0.2390174762298396,1.3124454633070362e-12,1.118597343606914e-12,1.5325253498425306e-12
TUR.59.4_1,2055,7,albopictus,31.60905793133904,25.383663743396617,3.2076339920532497,0.037816406578523726,0.03734182503580512,0.03829559263264296,0,0,0,1,1,1,0.2668582355892052,0,0,0
TUR.59.4_1,2055,8,albopictus,29.669855005600873,38.56688847590285,3.8088631728485827,0.08170797608304628,0.08109260662643658,0.08230945091966327,3.1639457720444853e-12,2.5395713310061296e-12,3.871580833703092e-12,0.9999999999968361,0.9999999999961284,0.9999999999974605,0.30829773019170026,9.754372999709414e-13,7.829440770091048e-13,1.1935995832843538e-12
TUR.59.4_1,2055,9,albopictus,23.86695110096651,51.828246237821965,3.035847877683656,0.10618265600949314,0.10576748302045107,0.10661267690040022,4.984454328949006e-9,4.461838445934951e-9,5.569864866550311e-9,0.9999999950155457,0.9999999944301352,0.9999999955381615,0.2618327010795618,1.305093140356433e-9,1.1682552120797825e-9,1.458372762657021e-9
TUR.59.4_1,2055,10,albopictus,21.128656948313996,43.83744590363498,2.9917013843194993,0.05996156208058244,0.05967202453601139,0.06024181323519327,4.677369602745785e-16,4.440892098500626e-16,5.551115123125783e-16,0.9999999999999996,0.9999999999999994,0.9999999999999996,0.25137679700298443,1.175782189137357e-16,1.1163372315569494e-16,1.395421539446187e-16
TUR.59.4_1,2055,11,albopictus,12.804332663031186,63.080186421468525,1.7353351919579445,4.423672557366545e-4,4.335768358212996e-4,4.502044416969456e-4,0,0,0,1,1,1,0.15931102852863344,0,0,0
TUR.59.4_1,2055,12,albopictus,6.934045539182775,70.80555356181402,1.4273404420626106,0,0,0,0,0,0,1,1,1,0.129014300021557,0,0,0
TUR.59.4_1,2056,1,albopictus,8.2854795780252,74.97159238075315,1.4366219383019625,0,0,0,0,0,0,1,1,1,0.12979627624745238,0,0,0
TUR.59.4_1,2056,2,albopictus,7.124211805708269,74.08423344395227,1.1130165673912675,0,0,0,0,0,0,1,1,1,0.10875832214073955,0,0,0
TUR.59.4_1,2056,3,albopictus,11.636147877749274,68.48446597309876,1.3192061396321713,1.3860791428234301e-5,1.327019172831688e-5,1.4463979744471521e-5,0,0,0,1,1,1,0.11985191766593961,0,0,0
TUR.59.4_1,2056,4,albopictus,12.473095739589018,55.4860936540142,1.7444074831587506,1.84980762332738e-4,1.8055868111676855e-4,1.8951576340808752e-4,0,0,0,1,1,1,0.1600733801783859,0,0,0
TUR.59.4_1,2056,5,albopictus,19.121113917406866,59.76173023572083,2.438220410949389,0.045099166140877577,0.04488824652858499,0.045304771638556035,0,0,0,1,1,1,0.21018521783317334,0,0,0
TUR.59.4_1,2056,6,albopictus,24.38039597342996,47.168453732600774,2.7424392201573013,0.10278566984867801,0.10228540647154871,0.10325853823836618,2.0125293023198765e-9,1.752492434503594e-9,2.2833157725665743e-9,0.9999999979874707,0.9999999977166841,0.9999999982475075,0.23985336385427902,4.827119230167276e-10,4.203412055448618e-10,5.476609687916247e-10
TUR.59.4_1,2056,7,albopictus,29.167544869815604,33.384895890613414,3.220540346146159,0.07531933549833437,0.07471501794597132,0.07590741152718952,3.1476421469278646e-13,2.4877877535800505e-13,3.900352263386253e-13,0.9999999999996853,0.99999999999961,0.9999999999997512,0.26777335951105474,8.428547122214634e-14,6.661632845265902e-14,1.0444104288434832e-13
TUR.59.4_1,2056,8,albopictus,28.997819788315716,42.00191273737746,3.82418865478387,0.0956659318228006,0.09503055029894178,0.09628786925129439,2.699994058330546e-10,2.229447376711491e-10,3.224819050684502e-10,0.9999999997300006,0.9999999996775181,0.9999999997770552,0.30932284117933617,8.351698332901308e-11,6.896189968242162e-11,9.975101910469797e-11
TUR.59.4_1,2056,9,albopictus,23.919628255507526,60.71785652834931,3.0480630268492597,0.12513325860883148,0.12465326118643319,0.12559161647655046,4.653204676621225e-7,4.183796924128735e-7,5.135482619822441e-7,0.9999995346795323,0.999999486451738,0.9999995816203076,0.26273383296104447,1.222554300240952e-7,1.0992250022069708e-7,1.3492650328107758e-07
TUR.59.4_1,2056,10,albopictus,19.156242931590363,51.04379432282443,3.003738904030892,0.04020422622657024,0.03999944164487218,0.040389729955583,0,0,0,1,1,1,0.25224837633046704,0,0,0
TUR.59.4_1,2056,11,albopictus,11.969165731878842,68.90686946590212,1.7423175504542017,5.771661033273176e-5,5.599213919178371e-5,5.94941883218694e-5,0,0,0,1,1,1,0.1598978228226533,0,0,0
TUR.59.4_1,2056,12,albopictus,7.797955737394445,72.67560208476324,1.4330835415565142,0,0,0,0,0,0,1,1,1,0.12949824528585852,0,0,0
TUR.59.4_1,2057,1,albopictus,7.903422388083794,69.90700192665159,1.4819177135227508,0,0,0,0,0,0,1,1,1,0.13360243313878795,0,0,0
TUR.59.4_1,2057,2,albopictus,8.428576486952165,72.39717594883508,1.1085192963899153,0,0,0,0,0,0,1,1,1,0.11198791301517552,0,0,0
TUR.59.4_1,2057,3,albopictus,11.378162762698004,64.99331607075501,1.3607998694629233,2.543029972516338e-6,2.410072856788544e-6,2.69372586152278e-6,0,0,0,1,1,1,0.12338756880394941,0,0,0
TUR.59.4_1,2057,4,albopictus,12.802231634364409,62.62290777144584,1.7994075406853758,4.36984850993003e-4,4.2941619189950346e-4,4.4481554350831424e-4,0,0,0,1,1,1,0.16468030076106832,0,0,0
TUR.59.4_1,2057,5,albopictus,21.324233195360968,39.12525181164857,2.5150959484367528,0.05781346385046252,0.05751729308299589,0.05812216348217182,1.6542323066914832e-16,1.1102230246251565e-16,2.220446049250313e-16,0.9999999999999999,0.9999999999999998,0.9999999999999999,0.21603929581961212,3.5737918265968065e-17,2.398518004427387e-17,4.797036008854774e-17
TUR.59.4_1,2057,6,albopictus,26.851392830119412,37.65739492522773,2.828906583045929,0.09450839875183446,0.09393903443215211,0.0950767970862852,1.916137667423712e-10,1.611358851905109e-10,2.2601305549319048e-10,0.9999999998083863,0.999999999773987,0.9999999998388641,0.24639781650459813,4.7213213737541645e-11,3.9703530271477496e-11,5.56891233750547e-11
TUR.59.4_1,2057,7,albopictus,29.934541253482596,33.436722367664196,3.322081933197891,0.06850086502720001,0.0679147363319034,0.06909860000242152,2.1219581647358153e-14,1.6431300764452317e-14,2.6978419498391304e-14,0.9999999999999788,0.999999999999973,0.9999999999999836,0.27493342444151203,5.8339722475244385e-15,4.51751378719931e-15,7.417269258712381e-15
TUR.59.4_1,2057,8,albopictus,29.42107380137724,39.631669664867694,3.944762888749501,0.0864874946997305,0.08583419786300774,0.08712571884418724,1.578257047274434e-11,1.2670239857293097e-11,1.931702020563364e-11,0.9999999999842174,0.9999999999806829,0.9999999999873297,0.3173351531888211,5.00836441868169e-12,4.020712506053213e-12,6.129969566106303e-12
TUR.59.4_1,2057,9,albopictus,25.900064580580768,43.96751702029267,3.1441665138154598,0.1064881622260635,0.10597534425272698,0.10702302698247118,5.4046431164911366e-9,4.712833967523977e-9,6.198909763277526e-9,0.9999999945953569,0.9999999938010902,0.999999995287166,0.2697852802032512,1.4580931575811341e-9,1.2714532324798564e-9,1.672374607440497e-9
TUR.59.4_1,2057,10,albopictus,17.17106684516458,59.158860851144745,3.098444879619525,0.021171657851514713,0.021046737576233918,0.021288658687834888,0,0,0,1,1,1,0.2590702811046428,0,0,0
TUR.59.4_1,2057,11,albopictus,12.546972204657163,76.61003261287478,1.7972517137330168,3.396732530988752e-4,3.329534301318911e-4,3.4616286253859416e-4,0,0,0,1,1,1,0.16450020087641104,0,0,0
TUR.59.4_1,2057,12,albopictus,8.961752162260169,70.47188962138434,1.478267753380315,0,0,0,0,0,0,1,1,1,0.13329634844664684,0,0,0
TUR.59.4_1,2058,1,albopictus,6.55074647331939,72.15999264930784,1.404365432516841,0,0,0,0,0,0,1,1,1,0.12707560641473037,0,0,0
TUR.59.4_1,2058,2,albopictus,7.860719698316911,73.22005955479212,1.0505078432642596,0,0,0,0,0,0,1,1,1,0.10645127378944996,0,0,0
TUR.59.4_1,2058,3,albopictus,11.621132275637457,70.47158755513001,1.2895859735047428,1.3622755493102004e-5,1.3050508469008411e-5,1.4198298686244517e-5,0,0,0,1,1,1,0.11732538223961775,0,0,0
TUR.59.4_1,2058,4,albopictus,13.845867002711577,59.39305700240287,1.7052402613783102,0.001943982365649565,0.0019210123472651842,0.001968198454583205,0,0,0,1,1,1,0.15677717000270175,0,0,0
TUR.59.4_1,2058,5,albopictus,18.242945811327765,67.02925495495911,2.383474991368682,0.03684370082009769,0.03666855973099194,0.03701489299554251,0,0,0,1,1,1,0.20598971953702316,0,0,0
TUR.59.4_1,2058,6,albopictus,25.489620292887967,39.44723943816718,2.6808631685797333,0.09545208990925214,0.09493897185071028,0.09595734825242942,2.5316069862668657e-10,2.1698665642055912e-10,2.9280627922290137e-10,0.9999999997468393,0.9999999997071937,0.9999999997830133,0.23515824048401113,5.953282444875462e-11,5.102620033236735e-11,6.885580942472756e-11
TUR.59.4_1,2058,7,albopictus,31.607862023746268,27.995052903552867,3.1482294788699243,0.041331322845808795,0.040797121231073125,0.04182737830153613,0,0,0,1,1,1,0.2626313946829375,0,0,0
TUR.59.4_1,2058,8,albopictus,29.719188577988568,39.14516224909621,3.738324057997723,0.08251041086574479,0.08185941918559522,0.08315248567796037,4.173599799095484e-12,3.3150621137068014e-12,5.1653764598924564e-12,0.9999999999958264,0.9999999999948346,0.999999999996685,0.30355976422125963,1.2669369709673218e-12,1.0063194736156672e-12,1.5680004602789989e-12
TUR.59.4_1,2058,9,albopictus,23.742349736830768,39.903433920927434,2.9796247968336522,0.084341004624494,0.08392533689352286,0.0847468074569433,7.73429509326462e-12,6.710251798658362e-12,8.837500176106516e-12,0.9999999999922657,0.9999999999911625,0.9999999999932897,0.25767080834841705,1.9929020686866903e-12,1.7290360051817197e-12,2.277165814156644e-12
TUR.59.4_1,2058,10,albopictus,16.69178160499124,59.942865062570526,2.936295884575553,0.016957161489071115,0.016846829006315324,0.01706028378478553,0,0,0,1,1,1,0.2473520318313448,0,0,0
TUR.59.4_1,2058,11,albopictus,11.499131132574643,67.8942428179529,1.7031972539813718,6.336928031611427e-6,6.040216950790574e-6,6.6393936992436215e-6,0,0,0,1,1,1,0.15660488135605688,0,0,0
TUR.59.4_1,2058,12,albopictus,8.27671168832218,72.05660641825934,1.4009064834757936,0,0,0,0,0,0,1,1,1,0.12678335740797764,0,0,0
TUR.59.4_1,2059,1,albopictus,7.303022893912652,68.05780453895628,1.4101318147712059,0,0,0,0,0,0,1,1,1,0.12756259462652642,0,0,0
TUR.59.4_1,2059,2,albopictus,8.58340837324367,69.21558110020227,1.0548212716962124,0,0,0,0,0,0,1,1,1,0.10686413464546884,0,0,0
TUR.59.4_1,2059,3,albopictus,9.983437916811774,61.48693789692689,1.2948810665773258,0,0,0,0,0,0,1,1,1,0.11777757388024901,0,0,0
TUR.59.4_1,2059,4,albopictus,14.103390539393706,55.089994563438026,1.7122420480607248,0.0024141844842922246,0.002386501219707731,0.0024416931726470425,0,0,0,1,1,1,0.1573673699940059,0,0,0
TUR.59.4_1,2059,5,albopictus,17.776927134569952,65.54000477185365,2.393261637761223,0.03006588108241037,0.02990995858224131,0.030209570626437247,0,0,0,1,1,1,0.2067413665577864,0,0,0
TUR.59.4_1,2059,6,albopictus,24.68777092765359,41.441986600032415,2.691870903065175,0.0946162529227062,0.09413426443319688,0.0950700616188326,1.9767272541049152e-10,1.7082042447214009e-10,2.2556357059944076e-10,0.9999999998023272,0.9999999997744363,0.9999999998291795,0.2359996947749874,4.665070286221589e-11,4.0313568036758846e-11,5.323293381382434e-11
TUR.59.4_1,2059,7,albopictus,28.75720360699822,37.88948497142396,3.161156238657146,0.08790494290992959,0.08727824615106777,0.08852894601934354,2.495886686215698e-11,2.0294685376676116e-11,3.0320440602693566e-11,0.9999999999750412,0.9999999999696795,0.9999999999797053,0.26355324893768284,6.577990451324541e-12,5.348730267191071e-12,7.991050630061923e-12
TUR.59.4_1,2059,8,albopictus,28.793403513291302,41.293508196361834,3.7536737704087364,0.09550538574698447,0.09490175427227661,0.09611872275426424,2.575123513315347e-10,2.146092692445478e-10,3.0695106734146547e-10,0.9999999997424877,0.999999999693049,0.9999999997853907,0.30459352758073666,7.843659548768216e-11,6.536859437072091e-11,9.349530839620922e-11
TUR.59.4_1,2059,9,albopictus,22.57419215931612,48.497042777128605,2.9918592588584927,0.08421937102292153,0.08387294882539778,0.08458805168770368,7.421182779410174e-12,6.5928096315559515e-12,8.381270677482177e-12,0.9999999999925788,0.9999999999916187,0.9999999999934073,0.2585784528386188,1.9189579613324836e-12,1.7047585143872823e-12,2.1672160046050238e-12
TUR.59.4_1,2059,10,albopictus,17.493097866282746,56.1034790762424,2.948352436303714,0.023428057981912307,0.023300003176269183,0.02356224639708676,0,0,0,1,1,1,0.24822968158144287,0,0,0
TUR.59.4_1,2059,11,albopictus,11.945440222235288,75.18034511287478,1.7101906519913466,6.201015192715732e-5,6.019062093259006e-5,6.381305428634168e-5,0,0,0,1,1,1,0.15719449493633908,0,0,0
TUR.59.4_1,2059,12,albopictus,9.18323491601383,73.58819211161871,1.4066586631430629,0,0,0,0,0,0,1,1,1,0.12726930914147405,0,0,0
TUR.59.4_1,2060,1,albopictus,6.2929277744363334,67.08242459510862,1.4119264028141048,0,0,0,0,0,0,1,1,1,0.12771409750936147,0,0,0
TUR.59.4_1,2060,2,albopictus,9.125844972975115,70.58688084385462,1.0938838092133765,0,0,0,0,0,0,1,1,1,0.10699258445338045,0,0,0
TUR.59.4_1,2060,3,albopictus,9.369088551577399,67.05731143208314,1.2965289820804826,0,0,0,0,0,0,1,1,1,0.1179182556958247,0,0,0
TUR.59.4_1,2060,4,albopictus,11.869586790309233,64.85668004927787,1.7144211132188973,3.577150325161252e-5,3.460774465141293e-5,3.688385284848624e-5,0,0,0,1,1,1,0.1575509651305098,0,0,0
TUR.59.4_1,2060,5,albopictus,17.450907847460577,61.34299091687318,2.3963073946710844,0.024733414864760987,0.024599653315330518,0.024868034207715602,0,0,0,1,1,1,0.20697514561548336,0,0,0
TUR.59.4_1,2060,6,albopictus,22.297203148112576,53.83488897429999,2.6952966816236508,0.08800398759547015,0.08765289251132447,0.08837595702122632,2.5683347670835133e-11,2.290247436143034e-11,2.887666772366515e-11,0.9999999999743167,0.9999999999711233,0.9999999999770975,0.2362613795351569,6.067983151792568e-12,5.4109701874000925e-12,6.822441352771468e-12
TUR.59.4_1,2060,7,albopictus,28.633218316470877,39.99959620799623,3.1651792478029614,0.09354933706575277,0.09292715197140322,0.09416383901680045,1.4401208725534075e-10,1.1882715089672757e-10,1.7233547089379187e-10,0.9999999998559879,0.9999999998276645,0.9999999998811728,0.26383990913373634,3.799613601560882e-11,3.1351344695213375e-11,4.546897498113771e-11
TUR.59.4_1,2060,8,albopictus,30.227880365708295,37.444055223949725,3.75845084017963,0.07344683948148936,0.07287387758890695,0.074059109029128,1.540406691091789e-13,1.2244094627078538e-13,1.9364787551268136e-13,0.999999999999846,0.9999999999998064,0.9999999999998777,0.30491493765940203,4.6969301018437863e-14,3.7334073499114727e-14,5.904612988982488e-14
TUR.59.4_1,2060,9,albopictus,25.457260244032916,38.423800589628605,2.995666814149241,0.0933451522417133,0.09281933774234175,0.09382907264264556,1.3523543962445927e-10,1.1500908003725386e-10,1.559161744157933e-10,0.9999999998647645,0.9999999998440838,0.9999999998849909,0.25886069945518586,3.5007140492317086e-11,2.977133090214099e-11,4.036056996564901e-11
TUR.59.4_1,2060,10,albopictus,21.29442461799173,57.19583289704318,2.9521046231369006,0.07669517684830497,0.07638939063529836,0.07700566127267096,5.236697742105889e-13,4.668238018368243e-13,5.863087793045452e-13,0.9999999999994763,0.9999999999994137,0.9999999999995332,0.24850261099611548,1.301333061910776e-13,1.1600693363158402e-13,1.4569926250712472e-13
TUR.59.4_1,2060,11,albopictus,14.041884352179135,60.949998433187275,1.7123671064638946,0.002479041712634908,0.0024519355969399876,0.002508722907654579,0,0,0,1,1,1,0.1573779077572307,0,0,0
TUR.59.4_1,2060,12,albopictus,9.225465522092932,76.14842618144293,1.4084488311194703,0,0,0,0,0,0,1,1,1,0.12742048971033748,0,0,0
TUR.59.4_1,2061,1,albopictus,6.561203512198785,75.60618252967893,1.4416590307784507,0,0,0,0,0,0,1,1,1,0.13022036287274685,0,0,0
TUR.59.4_1,2061,2,albopictus,7.698409574873308,70.50342289707727,1.0784045833649862,0,0,0,0,0,0,1,1,1,0.1091180467447821,0,0,0
TUR.59.4_1,2061,3,albopictus,9.674036404665777,72.25096072407533,1.3238315481295055,0,0,0,0,0,0,1,1,1,0.12024580154471964,0,0,0
TUR.59.4_1,2061,4,albopictus,13.45448478530435,65.43335546431693,1.7505237351629028,0.0013133058033110345,0.0012950276306575755,0.001330401358890551,0,0,0,1,1,1,0.16058694339545587,0,0,0
TUR.59.4_1,2061,5,albopictus,18.730191371020148,54.49678043713685,2.446769314011895,0.03679105049433071,0.036603992614313935,0.03697585003325671,0,0,0,1,1,1,0.21083837180899012,0,0,0
TUR.59.4_1,2061,6,albopictus,23.45684059928445,57.35472540008124,2.7520547770374977,0.11129458999347948,0.11088015416784174,0.11171302824378944,1.842431601617456e-8,1.6589580201231692e-8,2.0417740401179607e-8,0.999999981575684,0.9999999795822596,0.9999999834104197,0.2405839358768621,4.4325944630103835e-9,3.991186499357186e-9,4.9121803474278116e-9
TUR.59.4_1,2061,7,albopictus,27.92430451337029,41.61985835399232,3.231832224068456,0.10111405156639491,0.10043745465792236,0.10171763879508872,1.2748270182827426e-9,1.0523776489135273e-9,1.499918159120206e-9,0.999999998725173,0.9999999985000819,0.9999999989476224,0.2685730722095494,3.423842088359356e-10,2.8264029829336857e-10,4.0283762805780553e-10
TUR.59.4_1,2061,8,albopictus,29.554586298325482,42.820363665111834,3.837597048034812,0.09274485633494639,0.09208597894658302,0.09338575632914582,1.1300650315515526e-10,9.200039063905763e-11,1.3647526997395686e-10,0.9999999998869935,0.9999999998635247,0.9999999999079996,0.3102184732918425,3.5056704880842045e-11,2.8540220726301572e-11,4.2337149893412933e-11
TUR.59.4_1,2061,9,albopictus,25.429908864638385,49.54645073611298,3.058750163757771,0.11647778158680801,0.1159588784943396,0.11699639627136083,6.499016763006348e-8,5.7333465006137456e-8,7.331607132232687e-8,0.9999999350098324,0.9999999266839287,0.999999942666535,0.26352133852361814,1.7126295964748652e-8,1.510859144061436e-8,1.932034925015263e-8
TUR.59.4_1,2061,10,albopictus,17.475869739756867,69.58125464997286,3.0142706314335186,0.027968233363288623,0.027825726499015414,0.0281076939336492,0,0,0,1,1,1,0.2530100961180243,0,0,0
TUR.59.4_1,2061,11,albopictus,14.147625853033627,64.33526759822634,1.7484264747237415,0.0029172186602664804,0.002884935153800347,0.0029502892794914417,0,0,0,1,1,1,0.16041087815379473,0,0,0
TUR.59.4_1,2061,12,albopictus,5.355248198789709,69.99439633525152,1.438108227685062,0,0,0,0,0,0,1,1,1,0.12992143252593236,0,0,0
TUR.59.4_1,2062,1,albopictus,6.634190114981988,71.82961697792112,1.5527751731852266,0,0,0,0,0,0,1,1,1,0.13952314870165217,0,0,0
TUR.59.4_1,2062,2,albopictus,9.20027448499904,69.12279240391321,1.1615228205480186,0,0,0,0,0,0,1,1,1,0.11701659605152359,0,0,0
TUR.59.4_1,2062,3,albopictus,11.154449841555426,68.33935488911439,1.4258661150306067,3.931537615339188e-7,3.6650673230220036e-7,4.2302398700391244e-7,0,0,0,1,1,1,0.12889002169511476,0,0,0
TUR.59.4_1,2062,4,albopictus,17.66497691939859,55.104459895469276,1.8854456830646702,0.024856459715952087,0.024719566686384992,0.02499708653275144,0,0,0,1,1,1,0.17183640723268212,0,0,0
TUR.59.4_1,2062,5,albopictus,21.34611239152796,49.20417408337708,2.6353545215595293,0.06833779547427048,0.06803477565667419,0.0686404441954096,1.9707124820911304e-14,1.7319479184152442e-14,2.2315482794965646e-14,0.9999999999999802,0.9999999999999777,0.9999999999999827,0.22511008783498843,4.4362725994104244e-15,3.89878948040081e-15,5.02344029205489e-15
TUR.59.4_1,2062,6,albopictus,29.123691642985623,22.93832830535468,2.9641699193755753,0.056977326851793936,0.0564122345283859,0.057536700442633405,1.1102230246251565e-16,1.1102230246251565e-16,1.1102230246251565e-16,0.9999999999999999,0.9999999999999999,0.9999999999999999,0.25652266068382346,2.847973642292872e-17,2.847973642292872e-17,2.847973642292872e-17
TUR.59.4_1,2062,7,albopictus,30.684525994693534,27.793575852771617,3.4809263038596323,0.050971512773805606,0.05043299432691481,0.05154291849001221,0,0,0,1,1,1,0.28599394469371253,0,0,0
TUR.59.4_1,2062,8,albopictus,29.13188350901884,43.601071978100116,4.133380566179881,0.09851960193737379,0.09787454479122748,0.09914826265947183,6.15841976525644e-10,5.101020633668796e-10,7.329117035492771e-10,0.9999999993841581,0.9999999992670883,0.9999999994898979,0.32968301793708765,2.030326413933154e-10,1.6817198770672837e-10,2.416285423075378e-10
TUR.59.4_1,2062,9,albopictus,25.605892293593463,43.875670554228215,3.294503911021668,0.10497881451213881,0.10444804668233837,0.10545395721956881,3.630063575954523e-9,3.1437576070159065e-9,4.107400486397239e-9,0.9999999963699364,0.9999999958925996,0.9999999968562424,0.28068103108479603,1.0188899874022773e-9,8.823931266178957e-10,1.1528694036001698e-9
TUR.59.4_1,2062,10,albopictus,19.960613811717316,48.43928687653537,3.246596110332697,0.048803381056903516,0.04855905157866562,0.04903445192890497,0,0,0,1,1,1,0.26961736187889007,0,0,0
TUR.59.4_1,2062,11,albopictus,12.494763304205502,59.8748336382654,1.88318677588058,2.1427312531417073e-4,2.09812475518366e-4,2.1905501621952137e-4,0,0,0,1,1,1,0.1716493116329676,0,0,0
TUR.59.4_1,2062,12,albopictus,8.047624812406653,62.255031711228085,1.5489506912719786,0,0,0,0,0,0,1,1,1,0.1392046176798729,0,0,0
TUR.59.4_1,2063,1,albopictus,8.828202756888725,74.81937070106565,1.4670734453623004,0,0,0,0,0,0,1,1,1,0.1323569221756815,0,0,0
TUR.59.4_1,2063,2,albopictus,8.917935388929704,71.63723484776087,1.0974153345798299,0,0,0,0,0,0,1,1,1,0.11093080728290339,0,0,0
TUR.59.4_1,2063,3,albopictus,10.069287678774664,78.73407687397767,1.3471688304445726,0,0,0,0,0,0,1,1,1,0.1222304375487524,0,0,0
TUR.59.4_1,2063,4,albopictus,13.282772863612456,62.99925817427787,1.7813829986881184,9.881124699671717e-4,9.745433320167245e-4,0.0010038042071024622,0,0,0,1,1,1,0.1631733175349348,0,0,0
TUR.59.4_1,2063,5,albopictus,16.083996913012335,70.38079456677552,2.489902404714877,0.014023761136612018,0.01393121407019296,0.014115058146734642,0,0,0,1,1,1,0.21412560115607737,0,0,0
TUR.59.4_1,2063,6,albopictus,24.81414612601785,42.568459073176946,2.8005696197068692,0.09758973152490194,0.09709210633089058,0.09807908481414068,4.71283362002417e-10,4.0727015371277984e-10,5.408529735184686e-10,0.9999999995287167,0.999999999459147,0.9999999995927299,0.24425930824949127,1.1511534799220496e-10,9.947952601654758e-11,1.3210837317630156e-10
TUR.59.4_1,2063,7,albopictus,30.239226846133963,32.2863088544806,3.28880486618035,0.06324194618001892,0.06259660206122737,0.06380922145338458,2.1800339311539573e-15,1.662558979376172e-15,2.7755575615628914e-15,0.9999999999999978,0.9999999999999972,0.9999999999999983,0.27259468431112766,5.942656612504596e-16,4.532047401316782e-16,7.566022372815996e-16
TUR.59.4_1,2063,8,albopictus,30.237613565781537,38.7774101739009,3.9052484692809655,0.07617147162193841,0.07550155416230851,0.07678527769554924,4.3335546262568414e-13,3.3494873541428663e-13,5.405703662475502e-13,0.9999999999995667,0.9999999999994594,0.999999999999665,0.31471966154400466,1.3638548452580088e-13,1.0541495264417664e-13,1.7012812270614764e-13
TUR.59.4_1,2063,9,albopictus,26.09577190174776,40.80211174685517,3.1126716133589176,0.10031713807186707,0.09974296785637567,0.10085479263369394,1.0205664865425846e-9,8.665652778683253e-10,1.1818752559955569e-9,0.9999999989794335,0.9999999988181247,0.9999999991334347,0.2674818508021075,2.729830126870147e-10,2.317904843650622e-10,3.161301808909062e-10
TUR.59.4_1,2063,10,albopictus,22.528076732859894,38.927137065744354,3.0674079696388006,0.07098772704135342,0.07062333006326361,0.0713388647144265,5.822964332935498e-14,5.017930515549551e-14,6.683542608243442e-14,0.9999999999999418,0.9999999999999332,0.9999999999999498,0.25684149991944627,1.4955788932485915e-14,1.2888128001053071e-14,1.7166111082767738e-14
TUR.59.4_1,2063,11,albopictus,11.342225004644956,64.76879268367556,1.7792487665065733,1.920080950113428e-6,1.8031280880988333e-6,2.032931237132124e-6,0,0,0,1,1,1,0.16299470023146367,0,0,0
TUR.59.4_1,2063,12,albopictus,7.338633761686437,68.01968014872809,1.4634600466204302,0,0,0,0,0,0,1,1,1,0.13205346843792076,0,0,0
TUR.59.4_1,2064,1,albopictus,5.361617836005547,73.4063686869055,1.531219108959083,0,0,0,0,0,0,1,1,1,0.13772625955967388,0,0,0
TUR.59.4_1,2064,2,albopictus,6.58050777281032,69.9617053677804,1.18630531188459,0,0,0,0,0,0,1,1,1,0.1154898049980434,0,0,0
TUR.59.4_1,2064,3,albopictus,11.312584302004645,62.18048800679017,1.4060718382516753,1.3727652663116764e-6,1.2896257280361461e-6,1.4603335043377984e-6,0,0,0,1,1,1,0.12721974578967654,0,0,0
TUR.59.4_1,2064,4,albopictus,18.076687658534333,41.89351858077201,1.8592713927096303,0.024247131154282054,0.024100454440129815,0.02438939742719528,0,0,0,1,1,1,0.16966590847475238,0,0,0
TUR.59.4_1,2064,5,albopictus,19.34348787980921,54.670333903933724,2.59876978456321,0.044901111158667045,0.044685014309427847,0.045114561226874586,0,0,0,1,1,1,0.2223617600223169,0,0,0
TUR.59.4_1,2064,6,albopictus,26.20902260612039,33.42692998992499,2.9230204740066155,0.08590436217948469,0.08536345683348555,0.08642302118728709,1.3015346578271193e-11,1.0847084341847336e-11,1.536892002551582e-11,0.9999999999869846,0.9999999999846311,0.999999999989153,0.2534569894604294,3.298830560512717e-12,2.7492693417079882e-12,3.8953602009253455e-12
TUR.59.4_1,2064,7,albopictus,31.094546822940604,28.75366648997865,3.4326031001735826,0.04809236741318026,0.047565080131984204,0.04861516521179766,0,0,0,1,1,1,0.28264711937002285,0,0,0
TUR.59.4_1,2064,8,albopictus,28.350446588852826,49.18156590510207,4.0759998078483966,0.11876123781577094,0.1181346772984196,0.11942998521659931,1.1108916767044175e-7,9.57513169447255e-8,1.2928901991227093e-7,0.9999998889108324,0.9999998707109801,0.9999999042486831,0.3259504094602066,3.620955968877403e-8,3.121018096448729e-8,4.214180897911352e-8
TUR.59.4_1,2064,9,albopictus,24.628227346083698,57.88471901614228,3.248768675730916,0.12832283321351542,0.12780265401844015,0.1288595586121325,9.245707995466645e-7,8.26567465536665e-7,1.0341893040360929e-6,0.9999990754292004,0.999998965810696,0.9999991734325344,0.27738367433380795,2.5646084556000043e-7,2.2927632067534333e-7,2.8686722911025503e-7
TUR.59.4_1,2064,10,albopictus,18.842007244334503,58.58241431794162,3.2015259446839757,0.040496223429616056,0.04031561724299781,0.04067945963019815,0,0,0,1,1,1,0.2664247463910181,0,0,0
TUR.59.4_1,2064,11,albopictus,12.323901106329526,62.58431392390993,1.857043844314103,1.4801705352954512e-4,1.4424987912225892e-4,1.517223492062664e-4,0,0,0,1,1,1,0.16948092693541783,0,0,0
TUR.59.4_1,2064,12,albopictus,8.750913367551917,68.70489895976324,1.5274477195856804,0,0,0,0,0,0,1,1,1,0.13741149534663255,0,0,0
TUR.59.4_1,2065,1,albopictus,5.321925434119561,68.56596799110471,1.4511534608485164,0,0,0,0,0,0,1,1,1,0.13101916312601747,0,0,0
TUR.59.4_1,2065,2,albopictus,7.54045011366115,74.4599734952218,1.0855067043834832,0,0,0,0,0,0,1,1,1,0.10979569796901711,0,0,0
TUR.59.4_1,2065,3,albopictus,9.17193641382105,70.37000216694642,1.3325499938853478,0,0,0,0,0,0,1,1,1,0.12098775520228755,0,0,0
TUR.59.4_1,2065,4,albopictus,14.050273740992827,68.08479894576224,1.762052276124853,0.0027921646960160336,0.0027636810423930457,0.00282190016536829,0,0,0,1,1,1,0.1615541065700291,0,0,0
TUR.59.4_1,2065,5,albopictus,20.078122279223273,57.47518162121888,2.4628831659377037,0.05764268723160321,0.057384969678705176,0.05789815315792041,1.2090328738167954e-16,1.1102230246251565e-16,2.220446049250313e-16,0.9999999999999999,0.9999999999999998,0.9999999999999999,0.21206803539661578,2.5639722628025228e-17,2.3544281568434553e-17,4.7088563136869107e-17
TUR.59.4_1,2065,6,albopictus,25.553575599894803,41.43531087981757,2.7701791678065573,0.09966746118958215,0.09909877727006582,0.10016327339922611,8.506412549902365e-10,7.227317772029451e-10,9.748487961314111e-10,0.9999999991493588,0.9999999990251512,0.9999999992772682,0.24195908466397031,2.0582037943484858e-10,1.748715192695891e-10,2.3587352239772967e-10
TUR.59.4_1,2065,7,albopictus,30.587209252750174,31.913555711170055,3.253116317182369,0.058857917715096776,0.058245738126016904,0.05941826294317803,2.781108676686017e-16,2.220446049250313e-16,3.3306690738754696e-16,0.9999999999999997,0.9999999999999997,0.9999999999999998,0.2700780790146795,7.511164889304168e-17,5.99693803537259e-17,8.995407053058885e-17
TUR.59.4_1,2065,8,albopictus,29.872894174912396,40.385697985180194,3.862870566968053,0.08372357664097993,0.0830391945714267,0.08438132952992229,6.306511868281461e-12,4.9699105941769515e-12,7.821240877170509e-12,0.9999999999936935,0.9999999999921787,0.9999999999950301,0.31190349631421477,1.9670231012640786e-12,1.5501324906928479e-12,2.439472375105138e-12
TUR.59.4_1,2065,9,albopictus,26.395090215346393,40.97246849734345,3.078894378798632,0.10133742022917402,0.10079761488076047,0.10190203864621399,1.3546441841594258e-9,1.1632679680628755e-9,1.577841615696407e-9,0.9999999986453558,0.9999999984221584,0.9999999988367321,0.26500342370328966,3.589853467019975e-10,3.0826999422103103e-10,4.181334302210781e-10
TUR.59.4_1,2065,10,albopictus,20.02550371955423,51.41919868073459,3.0341219146505667,0.051929465755330945,0.05171015590090777,0.052172621110210676,0,0,0,1,1,1,0.25444375485382287,0,0,0
TUR.59.4_1,2065,11,albopictus,12.671815802069272,68.26823573787478,1.7599412036176827,3.7617860632867836e-4,3.691594916953805e-4,3.8373670492114584e-4,0,0,0,1,1,1,0.16137708587807376,0,0,0
TUR.59.4_1,2065,12,albopictus,8.86792205361759,69.91081631816168,1.4475792729942771,0,0,0,0,0,0,1,1,1,0.1307185400973072,0,0,0
TUR.59.4_1,2066,1,albopictus,9.161338361747124,74.55999417518674,1.499791738939018,0,0,0,0,0,0,1,1,1,0.13509978408347056,0,0,0
TUR.59.4_1,2066,2,albopictus,10.366750734693865,69.99313847324915,1.121889608315667,0,0,0,0,0,0,1,1,1,0.11325910927473881,0,0,0
TUR.59.4_1,2066,3,albopictus,10.905638119753668,68.51758517475892,1.3772130422263513,1.040251902878451e-8,9.07588314940527e-9,1.2080735382550513e-8,0,0,0,1,1,1,0.12477884982872,0,0,0
TUR.59.4_1,2066,4,albopictus,14.842721784816069,58.65252508101615,1.8211109428533527,0.005063955479554511,0.005013500874523012,0.005111544797778867,0,0,0,1,1,1,0.1664912627854942,0,0,0
TUR.59.4_1,2066,5,albopictus,18.7487956495846,58.64656833996888,2.545431565925152,0.039281519246109724,0.03908416580718431,0.03947028196020372,0,0,0,1,1,1,0.21833739818887132,0,0,0
TUR.59.4_1,2066,6,albopictus,24.40712364982156,41.71172384368476,2.863027201015607,0.09296565417734881,0.0924963922615148,0.09344913414867063,1.2050770259453003e-10,1.0426584040601484e-10,1.3910420870733022e-10,0.9999999998794923,0.9999999998608958,0.9999999998957342,0.2489647719293352,3.000217269217532e-11,2.5958521176703944e-11,3.4632047595231104e-11
TUR.59.4_1,2066,7,albopictus,28.498181847965018,42.50365886058412,3.362150944025589,0.10038774347948466,0.09974183805629337,0.10099653803161823,1.0417779773286285e-9,8.662904921186154e-10,1.2292455525697576e-9,0.999999998958222,0.9999999987707544,0.9999999991337095,0.27773953203726964,2.8934292790998656e-10,2.4060311588936024e-10,3.4141008452961943e-10
TUR.59.4_1,2066,8,albopictus,28.889028436997357,40.64988484431105,3.9923423133634666,0.09328550396818434,0.09265151686960788,0.09391571412199827,1.3301961410139285e-10,1.0929979699092485e-10,1.6001508451601865e-10,0.9999999998669804,0.999999999839985,0.9999999998907002,0.32047123096048147,4.262895947296158e-11,3.502744048541242e-11,5.1280231107093976e-11
TUR.59.4_1,2066,9,albopictus,24.532596700331744,54.66243279177704,3.182089612829723,0.11984946291529157,0.11936306462979807,0.1203349759728002,1.4259697773577606e-7,1.2731016667544283e-7,1.59122765583386e-7,0.9999998574030222,0.9999998408772344,0.9999998726898334,0.2725492365133507,3.886469741099704e-8,3.469828872777936e-8,4.336878827164474e-8
TUR.59.4_1,2066,10,albopictus,21.107105816111847,38.47153632721896,3.135816511002196,0.05474550143462964,0.054463896708271196,0.05502831289861618,0,0,0,1,1,1,0.26174509476267516,0,0,0
TUR.59.4_1,2066,11,albopictus,14.07443325659808,67.88695674617556,1.8189291135761767,0.002853847388063955,0.0028252335061088553,0.0028855134674190134,0,0,0,1,1,1,0.16630938556840025,0,0,0
TUR.59.4_1,2066,12,albopictus,7.1345774987164665,59.27496731913824,1.4960977551104093,0,0,0,0,0,0,1,1,1,0.13479054228888798,0,0,0
TUR.59.4_1,2067,1,albopictus,7.90007451439605,77.50984616493284,1.5129775966513834,0,0,0,0,0,0,1,1,1,0.13620273678804307,0,0,0
TUR.59.4_1,2067,2,albopictus,7.327603357679704,71.81305424473352,1.1317530289227817,0,0,0,0,0,0,1,1,1,0.11419571768329317,0,0,0
TUR.59.4_1,2067,3,albopictus,10.33616103845484,69.51760043354798,1.3893212134763524,0,0,0,0,0,0,1,1,1,0.125803797045288,0,0,0
TUR.59.4_1,2067,4,albopictus,14.218714559779448,61.397001399375526,1.8371217723221716,0.0029987065242621305,0.0029663280816486213,0.003032126766374963,0,0,0,1,1,1,0.16782471164475654,0,0,0
TUR.59.4_1,2067,5,albopictus,18.509080073412726,65.81291584363099,2.5678104719915336,0.03994391237120128,0.039766837186614695,0.04012856514717642,0,0,0,1,1,1,0.22002841356706337,0,0,0
TUR.59.4_1,2067,6,albopictus,24.229894722209256,56.3272977267414,2.8881983419941064,0.11985047709034947,0.1193342641345132,0.12032115466515698,1.4265084861952993e-7,1.2646750034706056e-7,1.5862111732989347e-7,0.9999998573491514,0.9999998413788826,0.9999998735324996,0.25085283605660136,3.5784369942089995e-8,3.1724731131049356e-8,3.9790557140670695e-8
TUR.59.4_1,2067,7,albopictus,29.666194466983573,40.053719132800914,3.391710277367949,0.08509517008578381,0.08441127597453543,0.0857356977772215,9.98097315907387e-12,7.900044507458405e-12,1.2265929938415354e-11,0.999999999990019,0.999999999987734,0.9999999999921,0.2798026640686697,2.792702879906755e-12,2.210453499447923e-12,3.43203987404827e-12
TUR.59.4_1,2067,8,albopictus,29.725446588852826,44.51784291315871,4.027442158439495,0.09519485742238064,0.09454070373426118,0.09583587810565315,2.351395892441488e-10,1.9281072849430813e-10,2.825751549417887e-10,0.9999999997648604,0.9999999997174248,0.9999999998071892,0.3227755108015614,7.589730102794947e-11,6.223458137777149e-11,9.120833997616622e-11
TUR.59.4_1,2067,9,albopictus,24.240917318007526,48.466979147978215,3.21006588431689,0.10391285626411977,0.10344491931240017,0.10437428347188639,2.728990566525091e-9,2.4012703714326736e-9,3.082382618591062e-9,0.9999999972710094,0.9999999969176174,0.9999999975987296,0.2745815283956492,7.493304007337682e-10,6.593444886791717e-10,8.463653305129172e-10
TUR.59.4_1,2067,10,albopictus,19.645271862254425,46.84734122834201,3.1633859589812943,0.04369653094476043,0.04346905486838443,0.04390905002241877,0,0,0,1,1,1,0.2637121418220808,0,0,0
TUR.59.4_1,2067,11,albopictus,13.54191773078021,69.7598205157068,1.834920760854792,0.0015834832610609724,0.0015626332725905945,0.001602711375458284,0,0,0,1,1,1,0.16764152875085958,0,0,0
TUR.59.4_1,2067,12,albopictus,9.827665076536292,77.99762356913824,1.5092511360835774,0,0,0,0,0,0,1,1,1,0.13589117353780467,0,0,0
TUR.59.4_1,2068,1,albopictus,10.01920417214141,74.67909665321409,1.520247322523006,0,0,0,0,0,0,1,1,1,0.1368102233289772,0,0,0
TUR.59.4_1,2068,2,albopictus,5.810650366194109,74.50785557529993,1.1778049682996479,0,0,0,0,0,0,1,1,1,0.1147116725214321,0,0,0
TUR.59.4_1,2068,3,albopictus,10.020830533083746,72.56533755513001,1.3959967811727658,0,0,0,0,0,0,1,1,1,0.12636836523786377,0,0,0
TUR.59.4_1,2068,4,albopictus,12.851371610865874,72.33668340621146,1.8459489827892208,5.749605856427074e-4,5.654918611589318e-4,5.8472408574337e-4,0,0,0,1,1,1,0.1685589661676976,0,0,0
TUR.59.4_1,2068,5,albopictus,20.394131800707648,53.36099247326966,2.5801485781624227,0.05878725702707527,0.05854202255996449,0.059046640487106755,2.537969834293108e-16,2.220446049250313e-16,3.3306690738754696e-16,0.9999999999999998,0.9999999999999997,0.9999999999999998,0.22095915188902604,5.607876621053371e-17,4.906278758576877e-17,7.359418137865316e-17
TUR.59.4_1,2068,6,albopictus,27.393652046428006,34.60787634002265,2.902075884038115,0.08734341010857616,0.08680154576200108,0.08784910751754467,2.0805885792007927e-11,1.738747201773805e-11,2.4394128383953272e-11,0.9999999999791941,0.9999999999756058,0.9999999999826126,0.2518917471397337,5.240830922938639e-12,4.379760704891268e-12,6.144679618584959e-12
TUR.59.4_1,2068,7,albopictus,28.452580956851737,37.63365992869935,3.4080071505053984,0.08930735503223891,0.08868251013200942,0.08990723470132815,3.898989520134677e-11,3.1839386682719345e-11,4.687097654443306e-11,0.9999999999610101,0.999999999953129,0.9999999999681606,0.2809376041524885,1.0953727744022969e-11,8.944881012327822e-12,1.3167819854680506e-11
TUR.59.4_1,2068,8,albopictus,28.789928324082318,43.51215901423293,4.046793668019328,0.10097126302566126,0.10032533628132026,0.10156793428112652,1.2252352463715254e-9,1.0199832201074345e-9,1.4393907149523599e-9,0.9999999987747648,0.9999999985606093,0.9999999989800168,0.3240425803992194,3.9702839083030243e-10,3.30517994607518e-10,4.6642388147584e-10
TUR.59.4_1,2068,9,albopictus,25.391584508559284,42.16327202517548,3.225489971930931,0.10034772340601629,0.0998482737808698,0.10091080771863568,1.02900490694946e-9,8.925546912674776e-10,1.2003813165684107e-9,0.9999999989709951,0.9999999987996188,0.9999999991074453,0.27569955775114785,2.836961977697272e-10,2.4607693365115585e-10,3.309445981106514e-10
TUR.59.4_1,2068,10,albopictus,20.06257304023294,60.80427711091037,3.1785857536106614,0.060302388432595486,0.06006699319972326,0.06056424552611856,5.579980921766037e-16,4.440892098500626e-16,6.661338147750939e-16,0.9999999999999994,0.9999999999999993,0.9999999999999996,0.2647943867187813,1.4775476260815376e-16,1.175923299706755e-16,1.7638849495601326e-16
TUR.59.4_1,2068,11,albopictus,13.880458761663999,63.43899684627321,1.843737395653012,0.0021575321956590014,0.0021309485533935967,0.0021836257950573466,0,0,0,1,1,1,0.16837506540332492,0,0,0
TUR.59.4_1,2068,12,albopictus,6.906356559080236,70.49695218241949,1.5165029566360073,0,0,0,0,0,0,1,1,1,0.13649738294063773,0,0,0
TUR.59.4_1,2069,1,albopictus,6.439761671073296,71.23807950233518,1.4550781756356304,0,0,0,0,0,0,1,1,1,0.13134914903075234,0,0,0
TUR.59.4_1,2069,2,albopictus,5.765800493604997,70.15242497227258,1.0884425098162966,0,0,0,0,0,0,1,1,1,0.11007566821568704,0,0,0
TUR.59.4_1,2069,3,albopictus,10.52237643915064,72.2194360658722,1.3361539398543099,2.800414863369381e-17,1.204902628459604e-18,2.0583455021930412e-16,0,0,0,1,1,1,0.12129427393767989,0,0,0
TUR.59.4_1,2069,4,albopictus,11.149405325160307,69.39666570601615,1.7668178318089023,3.8884933863438043e-7,3.5787115088873085e-7,4.203235638063537e-7,0,0,0,1,1,1,0.1619535774367563,0,0,0
TUR.59.4_1,2069,5,albopictus,21.070183894213507,46.422504466677864,2.469544152691398,0.06172287353900029,0.061439504054516925,0.06201715280255079,1.0803580252627398e-15,9.992007221626409e-16,1.2212453270876722e-15,0.9999999999999989,0.9999999999999988,0.999999999999999,0.212575781830605,2.296579518771954e-16,2.124058747194285e-16,2.5960718021263485e-16
TUR.59.4_1,2069,6,albopictus,27.10213097404031,32.31079916106757,2.77767125147391,0.08345844966933468,0.08293717903258734,0.08396615002269131,5.753530318841627e-12,4.800096431445411e-12,6.8031164035531335e-12,0.9999999999942465,0.9999999999931969,0.9999999999952,0.2425268025640117,1.3953853116837584e-12,1.1641520395173782e-12,1.6499380688245202e-12
TUR.59.4_1,2069,7,albopictus,31.28269532147576,29.856365769763805,3.261914527749832,0.04768265638242243,0.047141070722124784,0.04824170695918027,0,0,0,1,1,1,0.2706992990364748,0,0,0
TUR.59.4_1,2069,8,albopictus,29.677640802720013,46.58770909357863,3.8733178874230667,0.10102390640263448,0.10035228061460606,0.10172281974145259,1.24431356696153e-9,1.0276793860342082e-9,1.5020560212297696e-9,0.9999999987556865,0.999999998497944,0.9999999989723206,0.31259883165650804,3.889709672465164e-10,3.212513753917709e-10,4.695409573190491e-10
TUR.59.4_1,2069,9,albopictus,26.040271871230182,46.43479073245087,3.0872213976994227,0.11260752599023832,0.1120630790778405,0.11317820885120147,2.5531649497811948e-08,2.2268218724530445e-8,2.929885176417013e-8,0.9999999744683505,0.9999999707011482,0.9999999777317813,0.2656152019917548,6.781594238544006e-9,5.91477741451273e-9,7.782220429466531e-9
TUR.59.4_1,2069,10,albopictus,19.843290889964386,41.67292182526584,3.042327844254575,0.04266242643374378,0.04244499312041875,0.04287159110874378,0,0,0,1,1,1,0.2550355826112731,0,0,0
TUR.59.4_1,2069,11,albopictus,13.476848532171811,60.843431050374775,1.7647010498039368,0.0012539765477627466,0.001236526045925801,0.0012723621565065423,0,0,0,1,1,1,0.16177616250132087,0,0,0
TUR.59.4_1,2069,12,albopictus,10.465824828428381,68.75286496318121,1.4514943212173084,2.6756528408331244e-23,9.978386694941585e-28,4.641100909376511e-23,0,0,0,1,1,1,0.13104782727859166,0,0,0
TUR.59.4_1,2070,1,albopictus,8.721383604056694,71.35026211952268,1.5742784999519994,0,0,0,0,0,0,1,1,1,0.14131191090191775,0,0,0
TUR.59.4_1,2070,2,albopictus,6.68900157774196,66.86400334141321,1.1776079597160238,0,0,0,0,0,0,1,1,1,0.1185370259722126,0,0,0
TUR.59.4_1,2070,3,albopictus,11.915842434939215,63.4771264955597,1.445611964607965,4.132416652960448e-5,3.997951583703236e-5,4.271087474118046e-5,0,0,0,1,1,1,0.1305530264673902,0,0,0
TUR.59.4_1,2070,4,albopictus,14.26593669723062,61.28404058394584,1.9115559373526583,0.0031367797325241586,0.0031050068530354105,0.0031693945395661403,0,0,0,1,1,1,0.17399594290444864,0,0,0
TUR.59.4_1,2070,5,albopictus,19.45832934099085,53.538044017459114,2.671849753066317,0.04571013968076741,0.045490563383555144,0.04591926028364578,0,0,0,1,1,1,0.22784201424621164,0,0,0
TUR.59.4_1,2070,6,albopictus,25.866056526408475,38.97324041472968,3.0052186915798753,0.09591766685130011,0.09537776266292651,0.09643907730217886,2.9027940262604804e-10,2.469966065010709e-10,3.370035361882628e-10,0.9999999997097206,0.9999999996629965,0.9999999997530034,0.2595682886369127,7.534732776618864e-11,6.411248644860792e-11,8.747543115297528e-11
TUR.59.4_1,2070,7,albopictus,31.51121666852166,34.727879136463024,3.5291312835988466,0.052799347605438404,0.05224784581722475,0.05337422975439102,0,0,0,1,1,1,0.2893170244350506,0,0,0
TUR.59.4_1,2070,8,albopictus,30.274988062241498,38.42104878474074,4.190620941026723,0.07498916379636084,0.07436031340861987,0.07562044251634933,2.7798219282004765e-13,2.173761171064825e-13,3.5030034428729094e-13,0.999999999999722,0.9999999999996497,0.9999999999997826,0.3333859005451938,9.267534368883929e-14,7.247013255856217e-14,1.1678519574150993e-13
TUR.59.4_1,2070,9,albopictus,24.29901134266573,49.69522774416962,3.340127253896084,0.10691060618645407,0.10645069956568387,0.1073747222705582,6.031765631520081e-9,5.338850417313523e-9,6.791868789601806e-9,0.9999999939682344,0.9999999932081312,0.9999999946611495,0.28395532977817395,1.7127519990429402e-9,1.5159950308846032e-9,1.9285873419614686e-9
TUR.59.4_1,2070,10,albopictus,17.64960631202249,59.237847972726776,3.291556010674876,0.026157400723644274,0.026015615145478146,0.026295178917006033,0,0,0,1,1,1,0.2727883227711956,0,0,0
TUR.59.4_1,2070,11,albopictus,14.589908529730405,67.49720912654665,1.9092657481000794,0.004647125208284631,0.004604754247412007,0.0046879544339250194,0,0,0,1,1,1,0.17380675067956086,0,0,0
TUR.59.4_1,2070,12,albopictus,8.456973300260657,73.36585629618902,1.5704010553911547,0,0,0,0,0,0,1,1,1,0.14098963926804764,0,0,0
TUR.59.4_1,2071,1,albopictus,7.916507276542046,65.96035428260862,1.5249944644670552,0,0,0,0,0,0,1,1,1,0.1372066823578948,0,0,0
TUR.59.4_1,2071,2,albopictus,7.158223169691423,75.74679295322962,1.1407420097105025,0,0,0,0,0,0,1,1,1,0.11504842959987072,0,0,0
TUR.59.4_1,2071,3,albopictus,9.545035740908453,67.66170443745423,1.4003559369334646,0,0,0,0,0,0,1,1,1,0.12673683232311161,0,0,0
TUR.59.4_1,2071,4,albopictus,14.38915332625894,64.44903387007865,1.8517131645200131,0.0037045187921465727,0.0036669444379838203,0.0037417707862992984,0,0,0,1,1,1,0.16903808578954782,0,0,0
TUR.59.4_1,2071,5,albopictus,20.284176966723273,46.015773814822396,2.588205380076039,0.05112820673035214,0.05088077813387003,0.051368212707284734,0,0,0,1,1,1,0.22156632590879344,0,0,0
TUR.59.4_1,2071,6,albopictus,25.727132881388943,38.93355993377265,2.9111379398956228,0.09538076300275221,0.09490905459605334,0.09591512061263614,2.479062487514838e-10,2.1507368941353632e-10,2.8920979222579747e-10,0.9999999997520937,0.9999999997107902,0.9999999997849264,0.25256937993353734,6.261352752881153e-11,5.432102837519506e-11,7.304553789317683e-11
TUR.59.4_1,2071,7,albopictus,30.87553742352654,31.718994706531383,3.418649033210992,0.05531482468464457,0.054710807225893957,0.0559319368411141,1.6542323066914832e-17,0,1.1102230246251565e-16,1,0.9999999999999999,1,0.28167775628402514,4.6596044452140434e-18,0,3.127251305512781e-17
TUR.59.4_1,2071,8,albopictus,29.007015116074506,53.03778233576613,4.059430232922783,0.12577732442966758,0.12510073289081441,0.12643378627199914,5.362560352435431e-7,4.614384738893529e-7,6.163255828195435e-7,0.9999994637439648,0.9999993836744172,0.9999995385615261,0.32486869902084414,1.7421280051164577e-7,1.4990691669059783e-7,2.0022489026384862e-7
TUR.59.4_1,2071,9,albopictus,24.061054341933307,49.662970664091496,3.2355619243751237,0.10429619185211333,0.10382119607504514,0.10474985180443148,3.0243488907677473e-9,2.6575065398271033e-9,3.407335819050061e-9,0.9999999969756511,0.9999999965926641,0.9999999973424935,0.2764287024549329,8.36016839645944e-10,7.346110845699047e-10,9.418854192882243e-10
TUR.59.4_1,2071,10,albopictus,19.002356136546418,65.8738419302463,3.1885112423980253,0.0473332379265677,0.0471323435109622,0.04754947651439328,0,0,0,1,1,1,0.2655002355796946,0,0,0
TUR.59.4_1,2071,11,albopictus,13.11293594977435,72.59060054500368,1.8494946714561296,8.999761943306463e-4,8.867074300560317e-4,9.130046052432546e-4,0,0,0,1,1,1,0.16885371701495888,0,0,0
TUR.59.4_1,2071,12,albopictus,7.919333682340734,66.79957211650152,1.521238406379654,0,0,0,0,0,0,1,1,1,0.13689300904785762,0,0,0
TUR.59.4_1,2072,1,albopictus,5.211082967765191,75.29984708046018,1.4970600773381493,0,0,0,0,0,0,1,1,1,0.13487111372672944,0,0,0
TUR.59.4_1,2072,2,albopictus,6.225206869490007,67.77351109287805,1.1598407514414442,0,0,0,0,0,0,1,1,1,0.11306495204513489,0,0,0
TUR.59.4_1,2072,3,albopictus,9.948551556643316,63.51740206929017,1.3747046406356564,0,0,0,0,0,0,1,1,1,0.12456636538233168,0,0,0
TUR.59.4_1,2072,4,albopictus,15.579136694178862,56.48132528243217,1.8177940431103032,0.00845207239757522,0.008388125705069588,0.008514455317087522,0,0,0,1,1,1,0.166214750438213,0,0,0
TUR.59.4_1,2072,5,albopictus,20.999638697680304,48.855651897097786,2.5407954171281224,0.06316715159940785,0.0628897591146019,0.06346172010460052,2.090771999974095e-15,1.887379141862766e-15,2.3314683517128287e-15,0.9999999999999979,0.9999999999999977,0.9999999999999981,0.21798661910477957,4.557603195932912e-16,4.1142339810354453e-16,5.082289035396726e-16
TUR.59.4_1,2072,6,albopictus,26.341692054972928,44.009769955745305,2.857812596037992,0.10797265695230766,0.10741733514040461,0.10855182907884599,7.948438906058008e-9,6.867310115010738e-9,9.199249501046225e-9,0.9999999920515611,0.9999999908007505,0.9999999931326898,0.24857303459657354,1.9757675791843086e-9,1.7070281148039636e-9,2.286685364486075e-9
TUR.59.4_1,2072,7,albopictus,32.133883981143725,23.53517588939271,3.356027254721488,0.0302295218539056,0.029782766416167727,0.030675961375213653,0,0,0,1,1,1,0.27731138273085443,0,0,0
TUR.59.4_1,2072,8,albopictus,30.610111124375287,40.14257206965285,3.9850708183206587,0.07466640239553259,0.07404248075491797,0.0752924014383318,2.4589763558680035e-13,1.9239887460997806e-13,3.0956903707135546e-13,0.9999999999997541,0.9999999999996905,0.9999999999998076,0.31999288299041784,7.868549333194741e-14,6.15662705705588e-14,9.905988865703058e-14
TUR.59.4_1,2072,9,albopictus,25.125471227309284,49.77361595828095,3.17629388014217,0.11470874102347901,0.11418564587008054,0.11520382066632481,4.257127882534295e-8,3.744501108626786e-8,4.7864776370198926e-8,0.9999999574287212,0.9999999521352236,0.9999999625549889,0.2721275032956537,1.1584815818843707e-8,1.0189817377784144e-8,1.3025322089427035e-8
TUR.59.4_1,2072,10,albopictus,19.59258898566751,55.588311839914276,3.1301050583197485,0.048992282256533584,0.04876596914687139,0.04921305577037788,0,0,0,1,1,1,0.26133693281587245,0,0,0
TUR.59.4_1,2072,11,albopictus,13.34370701453265,63.848863179281025,1.8156161877310366,0.0010959407854778387,0.0010798882451915444,0.0011123624483440988,0,0,0,1,1,1,0.16603314429424387,0,0,0
TUR.59.4_1,2072,12,albopictus,8.384894118589514,67.40451443827887,1.4933728215861906,0,0,0,0,0,0,1,1,1,0.13456235366219027,0,0,0
TUR.59.4_1,2073,1,albopictus,7.661504777915337,76.62269253944456,1.6236488929447654,0,0,0,0,0,0,1,1,1,0.14540474852748086,0,0,0
TUR.59.4_1,2073,2,albopictus,9.015477198011736,77.21152226231165,1.214538507750798,0,0,0,0,0,0,1,1,1,0.12201794656102594,0,0,0
TUR.59.4_1,2073,3,albopictus,10.664522549685309,63.24127902241517,1.4909472917498372,3.2113164096137956e-12,1.633541737634459e-12,6.997308955075335e-12,0,0,0,1,1,1,0.13435918677024805,0,0,0
TUR.59.4_1,2073,4,albopictus,15.370323026881499,57.37193120894584,1.9715035691456564,0.007419139542957439,0.007357972513666969,0.007480657163145799,0,0,0,1,1,1,0.17893282909529118,0,0,0
TUR.59.4_1,2073,5,albopictus,22.068553111132452,41.51206211438294,2.755640691156706,0.06895706538146468,0.06863749023733215,0.0692778529541452,2.5484614418758154e-14,2.2312707237404083e-14,2.8976820942716586e-14,0.9999999999999745,0.999999999999971,0.9999999999999777,0.23407797203866465,5.965386861330222e-15,5.222913260823983e-15,6.782835482398605e-15
TUR.59.4_1,2073,6,albopictus,27.60137184928445,29.84940008269843,3.0994642954149194,0.07743991995321663,0.076931516278489,0.07797701872076596,6.910730876441562e-13,5.705214078943754e-13,8.366835002604489e-13,0.9999999999993089,0.9999999999991632,0.9999999999994295,0.26651375163353486,1.8418048124101471e-13,1.5205180080517624e-13,2.2298765858428986e-13
TUR.59.4_1,2073,7,albopictus,31.79447510663201,26.977593034168102,3.6398071255160502,0.03790891442015958,0.037419186911617094,0.03837917109814335,0,0,0,1,1,1,0.2968882226012346,0,0,0
TUR.59.4_1,2073,8,albopictus,30.70908535228056,44.24424519587355,4.3220415268687535,0.08258608043090977,0.08198722755714935,0.08328676321224684,4.285956478611297e-12,3.464756259674573e-12,5.4066112697981334e-12,0.9999999999957141,0.9999999999945933,0.9999999999965352,0.3418102946759285,1.4649840469223322e-12,1.1842893580996336e-12,1.848035391327896e-12
TUR.59.4_1,2073,9,albopictus,26.313629262587604,48.513495566435246,3.444875807075033,0.11859691203601062,0.11803434182503734,0.11922062266777247,1.068726277767551e-7,9.353523012234354e-8,1.2319438101593416e-7,0.9999998931273723,0.999999876805619,0.9999999064647698,0.2914166477639011,3.114446292442115e-8,2.725772321007842e-8,3.590089353901231e-8
TUR.59.4_1,2073,10,albopictus,20.55299624274759,52.92701881012912,3.3947813382199543,0.06071778996211859,0.06045272981890298,0.06097989216418978,6.767919558114954e-16,5.551115123125783e-16,7.771561172376096e-16,0.9999999999999993,0.9999999999999992,0.9999999999999994,0.2800166745081806,1.8951303280022243e-16,1.5544047965897511e-16,2.1761667152256513e-16
TUR.59.4_1,2073,11,albopictus,13.47580330512103,63.98464351375368,1.9691415580753808,0.0013198986677608155,0.0013019034915229362,0.001339498781716925,0,0,0,1,1,1,0.17873886921471205,0,0,0
TUR.59.4_1,2073,12,albopictus,9.83191655663883,71.62173092997809,1.6196498492121207,0,0,0,0,0,0,1,1,1,0.1450739525427559,0,0,0
TUR.59.4_1,2074,1,albopictus,8.587743314750053,71.71467251991331,1.4925091596891027,0,0,0,0,0,0,1,1,1,0.13449001720191922,0,0,0
TUR.59.4_1,2074,2,albopictus,6.23871614301906,69.37188450596399,1.1164420186469874,0,0,0,0,0,0,1,1,1,0.1127413938609706,0,0,0
TUR.59.4_1,2074,3,albopictus,12.436599156435797,62.48381747456361,1.3705256716644056,1.9712317223244137e-4,1.9254287588874025e-4,2.0161368548059406e-4,0,0,0,1,1,1,0.12421225410598302,0,0,0
TUR.59.4_1,2074,4,albopictus,13.593724096522612,62.416830195762245,1.8122681252674928,0.001501566672550336,0.0014805102640157294,0.0015219252631103219,0,0,0,1,1,1,0.1657538802346339,0,0,0
TUR.59.4_1,2074,5,albopictus,19.894484660204718,53.58871464123841,2.5330716451289486,0.0517866129348281,0.05157080832990026,0.05202462516781955,0,0,0,1,1,1,0.21740187546094336,0,0,0
TUR.59.4_1,2074,6,albopictus,25.734727943644803,40.088749447932805,2.8491251225171554,0.09772654648264167,0.0972040941230533,0.09819748992958205,4.90204469572042e-10,4.206569703679719e-10,5.594609719938858e-10,0.9999999995097956,0.9999999994405391,0.999999999579343,0.24791995076874673,1.2153146796292027e-10,1.0428925538415773e-10,1.3870153663375937e-10
TUR.59.4_1,2074,7,albopictus,29.30632355633904,41.025494187732555,3.3458252568889435,0.09075625310595578,0.09013935714597972,0.09137170230041458,6.137761110469598e-11,5.040362294206346e-11,7.388955836074018e-11,0.9999999999386224,0.9999999999261104,0.9999999999495963,0.27659752707104,1.697689544908691e-11,1.3941517461195892e-11,2.0437669118952024e-11
TUR.59.4_1,2074,8,albopictus,28.865909464219037,43.444596910961444,3.972956588975874,0.10022943960364228,0.09955988500761054,0.10092313938821058,9.97450139372802e-10,8.231037018635589e-10,1.2044926944732025e-9,0.9999999990025499,0.9999999987955074,0.9999999991768963,0.3191952127186951,3.183813094133936e-10,2.627307612058841e-10,3.8446830183048813e-10
TUR.59.4_1,2074,9,albopictus,25.71717654957491,48.21905815798798,3.1666382543616742,0.11519967664999212,0.1146496530780506,0.11572541824007572,4.791828301853318e-8,4.189045219038512e-8,5.422889937378716e-8,0.999999952081717,0.9999999457711006,0.9999999581095479,0.2714243574402112,1.3006189177943553e-8,1.1370089068655169e-8,1.4719044167220052e-8
TUR.59.4_1,2074,10,albopictus,20.877468670115753,62.114495921945526,3.1205898420843354,0.0754048438832803,0.07510785245179727,0.07567826381658131,3.2348512757351957e-13,2.8876623314744164e-13,3.579470053693967e-13,0.9999999999996765,0.9999999999996421,0.9999999999997112,0.2606564383799025,8.4318481222182e-14,7.52687778565927e-14,9.330119154833879e-14
TUR.59.4_1,2074,11,albopictus,13.631858755560483,62.8214889117029,1.8100968903576597,0.0015868676131858008,0.001565965279745423,0.0016079268831360768,0,0,0,1,1,1,0.16557272613907803,0,0,0
TUR.59.4_1,2074,12,albopictus,8.82091163186466,72.06988919413824,1.4888331128375298,0,0,0,0,0,0,1,1,1,0.1341820603071744,0,0,0
TUR.59.4_1,2075,1,albopictus,11.186807664878227,73.30984921669065,1.661200187131543,6.749637821343679e-7,6.291459663201006e-7,7.277986316538695e-7,0,0,0,1,1,1,0.14850470840109842,0,0,0
TUR.59.4_1,2075,2,albopictus,9.172895449049333,69.25289646885462,1.2426280122020976,0,0,0,0,0,0,1,1,1,0.12465634012823612,0,0,0
TUR.59.4_1,2075,3,albopictus,11.906882664736578,55.475337402542124,1.5254295006884553,3.222235205567418e-5,3.112449246943737e-5,3.3349582148022213e-5,0,0,0,1,1,1,0.13724300543309875,0,0,0
TUR.59.4_1,2075,4,albopictus,12.162491644130034,69.16470159468803,2.017099948287085,1.0899556476532483e-4,1.0612253402166993e-4,1.1168993666308202e-4,0,0,0,1,1,1,0.18266807593983514,0,0,0
TUR.59.4_1,2075,5,albopictus,19.985528132494757,58.55768589367982,2.8193723727513675,0.057141771128424446,0.05689049918098214,0.05737433015594594,1.1102230246251565e-16,1.1102230246251565e-16,1.1102230246251565e-16,0.9999999999999999,0.9999999999999999,0.9999999999999999,0.23878732144272452,2.6510718225428112e-17,2.6510718225428112e-17,2.6510718225428112e-17
TUR.59.4_1,2075,6,albopictus,28.47864350150613,27.726662198176946,3.1711478324679625,0.06936927420250696,0.06882499130583487,0.06993556305730785,3.032163409244504e-14,2.4091839634365897e-14,3.7969627442180354e-14,0.9999999999999697,0.999999999999962,0.9999999999999759,0.2717528402453473,8.239990185502092e-15,6.547025847374362e-15,1.0318354100470193e-14
TUR.59.4_1,2075,7,albopictus,32.38616517010857,26.091419785877086,3.7239875593199936,0.030465007295462625,0.03000904549846578,0.03090019468588545,0,0,0,1,1,1,0.30259285028608196,0,0,0
TUR.59.4_1,2075,8,albopictus,30.674981958725873,44.162831926830584,4.422000485710257,0.08285615406126234,0.08223944693791442,0.08350919635468644,4.6990141777669694e-12,3.77946007823482e-12,5.830205762613617e-12,0.999999999995301,0.9999999999941698,0.9999999999962206,0.34814656213523165,1.6359456314142826e-12,1.315806032964806e-12,2.029766092794947e-12
TUR.59.4_1,2075,9,albopictus,26.002508275649127,49.54239952761689,3.524547924261509,0.1198360853866159,0.11924540608778073,0.12041425464895798,1.4225089744901443e-7,1.2390119790428588e-7,1.620297180704444e-7,0.9999998577491026,0.999999837970282,0.9999998760988021,0.29703965177574443,4.225415704304238e-8,3.680356868008668e-8,4.812925103296685e-8
TUR.59.4_1,2075,10,albopictus,17.559027279124543,65.99787299714083,3.473294884643206,0.027611637940489087,0.027472473415473462,0.02775193251647111,0,0,0,1,1,1,0.2854664390074022,0,0,0
TUR.59.4_1,2075,11,albopictus,13.005693365545834,71.48135524471071,2.014683309290194,7.41439544535953e-4,7.301571943301732e-4,7.533742363371e-4,0,0,0,1,1,1,0.18247053245112288,0,0,0
TUR.59.4_1,2075,12,albopictus,11.679448828977698,67.08002103007574,1.6571086546420477,1.6532378301658933e-5,1.589512722405922e-5,1.7168357475805775e-5,0,0,0,1,1,1,0.14816748803218716,0,0,0
TUR.81.6_1,2025,1,aegypti,4.572239679448744,82.0864690459668,8.834923826441569e-4,0,0,0,0,0,0,1,1,1,8.549560787873833e-5,0,0,0
TUR.81.6_1,2025,2,aegypti,4.049488841610797,77.99371562174719,6.608790389895795e-4,0,0,0,0,0,0,1,1,1,7.080596160269348e-5,0,0,0
TUR.81.6_1,2025,3,aegypti,10.707058573470396,73.80749804591444,8.112841273188534e-4,0,0,0,0,0,0,1,1,1,7.850828522315556e-5,0,0,0
TUR.81.6_1,2025,4,aegypti,10.500013393514298,77.18409693150622,0.0010727740420140262,0,0,0,0,0,0,1,1,1,1.072716501864246e-4,0,0,0
TUR.81.6_1,2025,5,aegypti,16.03374108146219,78.32205289884993,0.0014994544513411933,8.548427065954079e-4,8.453212861397224e-4,8.648121501237756e-4,0,0,0,1,1,1,1.4509796756256854e-4,0,0,0
TUR.81.6_1,2025,6,aegypti,21.818410901462332,70.26724150793822,0.0016865426430403606,0.06687996026940475,0.06650145351629047,0.06724602164400095,1.0674128247956106e-14,9.10105324436472e-15,1.2434497875801753e-14,0.9999999999999893,0.9999999999999876,0.9999999999999909,1.6864004297312274e-4,1.8000854464359408e-18,1.5348020102303447e-18,2.096954256124411e-18
TUR.81.6_1,2025,7,aegypti,23.55538003584918,71.26188022168758,0.001980564815250824,0.11282465055988455,0.11229961558864739,0.11336304361048,2.692751776356417e-8,2.3608666763208495e-8,3.0653266563929193e-8,0.9999999730724822,0.9999999693467335,0.9999999763913333,1.9164919571235117e-4,5.160637121917122e-12,4.524581997009825e-12,5.8746738829333364e-12
TUR.81.6_1,2025,8,aegypti,25.792954108294317,64.00171865703449,0.0023517958735122697,0.14948257641706417,0.148637012519366,0.15031955499409988,5.4554305361131705e-5,4.6934420556299375e-5,6.292413538124264e-5,0.9999454456946388,0.9999370758646188,0.9999530655794437,2.2756725169359449e-4,1.241477333908587e-8,1.0680737095828395e-8,1.4319472553905057e-8
TUR.81.6_1,2025,9,aegypti,19.47648738412296,76.17290610097966,0.0018744948787456051,0.026083278451976676,0.025923291802929526,0.026243745351002302,0,0,0,1,1,1,1.8743192031700495e-4,0,0,0
TUR.81.6_1,2025,10,aegypti,12.194750785827637,78.34098290784614,0.0018472364721785314,0,0,0,0,0,0,1,1,1,1.7874884240987043e-4,0,0,0
TUR.81.6_1,2025,11,aegypti,7.4914772300159225,82.12379857186826,0.0010714887772025406,0,0,0,0,0,0,1,1,1,1.0714313748427795e-4,0,0,0
TUR.81.6_1,2025,12,aegypti,5.410618624266456,77.82774693571073,8.813163428051222e-4,0,0,0,0,0,0,1,1,1,8.528504136007253e-5,0,0,0
TUR.81.6_1,2026,1,aegypti,5.6242192212273086,80.21717583307617,8.542445638702014e-4,0,0,0,0,0,0,1,1,1,8.266541178814091e-5,0,0,0
TUR.81.6_1,2026,2,aegypti,6.704197703915485,77.7552436368839,6.390007854317803e-4,0,0,0,0,0,0,1,1,1,6.846202623622677e-5,0,0,0
TUR.81.6_1,2026,3,aegypti,7.135202074752135,81.28645617579726,7.844267467730323e-4,0,0,0,0,0,0,1,1,1,7.59093845535963e-5,0,0,0
TUR.81.6_1,2026,4,aegypti,9.399626773946427,85.73882257847887,0.0010372600960167496,0,0,0,0,0,0,1,1,1,1.0372063024510769e-4,0,0,0
TUR.81.6_1,2026,5,aegypti,13.958633506999297,81.74126524015853,0.0014498153453181462,0,0,0,0,0,0,1,1,1,1.402948685915728e-4,0,0,0
TUR.81.6_1,2026,6,aegypti,18.656032590305106,80.98265746252807,0.0016307100240532427,0.01681353668957514,0.01671201023735744,0.01692542536497859,0,0,0,1,1,1,1.6305770705216105e-4,0,0,0
TUR.81.6_1,2026,7,aegypti,21.27481668135699,85.72172671826961,0.0019149986576647662,0.07058216284624541,0.07028175439338133,0.07090056117167536,4.944311626786657e-14,4.37400116126696e-14,5.6066262743570405e-14,0.9999999999999506,0.9999999999999439,0.9999999999999563,1.853052795971477e-4,9.162070484171298e-18,8.10525508146823e-18,1.038937449366446e-17
TUR.81.6_1,2026,8,aegypti,22.98298515993006,79.94927801372394,0.0022739401943314714,0.11329442355264865,0.11279552958434465,0.11381685047404562,3.020549350818413e-8,2.6674951394967116e-8,3.423835308047352e-8,0.9999999697945064,0.999999965761647,0.9999999733250486,2.2003451733765278e-4,6.6462511850189006e-12,5.869410055196938e-12,7.533619494498127e-12
TUR.81.6_1,2026,9,aegypti,18.258925662321204,89.27978628896794,0.0018124401428098221,0.014249675897211081,0.014161735059912875,0.01433830293070883,0,0,0,1,1,1,1.8122759057692672e-4,0,0,0
TUR.81.6_1,2026,10,aegypti,14.706103324890137,86.14329766614692,0.0017860841197278833,2.9310772807375394e-7,2.8793218708866635e-7,2.980225536109846e-7,0,0,0,1,1,1,1.7283191313999247e-4,0,0,0
TUR.81.6_1,2026,11,aegypti,11.145589569035698,74.51335545663389,0.001036017379610911,0,0,0,0,0,0,1,1,1,1.0359637148638079e-4,0,0,0
TUR.81.6_1,2026,12,aegypti,6.508317789610694,82.89932591520292,8.521405613459272e-4,0,0,0,0,0,0,1,1,1,8.24618154516843e-5,0,0,0
TUR.81.6_1,2027,1,aegypti,5.68993501102223,75.35738121637695,8.737873892434172e-4,0,0,0,0,0,0,1,1,1,8.455649482486116e-5,0,0,0
TUR.81.6_1,2027,2,aegypti,6.864497005062946,74.31943736246984,6.536194102275461e-4,0,0,0,0,0,0,1,1,1,7.002819900703283e-5,0,0,0
TUR.81.6_1,2027,3,aegypti,7.392005587325377,77.27359301661757,8.023723276741411e-4,0,0,0,0,0,0,1,1,1,7.76459203356561e-5,0,0,0
TUR.81.6_1,2027,4,aegypti,10.120988887899063,79.14617121129137,0.001060989826096882,0,0,0,0,0,0,1,1,1,1.0609335431166489e-4,0,0,0
TUR.81.6_1,2027,5,aegypti,15.936419571147246,78.13435453459212,0.0014829832334327564,7.015626361199252e-4,6.928713802355862e-4,7.106760269605554e-4,0,0,0,1,1,1,1.435042087470917e-4,0,0,0
TUR.81.6_1,2027,6,aegypti,20.34191515866448,75.7584219278601,0.0016680162974347696,0.040442173287539754,0.04021714013662194,0.040659379221243575,0,0,0,1,1,1,1.6678771912503887e-4,0,0,0
TUR.81.6_1,2027,7,aegypti,22.53730790755328,74.9801724580157,0.001958808692799355,0.09134517886462923,0.09088449545461456,0.09176260029040186,7.344991215241236e-11,6.356098702919865e-11,8.332647349895693e-11,0.9999999999265501,0.9999999999166735,0.9999999999364391,1.8954416579564093e-4,1.392200232669211e-14,1.2047614263597013e-14,1.5794046908052375e-14
TUR.81.6_1,2027,8,aegypti,22.85079064088709,77.55411352397785,0.0023259618494949784,0.10469905549648616,0.10422380214420061,0.10520682997000526,3.3688396635644936e-9,2.9607258561492597e-9,3.847257934452841e-9,0.9999999966311603,0.999999996152742,0.9999999970392742,2.2506775066200024e-4,7.582171654193902e-13,6.663639087703388e-13,8.658936895238341e-13
TUR.81.6_1,2027,9,aegypti,18.68005298165714,85.00949209951482,0.0018539039140861241,0.018170222028516123,0.018067873889903455,0.018277671071414068,0,0,0,1,1,1,1.8537320767186838e-4,0,0,0
TUR.81.6_1,2027,10,aegypti,15.65639591217041,84.32655572278755,0.0018269449358571381,4.0902924811714596e-4,4.040062790323337e-4,4.1391395829136295e-4,0,0,0,1,1,1,1.7678549442745606e-4,0,0,0
TUR.81.6_1,2027,11,aegypti,6.224012592259575,80.04207249764951,0.0010597186796714275,0,0,0,0,0,0,1,1,1,1.0596625314707175e-4,0,0,0
TUR.81.6_1,2027,12,aegypti,3.889237722929786,82.36886937223417,8.716352527822638e-4,0,0,0,0,0,0,1,1,1,8.434824114345041e-5,0,0,0
TUR.81.6_1,2028,1,aegypti,4.954250616185805,81.57593285211914,8.463675975783423e-4,0,0,0,0,0,0,1,1,1,8.190318745193714e-5,0,0,0
TUR.81.6_1,2028,2,aegypti,7.419823466854938,72.12491069010656,6.557195968490338e-4,0,0,0,0,0,0,1,1,1,6.783076113292541e-5,0,0,0
TUR.81.6_1,2028,3,aegypti,5.2581449992516465,82.37585742091444,7.771935687065894e-4,0,0,0,0,0,0,1,1,1,7.520945246985988e-5,0,0,0
TUR.81.6_1,2028,4,aegypti,11.169330638997696,74.35576593785387,0.0010276955483944647,0,0,0,0,0,0,1,1,1,1.0276427422961643e-4,0,0,0
TUR.81.6_1,2028,5,aegypti,16.357348526225373,78.24378294035384,0.0014364466367685106,0.0015071023919632058,0.0014915072832824964,0.0015231829112822164,0,0,0,1,1,1,1.3900130327204607e-4,0,0,0
TUR.81.6_1,2028,6,aegypti,20.948341397678153,72.47005370276244,0.001615673290505804,0.050023521991881086,0.04978401859088558,0.05028680420525865,0,0,0,1,1,1,1.6155427775255138e-4,0,0,0
TUR.81.6_1,2028,7,aegypti,22.85614221236285,73.27308017285945,0.0018973405062250425,0.0973328326334958,0.09685336129946194,0.09776193352796334,4.3748256162157163e-10,3.800856768210181e-10,4.938970843415546e-10,0.9999999995625174,0.9999999995061029,0.9999999996199143,1.8359674143175742e-4,8.032037274693857e-14,6.978249172922298e-14,9.06778952877553e-14
TUR.81.6_1,2028,8,aegypti,23.323773047503302,70.40396703960285,0.0022529722525756555,0.10488019293213631,0.10433256296604514,0.10537885493119373,3.5357419373438503e-9,3.048180469145123e-9,4.026605937568206e-9,0.9999999964642581,0.9999999959733941,0.9999999969518195,2.1800580610986664e-4,7.708122712471076e-13,6.64521040344334e-13,8.778234733063321e-13
TUR.81.6_1,2028,9,aegypti,16.608686671537512,85.46238821767888,0.0017957276806944708,0.0024655850615029657,0.0024421694365422595,0.002488297503479447,0,0,0,1,1,1,1.7955664584501374e-4,0,0,0
TUR.81.6_1,2028,10,aegypti,13.124846458435059,90.95115899427192,0.0017696146857969473,0,0,0,0,0,0,1,1,1,1.712383711455212e-4,0,0,0
TUR.81.6_1,2028,11,aegypti,9.9983670501148,85.51383610848936,0.00102646429104339,0,0,0,0,0,0,1,1,1,1.0264116113989363e-4,0,0,0
TUR.81.6_1,2028,12,aegypti,3.5749736638630134,81.81146580778105,8.442829960051103e-4,0,0,0,0,0,0,1,1,1,8.170146831820713e-5,0,0,0
TUR.81.6_1,2029,1,aegypti,7.386855405919691,75.63947807916992,9.612708932445851e-4,0,0,0,0,0,0,1,1,1,9.302188867110761e-5,0,0,0
TUR.81.6_1,2029,2,aegypti,4.250436126309284,84.28165660075109,7.190597186982297e-4,0,0,0,0,0,0,1,1,1,7.703914505030607e-5,0,0,0
TUR.81.6_1,2029,3,aegypti,8.679267550216002,77.05050189112929,8.827057630185055e-4,0,0,0,0,0,0,1,1,1,8.54194899042593e-5,0,0,0
TUR.81.6_1,2029,4,aegypti,9.33999733363881,81.62318384556872,0.0011672160189204175,0,0,0,0,0,0,1,1,1,1.1671479019093045e-4,0,0,0
TUR.81.6_1,2029,5,aegypti,14.081097686991972,81.43235105558821,0.0016314593630184831,0,0,0,0,0,0,1,1,1,1.5787070127226688e-4,0,0,0
TUR.81.6_1,2029,6,aegypti,20.851587323581473,79.22624114172729,0.0018350179184549568,0.05358147323853327,0.053300154327551884,0.0538542750174058,0,0,0,1,1,1,1.8348495642150908e-4,0,0,0
TUR.81.6_1,2029,7,aegypti,26.078468491049374,68.04224521192195,0.0021549244186882498,0.1689081342379106,0.16804156793480568,0.1697437262361021,0.0011670790301755603,0.0010306658224793987,0.0013095218630339272,0.9988329209698245,0.9986904781369661,0.9989693341775205,2.085193295982002e-4,2.4335853696032547e-7,2.149137463431818e-7,2.7306062097402067e-7
TUR.81.6_1,2029,8,aegypti,24.53747048097498,69.37930120708332,0.0025588369118634646,0.13514897961009165,0.1345179944558994,0.13579158914961684,3.762752416201831e-6,3.310214881938056e-6,4.2658858494942775e-6,0.9999962372475838,0.9999957341141504,0.9999966897851181,2.475987209434871e-4,9.31652685478589e-10,8.196049708159589e-10,1.056227880025704e-9
TUR.81.6_1,2029,9,aegypti,21.227711901945227,67.60283011221013,0.0020395165842645824,0.05158022824763841,0.051307788593121635,0.05185343544417965,0,0,0,1,1,1,2.0393086170078512e-4,0,0,0
TUR.81.6_1,2029,10,aegypti,13.847553253173828,81.54679345472114,0.0020098584758938744,0,0,0,0,0,0,1,1,1,1.944835187790428e-4,0,0,0
TUR.81.6_1,2029,11,aegypti,11.245794036809135,73.68976231698545,0.001165817605444916,0,0,0,0,0,0,1,1,1,1.1657496515515842e-4,0,0,0
TUR.81.6_1,2029,12,aegypti,5.332079252775977,79.23610264860136,9.589032851011573e-4,0,0,0,0,0,0,1,1,1,9.279278658957946e-5,0,0,0
TUR.81.6_1,2030,1,aegypti,6.663497251622816,79.4468969024121,9.337393876694159e-4,0,0,0,0,0,0,1,1,1,9.035779371469044e-5,0,0,0
TUR.81.6_1,2030,2,aegypti,3.9731448283966855,77.20420298746984,6.98465319353213e-4,0,0,0,0,0,0,1,1,1,7.483276981923304e-5,0,0,0
TUR.81.6_1,2030,3,aegypti,8.9446121699669785,72.84982592677382,8.574244205722046e-4,0,0,0,0,0,0,1,1,1,8.297311437033272e-5,0,0,0
TUR.81.6_1,2030,4,aegypti,11.819975895040177,74.45980799107653,0.0011337860934351387,0,0,0,0,0,0,1,1,1,1.133721822318412e-4,0,0,0
TUR.81.6_1,2030,5,aegypti,15.895093048320097,79.01843351408431,0.0015847331666213385,6.527007025934841e-4,6.456672590740664e-4,6.596325680738408e-4,0,0,0,1,1,1,1.533495149500519e-4,0,0,0
TUR.81.6_1,2030,6,aegypti,21.374597577487723,76.51121428625854,0.0017824616552751214,0.06321282825511537,0.06291421261180224,0.06351442764796901,2.1364021662861886e-15,1.887379141862766e-15,2.4424906541753444e-15,0.9999999999999979,0.9999999999999976,0.9999999999999981,1.7823028062358137e-4,3.8077155762201455e-19,3.36388114097295e-19,4.353257947141465e-19
TUR.81.6_1,2030,7,aegypti,23.573574234457578,75.17344790967586,0.002093205797991297,0.12163260835707425,0.12108810642711022,0.12222945298554491,2.140847573240956e-7,1.8887995315020056e-7,2.4435185203008913e-7,0.9999997859152426,0.999999755648148,0.9999998111200468,2.0254778745798507e-4,4.336239392447523e-11,3.8257216605741e-11,4.949292698995551e-11
TUR.81.6_1,2030,8,aegypti,21.081467291888067,86.02507604839191,0.002485549940209583,0.06565213374769659,0.06535965555556665,0.0659588055420995,6.2899685460138245e-15,5.551115123125783e-15,7.216449660063518e-15,0.9999999999999937,0.9999999999999928,0.9999999999999944,2.405081642613549e-4,1.5127887882634485e-18,1.3350885078664271e-18,1.7356150602263552e-18
TUR.81.6_1,2030,9,aegypti,18.832238421720618,81.18502920888982,0.001981103328849344,0.019000487991959764,0.018883431488523294,0.01912615689093001,0,0,0,1,1,1,1.9809071032872438e-4,0,0,0
TUR.81.6_1,2030,10,aegypti,14.421724319458008,83.39236688001411,0.001952294650521401,0,0,0,0,0,0,1,1,1,1.8891389389574798e-4,0,0,0
TUR.81.6_1,2030,11,aegypti,9.95817921442144,80.37401219491514,0.0011324277315503672,0,0,0,0,0,0,1,1,1,1.1323636143423244e-4,0,0,0
TUR.81.6_1,2030,12,aegypti,9.115231833037207,78.79388768278105,9.314395895650301e-4,0,0,0,0,0,0,1,1,1,9.013525269319089e-5,0,0,0
TUR.81.6_1,2031,1,aegypti,5.438591283910414,85.3219197905957,9.1068394262098e-4,0,0,0,0,0,0,1,1,1,8.81268207282293e-5,0,0,0
TUR.81.6_1,2031,2,aegypti,5.799798785763629,80.72838053873937,6.812191487393977e-4,0,0,0,0,0,0,1,1,1,7.29851023941741e-5,0,0,0
TUR.81.6_1,2031,3,aegypti,6.814697409377379,80.59982592677382,8.362533080832794e-4,0,0,0,0,0,0,1,1,1,8.09244649307983e-5,0,0,0
TUR.81.6_1,2031,4,aegypti,10.046568912618302,82.0281368484984,0.0011057911910897216,0,0,0,0,0,0,1,1,1,1.1057300546357673e-4,0,0,0
TUR.81.6_1,2031,5,aegypti,13.380848968730254,82.075913372482745,0.0015456036954627247,0,0,0,0,0,0,1,1,1,1.4956336545834947e-4,0,0,0
TUR.81.6_1,2031,6,aegypti,19.056722669040457,81.26170256750854,0.0017384499671244133,0.021979163518557575,0.021849182026676187,0.022112055149050663,0,0,0,1,1,1,1.738298865465726e-4,0,0,0
TUR.81.6_1,2031,7,aegypti,21.898311783285703,80.41294986280086,0.0020415213645316455,0.08146136794812056,0.0811060380073761,0.081821105026463,2.8935007723163153e-12,2.5515423107691504e-12,3.2713748376878015e-12,0.9999999999971065,0.9999999999967286,0.9999999999974485,1.9754706867203264e-4,5.716025957713506e-16,5.040497040851101e-16,6.462505097126718e-16
TUR.81.6_1,2031,8,aegypti,22.62410607057459,82.40057195903644,0.0024241779333965497,0.10641653332038178,0.10596865692058641,0.10686495872819264,5.300242183592374e-9,4.7045516399224495e-9,5.9489129317080724e-9,0.9999999946997579,0.9999999940510871,0.9999999952954484,2.3457034859497572e-4,1.2432796566430585e-12,1.1035483181596737e-12,1.3954385801519215e-12
TUR.81.6_1,2031,9,aegypti,18.766494021696204,83.91069906972966,0.0019321868757825374,0.018952602153871744,0.01883732128371693,0.01906291336488105,0,0,0,1,1,1,1.932000220498109e-4,0,0,0
TUR.81.6_1,2031,10,aegypti,13.725408554077148,83.30076836927192,0.0019040895275204345,0,0,0,0,0,0,1,1,1,1.8424975239883512e-4,0,0,0
TUR.81.6_1,2031,11,aegypti,11.353561141911674,75.4872095215753,0.0011044663692250073,0,0,0,0,0,0,1,1,1,1.1044053791720021e-4,0,0,0
TUR.81.6_1,2031,12,aegypti,6.759343466337989,76.84513432584745,9.084409300281816e-4,0,0,0,0,0,0,1,1,1,8.790977409911527e-5,0,0,0
TUR.81.6_1,2032,1,aegypti,8.618620199315687,77.11847435602539,9.615923286159043e-4,0,0,0,0,0,0,1,1,1,9.305299242579057e-5,0,0,0
TUR.81.6_1,2032,2,aegypti,7.6878936878022035,77.79896006754797,7.449894535864248e-4,0,0,0,0,0,0,1,1,1,7.706490485659412e-5,0,0,0
TUR.81.6_1,2032,3,aegypti,7.148221636519713,79.72848803614882,8.830009273230687e-4,0,0,0,0,0,0,1,1,1,8.544805175136894e-5,0,0,0
TUR.81.6_1,2032,4,aegypti,11.418006939046524,82.03818476109606,0.0011676063194247686,0,0,0,0,0,0,1,1,1,1.1675381568521104e-4,0,0,0
TUR.81.6_1,2032,5,aegypti,18.681531990275666,69.23856443449446,0.0016320048999215863,0.014254149581386958,0.014149079289273059,0.014360019234037135,0,0,0,1,1,1,1.579234868300805e-4,0,0,0
TUR.81.6_1,2032,6,aegypti,20.251232175266043,73.57308104651244,0.0018356315224558072,0.0374174417502422,0.03721931651808534,0.03762767610485132,0,0,0,1,1,1,1.835463055609443e-4,0,0,0
TUR.81.6_1,2032,7,aegypti,21.903907944174374,71.44905215772273,0.002155644994891642,0.07024042831363415,0.06987906483793375,0.07059965974577857,4.309241852240575e-14,3.708144902248023e-14,4.973799150320701e-14,0.9999999999999569,0.9999999999999503,0.9999999999999629,2.0858904823606306e-4,8.98860656577871e-18,7.734784158813242e-18,1.0374800308827342e-17
TUR.81.6_1,2032,8,aegypti,23.98782028871424,77.12731756450519,0.002559692550683583,0.1390264366790115,0.13836772086766921,0.13961755781939691,8.032295764646036e-6,7.061940933630883e-6,8.980094337562861e-6,0.9999919677042354,0.9999910199056625,0.9999929380590663,2.476815041947411e-4,1.9894510971245783e-9,1.7491121529761115e-9,2.2242032733382463e-9
TUR.81.6_1,2032,9,aegypti,19.71354793099796,81.10175436758122,0.0020401985697227724,0.03209068982207748,0.0319199265805881,0.03226140162451586,0,0,0,1,1,1,2.0399904633650046e-4,0,0,0
TUR.81.6_1,2032,10,aegypti,13.039313316345215,83.59377526624458,0.0020105305441007015,0,0,0,0,0,0,1,1,1,1.945485449866835e-4,0,0,0
TUR.81.6_1,2032,11,aegypti,9.059825637761284,80.29145451669248,0.001166207438339608,0,0,0,0,0,0,1,1,1,1.1661394389939073e-4,0,0,0
TUR.81.6_1,2032,12,aegypti,6.708268484648536,78.61796147428495,9.59223928777848e-4,0,0,0,0,0,0,1,1,1,9.282381374298154e-5,0,0,0
TUR.81.6_1,2033,1,aegypti,4.643563551061293,78.86713921198242,9.284069307861707e-4,0,0,0,0,0,0,1,1,1,8.98417959956932e-5,0,0,0
TUR.81.6_1,2033,2,aegypti,3.728993712979205,77.9439872281925,6.94476480230565e-4,0,0,0,0,0,0,1,1,1,7.4405426089385607e-05,0,0,0
TUR.81.6_1,2033,3,aegypti,6.009040499434752,81.72510058497694,8.525277879424569e-4,0,0,0,0,0,0,1,1,1,8.24992859024265e-5,0,0,0
TUR.81.6_1,2033,4,aegypti,11.692542118184708,80.79096949009997,0.001127311197401079,0,0,0,0,0,0,1,1,1,1.1272476582624424e-4,0,0,0
TUR.81.6_1,2033,5,aegypti,16.13122757743387,79.17583555265853,0.0015756829740365005,0.0010416032004253275,0.0010305361016270643,0.001052568992538518,0,0,0,1,1,1,1.5247382378513752e-4,0,0,0
TUR.81.6_1,2033,6,aegypti,22.10791972104241,63.269392997196036,0.0017722822625577204,0.06528363701219396,0.06491889240372317,0.06563205486690646,5.362710275846893e-15,4.551914400963142e-15,6.217248937900877e-15,0.9999999999999947,0.9999999999999938,0.9999999999999954,1.7721252226143847e-4,9.503394141401624e-19,8.066562321128431e-19,1.1017743658126638e-18
TUR.81.6_1,2033,7,aegypti,23.159650970907773,75.40073520215633,0.002081251788325487,0.10981880479000133,0.10932702830696002,0.11030762615515521,1.27255121967762e-8,1.1211836201119318e-8,1.4368660267161104e-8,0.9999999872744878,0.9999999856313397,0.9999999887881639,2.0139118145923174e-4,2.5628059359826225e-12,2.257964938870804e-12,2.8937214671898955e-12
TUR.81.6_1,2033,8,aegypti,21.545454642351935,76.33184637309894,0.002471355307250592,0.06717170315093661,0.06683477769543084,0.0675054433140327,1.2072676192076415e-14,1.0436096431476471e-14,1.3877787807814457e-14,0.9999999999999879,0.9999999999999861,0.9999999999999896,2.3913481954063176e-4,2.8869972425646747e-18,2.495634036849757e-18,3.3186622830448897e-18
TUR.81.6_1,2033,9,aegypti,21.160899386686438,82.82257193349919,0.0019697895209262245,0.06442484006719235,0.06411809979861292,0.06471651224374986,3.672839810064943e-15,3.219646771412954e-15,4.218847493575595e-15,0.9999999999999963,0.9999999999999958,0.9999999999999968,1.9695955301257673e-4,7.234008872771883e-19,6.341401889558812e-19,8.309423165628788e-19
TUR.81.6_1,2033,10,aegypti,16.11387062072754,85.05618523938911,0.0019411453649875864,0.0011116956533436966,0.0011005420350421592,0.001123123116155656,0,0,0,1,1,1,1.878351340286466e-4,0,0,0
TUR.81.6_1,2033,11,aegypti,12.079685905400444,77.3637735474542,0.0011259605929337176,0,0,0,0,0,0,1,1,1,1.1258972059502437e-4,0,0,0
TUR.81.6_1,2033,12,aegypti,5.329762301024268,81.50596959196073,9.26120266511624e-4,0,0,0,0,0,0,1,1,1,8.962052576122481e-5,0,0,0
TUR.81.6_1,2034,1,aegypti,5.562175077550551,75.27706658014648,8.930016580512534e-4,0,0,0,0,0,0,1,1,1,8.641578123658178e-5,0,0,0
TUR.81.6_1,2034,2,aegypti,3.172340928631671,83.62847361735265,6.679922647694338e-4,0,0,0,0,0,0,1,1,1,7.156803868246797e-5,0,0,0
TUR.81.6_1,2034,3,aegypti,6.778891230330748,78.58134753321913,8.200162050952254e-4,0,0,0,0,0,0,1,1,1,7.93532583083234e-5,0,0,0
TUR.81.6_1,2034,4,aegypti,9.977211040609024,81.68592035679919,0.0010843206088158412,0,0,0,0,0,0,1,1,1,1.084261823381949e-4,0,0,0
TUR.81.6_1,2034,5,aegypti,14.5914345629075,78.80974668547103,0.0015155934986247998,0,0,0,0,0,0,1,1,1,1.4665958300830173e-4,0,0,0
TUR.81.6_1,2034,6,aegypti,19.84763148251702,80.57485106604369,0.0017046953728131796,0.03417725543166819,0.03399145735925309,0.034349679933838986,0,0,0,1,1,1,1.7045500817536308e-4,0,0,0
TUR.81.6_1,2034,7,aegypti,22.315021683188046,78.65773898633601,0.0020018821878278904,0.09080073506852844,0.09039380860921528,0.09121234440763117,6.206074298908959e-11,5.4570445384705124e-11,7.034521576354535e-11,0.9999999999379393,0.9999999999296547,0.9999999999454295,1.9371176975768734e-4,1.2021896356893532e-14,1.0570937551936451e-14,1.3626696239542735e-14
TUR.81.6_1,2034,8,aegypti,24.23864807802088,79.47453130962238,0.002377108909710239,0.1534771648610745,0.15285191882965932,0.15412239797745655,1.0784090048333694e-4,9.695196107700754e-5,1.1994517270715876e-4,0.9998921590995167,0.9998800548272928,0.999903048038923,2.3001633989838677e-4,2.480516922052333e-8,2.230053523290413e-8,2.7589349614580536e-8
TUR.81.6_1,2034,9,aegypti,19.600018725675696,73.41099661611638,0.0018946705909547315,0.026766239559599732,0.026614331002633926,0.026931512162629383,0,0,0,1,1,1,1.8944911134577413e-4,0,0,0
TUR.81.6_1,2034,10,aegypti,16.580500602722168,73.24551629407661,0.0018671187945403919,0.0019452953443528326,0.0019259037840063619,0.0019653964959954625,0,0,0,1,1,1,1.8067259234177957e-4,0,0,0
TUR.81.6_1,2034,11,aegypti,9.818531730595756,75.54606267098936,0.0010830215103400213,0,0,0,0,0,0,1,1,1,1.0829628656772172e-4,0,0,0
TUR.81.6_1,2034,12,aegypti,7.0446699472034675,78.31776005826933,8.908021968873351e-4,0,0,0,0,0,0,1,1,1,8.620294852723642e-5,0,0,0
TUR.81.6_1,2035,1,aegypti,2.9330964509178608,80.14960991510742,8.701955285640087e-4,0,0,0,0,0,0,1,1,1,8.420892473559594e-5,0,0,0
TUR.81.6_1,2035,2,aegypti,3.2661069026764706,82.17336497477453,6.509325897403252e-4,0,0,0,0,0,0,1,1,1,6.974034550122354e-5,0,0,0
TUR.81.6_1,2035,3,aegypti,5.689252520308775,81.7633238515785,7.99074031487338e-4,0,0,0,0,0,0,1,1,1,7.732675511495923e-5,0,0,0
TUR.81.6_1,2035,4,aegypti,11.039211315267227,84.25227320103747,0.0010566284360327503,0,0,0,0,0,0,1,1,1,1.0565726148159538e-4,0,0,0
TUR.81.6_1,2035,5,aegypti,15.944062317118926,77.01275724455306,0.0014768871633475595,6.99074685197894e-4,6.913430172302813e-4,7.076324608512074e-4,0,0,0,1,1,1,1.42914350966028e-4,0,0,0
TUR.81.6_1,2035,6,aegypti,21.17524149838616,61.326006919315176,0.0016611596155632722,0.04547828013941342,0.045212893744468845,0.04576408782552169,0,0,0,1,1,1,1.661021650639638e-4,0,0,0
TUR.81.6_1,2035,7,aegypti,22.50760476729449,75.23524600537898,0.0019507566563328623,0.09094608929306382,0.09049665425223301,0.09138392899305868,6.493661830475617e-11,5.634702981982542e-11,7.416848246677431e-11,0.9999999999350634,0.9999999999258314,0.999999999943653,1.8876508385501367e-4,1.2257766199558313e-14,1.0636351808920302e-14,1.4000419812239764e-14
TUR.81.6_1,2035,8,aegypti,23.376341483172247,78.60404028179035,0.0023164005637498967,0.12303782221619679,0.1224749177444432,0.12357960611782974,2.9332641674340023e-7,2.5817256188442883e-7,3.301923651222172e-7,0.9999997066735833,0.9999996698076349,0.9999997418274381,2.2414267276882338e-4,6.574696704256747e-11,5.786748805635033e-11,7.401019924635298e-11
TUR.81.6_1,2035,9,aegypti,21.736785159391516,71.87677878164372,0.0018462831076355146,0.06680329686470542,0.06647985139222816,0.06715429677146598,1.0325518218223806e-14,8.992806499463768e-15,1.199040866595169e-14,0.9999999999999897,0.999999999999988,0.999999999999991,1.8461126800584093e-4,1.9062070110837083e-18,1.660173410797174e-18,2.2135645477295652e-18
TUR.81.6_1,2035,10,aegypti,14.5374116897583,81.97602319104926,0.001819434949149466,0,0,0,0,0,0,1,1,1,1.7605884973903585e-4,0,0,0
TUR.81.6_1,2035,11,aegypti,9.866165855351616,83.30149479989561,0.00105536251488397,0,0,0,0,0,0,1,1,1,1.0553068273411181e-4,0,0,0
TUR.81.6_1,2035,12,aegypti,3.9837830873096687,86.57249791227323,8.680522388479865e-4,0,0,0,0,0,0,1,1,1,8.400152704657327e-5,0,0,0
TUR.81.6_1,2036,1,aegypti,4.735696596257826,82.12311302790039,8.943852812274153e-4,0,0,0,0,0,0,1,1,1,8.65496686736078e-5,0,0,0
TUR.81.6_1,2036,2,aegypti,6.299050628262409,77.15143046549719,6.929210873764169e-4,0,0,0,0,0,0,1,1,1,7.167892274084764e-5,0,0,0
TUR.81.6_1,2036,3,aegypti,4.946576262221617,84.3228941640785,8.212867440869156e-4,0,0,0,0,0,0,1,1,1,7.947620393011778e-5,0,0,0
TUR.81.6_1,2036,4,aegypti,10.406201404683731,79.55331385045153,0.0010860006629470078,0,0,0,0,0,0,1,1,1,1.0859416952091472e-4,0,0,0
TUR.81.6_1,2036,5,aegypti,15.058338249430937,77.49447721525618,0.0015179417700657664,3.8277262101640663e-5,3.763006273968613e-5,3.8874026497128026e-5,0,0,0,1,1,1,1.4688680172869617e-4,0,0,0
TUR.81.6_1,2036,6,aegypti,22.128656415378348,72.79445555823119,0.0017073366400547963,0.07743867981147821,0.0770535836944358,0.07779493717440197,6.8902550331984e-13,5.967837335418836e-13,7.830458503832461e-13,0.999999999999311,0.999999999999217,0.9999999999994031,1.7071908984289674e-4,1.176298068053069e-16,1.0188237582331617e-16,1.3368087488268487e-16
TUR.81.6_1,2036,7,aegypti,22.91076676985797,76.20439273389461,0.0020049839184529696,0.10403294447679516,0.10352409405938262,0.1045031383177398,2.8192121115377944e-9,2.4531309095188194e-9,3.1903614666761723e-9,0.9999999971807879,0.9999999968096386,0.9999999975468691,1.940118790465517e-4,5.469606391902442e-13,4.759365373029224e-13,6.189680229875568e-13
TUR.81.6_1,2036,8,aegypti,22.819944998797247,82.40782751323566,0.002380792019310409,0.11279860469231294,0.1122965158950141,0.11327836647264325,2.6742585756078798e-8,2.3590609987689247e-8,3.002547993569138e-8,0.9999999732574143,0.99999996997452,0.9999999764093901,2.3037268781145315e-4,6.160761359656154e-12,5.434632229975684e-12,6.91705051561408e-12
TUR.81.6_1,2036,9,aegypti,19.15110705880558,75.73705405019841,0.0018976062071623858,0.02140443378840762,0.0212652990365321,0.021538203324431456,0,0,0,1,1,1,1.8974261730841935e-4,0,0,0
TUR.81.6_1,2036,10,aegypti,13.019452095031738,79.42692040784614,0.001870011721797001,0,0,0,0,0,0,1,1,1,1.809525024235592e-4,0,0,0
TUR.81.6_1,2036,11,aegypti,8.749646881047417,81.42530461434873,0.0010846995516386887,0,0,0,0,0,0,1,1,1,1.0846407251097201e-4,0,0,0
TUR.81.6_1,2036,12,aegypti,7.82646592574961,82.25154454313261,8.921824122025887e-4,0,0,0,0,0,0,1,1,1,8.633650622824618e-5,0,0,0
TUR.81.6_1,2037,1,aegypti,6.1900971356560195,79.81903587946289,9.077953539428486e-4,0,0,0,0,0,0,1,1,1,8.784730448430089e-5,0,0,0
TUR.81.6_1,2037,2,aegypti,4.114113151150592,80.45065531901281,6.790583969919675e-4,0,0,0,0,0,0,1,1,1,7.275361014835724e-5,0,0,0
TUR.81.6_1,2037,3,aegypti,7.897123957381529,75.93256671046522,8.336008051404612e-4,0,0,0,0,0,0,1,1,1,8.06677918374632e-5,0,0,0
TUR.81.6_1,2037,4,aegypti,10.62047485744252,79.7734218826781,0.0011022837438124959,0,0,0,0,0,0,1,1,1,1.1022229945722994e-4,0,0,0
TUR.81.6_1,2037,5,aegypti,18.16742142509012,66.04529279753157,0.0015407012115968707,0.009260630107517527,0.009182375575723763,0.009335145127141257,0,0,0,1,1,1,1.490890023811975e-4,0,0,0
TUR.81.6_1,2037,6,aegypti,20.495996503268973,73.95746520178588,0.0017329357962276681,0.042167675445127985,0.041936969957338276,0.0423910222537964,0,0,0,1,1,1,1.7327856515769735e-4,0,0,0
TUR.81.6_1,2037,7,aegypti,23.85528009078082,71.8654263642657,0.002035045884704058,0.12247129161950579,0.12186699646775422,0.12306248594857153,2.585261808086825e-7,2.2523295132581556e-7,2.943630657947782e-7,0.9999997414738192,0.9999997056369342,0.9999997747670487,1.9692053293229872e-4,5.090911330179758e-11,4.43529928089941e-11,5.796613179189303e-11
TUR.81.6_1,2037,8,aegypti,24.51235069948084,66.1420308518587,0.0024164887092821634,0.12639289692435762,0.12577080364436202,0.12702303898436326,6.124315603763808e-7,5.339376255075744e-7,6.996469093634162e-7,0.9999993875684396,0.9999993003530906,0.9999994660623744,2.3382640440361424e-4,1.432026697061041e-10,1.2484871514823966e-10,1.6359592116854898e-10
TUR.81.6_1,2037,9,aegypti,20.090707049650305,69.92127341054997,0.0019260581928529181,0.0326666838840882,0.032469769959919174,0.03285533325461476,0,0,0,1,1,1,1.9258727197524195e-4,0,0,0
TUR.81.6_1,2037,10,aegypti,15.532163619995117,77.0911202369477,0.0018980499662698928,2.5670821624894694e-4,2.531762448695497e-4,2.6015903292533915e-4,0,0,0,1,1,1,1.8366538624781104e-4,0,0,0
TUR.81.6_1,2037,11,aegypti,9.21861622614019,83.86404820565733,0.0011009631241361145,0,0,0,0,0,0,1,1,1,1.100902520370095e-4,0,0,0
TUR.81.6_1,2037,12,aegypti,4.340147814329932,83.57596928678495,9.055594559377542e-4,0,0,0,0,0,0,1,1,1,8.763094624275602e-5,0,0,0
TUR.81.6_1,2038,1,aegypti,3.7334821644951313,77.77358757624023,9.362195166389962e-4,0,0,0,0,0,0,1,1,1,9.059778447984002e-5,0,0,0
TUR.81.6_1,2038,2,aegypti,6.338653384762653,80.90311656168859,7.003205308775964e-4,0,0,0,0,0,0,1,1,1,7.503152758814302e-5,0,0,0
TUR.81.6_1,2038,3,aegypti,7.882183695540709,72.23533923243788,8.597018474139645e-4,0,0,0,0,0,0,1,1,1,8.31934922049804e-5,0,0,0
TUR.81.6_1,2038,4,aegypti,11.39434246455922,74.04788935093981,0.0011367975715550177,0,0,0,0,0,0,1,1,1,1.1367329585676433e-4,0,0,0
TUR.81.6_1,2038,5,aegypti,16.84679802726297,70.19015592619368,0.0015889424167477599,0.0026477458886644115,0.002622023229477941,0.002675028109147759,0,0,0,1,1,1,1.5375679918716578e-4,0,0,0
TUR.81.6_1,2038,6,aegypti,19.331127194797293,77.15286162512572,0.0017871960970763266,0.02436801421159365,0.02422168961426669,0.024519899782875155,0,0,0,1,1,1,1.787036403095854e-4,0,0,0
TUR.81.6_1,2038,7,aegypti,23.11535661360797,70.92249805005672,0.002098765615224507,0.10024504393554219,0.09972336611772382,0.10076781169347437,9.999107901670356e-10,8.618086716483121e-10,1.1536809008116933e-9,0.9999999990000892,0.9999999988463191,0.9999999991381914,2.030857251621443e-4,2.0306760791852515e-13,1.7502103903272174e-13,2.342961223470586e-13
TUR.81.6_1,2038,8,aegypti,22.090283057268927,82.40272344829425,0.002492151872711797,0.08983864781469535,0.08946868800305938,0.09024250066543497,4.5960553918256156e-11,4.08363537429679e-11,5.205429698396102e-11,0.9999999999540394,0.9999999999479456,0.9999999999591637,2.4114690709120534e-4,1.108324542558605e-14,9.847560401999075e-15,1.2552732718489258e-14
TUR.81.6_1,2038,9,aegypti,20.77790568856632,75.34038656972966,0.001986365387859058,0.04879845936001055,0.048552579803247745,0.04905483447763899,0,0,0,1,1,1,1.9861681185484592e-4,0,0,0
TUR.81.6_1,2038,10,aegypti,15.226212501525879,75.24514245374458,0.0019574801900668626,8.492407478735237e-5,8.365434522811774e-5,8.627476985764589e-5,0,0,0,1,1,1,1.894156253754442e-4,0,0,0
TUR.81.6_1,2038,11,aegypti,12.326086738530327,76.02211400155576,0.0011354356016906471,0,0,0,0,0,0,1,1,1,1.1353711434303193e-4,0,0,0
TUR.81.6_1,2038,12,aegypti,5.657654127653907,85.50274998746855,9.339136099822901e-4,0,0,0,0,0,0,1,1,1,9.037465241490406e-5,0,0,0
TUR.81.6_1,2039,1,aegypti,5.305311006658217,76.5515569365918,9.68995849240478e-4,0,0,0,0,0,0,1,1,1,9.376939523741967e-5,0,0,0
TUR.81.6_1,2039,2,aegypti,3.965861617642291,81.99797282389562,7.248382195603686e-4,0,0,0,0,0,0,1,1,1,7.765822225413999e-5,0,0,0
TUR.81.6_1,2039,3,aegypti,4.557674074874205,81.70029742335585,8.897993546632325e-4,0,0,0,0,0,0,1,1,1,8.610590764090986e-5,0,0,0
TUR.81.6_1,2039,4,aegypti,10.635138553731583,76.67579615025622,0.0011765959891735763,0,0,0,0,0,0,1,1,1,1.1765267729824114e-4,0,0,0
TUR.81.6_1,2039,5,aegypti,16.885299766764923,73.98798460051009,0.0016445700812114227,0.0029568812903660946,0.0029285324385297383,0.0029859495957213936,0,0,0,1,1,1,1.5913927934430028e-4,0,0,0
TUR.81.6_1,2039,6,aegypti,20.480236081516043,77.34039977209838,0.0018497644719721374,0.04419360750907449,0.043955014101630864,0.04442721659194241,0,0,0,1,1,1,1.8495934010898107e-4,0,0,0
TUR.81.6_1,2039,7,aegypti,24.292036224814023,64.73415118726375,0.002172241801775398,0.11772308590920894,0.11711601658422591,0.11835731055370909,8.720074572576842e-8,7.54124951818369e-8,1.0084981926228309e-7,0.9999999127992543,0.9999998991501807,0.9999999245875048,2.1019485452433706e-4,1.8329148062241598e-11,1.5851318454063475e-11,2.1198113088641277e-11
TUR.81.6_1,2039,8,aegypti,24.20737709718592,76.74275793315753,0.002579400212680878,0.14496090838937828,0.14431364179761172,0.14561352676328052,2.4368746639531036e-5,2.1616604970617348e-5,2.738247945905381e-5,0.9999756312533604,0.9999726175205409,0.9999783833950294,2.4958822309661954e-4,6.08215217285227e-9,5.395250023997938e-9,6.834344392164924e-9
TUR.81.6_1,2039,9,aegypti,19.652381167692297,78.86934775137028,0.0020559065280120296,0.0299946556252009,0.02981740023760735,0.03016264036290548,0,0,0,1,1,1,2.0556952049122224e-4,0,0,0
TUR.81.6_1,2039,10,aegypti,15.222813606262207,85.29348992688911,0.002026010081433336,1.0061947873009141e-4,9.932869519058294e-5,1.0207723425690499e-4,0,0,0,1,1,1,1.9604627216918136e-4,0,0,0
TUR.81.6_1,2039,11,aegypti,10.363227584782768,81.38087864999326,0.0011751863377810231,0,0,0,0,0,0,1,1,1,1.1751172873397664e-4,0,0,0
TUR.81.6_1,2039,12,aegypti,6.602924189146827,81.10088688932402,9.666092145470403e-4,0,0,0,0,0,0,1,1,1,9.353845222037638e-5,0,0,0
TUR.81.6_1,2040,1,aegypti,5.663658422582289,73.63235222467773,8.856670489415004e-4,0,0,0,0,0,0,1,1,1,8.570604144109151e-5,0,0,0
TUR.81.6_1,2040,2,aegypti,0.03470677049721038,81.27952799967687,6.861666750192882e-4,0,0,0,0,0,0,1,1,1,7.098024026830352e-5,0,0,0
TUR.81.6_1,2040,3,aegypti,8.489582682357115,76.44775683497694,8.132810570987909e-4,0,0,0,0,0,0,1,1,1,7.870152130173835e-5,0,0,0
TUR.81.6_1,2040,4,aegypti,9.419710201375626,80.2312618484984,0.0010754146143603896,0,0,0,0,0,0,1,1,1,1.0753567906041095e-4,0,0,0
TUR.81.6_1,2040,5,aegypti,13.818104828105254,84.74808591886946,0.0015031452732699284,0,0,0,0,0,0,1,1,1,1.4545509198893303e-4,0,0,0
TUR.81.6_1,2040,6,aegypti,19.82770731869866,81.0552969278601,0.0016906939719220832,0.03407778895830571,0.03389999949144251,0.03427861059059554,0,0,0,1,1,1,1.6905510576714633e-4,0,0,0
TUR.81.6_1,2040,7,aegypti,22.027342010946835,74.54275638135555,0.0019854398630022715,0.07714288495524284,0.07673018526461878,0.077514485421945,6.183603629139611e-13,5.296790783759775e-13,7.067735285914978e-13,0.9999999999993816,0.9999999999992932,0.9999999999994703,1.921208839997801e-4,1.1879993955345507e-16,1.0176241277378161e-16,1.3578595510064243e-16
TUR.81.6_1,2040,8,aegypti,24.213104865130255,73.33746923686847,0.0023575846854192294,0.13626708059311224,0.135652006943596,0.13688911673591125,4.695129921869045e-6,4.149534839612001e-6,5.2955146494004785e-6,0.99999530487007815,0.9999947044853507,0.9999958504651604,0.00022812733165566978,1.0710874608526788e-9,9.466223105729236e-10,1.2080516267112407e-9
TUR.81.6_1,2040,9,aegypti,21.623971209806555,76.54528158926091,0.0018791088413755387,0.06936618180835588,0.06904385916193881,0.06970535317031212,3.016009664236208e-14,2.631228568361621e-14,3.453071162340393e-14,0.9999999999999698,0.9999999999999655,0.9999999999999737,1.8789322999313018e-4,5.666877975038371e-18,4.943900345596647e-18,6.488086940882688e-18
TUR.81.6_1,2040,10,aegypti,16.867892265319824,68.46033715589301,0.0018517833397896,0.002642525850650967,0.002614685476100251,0.0026678701359563878,0,0,0,1,1,1,1.7918878310640984e-4,0,0,0
TUR.81.6_1,2040,11,aegypti,9.595114448491264,76.15961857919248,0.001074126185942603,0,0,0,0,0,0,1,1,1,1.0740685006549455e-4,0,0,0
TUR.81.6_1,2040,12,aegypti,6.516300043639014,81.08157689176542,8.834856529040506e-4,0,0,0,0,0,0,1,1,1,8.549495666920759e-5,0,0,0
TUR.81.6_1,2041,1,aegypti,2.2098484460045307,86.28292595514648,9.318591885296219e-4,0,0,0,0,0,0,1,1,1,9.017585538373396e-5,0,0,0
TUR.81.6_1,2041,2,aegypti,0.014622389393694757,82.93097911051672,6.970588734969428e-4,0,0,0,0,0,0,1,1,1,7.468209045702334e-5,0,0,0
TUR.81.6_1,2041,3,aegypti,5.4837943560936875,79.0212813100746,8.556978910080806e-4,0,0,0,0,0,0,1,1,1,8.280604471355701e-5,0,0,0
TUR.81.6_1,2041,4,aegypti,11.23461059963002,73.0038448563109,0.0011315030756405182,0,0,0,0,0,0,1,1,1,1.1314390630945415e-4,0,0,0
TUR.81.6_1,2041,5,aegypti,17.79223831962137,67.5384759335179,0.0015815421114125378,0.006915131938506242,0.006856911115267962,0.00697109745814275,0,0,0,1,1,1,1.5304075046418397e-4,0,0,0
TUR.81.6_1,2041,6,aegypti,23.963939694797293,53.30412581579955,0.0017788724494268717,0.08824145432344423,0.08768847706632649,0.0887898483752557,2.7770726496179066e-11,2.3166360496595927e-11,3.294433059686242e-11,0.9999999999722293,0.9999999999670557,0.9999999999768336,1.7787142394487532e-4,4.939618665859049e-15,4.120633529149827e-15,5.8598549941746415e-15
TUR.81.6_1,2041,7,aegypti,24.355421234579648,64.10864764722469,0.0020889908705792504,0.11783755499781992,0.11719747638486787,0.11843889554693941,8.957219125060867e-8,7.687290624891485e-8,1.0278256575846357e-7,0.9999999104278088,0.9999998972174342,0.9999999231270938,2.021399737921481e-4,1.8106120391903313e-11,1.5539087254481907e-11,2.077646514870556e-11
TUR.81.6_1,2041,8,aegypti,25.77756752687342,62.38795675517902,0.002480544979595078,0.14426820647675068,0.14343625512183006,0.1450642740495382,2.14962756262016e-5,1.8397879508910698e-5,2.4787745376475543e-5,0.9999785037243738,0.9999752122546235,0.999981602120491,2.4002392960720265e-4,5.1596205477204385e-9,4.415931336168577e-9,5.949652051364429e-9
TUR.81.6_1,2041,9,aegypti,20.50258182076847,80.35875052236638,0.0019771141335514536,0.04682816570805643,0.04657226272971737,0.047070956581183654,0,0,0,1,1,1,1.9769186974172293e-4,0,0,0
TUR.81.6_1,2041,10,aegypti,17.60387134552002,75.19400262220161,0.0019483634650418029,0.0065658015703854685,0.00651001913657854,0.006620068268076902,0,0,0,1,1,1,1.885335283887679e-4,0,0,0
TUR.81.6_1,2041,11,aegypti,10.011393287602592,80.00778599862608,0.001130147448984528,0,0,0,0,0,0,1,1,1,1.1300835897276595e-4,0,0,0
TUR.81.6_1,2041,12,aegypti,3.8869384141529304,85.34563023649198,9.295640213516749e-4,0,0,0,0,0,0,1,1,1,8.995376243559061e-5,0,0,0
TUR.81.6_1,2042,1,aegypti,4.971719068639418,78.56443535456054,0.0010319729828019504,0,0,0,0,0,0,1,1,1,9.986336649636662e-5,0,0,0
TUR.81.6_1,2042,2,aegypti,6.6306732288178285,70.87272868327062,7.71947021315808e-4,0,0,0,0,0,0,1,1,1,8.270518916397851e-5,0,0,0
TUR.81.6_1,2042,3,aegypti,7.665470743880553,73.63912493800429,9.476293369541388e-4,0,0,0,0,0,0,1,1,1,9.17018599938535e-5,0,0,0
TUR.81.6_1,2042,4,aegypti,13.636343044393204,67.97552835850817,0.0012530655043073691,0,0,0,0,0,0,1,1,1,1.252986998928618e-4,0,0,0
TUR.81.6_1,2042,5,aegypti,15.94248207877664,77.51153654142806,0.0017514542435500277,7.027896840040825e-4,6.943437177144095e-4,7.114468860923283e-4,0,0,0,1,1,1,1.6948120839355152e-4,0,0,0
TUR.81.6_1,2042,6,aegypti,20.599721936618582,78.83784392493041,0.001969984661047216,0.04774790611918751,0.047487167955649306,0.047988066650046096,0,0,0,1,1,1,1.969790631810575e-4,0,0,0
TUR.81.6_1,2042,7,aegypti,24.45251481673297,70.19923526319148,0.002313420489161367,0.13500631697399137,0.13437668202578418,0.13567387784633628,3.6575304920111184e-6,3.217767759938761e-6,4.167563521598194e-6,0.999996342469508,0.9999958324364785,0.9999967822322401,2.2385434305360885e-4,8.187540854876917e-10,7.20311288000174e-10,9.329271942615482e-10
TUR.81.6_1,2042,8,aegypti,26.776690146502325,63.243463652151675,0.002747041004774901,0.16484214731571556,0.16387283474617054,0.16577052670488235,6.493026269446245e-4,5.607111828861671e-4,7.426286464393472e-4,0.9993506973730554,0.9992573713535607,0.9994392888171137,2.6580734484782376e-4,1.7258940727086767e-7,1.4904115074945463e-7,1.9739614871797613e-7
TUR.81.6_1,2042,9,aegypti,22.596383319181555,80.10739249013982,0.002189524334637314,0.10150594467865219,0.10104347050168806,0.10197545164680578,1.4179373806211259e-9,1.2453286762914573e-9,1.6099354155363345e-9,0.9999999985820626,0.9999999983900646,0.9999999987546714,2.189284651290535e-4,3.104268543884936e-13,2.7263789568168467e-13,3.5246068948027467e-13
TUR.81.6_1,2042,10,aegypti,16.77400493621826,74.78702782972114,0.0021576848534102513,0.0025987660796903305,0.002573650732028845,0.0026258508164416173,0,0,0,1,1,1,2.0878641270305476e-4,0,0,0
TUR.81.6_1,2042,11,aegypti,10.493549087468315,82.58891698007139,0.0012515642366255479,0,0,0,0,0,0,1,1,1,1.2514859192414018e-4,0,0,0
TUR.81.6_1,2042,12,aegypti,6.781395754393409,82.3354297360037,0.0010294312355639452,0,0,0,0,0,0,1,1,1,9.961741549091574e-5,0,0,0
TUR.81.6_1,2043,1,aegypti,4.706991476171156,82.17137657770508,9.839177766483675e-4,0,0,0,0,0,0,1,1,1,9.521331627748708e-5,0,0,0
TUR.81.6_1,2043,2,aegypti,5.066577254849323,79.06879649332922,7.360002728377088e-4,0,0,0,0,0,0,1,1,1,7.885406294472208e-5,0,0,0
TUR.81.6_1,2043,3,aegypti,6.7588187701561875,84.34792620753554,9.035017058015568e-4,0,0,0,0,0,0,1,1,1,8.743182656356652e-5,0,0,0
TUR.81.6_1,2043,4,aegypti,11.015975040547989,79.60502588658434,0.001194714828333335,0,0,0,0,0,0,1,1,1,1.1946434639997783e-4,0,0,0
TUR.81.6_1,2043,5,aegypti,12.970989311442656,77.2391824154515,0.0016698954274327294,0,0,0,0,0,0,1,1,1,1.6158972627355883e-4,0,0,0
TUR.81.6_1,2043,6,aegypti,20.63667300168206,74.27427580969604,0.0018782496829192192,0.04512091979263225,0.044875201765819356,0.04536964035454771,0,0,0,1,1,1,1.8780733028689323e-4,0,0,0
TUR.81.6_1,2043,7,aegypti,25.35563867232379,55.39436847242,0.0022056929610387555,0.11750391398963812,0.11669646381927301,0.1181933822142801,8.291494870116267e-8,6.830253729273039e-8,9.707117492596672e-8,0.9999999170850513,0.9999999029288251,0.9999999316974627,2.1343137780205357e-4,1.769665174167574e-11,1.457790464176359e-11,2.0718034609313233e-11
TUR.81.6_1,2043,8,aegypti,24.863489768084357,68.69976248027668,0.002619121355717443,0.14181992238175964,0.14113622799998535,0.1425235131914844,1.3651715699818712e-5,1.1980567344913039e-5,1.5535175341319097e-5,0.9999863482843002,0.9999844648246587,0.9999880194326551,2.5343123788201805e-4,3.4597712090184362e-09,3.0362500127501935e-9,3.937098717464701e-9
TUR.81.6_1,2043,9,aegypti,21.21412395028507,74.25269430898747,0.002087566197134914,0.057284018842875505,0.056975198051315366,0.057563036592449685,1.1113332476497816e-16,1.1102230246251565e-16,1.1102230246251565e-16,0.9999999999999999,0.9999999999999999,0.9999999999999999,2.0873483156647055e-4,2.3197395826239588e-20,2.3174221604634953e-20,2.3174221604634953e-20
TUR.81.6_1,2043,10,aegypti,15.106546401977539,83.72653436048286,0.002057209364058228,5.6285436115105916e-5,5.547307337646535e-5,5.7103985833295726e-5,0,0,0,1,1,1,1.990649611077755e-4,0,0,0
TUR.81.6_1,2043,11,aegypti,12.124029853764702,77.8894083130792,0.0011932834691948029,0,0,0,0,0,0,1,1,1,1.1932122757551955e-4,0,0,0
TUR.81.6_1,2043,12,aegypti,8.83247884231455,78.0264926632498,9.814943892798049e-4,0,0,0,0,0,0,1,1,1,9.497881722131396e-5,0,0,0
TUR.81.6_1,2044,1,aegypti,6.292524618261,80.94023644098633,0.0010757461138652506,0,0,0,0,0,0,1,1,1,1.0409904395058955e-4,0,0,0
TUR.81.6_1,2044,2,aegypti,4.751098453122028,84.70575938395422,8.334295997553761e-4,0,0,0,0,0,0,1,1,1,8.621313858081514e-5,0,0,0
TUR.81.6_1,2044,3,aegypti,11.149539614424986,72.92292315577772,9.878248690632216e-4,0,0,0,0,0,0,1,1,1,9.559138592296623e-5,0,0,0
TUR.81.6_1,2044,4,aegypti,11.570233387105606,72.48283350377184,0.0013062167025122097,0,0,0,0,0,0,1,1,1,1.3061313961226784e-4,0,0,0
TUR.81.6_1,2044,5,aegypti,16.952371681437775,74.9482659725804,0.0018257455645748553,0.0032602945019126065,0.0032293050541075978,0.0032896877602733602,0,0,0,1,1,1,1.7666944675120977e-4,0,0,0
TUR.81.6_1,2044,6,aegypti,21.361360577976004,68.73223784582885,0.0020535453726140806,0.05529997359389345,0.05498845832476808,0.05560982261455153,1.3322676295501879e-18,0,0,1,1,1,2.0533345346163134e-4,2.735591133106814e-22,0,0
TUR.81.6_1,2044,7,aegypti,25.090627838583554,68.37952548535945,0.0024115486959692956,0.1466749339805663,0.14592753989335877,0.14743005378160998,3.321571911772891e-5,2.897949409745859e-5,3.792089384834496e-5,0.9999667842808823,0.9999620791061518,0.9999710205059025,2.3334845026934392e-4,7.750836580703862e-9,6.762320037231562e-9,8.848781812339593e-9
TUR.81.6_1,2044,8,aegypti,23.723433157976935,79.79292883159503,0.0028635620648629137,0.13708466074738104,0.13651095051533063,0.13764853530447616,5.511093424483082e-6,4.9165537421763664e-6,6.142270489523093e-6,0.9999944889065755,0.9999938577295105,0.9999950834462579,2.7708051560448865e-4,1.5270166076002795e-9,1.3622812458794057e-9,1.7019034742192937e-9
TUR.81.6_1,2044,9,aegypti,20.987067446989172,84.24131888174138,0.002282397246296434,0.06141093376691045,0.06112395881525596,0.06168112115075633,9.351408536417694e-16,7.771561172376096e-16,1.1102230246251565e-15,0.9999999999999991,0.9999999999999989,0.9999999999999992,2.2821367992520436e-4,2.1341193545798514e-19,1.7735765739117843e-19,2.5336808198739775e-19
TUR.81.6_1,2044,10,aegypti,17.44446849822998,75.60727166517036,0.0022492072318597177,0.0056570237728682145,0.005611854022394879,0.005707561095140481,0,0,0,1,1,1,2.176415286320177e-4,0,0,0
TUR.81.6_1,2044,11,aegypti,13.550887802067924,77.30295964364561,0.0013046517556565215,0,0,0,0,0,0,1,1,1,1.3045666535471678e-4,0,0,0
TUR.81.6_1,2044,12,aegypti,10.047584852751562,77.43385655485136,0.001073096553499544,0,0,0,0,0,0,1,1,1,1.0384266154206401e-4,0,0,0
TUR.81.6_1,2045,1,aegypti,6.4913714352776015,83.89231621393554,0.0010602947334801692,0,0,0,0,0,0,1,1,1,1.0260390361549465e-4,0,0,0
TUR.81.6_1,2045,2,aegypti,4.299541770535358,80.35964427164953,7.931325479127729e-4,0,0,0,0,0,0,1,1,1,8.497487670700021e-5,0,0,0
TUR.81.6_1,2045,3,aegypti,8.9147659785607285,74.70549304103163,9.736363373929588e-4,0,0,0,0,0,0,1,1,1,9.421843252532813e-5,0,0,0
TUR.81.6_1,2045,4,aegypti,11.125538868062637,79.2385097733031,0.001287454979020275,0,0,0,0,0,0,1,1,1,1.2873721055606246e-4,0,0,0
TUR.81.6_1,2045,5,aegypti,16.853109443888947,75.03586668058821,0.0017995216360465343,0.0028873965166567313,0.002859501972359613,0.002915227074061399,0,0,0,1,1,1,1.741320923482892e-4,0,0,0
TUR.81.6_1,2045,6,aegypti,21.885841397678153,76.56010344641479,0.002024049462490571,0.0760762928843337,0.07571162818781613,0.07643369148335319,4.1638681391731323e-13,3.6243508194644393e-13,4.745093207247919e-13,0.9999999999995837,0.9999999999995255,0.9999999999996376,2.0238446374987173e-4,8.427022204717307e-17,7.335122970387187e-17,9.603331441920291e-17
TUR.81.6_1,2045,7,aegypti,23.364471603842343,68.72846728833797,0.0023769106380313646,0.10280445759423555,0.10228716251671628,0.10330467825003041,2.023599902201134e-9,1.7533337892672308e-9,2.311986488368056e-9,0.9999999979764,0.9999999976880135,0.9999999982466662,2.299971567297776e-4,4.654222238649169e-13,4.0326178632971014e-13,5.31750318722316e-13
TUR.81.6_1,2045,8,aegypti,26.266674658831427,69.0160657334505,0.0028224315544662674,0.17650457774921585,0.17561581207799817,0.17741116427927922,0.003213632941050078,0.002867011446123832,0.003593594606120895,0.99678636705895,0.9964064053938791,0.9971329885538762,2.7310123859469737e-4,8.776471365894964e-7,7.82984377001593e-7,9.8141513793884e-7
TUR.81.6_1,2045,9,aegypti,23.18579600839054,62.764611423245285,0.0022496142433296147,0.08813796797129507,0.08764202144932873,0.08864802470359598,2.6851270540362294e-11,2.282251332363927e-11,3.149200344942926e-11,0.9999999999731487,0.999999999968508,0.9999999999771775,2.249361224091473e-4,6.039820677108063e-15,5.1336076506505174e-15,7.0836891428101094e-15
TUR.81.6_1,2045,10,aegypti,14.487485885620117,81.19618462903755,0.002216900950613236,0,0,0,0,0,0,1,1,1,2.1451578986919628e-4,0,0,0
TUR.81.6_1,2045,11,aegypti,10.224694946232963,76.14883824471983,0.0012859125101348423,0,0,0,0,0,0,1,1,1,1.2858298351292596e-4,0,0,0
TUR.81.6_1,2045,12,aegypti,9.767674765166113,79.69413334928495,0.0010576832298311324,0,0,0,0,0,0,1,1,1,1.0235120335466696e-4,0,0,0
TUR.81.6_1,2046,1,aegypti,6.761406702153822,82.57365929254883,9.572697994757255e-4,0,0,0,0,0,0,1,1,1,9.263472199161349e-5,0,0,0
TUR.81.6_1,2046,2,aegypti,5.141919910031207,80.41592631510656,7.160667794756442e-4,0,0,0,0,0,0,1,1,1,7.671849764367966e-5,0,0,0
TUR.81.6_1,2046,3,aegypti,4.513392592177672,79.96998126124647,8.790316805585354e-4,0,0,0,0,0,0,1,1,1,8.506396384533321e-5,0,0,0
TUR.81.6_1,2046,4,aegypti,14.012926143758438,79.2852627029906,0.0011623577206269445,0,0,0,0,0,0,1,1,1,1.162290169470781e-4,0,0,0
TUR.81.6_1,2046,5,aegypti,14.49740609000711,79.46067136808821,0.0016246687466195116,0,0,0,0,0,0,1,1,1,1.572136483763975e-4,0,0,0
TUR.81.6_1,2046,6,aegypti,19.55976298276116,84.78958037512572,0.0018273800311425737,0.031223894532506423,0.031054612757818463,0.03139100635845373,0,0,0,1,1,1,1.8272130754237725e-4,0,0,0
TUR.81.6_1,2046,7,aegypti,21.96380059859332,80.9601529267657,0.002145954985904454,0.08405948574266114,0.08367298806660643,0.08443221637711316,7.03420710568281e-12,6.1624316760600095e-12,7.955580638707715e-12,0.9999999999929657,0.9999999999920444,0.9999999999938376,2.076515005940971e-4,1.4606636609846961e-15,1.279638184842458e-15,1.6519882577250024e-15
TUR.81.6_1,2046,8,aegypti,24.71929421144373,65.84781851055011,0.0025481862758195213,0.1306602307068965,0.1299938543459712,0.1313363205331353,1.5112138448709621e-6,1.3121973664487196e-6,1.7337610198508988e-6,0.9999984887861552,0.9999982662389801,0.9999986878026336,2.46568268900238e-4,3.726173816679059e-10,3.2354623310071206e-10,4.274904533513473e-10
TUR.81.6_1,2046,9,aegypti,21.17225955514347,75.47599905752263,0.002031027513021362,0.05748352046611747,0.05720663393847487,0.05776062946805421,1.1235457009206584e-16,1.1102230246251565e-16,1.1102230246251565e-16,0.9999999999999999,0.9999999999999999,0.9999999999999999,2.030821273346639e-4,2.2817205110068337e-20,2.2546645365680175e-20,2.2546645365680175e-20
TUR.81.6_1,2046,10,aegypti,14.00725269317627,83.40181969983833,0.0020014928504695517,0,0,0,0,0,0,1,1,1,1.936740992467545e-4,0,0,0
TUR.81.6_1,2046,11,aegypti,12.206143119755913,71.68980809335264,0.001160965127761931,0,0,0,0,0,0,1,1,1,1.1608977383681385e-4,0,0,0
TUR.81.6_1,2046,12,aegypti,5.477879843291114,79.32233006559355,9.549120460176486e-4,0,0,0,0,0,0,1,1,1,9.240657341258451e-5,0,0,0
TUR.81.6_1,2047,1,aegypti,6.308532518499037,80.81790672907226,9.748906019575017e-4,0,0,0,0,0,0,1,1,1,9.433980152340204e-5,0,0,0
TUR.81.6_1,2047,2,aegypti,2.9040434947785214,82.11446604899328,7.292476729832137e-4,0,0,0,0,0,0,1,1,1,7.81306268917703e-5,0,0,0
TUR.81.6_1,2047,3,aegypti,7.896369600997252,79.26478106593397,8.952123264191161e-4,0,0,0,0,0,0,1,1,1,8.662969837469614e-5,0,0,0
TUR.81.6_1,2047,4,aegypti,10.843926471822403,77.56233179478747,0.0011837536487336834,0,0,0,0,0,0,1,1,1,1.183683587863138e-4,0,0,0
TUR.81.6_1,2047,5,aegypti,16.942152107463166,73.39025205656478,0.0016545745966715828,0.0031388715988426084,0.0031085812027306444,0.003167291740464765,0,0,0,1,1,1,1.601073037159617e-4,0,0,0
TUR.81.6_1,2047,6,aegypti,20.795030621921317,71.48841765539916,0.0018610172592318133,0.046172163286206463,0.045923228894347495,0.04643529257018411,0,0,0,1,1,1,1.860844100711745e-4,0,0,0
TUR.81.6_1,2047,7,aegypti,23.14451234480914,77.05834323438289,0.002185456335432157,0.11261023714541803,0.11207121719644556,0.11308021432192344,2.5539003786323454e-8,2.2313093384074278e-8,2.8604269330934074e-8,0.9999999744609962,0.9999999713957307,0.9999999776869066,2.1147341074201353e-4,5.4008202376470186e-12,4.7186259621352454e-12,6.049042397195802e-12
TUR.81.6_1,2047,8,aegypti,22.45235314088709,79.39089788677082,0.0025950916384221857,0.09596977202867753,0.09555000717712941,0.09638925795872505,2.9443265314732514e-10,2.598361276140437e-10,3.321509067788497e-10,0.9999999997055673,0.999999999667849,0.9999999997401638,2.511063680096237e-4,7.393391415526212e-14,6.524650628284762e-14,8.340520783234006e-14
TUR.81.6_1,2047,9,aegypti,21.332238421720618,68.48544043325505,0.0020684133520623544,0.05448772176015906,0.05419692699331499,0.05479722250361288,0,0,0,1,1,1,2.0681994501203782e-4,0,0,0
TUR.81.6_1,2047,10,aegypti,12.159482955932617,87.1172661720063,0.00203833503457076,0,0,0,0,0,0,1,1,1,1.9723877502675347e-4,0,0,0
TUR.81.6_1,2047,11,aegypti,11.418191650334526,81.39985295419248,0.0011823354219211398,0,0,0,0,0,0,1,1,1,1.1822655288229456e-4,0,0,0
TUR.81.6_1,2047,12,aegypti,10.006904921110937,78.42665440641386,9.724894485007951e-4,0,0,0,0,0,0,1,1,1,9.41074537287312e-5,0,0,0
TUR.81.6_1,2048,1,aegypti,6.810819429509779,78.87747704157226,0.0010641411938187588,0,0,0,0,0,0,1,1,1,1.0297610345044728e-4,0,0,0
TUR.81.6_1,2048,2,aegypti,7.1072590938385805,76.25580058268469,8.244387386731185e-4,0,0,0,0,0,0,1,1,1,8.528312925681902e-5,0,0,0
TUR.81.6_1,2048,3,aegypti,8.002864504561705,78.872332640641,9.771684246869317e-4,0,0,0,0,0,0,1,1,1,9.456021516096591e-5,0,0,0
TUR.81.6_1,2048,4,aegypti,10.652806324117325,80.15544855504137,0.001292125514823341,0,0,0,0,0,0,1,1,1,1.292042039001684e-4,0,0,0
TUR.81.6_1,2048,5,aegypti,15.99681958030252,82.47767728849837,0.0018060498101314586,8.528742168037127e-4,8.430559583237737e-4,8.621527231417687e-4,0,0,0,1,1,1,1.7476374092162406e-4,0,0,0
TUR.81.6_1,2048,6,aegypti,22.374034909641043,69.92973235266479,0.0020313921623408846,0.07967559214575708,0.07926482085864811,0.08007666091976588,1.5454056923047688e-12,1.3312989599612024e-12,1.7769757887364789e-12,0.9999999999984546,0.999999999998223,0.9999999999986687,2.03118584860551e-4,3.1390061725638473e-16,2.704115607736428e-16,3.6093680753961505e-16
TUR.81.6_1,2048,7,aegypti,23.122190643759335,78.55787021192195,0.002385533422063829,0.11491276029112975,0.1143836194121149,0.1154323454598583,4.4717846437447586e-8,3.928332351632591e-8,5.055947198684408e-8,0.9999999552821536,0.999999949440528,0.9999999607166765,2.3083142742852392e-4,1.0322284324685559e-11,9.067825641410011e-12,1.1670715088755686e-11
TUR.81.6_1,2048,8,aegypti,23.669167182024786,81.88163580180988,0.0028326705669689555,0.14039298167109143,0.1398091588875873,0.14104712485096788,1.0426705712240247e-5,9.314788666794915e-6,1.1780948500633713e-5,0.9999895732942877,0.9999882190514994,0.9999906852113332,2.7409183967308515e-4,2.857874950397795e-9,2.5531075618478226e-9,3.229061847632569e-9
TUR.81.6_1,2048,9,aegypti,21.56563113717472,70.30608481191716,0.00225777523073327,0.06122055099306836,0.06089126267531972,0.06154241187115362,8.553158181712206e-16,7.771561172376096e-16,9.992007221626409e-16,0.9999999999999991,0.999999999999999,0.9999999999999992,2.2575203724639614e-4,1.930892884412212e-19,1.7544457672488944e-19,2.2557159864628643e-19
TUR.81.6_1,2048,10,aegypti,15.497873306274414,86.02611016614692,0.0022249432631060335,2.714122025966417e-4,2.6822660974156604e-4,2.7482750323171346e-4,0,0,0,1,1,1,2.1529391091701378e-4,0,0,0
TUR.81.6_1,2048,11,aegypti,12.643666961613823,78.8897745240167,0.0012905774502811496,0,0,0,0,0,0,1,1,1,1.290494174356338e-4,0,0,0
TUR.81.6_1,2048,12,aegypti,7.14268382507212,83.72863347135527,0.0010615202163461776,0,0,0,0,0,0,1,1,1,1.0272248655629479e-4,0,0,0
TUR.81.6_1,2049,1,aegypti,7.523986143224379,81.36558281549804,9.842252700917034e-4,0,0,0,0,0,0,1,1,1,9.524307087382944e-5,0,0,0
TUR.81.6_1,2049,2,aegypti,5.36258250387276,81.39421305827062,7.362302872388734e-4,0,0,0,0,0,0,1,1,1,7.887870540124187e-5,0,0,0
TUR.81.6_1,2049,3,aegypti,6.666046286330504,84.96612078761366,9.037840676585842e-4,0,0,0,0,0,0,1,1,1,8.745914951513445e-5,0,0,0
TUR.81.6_1,2049,4,aegypti,8.705888790242813,82.68398249058825,0.001195088199955525,0,0,0,0,0,0,1,1,1,1.195016791010195e-4,0,0,0
TUR.81.6_1,2049,5,aegypti,16.267151916728302,86.80524534269759,0.0016704173022348506,0.001495066832246713,0.0014799199861707895,0.0015108457046368758,0,0,0,1,1,1,1.6164022212439288e-4,0,0,0
TUR.81.6_1,2049,6,aegypti,20.46138003293206,78.76953795569213,0.0018788366724788678,0.04481696464195547,0.04459517759640252,0.04504673524527692,0,0,0,1,1,1,1.8786601821696447e-4,0,0,0
TUR.81.6_1,2049,7,aegypti,25.17530839583453,61.82643634351375,0.002206382282991899,0.1304679650222429,0.12973026387999848,0.13120860749943003,1.452692474537498e-6,1.241844444216378e-6,1.6886634192164739e-6,0.9999985473075255,0.9999983113365808,0.9999987581555557,2.1349807213821848e-4,3.1014704272345386e-10,2.6513139473575406e-10,3.6052638449304946e-10
TUR.81.6_1,2049,8,aegypti,26.027063986834357,61.3244153428255,0.0026199398820854975,0.1456682107581598,0.14484822128330616,0.14648946909260344,2.7729329108971302e-5,2.3832450982233523e-5,3.205998031252655e-5,0.999972270670891,0.9999679400196875,0.9999761675490179,2.5351043003318807e-4,7.029674146947114e-9,6.041774897250896e-9,8.127539395884148e-9
TUR.81.6_1,2049,9,aegypti,20.64420436410343,74.46086233877263,0.00208821860217666,0.04540444149982723,0.04516865841065059,0.04565010105906904,0,0,0,1,1,1,2.088000584505867e-4,0,0,0
TUR.81.6_1,2049,10,aegypti,13.776092529296875,81.72828912122505,0.002057852281999168,0,0,0,0,0,0,1,1,1,1.9912716658565532e-4,0,0,0
TUR.81.6_1,2049,11,aegypti,9.816973426762749,85.62587376718076,0.0011936563934894207,0,0,0,0,0,0,1,1,1,1.1935851555444632e-4,0,0,0
TUR.81.6_1,2049,12,aegypti,7.519205412443946,81.47369725309355,9.818011253674508e-4,0,0,0,0,0,0,1,1,1,9.500849853905091e-5,0,0,0
TUR.81.6_1,2050,1,aegypti,8.970911306493422,77.01557671198242,0.0010023828213089698,0,0,0,0,0,0,1,1,1,9.70000843465435e-5,0,0,0
TUR.81.6_1,2050,2,aegypti,6.727222262936481,82.53479991129797,7.49812685043999e-4,0,0,0,0,0,0,1,1,1,8.033384646133346e-5,0,0,0
TUR.81.6_1,2050,3,aegypti,7.80843701432733,74.91314227198866,9.204575935235838e-4,0,0,0,0,0,0,1,1,1,8.907257411139291e-5,0,0,0
TUR.81.6_1,2050,4,aegypti,12.044712108724259,77.31501734166247,0.0012171358712145868,0,0,0,0,0,0,1,1,1,1.2170618032336655e-4,0,0,0
TUR.81.6_1,2050,5,aegypti,14.907270515666289,83.321640911545245,0.001701234116882082,1.4195165501360265e-5,1.3974719930630614e-5,1.440580242133683e-5,0,0,0,1,1,1,1.6462200800826388e-4,0,0,0
TUR.81.6_1,2050,6,aegypti,20.59571841183831,81.86812499182494,0.001913498526981176,0.05000683093903392,0.04975094365202957,0.050251684806227756,0,0,0,1,1,1,1.9133154648265371e-4,0,0,0
TUR.81.6_1,2050,7,aegypti,23.850029159994687,74.97611362012508,0.002247086886425381,0.1294823657193695,0.12887095762779568,0.13006518878590512,1.1812763830646445e-6,1.0366795354876946e-6,1.3318821896923793e-6,0.999998818723617,0.9999986681178104,0.9999989633204645,2.174363785503175e-4,2.568524588005939e-10,2.2541184391366965e-10,2.8959963998237796e-10
TUR.81.6_1,2050,8,aegypti,26.038790366228888,69.9064694810091,0.002668274032854349,0.1746916675291131,0.17378215986756032,0.17559302999064327,0.002549554407801201,0.002261039139168408,0.0028586843910374886,0.9974504455921988,0.9971413156089625,0.9977389608608316,2.581867317632547e-4,6.582611200027924e-7,5.83770305730694e-7,7.380743800645992e-7
TUR.81.6_1,2050,9,aegypti,21.133269534391516,73.86765402578435,0.0021267432543818797,0.05513566966870678,0.05484101908885691,0.055404486660256796,1.1102230246251566e-19,0,0,1,1,1,2.1265171185702592e-4,2.360908267296246e-23,0,0
TUR.81.6_1,2050,10,aegypti,15.076292991638184,80.81908654554145,0.002095816718946095,4.5206021751959406e-5,4.448655223033351e-5,4.590742074093544e-5,0,0,0,1,1,1,2.028004060181665e-4,0,0,0
TUR.81.6_1,2050,11,aegypti,10.831207969609428,79.54843541268858,0.0012156776499631366,0,0,0,0,0,0,1,1,1,1.2156037593502589e-4,0,0,0
TUR.81.6_1,2050,12,aegypti,5.932724794920753,73.1530795773123,9.999139545751059e-4,0,0,0,0,0,0,1,1,1,9.676118490631325e-5,0,0,0
TUR.81.6_1,2051,1,aegypti,6.338232797734877,76.53803002008789,9.793289490500896e-4,0,0,0,0,0,0,1,1,1,9.476927837115401e-5,0,0,0
TUR.81.6_1,2051,2,aegypti,2.3756065955933408,85.44244609049719,7.32567690924368e-4,0,0,0,0,0,0,1,1,1,7.848631524420835e-5,0,0,0
TUR.81.6_1,2051,3,aegypti,8.472739840255064,78.53184039210585,8.992879252793709e-4,0,0,0,0,0,0,1,1,1,8.702407692207093e-5,0,0,0
TUR.81.6_1,2051,4,aegypti,13.444758457296036,73.13886988072497,0.001189142878617168,0,0,0,0,0,0,1,1,1,1.1890721783802682e-4,0,0,0
TUR.81.6_1,2051,5,aegypti,15.411556328044218,80.83326047941634,0.0016621073150462004,1.887160190640859e-4,0.00018615419824963237,1.9128824650757487e-4,0,0,0,1,1,1,1.608361594823693e-4,0,0,0
TUR.81.6_1,2051,6,aegypti,21.81872179928948,63.46159651892455,0.0018694898412068392,0.059551240658914775,0.059212438736979844,0.0598977297231897,3.872457909892546e-16,3.3306690738754696e-16,4.440892098500626e-16,0.9999999999999997,0.9999999999999996,0.9999999999999997,1.8693151024828936e-4,7.238844054691477e-20,6.226070001168128e-20,8.30142666822417e-20
TUR.81.6_1,2051,7,aegypti,25.118177582235898,66.4589322236407,0.0021954059787591793,0.14184646655001112,0.14111765468984785,0.1426270736492558,1.3724923357002928e-5,1.1938694163701746e-5,1.58373096953518e-5,0.999986275076643,0.9999841626903047,0.9999880613058363,2.1243607536647335e-4,2.915668852667344e-9,2.53620933313742e-9,3.3644159160439337e-9
TUR.81.6_1,2051,8,aegypti,24.70322098451502,73.8351575303255,0.00260690621269879,0.15194471759005265,0.1512616521034101,0.15263872716827487,8.329072088950096e-5,7.399579137310763e-5,9.352586237471317e-5,0.9999167092791105,0.9999064741376253,0.9999260042086269,2.5224942615253987e-4,2.101003654820798e-8,1.8665395911569462e-8,2.3591845114442814e-8
TUR.81.6_1,2051,9,aegypti,21.847235904020422,80.08244437002263,0.0020778301382832526,0.07958262245388309,0.07918550950440363,0.07994484506537457,1.494437795734882e-12,1.2939815885459893e-12,1.6959378346115272e-12,0.9999999999985055,0.999999999998304,0.9999999999987059,2.0776142843292877e-4,3.1048653114603654e-16,2.6883946320222504e-16,3.5235046705233905e-16
TUR.81.6_1,2051,10,aegypti,13.038206100463867,83.30609368665473,0.002047614884388003,0,0,0,0,0,0,1,1,1,1.9813664747558857e-4,0,0,0
TUR.81.6_1,2051,11,aegypti,10.227763870183159,85.20549412850889,0.0011877181950977513,0,0,0,0,0,0,1,1,1,1.1876476641647926e-4,0,0,0
TUR.81.6_1,2051,12,aegypti,4.586473307188819,83.34493596158964,9.769168639540361e-4,0,0,0,0,0,0,1,1,1,9.453587287566734e-5,0,0,0
TUR.81.6_1,2052,1,aegypti,4.2078583661247695,80.5959447539746,9.854256531587537e-4,0,0,0,0,0,0,1,1,1,9.535922590631074e-5,0,0,0
TUR.81.6_1,2052,2,aegypti,6.349562942105182,76.97404704264562,7.634542176032951e-4,0,0,0,0,0,0,1,1,1,7.897490382879901e-5,0,0,0
TUR.81.6_1,2052,3,aegypti,5.367653513655943,84.06517321681288,9.0488634284299e-4,0,0,0,0,0,0,1,1,1,8.75658119720013e-5,0,0,0
TUR.81.6_1,2052,4,aegypti,12.417714161031387,76.36721002965075,0.0011965457561496722,0,0,0,0,0,0,1,1,1,1.1964741729175721e-4,0,0,0
TUR.81.6_1,2052,5,aegypti,17.682285392985627,76.44542783781478,0.0016724545803920392,0.007205347264872263,0.007147788977203724,0.0072644103349432726,0,0,0,1,1,1,1.6183734618735457e-4,0,0,0
TUR.81.6_1,2052,6,aegypti,20.815732983981864,72.46861174719604,0.0018811281435434004,0.047328137970038237,0.047049558684489755,0.04759856316057023,0,0,0,1,1,1,1.880951222482663e-4,0,0,0
TUR.81.6_1,2052,7,aegypti,25.28136079451617,60.37294131787898,0.0022090732359804324,0.12878244211611004,0.1280542368138215,0.12951145491044,1.02057948398937e-6,8.720284277036194e-7,1.1861972384258345e-6,0.999998979420516,0.9999988138027616,0.9999991279715723,2.1375843131155037e-4,2.1815746952631929e-10,1.864034287650034e-10,2.5355966091199954e-10
TUR.81.6_1,2052,8,aegypti,25.815365454729864,73.48715032817707,0.002623135219135574,0.1821860684325152,0.18132699600769453,0.18301117148285126,0.006346371526364187,0.005745173383894089,0.006958339802662225,0.9936536284736358,0.99304166019733775,0.9942548266161059,2.5381957775938435e-4,1.6108333411259373e-6,1.458237482454451e-6,1.7661628706180436e-6
TUR.81.6_1,2052,9,aegypti,20.066104159635657,72.86925619863591,0.0020907654401074918,0.03383158901301621,0.033627881199421575,0.034022700441753095,0,0,0,1,1,1,2.090546890333167e-4,0,0,0
TUR.81.6_1,2052,10,aegypti,17.70390224456787,63.00991677625434,0.0020603620844893773,0.005929470802477595,0.005872318198799375,0.00598304939855904,0,0,0,1,1,1,1.993700023033007e-4,0,0,0
TUR.81.6_1,2052,11,aegypti,11.46401188654058,79.65226384286436,0.0011951122034205024,0,0,0,0,0,0,1,1,1,1.19504079160615e-4,0,0,0
TUR.81.6_1,2052,12,aegypti,7.533686956938575,82.35274083219511,9.829985518935876e-4,0,0,0,0,0,0,1,1,1,9.512436750913622e-5,0,0,0
TUR.81.6_1,2053,1,aegypti,7.967160982244154,79.92995964655273,0.0011044497631408795,0,0,0,0,0,0,1,1,1,1.0687652344010257e-4,0,0,0
TUR.81.6_1,2053,2,aegypti,9.050679980831989,74.27079997233312,8.261618463447434e-4,0,0,0,0,0,0,1,1,1,8.85134231355389e-5,0,0,0
TUR.81.6_1,2053,3,aegypti,7.201411867842955,79.35810381984022,0.0010141825553442862,0,0,0,0,0,0,1,1,1,9.814188267465163e-5,0,0,0
TUR.81.6_1,2053,4,aegypti,12.685808223836563,76.67063105015856,0.0013410698947511875,0,0,0,0,0,0,1,1,1,1.3409799753472118e-4,0,0,0
TUR.81.6_1,2053,5,aegypti,14.617677772746367,70.82888883634993,0.001874461111558143,0,0,0,0,0,0,1,1,1,1.8138301052117445e-4,0,0,0
TUR.81.6_1,2053,6,aegypti,23.485189465915457,56.116065055301505,0.0021083391993240957,0.08380509442101156,0.08329588194890772,0.08427679596260085,6.466146285077912e-12,5.4234172708333975e-12,7.551809177996915e-12,0.9999999999935338,0.9999999999924482,0.9999999999945766,2.1081169602343852e-4,1.363139265092931e-15,1.1433197931071965e-15,1.5920097008588986e-15
TUR.81.6_1,2053,7,aegypti,25.32053201338824,69.29874164136531,0.0024758949641900453,0.1552060169451765,0.1544287506835756,0.15598156168756871,1.43792728954364e-4,1.2620988169693425e-4,1.629709336676416e-4,0.9998562072710456,0.9998370290663323,0.9998737901183031,2.395740360262577e-4,3.444900442682671e-8,3.023661074453105e-8,3.904360433372442e-8
TUR.81.6_1,2053,8,aegypti,24.71807350831873,70.55855001689777,0.0029399692023179473,0.14313622146353308,0.14238483430567395,0.14377770649618454,1.7441259986988865e-5,1.5139149752232962e-5,1.959230461260897e-5,0.999982558740013,0.9999804076953873,0.9999848608502478,2.844726785836693e-4,4.961561946372896e-9,4.3066744814970034e-9,5.573475372776052e-9
TUR.81.6_1,2053,9,aegypti,21.360652194303626,75.26488608144841,0.002343297424527113,0.061605596609453646,0.06127636105871407,0.061937120499368135,1.0245138071240944e-15,8.881784197001252e-16,1.2212453270876722e-15,0.999999999999999,0.9999999999999988,0.9999999999999991,2.343022893830371e-4,2.4004593051370664e-19,2.0810223711634732e-19,2.8614057603497757e-19
TUR.81.6_1,2053,10,aegypti,15.366390228271484,79.22377251966255,0.0023092218158767006,1.5717368791650377e-4,1.5504730287852118e-4,1.5927218583361086e-4,0,0,0,1,1,1,2.2344811070729165e-4,0,0,0
TUR.81.6_1,2053,11,aegypti,14.579065063420463,74.21656437997373,0.0013394631911230585,0,0,0,0,0,0,1,1,1,1.3393734870459362e-4,0,0,0
TUR.81.6_1,2053,12,aegypti,9.265638670500586,79.01097447477323,0.001101729505748717,0,0,0,0,0,0,1,1,1,1.0661330082539777e-4,0,0,0
TUR.81.6_1,2054,1,aegypti,6.695215028875014,82.07139336237304,0.0010173684683717791,0,0,0,0,0,0,1,1,1,9.845016653253769e-5,0,0,0
TUR.81.6_1,2054,2,aegypti,5.388614474850543,80.60338053873937,7.610224025515412e-4,0,0,0,0,0,0,1,1,1,8.153479041739242e-5,0,0,0
TUR.81.6_1,2054,3,aegypti,8.96948781083612,77.23907000636366,9.34218456478931e-4,0,0,0,0,0,0,1,1,1,9.040415102223864e-5,0,0,0
TUR.81.6_1,2054,4,aegypti,10.26351742183461,78.63780939488512,0.0012353320814905055,0,0,0,0,0,0,1,1,1,1.2352557823647192e-4,0,0,0
TUR.81.6_1,2054,5,aegypti,16.21086224387674,79.25264066740462,0.0017266676074655634,0.0012012010801230155,0.0011879410040258741,0.0012140696372067096,0,0,0,1,1,1,1.6708290533495873e-4,0,0,0
TUR.81.6_1,2054,6,aegypti,21.676403073703543,77.76868346350463,0.001942105375553361,0.07212855701885973,0.0717812475989829,0.07243692013911167,9.16035025610995e-14,7.971401316808624e-14,1.031424945452386e-13,0.9999999999999084,0.9999999999998969,0.9999999999999203,1.9419167990963881e-4,1.7788638047946813e-17,1.5479798129449737e-17,2.0029414285810643e-17
TUR.81.6_1,2054,7,aegypti,23.984310318441953,76.48394137891414,0.0022806808889198216,0.13728882064670575,0.13669682628847973,0.13789191646490875,5.736167458967211e-6,5.099468499006332e-6,6.4399113447688455e-6,0.9999942638325411,0.9999935600886551,0.999994900531501,2.206866988736511e-4,1.2658958607059336e-9,1.12538486905588e-9,1.4212027757160117e-9
TUR.81.6_1,2054,8,aegypti,25.779226920183966,75.58410467388019,0.0027081647932237244,0.1889975328716363,0.1880663411872601,0.18986461219184644,0.013062414512599693,0.01189982888501649,0.014198546449130836,0.9869375854874003,0.9858014535508691,0.9881001711149836,0.00026204612377556114,3.4229550901763853e-6,3.118304032911029e-6,3.7206740602419932e-6
TUR.81.6_1,2054,9,aegypti,19.089459643644446,83.19934958242497,0.002158538116709786,0.023110594985015474,0.022965350755480313,0.02325251495780709,0,0,0,1,1,1,2.1583051691309585e-4,0,0,0
TUR.81.6_1,2054,10,aegypti,15.817390441894531,84.95593499524848,0.002127149228832336,6.087126142653021e-4,6.017744866728228e-4,6.155772866153552e-4,0,0,0,1,1,1,2.0583196487122812e-4,0,0,0
TUR.81.6_1,2054,11,aegypti,9.627203681889702,79.66108342294248,0.0012338520597966005,0,0,0,0,0,0,1,1,1,1.2337759433822537e-4,0,0,0
TUR.81.6_1,2054,12,aegypti,7.254341444548438,78.11923558317167,0.0010148626920214172,0,0,0,0,0,0,1,1,1,9.820769589119482e-5,0,0,0
TUR.81.6_1,2055,1,aegypti,8.609420103185316,82.78451286920898,0.0010745541607605374,0,0,0,0,0,0,1,1,1,1.0398370565134485e-4,0,0,0
TUR.81.6_1,2055,2,aegypti,4.969220458584674,83.28472361735265,8.037990310457544e-4,0,0,0,0,0,0,1,1,1,8.611761642007831e-5,0,0,0
TUR.81.6_1,2055,3,aegypti,8.047449732528014,75.92558581446913,9.867303348562958e-4,0,0,0,0,0,0,1,1,1,9.548547337745461e-5,0,0,0
TUR.81.6_1,2055,4,aegypti,11.426964801900528,72.16046869664294,0.001304769382337012,0,0,0,0,0,0,1,1,1,1.3046842648822832e-4,0,0,0
TUR.81.6_1,2055,5,aegypti,17.02733239005594,70.81353086515853,0.0018237225936655835,0.0033338794662778723,0.003300611361258504,0.0033680911307576947,0,0,0,1,1,1,1.764737099405611e-4,0,0,0
TUR.81.6_1,2055,6,aegypti,21.040721921359793,72.56170561926635,0.0020512699939248076,0.05200287007174848,0.05172459070634827,0.052286591754266705,0,0,0,1,1,1,2.0510596228795475e-4,0,0,0
TUR.81.6_1,2055,7,aegypti,26.480880905600156,62.59721499951961,0.002408876640808436,0.1577386054234758,0.15684144608893538,0.15861482005624755,2.1710605156589303e-4,1.8742478317939625e-4,2.490740534268038e-4,0.9997828939484341,0.9997509259465732,0.9998125752168207,2.3308992459325495e-4,5.0605233188233326e-8,4.3686828578192635e-8,5.8056652331390043e-8
TUR.81.6_1,2055,8,aegypti,26.284487387713263,64.13954748393878,0.0028603891677919787,0.1595465390852942,0.15871104984192738,0.16043102342823398,2.892585221686109e-4,2.529087310386369e-4,3.3143658028838836e-4,0.9997107414778313,0.9996685634197117,0.9997470912689614,2.7677354608091065e-4,8.005910691473015e-8,6.999844632438681e-8,9.173287762734771e-8
TUR.81.6_1,2055,9,aegypti,21.931084857267493,74.9815837743195,0.0022798682941125984,0.07524767370952541,0.0748820490746608,0.07562297693298484,3.051453534297366e-13,2.6511570716536424e-13,3.50611206734186e-13,0.9999999999996948,0.9999999999996494,0.9999999999997349,2.2796084238896341e-4,6.956119181892071e-17,6.043599993596218e-17,7.992562603813604e-17
TUR.81.6_1,2055,10,aegypti,17.06009578704834,84.25545739515083,0.0022467150550267235,0.0042891120065454815,0.004256159363028494,0.0043242070219224405,0,0,0,1,1,1,2.1740040269013772e-4,0,0,0
TUR.81.6_1,2055,11,aegypti,11.908319213811088,81.1232950318292,0.0013032061694808607,0,0,0,0,0,0,1,1,1,1.3031212558534122e-4,0,0,0
TUR.81.6_1,2055,12,aegypti,5.8402255387867195,85.58967930875761,0.0010719075361727652,0,0,0,0,0,0,1,1,1,1.0372760729127073e-4,0,0,0
TUR.81.6_1,2056,1,aegypti,7.1563847485710586,82.34713493952148,0.0010788777763990867,0,0,0,0,0,0,1,1,1,1.0440207647210986e-4,0,0,0
TUR.81.6_1,2056,2,aegypti,6.194092094021686,78.70572123698156,8.358558416153312e-4,0,0,0,0,0,0,1,1,1,8.646410744794775e-5,0,0,0
TUR.81.6_1,2056,3,aegypti,9.376514101729674,75.95566088771132,9.907005793191681e-4,0,0,0,0,0,0,1,1,1,9.586965382257784e-5,0,0,0
TUR.81.6_1,2056,4,aegypti,11.068419498555802,74.33712732701403,0.0013100193004073864,0,0,0,0,0,0,1,1,1,1.3099334966260034e-4,0,0,0
TUR.81.6_1,2056,5,aegypti,16.69548424552469,77.68270963713118,0.0018310605909618463,0.002453425494676878,0.0024301581079768336,0.002477562348509511,0,0,0,1,1,1,1.7718371314001669e-4,0,0,0
TUR.81.6_1,2056,6,aegypti,23.92576220456292,71.49864104407104,0.0020595235593089327,0.12363203011664,0.12303428758097211,0.12423190595960305,3.3481431637971683e-7,2.9252045060934594e-7,3.8137136302851536e-7,0.9999996651856836,0.999999618628637,0.9999997074795495,2.059311492003113e-4,6.89486969407917e-11,6.023907255857551e-11,7.853624306055129e-11
TUR.81.6_1,2056,7,aegypti,25.383524109335507,69.94899112256648,0.002418569085448141,0.15880303716643993,0.1580606803161903,0.1595901620717221,2.571232943294922e-4,2.2802698835353296e-4,2.905779775248613e-4,0.9997428767056705,0.9997094220224751,0.9997719730116464,2.3402768403357754e-4,6.017396908301496e-8,5.336462798152888e-8,6.800329111130423e-8
TUR.81.6_1,2056,8,aegypti,27.416983267840216,63.61541570903644,0.002871898334839873,0.1752464350389336,0.1741719211433933,0.17623689780273374,0.0027402393443150203,0.0023794226713569986,0.003102350076564003,0.997259760655685,0.996897649923436,0.997620577328643,2.7788702755260353e-4,7.614769661743963e-7,6.612106934346716e-7,8.621028412039628e-7
TUR.81.6_1,2056,9,aegypti,23.698161349577063,74.412125766507,0.0022890416560241854,0.1236665229876375,0.12306810484506488,0.12424366231070176,3.3732944637465677e-07,2.9473156279991033e-7,3.82360011544347e-7,0.9999996626705536,0.9999996176399885,0.9999997052684372,2.2887796904280666e-4,7.72072785845658e-11,6.74575615064559e-11,8.751378288545427e-11
TUR.81.6_1,2056,10,aegypti,16.007171630859375,75.35547112806098,0.002255755020346296,7.718143009158966e-4,7.614900002871005e-4,7.810025201960723e-4,0,0,0,1,1,1,2.1827504747151671e-4,0,0,0
TUR.81.6_1,2056,11,aegypti,11.376001098576713,77.06347294930967,0.001308449797750499,0,0,0,0,0,0,1,1,1,1.3083641994404704e-4,0,0,0
TUR.81.6_1,2056,12,aegypti,6.312697252806495,87.14739567838652,0.0010762205027552924,0,0,0,0,0,0,1,1,1,1.0414494777277739e-4,0,0,0
TUR.81.6_1,2057,1,aegypti,6.0890839520622695,84.0068334258496,0.0011128941059201562,0,0,0,0,0,0,1,1,1,1.0769363022977707e-4,0,0,0
TUR.81.6_1,2057,2,aegypti,7.753063975888141,78.25415263346594,8.324784702913641e-4,0,0,0,0,0,0,1,1,1,8.91901441395504e-5,0,0,0
TUR.81.6_1,2057,3,aegypti,10.647116327986998,73.83071429347304,0.0010219367379462499,0,0,0,0,0,0,1,1,1,9.889221351488953e-5,0,0,0
TUR.81.6_1,2057,4,aegypti,12.212711376302384,72.09024011998278,0.001351323375045341,0,0,0,0,0,0,1,1,1,1.3512320754149876e-4,0,0,0
TUR.81.6_1,2057,5,aegypti,16.357753837809845,76.4008035092015,0.0018887927658177328,0.001463247161924636,0.0014478498296791775,0.0014793960850376779,0,0,0,1,1,1,1.827696922763744e-4,0,0,0
TUR.81.6_1,2057,6,aegypti,22.447454480563895,71.9168463053015,0.0021244590261267635,0.08433430343380509,0.08392145590836995,0.08478213433507527,7.718092387420938e-12,6.701417198939907e-12,8.942208085116476e-12,0.999999999992282,0.9999999999910578,0.9999999999932986,2.1242333757987009e-4,1.6395029446857434e-15,1.4235374079139594e-15,1.899533686774141e-15
TUR.81.6_1,2057,7,aegypti,25.851051498861874,67.94717151197078,0.002494825029151668,0.16352093422655603,0.16272778467610022,0.16438329745487149,5.32829243589158e-4,4.7181167391727456e-4,6.051151198380621e-4,0.9994671707564109,0.9993948848801619,0.9995281883260827,2.4140553723350777e-4,1.2862792980236428e-7,1.1389795061504024e-7,1.4607814059262586e-7
TUR.81.6_1,2057,8,aegypti,26.019716879900763,63.51480306865558,0.0029624474612061453,0.15247155936222356,0.15153776077624823,0.15328861537667518,9.11636772058183e-5,7.757361719516742e-5,1.043418979565086e-4,0.9999088363227941,0.9998956581020434,0.9999224263828048,2.8664737277683816e-4,2.6131828563723545e-8,2.22362735657909e-8,2.990933091978213e-8
TUR.81.6_1,2057,9,aegypti,23.906497226041907,70.01233786367497,0.0023612136823297587,0.1197554609648323,0.11918868735741062,0.12033069307362979,1.3965444337316058e-7,1.2228929984203775e-7,1.5896715475360868e-7,0.9999998603455567,0.9999998410328452,0.9999998777107002,2.3609349377662348e-4,3.2971505457399103e-11,2.887170805120378e-11,3.753111096150865e-11
TUR.81.6_1,2057,10,aegypti,15.99832534790039,76.6260552345063,0.0023268775402178355,7.749433192337489e-4,7.659239652450168e-4,7.835451083969624e-4,0,0,0,1,1,1,2.2515634594488798e-4,0,0,0
TUR.81.6_1,2057,11,aegypti,12.851749160710503,81.6917993653253,0.0013497043869687623,0,0,0,0,0,0,1,1,1,1.3496133059698323e-4,0,0,0
TUR.81.6_1,2057,12,aegypti,8.923555693205664,78.82426030240995,0.0011101530501298829,0,0,0,0,0,0,1,1,1,1.0742839529820358e-4,0,0,0
TUR.81.6_1,2058,1,aegypti,5.898848337285658,81.6776097930371,0.0010546537085994615,0,0,0,0,0,0,1,1,1,1.02058053845e-4,0,0,0
TUR.81.6_1,2058,2,aegypti,5.614595710354694,81.12703166178625,7.889128905899548e-4,0,0,0,0,0,0,1,1,1,8.452280888071595e-5,0,0,0
TUR.81.6_1,2058,3,aegypti,9.436715746627135,81.20514208888319,9.684563561758802e-4,0,0,0,0,0,0,1,1,1,9.371719112538646e-5,0,0,0
TUR.81.6_1,2058,4,aegypti,12.83551792537465,74.6674419632445,0.0012806054065946848,0,0,0,0,0,0,1,1,1,1.2805234125845555e-4,0,0,0
TUR.81.6_1,2058,5,aegypti,18.52141197989969,81.11858457609603,0.0017899477449370394,0.015323034699067085,0.015227427165850203,0.015413874512386629,0,0,0,1,1,1,1.7320574766221952e-4,0,0,0
TUR.81.6_1,2058,6,aegypti,22.96696093503167,66.71238616125854,0.0020132810289435923,0.08935830506312042,0.0888743679523609,0.08984225861301244,3.95500362460055e-11,3.384024449548662e-11,4.592556890337107e-11,0.99999999996045,0.9999999999540744,0.9999999999661597,2.013078377518518e-4,7.961732279690734e-15,6.812306448380415e-15,9.245176973461316e-15
TUR.81.6_1,2058,7,aegypti,25.086879898520078,62.60170489820125,0.0023642648975358473,0.13066131192124872,0.12997725857663392,0.13132903854209663,1.5115473160607352e-6,1.3076577933979205e-6,1.7311586831880722e-6,0.9999984884526839,0.9999982688413168,0.9999986923422066,2.287736561090714e-4,3.458022058770685e-10,2.99157654335163e-10,3.960435012579009e-10
TUR.81.6_1,2058,8,aegypti,25.281077048357794,67.49991430522785,0.002807415534750146,0.14876282723835582,0.1479417601265776,0.14956746433424517,4.809550184678246e-5,4.1521556342974386e-5,5.5227942390595476e-5,0.9999519044981532,0.9999447720576095,0.999958478443657,2.7164847120142444e-4,1.3065069548343741e-8,1.1279267302472799e-8,1.5002586118005602e-8
TUR.81.6_1,2058,9,aegypti,19.970263705534094,71.57436484121403,0.002237645750496528,0.03158923472946602,0.03140518073414071,0.03177083018440694,0,0,0,1,1,1,2.2373954162435705e-4,0,0,0
TUR.81.6_1,2058,10,aegypti,15.627808570861816,82.64289330823676,0.0022051065004234974,3.6895198171689914e-4,3.6435680850938247e-4,3.734163454095203e-4,0,0,0,1,1,1,2.1337463566051262e-4,0,0,0
TUR.81.6_1,2058,11,aegypti,11.145301559392143,82.42262669686826,0.001279071144017447,0,0,0,0,0,0,1,1,1,1.278989346354953e-4,0,0,0
TUR.81.6_1,2058,12,aegypti,7.981614431914161,76.14393193326933,0.0010520560987825783,0,0,0,0,0,0,1,1,1,1.0180669787374086e-4,0,0,0
TUR.81.6_1,2059,1,aegypti,6.73374776279225,84.65250145563476,0.0010589841601250794,0,0,0,0,0,0,1,1,1,1.024770869412217e-4,0,0,0
TUR.81.6_1,2059,2,aegypti,6.836166678982623,75.52935252360265,7.921521993818157e-4,0,0,0,0,0,0,1,1,1,8.48698482843746e-5,0,0,0
TUR.81.6_1,2059,3,aegypti,7.5815445430138535,83.68618304347304,9.724328778254987e-4,0,0,0,0,0,0,1,1,1,9.410197966241984e-5,0,0,0
TUR.81.6_1,2059,4,aegypti,10.158537906758927,75.75783502965075,0.0012858636250899925,0,0,0,0,0,0,1,1,1,1.2857809563704414e-4,0,0,0
TUR.81.6_1,2059,5,aegypti,16.639767730937287,78.61255735441634,0.0017972973440325874,0.0023078185396740933,0.00228319163796297,0.0023298741890091716,0,0,0,1,1,1,1.739168757418641e-4,0,0,0
TUR.81.6_1,2059,6,aegypti,22.64155009213616,65.68131545203002,0.0020215476436932474,0.08009183432012092,0.07963728567606056,0.0805084057254197,1.7918361239210866e-12,1.5204115744182902e-12,2.0693002866778445e-12,0.9999999999982082,0.9999999999979307,0.9999999999984795,2.021343324717373e-4,3.6219159880753398e-16,3.073273786773442e-16,4.1827663213120065e-16
TUR.81.6_1,2059,7,aegypti,25.025949646444882,70.12028247388484,0.0023739726664926313,0.15010914329521585,0.14936941420074562,0.15080726324718452,6.0792214181909835e-5,5.3354382928297305e-5,6.844437072487109e-5,0.9999392077858181,0.9999315556292752,0.9999466456170717,2.2971290225581864e-4,1.3964755954283845e-8,1.2256190150527479e-8,1.5722555042283327e-8
TUR.81.6_1,2059,8,aegypti,27.442747733172247,66.4053708481966,0.0028189428984586053,0.1870583097932538,0.18600297583337236,0.18813531707973508,0.010755609876987697,0.00962710537962228,0.011982391083599128,0.9892443901230124,0.9880176089164009,0.9903728946203778,2.727637188681964e-4,2.9337401487426682e-6,2.625925065281793e-6,3.2683615528956156e-6
TUR.81.6_1,2059,9,aegypti,20.50480578927433,74.36191672109685,0.0022468336160252978,0.042614578609008996,0.04237735541790251,0.04284508621748188,0,0,0,1,1,1,2.2465812218641634e-4,0,0,0
TUR.81.6_1,2059,10,aegypti,15.184165000915527,82.31107568128364,0.0022141607584525045,8.034259086623612e-5,7.913470179899197e-5,8.156410250393251e-5,0,0,0,1,1,1,2.142506668327826e-4,0,0,0
TUR.81.6_1,2059,11,aegypti,12.035167434636284,81.51118870858701,0.0012843230627674787,0,0,0,0,0,0,1,1,1,1.2842405920121536e-4,0,0,0
TUR.81.6_1,2059,12,aegypti,9.194158873137305,75.39931065641386,0.0010563758844153986,0,0,0,0,0,0,1,1,1,1.0222469899756614e-4,0,0,0
TUR.81.6_1,2060,1,aegypti,5.548990530126234,77.87118279108398,0.0010603318641421596,0,0,0,0,0,0,1,1,1,1.0260749653667744e-4,0,0,0
TUR.81.6_1,2060,2,aegypti,8.385337649899371,76.41227183512609,8.214874771563124e-4,0,0,0,0,0,0,1,1,1,8.497785233185784e-5,0,0,0
TUR.81.6_1,2060,3,aegypti,5.956915999160094,82.5521422109535,9.73670433348172e-4,0,0,0,0,0,0,1,1,1,9.422173182294102e-5,0,0,0
TUR.81.6_1,2060,4,aegypti,11.394775432698868,77.29052698521716,0.0012875000646499068,0,0,0,0,0,0,1,1,1,1.2874171853860528e-4,0,0,0
TUR.81.6_1,2060,5,aegypti,16.11106404136209,83.01767820402571,0.001799584653835365,0.0010695395691267802,0.0010580092862540866,0.001080920465339437,0,0,0,1,1,1,1.7413818978195827e-4,0,0,0
TUR.81.6_1,2060,6,aegypti,20.560443906223075,79.45654967444213,0.00202412034306186,0.04738189810706996,0.047148770557878736,0.047617892331881954,0,0,0,1,1,1,2.023915503724938e-4,0,0,0
TUR.81.6_1,2060,7,aegypti,25.569708038778867,72.89338809522273,0.002376993875514958,0.17345187416762362,0.17266371540490888,0.17423474941430941,0.002167834513239627,0.0019497855107965922,0.0023990097804443334,0.9978321654867603,0.9976009902195556,0.9980502144892034,2.3000521011740105e-4,4.986132327174343e-7,4.4846082609463434e-7,5.51784748624799e-7
TUR.81.6_1,2060,8,aegypti,25.8418508978451,65.63500799419269,0.002822530393731173,0.15570672448290612,0.154858789859638,0.15648917372321902,1.5614205984157192e-4,1.3552367500890562e-4,1.7701843778791248e-4,0.9998438579401584,0.999822981562212,0.9998644763249911,2.7311080107250696e-4,4.264408304444303e-8,3.70129794459723e-8,4.834564734886051e-8
TUR.81.6_1,2060,9,aegypti,20.767592654508704,74.06236380361638,0.0022496930229966646,0.04759362749469685,0.04733801973694717,0.047838627652390775,0,0,0,1,1,1,2.249439986037327e-4,0,0,0
TUR.81.6_1,2060,10,aegypti,18.79737377166748,82.0159478126313,0.002216978584687295,0.018806946363869616,0.018689457685899274,0.018927457005177385,0,0,0,1,1,1,2.1452330123239438e-4,0,0,0
TUR.81.6_1,2060,11,aegypti,12.75108406824224,71.24639531259092,0.001285957541748464,0,0,0,0,0,0,1,1,1,1.2858748609523296e-4,0,0,0
TUR.81.6_1,2060,12,aegypti,9.088170370634863,80.2101855953787,0.0010577202690403823,0,0,0,0,0,0,1,1,1,1.0235478742748327e-4,0,0,0
TUR.81.6_1,2061,1,aegypti,6.128311914556166,82.23183952936523,0.001082660544144492,0,0,0,0,0,0,1,1,1,1.0476811248416595e-4,0,0,0
TUR.81.6_1,2061,2,aegypti,5.646940528469928,84.68954692057531,8.098628511371458e-4,0,0,0,0,0,0,1,1,1,8.676725526868267e-5,0,0,0
TUR.81.6_1,2061,3,aegypti,9.16905942033319,75.4545088491371,9.941741796460845e-4,0,0,0,0,0,0,1,1,1,9.620577640934158e-5,0,0,0
TUR.81.6_1,2061,4,aegypti,12.272296947591446,82.50192987828356,0.0013146124979538025,0,0,0,0,0,0,1,1,1,1.3145260914393386e-4,0,0,0
TUR.81.6_1,2061,5,aegypti,16.012862289653107,80.542771282639,0.0018374806666135027,8.521660857391761e-4,8.428165698958425e-4,8.617712298161931e-4,0,0,0,1,1,1,1.7780490050700593e-4,0,0,0
TUR.81.6_1,2061,6,aegypti,21.08843615475823,81.55146697180541,0.0020667446731936386,0.06131412551542742,0.061019477652705253,0.061610212469859836,8.945066909404887e-16,7.771561172376096e-16,9.992007221626409e-16,0.9999999999999991,0.999999999999999,0.9999999999999992,2.066531116229342e-4,1.848525910503863e-19,1.6060172984394987e-19,2.064879383707927e-19
TUR.81.6_1,2061,7,aegypti,24.78793923995074,76.22689181836726,0.0024270490869150387,0.16165275822762817,0.16092052333542714,0.16236700946591698,4.009678238962361e-4,3.576181807483342e-4,4.466228011205414e-4,0.9995990321761038,0.9995533771988795,0.9996423818192517,2.348481369465194e-4,9.416654641753113e-8,8.398596348694992e-8,1.0488853276099501e-7
TUR.81.6_1,2061,8,aegypti,27.610327384051153,67.03943838359699,0.002881967802046227,0.1920480291532493,0.1909409136989665,0.19314455575790782,0.017432305405772845,0.015724347425758456,0.019214418460591635,0.9825676945942271,0.9807855815394084,0.9842756525742415,2.7886122085529763e-4,4.86119396777622e-6,4.38491072029986e-6,5.358156189945153e-6
TUR.81.6_1,2061,9,aegypti,24.20725368050968,68.84521216177068,0.0022970675076393683,0.12508610801212697,0.12444587013337557,0.12570769451732805,4.6108237729336477e-7,3.997540161865265e-7,5.266697315764457e-7,0.9999995389176227,0.9999994733302684,0.9999996002459839,2.296803701882233e-4,1.0590157110400606e-10,9.181565042195041e-11,1.209656989154102e-10
TUR.81.6_1,2061,10,aegypti,18.151040077209473,84.10433434827583,0.0022636641621593587,0.012115176192559552,0.012035537331513595,0.012196652176739056,0,0,0,1,1,1,2.1904028093133743e-4,0,0,0
TUR.81.6_1,2061,11,aegypti,13.030761459294487,69.65961094979795,0.0013130374922972648,0,0,0,0,0,0,1,1,1,1.312951292696818e-4,0,0,0
TUR.81.6_1,2061,12,aegypti,5.722921690520118,84.62397343717558,0.001079993953551873,0,0,0,0,0,0,1,1,1,1.0451008233292036e-4,0,0,0
TUR.81.6_1,2062,1,aegypti,6.154613775365492,82.50545250543945,0.0011661068103093826,0,0,0,0,0,0,1,1,1,1.1284267894484667e-4,0,0,0
TUR.81.6_1,2062,2,aegypti,8.10141068609322,79.88877329996984,8.722831835290024e-4,0,0,0,0,0,0,1,1,1,9.34545453727953e-5,0,0,0
TUR.81.6_1,2062,3,aegypti,10.079898501143736,74.17155749415663,0.001070800342534992,0,0,0,0,0,0,1,1,1,1.0362047062828506e-4,0,0,0
TUR.81.6_1,2062,4,aegypti,16.226074260823868,75.7662960281859,0.0014159365048193415,0.0011639974805224603,0.0011497833781648023,0.0011763376202884267,0,0,0,1,1,1,1.415836265741266e-4,0,0,0
TUR.81.6_1,2062,5,aegypti,19.615831459269806,68.36527341886946,0.0019791048364498865,0.024917741855011544,0.024756265495925904,0.02507065421724557,0,0,0,1,1,1,1.9150793450917192e-4,0,0,0
TUR.81.6_1,2062,6,aegypti,23.712352780734793,65.43028166907104,0.002226039409689706,0.10522151035257057,0.1047056168768498,0.10579301653459151,3.872739624322108e-9,3.3674166621810994e-9,4.491963850883351e-9,0.9999999961272604,0.9999999955080362,0.9999999966325833,2.2257916654999654e-4,8.619911578467615e-13,7.495167940948404e-13,9.998175701023291e-13
TUR.81.6_1,2062,7,aegypti,25.319349457235898,65.17055636914851,0.0026141143542301993,0.1428342169292765,0.14210302463615454,0.14360814389785304,1.649817758464922e-5,1.436374387641659e-5,1.8990243251074122e-5,0.9999835018224154,0.999981009756749,0.9999856362561236,2.529468120333611e-4,4.173161424397278e-9,3.633263222403289e-9,4.80352149009725e-9
TUR.81.6_1,2062,8,aegypti,26.877579352434942,72.0525762009798,0.0031040960153526677,0.2017729638726593,0.20074589113261543,0.20280189139543336,0.03778625516008951,0.03516373881811864,0.04048962202619012,0.9622137448399105,0.9595103779738099,0.9648362611818813,3.0035127410488194e-4,1.1349149880985054e-5,1.0561473756313228e-5,1.2161109563591294e-5
TUR.81.6_1,2062,9,aegypti,23.04308818368351,67.13768500112614,0.002474114420153079,0.09190296210758908,0.09139816188470443,0.09237601937612538,8.724185474040524e-11,7.449438010898035e-11,1.0051412202560783e-10,0.9999999999127581,0.9999999998994858,0.9999999999255057,2.4738083832842594e-4,2.1581963163008212e-14,1.842848220211598e-14,2.4865267770540566e-14
TUR.81.6_1,2062,10,aegypti,15.81372356414795,80.73642205579536,0.0024381365055038155,5.620253848259293e-4,5.555303522026944e-4,5.68489255707875e-4,0,0,0,1,1,1,2.3592086037704796e-4,0,0,0
TUR.81.6_1,2062,11,aegypti,9.791840293828178,79.8942911255792,0.0014142401053040012,0,0,0,0,0,0,1,1,1,1.4141401062639503e-4,0,0,0
TUR.81.6_1,2062,12,aegypti,5.507111868437598,79.46173436246855,0.0011632346917426007,0,0,0,0,0,0,1,1,1,1.1256476331245047e-4,0,0,0
TUR.81.6_1,2063,1,aegypti,6.740685743444105,82.60719048151367,0.0011017463219428715,0,0,0,0,0,0,1,1,1,1.0661492802555017e-4,0,0,0
TUR.81.6_1,2063,2,aegypti,7.309642612057575,77.39244303873937,8.241395905154885e-4,0,0,0,0,0,0,1,1,1,8.829677202293329e-5,0,0,0
TUR.81.6_1,2063,3,aegypti,9.73087182115106,79.15908343409804,0.0010117000676894182,0,0,0,0,0,0,1,1,1,9.79016654826248e-5,0,0,0
TUR.81.6_1,2063,4,aegypti,12.583043140523575,79.89120447545153,0.0013377872614220186,0,0,0,0,0,0,1,1,1,1.337697781674807e-4,0,0,0
TUR.81.6_1,2063,5,aegypti,16.53374584983377,83.77497953459212,0.0018698728581471055,0.002156846235676663,0.002138142147916283,0.0021769900138961643,0,0,0,1,1,1,1.8093906643745772e-4,0,0,0
TUR.81.6_1,2063,6,aegypti,20.564443616306082,77.99945738928588,0.002103178465680024,0.04638136993575793,0.046142654855998756,0.04661604438723934,0,0,0,1,1,1,2.1029573132014256e-4,0,0,0
TUR.81.6_1,2063,7,aegypti,24.862926651449765,75.39037448438289,0.00246983453783883,0.1613720186443022,0.16065867178145143,0.16213376647102426,3.8410099767316095e-4,3.4338294147255306e-4,4.310063496760885e-4,0.9996158990023268,0.9995689936503238,0.9996566170585275,2.3898768349017718e-4,9.179540766017468e-8,8.206429373256856e-8,1.0300520907864568e-7
TUR.81.6_1,2063,8,aegypti,26.050980231341192,67.04266180278644,0.002932772828043921,0.1648287773401619,0.1640150176366222,0.16568243520221868,6.477297134016167e-4,5.727677438618517e-4,7.331091738616957e-4,0.9993522702865983,0.9992668908261384,0.9994272322561382,2.837764531378184e-4,1.8381044066108646e-7,1.6253799882486672e-7,2.0803912112126824e-7
TUR.81.6_1,2063,9,aegypti,21.47144816903507,74.18406027578435,0.002337561566719839,0.06309965588607946,0.06277993661637629,0.06340250706097214,2.0303758674344863e-15,1.7763568394002505e-15,2.3314683517128287e-15,0.999999999999998,0.9999999999999977,0.9999999999999982,2.3372883783023823e-4,4.745573918540243e-19,4.151858196448157e-19,5.449313882838206e-19
TUR.81.6_1,2063,10,aegypti,17.655787467956543,68.78286599500434,0.0023035693673899298,0.006225655500993033,0.006172994149481114,0.006278399281903994,0,0,0,1,1,1,2.229012216423687e-4,0,0,0
TUR.81.6_1,2063,11,aegypti,9.56312535089605,83.68988438729795,0.001336184490638032,0,0,0,0,0,0,1,1,1,1.3360952251639802e-4,0,0,0
TUR.81.6_1,2063,12,aegypti,5.728409609373878,86.77973515592558,0.0010990327231205676,0,0,0,0,0,0,1,1,1,1.0635234965117313e-4,0,0,0
TUR.81.6_1,2064,1,aegypti,3.176188511006972,83.58505760797851,0.0011499185856831417,0,0,0,0,0,0,1,1,1,1.112762521142674e-4,0,0,0
TUR.81.6_1,2064,2,aegypti,5.045355617123493,77.84354624918859,8.908943980969996e-4,0,0,0,0,0,0,1,1,1,9.215724271871562e-5,0,0,0
TUR.81.6_1,2064,3,aegypti,8.857006693587584,74.36630541896132,0.0010559351892560972,0,0,0,0,0,0,1,1,1,1.021820554377717e-4,0,0,0
TUR.81.6_1,2064,4,aegypti,15.485904735677384,65.7689930191527,0.0013962800736983978,1.81637327722742e-4,1.790188387037613e-4,1.8429659141832742e-4,0,0,0,1,1,1,1.3961825983332954e-4,0,0,0
TUR.81.6_1,2064,5,aegypti,17.3440037615159,74.98426908537337,0.0019516303432318676,0.005056318710216639,0.0050140823987230585,0.005101384479362598,0,0,0,1,1,1,1.8884961823628643e-4,0,0,0
TUR.81.6_1,2064,6,aegypti,20.593606976901786,79.93437102453979,0.0021951369008694713,0.048452062628316465,0.048199216252909335,0.04870872478227989,0,0,0,1,1,1,2.194895987197576e-4,0,0,0
TUR.81.6_1,2064,7,aegypti,26.393152405233945,66.80923587354305,0.0025778244792454786,0.17104259060386587,0.17015229057080708,0.1718877188489387,0.0015690661750279715,0.0013858779147463002,0.001756859999152982,0.99843093382497206,0.998243140000847,0.9986141220852537,2.494357708122674e-4,3.913812308235582e-7,3.4568752591644125e-7,4.3822372809796353e-7
TUR.81.6_1,2064,8,aegypti,25.87641777711756,75.56739629985675,0.0030610040763349917,0.19170272737613894,0.19076451018318735,0.1925553979056707,0.016885334007230142,0.015466373867608659,0.01823226075254535,0.9831146659927699,0.9817677392474546,0.9845336261323914,2.9618233028660956e-4,5.001137573929159e-6,4.580866653192256e-6,5.400073476081975e-6
TUR.81.6_1,2064,9,aegypti,23.509909854215735,82.64338797353825,0.002439768063858467,0.13670465457361128,0.13614087346636528,0.13727672261247142,5.115356418152417e-6,4.570827011815548e-6,5.712740137267525e-6,0.9999948846435819,0.9999942872598627,0.9999954291729882,2.4394704646513166e-4,1.2478760898247372e-9,1.1150397494354464e-9,1.3936060837092235e-9
TUR.81.6_1,2064,10,aegypti,17.848631858825684,84.22094201429145,0.002404289604798328,0.009430449678438488,0.00936408582579987,0.009494480651296707,0,0,0,1,1,1,2.326461212542874e-4,0,0,0
TUR.81.6_1,2064,11,aegypti,12.067939498845268,75.11543675546201,0.001394607224081032,0,0,0,0,0,0,1,1,1,1.394509982136638e-4,0,0,0
TUR.81.6_1,2064,12,aegypti,8.063050589140722,80.01020390592558,0.001147086338678811,0,0,0,0,0,0,1,1,1,1.1100219415649537e-4,0,0,0
TUR.81.6_1,2065,1,aegypti,2.9489832345177143,83.16939293512695,0.0010897906939278626,0,0,0,0,0,0,1,1,1,1.0545805444983625e-4,0,0,0
TUR.81.6_1,2065,2,aegypti,6.845325290280231,78.52545390299719,8.151964189519389e-4,0,0,0,0,0,0,1,1,1,8.733865921639605e-5,0,0,0
TUR.81.6_1,2065,3,aegypti,6.724937105880064,81.99511248683241,0.001000721578874748,0,0,0,0,0,0,1,1,1,9.683933453097371e-5,0,0,0
TUR.81.6_1,2065,4,aegypti,14.576997799031876,72.71875727086169,0.001323270229195785,0,0,0,0,0,0,1,1,1,1.3231826808524083e-4,0,0,0
TUR.81.6_1,2065,5,aegypti,16.55145653556375,74.665329876389,0.001849581885640889,0.001909782043310606,0.0018903112426850162,0.0019292175625415333,0,0,0,1,1,1,1.7897577730896508e-4,0,0,0
TUR.81.6_1,2065,6,aegypti,21.960626630222098,76.60476592200072,0.002080355771486223,0.07810812666608985,0.07773255594606576,0.07847956622583227,8.795401074124243e-13,7.653822020614598e-13,1.0038692099811898e-12,0.9999999999991205,0.9999999999989961,0.9999999999992346,2.0801393924840816e-4,1.829566024698264e-16,1.5921016688142537e-16,2.0881878885837468e-16
TUR.81.6_1,2065,7,aegypti,26.447357346029843,66.85929614575984,0.0024430330660254727,0.17228521400006144,0.17139200730502444,0.1732079418709755,0.0018567562307388525,0.0016427339216768754,0.002096129937279575,0.9981432437692611,0.9979038700627204,0.9983572660783231,2.3639460916680122e-4,4.38927163483534e-7,3.8833344337985164e-7,4.955138172860368e-7
TUR.81.6_1,2065,8,aegypti,25.990488669451544,74.97320379497394,0.0029009477696922067,0.19253973963939042,0.1916625899229993,0.19344116390362182,0.018217652873470533,0.0168124474980315,0.019722611366282422,0.9817823471265295,0.9802773886337176,0.9831875525019684,2.806974780271698e-4,5.113649217157602e-6,4.7192116121616425e-6,5.5360872706254695e-6
TUR.81.6_1,2065,9,aegypti,22.30078624276554,68.28077429555974,0.002312195458390473,0.0756895718653713,0.07530697608277255,0.0760893852090686,3.604633258547096e-13,3.113009849897708e-13,4.1744663281662043e-13,0.9999999999996395,0.9999999999995826,0.9999999999996887,2.3119281665995306e-4,8.333653160696481e-17,7.197055154880287e-17,9.651066284608767e-17
TUR.81.6_1,2065,10,aegypti,17.92756938934326,77.4563775001313,0.0022785721262693816,0.009099624234135548,0.009029934286336961,0.009169050798712615,0,0,0,1,1,1,2.204826700843432e-4,0,0,0
TUR.81.6_1,2065,11,aegypti,11.335330703679253,81.03576298837217,0.0013216848509194066,0,0,0,0,0,0,1,1,1,1.3215975122249368e-4,0,0,0
TUR.81.6_1,2065,12,aegypti,7.031130632933448,83.79091221891386,0.0010871065417916563,0,0,0,0,0,0,1,1,1,1.051983251512123e-4,0,0,0
TUR.81.6_1,2066,1,aegypti,9.009872717015883,79.93819176325195,0.001126317184241789,0,0,0,0,0,0,1,1,1,1.089924970708589e-4,0,0,0
TUR.81.6_1,2066,2,aegypti,10.7178762546357,73.79841838053625,8.42519339093122e-4,0,0,0,0,0,0,1,1,1,9.026585498106421e-5,0,0,0
TUR.81.6_1,2066,3,aegypti,8.600278521285338,78.4651289663246,0.001034262741651575,0,0,0,0,0,0,1,1,1,1.0008493390922801e-4,0,0,0
TUR.81.6_1,2066,4,aegypti,12.5760574761559,77.02140009312731,0.0013676222478712415,0,0,0,0,0,0,1,1,1,1.3675287326042618e-4,0,0,0
TUR.81.6_1,2066,5,aegypti,16.051452720866486,77.98825925871321,0.0019115742803338352,8.797554217829578e-4,8.699719529986311e-4,8.896781608078727e-4,0,0,0,1,1,1,1.8497394959615665e-4,0,0,0
TUR.81.6_1,2066,6,aegypti,20.734796552097098,77.14028838293822,0.002150083009349517,0.049309976297489046,0.04904816484883795,0.04956791918694977,0,0,0,1,1,1,2.1498518830675994e-4,0,0,0
TUR.81.6_1,2066,7,aegypti,24.63187043807086,78.70763522657039,0.0025249161506581334,0.1643127284460028,0.16356371244216134,0.1650154041884882,5.995787504814199e-4,5.353014591946869e-4,6.645786731020009e-4,0.9994004212495186,0.999335421326898,0.9994646985408052,2.4431687402770574e-4,1.4648720605105826e-7,1.307831791729154e-7,1.6236778395776138e-7
TUR.81.6_1,2066,8,aegypti,24.644909522112677,73.89415563823566,0.0029981787712058633,0.15043943594246806,0.14974109423868814,0.15115840202224798,6.435312555587414e-5,5.692143972883257e-5,7.269828568904901e-5,0.9999356468744441,0.9999273017143109,0.9999430785602711,2.901042443208546e-4,1.8669114859071942e-8,1.6513151258188042e-8,2.109008123324316e-8
TUR.81.6_1,2066,9,aegypti,22.71947978524601,75.92052572988591,0.002389693261854369,0.09801400847450714,0.09758132147134274,0.09847638550513618,5.319798500602601e-10,4.689358262810472e-10,6.057564644335045e-10,0.9999999994680201,0.9999999993942436,0.9999999995310642,2.3894077529029722e-4,1.2711167781221464e-13,1.1204788989298955e-13,1.4473991924885092e-13
TUR.81.6_1,2066,10,aegypti,17.12787914276123,77.69469689710395,0.0023549429772626003,0.004179236108698374,0.004143577345745413,0.00421622485698291,0,0,0,1,1,1,2.2787174076710492e-4,0,0,0
TUR.81.6_1,2066,11,aegypti,13.288354614201713,84.47917576913389,0.0013659837325066325,0,0,0,0,0,0,1,1,1,1.3658904411761874e-4,0,0,0
TUR.81.6_1,2066,12,aegypti,4.859965166624854,82.74614293180448,0.0011235430674384676,0,0,0,0,0,0,1,1,1,1.0872406337880669e-4,0,0,0
TUR.81.6_1,2067,1,aegypti,6.165955824010512,82.78571068415039,0.0011362195311775778,0,0,0,0,0,0,1,1,1,1.0995068380414974e-4,0,0,0
TUR.81.6_1,2067,2,aegypti,6.167053042965778,85.95854411295812,8.499265942718023e-4,0,0,0,0,0,0,1,1,1,9.10594175115298e-5,0,0,0
TUR.81.6_1,2067,3,aegypti,7.702610636458678,80.09921557521132,0.0010433557650324518,0,0,0,0,0,0,1,1,1,1.009648154549625e-4,0,0,0
TUR.81.6_1,2067,4,aegypti,13.392757457845352,80.18393671422106,0.0013796460988476792,0,0,0,0,0,0,1,1,1,1.3795509320568833e-4,0,0,0
TUR.81.6_1,2067,5,aegypti,16.59403046439676,82.92113584562728,0.0019283804446916478,0.0023207460952519867,0.002299127785925729,0.0023420434470945587,0,0,0,1,1,1,1.8660005043402705e-4,0,0,0
TUR.81.6_1,2067,6,aegypti,23.150564221774832,75.66060546057494,0.0021689860929543863,0.11007333278850885,0.10954632306373176,0.11061734304598936,1.3575936773646547e-8,1.1853939629880017e-8,1.5531981339966805e-8,0.9999999864240632,0.9999999844680186,0.9999999881460604,2.168750884926629e-4,2.9442824891553914e-12,2.5708242062169123e-12,3.36849982757169e-12
TUR.81.6_1,2067,7,aegypti,26.40443437239703,68.87152606519344,0.002547114689451115,0.17891721920996045,0.17796096416826757,0.17977663690303716,0.004327171594340481,0.0038458477563975773,0.004789908983550695,0.9956728284056595,0.9952100910164493,0.9961541522436024,2.464645925578379e-4,1.0664945839269766e-6,9.47865300320004e-7,1.1805429660199497e-6
TUR.81.6_1,2067,8,aegypti,27.616579672869513,58.224733488577456,0.0030245381367410553,0.15654010035959331,0.15551786754562535,0.15750977245864406,1.7908838608935075e-4,1.5105793065091076e-4,2.0875782305162792e-4,0.9998209116139106,0.9997912421769484,0.9998489420693492,2.926544073815762e-4,5.2411005499901855e-8,4.420776917492953e-8,6.109389699144212e-8
TUR.81.6_1,2067,9,aegypti,21.657443270963782,74.60776633047185,0.002410702949072209,0.06798731861167588,0.06762436818500041,0.06832007018655828,1.7030599153144976e-14,1.454392162258955e-14,1.9539925233402755e-14,0.999999999999983,0.9999999999999805,0.9999999999999855,2.4104123979851177e-4,4.10507673438555e-18,3.505684899441368e-18,4.709927803829625e-18
TUR.81.6_1,2067,10,aegypti,16.54698657989502,67.35884713514106,0.0023756471471901436,0.001679884049992906,0.001660719379634958,0.0016977802006284582,0,0,0,1,1,1,2.2987491153758643e-4,0,0,0
TUR.81.6_1,2067,11,aegypti,12.350570419255424,77.27595158700498,0.0013779931779960308,0,0,0,0,0,0,1,1,1,1.37789823909662e-4,0,0,0
TUR.81.6_1,2067,12,aegypti,9.999121985014746,77.35452611051542,0.0011334210249150428,0,0,0,0,0,0,1,1,1,1.0967989035792769e-4,0,0,0
TUR.81.6_1,2068,1,aegypti,9.44858102237477,78.06825005182617,0.001141678967285506,0,0,0,0,0,0,1,1,1,1.1047895810056829e-4,0,0,0
TUR.81.6_1,2068,2,aegypti,5.191174804287799,80.40833506754797,8.845107897578493e-4,0,0,0,0,0,0,1,1,1,9.14969300823687e-5,0,0,0
TUR.81.6_1,2068,3,aegypti,9.391279841170592,76.6863203725746,0.0010483689988140695,0,0,0,0,0,0,1,1,1,1.0144991801031011e-4,0,0,0
TUR.81.6_1,2068,4,aegypti,12.115373653524063,84.19829523472887,0.0013862751784590858,0,0,0,0,0,0,1,1,1,1.3861790949554198e-4,0,0,0
TUR.81.6_1,2068,5,aegypti,18.188287819133087,71.47866910978743,0.001937646145148901,0.010263223980317763,0.010186752534336275,0.01033949145023856,0,0,0,1,1,1,1.874965634007797e-4,0,0,0
TUR.81.6_1,2068,6,aegypti,24.723869351779715,60.89934828894408,0.002179407882642508,0.11864745685309276,0.11799827704937874,0.11934244077644082,1.0819010165263875e-7,9.275076079673372e-8,1.267062159859833e-7,0.9999998918098983,0.9999998732937839,0.9999999072492393,2.1791704089590969e-4,2.3576466806370706e-11,2.021197133366856e-11,2.7611443650783486e-11
TUR.81.6_1,2068,7,aegypti,23.780794311972226,82.16484195264461,0.0025593533541853957,0.14502776524841673,0.14443202614769396,0.1456218447683221,2.4659798309063063e-5,2.2089772393882325e-5,2.742368619444435e-5,0.999975340201691,0.9999725763138055,0.9999779102276061,2.476486868568939e-4,6.1069666693953205e-9,5.470503126312622e-9,6.791439874829674e-9
TUR.81.6_1,2068,8,aegypti,25.79892410951502,74.25130285503253,0.0030390707796506666,0.18454716157296794,0.18366137661145784,0.18541933385916048,0.008248329772625813,0.007479877173820343,0.009050770209730422,0.9917516702273742,0.9909492297902696,0.9925201228261796,2.9406037960588716e-4,2.4255069840528873e-6,2.1995355211390204e-6,2.6614729235989827e-6
TUR.81.6_1,2068,9,aegypti,22.168128238004797,72.64968222402653,0.0024222861672483775,0.07823842467258318,0.07783225399678517,0.07859488571069886,9.222008712228558e-13,7.937928092616175e-13,1.0466100208716966e-12,0.9999999999990778,0.9999999999989534,0.9999999999992062,2.4219928174207261e-4,2.2335638863208926e-16,1.9225604825518583e-16,2.5348819531918055e-16
TUR.81.6_1,2068,10,aegypti,20.24879550933838,71.34823083265083,0.0023870619252846764,0.03606592962838129,0.03585286185007612,0.036275169696640845,0,0,0,1,1,1,2.3097931293958318e-4,0,0,0
TUR.81.6_1,2068,11,aegypti,12.246293762150932,80.8972208130792,0.0013846143154663865,0,0,0,0,0,0,1,1,1,1.3845184620497886e-4,0,0,0
TUR.81.6_1,2068,12,aegypti,5.508357367094825,86.05061680875761,0.0011388670144435742,0,0,0,0,0,0,1,1,1,1.1020686365903476e-4,0,0,0
TUR.81.6_1,2069,1,aegypti,4.951820177190443,83.21487175592773,0.0010927380856177924,0,0,0,0,0,0,1,1,1,1.0574325578305288e-4,0,0,0
TUR.81.6_1,2069,2,aegypti,4.461995898800739,79.03153453043859,8.174011571317261e-4,0,0,0,0,0,0,1,1,1,8.757486050492425e-5,0,0,0
TUR.81.6_1,2069,3,aegypti,8.437423372969908,83.42556292628554,0.0010034280788310639,0,0,0,0,0,0,1,1,1,9.710122848316516e-5,0,0,0
TUR.81.6_1,2069,4,aegypti,11.112572712056778,82.89545404820544,0.0013268490775918988,0,0,0,0,0,0,1,1,1,1.326761055061576e-4,0,0,0
TUR.81.6_1,2069,5,aegypti,18.580211723552033,74.67018217131087,0.0018545841693912983,0.014463706913553821,0.014356295656648367,0.014557190878560519,0,0,0,1,1,1,1.7945978252686956e-4,0,0,0
TUR.81.6_1,2069,6,aegypti,21.761217145358817,71.92316344397338,0.002085982194382968,0.06742575442901447,0.06707828145630114,0.06778090024298233,1.3448686608796834e-14,1.1546319456101628e-14,1.5545897902313752e-14,0.9999999999999866,0.9999999999999843,0.9999999999999885,2.0857646434246924e-4,2.8050795029127562e-18,2.40829048832234e-18,3.2425084194936115e-18
TUR.81.6_1,2069,7,aegypti,26.881054092856015,70.17120868238094,0.002449640367222985,0.1937775812400946,0.19277393452668903,0.19480857902474422,0.02032502870053314,0.018592352523047355,0.022185360615382947,0.9796749712994669,0.977814639384617,0.9814076474769526,2.3703387405282772e-4,4.817720293122281e-6,4.40701734629378e-6,5.2586819739232455e-6
TUR.81.6_1,2069,8,aegypti,25.679669043597052,75.67301000835285,0.002908793523374039,0.18652487194024003,0.1856324125681013,0.18734946949934564,0.010175323017153817,0.009257907707390356,0.011067457973520574,0.9898246769828462,0.9889325420264794,0.9907420922926097,2.814565311001216e-4,2.863911119231336e-6,2.605698588567169e-6,3.1150083293234826e-6
TUR.81.6_1,2069,9,aegypti,23.809834704679602,75.10366171621403,0.002318448902944116,0.1285995681326724,0.12803244296700148,0.12918244037860935,9.807728195753151e-7,8.679975465497592e-7,1.1069884110898043e-6,0.9999990192271804,0.999998893011589,0.9999991320024534,2.3181801634475363e-4,2.2736080951880052e-10,2.012174694332781e-10,2.566198575754691e-10
TUR.81.6_1,2069,10,aegypti,15.375518798828125,72.66520928724067,0.002284734634893553,1.43920605294546e-4,1.4169306164382123e-4,1.4610389278481309e-4,0,0,0,1,1,1,2.2107891021916348e-4,0,0,0
TUR.81.6_1,2069,11,aegypti,11.684690216008354,75.06270238046201,0.0013252594115832214,0,0,0,0,0,0,1,1,1,1.3251715998374713e-4,0,0,0
TUR.81.6_1,2069,12,aegypti,8.54749520736582,80.36501652799589,0.0010900466740621905,0,0,0,0,0,0,1,1,1,1.0548282410816068e-4,0,0,0
TUR.81.6_1,2070,1,aegypti,7.814213556401869,83.2170613921582,0.0011822554300323558,0,0,0,0,0,0,1,1,1,1.1440527102735132e-4,0,0,0
TUR.81.6_1,2070,2,aegypti,5.464316665249713,81.36324534586828,8.843628397809174e-4,0,0,0,0,0,0,1,1,1,9.474867246606067e-5,0,0,0
TUR.81.6_1,2070,3,aegypti,9.936928415999693,75.18935687159804,0.0010856291278383205,0,0,0,0,0,0,1,1,1,1.05055364637896e-4,0,0,0
TUR.81.6_1,2070,4,aegypti,13.637484592549942,75.76645624547106,0.0014355448459816207,0,0,0,0,0,0,1,1,1,1.4354418114614909e-4,0,0,0
TUR.81.6_1,2070,5,aegypti,18.16334732841043,69.407578411545245,0.0020065121126214805,0.009738758552362111,0.009659736617141531,0.009818591955652755,0,0,0,1,1,1,1.9415974010150716e-4,0,0,0
TUR.81.6_1,2070,6,aegypti,21.8636913580053,76.95667174475463,0.00225686631473616,0.07598970233603647,0.07560189632094962,0.07635011341269408,4.0317560401348375e-13,3.4783009805749997e-13,4.599792768900102e-13,0.9999999999995969,0.99999999999954,0.9999999999996522,2.256611661615171e-4,9.098107696955678e-17,7.849174555373029e-17,1.0379946003313107e-16
TUR.81.6_1,2070,7,aegypti,27.62088601729449,63.22289020093562,0.0026503154451128,0.17600985409562553,0.1749472684771453,0.1770196305985638,0.0030201873424751126,0.0026313018859514922,0.003422795041883875,0.9969798126575249,0.9965772049581162,0.9973686981140485,2.564492511174521e-4,7.745247822121505e-7,6.747953981161996e-7,8.777732252196478e-7
TUR.81.6_1,2070,8,aegypti,26.36307778077967,69.37427725078449,0.0031470825288455674,0.17996316016735095,0.17904760463564726,0.18088332101801696,0.004904020695974582,0.004389479997289556,0.005456743920215409,0.9950959793040254,0.9945432560797846,0.9956105200027104,3.0451000117470706e-4,1.4933233478920075e-6,1.3366405591309954e-6,1.6616330975548699e-6
TUR.81.6_1,2070,9,aegypti,21.002606616300696,73.25047415517888,0.002508376747213476,0.05180519083655628,0.05153724287578711,0.05207375111603626,0,0,0,1,1,1,2.508062175821113e-4,0,0,0
TUR.81.6_1,2070,10,aegypti,15.179813385009766,81.71897363050239,0.0024719005989058884,7.78925457022753e-5,7.671255658373225e-5,7.910155778304252e-5,0,0,0,1,1,1,2.39187577080191e-4,0,0,0
TUR.81.6_1,2070,11,aegypti,13.911859252873588,74.01369114999326,0.0014338249541837303,0,0,0,0,0,0,1,1,1,1.4337221663962563e-4,0,0,0
TUR.81.6_1,2070,12,aegypti,8.409178099211523,80.05605656705839,0.001179343537449914,0,0,0,0,0,0,1,1,1,1.1412350717032727e-4,0,0,0
TUR.81.6_1,2071,1,aegypti,6.332462591283461,81.34859978327148,0.0011452439872871494,0,0,0,0,0,0,1,1,1,1.1082392186123613e-4,0,0,0
TUR.81.6_1,2071,2,aegypti,6.905954181271442,80.99893412760656,8.566771605452181e-4,0,0,0,0,0,0,1,1,1,9.178262634690348e-5,0,0,0
TUR.81.6_1,2071,3,aegypti,8.2399422175744,78.88449389552382,0.0010516426480245487,0,0,0,0,0,0,1,1,1,1.0176669058270527e-4,0,0,0
TUR.81.6_1,2071,4,aegypti,12.690455478780411,79.82303583531481,0.0013906039774302529,0,0,0,0,0,0,1,1,1,1.39050729294099e-4,0,0,0
TUR.81.6_1,2071,5,aegypti,17.255764091716095,73.83319944426009,0.0019436966615037632,0.0045246168557831696,0.004480228049929338,0.004565220930993318,0,0,0,1,1,1,1.8808198728459402e-4,0,0,0
TUR.81.6_1,2071,6,aegypti,21.779846219455496,76.58949187414916,0.0021862133270064642,0.07337172483548193,0.07300528709912937,0.07373566569809792,1.4893997146714354e-13,1.2889411760141913e-13,1.7097712134983568e-13,0.999999999999851,0.9999999999998289,0.9999999999998711,2.1859743679852883e-4,3.25578959995636e-17,2.817592372607836e-17,3.73751604782651e-17
TUR.81.6_1,2071,7,aegypti,24.944471527548398,70.46967059644344,0.0025673452206911246,0.14895440769377233,0.14825798680628696,0.14968818142251655,4.9719772964209596e-5,4.3905906045449415e-5,5.640022938128708e-5,0.9999502802270358,0.9999435997706188,0.9999560940939546,2.484219014609046e-4,1.2351480539973424e-8,1.090718866517437e-8,1.4011052225730516e-8
TUR.81.6_1,2071,8,aegypti,27.617396018084357,66.15722097637043,0.0030485606173601453,0.18828714548220143,0.18721147211501227,0.1893584437505496,0.01218026592488257,0.010912542346289106,0.013520321444128224,0.9878197340751175,0.9864796785558718,0.9890874576537109,2.9497848051895925e-4,3.5929163348387165e-6,3.2189651599071587e-6,3.988203875716845e-6
TUR.81.6_1,2071,9,aegypti,21.481459842008704,79.11160391592107,0.0024298500261644065,0.06867151676315547,0.06833813695420118,0.06902756647703674,2.2649881969982744e-14,1.965094753586527e-14,2.6201263381153694e-14,0.9999999999999774,0.9999999999999738,0.9999999999999803,2.4295548415154133e-4,5.5029130399924245e-18,4.774305472612685e-18,6.365740630150247e-18
TUR.81.6_1,2071,10,aegypti,19.15504550933838,83.17416619642036,0.0023945157925736875,0.024055255065988625,0.02391310021156619,0.024202415141200282,0,0,0,1,1,1,2.317004880600937e-4,0,0,0
TUR.81.6_1,2071,11,aegypti,12.11161873621099,86.7867700684503,0.0013889379282074849,0,0,0,0,0,0,1,1,1,1.388841475244984e-4,0,0,0
TUR.81.6_1,2071,12,aegypti,7.186033091124366,79.78939396940214,0.0011424232538086183,0,0,0,0,0,0,1,1,1,1.1055097786849544e-4,0,0,0
TUR.81.6_1,2072,1,aegypti,3.3464849415947406,84.79050194391601,0.001124265754484769,0,0,0,0,0,0,1,1,1,1.0879399322860639e-4,0,0,0
TUR.81.6_1,2072,2,aegypti,5.093083678799518,86.1760200040714,8.710199792516159e-4,0,0,0,0,0,0,1,1,1,9.010145571497485e-5,0,0,0
TUR.81.6_1,2072,3,aegypti,7.486627245650572,73.278826781266,0.0010323789762305322,0,0,0,0,0,0,1,1,1,9.990265225867656e-5,0,0,0
TUR.81.6_1,2072,4,aegypti,13.170670551412247,76.12992060093981,0.0013651313145756315,0,0,0,0,0,0,1,1,1,1.3650381396401734e-4,0,0,0
TUR.81.6_1,2072,5,aegypti,17.921012962565705,77.75031370207259,0.0019080926142309863,0.009090590209271028,0.009023615328707513,0.009160954895852957,0,0,0,1,1,1,1.8463707643445737e-4,0,0,0
TUR.81.6_1,2072,6,aegypti,23.819116620456473,69.67677214758666,0.002146166932841804,0.11665549308879072,0.1160726176306879,0.11720622136754234,6.780713645904157e-8,5.89070702911032e-8,7.703129061842339e-8,0.9999999321928635,0.9999999229687094,0.9999999410929297,2.145936647691693e-4,1.4550981910248885e-11,1.2641084094582893e-11,1.6530426955706408e-11
TUR.81.6_1,2072,7,aegypti,26.762191940756406,57.06464892896297,0.0025203173678304282,0.14343272995245865,0.14250365664755316,0.14435144166840055,1.8452997537316552e-5,1.547787296301284e-5,2.1766631272523985e-5,0.9999815470024627,0.9999782333687275,0.9999845221270369,2.438719391608668e-4,4.500168292756087e-9,3.7746188935754925e-9,5.3082705774299896e-9
TUR.81.6_1,2072,8,aegypti,27.962595603045294,64.08951391460285,0.0029927180064815307,0.18296451243627046,0.18177182626591995,0.18412891720970204,0.006934550535467868,0.0060470439253925146,0.007874267388551641,0.9930654494645321,0.9921257326114483,0.9939529560746075,2.89575936387676e-4,2.0080789647357678e-6,1.7510784070729452e-6,2.280198352406782e-6
TUR.81.6_1,2072,9,aegypti,23.27856181649601,70.14607733511052,0.0023853407686702946,0.1031809404706616,0.10267163191824817,0.10366158913795201,2.2410387203741777e-9,1.9471664974846092e-9,2.545760924288487e-9,0.9999999977589613,0.9999999974542391,0.9999999980528336,2.3850562987604018e-4,5.345003515794384e-13,4.644101719560898e-13,6.071783127612358e-13
TUR.81.6_1,2072,10,aegypti,18.025017738342285,75.77257012708442,0.0023506537768781693,0.0096211482643298,0.009545120682794311,0.009694599945883817,0,0,0,1,1,1,2.2745675135871224e-4,0,0,0
TUR.81.6_1,2072,11,aegypti,12.082347610417534,75.3357202637628,0.001363495783538371,0,0,0,0,0,0,1,1,1,1.3634028317255353e-4,0,0,0
TUR.81.6_1,2072,12,aegypti,6.773947557982276,84.41166264615995,0.001121496690348529,0,0,0,0,0,0,1,1,1,1.0852604839794999e-4,0,0,0
TUR.81.6_1,2073,1,aegypti,6.777924818151137,85.62694298395508,0.0012193317257451594,0,0,0,0,0,0,1,1,1,1.1799288271918673e-4,0,0,0
TUR.81.6_1,2073,2,aegypti,8.760484515744098,79.4164985196964,9.120970309989983e-4,0,0,0,0,0,0,1,1,1,9.771990699158906e-5,0,0,0
TUR.81.6_1,2073,3,aegypti,7.917074824080748,79.08015734767226,0.0011196751601556046,0,0,0,0,0,0,1,1,1,1.0834979039764381e-4,0,0,0
TUR.81.6_1,2073,4,aegypti,14.089599651448868,68.8830410233031,0.0014805644617656214,0,0,0,0,0,0,1,1,1,1.4804548636182524e-4,0,0,0
TUR.81.6_1,2073,5,aegypti,18.13754853080301,67.5931634335179,0.0020694376315483335,0.009268808950937492,0.00919432483288901,0.009342089256184386,0,0,0,1,1,1,2.0024810556285022e-4,0,0,0
TUR.81.6_1,2073,6,aegypti,22.81925585690667,62.455462485721426,0.002327643103528014,0.0795061394837859,0.07909060853225158,0.07993707160560153,1.455617293366629e-12,1.2507633817548935e-12,1.6912693467929785e-12,0.9999999999985444,0.9999999999983088,0.9999999999987492,2.3273722284244958e-4,3.387763263795924e-16,2.910991959026645e-16,3.936213308511615e-16
TUR.81.6_1,2073,7,aegypti,27.416149307699765,59.270566287361405,0.0027334310533638213,0.15850830788469694,0.1574801856950298,0.1595827659080772,2.457039171463876e-4,2.077672938860575e-4,2.902403461865238e-4,0.9997542960828536,0.9997097596538135,0.999792232706114,2.644906020013993e-4,6.498637696015e-8,5.4952496636125006e-8,7.676584388796822e-8
TUR.81.6_1,2073,8,aegypti,27.60481896119959,66.14451040508136,0.0032457770744640907,0.18806664561267822,0.18687082006477168,0.18913376494190928,0.011915541581387806,0.010537353621299395,0.013227193737714795,0.9880844584186121,0.9867728062622853,0.9894626463787005,3.140581322360614e-4,3.74217273363178e-6,3.3093415970161854e-6,4.154107759991236e-6
TUR.81.6_1,2073,9,aegypti,23.760501132291907,72.27414053701482,0.002587041066003081,0.12072638541160739,0.12013279843323367,0.12129677856989599,1.743514833336679e-7,1.5193398168467097e-7,1.980256818856496e-7,0.9999998256485166,0.999999801974318,0.9999998480660183,2.5867064557849595e-4,4.5099610751488254e-11,3.9300861127685223e-11,5.1223430974482856e-11
TUR.81.6_1,2073,10,aegypti,18.76937770843506,77.11711358411567,0.0025494210020688348,0.01711859281627873,0.017005020530283924,0.017225213829835658,0,0,0,1,1,1,2.466877290677738e-4,0,0,0
TUR.81.6_1,2073,11,aegypti,11.968898513737846,84.68180485848936,0.0014787906330474406,0,0,0,0,0,0,1,1,1,1.4786812973499597e-4,0,0,0
TUR.81.6_1,2073,12,aegypti,9.825935682829687,79.62802464567167,0.001216328514326087,0,0,0,0,0,0,1,1,1,1.1770228360641344e-4,0,0,0
TUR.81.6_1,2074,1,aegypti,7.432425779454848,81.30711113581054,0.0011208480954731143,0,0,0,0,0,0,1,1,1,1.0846328796187965e-4,0,0,0
TUR.81.6_1,2074,2,aegypti,5.286811172085651,81.28465495280187,8.384282951853377e-4,0,0,0,0,0,0,1,1,1,8.982756831787952e-5,0,0,0
TUR.81.6_1,2074,3,aegypti,10.428846979842467,74.7909117422035,0.0010292406441257942,0,0,0,0,0,0,1,1,1,9.9598972995385e-5,0,0,0
TUR.81.6_1,2074,4,aegypti,12.200538677327774,79.27059900670153,0.001360981447588453,0,0,0,0,0,0,1,1,1,1.3608888382643514e-4,0,0,0
TUR.81.6_1,2074,5,aegypti,16.903575981364533,76.87860960051009,0.0019022921974771322,0.0031675068200191702,0.003140478250518624,0.003197861541537123,0,0,0,1,1,1,1.8407584926571907e-4,0,0,0
TUR.81.6_1,2074,6,aegypti,21.835226087009207,78.48676970618041,0.0021396427932162017,0.0771849145375265,0.0768015887788289,0.07755819716497604,6.277863784376336e-13,5.437872374614017e-13,7.182227035329446e-13,0.9999999999993722,0.9999999999992818,0.9999999999994562,2.139413905977161e-4,1.343094908012514e-16,1.1633859777178274e-16,1.536575639526894e-16
TUR.81.6_1,2074,7,aegypti,24.887815643759335,79.83244449170711,0.002512655847117879,0.17644100137801447,0.17568284507789017,0.17716294648984146,0.00318638961518871,0.0028916359128573904,0.0034844795878681612,0.9968136103848113,0.9965155204121319,0.9971083640871427,2.4313068221359924e-4,7.74709080939159e-7,7.030454122063611e-7,8.471838993577471e-7
TUR.81.6_1,2074,8,aegypti,25.423159262713263,77.1378919053255,0.002983620433578156,0.18429350060533725,0.18348171394914134,0.1851145725551613,0.008023952400566654,0.007332673522780534,0.008760956303868908,0.9919760475994334,0.9912390436961311,0.9926673264772194,2.8869578066492707e-4,2.3164812022998056e-6,2.116911907020167e-6,2.529251119516748e-6
TUR.81.6_1,2074,9,aegypti,23.293839679044837,74.19675558828435,0.0023780895637470875,0.11137243233221979,0.11081100638370163,0.11189524076086325,1.88015837001565e-8,1.6304800057320713e-8,2.1361726376678544e-8,0.9999999811984163,0.9999999786382736,0.9999999836951999,2.3778068206614655e-4,4.470653396146956e-12,3.876966478581865e-12,5.079405867957018e-12
TUR.81.6_1,2074,10,aegypti,18.35792064666748,81.89200066907661,0.0023435080170506723,0.013744511207864558,0.013648421978963241,0.013837811151280102,0,0,0,1,1,1,2.267653832671579e-4,0,0,0
TUR.81.6_1,2074,11,aegypti,11.063556411687065,80.04468937997373,0.0013593508884071496,0,0,0,0,0,0,1,1,1,1.3592585008515012e-4,0,0,0
TUR.81.6_1,2074,12,aegypti,6.599479040678809,79.41498906217558,0.0011180874490236724,0,0,0,0,0,0,1,1,1,1.0819615756940681e-4,0,0,0
TUR.81.6_1,2075,1,aegypti,10.288253110997816,77.78193413385742,0.0012475320863919023,0,0,0,0,0,0,1,1,1,1.2072162414455967e-4,0,0,0
TUR.81.6_1,2075,2,aegypti,7.459920703488239,82.76001200846594,9.331917541788421e-4,0,0,0,0,0,0,1,1,1,9.997983248821729e-5,0,0,0
TUR.81.6_1,2075,3,aegypti,8.029337549910826,80.82501513575819,0.0011455706918283262,0,0,0,0,0,0,1,1,1,1.1085553492540257e-4,0,0,0
TUR.81.6_1,2075,4,aegypti,10.768898052327774,84.91370355992419,0.0015148065395373827,0,0,0,0,0,0,1,1,1,1.514691813387925e-4,0,0,0
TUR.81.6_1,2075,5,aegypti,18.500927055583283,78.46904844328353,0.002117299002095336,0.014492168210542758,0.014391613986810478,0.014585308067577421,0,0,0,1,1,1,2.0487891287701565e-4,0,0,0
TUR.81.6_1,2075,6,aegypti,23.823987988864676,67.400366813114,0.0023814761774901307,0.11196743366846511,0.11140891412853042,0.11256657177291188,2.180292786790883e-8,1.893078246939517e-8,2.5214560855912893e-8,0.9999999781970721,0.9999999747854391,0.9999999810692175,2.3811926285599583e-4,5.191697112008899e-12,4.507783966899586e-12,6.004072644247625e-12
TUR.81.6_1,2075,7,aegypti,27.80051820418414,64.9555256989825,0.002796649076712438,0.18518926719951184,0.18407518812498042,0.18632427926652526,0.008844852093138686,0.007828103369148852,0.009956576755568602,0.9911551479068613,0.9900434232444314,0.9921718966308511,2.7060683839952304e-4,2.393477461035664e-6,2.1183383033900246e-6,2.6943177571066e-6
TUR.81.6_1,2075,8,aegypti,28.717558524187872,64.7641354966341,0.003320844492252208,0.19069764684572835,0.18946438567074672,0.1919188395768607,0.015388689236098502,0.013660221374835236,0.017211563204390528,0.9846113107639015,0.9827884367956095,0.9863397786251648,3.213204131722325e-4,4.9446999835222575e-6,4.38930797618622e-6,5.530426600174758e-6
TUR.81.6_1,2075,9,aegypti,23.64092753915226,75.363297641507,0.0026468734229645446,0.12408624040677718,0.12353764325602758,0.12459310960525112,3.700056559668985e-7,3.2713581039345294e-7,4.128936939268301e-7,0.999999629994344,0.9999995871063061,0.9999996728641897,2.64652315692282e-4,9.79228536708815e-11,8.657724976649862e-11,1.0927327223247591e-10
TUR.81.6_1,2075,10,aegypti,15.724357604980469,85.87570428235786,0.002608383292789833,4.977315699192891e-4,4.919934241511219e-4,5.036194170985647e-4,0,0,0,1,1,1,2.523923333195288e-4,0,0,0
TUR.81.6_1,2075,11,aegypti,12.154226043645073,82.83379765634092,0.0015129916862083252,0,0,0,0,0,0,1,1,1,1.5128772347883235e-4,0,0,0
TUR.81.6_1,2075,12,aegypti,12.157369932707617,66.43883854948027,0.001244459417545185,0,0,0,0,0,0,1,1,1,1.2042430494785261e-4,0,0,0
