district_id,year,month,species,temp_c,rh,lambda_import,lambda_local_i1_mean,lambda_local_i1_p2_5,lambda_local_i1_p97_5,p_establishment_mean,p_establishment_p2_5,p_establishment_p97_5,q_extinction_mean,q_extinction_p2_5,q_extinction_p97_5,q_import_month,p_month_major_mean,p_month_major_p2_5,p_month_major_p97_5
TUR.10.4_1,2025,1,aegypti,1.9657135480631363,81.5102606665912,0.001126005959446217,0,0,0,0,0,0,1,1,1,1.0896238182445117e-4,0,0,0
TUR.10.4_1,2025,2,aegypti,3.5756135087542456,70.99600939237706,8.422865335275644e-4,0,0,0,0,0,0,1,1,1,9.024091377884957e-5,0,0,0
TUR.10.4_1,2025,3,aegypti,6.340497035642757,78.78458372269813,0.0010339769534075157,0,0,0,0,0,0,1,1,1,1.0005727975004319e-4,0,0,0
TUR.10.4_1,2025,4,aegypti,12.522296106114107,66.99001559929393,0.001367244345482404,0,0,0,0,0,0,1,1,1,1.3671508818868805e-4,0,0,0
TUR.10.4_1,2025,5,aegypti,15.194339640000287,82.29067097431889,0.0019110460727179512,5.255159978905019e-5,5.183785350026295e-5,5.329052395862616e-5,0,0,0,1,1,1,1.849228421840765e-4,0,0,0
TUR.10.4_1,2025,6,aegypti,18.075207317576687,86.63648591833791,0.0021494888968256118,0.007399471763009522,0.007350551755596314,0.007448596204203099,0,0,0,1,1,1,2.1492578982507116e-4,0,0,0
TUR.10.4_1,2025,7,aegypti,20.67627721674302,85.82045300119134,0.0025242184639639948,0.03446372181178192,0.034293742244523265,0.034616533367463974,0,0,0,1,1,1,2.4424937245404177e-4,0,0,0
TUR.10.4_1,2025,8,aegypti,23.336569786071777,85.56484474353869,0.002997350312235147,0.08593459909129975,0.08556593939158497,0.08626019355785915,1.31170224682009e-11,1.1597972582322313e-11,1.457185760944668e-11,0.9999999999868829,0.9999999999854281,0.999999999988402,2.900240941274834e-4,3.804252558989813e-15,3.363691491903418e-15,4.22618980293445e-15
TUR.10.4_1,2025,9,aegypti,21.33476978189805,80.64357407747113,0.0023890329400486593,0.04161910787118757,0.041428627586183674,0.04180698083701194,0,0,0,1,1,1,2.38874758885399e-4,0,0,0
TUR.10.4_1,2025,10,aegypti,16.77194219477036,82.89293431083571,0.002354292257681175,0.001844640593228471,0.0018283951437080004,0.001861544578580056,0,0,0,1,1,1,2.2780878225214796e-4,0,0,0
TUR.10.4_1,2025,11,aegypti,9.891834546537961,73.60925639741846,0.00136560628287357,0,0,0,0,0,0,1,1,1,1.3655130430922924e-4,0,0,0
TUR.10.4_1,2025,12,aegypti,5.2754260674119,73.84113307619232,0.0011232326091888982,0,0,0,0,0,0,1,1,1,1.0869402229818359e-4,0,0,0
TUR.10.4_1,2026,1,aegypti,5.386256086229182,74.13976200936463,0.0010668487846904398,0,0,0,0,0,0,1,1,1,1.0323810135692835e-4,0,0,0
TUR.10.4_1,2026,2,aegypti,1.5337925952010076,80.52215532743566,7.980351765606498e-4,0,0,0,0,0,0,1,1,1,8.550011357411069e-5,0,0,0
TUR.10.4_1,2026,3,aegypti,6.737254161497249,72.80940214310829,9.79654722860657e-4,0,0,0,0,0,0,1,1,1,9.480080188062345e-5,0,0,0
TUR.10.4_1,2026,4,aegypti,10.405821000828462,76.2376886339619,0.0012954131868628445,0,0,0,0,0,0,1,1,1,1.2953292857198484e-4,0,0,0
TUR.10.4_1,2026,5,aegypti,14.795085794785443,84.62063465840092,0.0018106451063272246,2.305235964211131e-6,2.2687565029561445e-6,2.343014234281902e-6,0,0,0,1,1,1,1.752083691877182e-4,0,0,0
TUR.10.4_1,2026,6,aegypti,16.16892966102151,88.49244294958791,0.0020365608175038534,8.110836015082982e-4,8.028471236178325e-4,8.189524089757143e-4,0,0,0,1,1,1,2.0363534525824623e-4,0,0,0
TUR.10.4_1,2026,7,aegypti,19.954179819892435,83.88656170480462,0.0023916031509261157,0.02375498911342277,0.023636345957008087,0.023875672244362333,0,0,0,1,1,1,2.314186847829358e-4,0,0,0
TUR.10.4_1,2026,8,aegypti,21.21584415435791,89.36805977039415,0.002839877987388498,0.045660801741841936,0.04545411465793021,0.0458518225533242,0,0,0,1,1,1,2.747891405516789e-4,0,0,0
TUR.10.4_1,2026,9,aegypti,20.747897681067972,81.0951045340141,0.002263519892851934,0.03301017911443463,0.032829110231396154,0.03317488439484276,0,0,0,1,1,1,2.263263736064225e-4,0,0,0
TUR.10.4_1,2026,10,aegypti,12.93986135370591,88.65097569267165,0.0022306043878742386,0,0,0,0,0,0,1,1,1,2.1584164360211044e-4,0,0,0
TUR.10.4_1,2026,11,aegypti,12.600487042875852,70.11733592622706,0.0012938611834397533,0,0,0,0,0,0,1,1,1,1.2937774832111337e-4,0,0,0
TUR.10.4_1,2026,12,aegypti,4.658952631056309,78.27014918947357,0.0010642211384273626,0,0,0,0,0,0,1,1,1,1.029838392287985e-4,0,0,0
TUR.10.4_1,2027,1,aegypti,1.3178260797251236,78.31272038338807,0.0010547005395436801,0,0,0,0,0,0,1,1,1,0.00010206258540934598,0,0,0
TUR.10.4_1,2027,2,aegypti,2.4267673593096655,84.70047716581456,7.889479215534563e-4,0,0,0,0,0,0,1,1,1,8.452656188095986e-5,0,0,0
TUR.10.4_1,2027,3,aegypti,4.539976615568294,78.74471250687782,9.684993596046118e-4,0,0,0,0,0,0,1,1,1,9.37213523575231e-5,0,0,0
TUR.10.4_1,2027,4,aegypti,8.463714277043062,78.48745975212596,0.0012806622707197274,0,0,0,0,0,0,1,1,1,1.280580269428233e-4,0,0,0
TUR.10.4_1,2027,5,aegypti,15.688494570115033,74.57418690449467,0.0017900272259480236,2.341917037130741e-4,2.3103473652899057e-4,2.372570543050838e-4,0,0,0,1,1,1,1.732134380406647e-4,0,0,0
TUR.10.4_1,2027,6,aegypti,18.603863323436062,86.30595002966604,0.002013370426867095,0.010982990373232767,0.010914599473557322,0.011051257095535302,0,0,0,1,1,1,2.013167757445311e-4,0,0,0
TUR.10.4_1,2027,7,aegypti,20.820234354804544,89.60231335275384,0.002364369880580644,0.03890962565254666,0.03873332784823191,0.03908490845275527,0,0,0,1,1,1,2.2878381343427456e-4,0,0,0
TUR.10.4_1,2027,8,aegypti,24.242478370666504,92.88365425281603,0.0028075401954982516,0.12231326227016329,0.12184495877249336,0.12273864568784902,2.4929264169115673e-7,2.2411796679888683e-7,2.738552787706627e-7,0.9999997507073584,0.9999997261447213,0.9999997758820333,2.716605318675569e-4,6.772297163248793e-11,6.088400606166105e-11,7.43956706855763e-11
TUR.10.4_1,2027,9,aegypti,17.628123816321878,83.52886613069379,0.0022377451111326007,0.004778015291305432,0.00474320276061787,0.004812298408673194,0,0,0,1,1,1,2.23749475464885e-4,0,0,0
TUR.10.4_1,2027,10,aegypti,13.965504702399757,84.82090519706618,0.002205204416183596,0,0,0,0,0,0,1,1,1,2.1338410935722862e-4,0,0,0
TUR.10.4_1,2027,11,aegypti,9.297504712553586,73.05932201021143,0.001279127940014947,0,0,0,0,0,0,1,1,1,1.2790461350886684e-4,0,0,0
TUR.10.4_1,2027,12,aegypti,4.361113466322422,74.93762965822357,0.001052102814382282,0,0,0,0,0,0,1,1,1,1.0181121827790296e-4,0,0,0
TUR.10.4_1,2028,1,aegypti,2.2980104857672226,76.63059147713807,0.0010439410373659112,0,0,0,0,0,0,1,1,1,1.0102144899293286e-4,0,0,0
TUR.10.4_1,2028,2,aegypti,4.838685761027805,71.61239580595128,8.087887557538202e-4,0,0,0,0,0,0,1,1,1,8.36643022663619e-5,0,0,0
TUR.10.4_1,2028,3,aegypti,8.946312446256771,71.02184263383094,9.58619236689967e-4,0,0,0,0,0,0,1,1,1,9.276530058399679e-5,0,0,0
TUR.10.4_1,2028,4,aegypti,11.199972306980806,80.21775302605174,0.0012675976253780673,0,0,0,0,0,0,1,1,1,1.2675172885856512e-4,0,0,0
TUR.10.4_1,2028,5,aegypti,13.215268976548138,84.72950611836185,0.0017717663062710633,0,0,0,0,0,0,1,1,1,1.7144655680456644e-4,0,0,0
TUR.10.4_1,2028,6,aegypti,17.455156887278836,89.76124177771291,0.0019928310768996577,0.004444025758000757,0.004408571383485263,0.004477003659336805,0,0,0,1,1,1,1.9926325213048823e-4,0,0,0
TUR.10.4_1,2028,7,aegypti,20.706586893867044,90.41083843820306,0.0023402498181312914,0.03750842229875718,0.03734265127221322,0.037673352964459166,0,0,0,1,1,1,2.2645014514588446e-4,0,0,0
TUR.10.4_1,2028,8,aegypti,20.22187900543213,91.71339668445665,0.0027788991417440675,0.030583856374871748,0.030433902474239938,0.030725919673569836,0,0,0,1,1,1,2.688895661134838e-4,0,0,0
TUR.10.4_1,2028,9,aegypti,19.721629675696878,79.587879497393,0.002214916808222146,0.01967903582130202,0.019567912720965742,0.01978461111163144,0,0,0,1,1,1,2.2146715335080724e-4,0,0,0
TUR.10.4_1,2028,10,aegypti,12.535780962775734,84.63954685966384,0.002182708076389725,0,0,0,0,0,0,1,1,1,2.112075063976926e-4,0,0,0
TUR.10.4_1,2028,11,aegypti,5.703599263640012,79.05849803560206,0.0012660789471110557,0,0,0,0,0,0,1,1,1,1.2659988026986202e-4,0,0,0
TUR.10.4_1,2028,12,aegypti,3.9574791565537453,77.44739528322357,0.001041369812835245,0,0,0,0,0,0,1,1,1,1.007726459185676e-4,0,0,0
TUR.10.4_1,2029,1,aegypti,2.585593270658351,80.35810765145447,0.001044550913477506,0,0,0,0,0,0,1,1,1,1.0108046329770914e-4,0,0,0
TUR.10.4_1,2029,2,aegypti,2.635614882045261,71.76618914091222,7.813556941019398e-4,0,0,0,0,0,0,1,1,1,8.37131773673283e-5,0,0,0
TUR.10.4_1,2029,3,aegypti,6.635465163847103,75.03612486039344,9.591792673350385e-4,0,0,0,0,0,0,1,1,1,9.281949206907392e-5,0,0,0
TUR.10.4_1,2029,4,aegypti,11.801244889988618,74.38216647820018,0.0012683381629018946,0,0,0,0,0,0,1,1,1,1.2682577322176147e-4,0,0,0
TUR.10.4_1,2029,5,aegypti,14.94385326609892,77.22593556172123,0.00177280138191887,1.0830220088909992e-5,1.0640516033720686e-5,1.1015705125837843e-5,0,0,0,1,1,1,1.71546708237158e-4,0,0,0
TUR.10.4_1,2029,6,aegypti,17.30479201148538,84.78430543738088,0.001993995299805687,0.0035355605689583523,0.003506309661197535,0.0035648569710669364,0,0,0,1,1,1,1.993796512156365e-4,0,0,0
TUR.10.4_1,2029,7,aegypti,20.031726893256693,86.75939495675775,0.00234161700498204,0.025818371042901814,0.025684982277532253,0.0259458573968287,0,0,0,1,1,1,2.2658242358075675e-4,0,0,0
TUR.10.4_1,2029,8,aegypti,22.319058418273926,87.42350258045275,0.002780522589948918,0.06576396173897893,0.06548295736540231,0.06601234128048572,6.5975003238349924e-15,5.881406472951767e-15,7.327471962526033e-15,0.9999999999999934,0.9999999999999927,0.9999999999999941,2.6904663174731613e-4,1.7750352400796322e-18,1.5823726014845356e-18,1.9714316507405255e-18
TUR.10.4_1,2029,9,aegypti,19.67801814920762,87.48245652376019,0.0022162107748372657,0.021699750014130548,0.021583861880660027,0.02181018305913155,0,0,0,1,1,1,2.2159652134678964e-4,0,0,0
TUR.10.4_1,2029,10,aegypti,13.797747668098,79.45858525077712,0.00218398322648607,0,0,0,0,0,0,1,1,1,2.1133088194902339e-4,0,0,0
TUR.10.4_1,2029,11,aegypti,6.741824437590207,82.15520061128565,0.0012668185974146636,0,0,0,0,0,0,1,1,1,1.2667383593345516e-4,0,0,0
TUR.10.4_1,2029,12,aegypti,4.041211761534214,73.41589351320404,0.0010419781868232882,0,0,0,0,0,0,1,1,1,1.0083151488593511e-4,0,0,0
TUR.10.4_1,2030,1,aegypti,3.8657716387499343,80.45009526131776,0.001028455282916217,0,0,0,0,0,0,1,1,1,9.952297786464115e-5,0,0,0
TUR.10.4_1,2030,2,aegypti,4.000797043376438,76.83013109647862,7.693156753465541e-4,0,0,0,0,0,0,1,1,1,8.242328251595321e-5,0,0,0
TUR.10.4_1,2030,3,aegypti,4.194285888334408,82.18651548539344,9.443991403638459e-4,0,0,0,0,0,0,1,1,1,9.138928894103504e-5,0,0,0
TUR.10.4_1,2030,4,aegypti,10.523950731053072,76.62612399773143,0.0012487941634343259,0,0,0,0,0,0,1,1,1,1.2487161923369072e-4,0,0,0
TUR.10.4_1,2030,5,aegypti,15.22605598674101,83.02466450459232,0.0017454840384234606,6.122101633261223e-5,6.033747021779649e-5,6.21219816818449e-5,0,0,0,1,1,1,1.6890354435994404e-4,0,0,0
TUR.10.4_1,2030,6,aegypti,17.150930965647976,85.53833375769338,0.0019632695484109847,0.0030291894748827736,0.0030056630291595623,0.0030534078893703223,0,0,0,1,1,1,1.9630768396561304e-4,0,0,0
TUR.10.4_1,2030,7,aegypti,19.945283945868997,88.26723797433587,0.0023055347022987297,0.025285077647638293,0.025161321065455596,0.0254089035387017,0,0,0,1,1,1,2.2309137293075043e-4,0,0,0
TUR.10.4_1,2030,8,aegypti,22.577738761901855,89.98900856189806,0.0027376771299548797,0.07445095363385457,0.07415812396315094,0.07471891016359228,2.253058850598677e-13,2.0116408538939367e-13,2.4913959784100827e-13,0.9999999999997747,0.9999999999997509,0.9999999999997988,2.6490140387280814e-4,5.968384525316451e-17,5.3288648628439834e-17,6.599742922838992e-17
TUR.10.4_1,2030,9,aegypti,18.48817211038926,77.98440964876019,0.002182060874226895,0.008908594722272336,0.00884656910547532,0.0089653749579192,0,0,0,1,1,1,2.181822822059365e-4,0,0,0
TUR.10.4_1,2030,10,aegypti,15.079580363105324,83.56203984062087,0.0021503299246584525,3.027829598927214e-5,2.9818779500843608e-5,3.075622441354721e-5,0,0,0,1,1,1,2.080747937585059e-4,0,0,0
TUR.10.4_1,2030,11,aegypti,6.812552262755002,80.84498942964503,0.001247298013143406,0,0,0,0,0,0,1,1,1,1.2472202287605594e-4,0,0,0
TUR.10.4_1,2030,12,aegypti,6.22461811453104,84.68695827150482,0.0010259221997654677,0,0,0,0,0,0,1,1,1,9.927786515229187e-5,0,0,0
TUR.10.4_1,2031,1,aegypti,5.147630321382381,75.82160099862244,0.001165958846219597,0,0,0,0,0,0,1,1,1,1.1282836145509734e-4,0,0,0
TUR.10.4_1,2031,2,aegypti,5.627388248973362,70.73110918485753,8.721725019120657e-4,0,0,0,0,0,0,1,1,1,9.344268773636699e-5,0,0,0
TUR.10.4_1,2031,3,aegypti,6.691677112241878,74.0686108223075,0.001070664471621089,0,0,0,0,0,0,1,1,1,1.0360732319258936e-4,0,0,0
TUR.10.4_1,2031,4,aegypti,11.058575784458833,73.54623660759471,0.0014157568405259188,0,0,0,0,0,0,1,1,1,1.415656626884143e-4,0,0,0
TUR.10.4_1,2031,5,aegypti,13.835385210373822,82.16825733906498,0.0019788537132739248,0,0,0,0,0,0,1,1,1,1.9148363692000903e-4,0,0,0
TUR.10.4_1,2031,6,aegypti,18.071501339183133,81.07728181677541,0.002225756953664092,0.006780783901450748,0.006732872809184409,0.006827714725891057,0,0,0,1,1,1,2.2255092723399983e-4,0,0,0
TUR.10.4_1,2031,7,aegypti,20.612855967353372,96.36520702951165,0.002613782656440941,0.03941217612056736,0.03924394106008893,0.039579221305222984,0,0,0,1,1,1,2.529147203662596e-4,0,0,0
TUR.10.4_1,2031,8,aegypti,22.410330772399902,93.288797990609,0.003103702145136442,0.07457160503121027,0.07426488102431761,0.07484445892150142,2.3592394704508025e-13,2.0949353363164392e-13,2.613548266694465e-13,0.9999999999997641,0.9999999999997387,0.9999999999997905,3.0031316907996874e-4,7.085106819896277e-17,6.291366698668e-17,7.848829625144743e-17
TUR.10.4_1,2031,9,aegypti,18.623706396888284,87.24718888460004,0.002473800486570866,0.011296004518359935,0.01122679125094439,0.011367615330823467,0,0,0,1,1,1,2.473494527358566e-4,0,0,0
TUR.10.4_1,2031,10,aegypti,14.984412249396827,83.5919318083943,0.0024378271370603583,1.6634793402952038e-5,1.6374022637745715e-5,1.6880694514089574e-5,0,0,0,1,1,1,2.3589092855813565e-4,0,0,0
TUR.10.4_1,2031,11,aegypti,10.085946370573605,80.6823841440005,0.0014140606562620531,0,0,0,0,0,0,1,1,1,1.4139606825969153e-4,0,0,0
TUR.10.4_1,2031,12,aegypti,8.595172084867954,74.16262813234466,0.00116308709208805,0,0,0,0,0,0,1,1,1,1.1255048108271826e-4,0,0,0
TUR.10.4_1,2032,1,aegypti,2.606942283510066,78.78694065926697,0.00112443308760628,0,0,0,0,0,0,1,1,1,1.0881018499453443e-4,0,0,0
TUR.10.4_1,2032,2,aegypti,4.4002266030840795,83.46768145048253,8.711496198561128e-4,0,0,0,0,0,0,1,1,1,9.011486560350779e-5,0,0,0
TUR.10.4_1,2032,3,aegypti,7.028916854520931,76.14108244095985,0.0010325326331359266,0,0,0,0,0,0,1,1,1,9.991752079607785e-5,0,0,0
TUR.10.4_1,2032,4,aegypti,11.548327600254732,74.91903171257518,0.0013653344975714926,0,0,0,0,0,0,1,1,1,1.365241294898345e-4,0,0,0
TUR.10.4_1,2032,5,aegypti,17.480913050034466,77.2991472316431,0.001908376610334219,0.00376686999417884,0.003737254043881809,0.003796964673477664,0,0,0,1,1,1,1.8466455485344202e-4,0,0,0
TUR.10.4_1,2032,6,aegypti,18.103119457469266,86.58011995154104,0.0021464863633774436,0.0075625501676991076,0.007512314573009086,0.007613597826574329,0,0,0,1,1,1,2.146256009674108e-4,0,0,0
TUR.10.4_1,2032,7,aegypti,20.01651388056138,87.89496929757806,0.0025206924860537447,0.026068220488177127,0.025927963492497246,0.026197972687636517,0,0,0,1,1,1,2.439082320707664e-4,0,0,0
TUR.10.4_1,2032,8,aegypti,21.08690357208252,92.6809870164879,0.0029931634357261996,0.04565393559501644,0.04546285635035377,0.045852080149317805,0,0,0,1,1,1,2.896190299602752e-4,0,0,0
TUR.10.4_1,2032,9,aegypti,17.385322150062112,92.10760911165082,0.0023856957972879476,0.004291314415501814,0.004261835415545624,0.004323197929513394,0,0,0,1,1,1,2.3854112426957563e-4,0,0,0
TUR.10.4_1,2032,10,aegypti,15.291791971992042,84.32378147880446,0.002351003642763978,8.181879827640413e-5,8.072830366151368e-5,8.293869239419374e-5,0,0,0,1,1,1,2.2749060164584112e-4,0,0,0
TUR.10.4_1,2032,11,aegypti,8.88283329150256,80.55071605318018,0.0013636987231055657,0,0,0,0,0,0,1,1,1,1.3636057436217097e-4,0,0,0
TUR.10.4_1,2032,12,aegypti,5.51247850805521,72.78430171632904,0.0011216636113289215,0,0,0,0,0,0,1,1,1,1.0854220028799766e-4,0,0,0
TUR.10.4_1,2033,1,aegypti,4.185930835603572,76.3559409034076,0.0011042902768190258,0,0,0,0,0,0,1,1,1,1.0686109092927776e-4,0,0,0
TUR.10.4_1,2033,2,aegypti,5.100694428019993,76.33489183866612,8.260425457495271e-4,0,0,0,0,0,0,1,1,1,8.850064206022967e-5,0,0,0
TUR.10.4_1,2033,3,aegypti,6.643027324339046,73.06095091019813,0.001014036103915857,0,0,0,0,0,0,1,1,1,9.812771134654064e-5,0,0,0
TUR.10.4_1,2033,4,aegypti,11.741853868260103,73.51462802605174,0.0013408762396733371,0,0,0,0,0,0,1,1,1,1.3407863462366887e-4,0,0,0
TUR.10.4_1,2033,5,aegypti,14.054036028244916,88.00001393086185,0.0018741904329649492,0,0,0,0,0,0,1,1,1,1.8135682056952263e-4,0,0,0
TUR.10.4_1,2033,6,aegypti,16.06953581641702,90.19427858191213,0.0021080347479354115,6.956371229851029e-4,6.885425656527343e-4,7.026237891914712e-4,0,0,0,1,1,1,2.107812573022283e-4,0,0,0
TUR.10.4_1,2033,7,aegypti,21.30666166193345,83.30437023751946,0.00247553743649226,0.04297368401779293,0.04277405716195829,0.04316811779002103,0,0,0,1,1,1,2.3953944486021506e-4,0,0,0
TUR.10.4_1,2033,8,aegypti,20.35909938812256,92.10675300769884,0.0029395446607135313,0.032855073791186094,0.03270956604648227,0.033000236728671896,0,0,0,1,1,1,2.844316055989893e-4,0,0,0
TUR.10.4_1,2033,9,aegypti,16.903460081885843,87.76627000032269,0.002342959044367399,0.0023496472102522373,0.002328988098869276,0.002368309396582488,0,0,0,1,1,1,2.3426845929475082e-4,0,0,0
TUR.10.4_1,2033,10,aegypti,11.805398997138527,85.18183659355056,0.0023088883563513797,0,0,0,0,0,0,1,1,1,2.2341584764085098e-4,0,0,0
TUR.10.4_1,2033,11,aegypti,10.988128949614133,74.92185557954737,0.0013392697680587055,0,0,0,0,0,0,1,1,1,1.339180089886538e-4,0,0,0
TUR.10.4_1,2033,12,aegypti,6.25970283895731,73.29360957765716,0.001101570412241331,0,0,0,0,0,0,1,1,1,1.0659790632083777e-4,0,0,0
TUR.10.4_1,2034,1,aegypti,3.74089490115533,76.55995854256776,0.0011220584417567104,0,0,0,0,0,0,1,1,1,1.0858040553618498e-4,0,0,0
TUR.10.4_1,2034,2,aegypti,4.4527707200579565,80.18448595487706,8.393336708336864e-4,0,0,0,0,0,0,1,1,1,8.992456413325911e-5,0,0,0
TUR.10.4_1,2034,3,aegypti,9.568304080625667,74.43638578568641,0.0010303520682282885,0,0,0,0,0,0,1,1,1,9.970651944823938e-5,0,0,0
TUR.10.4_1,2034,4,aegypti,10.762887155308443,76.01148471550486,0.001362451101544047,0,0,0,0,0,0,1,1,1,1.362358292108512e-4,0,0,0
TUR.10.4_1,2034,5,aegypti,15.776381380417767,79.59984455830326,0.0019043463851059726,3.163689266716511e-4,3.125953535586376e-4,3.201591771170053e-4,0,0,0,1,1,1,1.842746050042532e-4,0,0,0
TUR.10.4_1,2034,6,aegypti,19.933710659251492,85.77368532019338,0.0021419532835613713,0.024192973157110453,0.024074884576947876,0.02431685320095148,0,0,0,1,1,1,2.141723901746273e-4,0,0,0
TUR.10.4_1,2034,7,aegypti,22.12612539179185,88.44474346749993,0.0025153691350993613,0.06276131726402721,0.062498849168979666,0.06301269796286989,1.7403856134023954e-15,1.5543122344752192e-15,1.9984014443252818e-15,0.9999999999999982,0.999999999999998,0.9999999999999984,2.4339319459509845e-4,4.23598014273359e-19,3.783090201471693e-19,4.863973116177891e-19
TUR.10.4_1,2034,8,aegypti,22.42187213897705,89.86120857410509,0.002986842292024477,0.07075840897965427,0.070483825797983235,0.07103777149975753,5.3058224480651007e-14,4.7406523151494184e-14,5.928868507254492e-14,0.9999999999999469,0.9999999999999407,0.9999999999999526,2.8900748335591864e-4,1.5334223928486342e-17,1.3700839950667427e-17,1.7134873664297826e-17
TUR.10.4_1,2034,9,aegypti,18.438585814307718,90.14223893342816,0.0023806575405114364,0.01032782337861008,0.01026318792385989,0.010391706489731384,0,0,0,1,1,1,2.3803741864814043e-4,0,0,0
TUR.10.4_1,2034,10,aegypti,12.646494921515968,88.02747105399978,0.0023460386509790974,0,0,0,0,0,0,1,1,1,2.2701022775983848e-4,0,0,0
TUR.10.4_1,2034,11,aegypti,8.366699983091916,79.92814220064112,0.0013608187816056406,0,0,0,0,0,0,1,1,1,1.3607261944181825e-4,0,0,0
TUR.10.4_1,2034,12,aegypti,7.566662468016148,73.33470912599701,0.0011192948142269739,0,0,0,0,0,0,1,1,1,1.083129867145427e-4,0,0,0
TUR.10.4_1,2035,1,aegypti,3.120018946527339,77.97828587411072,9.942445975914425e-4,0,0,0,0,0,0,1,1,1,9.62125903936073e-5,0,0,0
TUR.10.4_1,2035,2,aegypti,1.037916655474178,80.27610735380284,7.43725047419524e-4,0,0,0,0,0,0,1,1,1,7.968165175775699e-5,0,0,0
TUR.10.4_1,2035,3,aegypti,2.672528524061336,84.89140287553016,9.12984510725926e-4,0,0,0,0,0,0,1,1,1,8.834943670632533e-5,0,0,0
TUR.10.4_1,2035,4,aegypti,11.577551996006685,70.14223727898143,0.0012072540937100233,0,0,0,0,0,0,1,1,1,1.2071812235203705e-4,0,0,0
TUR.10.4_1,2035,5,aegypti,14.04234016642851,80.6007829738306,0.0016874220048379064,0,0,0,0,0,0,1,1,1,1.6328557115374842e-4,0,0,0
TUR.10.4_1,2035,6,aegypti,15.828699672923367,86.45721803503713,0.001897963066112646,4.001643937837864e-4,3.954823522127221e-4,4.046922083338392e-4,0,0,0,1,1,1,1.8977829643174182e-4,0,0,0
TUR.10.4_1,2035,7,aegypti,20.96928602106431,91.61894543283196,0.0022288430624035657,0.042771551361735875,0.0425887975534074,0.04296362048822798,0,0,0,1,1,1,2.1567122952592666e-4,0,0,0
TUR.10.4_1,2035,8,aegypti,21.117440223693848,92.42210640125353,0.002646610641825081,0.046036406267345835,0.04584394001401169,0.04622252660526707,0,0,0,1,1,1,2.560908136473028e-4,0,0,0
TUR.10.4_1,2035,9,aegypti,18.075335081885843,89.38460953889691,0.002109476485612538,0.007711597431510227,0.007663972023500815,0.007763444349680626,0,0,0,1,1,1,2.1092540067046972e-4,0,0,0
TUR.10.4_1,2035,10,aegypti,14.92783456690171,85.9254507903279,0.00207880103894128,1.1186842050836928e-5,1.1005471007000752e-5,1.1358710549554218e-5,0,0,0,1,1,1,2.01154059899733e-4,0,0,0
TUR.10.4_1,2035,11,aegypti,10.26396875521716,78.77483714693018,0.0012058077115788392,0,0,0,0,0,0,1,1,1,1.2057350158889424e-4,0,0,0
TUR.10.4_1,2035,12,aegypti,8.734985508024693,63.07344051027435,9.917957752850984e-4,0,0,0,0,0,0,1,1,1,9.59756303623438e-5,0,0,0
TUR.10.4_1,2036,1,aegypti,6.489383565782405,70.27297123788026,0.0011002702992775509,0,0,0,0,0,0,1,1,1,1.0647210234115967e-4,0,0,0
TUR.10.4_1,2036,2,aegypti,3.9846267800860327,78.11795000517003,8.524296052111804e-4,0,0,0,0,0,0,1,1,1,8.817848500175529e-5,0,0,0
TUR.10.4_1,2036,3,aegypti,1.5435117372476,81.88947263871376,0.0010103446810630465,0,0,0,0,0,0,1,1,1,9.777051186776742e-5,0,0,0
TUR.10.4_1,2036,4,aegypti,11.160260354771333,72.63022861198924,0.001335995011899684,0,0,0,0,0,0,1,1,1,1.3359057717399203e-4,0,0,0
TUR.10.4_1,2036,5,aegypti,14.429431803086224,83.3465105128931,0.0018673677672156237,0,0,0,0,0,0,1,1,1,1.8069668211817547e-4,0,0,0
TUR.10.4_1,2036,6,aegypti,18.41525706122903,87.62165437536916,0.0021003608124483043,0.009776622167224493,0.009717637735111943,0.009838692528074157,0,0,0,1,1,1,2.1001402521136914e-4,0,0,0
TUR.10.4_1,2036,7,aegypti,20.97821813471177,88.63077862374993,0.0024665256711016914,0.040978561371194384,0.04080498475605264,0.04116655796112715,0,0,0,1,1,1,2.3866754705581528e-4,0,0,0
TUR.10.4_1,2036,8,aegypti,23.866389274597168,82.42006172351915,0.0029288437573674747,0.09293459948739954,0.09254500834821124,0.09334000578064511,1.1931588450586617e-10,1.0581903409079274e-10,1.3460729753056455e-10,0.9999999998806841,0.9999999998653927,0.9999999998941809,2.8339632832052875e-4,3.3813683579278734e-14,2.998872572775552e-14,3.814721388531097e-14
TUR.10.4_1,2036,9,aegypti,19.224856909583597,81.93979294954144,0.002334429907657001,0.015389487613385973,0.015300263076267483,0.015474557166819978,0,0,0,1,1,1,2.3341574507085294e-4,0,0,0
TUR.10.4_1,2036,10,aegypti,14.306251581977394,88.41743992607009,0.0023004832480812585,0,0,0,0,0,0,1,1,1,2.2260263146145487e-4,0,0,0
TUR.10.4_1,2036,11,aegypti,9.462164689512814,78.076060901813,0.0013343943883668001,0,0,0,0,0,0,1,1,1,1.334305361907484e-4,0,0,0
TUR.10.4_1,2036,12,aegypti,5.037474073469639,77.47128291750091,0.0010975603358958984,0,0,0,0,0,0,1,1,1,1.0620987570875151e-4,0,0,0
TUR.10.4_1,2037,1,aegypti,5.126077997087337,81.86920079110291,0.0010899631208966605,0,0,0,0,0,0,1,1,1,1.0547473917077443e-4,0,0,0
TUR.10.4_1,2037,2,aegypti,0.5765988331370275,74.10700182401769,8.153253995426874e-4,0,0,0,0,0,0,1,1,1,8.735247735824903e-5,0,0,0
TUR.10.4_1,2037,3,aegypti,3.6890888401471513,80.07656065140907,0.0010008799133048524,0,0,0,0,0,0,1,1,1,9.685465573383567e-5,0,0,0
TUR.10.4_1,2037,4,aegypti,10.19764105011435,75.58273563103221,0.0013234795973577562,0,0,0,0,0,0,1,1,1,1.3233920213095995e-4,0,0,0
TUR.10.4_1,2037,5,aegypti,15.710514910080853,79.17830525166264,0.001849874526970882,2.6824678653767227e-4,2.6507090541188816e-4,2.715920125319292e-4,0,0,0,1,1,1,1.7900409236859538e-4,0,0,0
TUR.10.4_1,2037,6,aegypti,17.732834423289578,85.70231996374807,0.002080684925920829,0.005438142871876942,0.005401062115544761,0.0054761224043130404,0,0,0,1,1,1,2.0804684784447858e-4,0,0,0
TUR.10.4_1,2037,7,aegypti,19.680830057929544,90.78211529367181,0.002443419603356536,0.022840135624926063,0.022727069308295635,0.022956992100067197,0,0,0,1,1,1,2.3643200716183532e-4,0,0,0
TUR.10.4_1,2037,8,aegypti,22.69395160675049,88.13784279041369,0.002901406758407523,0.0748140954148591,0.07452339380755679,0.07510105396294525,2.5872204378885043e-13,2.312594560294201e-13,2.880001792604503e-13,0.9999999999997413,0.999999999999712,0.9999999999997687,2.807418838208786e-4,7.263411395926972e-17,6.492421533709105e-17,8.085371286632955e-17
TUR.10.4_1,2037,9,aegypti,17.34151512033799,89.35256608186566,0.0023125612945610148,0.003937418202790534,0.003907120904778115,0.003968385692431051,0,0,0,1,1,1,2.3122939181852153e-4,0,0,0
TUR.10.4_1,2037,10,aegypti,15.234284457038429,76.1408820037068,0.002278932642547516,5.583697352773408e-5,5.498613782943368e-5,5.6713749719529945e-5,0,0,0,1,1,1,2.2051755106344828e-4,0,0,0
TUR.10.4_1,2037,11,aegypti,7.674769689055051,82.55065501802393,0.001321893968242412,0,0,0,0,0,0,1,1,1,1.3218066019093921e-4,0,0,0
TUR.10.4_1,2037,12,aegypti,4.93737880140543,61.257476765157165,0.0010872785440732007,0,0,0,0,0,0,1,1,1,1.0521496878201919e-4,0,0,0
TUR.10.4_1,2038,1,aegypti,4.543249236940242,79.9327002417865,0.001130907470004825,0,0,0,0,0,0,1,1,1,1.0943666975826716e-4,0,0,0
TUR.10.4_1,2038,2,aegypti,4.666197071605198,78.28155474149816,8.4595301175783e-4,0,0,0,0,0,0,1,1,1,9.063371520501295e-5,0,0,0
TUR.10.4_1,2038,3,aegypti,6.6992316433392904,74.15722623978797,0.0010384778611620157,0,0,0,0,0,0,1,1,1,1.004928077913414e-4,0,0,0
TUR.10.4_1,2038,4,aegypti,10.76769367386313,80.16279849724314,0.0013731959681531005,0,0,0,0,0,0,1,1,1,1.373101689110534e-4,0,0,0
TUR.10.4_1,2038,5,aegypti,12.650344736435834,74.69463215595951,0.0019193648675030345,0,0,0,0,0,0,1,1,1,1.8572773764558015e-4,0,0,0
TUR.10.4_1,2038,6,aegypti,17.650762165293973,82.99174867468557,0.00215884563462528,0.0048396096303084625,0.004802462422679788,0.004878081999081499,0,0,0,1,1,1,2.158612620669631e-4,0,0,0
TUR.10.4_1,2038,7,aegypti,20.37558942682603,87.10162670724603,0.0025352064017715695,0.030668706872955476,0.030520994920272108,0.030815733789167053,0,0,0,1,1,1,2.453124609866908e-4,0,0,0
TUR.10.4_1,2038,8,aegypti,21.97766399383545,86.88101448230822,0.003010397795758675,0.05817738057220214,0.05794010499275447,0.05841828282233992,2.219335826225688e-16,2.220446049250313e-16,2.220446049250313e-16,0.9999999999999998,0.9999999999999998,0.9999999999999998,2.912863868246296e-4,6.464623139717346e-20,6.467857068251472e-20,6.467857068251472e-20
TUR.10.4_1,2038,9,aegypti,17.708932455848245,87.72401841340863,0.002399432414476193,0.005487566311110404,0.005449234181037528,0.005529333513401981,0,0,0,1,1,1,2.3991445737026051e-4,0,0,0
TUR.10.4_1,2038,10,aegypti,14.125068720649269,82.84425877372634,0.0023645405057142045,0,0,0,0,0,0,1,1,1,2.2880032176619824e-4,0,0,0
TUR.10.4_1,2038,11,aegypti,8.86325960299548,85.95483745210596,0.0013715507750481036,0,0,0,0,0,0,1,1,1,1.3714567217715246e-4,0,0,0
TUR.10.4_1,2038,12,aegypti,4.020701088011265,77.27646632814545,0.001128122047337538,0,0,0,0,0,0,1,1,1,1.0916714218911494e-4,0,0,0
TUR.10.4_1,2039,1,aegypti,3.5281927460421096,76.286337937099,0.0010911803216947522,0,0,0,0,0,0,1,1,1,1.0559252036523858e-4,0,0,0
TUR.10.4_1,2039,2,aegypti,1.9953875046305578,81.32396654569737,8.162359025753142e-4,0,0,0,0,0,0,1,1,1,8.745002272836366e-5,0,0,0
TUR.10.4_1,2039,3,aegypti,5.986389178892269,79.84755674515907,0.0010019976316990918,0,0,0,0,0,0,1,1,1,9.696281154780717e-5,0,0,0
TUR.10.4_1,2039,4,aegypti,7.654845868839937,77.81900272087596,0.001324957574356498,0,0,0,0,0,0,1,1,1,1.3248698026047112e-4,0,0,0
TUR.10.4_1,2039,5,aegypti,12.952532656052533,86.18750630146732,0.0018519403480132914,0,0,0,0,0,0,1,1,1,1.7920397472781513e-4,0,0,0
TUR.10.4_1,2039,6,aegypti,18.372128093943875,84.64994417029104,0.0020830085011903526,0.009055043564569551,0.008996810945255493,0.009115459835194501,0,0,0,1,1,1,2.0827915700316613e-4,0,0,0
TUR.10.4_1,2039,7,aegypti,20.648468073676614,87.32780010812493,0.002446148257413043,0.034845428683907484,0.034682332103977295,0.03500609086501319,0,0,0,1,1,1,2.3669600798981172e-4,0,0,0
TUR.10.4_1,2039,8,aegypti,22.800393104553223,91.35941566639025,0.002904646863099338,0.08153174206277033,0.08120785262471304,0.08182944811484377,2.963773670927594e-12,2.643846253036486e-12,3.2808533667605388e-12,0.9999999999970363,0.9999999999967192,0.9999999999973561,2.810553542612615e-4,8.329844590327544e-16,7.430671452594782e-16,9.221014052741358e-16
TUR.10.4_1,2039,9,aegypti,20.332374152015237,80.6851924246391,0.0023151438144641285,0.027194171901741455,0.027055531743382516,0.027320613944364722,0,0,0,1,1,1,2.3148758405999725e-4,0,0,0
TUR.10.4_1,2039,10,aegypti,15.582872446845558,80.85351322929274,0.0022814776081322456,1.9798873903720615e-4,1.9538901830879913e-4,2.0063798552028616e-4,0,0,0,1,1,1,2.2076378371460592e-4,0,0,0
TUR.10.4_1,2039,11,aegypti,8.799225617857541,77.51311839693018,0.001323370174512413,0,0,0,0,0,0,1,1,1,1.323282612943899e-4,0,0,0
TUR.10.4_1,2039,12,aegypti,3.188196577131748,80.4417876782431,0.0010884927469083437,0,0,0,0,0,0,1,1,1,1.0533245991217743e-4,0,0,0
TUR.10.4_1,2040,1,aegypti,4.666908132432796,83.7508383643451,0.0011421618442635623,0,0,0,0,0,0,1,1,1,1.1052568296698873e-4,0,0,0
TUR.10.4_1,2040,2,aegypti,3.4167554479174536,71.12950090849034,8.848848965859994e-4,0,0,0,0,0,0,1,1,1,9.153562724706354e-5,0,0,0
TUR.10.4_1,2040,3,aegypti,4.728863973280086,78.519172345745,0.0010488124100255759,0,0,0,0,0,0,1,1,1,1.0149282441851426e-4,0,0,0
TUR.10.4_1,2040,4,aegypti,11.675282632603365,71.01424655632518,0.0013868615082313865,0,0,0,0,0,0,1,1,1,1.3867653434351812e-4,0,0,0
TUR.10.4_1,2040,5,aegypti,14.04448688731474,80.12088642842045,0.001938465679135182,0,0,0,0,0,0,1,1,1,1.875758582680076e-4,0,0,0
TUR.10.4_1,2040,6,aegypti,16.49003371070413,88.08595643835744,0.0021803296705728095,0.0013537809730009088,0.001341479428067023,0.0013665038087906992,0,0,0,1,1,1,2.1800919959735765e-4,0,0,0
TUR.10.4_1,2040,7,aegypti,20.484306391547708,87.42602856271478,0.0025604358413370914,0.03241607733193887,0.03225529136450771,0.032565977698649475,0,0,0,1,1,1,2.477534177296459e-4,0,0,0
TUR.10.4_1,2040,8,aegypti,21.79542827606201,88.19446815662462,0.0030403561649088944,0.055744669300584374,0.055503188479578455,0.05597979519007615,9.192646643896296e-17,0,1.1102230246251565e-16,0.9999999999999999,0.9999999999999999,1,2.941847351412008e-4,2.7043363181812805e-20,0,3.2661066644701453e-20
TUR.10.4_1,2040,9,aegypti,17.707387503455667,87.16458543001019,0.002423310681370075,0.005432885617367749,0.005394307787664861,0.005473059358471817,0,0,0,1,1,1,2.4230170833539066e-4,0,0,0
TUR.10.4_1,2040,10,aegypti,16.12214380152085,77.90273808280837,0.0023880715411941783,6.268146351610084e-4,6.194316057980406e-4,6.334455739958158e-4,0,0,0,1,1,1,2.3107699513247315e-4,0,0,0
TUR.10.4_1,2040,11,aegypti,10.51397161624011,76.23791850679346,0.001385199942771071,0,0,0,0,0,0,1,1,1,1.3851040082568655e-4,0,0,0
TUR.10.4_1,2040,12,aegypti,3.865312732756138,87.61159511232513,0.001139348702096672,0,0,0,0,0,0,1,1,1,1.102534734548355e-4,0,0,0
TUR.10.4_1,2041,1,aegypti,1.240842031835414,79.48416050789979,0.001115080418727909,0,0,0,0,0,0,1,1,1,1.0790518608061461e-4,0,0,0
TUR.10.4_1,2041,2,aegypti,-2.6559944052167017,80.4730220266544,8.341138984350612e-4,0,0,0,0,0,0,1,1,1,8.936535293979642e-5,0,0,0
TUR.10.4_1,2041,3,aegypti,3.1445201822720903,75.92192808304969,0.001023944362361726,0,0,0,0,0,0,1,1,1,9.908648051637492e-5,0,0,0
TUR.10.4_1,2041,4,aegypti,9.232463514103609,77.08781680779002,0.0013539780890801812,0,0,0,0,0,0,1,1,1,1.3538864303841436e-4,0,0,0
TUR.10.4_1,2041,5,aegypti,13.901015169480267,79.09500752217045,0.0018925033540876596,0,0,0,0,0,0,1,1,1,1.8312871576875445e-4,0,0,0
TUR.10.4_1,2041,6,aegypti,19.008032406077664,84.75085054236135,0.0021286325876126756,0.014050929384340702,0.01397009363437087,0.014131502934458815,0,0,0,1,1,1,2.12840604985165e-4,0,0,0
TUR.10.4_1,2041,7,aegypti,20.86709981806138,87.8582108747265,0.002499726185412017,0.038640830218320314,0.03845813224490456,0.038822407200718,0,0,0,1,1,1,2.418797280656637e-4,0,0,0
TUR.10.4_1,2041,8,aegypti,21.89294147491455,84.71581520252306,0.0029682672753216805,0.05452781050547665,0.054269496243148176,0.054774873889564896,0,0,0,1,1,1,2.8721041899393285e-4,0,0,0
TUR.10.4_1,2041,9,aegypti,18.489388998816995,81.78757889924847,0.0023658523552170145,0.009450970551634335,0.00938697516688769,0.009514934895068128,0,0,0,1,1,1,2.365572514417824e-4,0,0,0
TUR.10.4_1,2041,10,aegypti,17.761599596808935,81.26343296806228,0.0023314487587562287,0.005216205264488284,0.005176352792745287,0.005255600415673297,0,0,0,1,1,1,2.2559862223092697e-4,0,0,0
TUR.10.4_1,2041,11,aegypti,10.656195928068723,75.645396839313,0.0013523559204544845,0,0,0,0,0,0,1,1,1,1.3522644812491436e-4,0,0,0
TUR.10.4_1,2041,12,aegypti,4.653854764997959,75.40783687257904,0.0011123339780538906,0,0,0,0,0,0,1,1,1,1.076394301434691e-4,0,0,0
TUR.10.4_1,2042,1,aegypti,5.612524139283992,67.3859816443744,0.0011848782000829774,0,0,0,0,0,0,1,1,1,1.1465905841379076e-4,0,0,0
TUR.10.4_1,2042,2,aegypti,7.418292294078342,76.33545641386144,8.863247511506089e-4,0,0,0,0,0,0,1,1,1,9.495885731702902e-5,0,0,0
TUR.10.4_1,2042,3,aegypti,6.456706542631283,73.5393368354911,0.0010880375376372917,0,0,0,0,0,0,1,1,1,1.0528841204127115e-4,0,0,0
TUR.10.4_1,2042,4,aegypti,8.777173196568208,73.39746341423533,0.0014387295249712207,0,0,0,0,0,0,1,1,1,1.438626032802537e-4,0,0,0
TUR.10.4_1,2042,5,aegypti,14.204639322617474,82.9032732082056,0.002010963451766566,0,0,0,0,0,0,1,1,1,1.9459043112557417e-4,0,0,0
TUR.10.4_1,2042,6,aegypti,17.636091793284695,83.6925619681426,0.0022618730512062855,0.004825128514798179,0.004787858200155856,0.0048623153966586225,0,0,0,1,1,1,2.261617267006466e-4,0,0,0
TUR.10.4_1,2042,7,aegypti,21.74957281000474,84.68638928048821,0.002656195027305923,0.05181837650694118,0.05160218427330885,0.05204487186998281,0,0,0,1,1,1,2.570180968631819e-4,0,0,0
TUR.10.4_1,2042,8,aegypti,24.672478675842285,89.74574531726915,0.0031540641620813434,0.12704174375000035,0.12655586861231702,0.1274727450233697,7.033340989158754e-7,6.32767380495669e-7,7.703795812802339e-7,0.999999296665901,0.9999992296204187,0.9999993672326195,3.0518543713276003e-4,2.146473244280173e-10,1.9311138961992225e-10,2.351086292711608e-10
TUR.10.4_1,2042,9,aegypti,20.12263255960801,85.59574540315472,0.00251394144604348,0.026532369412535846,0.026416064585908228,0.026654843971909398,0,0,0,1,1,1,2.5136254774416056e-4,0,0,0
TUR.10.4_1,2042,10,aegypti,12.540601786445167,87.01393650810134,0.002477384377363769,0,0,0,0,0,0,1,1,1,2.3971813824319455e-4,0,0,0
TUR.10.4_1,2042,11,aegypti,11.19227628848132,71.69166911714503,0.0014370058176859295,0,0,0,0,0,0,1,1,1,1.4369025733451668e-4,0,0,0
TUR.10.4_1,2042,12,aegypti,5.662291683256626,71.09077449464935,0.0011819598476235393,0,0,0,0,0,0,1,1,1,1.143766695502757e-4,0,0,0
TUR.10.4_1,2043,1,aegypti,4.5308743590105545,79.46140202401307,0.0011634360461373634,0,0,0,0,0,0,1,1,1,1.1258424702798031e-4,0,0,0
TUR.10.4_1,2043,2,aegypti,3.6434817414812963,82.33098558866612,8.702853711040788e-4,0,0,0,0,0,0,1,1,1,9.324051402281874e-5,0,0,0
TUR.10.4_1,2043,3,aegypti,6.935701865812435,80.80352750931922,0.0010683478611971378,0,0,0,0,0,0,1,1,1,1.0338315828939404e-4,0,0,0
TUR.10.4_1,2043,4,aegypti,12.993227159275728,70.49199924187205,0.001412693549325477,0,0,0,0,0,0,1,1,1,1.412593768871373e-4,0,0,0
TUR.10.4_1,2043,5,aegypti,15.43785560832304,82.69084797627201,0.0019745720421611213,1.32816383970845e-4,1.3106924590528337e-4,1.3467220276562942e-4,0,0,0,1,1,1,1.9106936090751425e-4,0,0,0
TUR.10.4_1,2043,6,aegypti,20.15174731086282,84.75975404577932,0.002220941054849188,0.026569666775797453,0.02642487621855761,0.02670944419473461,0,0,0,1,1,1,2.2206944441482968e-4,0,0,0
TUR.10.4_1,2043,7,aegypti,21.728702601264505,87.89622814767571,0.0026081271814454125,0.05417299383501307,0.05395181352252633,0.054410613153293146,0,0,0,1,1,1,2.5236755460600335e-4,0,0,0
TUR.10.4_1,2043,8,aegypti,20.158791542053223,91.62884773426134,0.0030969866250712473,0.029620925862146347,0.029474442864738194,0.02975877931746841,0,0,0,1,1,1,2.9966347500054447e-4,0,0,0
TUR.10.4_1,2043,9,aegypti,20.499406393836527,86.58967240510785,0.002468447892788345,0.032218914436120086,0.032061329282366303,0.03236956755888286,0,0,0,1,1,1,2.468143256104671e-4,0,0,0
TUR.10.4_1,2043,10,aegypti,15.593092020820167,81.79163121024978,0.002432552379274706,2.0697276016556196e-4,2.0451011831037845e-4,2.0959974939552386e-4,0,0,0,1,1,1,2.3538058840999465e-4,0,0,0
TUR.10.4_1,2043,11,aegypti,9.623359014006223,79.28068126314112,0.0014110010351172176,0,0,0,0,0,0,1,1,1,1.4109014936025677e-4,0,0,0
TUR.10.4_1,2043,12,aegypti,3.1284956112504005,87.42803187990326,0.001160570505656995,0,0,0,0,0,0,1,1,1,1.1230696784125804e-4,0,0,0
TUR.10.4_1,2044,1,aegypti,5.185178624986507,77.71092900155213,0.001186633434106836,0,0,0,0,0,0,1,1,1,1.1482890028036152e-4,0,0,0
TUR.10.4_1,2044,2,aegypti,4.887145529323093,72.0669169851505,9.19339066436905e-4,0,0,0,0,0,0,1,1,1,9.509951910957604e-5,0,0,0
TUR.10.4_1,2044,3,aegypti,7.793342132230892,79.54508939896766,0.0010896493155442214,0,0,0,0,0,0,1,1,1,1.0544437411352803e-4,0,0,0
TUR.10.4_1,2044,4,aegypti,12.541673814549165,73.3707452745869,0.0014408608048050323,0,0,0,0,0,0,1,1,1,1.4407570057972663e-4,0,0,0
TUR.10.4_1,2044,5,aegypti,14.730005152085248,83.53905354267826,0.00201394241742821,4.910629037687298e-7,4.825580115253997e-7,4.992564880351743e-7,0,0,0,1,1,1,1.948786619856424e-4,0,0,0
TUR.10.4_1,2044,6,aegypti,20.30658587287454,81.92717347937307,0.002265223704916387,0.027395139845124327,0.02725270649442472,0.027541088661579186,0,0,0,1,1,1,2.2649671623664602e-4,0,0,0
TUR.10.4_1,2044,7,aegypti,21.99692731745103,87.49903423898431,0.0026601298147681325,0.05914377136701254,0.05889980853852473,0.05938603147231027,3.311795282456842e-16,3.3306690738754696e-16,3.3306690738754696e-16,0.9999999999999997,0.9999999999999997,0.9999999999999997,2.573987848053516e-4,8.524520812284874e-20,8.5731017220431175e-20,8.5731017220431175e-20
TUR.10.4_1,2044,8,aegypti,20.68283748626709,87.88290657215197,0.003158736474163996,0.035689961294051664,0.035523143152391495,0.03585530241296011,0,0,0,1,1,1,3.0563745827194566e-4,0,0,0
TUR.10.4_1,2044,9,aegypti,18.24400001413682,91.4504512137016,0.0025176655043979805,0.009092577271988523,0.009034454506203224,0.009146882728675759,0,0,0,1,1,1,2.517348599014868e-4,0,0,0
TUR.10.4_1,2044,10,aegypti,14.916663225959327,85.69789646903884,0.002481054281450975,1.0103688009217928e-5,9.952926296015186e-6,1.0243237148990758e-5,0,0,0,1,1,1,2.4007320505226026e-4,0,0,0
TUR.10.4_1,2044,11,aegypti,10.278676320524777,82.35573924653956,0.001439134544084566,0,0,0,0,0,0,1,1,1,1.439030993640733e-4,0,0,0
TUR.10.4_1,2044,12,aegypti,5.404351390898228,75.38204951906341,0.001183710758509771,0,0,0,0,0,0,1,1,1,1.1454609314454078e-4,0,0,0
TUR.10.4_1,2045,1,aegypti,5.02392803370843,76.15808018563416,0.0011306936098044243,0,0,0,0,0,0,1,1,1,1.0941597587454943e-4,0,0,0
TUR.10.4_1,2045,2,aegypti,1.9159287910990637,79.95026354276769,8.457930378559657e-4,0,0,0,0,0,0,1,1,1,9.061657669739986e-5,0,0,0
TUR.10.4_1,2045,3,aegypti,5.89399768795599,76.12438932572547,0.0010382814798581598,0,0,0,0,0,0,1,1,1,1.0047380505862069e-4,0,0,0
TUR.10.4_1,2045,4,aegypti,13.393706475987154,77.74910983757518,0.001372936289998408,0,0,0,0,0,0,1,1,1,1.372842046608591e-4,0,0,0
TUR.10.4_1,2045,5,aegypti,14.76725185618681,84.88139210468998,0.0019190019061060206,1.3678925675147096e-6,1.3435084433330933e-6,1.39149743884166e-6,0,0,0,1,1,1,1.856926188722463e-4,0,0,0
TUR.10.4_1,2045,6,aegypti,17.3617826349595,85.30139528113088,0.002158437386229809,0.0037799956072074445,0.003751252322019209,0.003809505732282795,0,0,0,1,1,1,2.1582044603907224e-4,0,0,0
TUR.10.4_1,2045,7,aegypti,20.82117467768052,85.79320843332025,0.002534726981692102,0.03668567772291487,0.03651150941044408,0.03685091265500771,0,0,0,1,1,1,2.452660768754722e-4,0,0,0
TUR.10.4_1,2045,8,aegypti,21.215983390808105,88.26726020984728,0.0030098285146344782,0.044874505204682606,0.04468577267622695,0.0450848625827974,0,0,0,1,1,1,2.9123131114894285e-4,0,0,0
TUR.10.4_1,2045,9,aegypti,17.759321745704202,82.59968217073285,0.002398978669929784,0.005311687833629234,0.005273976563015596,0.005350782952847348,0,0,0,1,1,1,2.3986909380058208e-4,0,0,0
TUR.10.4_1,2045,10,aegypti,12.990064677070167,84.45678471366774,0.002364093359400452,0,0,0,0,0,0,1,1,1,2.2875705944203073e-4,0,0,0
TUR.10.4_1,2045,11,aegypti,9.362079431028928,75.22953380220362,0.001371291408007571,0,0,0,0,0,0,1,1,1,1.371197390298562e-4,0,0,0
TUR.10.4_1,2045,12,aegypti,7.5118128433823586,77.0980376782431,0.0011279087138743513,0,0,0,0,0,0,1,1,1,1.0914649926874187e-4,0,0,0
TUR.10.4_1,2046,1,aegypti,5.4022451513994705,78.23849400399354,0.0011730533661037767,0,0,0,0,0,0,1,1,1,1.1351485019572838e-4,0,0,0
TUR.10.4_1,2046,2,aegypti,3.8668921094469946,70.27577166044347,8.774794174840108e-4,0,0,0,0,0,0,1,1,1,9.40112325403808e-5,0,0,0
TUR.10.4_1,2046,3,aegypti,9.676003474851742,65.49882856522743,0.0010771791529992773,0,0,0,0,0,0,1,1,1,1.0423771071088606e-4,0,0,0
TUR.10.4_1,2046,4,aegypti,13.583226358189302,70.86627444939158,0.0014243713084283157,0,0,0,0,0,0,1,1,1,1.4242698715627444e-4,0,0,0
TUR.10.4_1,2046,5,aegypti,15.892081148484174,79.96056996113529,0.001990894461592121,4.119040957102694e-4,4.0740819072800327e-4,4.166682966699787e-4,0,0,0,1,1,1,1.926486468263322e-4,0,0,0
TUR.10.4_1,2046,6,aegypti,18.2986780054429,82.65390382605275,0.0022393000362662947,0.008312356758747568,0.008252602076393209,0.008366702910040753,0,0,0,1,1,1,2.2390493317470117e-4,0,0,0
TUR.10.4_1,2046,7,aegypti,21.86585813410142,89.05400402658196,0.0026296867623955963,0.05794817353011927,0.0577136810368713,0.05818710677258932,2.0550228185811647e-16,1.1102230246251565e-16,2.220446049250313e-16,0.9999999999999998,0.9999999999999998,0.9999999999999999,2.5445343694718847e-4,5.229076191928759e-20,2.8250006439377414e-20,5.650001287875483e-20
TUR.10.4_1,2046,8,aegypti,22.672961235046387,87.32760872058947,0.003122587268444726,0.0733374101193141,0.07303470857259553,0.07361991073801336,1.4686141192044033e-13,1.3034018309099338e-13,1.6354972931509335e-13,0.9999999999998531,0.9999999999998365,0.9999999999998697,3.0214021113850187e-4,4.4372738005740335e-17,3.938101043894373e-17,4.941494974690714e-17
TUR.10.4_1,2046,9,aegypti,21.035560187171487,87.38229020295941,0.0024888528418048213,0.041141806834180006,0.04094214103787376,0.041332922095910836,0,0,0,1,1,1,2.4885431480747844e-4,0,0,0
TUR.10.4_1,2046,10,aegypti,14.374315317939308,88.08236454765212,0.002452660604943161,0,0,0,0,0,0,1,1,1,2.3732608579929426e-4,0,0,0
TUR.10.4_1,2046,11,aegypti,10.000252057524289,78.88109935396143,0.0014226648033773776,0,0,0,0,0,0,1,1,1,0.00014225636094189476,0,0,0
TUR.10.4_1,2046,12,aegypti,6.785894550383091,79.17597194337982,0.0011701641381850073,0,0,0,0,0,0,1,1,1,1.1323527919382403e-4,0,0,0
TUR.10.4_1,2047,1,aegypti,3.6357046240557205,80.73895939705994,0.0011753019207062319,0,0,0,0,0,0,1,1,1,1.1373242752921175e-4,0,0,0
TUR.10.4_1,2047,2,aegypti,3.8197755914263647,78.11772112333409,8.791614043737434e-4,0,0,0,0,0,0,1,1,1,9.419142846311956e-5,0,0,0
TUR.10.4_1,2047,3,aegypti,5.399433631559505,76.91446653519813,0.0010792439321577823,0,0,0,0,0,0,1,1,1,1.0443750720035005e-4,0,0,0
TUR.10.4_1,2047,4,aegypti,11.28448883224936,72.12828311638377,0.0014271015990985599,0,0,0,0,0,0,1,1,1,1.4269997729943196e-4,0,0,0
TUR.10.4_1,2047,5,aegypti,15.93914306865019,86.43617878681889,0.001994710686014616,5.066183842139207e-4,5.008416431815904e-4,5.122947609177912e-4,0,0,0,1,1,1,1.930178876515809e-4,0,0,0
TUR.10.4_1,2047,6,aegypti,18.012934292063992,87.75751100378713,0.002243592414216284,0.007151352781455827,0.007103738663223714,0.00719632818980123,0,0,0,1,1,1,2.2433407476918354e-4,0,0,0
TUR.10.4_1,2047,7,aegypti,20.818304117988138,87.8634370099804,0.0026347274489009675,0.037838833350881104,0.03766775463423851,0.0380075460855122,0,0,0,1,1,1,2.5494112107526945e-4,0,0,0
TUR.10.4_1,2047,8,aegypti,21.580313682556152,90.90906013660509,0.0031285727659309576,0.05384146014121832,0.05361670845218435,0.05405519169913544,0,0,0,1,1,1,3.027192776507981e-4,0,0,0
TUR.10.4_1,2047,9,aegypti,18.5231910312877,91.6043589895805,0.0024936235723393256,0.011224139959616412,0.01115787226367017,0.011295744875589674,0,0,0,1,1,1,2.4933126902548786e-4,0,0,0
TUR.10.4_1,2047,10,aegypti,15.800519045661476,79.60486363212478,0.0024573619607815766,3.344852421571112e-4,3.305691077288486e-4,3.383982443888282e-4,0,0,0,1,1,1,2.3778094763937663e-4,0,0,0
TUR.10.4_1,2047,11,aegypti,10.222285558195676,81.8529926645083,0.0014253918229519516,0,0,0,0,0,0,1,1,1,1.4252902406863832e-4,0,0,0
TUR.10.4_1,2047,12,aegypti,8.34366051107645,75.79558559084076,0.0011724071546023109,0,0,0,0,0,0,1,1,1,1.134523206957061e-4,0,0,0
TUR.10.4_1,2048,1,aegypti,3.1185637587297927,79.87193974373963,0.0011921939552735593,0,0,0,0,0,0,1,1,1,1.1536695329605884e-4,0,0,0
TUR.10.4_1,2048,2,aegypti,1.8594011765055578,86.87552599393956,9.236470559064293e-4,0,0,0,0,0,0,1,1,1,9.554513071186044e-5,0,0,0
TUR.10.4_1,2048,3,aegypti,4.135554570814266,80.17215696488563,0.0010947553726543932,0,0,0,0,0,0,1,1,1,1.0593845644679689e-4,0,0,0
TUR.10.4_1,2048,4,aegypti,11.245202218785005,76.86302432732127,0.0014476126261958146,0,0,0,0,0,0,1,1,1,1.4475078521358764e-4,0,0,0
TUR.10.4_1,2048,5,aegypti,16.106089479783,81.52588520771732,0.0020233796784380515,6.464174244700766e-4,6.394497595983631e-4,6.532223233809833e-4,0,0,0,1,1,1,1.9579176691286726e-4,0,0,0
TUR.10.4_1,2048,6,aegypti,17.898941601023953,77.72935853796682,0.0022758384609113847,0.005573562676662417,0.0055301701672081545,0.005615757880228186,0,0,0,1,1,1,2.2755795085216413e-4,0,0,0
TUR.10.4_1,2048,7,aegypti,23.445816096137552,84.42940075509759,0.0026725950864485847,0.086726848545941565,0.08638711741977731,0.08708518849779001,1.699853802161755e-11,1.518964121149935e-11,1.906500235460129e-11,0.9999999999830015,0.999999999980935,0.9999999999848103,2.5860479018768867e-4,4.395903358577855e-15,3.928113978526058e-15,4.930300933839457e-15
TUR.10.4_1,2048,8,aegypti,21.525744438171387,86.10638679676134,0.003173538198538052,0.04885807762477932,0.04863942852640741,0.049075750481567114,0,0,0,1,1,1,3.0706944438307904e-4,0,0,0
TUR.10.4_1,2048,9,aegypti,17.627645071815042,87.73687394319379,0.0025294631934951787,0.00508993591715884,0.005050718521106797,0.005125281756349189,0,0,0,1,1,1,2.5291433112639705e-4,0,0,0
TUR.10.4_1,2048,10,aegypti,15.103705462287452,77.06836460868728,0.002492680411687379,3.060968545981255e-5,3.0126179094394184e-5,3.1087376056042205e-5,0,0,0,1,1,1,2.411980436886063e-4,0,0,0
TUR.10.4_1,2048,11,aegypti,12.536393453093137,81.41279948823878,0.00144587827628032,0,0,0,0,0,0,1,1,1,1.4457737531181625e-4,0,0,0
TUR.10.4_1,2048,12,aegypti,5.052390016615391,80.83605189943451,0.0011892575841248151,0,0,0,0,0,0,1,1,1,1.150828210890742e-4,0,0,0
TUR.10.4_1,2049,1,aegypti,3.0289918059099685,85.18733128426697,0.001315687458317803,0,0,0,0,0,0,1,1,1,1.273164873084598e-4,0,0,0
TUR.10.4_1,2049,2,aegypti,4.376554499202244,77.10607103788487,9.84174034937802e-4,0,0,0,0,0,0,1,1,1,1.0544165866654964e-4,0,0,0
TUR.10.4_1,2049,3,aegypti,8.75784160580267,74.14432493363563,0.0012081556925835242,0,0,0,0,0,0,1,1,1,1.1691145815340143e-4,0,0,0
TUR.10.4_1,2049,4,aegypti,14.888072168125825,66.43388614372752,0.0015975636920179676,5.2834476259045215e-6,5.182904537750578e-6,5.374070531561205e-6,0,0,0,1,1,1,1.5974360883252992e-4,0,0,0
TUR.10.4_1,2049,5,aegypti,17.643781549790326,79.2293230128931,0.002232971618888307,0.004538725497096343,0.004500207432437295,0.004574465235809367,0,0,0,1,1,1,2.1607068100171212e-4,0,0,0
TUR.10.4_1,2049,6,aegypti,17.881052578196805,86.1498373587676,0.002511581363865693,0.006241915249773132,0.006196865092007872,0.006283441434284023,0,0,0,1,1,1,2.5112659882220445e-4,0,0,0
TUR.10.4_1,2049,7,aegypti,21.381961878608255,86.77890331857415,0.002949436055138647,0.04677195436209043,0.046549710360135915,0.046973823621527036,0,0,0,1,1,1,2.8538856459259243e-4,0,0,0
TUR.10.4_1,2049,8,aegypti,23.57197856903076,96.44584144764025,0.003502269398229679,0.11029712051097391,0.1099283501926571,0.11067976227315078,1.4346463922843e-8,1.3057795050785969e-8,1.5777142858830474e-8,0.9999999856535361,0.9999999842228572,0.9999999869422049,3.388718665572332e-4,4.861613008029814e-12,4.424919381981644e-12,5.346429849512005e-12
TUR.10.4_1,2049,9,aegypti,20.229913290809183,86.90035660920941,0.002791477833985889,0.02852699666370218,0.0283970232375065,0.028663790216920757,0,0,0,1,1,1,2.7910882528126013e-4,0,0,0
TUR.10.4_1,2049,10,aegypti,14.46512704737046,74.06453465263259,0.0027508849048802735,0,0,0,0,0,0,1,1,1,2.661792362336213e-4,0,0,0
TUR.10.4_1,2049,11,aegypti,8.45458154818591,77.87575114839503,0.001595649689332367,0,0,0,0,0,0,1,1,1,1.5955223912067495e-4,0,0,0
TUR.10.4_1,2049,12,aegypti,5.153447784483433,79.6209868969931,0.001312446922936559,0,0,0,0,0,0,1,1,1,1.2700292698764049e-4,0,0,0
TUR.10.4_1,2050,1,aegypti,1.5059009069193374,76.93731602547791,0.0011742186358059267,0,0,0,0,0,0,1,1,1,1.136276054242158e-4,0,0,0
TUR.10.4_1,2050,2,aegypti,1.9716085892252844,72.13599352323644,8.783510744853034e-4,0,0,0,0,0,0,1,1,1,9.410461557768368e-5,0,0,0
TUR.10.4_1,2050,3,aegypti,6.846518058439388,77.83777586137,0.0010782491846509034,0,0,0,0,0,0,1,1,1,1.0434125136171701e-4,0,0,0
TUR.10.4_1,2050,4,aegypti,14.666762506260591,69.47882327751658,0.0014257862284807906,0,0,0,0,0,0,1,1,1,1.425684589992926e-4,0,0,0
TUR.10.4_1,2050,5,aegypti,12.63430679545683,87.57276020771732,0.0019928721456969603,0,0,0,0,0,0,1,1,1,1.928399987215501e-4,0,0,0
TUR.10.4_1,2050,6,aegypti,18.404715145335476,86.46761689978322,0.002241524477678497,0.009535369736215542,0.009478999342359927,0.009596161991176877,0,0,0,1,1,1,2.2412732748489095e-4,0,0,0
TUR.10.4_1,2050,7,aegypti,21.946842249702005,90.01179821603509,0.0026322990001666213,0.06055270168416374,0.060295614479251136,0.06079230530981216,6.276090758206009e-16,5.551115123125783e-16,6.661338147750939e-16,0.9999999999999993,0.9999999999999993,0.9999999999999994,2.547061697938391e-4,1.5985590383011642e-19,1.4139032710960236e-19,1.6966839253152283e-19
TUR.10.4_1,2050,8,aegypti,24.090874671936035,82.25760139637072,0.0031256891361358136,0.09765194636770859,0.09724150720773721,0.0980466207929463,4.7934840374797e-10,4.25223015132481e-10,5.358558874402064e-10,0.9999999995206516,0.9999999994641441,0.999999999574777,3.0244030114112697e-4,1.4497427558105458e-13,1.2860457674880551e-13,1.6206441596566186e-13
TUR.10.4_1,2050,9,aegypti,20.029944952796487,83.56401475129925,0.00249132518014293,0.024555795561288174,0.024430944519125208,0.024682028793352472,0,0,0,1,1,1,2.491014870855679e-4,0,0,0
TUR.10.4_1,2050,10,aegypti,13.746198710273292,83.7041144255818,0.002455096991193933,0,0,0,0,0,0,1,1,1,2.3756180912948288e-4,0,0,0
TUR.10.4_1,2050,11,aegypti,9.658702184172238,73.61293376558253,0.0014240780282481242,0,0,0,0,0,0,1,1,1,1.4239766331503034e-4,0,0,0
TUR.10.4_1,2050,12,aegypti,6.9206544533371925,74.89143367433685,0.0011713265378303864,0,0,0,0,0,0,1,1,1,1.1334775673788045e-4,0,0,0
TUR.10.4_1,2051,1,aegypti,4.057075845598079,79.17919834969666,0.0011916698492210561,0,0,0,0,0,0,1,1,1,1.1531623920557621e-4,0,0,0
TUR.10.4_1,2051,2,aegypti,2.242134223514072,80.45614580595128,8.914051102388158e-4,0,0,0,0,0,0,1,1,1,9.550312966843943e-5,0,0,0
TUR.10.4_1,2051,3,aegypti,6.697003383299007,73.89900938187782,0.0010942741020404294,0,0,0,0,0,0,1,1,1,1.0589188680421024e-4,0,0,0
TUR.10.4_1,2051,4,aegypti,13.348014985813814,69.47449741081736,0.0014469762343270979,0,0,0,0,0,0,1,1,1,1.4468715523652254e-4,0,0,0
TUR.10.4_1,2051,5,aegypti,15.30039394603056,87.49306355244389,0.0020224901708782365,8.945840538517451e-5,8.835197439192504e-5,9.065520860397592e-5,0,0,0,1,1,1,1.9570570238636176e-4,0,0,0
TUR.10.4_1,2051,6,aegypti,20.512995327220242,86.43329225378713,0.0022748379687459893,0.032339273805516794,0.032186731020775815,0.03249961015493588,0,0,0,1,1,1,2.2745792439760049e-4,0,0,0
TUR.10.4_1,2051,7,aegypti,22.160173472236185,83.26748211496087,0.00267142017421681,0.05829071954149484,0.058037742108626014,0.05854181728741636,2.220446049250313e-16,2.220446049250313e-16,2.220446049250313e-16,0.9999999999999998,0.9999999999999998,0.9999999999999998,2.584911184011496e-4,5.739655826201275e-20,5.739655826201275e-20,5.739655826201275e-20
TUR.10.4_1,2051,8,aegypti,21.730679512023926,87.51724495105822,0.0031721430643232313,0.053884335680619226,0.05363751421027574,0.054117632470485,0,0,0,1,1,1,3.069344728438006e-4,0,0,0
TUR.10.4_1,2051,9,aegypti,19.202985342811136,90.23341782747113,0.0025283512041553314,0.017219719982327963,0.017129465446045454,0.01730493393558218,0,0,0,1,1,1,2.5280316031006667e-4,0,0,0
TUR.10.4_1,2051,10,aegypti,16.121555384467626,84.66516636649978,0.002491584592601111,7.000821785315224e-4,6.919694757813307e-4,7.070059975257449e-4,0,0,0,1,1,1,2.4109202225297555e-4,0,0,0
TUR.10.4_1,2051,11,aegypti,7.555319596739377,90.95746196382471,0.001445242646857415,0,0,0,0,0,0,1,1,1,1.4451382155733494e-4,0,0,0
TUR.10.4_1,2051,12,aegypti,8.129521049559116,74.32646937990326,0.0011887347689443922,0,0,0,0,0,0,1,1,1,1.1503223189290868e-4,0,0,0
TUR.10.4_1,2052,1,aegypti,3.5995170944918167,74.07266148446229,0.001182895365632753,0,0,0,0,0,0,1,1,1,1.1446719319208043e-4,0,0,0
TUR.10.4_1,2052,2,aegypti,5.075557718806736,76.13738207304112,9.164430142252737e-4,0,0,0,0,0,0,1,1,1,9.479995594763313e-5,0,0,0
TUR.10.4_1,2052,3,aegypti,7.628672618528499,74.98136869584266,0.0010862167611957862,0,0,0,0,0,0,1,1,1,1.0511222640630091e-4,0,0,0
TUR.10.4_1,2052,4,aegypti,11.769247209324556,82.06677493767283,0.0014363218830157286,0,0,0,0,0,0,1,1,1,1.4362187369265644e-4,0,0,0
TUR.10.4_1,2052,5,aegypti,14.940963632920209,80.99412403828373,0.0020075982049335794,1.137390203908686e-5,1.1195260734264522e-5,1.1556401844101449e-5,0,0,0,1,1,1,1.942648253963064e-4,0,0,0
TUR.10.4_1,2052,6,aegypti,19.149490917430203,86.6932943900176,0.002258087919698547,0.015803355622972425,0.015716423122561256,0.01589149088907593,0,0,0,1,1,1,2.2578329908351513e-4,0,0,0
TUR.10.4_1,2052,7,aegypti,22.379671152900247,85.05713207833978,0.00265175001767853,0.06447762333239168,0.06419821760397768,0.06476421888088912,3.758215960658617e-15,3.3306690738754696e-15,4.218847493575595e-15,0.9999999999999962,0.9999999999999958,0.9999999999999967,2.56588045108197e-4,9.643132864398193e-19,8.546098665680357e-19,1.0825058309861786e-18
TUR.10.4_1,2052,8,aegypti,21.631217002868652,90.1456095140465,0.0031487859933393117,0.054202196996173777,0.05398219616989011,0.054437490002355635,0,0,0,1,1,1,3.04674802364846e-4,0,0,0
TUR.10.4_1,2052,9,aegypti,19.948157843421487,89.21950181184613,0.002509734490674808,0.02568880242098662,0.025562558070842387,0.02580751545752886,0,0,0,1,1,1,2.5094195786590223e-4,0,0,0
TUR.10.4_1,2052,10,aegypti,15.259994562934425,87.4710821990193,0.0024732385984224904,7.633347167031704e-5,7.534639670282821e-5,7.735178969431318e-5,0,0,0,1,1,1,2.3931702992507908e-4,0,0,0
TUR.10.4_1,2052,11,aegypti,6.671569158049191,82.84758342378565,0.0014346010602684326,0,0,0,0,0,0,1,1,1,1.434498161179132e-4,0,0,0
TUR.10.4_1,2052,12,aegypti,3.710455097258091,81.05149074220795,0.0011799818968903032,0,0,0,0,0,0,1,1,1,1.141852768382634e-4,0,0,0
TUR.10.4_1,2053,1,aegypti,0.6986636990297805,83.5324774634662,0.0011846703272027754,0,0,0,0,0,0,1,1,1,1.1463894398977548e-4,0,0,0
TUR.10.4_1,2053,2,aegypti,3.8051951032214086,83.13379625761144,8.861692559454452e-4,0,0,0,0,0,0,1,1,1,9.494219869832232e-5,0,0,0
TUR.10.4_1,2053,3,aegypti,6.023443717619076,77.75306669388954,0.0010878466543070885,0,0,0,0,0,0,1,1,1,1.0526994140569457e-4,0,0,0
TUR.10.4_1,2053,4,aegypti,8.87526956726523,78.02026614861033,0.0014384771168754632,0,0,0,0,0,0,1,1,1,1.438373661015735e-4,0,0,0
TUR.10.4_1,2053,5,aegypti,12.775644190171185,82.01906452900639,0.0020106106519896185,0,0,0,0,0,0,1,1,1,1.94556295854853e-4,0,0,0
TUR.10.4_1,2053,6,aegypti,18.785811031565945,83.43090425329885,0.0022614762323047537,0.011914833471577848,0.011839610888365472,0.011988327039920406,0,0,0,1,1,1,2.261220537842501e-4,0,0,0
TUR.10.4_1,2053,7,aegypti,21.81316572077134,81.01481182687493,0.0026557290292728206,0.04990841887252068,0.04967527281015453,0.050144470876854315,0,0,0,1,1,1,2.5697301186899946e-4,0,0,0
TUR.10.4_1,2053,8,aegypti,23.212199211120605,86.80016578846056,0.003153510818791149,0.08489183369329774,0.084539253258998,0.08521459887098207,9.290250901905495e-12,8.2457374261935e-12,1.0325065802341271e-11,0.9999999999907098,0.9999999999896749,0.9999999999917543,3.0513190412317925e-4,2.834751947480507e-15,2.5160375617541863e-15,3.150506988465514e-15
TUR.10.4_1,2053,9,aegypti,20.6794410312877,85.99386246858441,0.002513500404720404,0.0345997580978678,0.03443560256826082,0.03475455994142679,0,0,0,1,1,1,2.5131845469705816e-4,0,0,0
TUR.10.4_1,2053,10,aegypti,14.995698984931495,82.93402622978103,0.002476949749546451,1.7780267019379995e-5,1.7516740248209064e-5,1.8048784591926006e-5,0,0,0,1,1,1,2.396760875685855e-4,0,0,0
TUR.10.4_1,2053,11,aegypti,12.729879666777219,73.6566044198794,0.0014367537119942487,0,0,0,0,0,0,1,1,1,1.4366505038754251e-4,0,0,0
TUR.10.4_1,2053,12,aegypti,6.201526798307896,76.93118281984466,0.0011817524867337944,0,0,0,0,0,0,1,1,1,1.1435660466241337e-4,0,0,0
TUR.10.4_1,2054,1,aegypti,5.964260446428157,72.31178196786072,0.0011296335478240631,0,0,0,0,0,0,1,1,1,1.0931340045061688e-4,0,0,0
TUR.10.4_1,2054,2,aegypti,7.6889088254504125,67.55294756376378,8.450000794144297e-4,0,0,0,0,0,0,1,1,1,9.053162455952002e-5,0,0,0
TUR.10.4_1,2054,3,aegypti,7.873091239591732,71.9824520698661,0.0010373080572508618,0,0,0,0,0,0,1,1,1,1.0037961233122505e-4,0,0,0
TUR.10.4_1,2054,4,aegypti,11.892731820835786,73.83259067253611,0.001371649117638128,0,0,0,0,0,0,1,1,1,1.3715550508741625e-4,0,0,0
TUR.10.4_1,2054,5,aegypti,13.342509157517377,88.65029011494389,0.0019172027794962438,0,0,0,0,0,0,1,1,1,1.8551854216108943e-4,0,0,0
TUR.10.4_1,2054,6,aegypti,17.122830951915066,90.73447023230275,0.002156413781081348,0.0031779597709828086,0.0031536634170016152,0.003203491444513518,0,0,0,1,1,1,2.15618129177364e-4,0,0,0
TUR.10.4_1,2054,7,aegypti,20.738367136786966,94.978938413789,0.0025323505928272596,0.04080550471266546,0.04064041783901184,0.04096333736478281,0,0,0,1,1,1,2.4503616013760166e-4,0,0,0
TUR.10.4_1,2054,8,aegypti,23.195937156677246,86.3516413133629,0.0030070067026527836,0.08387976853856066,0.08353953998394369,0.08421487280141945,6.619324977030771e-12,5.890415932796599e-12,7.396483425736732e-12,0.9999999999933806,0.9999999999926036,0.9999999999941095,2.9095831206182865e-4,1.925947622305576e-15,1.7138654771486005e-15,2.152068332745652e-15
TUR.10.4_1,2054,9,aegypti,18.549603995154886,89.95729478059613,0.0023967295495158723,0.011163031829111339,0.01109468620423066,0.01122868620484706,0,0,0,1,1,1,2.3964423568334503e-4,0,0,0
TUR.10.4_1,2054,10,aegypti,13.672709521125343,91.60654209892165,0.0023618769450981206,0,0,0,0,0,0,1,1,1,2.2854261677884846e-4,0,0,0
TUR.10.4_1,2054,11,aegypti,8.974113275023068,82.88730205171534,0.0013700057777775777,0,0,0,0,0,0,1,1,1,1.3699119362720058e-4,0,0,0
TUR.10.4_1,2054,12,aegypti,5.140540756285191,80.6538238110556,0.0011268512628243687,0,0,0,0,0,0,1,1,1,1.0904417646040443e-4,0,0,0
TUR.10.4_1,2055,1,aegypti,5.425093995927669,75.6929541480365,0.001216644857026982,0,0,0,0,0,0,1,1,1,1.1773289381245e-4,0,0,0
TUR.10.4_1,2055,2,aegypti,4.268083820872776,78.42208818876378,9.100871718861832e-4,0,0,0,0,0,0,1,1,1,9.750458596380351e-5,0,0,0
TUR.10.4_1,2055,3,aegypti,3.2577108332120317,85.35407224808876,0.0011172078905038589,0,0,0,0,0,0,1,1,1,1.0811104820884765e-4,0,0,0
TUR.10.4_1,2055,4,aegypti,10.33320299316855,74.65298709587596,0.0014773019514465926,0,0,0,0,0,0,1,1,1,1.4771928357670827e-4,0,0,0
TUR.10.4_1,2055,5,aegypti,15.699337847092572,82.31508503681889,0.002064877504784612,2.7532645306723455e-4,2.718176759039677e-4,2.7865819552558307e-4,0,0,0,1,1,1,1.998068912455464e-4,0,0,0
TUR.10.4_1,2055,6,aegypti,18.115963543162625,87.02887330847463,0.002322514005916674,0.007692977050889166,0.007643734199257426,0.007743458106437707,0,0,0,1,1,1,2.322244323229583e-4,0,0,0
TUR.10.4_1,2055,7,aegypti,20.450729426215677,92.94962627999993,0.0027274077782898547,0.03474438356772353,0.03458505395371443,0.03489650468807569,0,0,0,1,1,1,2.6390785841468034e-4,0,0,0
TUR.10.4_1,2055,8,aegypti,21.243536949157715,92.57202400379259,0.0032386248149899725,0.04854572126769089,0.04833943975257164,0.04875424810899408,0,0,0,1,1,1,3.1336619523048004e-4,0,0,0
TUR.10.4_1,2055,9,aegypti,20.051045950721292,83.17886765657269,0.002581340369821625,0.024668513637369716,0.02453856574875548,0.02479647144851459,0,0,0,1,1,1,2.581007232581589e-4,0,0,0
TUR.10.4_1,2055,10,aegypti,16.82861715204575,80.6963019255818,0.0025438032038968593,0.0019160930774753827,0.0018983488211814714,0.0019331600403575378,0,0,0,1,1,1,2.46144205146126e-4,0,0,0
TUR.10.4_1,2055,11,aegypti,11.151399899931516,78.49973643892237,0.0014755320314636588,0,0,0,0,0,0,1,1,1,1.4754231770786053e-4,0,0,0
TUR.10.4_1,2055,12,aegypti,8.277674831449986,72.5295791211142,0.0012136482633597861,0,0,0,0,0,0,1,1,1,1.1744293497650826e-4,0,0,0
TUR.10.4_1,2056,1,aegypti,6.157258378862239,75.80535801766541,0.0011973185560422894,0,0,0,0,0,0,1,1,1,1.158628250659266e-4,0,0,0
TUR.10.4_1,2056,2,aegypti,4.4441135030322,81.26453356229894,9.276173179529663e-4,0,0,0,0,0,0,1,1,1,9.595580814891758e-5,0,0,0
TUR.10.4_1,2056,3,aegypti,5.044238109251156,80.97706571732704,0.0010994611373493577,0,0,0,0,0,0,1,1,1,1.0639380468246973e-4,0,0,0
TUR.10.4_1,2056,4,aegypti,12.815586244358736,69.73404178337596,0.0014538351344917273,0,0,0,0,0,0,1,1,1,1.453729457783215e-4,0,0,0
TUR.10.4_1,2056,5,aegypti,14.646757013657513,79.39770375019779,0.0020320770997004985,0,0,0,0,0,0,1,1,1,1.966332876921495e-4,0,0,0
TUR.10.4_1,2056,6,aegypti,19.192665661082547,81.65974794226369,0.0022856210667321097,0.015033780484625456,0.014949040052868083,0.015125840993802691,0,0,0,1,1,1,2.2853598834482458e-4,0,0,0
TUR.10.4_1,2056,7,aegypti,21.16935354120591,92.02046520822259,0.0026840831356656904,0.046729300011309205,0.046535856357519126,0.04692474230463903,0,0,0,1,1,1,2.597162487653071e-4,0,0,0
TUR.10.4_1,2056,8,aegypti,23.43202495574951,85.07652534656603,0.003187179532835953,0.0873896732233835,0.08701378759135472,0.08771013828855906,2.1072415812284362e-11,1.8628537601372842e-11,2.3328372567021917e-11,0.9999999999789276,0.9999999999766717,0.9999999999813715,3.083891672662764e-4,6.49850476463909e-15,5.744839198275888e-15,7.194217389621334e-15
TUR.10.4_1,2056,9,aegypti,19.66138225443223,85.83009751497113,0.0025403359956667738,0.020968365496978753,0.02085378261629614,0.02108247462620526,0,0,0,1,1,1,2.5400133576392037e-4,0,0,0
TUR.10.4_1,2056,10,aegypti,14.67340570337632,85.38027714530837,0.002503395104458154,1.5590555201777825e-9,1.5319409267367038e-9,1.586081776366942e-9,0,0,0,1,1,1,2.4223469880346737e-4,0,0,0
TUR.10.4_1,2056,11,aegypti,6.0483863844591035,77.98698009126612,0.0014520933295385095,0,0,0,0,0,0,1,1,1,1.451987905889407e-4,0,0,0
TUR.10.4_1,2056,12,aegypti,3.003295697271824,88.29623408937591,0.0011943695630128692,0,0,0,0,0,0,1,1,1,1.1557747166868193e-4,0,0,0
TUR.10.4_1,2057,1,aegypti,3.2429832094896804,82.91831120370057,0.0012252152905420012,0,0,0,0,0,0,1,1,1,1.1856219261296985e-4,0,0,0
TUR.10.4_1,2057,2,aegypti,4.98378087096738,81.55913500272862,9.164981155189722e-4,0,0,0,0,0,0,1,1,1,9.819140557110195e-5,0,0,0
TUR.10.4_1,2057,3,aegypti,4.2662298866712,76.13256040726844,0.0011250778583853781,0,0,0,0,0,0,1,1,1,1.0887257537539607e-4,0,0,0
TUR.10.4_1,2057,4,aegypti,10.43539158035727,72.99408969597361,0.001487708536477018,0,0,0,0,0,0,1,1,1,1.4875978781303534e-4,0,0,0
TUR.10.4_1,2057,5,aegypti,16.126585848191205,85.30670033222904,0.0020794231589820575,7.139045337628674e-4,7.065487889439816e-4,7.214866903453813e-4,0,0,0,1,1,1,2.0121425295260842e-4,0,0,0
TUR.10.4_1,2057,6,aegypti,20.37658747504739,87.10632692175588,0.0023388745336092418,0.030681209859901817,0.030534318095705813,0.030817308342268927,0,0,0,1,1,1,2.3386010382275835e-4,0,0,0
TUR.10.4_1,2057,7,aegypti,23.587432917426614,86.20276196115228,0.0027466205065541233,0.09276632485457344,0.09242711574488592,0.09310252755155682,1.1333192673212978e-10,1.0209054435161846e-10,1.2529979831477078e-10,0.9999999998866681,0.9999999998747002,0.9999999998979094,2.657666622873922e-4,3.011984789819741e-14,2.7132263223432618e-14,3.330050918340004e-14
TUR.10.4_1,2057,8,aegypti,23.80861759185791,86.27621711902697,0.003261438718732425,0.09814761580810853,0.09774710005644409,0.09853909708696243,5.524323681838084e-10,4.917997759035231e-10,6.166626514980678e-10,0.9999999994475677,0.9999999993833374,0.9999999995082002,3.1557329808151735e-4,1.743329043947475e-13,1.5519887727762593e-13,1.9460226673693857e-13
TUR.10.4_1,2057,9,aegypti,20.736527975867777,85.24619706331097,0.002599524152781307,0.03506425866533623,0.03489835455882338,0.03522117301047929,0,0,0,1,1,1,2.5991863057661657e-4,0,0,0
TUR.10.4_1,2057,10,aegypti,16.307760294745947,85.61755894462478,0.0025617225631152643,9.803201549735746e-4,9.707336869172121e-4,9.899636477375268e-4,0,0,0,1,1,1,2.478779083336935e-4,0,0,0
TUR.10.4_1,2057,11,aegypti,7.308226396055783,85.98796428316065,0.0014859261486145278,0,0,0,0,0,0,1,1,1,0.00014858157552566365,0,0,0
TUR.10.4_1,2057,12,aegypti,4.681266225874424,79.37683864259857,0.0012221975879154834,0,0,0,0,0,0,1,1,1,1.1827019145671525e-4,0,0,0
TUR.10.4_1,2058,1,aegypti,4.8184016817797195,72.44233616707947,0.001257999538834999,0,0,0,0,0,0,1,1,1,1.2173448061170156e-4,0,0,0
TUR.10.4_1,2058,2,aegypti,3.4132273297839086,79.78736071073644,9.410217253785477e-4,0,0,0,0,0,0,1,1,1,1.0081867374645004e-4,0,0,0
TUR.10.4_1,2058,3,aegypti,10.987910289426937,67.76306120072547,0.0011551826343729058,0,0,0,0,0,0,1,1,1,1.1178561936453502e-4,0,0,0
TUR.10.4_1,2058,4,aegypti,10.806402360691743,78.7943292589619,0.001527516565665014,0,0,0,0,0,0,1,1,1,1.5273999062626054e-4,0,0,0
TUR.10.4_1,2058,5,aegypti,18.311662561753216,72.63619862324467,0.002135064257878334,0.0071921112014192825,0.0071403349040204435,0.007242557882742036,0,0,0,1,1,1,2.0659777746945274e-4,0,0,0
TUR.10.4_1,2058,6,aegypti,19.290142620311062,87.26333223181447,0.002401458019163111,0.017350999762944495,0.017254422274925817,0.017446611753842652,0,0,0,1,1,1,2.4011696922132675e-4,0,0,0
TUR.10.4_1,2058,7,aegypti,22.355060633491068,89.36938030832025,0.0028201144380685396,0.06870047514284758,0.068418051502666,0.06897412585949594,2.290523326564653e-14,2.0317081350640365e-14,2.5648927426402676e-14,0.9999999999999771,0.9999999999999744,0.9999999999999797,2.728770627381527e-4,6.2503127748618506e-18,5.544065482374843e-18,6.999003978500809e-18
TUR.10.4_1,2058,8,aegypti,22.643881797790527,88.65127052478869,0.003348708129727141,0.07431815882773729,0.07399953812497648,0.07460047163835663,2.1419976903302994e-13,1.892930256985892e-13,2.3814838989721917e-13,0.9999999999997858,0.9999999999997619,0.9999999999998107,3.2401602414944275e-4,6.94041575358113e-17,6.133397358607516e-17,7.716389445208828e-17
TUR.10.4_1,2058,9,aegypti,18.349661406348734,89.10043748079144,0.0026690820875592235,0.009518709929319196,0.009456865299616929,0.009577161522895082,0,0,0,1,1,1,2.6687259192881285e-4,0,0,0
TUR.10.4_1,2058,10,aegypti,16.846548136542822,82.1627783660115,0.002630269004883709,0.00200598047242976,0.00198636086595895,0.0020240592941439674,0,0,0,1,1,1,2.5450976865537545e-4,0,0,0
TUR.10.4_1,2058,11,aegypti,10.205418874235715,77.007213245563,0.0015256864847589505,0,0,0,0,0,0,1,1,1,1.5255701047156567e-4,0,0,0
TUR.10.4_1,2058,12,aegypti,5.722886241972446,79.75628657961029,0.0012549010886754182,0,0,0,0,0,0,1,1,1,1.2143466705338835e-4,0,0,0
TUR.10.4_1,2059,1,aegypti,2.6512457603205215,80.5398779761615,0.0011896378729646425,0,0,0,0,0,0,1,1,1,1.1511961899879353e-4,0,0,0
TUR.10.4_1,2059,2,aegypti,3.489846478038303,79.74697832548253,8.898851305061449e-4,0,0,0,0,0,0,1,1,1,9.534029023705592e-5,0,0,0
TUR.10.4_1,2059,3,aegypti,5.697213191648617,77.3608471504325,0.0010924082001760767,0,0,0,0,0,0,1,1,1,1.0571133476078298e-4,0,0,0
TUR.10.4_1,2059,4,aegypti,8.397237931980806,81.40137729362986,0.0014445089222996355,0,0,0,0,0,0,1,1,1,1.4444045970218866e-4,0,0,0
TUR.10.4_1,2059,5,aegypti,15.944475061753216,81.26691303974857,0.0020190415210624003,4.698872904447217e-4,4.644267039617493e-4,4.7522877258909536e-4,0,0,0,1,1,1,1.9537202734087877e-4,0,0,0
TUR.10.4_1,2059,6,aegypti,17.74517878364114,88.48945222693166,0.002270959027995158,0.00573637019949968,0.005698006915779596,0.005776619513851639,0,0,0,1,1,1,2.2707011847689085e-4,0,0,0
TUR.10.4_1,2059,7,aegypti,22.376821574042825,85.89742596261712,0.0026668650011808714,0.06531720374574276,0.0650195728356391,0.0656083924246659,5.4338755717253665e-15,4.773959005888173e-15,6.106226635438361e-15,0.9999999999999946,0.9999999999999939,0.9999999999999952,2.580504090559099e-4,1.4022138140426472e-18,1.2319220742855882e-18,1.5757142810629616e-18
TUR.10.4_1,2059,8,aegypti,23.826655387878418,94.39268745594103,0.0031667340834776857,0.11366661641941556,0.11326784329710998,0.11405860287199482,3.3046963861527166e-8,2.994832937752712e-8,3.6309138393142423e-8,0.9999999669530362,0.9999999636908616,0.9999999700516706,3.064111836124095e-4,1.0125959311607062e-11,9.176503051782377e-12,1.112552607098955e-11
TUR.10.4_1,2059,9,aegypti,19.73980670816758,83.45541794954144,0.0025240399852232785,0.021091870046457552,0.02097338051746003,0.021210940603319208,0,0,0,1,1,1,2.523721473128848e-4,0,0,0
TUR.10.4_1,2059,10,aegypti,15.300396975348976,84.50442265312087,0.002487336066269492,8.483789434263587e-5,8.373694208493313e-5,8.598701029345839e-5,0,0,0,1,1,1,2.406809735833182e-4,0,0,0
TUR.10.4_1,2059,11,aegypti,9.638372708769406,79.99331248872706,0.0014427782908572274,0,0,0,0,0,0,1,1,1,1.4426742154027838e-4,0,0,0
TUR.10.4_1,2059,12,aegypti,6.412493385374546,78.7756499829306,0.0011867077974411296,0,0,0,0,0,0,1,1,1,1.1483609590567934e-4,0,0,0
TUR.10.4_1,2060,1,aegypti,4.425381290315486,81.22955998299744,0.0013661135202573773,0,0,0,0,0,0,1,1,1,1.3219579558410022e-4,0,0,0
TUR.10.4_1,2060,2,aegypti,2.8148437839083593,73.77699236356847,0.001058390478695358,0,0,0,0,0,0,1,1,1,1.0948267654420363e-4,0,0,0
TUR.10.4_1,2060,3,aegypti,8.690500278135433,77.36730161820594,0.0012544604083438765,0,0,0,0,0,0,1,1,1,1.2139202574756869e-4,0,0,0
TUR.10.4_1,2060,4,aegypti,13.986234819187837,70.21684512810252,0.0016587931619629903,0,0,0,0,0,0,1,1,1,1.6586555898323585e-4,0,0,0
TUR.10.4_1,2060,5,aegypti,16.304330713608685,79.51515827900639,0.0023185542277757857,8.829491661535286e-4,8.742010076949574e-4,8.927602125762044e-4,0,0,0,1,1,1,2.24351045130744e-4,0,0,0
TUR.10.4_1,2060,6,aegypti,20.00433977912454,78.37330232458791,0.0026078421867684978,0.022362621571609568,0.022244107047160892,0.022493838826498396,0,0,0,1,1,1,2.6075021742821836e-4,0,0,0
TUR.10.4_1,2060,7,aegypti,22.45623212702134,89.13789684884759,0.003062478437858776,0.0706843385932443,0.07040381773959482,0.07095959107721607,5.150302406775609e-14,4.596323321948148e-14,5.739853037312059e-14,0.9999999999999485,0.9999999999999426,0.999999999999954,2.96324968164563e-4,1.5261631967256543e-17,1.3620053620503234e-17,1.7008617685507662e-17
TUR.10.4_1,2060,8,aegypti,27.48542881011963,74.70736946277697,0.0036365001021006482,0.1413543101706067,0.140643189176969,0.1420708547956117,1.251000820622672e-5,1.0915016287774136e-5,1.427766798957064e-5,0.9999874899917938,0.9999857223320104,0.9999890849837122,3.518574483631909e-4,4.401739566445512e-9,3.840529779858876e-9,5.023703827387136e-9
TUR.10.4_1,2060,9,aegypti,21.7242351139293,80.50271256624066,0.002898466186933706,0.04796233468113224,0.04774187581325103,0.04818828673199659,0,0,0,1,1,1,2.898046172202795e-4,0,0,0
TUR.10.4_1,2060,10,aegypti,16.38126188166001,83.2088980559529,0.0028563174616209833,0.0010612239262293513,0.0010503623192177367,0.0010719071762882381,0,0,0,1,1,1,2.763796189810819e-4,0,0,0
TUR.10.4_1,2060,11,aegypti,11.79614763400134,78.03609050386378,0.0016568058017201927,0,0,0,0,0,0,1,1,1,1.656668559026908e-4,0,0,0
TUR.10.4_1,2060,12,aegypti,4.544873155653477,77.46240230226654,0.001362748785593987,0,0,0,0,0,0,1,1,1,1.3187021909311092e-4,0,0,0
TUR.10.4_1,2061,1,aegypti,4.037307369111873,80.38541325448182,0.001235250648250718,0,0,0,0,0,0,1,1,1,1.195332406473959e-4,0,0,0
TUR.10.4_1,2061,2,aegypti,3.807047853999607,79.930808586713,9.240048667810536e-4,0,0,0,0,0,0,1,1,1,9.899562105086801e-5,0,0,0
TUR.10.4_1,2061,3,aegypti,8.741119403501644,69.47714964066688,0.001134293021505045,0,0,0,0,0,0,1,1,1,1.0976426786557525e-4,0,0,0
TUR.10.4_1,2061,4,aegypti,10.769379770054536,82.9077096910908,0.0014998938947933136,0,0,0,0,0,0,1,1,1,1.4997814163320022e-4,0,0,0
TUR.10.4_1,2061,5,aegypti,17.86111057505888,77.90899525410404,0.0020964550678957503,0.005408513666262176,0.0053674015871969655,0.00544973585537759,0,0,0,1,1,1,2.028621691929633e-4,0,0,0
TUR.10.4_1,2061,6,aegypti,18.912487591014187,85.22396455603322,0.0023580315281078934,0.013310009707615252,0.013233476698523728,0.013387946045330749,0,0,0,1,1,1,2.357753534324436e-4,0,0,0
TUR.10.4_1,2061,7,aegypti,22.19265371210435,91.62061627023431,0.002769117221609952,0.0675794813684835,0.06729973760730508,0.06786188165238367,1.4337642184614196e-14,1.2764789225627738e-14,1.609823385706477e-14,0.9999999999999857,0.9999999999999839,0.9999999999999872,2.679431827741219e-4,3.8416734804220416e-18,3.420238252555515e-18,4.313412016704063e-18
TUR.10.4_1,2061,8,aegypti,24.017888069152832,87.1983438890465,0.003288152149784252,0.10491376184538165,0.10446968344560002,0.10534595453866644,3.5649785902203133e-9,3.1619822898898422e-9,3.99169492737439e-9,0.9999999964350214,0.999999996008305,0.9999999968380178,3.18157649677131e-4,1.1342252094137869e-12,1.0060088536720648e-12,1.269988276321562e-12
TUR.10.4_1,2061,9,aegypti,19.65015178568223,88.51762803254925,0.0026208160473136293,0.02171012475642469,0.02159391296988682,0.021826938734746858,0,0,0,1,1,1,2.6204726434764236e-4,0,0,0
TUR.10.4_1,2061,10,aegypti,15.30434709436753,83.87360142509353,0.00258270483657349,8.517731699846082e-5,8.396442920903207e-5,8.628527822553735e-5,0,0,0,1,1,1,2.4990794553869655e-4,0,0,0
TUR.10.4_1,2061,11,aegypti,8.34864311358508,79.51378978364893,0.0014980969079457192,0,0,0,0,0,0,1,1,1,1.497984698831667e-4,0,0,0
TUR.10.4_1,2061,12,aegypti,8.289159931242466,74.61637874269623,0.0012322082285597385,0,0,0,0,0,0,1,1,1,1.192388480859563e-4,0,0,0
TUR.10.4_1,2062,1,aegypti,4.531334268449641,75.28645237801697,0.0012899579326139828,0,0,0,0,0,0,1,1,1,1.2482684712078473e-4,0,0,0
TUR.10.4_1,2062,2,aegypti,2.4900316100649755,79.11463884794347,9.649275710691404e-4,0,0,0,0,0,0,1,1,1,1.0337975284535617e-4,0,0,0
TUR.10.4_1,2062,3,aegypti,7.33822729076971,77.0021053901786,0.0011845290533311526,0,0,0,0,0,0,1,1,1,1.1462527389194399e-4,0,0,0
TUR.10.4_1,2062,4,aegypti,13.399171983494478,75.26892337517283,0.001566321807163474,0,0,0,0,0,0,1,1,1,1.5661991453674862e-4,0,0,0
TUR.10.4_1,2062,5,aegypti,15.63983429179472,80.0857912135767,0.0021893037247384716,2.2769217262366053e-4,2.2499950600880027e-4,2.3057392537270094e-4,0,0,0,1,1,1,2.1184565993259685e-4,0,0,0
TUR.10.4_1,2062,6,aegypti,20.213875377879422,79.37025056677541,0.0024624649898740748,0.025183268553474077,0.0250549006442554,0.025314687346110365,0,0,0,1,1,1,2.462161828067355e-4,0,0,0
TUR.10.4_1,2062,7,aegypti,25.10447126276353,82.77269299142571,0.0028917570141835163,0.12144516652407726,0.12094254161114164,0.12197183479744157,2.0511874391215823e-7,1.827413293659097e-7,2.3061036933114122e-7,0.9999997948812561,0.9999997693896306,0.9999998172586706,2.7980829933949014e-4,5.739392689671339e-11,5.113254058891282e-11,6.452669525259832e-11
TUR.10.4_1,2062,8,aegypti,23.33467197418213,71.17430366687853,0.0034337791728849243,0.06664034028445638,0.06630231907921393,0.06696856109893279,9.62929735948137e-15,8.326672684688674e-15,1.1102230246251565e-14,0.9999999999999903,0.9999999999999889,0.9999999999999917,3.322460043472253e-4,3.1992955723589725e-18,2.7665037289949953e-18,3.688671638659994e-18
TUR.10.4_1,2062,9,aegypti,19.687385138343362,83.82638962922894,0.002736887817012545,0.020625463326097437,0.020511723131270653,0.020739743753184155,0,0,0,1,1,1,2.736513323432499e-4,0,0,0
TUR.10.4_1,2062,10,aegypti,14.767265375922706,87.15669010917556,0.0026970887214319158,1.4297639679836152e-6,1.4072849683679534e-6,1.4529555221267734e-6,0,0,0,1,1,1,2.6097452616746786e-4,0,0,0
TUR.10.4_1,2062,11,aegypti,10.10659628054675,82.02152598970362,0.0015644452346296812,0,0,0,0,0,0,1,1,1,1.56432286656627e-4,0,0,0
TUR.10.4_1,2062,12,aegypti,5.399812377989292,75.96110530519623,0.0012867807689992317,0,0,0,0,0,0,1,1,1,1.2451941800717403e-4,0,0,0
TUR.10.4_1,2063,1,aegypti,-1.2223900681745041,83.7628012549701,0.0011807221934983867,0,0,0,0,0,0,1,1,1,1.1425691026245577e-4,0,0,0
TUR.10.4_1,2063,2,aegypti,3.384942780070774,74.56768755399816,8.832159324537929e-4,0,0,0,0,0,0,1,1,1,9.462580117358677e-5,0,0,0
TUR.10.4_1,2063,3,aegypti,6.295777816434994,79.39169279252235,0.0010842212034601704,0,0,0,0,0,0,1,1,1,1.0491912819621252e-4,0,0,0
TUR.10.4_1,2063,4,aegypti,11.552198564305025,73.6732355089619,0.001433683124945626,0,0,0,0,0,0,1,1,1,1.4335803574916373e-4,0,0,0
TUR.10.4_1,2063,5,aegypti,15.251839525559369,80.46953449970951,0.0020039099188833317,6.509147937276606e-5,6.416032028550132e-5,6.602450433608707e-5,0,0,0,1,1,1,1.9390796376361763e-4,0,0,0
TUR.10.4_1,2063,6,aegypti,19.723732555613797,84.67427430945119,0.002253939443099002,0.021309080399027246,0.02119825188282588,0.021415209840961485,0,0,0,1,1,1,2.2536854500310177e-4,0,0,0
TUR.10.4_1,2063,7,aegypti,21.984638270209818,90.21129925363275,0.002646878319459777,0.06154351228581095,0.06128869308926622,0.06178219153453678,9.949818746690653e-16,8.881784197001252e-16,1.1102230246251565e-15,0.999999999999999,0.9999999999999989,0.9999999999999991,2.561167113004359e-4,2.5483148554378347e-19,2.2747733590161436e-19,2.8434666987701795e-19
TUR.10.4_1,2063,8,aegypti,23.301156044006348,92.53814186267931,0.003143001158791289,0.09594470496682828,0.09557727715667144,0.0962817887367779,2.921195797478404e-10,2.6192685798065445e-10,3.2191080356902546e-10,0.9999999997078804,0.9999999996780893,0.9999999997380732,3.041151500737804e-4,8.883798983450416e-14,7.965592572314048e-14,9.789795233776543e-14
TUR.10.4_1,2063,9,aegypti,20.47513728983262,83.72162278352582,0.0025051236981920126,0.030473959170473193,0.030330310387200164,0.030624258059551254,0,0,0,1,1,1,2.504809942155406e-4,0,0,0
TUR.10.4_1,2063,10,aegypti,15.680894907783058,84.33984898368728,0.0024686948548591227,2.7218915403797773e-4,2.688550943945834e-4,2.755194128799872e-4,0,0,0,1,1,1,2.3887741794115236e-4,0,0,0
TUR.10.4_1,2063,11,aegypti,12.545798589201535,76.11298717134424,0.00143196546363099,0,0,0,0,0,0,1,1,1,1.4318629422704898e-4,0,0,0
TUR.10.4_1,2063,12,aegypti,7.926311172544956,68.34907527589935,0.0011778140772742314,0,0,0,0,0,0,1,1,1,1.1397551177594334e-4,0,0,0
TUR.10.4_1,2064,1,aegypti,7.429861413835384,72.63343724129822,0.0013283416004796296,0,0,0,0,0,0,1,1,1,1.2854092505043546e-4,0,0,0
TUR.10.4_1,2064,2,aegypti,6.0523355107836645,75.81497911893956,0.0010291268489442365,0,0,0,0,0,0,1,1,1,1.0645573135315001e-4,0,0,0
TUR.10.4_1,2064,3,aegypti,8.976663608213558,69.34030882035438,0.0012197756056494425,0,0,0,0,0,0,1,1,1,1.180358337694587e-4,0,0,0
TUR.10.4_1,2064,4,aegypti,14.99203220535727,72.66849002556346,0.0016129288898417843,1.4235228090078697e-5,1.399705129632326e-5,1.4472798268318175e-5,0,0,0,1,1,1,1.612798819854433e-4,0,0,0
TUR.10.4_1,2064,5,aegypti,17.575277216294232,78.65813313252201,0.002254448102630779,0.004216031609400845,0.004181026192806299,0.004248693089506475,0,0,0,1,1,1,2.181485991621379e-4,0,0,0
TUR.10.4_1,2064,6,aegypti,19.995800579295437,89.41242585974416,0.0025357374865287345,0.026401385646848866,0.02627392184057753,0.02653665805990291,0,0,0,1,1,1,2.535416015471137e-4,0,0,0
TUR.10.4_1,2064,7,aegypti,20.744640406440286,88.5404389631054,0.002977803417693475,0.03704589198063947,0.036869184387456184,0.03720915139980431,0,0,0,1,1,1,2.881330060029441e-4,0,0,0
TUR.10.4_1,2064,8,aegypti,22.259325981140137,84.5380426805504,0.0035359538531312073,0.061496209146991596,0.061243755219008884,0.06175535103265212,9.725553695716371e-16,8.881784197001252e-16,1.1102230246251565e-15,0.999999999999999,0.9999999999999989,0.9999999999999991,3.4213054255438635e-4,3.3274089625572593e-19,3.038729646171013e-19,3.7984120577137665e-19
TUR.10.4_1,2064,9,aegypti,19.747581061194925,85.10839493928754,0.0028183259711551897,0.021727630645585663,0.021617361855966966,0.02183328083872351,0,0,0,1,1,1,2.817928860398e-4,0,0,0
TUR.10.4_1,2064,10,aegypti,16.651953753303076,77.88116978446853,0.0027773426235710667,0.0014499943539775608,0.0014366929805583698,0.001464211488488729,0,0,0,1,1,1,2.687389758142533e-4,0,0,0
TUR.10.4_1,2064,11,aegypti,7.332063008757199,79.62038005464503,0.0016109964784817464,0,0,0,0,0,0,1,1,1,1.6108667199676852e-4,0,0,0
TUR.10.4_1,2064,12,aegypti,6.2425538673996925,76.24350734377045,0.0013250698979734462,0,0,0,0,0,0,1,1,1,1.2822434932691085e-4,0,0,0
TUR.10.4_1,2065,1,aegypti,5.221776353715755,77.58273991463807,0.001269142422610931,0,0,0,0,0,0,1,1,1,1.2281269235003833e-4,0,0,0
TUR.10.4_1,2065,2,aegypti,5.78540350013303,66.49661211454503,9.493569396555185e-4,0,0,0,0,0,0,1,1,1,1.0171164198324867e-4,0,0,0
TUR.10.4_1,2065,3,aegypti,6.827274341245785,73.79786649857704,0.0011654148049241866,0,0,0,0,0,0,1,1,1,1.1277571823642418e-4,0,0,0
TUR.10.4_1,2065,4,aegypti,10.392036592259126,71.72552737907908,0.0015410467292553591,0,0,0,0,0,0,1,1,1,1.540927994103658e-4,0,0,0
TUR.10.4_1,2065,5,aegypti,13.189365274765912,83.50952778584232,0.002153975848976147,0,0,0,0,0,0,1,1,1,2.084275516666123e-4,0,0,0
TUR.10.4_1,2065,6,aegypti,20.785505855784695,87.11855684118947,0.002422729225371259,0.036879621430724326,0.036703147280447046,0.03704849335210757,0,0,0,1,1,1,2.4224357682256503e-4,0,0,0
TUR.10.4_1,2065,7,aegypti,21.207817133735208,89.68664867990228,0.002845093944378476,0.04575153521648544,0.04552132207192537,0.04595610408276092,0,0,0,1,1,1,2.752937717502846e-4,0,0,0
TUR.10.4_1,2065,8,aegypti,25.05185031890869,92.31794227771837,0.003378369718890857,0.14385100113734087,0.14336660657002528,0.1443022162674445,1.9877390051464827e-5,1.81628857601257e-5,2.1571450680415995e-5,0.9999801226099485,0.9999784285493196,0.9999818371142399,3.2688556632132215e-4,6.497631903962895e-9,5.9371851977281674e-9,7.0513958720402524e-9
TUR.10.4_1,2065,9,aegypti,21.22830348856309,88.82474168001019,0.002692723806472441,0.04549217314393236,0.04528624123068554,0.04570265340208123,0,0,0,1,1,1,2.6923613009355307e-4,0,0,0
TUR.10.4_1,2065,10,aegypti,16.809266146491552,81.4587759856404,0.002653566932200914,0.001892107719955711,0.0018751564281097007,0.0019089529518390145,0,0,0,1,1,1,2.567638304143971e-4,0,0,0
TUR.10.4_1,2065,11,aegypti,11.182908345671262,77.27470744722315,0.0015392004381852955,0,0,0,0,0,0,1,1,1,1.5390819873628558e-4,0,0,0
TUR.10.4_1,2065,12,aegypti,7.30030170828104,72.99384303712982,0.0012660165275525663,0,0,0,0,0,0,1,1,1,1.2251022348241936e-4,0,0,0
TUR.10.4_1,2066,1,aegypti,2.6950239413965713,82.91621312020447,0.0011746709906438678,0,0,0,0,0,0,1,1,1,1.1367137672368965e-4,0,0,0
TUR.10.4_1,2066,2,aegypti,3.565344105296604,72.82025865995519,8.786894495935143e-4,0,0,0,0,0,0,1,1,1,9.414086664116805e-5,0,0,0
TUR.10.4_1,2066,3,aegypti,3.39948536839117,85.92367521439735,0.0010786645683114155,0,0,0,0,0,0,1,1,1,1.0438144558533313e-4,0,0,0
TUR.10.4_1,2066,4,aegypti,9.82800689865561,75.42737064079783,0.0014263354969719008,0,0,0,0,0,0,1,1,1,1.4262337801607128e-4,0,0,0
TUR.10.4_1,2066,5,aegypti,15.073506243088666,80.98338185078373,0.001993639877811759,2.7882962498687026e-5,2.7472409099664603e-5,2.8329167918806954e-5,0,0,0,1,1,1,1.9291428104772912e-4,0,0,0
TUR.10.4_1,2066,6,aegypti,18.973705852732937,87.55269227820119,0.0022423880003742892,0.014338971960621805,0.014258132728233258,0.014421291386042727,0,0,0,1,1,1,2.2421366039682145e-4,0,0,0
TUR.10.4_1,2066,7,aegypti,22.246587809394388,91.92692883126946,0.0026333130644569692,0.06914337952811118,0.06886716689184642,0.06941366665903294,2.7501889654502066e-14,2.453592884421596e-14,3.064493103721588e-14,0.9999999999999725,0.9999999999999694,0.9999999999999755,2.54804280047205e-4,7.007599193353074e-18,6.2518596844398985e-18,7.80845959003404e-18
TUR.10.4_1,2066,8,aegypti,26.531535148620605,84.7305704515465,0.003126893273559215,0.15802726051559784,0.15741343013228842,0.1586843893984121,2.2709992365370124e-4,2.055485063550605e-4,2.5184082300399593e-4,0.9997729000763463,0.999748159176996,0.999794451493645,3.0255679531920876e-4,6.871062511790082e-8,6.219009736543712e-8,7.619615233864107e-8
TUR.10.4_1,2066,9,aegypti,21.80246883280137,85.68813737092816,0.0024922849358168363,0.05366925617940435,0.05343786004262437,0.05391023197449888,0,0,0,1,1,1,2.491974387406337e-4,0,0,0
TUR.10.4_1,2066,10,aegypti,14.986157473395851,87.02106999198806,0.0024560427903557885,1.7949973878306907e-5,1.768064500081976e-5,1.8214934200027796e-05,0,0,0,1,1,1,2.376533163326311e-4,0,0,0
TUR.10.4_1,2066,11,aegypti,10.376411725493039,79.1153446542544,0.0014246266386738489,0,0,0,0,0,0,1,1,1,1.4245251654398938e-4,0,0,0
TUR.10.4_1,2066,12,aegypti,4.485990442335606,73.77979274416107,0.0011717777785193336,0,0,0,0,0,0,1,1,1,1.1339142024102689e-4,0,0,0
TUR.10.4_1,2067,1,aegypti,4.756329881547786,82.2051840674701,0.0012308495568609246,0,0,0,0,0,0,1,1,1,1.1910737939735405e-4,0,0,0
TUR.10.4_1,2067,2,aegypti,1.8328304391436498,80.27728990995519,9.20712717233044e-4,0,0,0,0,0,0,1,1,1,9.864292559880194e-5,0,0,0
TUR.10.4_1,2067,3,aegypti,6.553166408201351,77.23752561722938,0.0011302516334211622,0,0,0,0,0,0,1,1,1,1.0937320864556899e-4,0,0,0
TUR.10.4_1,2067,4,aegypti,11.977418100132661,76.67183932976268,0.0014945499023693253,0,0,0,0,0,0,1,1,1,1.4944382239623355e-4,0,0,0
TUR.10.4_1,2067,5,aegypti,13.227750666001263,82.72565327412357,0.0020889855795279675,0,0,0,0,0,0,1,1,1,2.0213946185843046e-4,0,0,0
TUR.10.4_1,2067,6,aegypti,17.98417910407571,88.122226579959,0.002349630065400779,0.007019858640231569,0.006973701205325308,0.007066036459818858,0,0,0,1,1,1,2.3493540489472053e-4,0,0,0
TUR.10.4_1,2067,7,aegypti,21.777824457953958,90.48248608224603,0.0027592510960761465,0.05747337239446964,0.05723174571471254,0.05770784748869868,1.1124434706744069e-16,1.1102230246251565e-16,1.1102230246251565e-16,0.9999999999999999,0.9999999999999999,0.9999999999999999,2.669886518049669e-4,2.970097824445981e-20,2.964169485475031e-20,2.964169485475031e-20
TUR.10.4_1,2067,8,aegypti,21.227160453796387,90.45950569324572,0.0032764367476225617,0.046662266648004096,0.04646840690752014,0.04686190226042585,0,0,0,1,1,1,3.1702426114910143e-4,0,0,0
TUR.10.4_1,2067,9,aegypti,20.221444662879495,84.23528702913129,0.0026114783060573114,0.027268053593366454,0.027124969661178486,0.027404228562239147,0,0,0,1,1,1,2.6111373447912367e-4,0,0,0
TUR.10.4_1,2067,10,aegypti,17.137910898993994,81.29108189384353,0.0025735028822699503,0.002796327062163209,0.0027725496753710187,0.0028198597958483946,0,0,0,1,1,1,2.490176559815094e-4,0,0,0
TUR.10.4_1,2067,11,aegypti,10.455588628264035,83.51818431489893,0.0014927593180306903,0,0,0,0,0,0,1,1,1,1.4926479070553889e-4,0,0,0
TUR.10.4_1,2067,12,aegypti,6.12858072668314,81.31067653322357,0.0012278179770485761,0,0,0,0,0,0,1,1,1,1.1881403560642934e-4,0,0,0
TUR.10.4_1,2068,1,aegypti,4.3751877421129715,80.51862248299744,0.0012791279140551245,0,0,0,0,0,0,1,1,1,1.237789110862808e-4,0,0,0
TUR.10.4_1,2068,2,aegypti,5.25361467414426,75.97239641630284,9.909987604941773e-4,0,0,0,0,0,0,1,1,1,1.0251185845489008e-4,0,0,0
TUR.10.4_1,2068,3,aegypti,10.704208392759456,64.2944523445243,0.0011745841773729982,0,0,0,0,0,0,1,1,1,1.1366297639436862e-4,0,0,0
TUR.10.4_1,2068,4,aegypti,12.409007226719575,76.6533380480244,0.0015531715378315505,0,0,0,0,0,0,1,1,1,1.553050926984545e-4,0,0,0
TUR.10.4_1,2068,5,aegypti,15.77947223887724,85.12945423847904,0.0021709231253635376,3.500412145300448e-4,3.460143920493902e-4,3.5384071143781297e-4,0,0,0,1,1,1,2.1006726749372984e-4,0,0,0
TUR.10.4_1,2068,6,aegypti,18.708147609935086,84.62885652380666,0.0024417910276721957,0.011511995833427489,0.011441137397347033,0.011583092731218202,0,0,0,1,1,1,2.4414929347638115e-4,0,0,0
TUR.10.4_1,2068,7,aegypti,19.924003657172708,89.69192059152337,0.0028674788719747595,0.02555581126910321,0.025433838776317774,0.025676365961460848,0,0,0,1,1,1,2.7745945635604397e-4,0,0,0
TUR.10.4_1,2068,8,aegypti,24.08541202545166,92.32939399890978,0.00340495040938098,0.11675997762583573,0.11633947032858141,0.11719153240925442,6.94212251232118e-8,6.276335710042602e-8,7.67654335293022e-8,0.9999999305787749,0.9999999232345664,0.9999999372366428,3.2945704704423484e-4,2.287131183128641e-11,2.0677830292889166e-11,2.52909130456344e-11
TUR.10.4_1,2068,9,aegypti,19.708573874305277,81.53103287874066,0.0027139099003670813,0.020140067123676584,0.020026419402518134,0.020244694211372878,0,0,0,1,1,1,2.7135416683321534e-4,0,0,0
TUR.10.4_1,2068,10,aegypti,14.58569818384507,87.32712315360915,0.0026744449435462253,0,0,0,0,0,0,1,1,1,2.5878376230548117e-4,0,0,0
TUR.10.4_1,2068,11,aegypti,8.614094068022336,83.15751994722315,0.001551310720319572,0,0,0,0,0,0,1,1,1,1.551190398294544e-4,0,0,0
TUR.10.4_1,2068,12,aegypti,6.768782295286655,76.79009242677826,0.0012759774247528002,0,0,0,0,0,0,1,1,1,1.23474062716733e-4,0,0,0
TUR.10.4_1,2069,1,aegypti,5.220218765138484,75.63803013680604,0.0011949098381212073,0,0,0,0,0,0,1,1,1,1.1562975031220724e-4,0,0,0
TUR.10.4_1,2069,2,aegypti,4.937222490840427,75.933982414838,8.938287199865995e-4,0,0,0,0,0,0,1,1,1,9.576277730816152e-5,0,0,0
TUR.10.4_1,2069,3,aegypti,2.352336187025203,80.70018736039344,0.0010972492850969207,0,0,0,0,0,0,1,1,1,1.0617977721516514e-4,0,0,0
TUR.10.4_1,2069,4,aegypti,12.016885911717134,76.44797000603221,0.001450910366705346,0,0,0,0,0,0,1,1,1,1.4508051147510415e-4,0,0,0
TUR.10.4_1,2069,5,aegypti,16.145955927231732,80.9754396510767,0.002027989047692645,6.887125848282008e-4,6.813804016583495e-4,6.961494533406525e-4,0,0,0,1,1,1,1.9623774746924116e-4,0,0,0
TUR.10.4_1,2069,6,aegypti,17.81892260383157,83.52838502722463,0.0022810229450405542,0.005683249028372624,0.005640994625940576,0.005722282657297158,0,0,0,1,1,1,2.2807628115362188e-4,0,0,0
TUR.10.4_1,2069,7,aegypti,21.538442667792825,90.16017468087884,0.0026786834038082614,0.05237837277035786,0.05216489448747806,0.05259379394495915,0,0,0,1,1,1,2.5919382964889603e-4,0,0,0
TUR.10.4_1,2069,8,aegypti,22.0850191116333,76.33673347644884,0.003180767691626522,0.050659502575165945,0.05041552540983993,0.050920992116393705,0,0,0,1,1,1,3.077688576673676e-4,0,0,0
TUR.10.4_1,2069,9,aegypti,20.173068579505472,88.16225846467816,0.0025352254485968622,0.028290998159632593,0.028145236399114096,0.028429418824457077,0,0,0,1,1,1,2.534904107349689e-4,0,0,0
TUR.10.4_1,2069,10,aegypti,13.143202837775734,88.47690342704665,0.0024983588736061163,0,0,0,0,0,0,1,1,1,2.4174743956517641e-4,0,0,0
TUR.10.4_1,2069,11,aegypti,10.991135884733762,70.49665416353174,0.0014491720658461596,0,0,0,0,0,0,1,1,1,1.449067065933951e-4,0,0,0
TUR.10.4_1,2069,12,aegypti,3.962373413145542,76.43685908937591,0.0011919667777588482,0,0,0,0,0,0,1,1,1,1.1534497091136853e-4,0,0,0
TUR.10.4_1,2070,1,aegypti,4.430336582063533,81.54077061532166,0.0012458390300155017,0,0,0,0,0,0,1,1,1,1.205577997451801e-4,0,0,0
TUR.10.4_1,2070,2,aegypti,7.879558334880344,69.31867174589269,9.31925296773016e-4,0,0,0,0,0,0,1,1,1,9.984415418062831e-5,0,0,0
TUR.10.4_1,2070,3,aegypti,4.71979000057806,87.53794828568641,0.001144016009759966,0,0,0,0,0,0,1,1,1,1.1070509848920551e-4,0,0,0
TUR.10.4_1,2070,4,aegypti,10.459746515049654,81.14681491570018,0.0015127507584486617,0,0,0,0,0,0,1,1,1,1.5126363434747603e-4,0,0,0
TUR.10.4_1,2070,5,aegypti,15.753965265610638,81.11936817890873,0.0021144255637161984,3.0796070566594465e-4,3.0417410074850984e-4,3.118721781510907e-4,0,0,0,1,1,1,2.0460089512819302e-4,0,0,0
TUR.10.4_1,2070,6,aegypti,19.48695811103372,87.48234163122854,0.002378244217790235,0.01951451983649532,0.019404674382305892,0.019628362339500556,0,0,0,1,1,1,2.3779614379304537e-4,0,0,0
TUR.10.4_1,2070,7,aegypti,21.11359411127427,88.60453350656243,0.0027928536756934735,0.04330169199848767,0.04311702724759242,0.043483904870075335,0,0,0,1,1,1,2.702396408523766e-4,0,0,0
TUR.10.4_1,2070,8,aegypti,22.755610466003418,96.55475868396837,0.0033163376927847067,0.08765872761363619,0.08735854556748796,0.08796392466217846,2.2973024926820075e-11,2.0828333502365124e-11,2.530990417248802e-11,0.9999999999770269,0.99999999997469,0.9999999999791717,3.2088441133448775e-4,7.371685580215173e-15,6.683487534984823e-15,8.121553701321114e-15
TUR.10.4_1,2070,9,aegypti,18.729209479163675,87.28481705842816,0.0026432812861568763,0.01215634667471984,0.012086571781977671,0.012225661103750373,0,0,0,1,1,1,2.642931970138207e-4,0,0,0
TUR.10.4_1,2070,10,aegypti,18.125422533820654,82.07681034843337,0.0026048433918813706,0.007192447616754686,0.007146687756810863,0.007237045418933053,0,0,0,1,1,1,2.520498486675571e-4,0,0,0
TUR.10.4_1,2070,11,aegypti,8.392675687285031,88.05707133882471,0.0015109383681015467,0,0,0,0,0,0,1,1,1,1.5108242271122396e-4,0,0,0
TUR.10.4_1,2070,12,aegypti,4.222527898848057,78.72580714845795,0.0012427705311629995,0,0,0,0,0,0,1,1,1,1.202608839990793e-4,0,0,0
TUR.10.4_1,2071,1,aegypti,4.566818820833064,75.65843876717713,0.0012966186545578175,0,0,0,0,0,0,1,1,1,1.2547135244600494e-4,0,0,0
TUR.10.4_1,2071,2,aegypti,2.2713813882403295,77.04695848905675,9.699099926538563e-4,0,0,0,0,0,0,1,1,1,1.0391352839955736e-4,0,0,0
TUR.10.4_1,2071,3,aegypti,7.9236417004071615,72.4519344917411,0.0011906453912823014,0,0,0,0,0,0,1,1,1,1.1521710954243147e-4,0,0,0
TUR.10.4_1,2071,4,aegypti,12.476822053684907,81.34051761345408,0.0015744095391493841,0,0,0,0,0,0,1,1,1,1.5742856073841516e-4,0,0,0
TUR.10.4_1,2071,5,aegypti,16.53261173472685,79.91415272480717,0.002200608235523203,0.0012651706378150947,0.0012527277642947652,0.0012782464904777047,0,0,0,1,1,1,2.129394124930073e-4,0,0,0
TUR.10.4_1,2071,6,aegypti,19.652700985179226,87.5691488822051,0.0024751799739671934,0.02142927021831365,0.02131395121214598,0.021543818430149287,0,0,0,1,1,1,2.474873673443678e-4,0,0,0
TUR.10.4_1,2071,7,aegypti,23.922691401313333,87.15773327462884,0.002906688655684088,0.10249596723776506,0.10210352011965153,0.10289048309896037,1.8590606831736523e-9,1.6674314401443624e-9,2.0665357092219948e-9,0.9999999981409393,0.9999999979334643,0.9999999983325686,2.812528915380197e-4,5.22866192687236e-13,4.689699139820064e-13,5.812191436852583e-13
TUR.10.4_1,2071,8,aegypti,25.12196445465088,85.98657478504259,0.0034515095559531305,0.12950158371245954,0.12898009158849158,0.13002575291371196,1.185440658214909e-6,1.0608129819511537e-6,1.320965189358092e-6,0.9999988145593418,0.9999986790348107,0.9999989391870181,3.339612763161304e-4,3.9589127521448474e-10,3.5427045738512744e-10,4.4115122060720726e-10
TUR.10.4_1,2071,9,aegypti,23.601117667029886,71.46901353059613,0.00275101978851308,0.0715718960360759,0.07121748243429014,0.07192289141745072,7.351963482449264e-14,6.372402605592241e-14,8.427425424173406e-14,0.9999999999999265,0.9999999999999157,0.9999999999999363,2.75064141771697e-4,2.0222615256367637e-17,1.752819453730956e-17,2.3180825416452378e-17
TUR.10.4_1,2071,10,aegypti,16.379610117743994,85.37904881278884,0.0027110151895570482,0.0010959560222261987,0.0010858852781485222,0.0011070293332271451,0,0,0,1,1,1,2.6232189625996494e-4,0,0,0
TUR.10.4_1,2071,11,aegypti,8.31095771929797,82.50012553804346,0.0015725232768981677,0,0,0,0,0,0,1,1,1,1.5723996419059194e-4,0,0,0
TUR.10.4_1,2071,12,aegypti,4.955126442015171,77.62696071291107,0.0012934250855992384,0,0,0,0,0,0,1,1,1,1.2516233611525873e-4,0,0,0
TUR.10.4_1,2072,1,aegypti,4.774532424806453,75.41497715829041,0.0013608069065166725,0,0,0,0,0,0,1,1,1,1.3168232007532144e-4,0,0,0
TUR.10.4_1,2072,2,aegypti,7.877246628337375,64.93565706693761,0.0010542792028943415,0,0,0,0,0,0,1,1,1,1.0905741862399232e-4,0,0,0
TUR.10.4_1,2072,3,aegypti,9.147630233427181,70.73154417191688,0.0012495875066842591,0,0,0,0,0,0,1,1,1,1.2092051175305318e-4,0,0,0
TUR.10.4_1,2072,4,aegypti,9.72886482407065,77.60297641472361,0.0016523496457721825,0,0,0,0,0,0,1,1,1,1.6522131403229334e-4,0,0,0
TUR.10.4_1,2072,5,aegypti,16.32784927592558,85.4624773097681,0.0023095478959144584,0.0010105797814587048,0.001000144748847164,0.00102156874266766,0,0,0,1,1,1,2.2347965978830597e-4,0,0,0
TUR.10.4_1,2072,6,aegypti,18.235470379100125,87.6493490775176,0.002597712127313931,0.008534407700040873,0.00847571577201487,0.008593872814980042,0,0,0,1,1,1,2.597374751113213e-4,0,0,0
TUR.10.4_1,2072,7,aegypti,23.304187830756693,86.64197094552728,0.003050582361933921,0.08680586501906667,0.08645940160669957,0.08715167875393605,1.7440663024892445e-11,1.5552653609418596e-11,1.948012307018132e-11,0.9999999999825593,0.9999999999805198,0.9999999999844473,2.951740754871812e-4,5.148031584256093e-15,4.5907401505325065e-15,5.750027317617282e-15
TUR.10.4_1,2072,8,aegypti,22.246840476989746,93.96308387928087,0.0036223742618071955,0.07147379658026012,0.07120597243942714,0.07175168736286319,7.063161167053522e-14,6.339373470609644e-14,7.872036356104672e-14,0.9999999999999294,0.9999999999999213,0.9999999999999366,3.5049091162164814e-4,2.4755737963712132e-17,2.2218927868240655e-17,2.7590771987698837e-17
TUR.10.4_1,2072,9,aegypti,18.817498740027933,87.96764786897504,0.002887207210086999,0.013028432347943583,0.012950652322537904,0.013107974974522922,0,0,0,1,1,1,2.8867904519236376e-4,0,0,0
TUR.10.4_1,2072,10,aegypti,19.086747225593115,78.1172003630818,0.002845222209824634,0.013339253278592155,0.0132587317726747,0.013425589812860092,0,0,0,1,1,1,2.753061811181512e-4,0,0,0
TUR.10.4_1,2072,11,aegypti,12.515937139006223,77.28993571870753,0.0016503700053513586,0,0,0,0,0,0,1,1,1,1.6502338267854189e-4,0,0,0
TUR.10.4_1,2072,12,aegypti,4.990626730024815,81.23555751466888,0.001357455242031517,0,0,0,0,0,0,1,1,1,1.3135800810692988e-4,0,0,0
TUR.10.4_1,2073,1,aegypti,4.876278030275203,77.11574467538026,0.0013304134576416476,0,0,0,0,0,0,1,1,1,1.2874140156360347e-4,0,0,0
TUR.10.4_1,2073,2,aegypti,4.0052094560198706,83.56223253690831,9.951895280789842e-4,0,0,0,0,0,0,1,1,1,1.0662176493259068e-4,0,0,0
TUR.10.4_1,2073,3,aegypti,7.571302432676449,76.67048612748329,0.0012216781289338954,0,0,0,0,0,0,1,1,1,1.182199271768658e-4,0,0,0
TUR.10.4_1,2073,4,aegypti,11.228752290501314,73.21393832878611,0.0016154446269616926,0,0,0,0,0,0,1,1,1,1.6153141509200886e-4,0,0,0
TUR.10.4_1,2073,5,aegypti,17.796672708847943,74.87808857685795,0.0022579644379214507,0.0048750279215481924,0.004837593821861615,0.004911055373703061,0,0,0,1,1,1,2.184888153823339e-4,0,0,0
TUR.10.4_1,2073,6,aegypti,18.615982616648953,84.52549348669729,0.002539692557927963,0.01078273116152998,0.010718216383553905,0.010846361690996089,0,0,0,1,1,1,2.539370083313175e-4,0,0,0
TUR.10.4_1,2073,7,aegypti,23.734882410834818,85.5506928693554,0.00298244799355845,0.09516800217474286,0.09480456350637215,0.09554204414968329,2.3252137870688471e-10,2.085187245093323e-10,2.5922869406613813e-10,0.9999999997674787,0.9999999997407714,0.9999999997914812,2.8858235147710687e-4,6.710156623593168e-14,6.017482384591016e-14,7.480882610394567e-14
TUR.10.4_1,2073,8,aegypti,25.469319343566895,76.26725258045275,0.003541468994200741,0.114089546183547,0.11354299493747169,0.11458562214987728,3.6652550973848007e-08,3.202951444070124e-8,4.124818475947922e-8,0.999999963347449,0.9999999587518152,0.9999999679704856,3.426640831383221e-4,1.2559512774134241e-11,1.0975364199188536e-11,1.4134271411727058e-11
TUR.10.4_1,2073,9,aegypti,21.50652271158555,75.61318619905316,0.002822721804912208,0.04090120576921997,0.04068482592752367,0.04110091625961672,0,0,0,1,1,1,2.822323454474418e-4,0,0,0
TUR.10.4_1,2073,10,aegypti,14.227706011603859,82.64136265556228,0.0027816745342813436,0,0,0,0,0,0,1,1,1,2.691580802319793e-4,0,0,0
TUR.10.4_1,2073,11,aegypti,11.06524877688464,84.48774303071924,0.0016135092015574395,0,0,0,0,0,0,1,1,1,1.6133790379613266e-4,0,0,0
TUR.10.4_1,2073,12,aegypti,5.783214725553989,74.87649531984466,0.0013271366521557283,0,0,0,0,0,0,1,1,1,1.2842433213022808e-4,0,0,0
TUR.10.4_1,2074,1,aegypti,5.754559862016536,72.3142920386615,0.0014043109591740344,0,0,0,0,0,0,1,1,1,1.3589182643436448e-4,0,0,0
TUR.10.4_1,2074,2,aegypti,8.457215557628146,76.49708513700597,0.0010504670955553356,0,0,0,0,0,0,1,1,1,1.1254371243352157e-4,0,0,0
TUR.10.4_1,2074,3,aegypti,9.110232371946468,79.01147428666297,0.001289535952294318,0,0,0,0,0,0,1,1,1,1.2478601541232592e-4,0,0,0
TUR.10.4_1,2074,4,aegypti,11.396217500462251,78.83703860954783,0.0017051741175277313,0,0,0,0,0,0,1,1,1,1.7050287448516777e-4,0,0,0
TUR.10.4_1,2074,5,aegypti,16.67099941478056,80.42448292500248,0.0023833825397551133,0.001550511601821822,0.0015361268019867442,0.001565388507199244,0,0,0,1,1,1,2.3062332555356946e-4,0,0,0
TUR.10.4_1,2074,6,aegypti,18.4729944116929,89.8462484915801,0.002680759181700664,0.01054384005160088,0.010480735138038086,0.010608585649190577,0,0,0,1,1,1,2.680399890317986e-4,0,0,0
TUR.10.4_1,2074,7,aegypti,22.03385549433091,89.17118389718743,0.0031481073635147134,0.06155319730736478,0.0612962231583927,0.061807944232683446,9.980904991380158e-16,8.881784197001252e-16,1.1102230246251565e-15,0.999999999999999,0.9999999999999989,0.9999999999999991,3.046091485178204e-4,3.040274970861573e-19,2.7054727215675846e-19,3.381840901959481e-19
TUR.10.4_1,2074,8,aegypti,27.180211067199707,85.11102546863634,0.0037381790537109336,0.17207770418122437,0.17136420264959037,0.1727534265295828,0.0018043354823285651,0.0016365338681908232,0.001973264549598025,0.9981956645176714,0.998026735450402,0.9983634661318092,3.6169383626993845e-4,6.526170225213885e-7,5.919242129716206e-7,7.137176249195819e-7
TUR.10.4_1,2074,9,aegypti,23.831409033607034,82.08587296663129,0.0029795092214148647,0.09162330329509974,0.0912466296660885,0.09199673405232862,7.996652728881059e-11,7.109372812674764e-11,8.952351082669452e-11,0.9999999999200335,0.9999999999104765,0.9999999999289063,2.979065391736091e-4,2.3822551394341533e-14,2.117928650318886e-14,2.666963928505169e-14
TUR.10.4_1,2074,10,aegypti,14.212996538947609,88.90674351493728,0.002936181989823803,0,0,0,0,0,0,1,1,1,2.841062783421888e-4,0,0,0
TUR.10.4_1,2074,11,aegypti,10.824670125456418,70.97534526460596,0.001703131189376152,0,0,0,0,0,0,1,1,1,1.7029861648165667e-4,0,0,0
TUR.10.4_1,2074,12,aegypti,9.358746208250523,72.2221831860556,0.001400852144300713,0,0,0,0,0,0,1,1,1,1.355571478446338e-4,0,0,0
TUR.10.4_1,2075,1,aegypti,6.273750650285579,77.92813023446229,0.0013557626877295306,0,0,0,0,0,0,1,1,1,1.3119423403173958e-4,0,0,0
TUR.10.4_1,2075,2,aegypti,5.974202881389133,80.99170641386144,0.0010141515193181926,0,0,0,0,0,0,1,1,1,1.0865318817021574e-4,0,0,0
TUR.10.4_1,2075,3,aegypti,9.865775127073421,69.89083067094032,0.0012449555543130523,0,0,0,0,0,0,1,1,1,1.2047231240031042e-4,0,0,0
TUR.10.4_1,2075,4,aegypti,11.213988458409029,79.83200320915721,0.0016462247406984225,0,0,0,0,0,0,1,1,1,1.646089245338489e-4,0,0,0
TUR.10.4_1,2075,5,aegypti,15.153172380783978,79.78951893574467,0.0023009868981486575,4.138927345086088e-5,4.0794848943980993e-5,4.198638914833001e-5,0,0,0,1,1,1,2.2265136093968518e-4,0,0,0
TUR.10.4_1,2075,6,aegypti,20.88281306098489,87.79611574011525,0.002588082966664148,0.038856740726341814,0.03867631602875168,0.03903602048603498,0,0,0,1,1,1,2.5877480868830016e-4,0,0,0
TUR.10.4_1,2075,7,aegypti,20.83276372797349,87.32934887521478,0.0030392745086388635,0.03776071731735149,0.03758171775568825,0.03793435950884373,0,0,0,1,1,1,2.940800895167017e-4,0,0,0
TUR.10.4_1,2075,8,aegypti,25.234225273132324,91.89834846668322,0.0036089468988081065,0.14781495982769172,0.14729933854633276,0.148334010453173,4.0641486824504746e-5,3.7049663744725954e-5,4.449813257144664e-5,0.9999593585131755,0.9999555018674285,0.9999629503362553,3.4919194398763675e-4,1.4191679790796738e-8,1.2937444107109122e-8,1.553838941644303e-8
TUR.10.4_1,2075,9,aegypti,21.430692251990823,83.48687394319379,0.0028765049533731706,0.0451965384098325,0.044995575884724776,0.045390752471975444,0,0,0,1,1,1,2.876091279001569e-4,0,0,0
TUR.10.4_1,2075,10,aegypti,16.85152440912583,78.2975439910115,0.0028346755824848833,0.0018978810752385488,0.0018810011239845795,0.0019153222643102958,0,0,0,1,1,1,2.7428582023081294e-4,0,0,0
TUR.10.4_1,2075,11,aegypti,12.556517888517941,71.70914043062159,0.0016442524383792462,0,0,0,0,0,0,1,1,1,1.6441172674841464e-4,0,0,0
TUR.10.4_1,2075,12,aegypti,8.498067058622837,72.4256972851767,0.0013524234471444033,0,0,0,0,0,0,1,1,1,1.3087112406051649e-4,0,0,0
TUR.39.3_1,2025,1,albopictus,1.2152294294141672,77.8297163676075,8.82293256218946e-5,0,0,0,0,0,0,1,1,1,8.538285383052902e-6,0,0,0
TUR.39.3_1,2025,2,albopictus,0.9362543459762546,82.47486039265675,6.599820561348449e-5,0,0,0,0,0,0,1,1,1,7.071211314602088e-6,0,0,0
TUR.39.3_1,2025,3,albopictus,5.302489902385894,71.35082719185532,8.101830060703479e-5,0,0,0,0,0,0,1,1,1,7.840449967377872e-6,0,0,0
TUR.39.3_1,2025,4,albopictus,11.550636628094843,52.86654334217316,1.0713180116878685e-4,3.295097822689838e-6,3.1364552291434248e-6,3.4641373818334008e-6,0,0,0,1,1,1,1.0713122730932056e-5,0,0,0
TUR.39.3_1,2025,5,albopictus,15.298782292534323,50.302617773069386,1.4974193059439888e-4,0.003978252994292565,0.003943854120778641,0.004014646789429863,0,0,0,1,1,1,1.4491049577403103e-5,0,0,0
TUR.39.3_1,2025,6,albopictus,22.76730565463795,30.183047962122025,1.684253570842067e-4,0.039332881004609126,0.03909625229725522,0.03956032870681644,0,0,0,1,1,1,1.6842393873672812e-5,0,0,0
TUR.39.3_1,2025,7,albopictus,24.53032471151913,35.04917070072136,1.9778766793331128e-4,0.05161371820998696,0.05134551827113243,0.05188781278062934,0,0,0,1,1,1,1.9140558875196945e-5,0,0,0
TUR.39.3_1,2025,8,albopictus,25.422099113464355,40.793145974985556,2.3486038815562208e-4,0.06110338974934486,0.06077672392886577,0.061425797723933875,8.105738302788268e-16,6.661338147750939e-16,8.881784197001252e-16,0.9999999999999992,0.9999999999999991,0.9999999999999993,2.2728166371499547e-5,1.8422856870960813e-20,1.5140000167889998e-20,2.0186666890519997e-20
TUR.39.3_1,2025,9,albopictus,19.010950873879825,61.66373674193726,1.871950707016247e-4,0.027949937728508217,0.02782155906471098,0.028078026318598483,0,0,0,1,1,1,1.8719331861261068e-5,0,0,0
TUR.39.3_1,2025,10,albopictus,14.642031038508696,74.28254549831783,1.8447292971186024e-4,0.003347747351446545,0.0033185918244878986,0.0033752152156971303,0,0,0,1,1,1,1.7852059654432928e-5,0,0,0
TUR.39.3_1,2025,11,albopictus,7.591015116695096,76.39626490781279,1.0700344913113424e-4,0,0,0,0,0,0,1,1,1,1.070028766458897e-5,0,0,0
TUR.39.3_1,2025,12,albopictus,1.0478261233690906,83.16094951646612,8.801201698257185e-5,0,0,0,0,0,0,1,1,1,8.517255694062698e-6,0,0,0
TUR.39.3_1,2026,1,albopictus,4.349636592080488,83.7203413676075,8.359400589679674e-5,0,0,0,0,0,0,1,1,1,8.089709784275811e-6,0,0,0
TUR.39.3_1,2026,2,albopictus,1.315854926757953,75.303290568438,6.253084618230992e-5,0,0,0,0,0,0,1,1,1,6.699711076363357e-6,0,0,0
TUR.39.3_1,2026,3,albopictus,7.682564880260649,55.456383679892426,7.676182778180783e-5,0,0,0,0,0,0,1,1,1,7.428536387132922e-6,0,0,0
TUR.39.3_1,2026,4,albopictus,10.351044991437128,59.96149497181183,1.015033987340786e-4,0,0,0,0,0,0,1,1,1,1.015028835893439e-5,0,0,0
TUR.39.3_1,2026,5,albopictus,13.383130017448874,71.25634930993462,1.4187491223439222e-4,8.198513480198083e-4,8.085687709660125e-4,8.304576444512947e-4,0,0,0,1,1,1,1.3729735962586531e-5,0,0,0
TUR.39.3_1,2026,6,albopictus,18.421166700475354,54.257972431116166,1.5957676423374365e-4,0.02057331169974871,0.02047433145172348,0.020683971011044296,0,0,0,1,1,1,1.5957549100331647e-5,0,0,0
TUR.39.3_1,2026,7,albopictus,22.78537727804745,46.67185517948113,1.8739646215121844e-4,0.052679433830117396,0.05245616318123458,0.05291652675995706,0,0,0,1,1,1,1.8134977057826518e-5,0,0,0
TUR.39.3_1,2026,8,albopictus,23.799044609069824,42.81522925745626,2.2252148629744287e-4,0.0559528336236724,0.05568615159782818,0.05623281732557694,1.099120794378905e-16,1.1102230246251565e-16,1.1102230246251565e-16,0.9999999999999999,0.9999999999999999,0.9999999999999999,2.153410552141466e-5,2.3668583166936443e-21,2.3907659764582267e-21,2.3907659764582267e-21
TUR.39.3_1,2026,9,albopictus,21.49874765732709,43.80601732055054,1.773603700785815e-4,0.040363059232985096,0.04017533739975694,0.040548617430108326,0,0,0,1,1,1,1.773587972531132e-5,0,0,0
TUR.39.3_1,2026,10,albopictus,12.410467470393462,66.73484652370846,1.747812426926887e-4,1.264292046165248e-4,1.234393446760451e-4,1.2921914548164103e-4,0,0,0,1,1,1,1.6914170762771796e-5,0,0,0
TUR.39.3_1,2026,11,albopictus,8.362307803157499,80.94767939755889,1.0138178995018763e-4,0,0,0,0,0,0,1,1,1,1.0138127603864788e-5,0,0,0
TUR.39.3_1,2026,12,albopictus,2.4524296344641376,80.5412443162708,8.338811403999145e-5,0,0,0,0,0,0,1,1,1,8.06978492684518e-6,0,0,0
TUR.39.3_1,2027,1,albopictus,1.532305665423765,77.86012713420907,8.2642117971341e-5,0,0,0,0,0,0,1,1,1,7.997592338937487e-6,0,0,0
TUR.39.3_1,2027,2,albopictus,2.908730765037677,78.74973221882863,6.18188052074707e-5,0,0,0,0,0,0,1,1,1,6.6234214801674796e-6,0,0,0
TUR.39.3_1,2027,3,albopictus,3.167457010158721,74.76822373726547,7.588773811212954e-5,0,0,0,0,0,0,1,1,1,7.3439476890868605e-6,0,0,0
TUR.39.3_1,2027,4,albopictus,8.672171929303339,62.13159995228058,1.0034757591387575e-4,0,0,0,0,0,0,1,1,1,1.003470724336708e-5,0,0,0
TUR.39.3_1,2027,5,albopictus,16.89629644506118,54.85139630700493,1.4025937755062867e-4,0.010943218049431538,0.010870120027818715,0.011017863499547488,0,0,0,1,1,1,1.3573396030697182e-5,0,0,0
TUR.39.3_1,2027,6,albopictus,20.643059057347912,43.89634675972945,1.577596579301538e-4,0.03370979225930624,0.03354334948846864,0.033868557279704795,0,0,0,1,1,1,1.5775841353149467e-5,0,0,0
TUR.39.3_1,2027,7,albopictus,25.2140271803912,29.818793503455737,1.852625719556093e-4,0.048375131123016994,0.048069363541646155,0.048651457434382386,0,0,0,1,1,1,1.792847527870567e-5,0,0,0
TUR.39.3_1,2027,8,albopictus,24.752671241760254,46.2761514986672,2.1998762619959686e-4,0.06520154923507934,0.064897437116269,0.06552289183688859,5.1688653357473415e-15,4.551914400963142e-15,5.88695758807489e-15,0.9999999999999948,0.9999999999999941,0.9999999999999954,2.1288898504279175e-5,1.1003944951501206e-19,9.690524368227106e-20,1.2532684259152248e-19
TUR.39.3_1,2027,9,albopictus,20.131073783425723,55.59682313720093,1.7534076122121205e-4,0.03552873678939189,0.03538528720567254,0.035680225238728026,0,0,0,1,1,1,1.7533922401113955e-5,0,0,0
TUR.39.3_1,2027,10,albopictus,12.62630399535684,74.44130556911861,1.7279100245081396e-4,2.409935513202917e-4,2.3654355746715908e-4,2.4565318335249386e-4,0,0,0,1,1,1,1.6721570107569583e-5,0,0,0
TUR.39.3_1,2027,11,albopictus,9.443389193538358,69.18312251279326,1.0022735189354257e-4,0,0,0,0,0,0,1,1,1,1.0022684961863426e-5,0,0,0
TUR.39.3_1,2027,12,albopictus,2.76824615610873,78.48311595933721,8.243857061244965e-5,0,0,0,0,0,0,1,1,1,7.977894364685767e-6,0,0,0
TUR.39.3_1,2028,1,albopictus,-0.43584986765156764,79.45980517375985,8.179904639324852e-5,0,0,0,0,0,0,1,1,1,7.916005415942173e-6,0,0,0
TUR.39.3_1,2028,2,albopictus,4.343131085090778,72.006171427813,6.337345365900719e-5,0,0,0,0,0,0,1,1,1,6.555853026779523e-6,0,0,0
TUR.39.3_1,2028,3,albopictus,6.8823496359674365,76.86275193550766,7.511357117765855e-5,0,0,0,0,0,0,1,1,1,7.269028855727555e-6,0,0,0
TUR.39.3_1,2028,4,albopictus,8.603319027844599,71.47395377308136,9.93238825325807e-5,0,0,0,0,0,0,1,1,1,9.932338927209905e-6,0,0,0
TUR.39.3_1,2028,5,albopictus,14.151623669792624,62.60935376550103,1.3882852488522523e-4,0.0017827487692764375,0.0017634620115135275,0.0018025127433939222,0,0,0,1,1,1,1.3434928287869852e-5,0,0,0
TUR.39.3_1,2028,6,albopictus,21.805107397191662,35.47379655831343,1.5615027657552016e-4,0.037204341675371295,0.037033813652272075,0.03739225404663327,0,0,0,1,1,1,1.561490574364388e-5,0,0,0
TUR.39.3_1,2028,7,albopictus,25.405118717866785,27.43099900882683,1.833726202852727e-4,0.04636961366763489,0.04606955425811947,0.04663599965977143,0,0,0,1,1,1,1.7745579992345384e-5,0,0,0
TUR.39.3_1,2028,8,albopictus,24.67050838470459,32.78803428064962,2.177434277238846e-4,0.04987008625821578,0.04957360745205456,0.05013986178582523,0,0,0,1,1,1,2.107172260656931e-5,0,0,0
TUR.39.3_1,2028,9,albopictus,21.87626917221967,41.41575090209351,1.7355202666436093e-4,0.04161991207010078,0.041412934644920546,0.04182263803413018,0,0,0,1,1,1,1.7355052065792798e-5,0,0,0
TUR.39.3_1,2028,10,albopictus,11.090854013667387,54.68559878200924,1.7102827919671115e-4,6.224589816936511e-8,5.620462750798216e-8,6.865180407712991e-8,0,0,0,1,1,1,1.655098682418199e-5,0,0,0
TUR.39.3_1,2028,11,albopictus,4.6947693986927765,58.416658279394824,9.920488497469832e-5,0,0,0,0,0,0,1,1,1,9.92043928960129e-6,0,0,0
TUR.39.3_1,2028,12,albopictus,2.8374302209738422,76.23314647691534,8.15975755178415e-5,0,0,0,0,0,0,1,1,1,7.896508388616219e-6,0,0,0
TUR.39.3_1,2029,1,albopictus,0.2435144559644602,81.70825640667,8.184683384729129e-5,0,0,0,0,0,0,1,1,1,7.920629971680526e-6,0,0,0
TUR.39.3_1,2029,2,albopictus,0.8313443857957336,77.62408372029347,6.122390861532052e-5,0,0,0,0,0,0,1,1,1,6.559682979689896e-6,0,0,0
TUR.39.3_1,2029,3,albopictus,4.794006015667144,76.50212571480454,7.51574529402085e-5,0,0,0,0,0,0,1,1,1,7.273275447028382e-6,0,0,0
TUR.39.3_1,2029,4,albopictus,12.72618518156164,57.049095679819644,9.938190809254941e-5,2.1032119947094673e-4,2.0601532166958567e-4,2.1463624660696413e-4,0,0,0,1,1,1,9.938141425580582e-6,0,0,0
TUR.39.3_1,2029,5,albopictus,14.867059651543112,58.195161565793995,1.3890962927513322e-4,0.0032066802860771216,0.003176611382660373,0.0032366219977600194,0,0,0,1,1,1,1.3442776994221362e-5,0,0,0
TUR.39.3_1,2029,6,albopictus,20.80627850925221,38.392669391565384,1.5624150042829892e-4,0.03204791039666763,0.03187535360034141,0.03221477823756193,0,0,0,1,1,1,1.562402798638285e-5,0,0,0
TUR.39.3_1,2029,7,albopictus,23.85045410605038,37.727389542274096,1.8347974758138396e-4,0.051204518333410456,0.05094755810438069,0.05145313760829555,0,0,0,1,1,1,1.775594696595828e-5,0,0,0
TUR.39.3_1,2029,8,albopictus,25.163723945617676,39.94922812830587,2.178706346352641e-4,0.05926347209268343,0.05897349452582623,0.059559329400691544,3.353983757392598e-16,3.3306690738754696e-16,4.440892098500626e-16,0.9999999999999997,0.9999999999999996,0.9999999999999997,2.1084032693408084e-5,7.071550319402522e-21,7.022393564451362e-21,9.363191419268483e-21
TUR.39.3_1,2029,9,albopictus,19.333712409524356,55.90574495116577,1.7365341671551606e-4,0.028487572149108444,0.028362674197893557,0.02861224394117304,0,0,0,1,1,1,1.7365190894902405e-5,0,0,0
TUR.39.3_1,2029,10,albopictus,14.721798265681548,42.3010811123315,1.7112819486067666e-4,0.002232266165978002,0.0022093318552394866,0.002254738982325557,0,0,0,1,1,1,1.656065592181566e-5,0,0,0
TUR.39.3_1,2029,11,albopictus,4.8658836050068635,76.03264033505889,9.926284101563743e-5,0,0,0,0,0,0,1,1,1,9.926234836199477e-6,0,0,0
TUR.39.3_1,2029,12,albopictus,3.310285312068813,78.44439678209112,8.16452452714877e-5,0,0,0,0,0,0,1,1,1,7.901121554132473e-6,0,0,0
TUR.39.3_1,2030,1,albopictus,1.8658217118286036,82.60306994426766,8.058564458095728e-5,0,0,0,0,0,0,1,1,1,7.79858035682146e-6,0,0,0
TUR.39.3_1,2030,2,albopictus,2.148975272827289,79.568183146563,6.0280500877243285e-5,0,0,0,0,0,0,1,1,1,6.4586042370917696e-6,0,0,0
TUR.39.3_1,2030,3,albopictus,3.3656431692926323,79.08623978951157,7.399934127629189e-5,0,0,0,0,0,0,1,1,1,7.161200933580858e-6,0,0,0
TUR.39.3_1,2030,4,albopictus,9.386855462018183,70.27287345081574,9.785051842403796e-5,0,0,0,0,0,0,1,1,1,9.785003968976191e-6,0,0,0
TUR.39.3_1,2030,5,albopictus,14.714007321526022,62.965242132200245,1.367691514435887e-4,0.0030271514858273498,0.0030015655268834213,0.003052759506849081,0,0,0,1,1,1,1.3235636741382173e-5,0,0,0
TUR.39.3_1,2030,6,albopictus,21.10984830295338,34.640880298547806,1.5383395337933498e-4,0.03216144092092405,0.03199788271259632,0.032326093403766666,0,0,0,1,1,1,1.5383277014113794e-5,0,0,0
TUR.39.3_1,2030,7,albopictus,23.926774754243738,37.22559281986199,1.8065248258697912e-4,0.05110662251823535,0.050850150427743324,0.05138754481191046,0,0,0,1,1,1,1.7482345496921958e-5,0,0,0
TUR.39.3_1,2030,8,albopictus,22.83646869659424,53.659646829477744,2.1451343567062184e-4,0.05979683961080447,0.059557363005559194,0.06005093043703602,4.430900091279e-16,4.440892098500626e-16,4.440892098500626e-16,0.9999999999999996,0.9999999999999996,0.9999999999999996,2.0759149268245736e-5,9.19817163875444e-21,9.218914195694754e-21,9.218914195694754e-21
TUR.39.3_1,2030,9,albopictus,20.23036844590131,33.962889116204835,1.709775670225095e-4,0.026119588874531058,0.025976746200311842,0.026275513385561337,0,0,0,1,1,1,1.7097610536476182e-5,0,0,0
TUR.39.3_1,2030,10,albopictus,12.722462976680083,67.05515902370846,1.684912566630662e-4,2.5442227684126554e-4,2.4935135549730404e-4,2.594309045118148e-4,0,0,0,1,1,1,1.6305472547828437e-5,0,0,0
TUR.39.3_1,2030,11,albopictus,5.681344525340726,75.81363856503935,9.773328606830353e-5,0,0,0,0,0,0,1,1,1,9.77328084805773e-6,0,0,0
TUR.39.3_1,2030,12,albopictus,4.272405606639736,79.51867656724737,8.038716231160525e-5,0,0,0,0,0,0,1,1,1,7.77937254492489e-6,0,0,0
TUR.39.3_1,2031,1,albopictus,5.16026786725749,82.04060809124032,9.135987411241669e-5,0,0,0,0,0,0,1,1,1,8.841239055978889e-6,0,0,0
TUR.39.3_1,2031,2,albopictus,2.2584042746354553,80.67793198689503,6.833995062291467e-5,0,0,0,0,0,0,1,1,1,7.322110759933054e-6,0,0,0
TUR.39.3_1,2031,3,albopictus,5.227650787243071,70.99889848091782,8.389298787096055e-5,0,0,0,0,0,0,1,1,1,8.118643289201088e-6,0,0,0
TUR.39.3_1,2031,4,albopictus,11.12457499784582,57.5263181224466,1.1093304634517107e-4,1.0842672388555664e-7,9.894785218505918e-8,1.184519480256412e-7,0,0,0,1,1,1,1.1093243103998951e-5,0,0,0
TUR.39.3_1,2031,5,albopictus,15.556923810173483,43.76062940026665,1.550550662381993e-4,0.004330082266950242,0.004293099719284283,0.004368906717445908,0,0,0,1,1,1,1.5005216411401179e-5,0,0,0
TUR.39.3_1,2031,6,albopictus,23.30232457553639,26.21973390572554,1.74401417126252e-4,0.0390063761268903,0.038778983032272195,0.039231700525702316,0,0,0,1,1,1,1.743998963421589e-5,0,0,0
TUR.39.3_1,2031,7,albopictus,23.259647144990808,41.84693071048699,2.0480556001089574e-4,0.05164727682967211,0.051412631314311556,0.05188566127029675,0,0,0,1,1,1,1.98196964914521e-5,0,0,0
TUR.39.3_1,2031,8,albopictus,21.779484748840332,59.79681952845235,2.431936926260074e-4,0.05510465519414369,0.05489675306661114,0.055312682255866566,0,0,0,1,1,1,2.3534596536922692e-5,0,0,0
TUR.39.3_1,2031,9,albopictus,18.85817034104291,63.46342698851929,1.9383711677743335e-4,0.027260491912536457,0.02713760257730529,0.02737568445990786,0,0,0,1,1,1,1.938352381480879e-5,0,0,0
TUR.39.3_1,2031,10,albopictus,14.557723367915434,61.99696963161861,1.910183889180943e-4,0.002605845527003657,0.0025796285595531938,0.002630096960902555,0,0,0,1,1,1,1.8485479681862316e-5,0,0,0
TUR.39.3_1,2031,11,albopictus,8.113579051021269,78.57860743710967,1.1080014012697933e-4,0,0,0,0,0,0,1,1,1,1.1079952629611256e-5,0,0,0
TUR.39.3_1,2031,12,albopictus,5.022574645412319,78.31610088365362,9.113485493889215e-5,0,0,0,0,0,0,1,1,1,8.819463199194466e-6,0,0,0
TUR.39.3_1,2032,1,albopictus,1.4516415969633005,78.75073687542,8.810608167228393e-5,0,0,0,0,0,0,1,1,1,8.52635865089546e-6,0,0,0
TUR.39.3_1,2032,2,albopictus,4.3811950880815,72.16939469441456,6.825980167411882e-5,0,0,0,0,0,0,1,1,1,7.061333862523611e-6,0,0,0
TUR.39.3_1,2032,3,albopictus,5.269629623302642,69.69138810494125,8.090512944441767e-5,0,0,0,0,0,0,1,1,1,7.829498005262892e-6,0,0,0
TUR.39.3_1,2032,4,albopictus,11.06656489652746,59.36121421009308,1.069821531213618e-4,5.63934110578558e-8,5.116631833529988e-8,6.239968933183577e-8,0,0,0,1,1,1,1.0698158086408505e-5,0,0,0
TUR.39.3_1,2032,5,albopictus,18.07894224279067,45.55054639245415,1.4953276219354465e-4,0.01599706562414776,0.015901081693300338,0.01609254505694651,0,0,0,1,1,1,1.4470807767175131e-5,0,0,0
TUR.39.3_1,2032,6,albopictus,21.53638867770924,38.48069734566695,1.6819009056623965e-4,0.037250431698909514,0.037072893544507546,0.03743779313807712,0,0,0,1,1,1,1.681886761784046e-5,0,0,0
TUR.39.3_1,2032,7,albopictus,23.918466343599206,36.725428787879565,1.9751138639983513e-4,0.0505853946629739,0.050321771408405776,0.05084777963576048,0,0,0,1,1,1,1.911382246400084e-5,0,0,0
TUR.39.3_1,2032,8,albopictus,24.23534870147705,41.31357367884298,2.3453232124998307e-4,0.056811520870287964,0.05651504068948756,0.05707827084387745,1.1102230246251565e-16,1.1102230246251565e-16,1.1102230246251565e-16,0.9999999999999999,0.9999999999999999,0.9999999999999999,2.269641868235528e-5,2.519808659768339e-21,2.519808659768339e-21,2.519808659768339e-21
TUR.39.3_1,2032,9,albopictus,19.456194709329043,42.46375505248413,1.8693358553557247e-4,0.02421409132177403,0.02409058250820517,0.024337464999936866,0,0,0,1,1,1,1.86931838338511e-5,0,0,0
TUR.39.3_1,2032,10,albopictus,13.515192354426665,67.96568148464596,1.8421524699362921e-4,9.284906808626874e-4,9.1648072495556e-4,9.405338954665745e-4,0,0,0,1,1,1,1.7827123062086336e-5,0,0,0
TUR.39.3_1,2032,11,albopictus,6.822131888393094,76.37166011044951,1.0685398037344023e-4,0,0,0,0,0,0,1,1,1,1.0685340948723976e-5,0,0,0
TUR.39.3_1,2032,12,albopictus,2.81564388884341,79.96647624986456,8.788907658254412e-5,0,0,0,0,0,0,1,1,1,8.505358337185243e-6,0,0,0
TUR.39.3_1,2033,1,albopictus,2.531579770257368,80.11571948040047,8.652777154259073e-5,0,0,0,0,0,0,1,1,1,8.373620251633795e-6,0,0,0
TUR.39.3_1,2033,2,albopictus,5.141297121696613,81.06666489705128,6.472539166872403e-5,0,0,0,0,0,0,1,1,1,6.934839346994792e-6,0,0,0
TUR.39.3_1,2033,3,albopictus,5.343416835674468,72.9284105048436,7.945581535709703e-5,0,0,0,0,0,0,1,1,1,7.689242891517623e-6,0,0,0
TUR.39.3_1,2033,4,albopictus,10.89865718168371,60.984230567514956,1.050657018076388e-4,3.68195290071965e-9,3.0838515994367135e-9,4.354600733420259e-9,0,0,0,1,1,1,1.0506514986907689e-5,0,0,0
TUR.39.3_1,2033,5,albopictus,13.932917538811179,69.11895154382134,1.4685406999873196e-4,0.0015618829357712213,0.001544818008542246,0.0015787706720983125,0,0,0,1,1,1,1.4211583207912604e-5,0,0,0
TUR.39.3_1,2033,6,albopictus,19.747198385350842,41.638282489709916,1.6517717569570787e-4,0.025965615623470065,0.025830899320448495,0.026094240635193663,0,0,0,1,1,1,1.6517581152841743e-5,0,0,0
TUR.39.3_1,2033,7,albopictus,25.746400608735925,29.38844987552605,1.939732172295828e-4,0.04880597256356585,0.048512709520102316,0.049098202466750215,0,0,0,1,1,1,1.8771425482011495e-5,0,0,0
TUR.39.3_1,2033,8,albopictus,24.563965797424316,35.0035570467629,2.3033096838825714e-4,0.051700901798631814,0.051418012622453574,0.05198513271726907,0,0,0,1,1,1,2.2289845292733368e-5,0,0,0
TUR.39.3_1,2033,9,albopictus,19.337393592385684,42.19087068358765,1.835849044226377e-4,0.02328817501346014,0.023160221097661315,0.02341019675851288,0,0,0,1,1,1,1.8358321926204013e-5,0,0,0
TUR.39.3_1,2033,10,albopictus,13.373467767939848,61.1795105251733,1.8091526151186148e-4,6.826575713568218e-4,6.732683359191472e-4,6.925156817296108e-4,0,0,0,1,1,1,1.7507775270542147e-5,0,0,0
TUR.39.3_1,2033,11,albopictus,8.244013087276151,83.28608119199248,1.0493982511400266e-4,0,0,0,0,0,0,1,1,1,1.0493927449783946e-5,0,0,0
TUR.39.3_1,2033,12,albopictus,4.9606396974447895,81.70369701402471,8.631465382730714e-5,0,0,0,0,0,0,1,1,1,8.352996129112888e-6,0,0,0
TUR.39.3_1,2034,1,albopictus,4.556750573327436,81.62857501018563,8.792001391647791e-5,0,0,0,0,0,0,1,1,1,8.508352247305062e-6,0,0,0
TUR.39.3_1,2034,2,albopictus,2.997776051216266,74.43945237263722,6.576683109725808e-5,0,0,0,0,0,0,1,1,1,7.0464213628440575e-6,0,0,0
TUR.39.3_1,2034,3,albopictus,6.176232005962554,74.1343431220311,8.073426909535672e-5,0,0,0,0,0,0,1,1,1,7.812963262021633e-6,0,0,0
TUR.39.3_1,2034,4,albopictus,7.531957486096552,76.33046012073761,1.0675622173541469e-4,0,0,0,0,0,0,1,1,1,1.0675565189299796e-5,0,0,0
TUR.39.3_1,2034,5,albopictus,14.135250989128561,68.00921796227837,1.492169698560268e-4,0.0019030889942693763,0.0018817452069027076,0.0019236218772491062,0,0,0,1,1,1,1.4440247660174599e-5,0,0,0
TUR.39.3_1,2034,6,albopictus,19.04332570468678,64.59912843697555,1.6783489655344862e-4,0.029448466354680247,0.029320089194743045,0.029566471205317402,0,0,0,1,1,1,1.6783348813387278e-5,0,0,0
TUR.39.3_1,2034,7,albopictus,22.991302265840417,50.19372865360222,1.9709426989986128e-4,0.05766660209206873,0.057425522652687154,0.05791135167755455,1.2356782264077992e-16,1.1102230246251565e-16,2.220446049250313e-16,0.9999999999999999,0.9999999999999998,0.9999999999999999,1.9073457121820958e-5,2.356865566775693e-21,2.1175791255846297e-21,4.2351582511692594e-21
TUR.39.3_1,2034,8,albopictus,23.98740863800049,44.32372077356954,2.3403702169913845e-4,0.058663637451132525,0.05840382846382826,0.058932688012106896,2.3092638912203257e-16,2.220446049250313e-16,3.3306690738754696e-16,0.9999999999999998,0.9999999999999997,0.9999999999999998,2.2648487554510766e-5,5.230133450038465e-21,5.0289744711908314e-21,7.543461706786247e-21
TUR.39.3_1,2034,9,albopictus,19.18497927048627,50.664095323480225,1.8653880787567435e-4,0.025216957185049876,0.025099663005134793,0.02534379721576178,0,0,0,1,1,1,1.8653706804983017e-5,0,0,0
TUR.39.3_1,2034,10,albopictus,13.578437174067778,52.101335934108846,1.8382621008558865e-4,7.734384715128351e-4,7.625198494470288e-4,7.848158011334412e-4,0,0,0,1,1,1,1.7789474999529986e-5,0,0,0
TUR.39.3_1,2034,11,albopictus,6.0523812933003205,74.13479792783232,1.0662831967045971e-4,0,0,0,0,0,0,1,1,1,1.0662775119296697e-5,0,0,0
TUR.39.3_1,2034,12,albopictus,5.756918174159877,81.87465648668096,8.770346711122062e-5,0,0,0,0,0,0,1,1,1,8.487396282896853e-6,0,0,0
TUR.39.3_1,2035,1,albopictus,3.5615653173231028,81.76530901897469,7.79050320407251e-5,0,0,0,0,0,0,1,1,1,7.539168229375726e-6,0,0,0
TUR.39.3_1,2035,2,albopictus,-0.5184802811811952,79.39748307332081,5.827532157485921e-5,0,0,0,0,0,0,1,1,1,6.243764962055032e-6,0,0,0
TUR.39.3_1,2035,3,albopictus,3.375273849376861,70.59229752876938,7.153781648207285e-5,0,0,0,0,0,0,1,1,1,6.922990534286022e-6,0,0,0
TUR.39.3_1,2035,4,albopictus,11.642956116620233,65.95642905384308,9.459560462245896e-5,8.322670896032972e-6,7.988923566430773e-6,8.650755488276575e-6,0,0,0,1,1,1,9.459515720733336e-6,0,0,0
TUR.39.3_1,2035,5,albopictus,12.10029691808364,69.15297864343071,1.3221964260261537e-4,5.627288544797819e-5,5.486402236075807e-5,5.782981331293423e-5,0,0,0,1,1,1,1.2795367422713255e-5,0,0,0
TUR.39.3_1,2035,6,albopictus,18.101375860326428,45.835818958215775,1.4871679849788624e-4,0.01620118504392168,0.016110248316923627,0.016298857981899725,0,0,0,1,1,1,1.4871569266938778e-5,0,0,0
TUR.39.3_1,2035,7,albopictus,24.02022720785702,36.7370216528698,1.746432322699423e-4,0.05110494002812034,0.050829063638397426,0.05137312410522746,0,0,0,1,1,1,1.6900815141274173e-5,0,0,0
TUR.39.3_1,2035,8,albopictus,24.50490665435791,37.69698508631368,2.073778297113088e-4,0.054244082956079145,0.053951420954277615,0.05452532570767171,0,0,0,1,1,1,2.006862085268679e-5,0,0,0
TUR.39.3_1,2035,9,albopictus,16.168073485879336,61.581079881585694,1.652901444965472e-4,0.008164798393321451,0.00811312326585097,0.00822135961406707,0,0,0,1,1,1,1.6528877846200274e-5,0,0,0
TUR.39.3_1,2035,10,albopictus,12.03599580596475,75.21114199489986,1.628865391246124e-4,5.284344694899659e-5,5.1362984960272964e-5,5.4359728471556913e-5,0,0,0,1,1,1,1.5763089224907212e-5,0,0,0
TUR.39.3_1,2035,11,albopictus,7.35647703838699,76.81976496884795,9.448227190076652e-5,0,0,0,0,0,0,1,1,1,9.44818255577129e-6,0,0,0
TUR.39.3_1,2035,12,albopictus,2.890810829532497,86.45124797838018,7.771315211429662e-5,0,0,0,0,0,0,1,1,1,7.520599344168488e-6,0,0,0
TUR.39.3_1,2036,1,albopictus,3.627004541566267,82.2113081644825,8.62127821728418e-5,0,0,0,0,0,0,1,1,1,8.3431376641796e-6,0,0,0
TUR.39.3_1,2036,2,albopictus,4.2641160685349915,70.77736588582081,6.679297616231897e-5,0,0,0,0,0,0,1,1,1,6.909594352344506e-6,0,0,0
TUR.39.3_1,2036,3,albopictus,3.8255924242822563,60.11764237740219,7.916657021931025e-5,0,0,0,0,0,0,1,1,1,7.661251641422062e-6,0,0,0
TUR.39.3_1,2036,4,albopictus,8.385100701275995,70.14090018421417,1.0468322831266005e-4,0,0,0,0,0,0,1,1,1,1.0468268038521522e-5,0,0,0
TUR.39.3_1,2036,5,albopictus,12.433034840752097,74.393159612669,1.4631947318513905e-4,1.5675592345548077e-4,1.5328767041040503e-4,1.6007482726651098e-4,0,0,0,1,1,1,1.415984876629306e-5,0,0,0
TUR.39.3_1,2036,6,albopictus,21.12985257541432,40.82796831124312,1.6457587678852766e-4,0.035717581842111795,0.0355412192208625,0.03588130361658871,0,0,0,1,1,1,1.6457452253537674e-5,0,0,0
TUR.39.3_1,2036,7,albopictus,26.65963150473202,25.152783600501635,1.932670913193224e-4,0.04460354744024934,0.04426964696510125,0.04491367982573382,0,0,0,1,1,1,1.8703091996918886e-5,0,0,0
TUR.39.3_1,2036,8,albopictus,26.131190299987793,32.133931955210166,2.2949248838036092e-4,0.052154768534332256,0.051821110974834106,0.05247322284758697,0,0,0,1,1,1,2.220870387148466e-5,0,0,0
TUR.39.3_1,2036,9,albopictus,20.76668436387006,51.80351487914429,1.829165953663824e-4,0.03923189551028964,0.03905398301337139,0.03940516234401158,0,0,0,1,1,1,1.8291492245303687e-5,0,0,0
TUR.39.3_1,2036,10,albopictus,12.74989255736856,74.99986880154049,1.8025667082836592e-4,3.1195977098031816e-4,3.0645632384288576e-4,3.174429904372568e-4,0,0,0,1,1,1,1.74440418020394e-5,0,0,0
TUR.39.3_1,2036,11,albopictus,7.482090727809598,68.52393519589873,1.0455780985133115e-4,0,0,0,0,0,0,1,1,1,1.0455726323632675e-5,0,0,0
TUR.39.3_1,2036,12,albopictus,3.203780514133327,81.38778667466924,8.600044027569873e-5,0,0,0,0,0,0,1,1,1,8.322588619602556e-6,0,0,0
TUR.39.3_1,2037,1,albopictus,5.321433819939985,82.15823809612313,8.54051528792475e-5,0,0,0,0,0,0,1,1,1,8.264980639660635e-6,0,0,0
TUR.39.3_1,2037,2,albopictus,-1.7058412831495788,76.13869401082081,6.388563893518986e-5,0,0,0,0,0,0,1,1,1,6.8448664597431375e-6,0,0,0
TUR.39.3_1,2037,3,albopictus,3.519054796108428,71.41589829781235,7.842494885446065e-5,0,0,0,0,0,0,1,1,1,7.58948237922219e-6,0,0,0
TUR.39.3_1,2037,4,albopictus,10.652520516339472,57.56119971424347,1.0370257046120798e-4,6.546973498180522e-13,2.866996799741082e-13,1.5849763969361201e-12,0,0,0,1,1,1,1.0370203275211765e-5,0,0,0
TUR.39.3_1,2037,5,albopictus,15.79946512334487,56.13707135583306,1.449487728111424e-4,0.006064216007945046,0.006015937447446778,0.006110681176908447,0,0,0,1,1,1,1.4027202212552048e-5,0,0,0
TUR.39.3_1,2037,6,albopictus,21.662592214696545,35.83824892037398,1.630341529772382e-4,0.03648881979136512,0.03630129248125466,0.03667127810022333,0,0,0,1,1,1,1.6303282397767127e-5,0,0,0
TUR.39.3_1,2037,7,albopictus,24.786590351777917,34.94277116458855,1.9145659222042635e-4,0.05242849035477136,0.052132830020400464,0.05271733505306601,0,0,0,1,1,1,1.8527885668251365e-5,0,0,0
TUR.39.3_1,2037,8,albopictus,25.00207805633545,40.2623461092629,2.2734263482495373e-4,0.05906162758636536,0.05877389754272301,0.05935321944350461,3.228528555609955e-16,2.220446049250313e-16,3.3306690738754696e-16,0.9999999999999997,0.9999999999999997,0.9999999999999998,2.20006581262977e-5,7.102975300296434e-21,4.8851274417444525e-21,7.327691162616679e-21
TUR.39.3_1,2037,9,albopictus,18.06269628861371,52.9868187121521,1.8120305826690387e-4,0.017683981366527712,0.01758828179112654,0.01777636414466841,0,0,0,1,1,1,1.8120141654920374e-5,0,0,0
TUR.39.3_1,2037,10,albopictus,14.803507173762602,62.02612917751705,1.785680515301868e-4,0.003218661094355675,0.0031889685512446857,0.00324812460034414,0,0,0,1,1,1,1.7280629868499098e-5,0,0,0
TUR.39.3_1,2037,11,albopictus,8.040474192622831,67.98317897031279,1.035783269024953e-4,0,0,0,0,0,0,1,1,1,1.0357779048120186e-5,0,0,0
TUR.39.3_1,2037,12,albopictus,3.510668259990566,71.17394237535284,8.519480017131823e-5,0,0,0,0,0,0,1,1,1,8.244624093989295e-6,0,0,0
TUR.39.3_1,2038,1,albopictus,5.372005976846113,81.52864520061532,8.861338839481925e-5,0,0,0,0,0,0,1,1,1,8.575452430048536e-6,0,0,0
TUR.39.3_1,2038,2,albopictus,4.860421200447223,80.43764420613331,6.62854961903681e-5,0,0,0,0,0,0,1,1,1,7.101992229752163e-6,0,0,0
TUR.39.3_1,2038,3,albopictus,6.142318870433989,71.96704575874985,8.137097374569312e-5,0,0,0,0,0,0,1,1,1,7.87457935780278e-6,0,0,0
TUR.39.3_1,2038,4,albopictus,10.027263977948358,66.40443473011261,1.0759814652885029e-4,0,0,0,0,0,0,1,1,1,1.0759756766232087e-5,0,0,0
TUR.39.3_1,2038,5,albopictus,18.31481927983901,36.10444425012017,1.5039375809825666e-4,0.015202415792662748,0.01511025370634114,0.01529775116158275,0,0,0,1,1,1,1.4554128742294559e-5,0,0,0
TUR.39.3_1,2038,6,albopictus,21.405111593358654,34.21407670968062,1.6915851365337052e-4,0.03385844921261431,0.033678697200888875,0.034043780588021356,0,0,0,1,1,1,1.6915708293097076e-5,0,0,0
TUR.39.3_1,2038,7,albopictus,25.48920227499569,30.844420639686206,1.9864863881415316e-4,0.04995023538856444,0.049631911857311334,0.05026803643533691,0,0,0,1,1,1,1.9223877039675763e-5,0,0,0
TUR.39.3_1,2038,8,albopictus,25.563040733337402,33.887037118784384,2.3588273680545498e-4,0.05337208291806677,0.05308421143712498,0.05368314194469308,0,0,0,1,1,1,2.2827101084144097e-5,0,0,0
TUR.39.3_1,2038,9,albopictus,16.908590148476993,53.24961320678101,1.880099319444681e-4,0.01076471553563362,0.010700145006239756,0.010831889429652339,0,0,0,1,1,1,1.880081645688758e-5,0,0,0
TUR.39.3_1,2038,10,albopictus,11.925319040522856,68.82247011989986,1.8527594145897815e-4,3.072673569559104e-5,2.9801769228793277e-5,3.169825203355981e-5,0,0,0,1,1,1,1.792976907832866e-5,0,0,0
TUR.39.3_1,2038,11,albopictus,6.973926798824002,77.1135271758792,1.074692357740235e-4,0,0,0,0,0,0,1,1,1,1.0746865829469598e-5,0,0,0
TUR.39.3_1,2038,12,albopictus,3.6845946134451557,83.1166074754505,8.839513380971249e-5,0,0,0,0,0,0,1,1,1,8.554331199506215e-6,0,0,0
TUR.39.3_1,2039,1,albopictus,2.9058235661291025,83.09722582805672,8.550052786786203e-5,0,0,0,0,0,0,1,1,1,8.274210400949222e-6,0,0,0
TUR.39.3_1,2039,2,albopictus,0.06554188316359244,76.27368088826222,6.395698231296813e-5,0,0,0,0,0,0,1,1,1,6.852510340715767e-6,0,0,0
TUR.39.3_1,2039,3,albopictus,6.303795482525054,78.66623399117172,7.851252879960359e-5,0,0,0,0,0,0,1,1,1,7.597957793370469e-6,0,0,0
TUR.39.3_1,2039,4,albopictus,9.362977841321161,65.1020894542337,1.0381837883041749e-4,0,0,0,0,0,0,1,1,1,1.0381783991930682e-5,0,0,0
TUR.39.3_1,2039,5,albopictus,14.423843327690573,65.94494031335259,1.4511064228962808e-4,0.0024453999212651263,0.002421506804676023,0.0024702960526245227,0,0,0,1,1,1,1.4042866780861196e-5,0,0,0
TUR.39.3_1,2039,6,albopictus,21.731493276708264,39.64781923287398,1.6321621904655332e-4,0.03937524590582469,0.039178264653527486,0.03956891666396982,0,0,0,1,1,1,1.632148870767125e-5,0,0,0
TUR.39.3_1,2039,7,albopictus,27.15653397055233,23.902302948646167,1.9167039864413264e-4,0.042732608122222376,0.04241899842896126,0.043057517940072475,0,0,0,1,1,1,1.8548576228960556e-5,0,0,0
TUR.39.3_1,2039,8,albopictus,24.87101459503174,42.48194297205587,2.2759651647584993e-4,0.06113682804665906,0.06083606456607011,0.061440760853514596,8.255618411112664e-16,6.661338147750939e-16,9.992007221626409e-16,0.9999999999999992,0.999999999999999,0.9999999999999993,2.2025226777522278e-5,1.8183186769344457e-20,1.4671748334597464e-20,2.2007622501896196e-20
TUR.39.3_1,2039,9,albopictus,19.23176653244916,55.19399110595093,1.8140541420254115e-4,0.02732702575275064,0.027193751661776427,0.027452943083170464,0,0,0,1,1,1,1.8140376881636833e-5,0,0,0
TUR.39.3_1,2039,10,albopictus,16.00618776153116,53.01857607693111,1.7876746485956385e-4,0.006589230187657229,0.0065422057012248045,0.006639538991310618,0,0,0,1,1,1,1.7299927599023768e-5,0,0,0
TUR.39.3_1,2039,11,albopictus,8.124983088496855,72.59713923642607,1.036939965244794e-4,0,0,0,0,0,0,1,1,1,1.0369345890381965e-5,0,0,0
TUR.39.3_1,2039,12,albopictus,3.690196734798305,79.04544811265752,8.528994025154084e-5,0,0,0,0,0,0,1,1,1,8.253831122573274e-6,0,0,0
TUR.39.3_1,2040,1,albopictus,3.992234148194685,79.53255908000985,8.949523617085868e-5,0,0,0,0,0,0,1,1,1,8.660791801951007e-6,0,0,0
TUR.39.3_1,2040,2,albopictus,3.4149575430680725,62.027320109453626,6.933604305005612e-5,0,0,0,0,0,0,1,1,1,7.172668384902714e-6,0,0,0
TUR.39.3_1,2040,3,albopictus,3.9916695612756645,64.7157640204686,8.218074768089226e-5,0,0,0,0,0,0,1,1,1,7.952943957167946e-6,0,0,0
TUR.39.3_1,2040,4,albopictus,10.273977616254022,54.220699836313784,1.086689236195498e-4,0,0,0,0,0,0,1,1,1,1.086683331752436e-5,0,0,0
TUR.39.3_1,2040,5,albopictus,15.57291311376235,54.14317868615532,1.5189042133968752e-4,0.005089679104696754,0.005048731529284255,0.0051323648482104745,0,0,0,1,1,1,1.4698965002057918e-5,0,0,0
TUR.39.3_1,2040,6,albopictus,18.478887838475842,54.0013882636357,1.708419168248949e-4,0.020926965160160394,0.020824223797922776,0.021042426429291782,0,0,0,1,1,1,1.708404574851663e-5,0,0,0
TUR.39.3_1,2040,7,albopictus,25.664966358857995,29.774760452918628,2.0062551684042848e-4,0.04910527763431545,0.04877431107407751,0.049402405191238744,0,0,0,1,1,1,1.941518412029719e-5,0,0,0
TUR.39.3_1,2040,8,albopictus,25.38461971282959,38.66450675379415,2.3823015484945504e-4,0.058429566580755515,0.058129187420861185,0.05873253279364445,2.220446049250313e-16,2.220446049250313e-16,2.220446049250313e-16,0.9999999999999998,0.9999999999999998,0.9999999999999998,2.305426536075572e-5,5.1190752438658385e-21,5.1190752438658385e-21,5.1190752438658385e-21
TUR.39.3_1,2040,9,albopictus,20.588820289163028,36.21431581298218,1.8988093748168833e-4,0.029476969173203773,0.029327404632508377,0.02963268698364067,0,0,0,1,1,1,1.8987913475432272e-5,0,0,0
TUR.39.3_1,2040,10,albopictus,15.838675821528716,50.08777468532955,1.8711973933070882e-4,0.005703340135073324,0.005656371548469813,0.005746736515838598,0,0,0,1,1,1,1.810819791536744e-5,0,0,0
TUR.39.3_1,2040,11,albopictus,7.417914645198514,74.02473628232451,1.0853872999241094e-4,0,0,0,0,0,0,1,1,1,1.0853814096156711e-5,0,0,0
TUR.39.3_1,2040,12,albopictus,1.5680807353380848,75.5296476365833,8.927480959657542e-5,0,0,0,0,0,0,1,1,1,8.639460382542374e-6,0,0,0
TUR.39.3_1,2041,1,albopictus,2.6251104847692392,70.76934496868172,8.737324392752688e-5,0,0,0,0,0,0,1,1,1,8.45543947136651e-6,0,0,0
TUR.39.3_1,2041,2,albopictus,-0.7205591004560975,63.71494980916066,6.535783059884422e-5,0,0,0,0,0,0,1,1,1,7.00260018871024e-6,0,0,0
TUR.39.3_1,2041,3,albopictus,4.604751731762114,68.62540147164047,8.023218687931916e-5,0,0,0,0,0,0,1,1,1,7.764375038910032e-6,0,0,0
TUR.39.3_1,2041,4,albopictus,11.55520949644201,49.74658255726105,1.0609231035075344e-4,3.05092461376631e-6,2.8922038638541478e-6,3.205437310737214e-6,0,0,0,1,1,1,1.0609174757369999e-5,0,0,0
TUR.39.3_1,2041,5,albopictus,18.617768231560202,39.601262792600636,1.4828899728954164e-4,0.01781408817357987,0.01770868971068179,0.017915516539294057,0,0,0,1,1,1,1.4350445156185998e-5,0,0,0
TUR.39.3_1,2041,6,albopictus,22.22598294650807,36.25147981637007,1.6679114007018303e-4,0.04043868776323992,0.04022733143240237,0.04064753300640956,0,0,0,1,1,1,1.6678974911421562e-5,0,0,0
TUR.39.3_1,2041,7,albopictus,24.57989288778866,36.11601182620964,1.9586855089715691e-4,0.052903927353230504,0.052615843046292514,0.05317515723096991,0,0,0,1,1,1,1.8954841409235534e-5,0,0,0
TUR.39.3_1,2041,8,albopictus,25.47681713104248,39.38184531580587,2.325815576464356e-4,0.059548280080591376,0.059223303105259764,0.059859511655995234,3.880229471064922e-16,3.3306690738754696e-16,4.440892098500626e-16,0.9999999999999997,0.9999999999999996,0.9999999999999997,2.2507639374724775e-5,8.733480562590833e-21,7.496549839133762e-21,9.995399785511683e-21
TUR.39.3_1,2041,9,albopictus,21.29669458725873,43.20894471923218,1.8537873274172348e-4,0.03840495251941524,0.0382115421852606,0.03859085361815737,0,0,0,1,1,1,1.8537701448884114e-5,0,0,0
TUR.39.3_1,2041,10,albopictus,16.61784681151895,55.3734802517358,1.8268300445606166e-4,0.009578923278197158,0.00951362846919291,0.009642459043427686,0,0,0,1,1,1,1.767884415859733e-5,0,0,0
TUR.39.3_1,2041,11,albopictus,7.870461718562772,78.73245417783232,1.0596520370208113e-4,0,0,0,0,0,0,1,1,1,1.0596464227297098e-5,0,0,0
TUR.39.3_1,2041,12,albopictus,4.901251775157802,75.61650829332159,8.715804381557688e-5,0,0,0,0,0,0,1,1,1,8.434613829932935e-6,0,0,0
TUR.39.3_1,2042,1,albopictus,5.278843440225019,77.02035204875985,9.284231904848876e-5,0,0,0,0,0,0,1,1,1,8.984700190395323e-6,0,0,0
TUR.39.3_1,2042,2,albopictus,7.065584440879962,74.71507950886769,6.94488642977266e-5,0,0,0,0,0,0,1,1,1,7.440922062396105e-6,0,0,0
TUR.39.3_1,2042,3,albopictus,4.83329501331729,71.23432633736313,8.525427187282148e-5,0,0,0,0,0,0,1,1,1,8.25037937246531e-6,0,0,0
TUR.39.3_1,2042,4,albopictus,6.309176781598261,69.55947165638214,1.127330940619082e-4,0,0,0,0,0,0,1,1,1,1.12732458626974e-5,0,0,0
TUR.39.3_1,2042,5,albopictus,14.411012593437643,60.13752911950493,1.5757105698348316e-4,0.002216001824652204,0.002192713992709719,0.0022398865361970737,0,0,0,1,1,1,1.5248695703573567e-5,0,0,0
TUR.39.3_1,2042,6,albopictus,20.3332903805901,42.133853626184525,1.7723133015069945e-4,0.030456489631125887,0.030294208720357,0.030605955602461057,0,0,0,1,1,1,1.772297596125405e-5,0,0,0
TUR.39.3_1,2042,7,albopictus,25.534751667695886,32.55197068851433,2.0812882384271721e-4,0.051864639057283946,0.05157344562659347,0.052172593437508005,0,0,0,1,1,1,2.0141296242948137e-5,0,0,0
TUR.39.3_1,2042,8,albopictus,24.177090644836426,51.396470865122275,2.471398589448716e-4,0.06810465443751626,0.06780912726142489,0.06838763994352955,1.787536785258226e-14,1.5765166949677223e-14,2.0095036745715333e-14,0.9999999999999821,0.9999999999999799,0.9999999999999842,2.3916474539587007e-5,4.2751578013203564e-19,3.7704721396429386e-19,4.806024347009661e-19
TUR.39.3_1,2042,9,albopictus,21.31821329453412,45.92477266112671,1.9698240189282146e-4,0.0402976519728007,0.04010703636751538,0.04049096528044586,0,0,0,1,1,1,1.9698046180183226e-5,0,0,0
TUR.39.3_1,2042,10,albopictus,13.525285089717192,60.806860378688924,1.941179361328796e-4,8.356424638853682e-4,8.238198616570065e-4,8.480744993893232e-4,0,0,0,1,1,1,1.8785430274115278e-5,0,0,0
TUR.39.3_1,2042,11,albopictus,10.15883232784622,68.11824214169951,1.1259803124978453e-4,0,0,0,0,0,0,1,1,1,1.1259739733593399e-5,0,0,0
TUR.39.3_1,2042,12,albopictus,4.636884909999721,83.6739347459583,9.26136486162738e-5,0,0,0,0,0,0,1,1,1,8.962570992365748e-6,0,0,0
TUR.39.3_1,2043,1,albopictus,4.136688985040083,78.38800494182625,9.11621975832056e-5,0,0,0,0,0,0,1,1,1,8.822109238137976e-6,0,0,0
TUR.39.3_1,2043,2,albopictus,3.3681433398057434,71.70996018513722,6.819208259686011e-5,0,0,0,0,0,0,1,1,1,7.306267873041783e-6,0,0,0
TUR.39.3_1,2043,3,albopictus,7.5614196318475635,68.174725507285,8.371146753910158e-5,0,0,0,0,0,0,1,1,1,8.101076947930608e-6,0,0,0
TUR.39.3_1,2043,4,albopictus,11.747123101178339,60.99694113880402,1.1069301909262315e-4,1.1898362083789887e-5,1.1453522925914454e-5,1.2347551600266118e-5,0,0,0,1,1,1,1.1069240644756562e-5,0,0,0
TUR.39.3_1,2043,5,albopictus,15.435411397148581,60.12243054772759,1.5471957160635632e-4,0.005045171159713835,0.00500587432237427,0.005083438220806233,0,0,0,1,1,1,1.4972749675656871e-5,0,0,0
TUR.39.3_1,2043,6,albopictus,22.255739492528576,48.17560548775679,1.7402406254731954e-4,0.04972397659957775,0.049501734580912775,0.04994079173212703,0,0,0,1,1,1,1.7402254833709385e-5,0,0,0
TUR.39.3_1,2043,7,albopictus,24.21794105978573,42.02512666385613,2.0436241959876828e-4,0.05748210838992752,0.05717060365737399,0.057746129257994674,1.1202150318467828e-16,1.1102230246251565e-16,1.1102230246251565e-16,0.9999999999999999,0.9999999999999999,0.9999999999999999,1.977681278453325e-5,2.2154282963253777e-21,2.1956672907089968e-21,2.1956672907089968e-21
TUR.39.3_1,2043,8,albopictus,23.72318935394287,39.37252982508321,2.4266749131989372e-4,0.05209840776843033,0.05184639776766331,0.052357149278932896,0,0,0,1,1,1,2.3483675027025086e-5,0,0,0
TUR.39.3_1,2043,9,albopictus,20.987133811501895,51.50349656859741,1.934177089263487e-4,0.041042507591401475,0.040854027040279704,0.04121250915514587,0,0,0,1,1,1,1.934158384175877e-5,0,0,0
TUR.39.3_1,2043,10,albopictus,13.260150278315825,72.42371218532955,1.9060507998456449e-4,7.016608607284013e-4,6.918938286223378e-4,7.114477742057381e-4,0,0,0,1,1,1,1.8445482781737077e-5,0,0,0
TUR.39.3_1,2043,11,albopictus,7.280051009181668,75.42951380917998,1.1056040044531718e-4,0,0,0,0,0,0,1,1,1,1.1055978926699517e-5,0,0,0
TUR.39.3_1,2043,12,albopictus,3.118625861537807,78.05131511705206,9.093766528654752e-5,0,0,0,0,0,0,1,1,1,8.800380497664406e-6,0,0,0
TUR.39.3_1,2044,1,albopictus,5.80231264989604,79.95146624553719,9.29798521698142e-5,0,0,0,0,0,0,1,1,1,8.998009727645417e-6,0,0,0
TUR.39.3_1,2044,2,albopictus,4.535628338508746,75.2802421675591,7.203573406439378e-5,0,0,0,0,0,0,1,1,1,7.451944723513293e-6,0,0,0
TUR.39.3_1,2044,3,albopictus,7.130111839183989,67.99329087593735,8.538056434630948e-5,0,0,0,0,0,0,1,1,1,8.262601123854019e-6,0,0,0
TUR.39.3_1,2044,4,albopictus,10.348233559552362,63.478432227671206,1.1290009262960781e-4,0,0,0,0,0,0,1,1,1,1.1289945531012258e-5,0,0,0
TUR.39.3_1,2044,5,albopictus,17.176706257988425,43.66037534142876,1.5780447682391355e-4,0.010666133827435573,0.01059457883689375,0.010734871425887532,0,0,0,1,1,1,1.5271284375728555e-5,0,0,0
TUR.39.3_1,2044,6,albopictus,19.922859472386975,64.4025113105107,1.7749387398073403e-4,0.03823554798675538,0.03807722082127101,0.038392636689949695,0,0,0,1,1,1,1.774922987862748e-5,0,0,0
TUR.39.3_1,2044,7,albopictus,24.77860428305233,41.1364357153698,2.084371380584137e-4,0.0591721758638578,0.05887260288509053,0.05947524006604486,3.310685059432217e-16,3.3306690738754696e-16,3.3306690738754696e-16,0.9999999999999997,0.9999999999999997,0.9999999999999997,2.0171132501078937e-5,6.678026700314964e-21,6.718336720638797e-21,6.718336720638797e-21
TUR.39.3_1,2044,8,albopictus,24.55273151397705,38.072801431528525,2.4750596264147215e-4,0.05483797092542505,0.054560863533893396,0.0551103202556557,0,0,0,1,1,1,2.3951903081687043e-5,0,0,0
TUR.39.3_1,2044,9,albopictus,19.500181983498965,52.39833680907593,1.9727420421805582e-4,0.028444447045951296,0.02831012121986557,0.028570791711025396,0,0,0,1,1,1,1.9727225837540274e-5,0,0,0
TUR.39.3_1,2044,10,albopictus,11.145115221247954,75.36165469021236,1.944054951462177e-4,2.9733706085989913e-7,2.7685445712188255e-7,3.192573278569892e-7,0,0,0,1,1,1,1.8813258042538195e-5,0,0,0
TUR.39.3_1,2044,11,albopictus,7.9203951520954865,77.22603785703154,1.1276482974051152e-4,0,0,0,0,0,0,1,1,1,1.1276419394801174e-5,0,0,0
TUR.39.3_1,2044,12,albopictus,3.8781714261892963,74.95502452867315,9.275084299381708e-5,0,0,0,0,0,0,1,1,1,8.975847748504684e-6,0,0,0
TUR.39.3_1,2045,1,albopictus,4.143538035561933,82.10343615520516,8.859663116445077e-5,0,0,0,0,0,0,1,1,1,8.573830776570368e-6,0,0,0
TUR.39.3_1,2045,2,albopictus,2.2375222641755554,72.41014786824269,6.627296127493521e-5,0,0,0,0,0,0,1,1,1,7.100649212610222e-6,0,0,0
TUR.39.3_1,2045,3,albopictus,4.564749147304717,72.48225114205063,8.135558609178366e-5,0,0,0,0,0,0,1,1,1,7.873090241750091e-6,0,0,0
TUR.39.3_1,2045,4,albopictus,10.674039223614862,73.67156272083527,1.0757779918674695e-4,7.671452078441328e-12,4.473294743273807e-12,1.4451769075847356e-11,0,0,0,1,1,1,1.075772205394454e-5,0,0,0
TUR.39.3_1,2045,5,albopictus,14.238710347343893,67.04593823815728,1.503653178941737e-4,0.002081214115902185,0.0020594984146057745,0.002102747959850085,0,0,0,1,1,1,1.4551376504523539e-5,0,0,0
TUR.39.3_1,2045,6,albopictus,19.03449944888844,53.74205751412398,1.691265249411293e-4,0.025147220313919864,0.025022083710197048,0.025266411147485106,0,0,0,1,1,1,1.6912509475996984e-5,0,0,0
TUR.39.3_1,2045,7,albopictus,25.653505100923425,28.051722733192065,1.9861107337327234e-4,0.04733259990943914,0.04703353782993379,0.04762263949682703,0,0,0,1,1,1,1.9220241744277722e-5,0,0,0
TUR.39.3_1,2045,8,albopictus,23.335375785827637,45.4340990389504,2.358381302123408e-4,0.05555748570201823,0.05530755978058127,0.05581177664876969,3.075317778211684e-17,0,1.1102230246251565e-16,1,0.9999999999999999,1,2.2822784415565955e-5,7.018731466148253e-22,0,2.533838074421752e-21
TUR.39.3_1,2045,9,albopictus,20.196226905373965,43.56067888060913,1.8797437833571634e-4,0.030098183821782764,0.02994285930241605,0.030257970376832487,0,0,0,1,1,1,1.8797261162828427e-5,0,0,0
TUR.39.3_1,2045,10,albopictus,14.929728830561919,51.63576357693111,1.8524090486136006e-4,0.0030628849021070398,0.003033052992120813,0.003093829890808242,0,0,0,1,1,1,1.79263785007322e-5,0,0,0
TUR.39.3_1,2045,11,albopictus,8.642232672694853,74.77298915097685,1.0744891280958198e-4,0,0,0,0,0,0,1,1,1,1.0744833554787725e-5,0,0,0
TUR.39.3_1,2045,12,albopictus,5.087021333110683,84.42681102769659,8.837841785236638e-5,0,0,0,0,0,0,1,1,1,8.552713540055379e-6,0,0,0
TUR.39.3_1,2046,1,albopictus,2.99613235156764,84.58184496868172,9.19157723292433e-5,0,0,0,0,0,0,1,1,1,8.895035180533917e-6,0,0,0
TUR.39.3_1,2046,2,albopictus,2.922252197914264,68.31603928669972,6.875577931202331e-5,0,0,0,0,0,0,1,1,1,7.366663506536142e-6,0,0,0
TUR.39.3_1,2046,3,albopictus,5.331630851635161,72.9988450751561,8.44034522604401e-5,0,0,0,0,0,0,1,1,1,8.168042666567565e-6,0,0,0
TUR.39.3_1,2046,4,albopictus,10.227288582745722,64.68446402698761,1.1160804161250849e-4,0,0,0,0,0,0,1,1,1,1.116074187967886e-5,0,0,0
TUR.39.3_1,2046,5,albopictus,14.233403149773093,64.72412274743462,1.5599853114190183e-4,0.001999815762940972,0.0019789386534331713,0.002020082486949778,0,0,0,1,1,1,1.509651809239454e-5,0,0,0
TUR.39.3_1,2046,6,albopictus,20.53366307651295,44.10197038643843,1.754625989386659e-4,0.03296103149211851,0.032799654611956906,0.033119967789095775,0,0,0,1,1,1,1.754610595916528e-5,0,0,0
TUR.39.3_1,2046,7,albopictus,26.107784046846277,34.74045869510613,2.0605174217469928e-4,0.05515119546730722,0.05482602632461554,0.055466815536529636,0,0,0,1,1,1,1.9940292367959245e-5,0,0,0
TUR.39.3_1,2046,8,albopictus,24.151179313659668,48.00054725062032,2.446734553926234e-4,0.06382196439319968,0.0635431978334472,0.06410405019455624,2.806754828554858e-15,2.4424906541753444e-15,3.219646771412954e-15,0.9999999999999972,0.9999999999999968,0.9999999999999976,2.3677796004872853e-5,6.645776826621382e-20,5.783279545337225e-20,7.623413946126342e-20
TUR.39.3_1,2046,9,albopictus,18.20040495255414,65.38517991820679,1.9501655915975098e-4,0.022155155866155078,0.022056940552530883,0.022255055029271973,0,0,0,1,1,1,1.9501465759907965e-5,0,0,0
TUR.39.3_1,2046,10,albopictus,14.16784509490518,63.79458468288814,1.921806801626072e-4,0.0018463472091022983,0.0018247957688749458,0.001867685195834321,0,0,0,1,1,1,1.8597957394117515e-5,0,0,0
TUR.39.3_1,2046,11,albopictus,8.68628765774124,72.9515398711917,1.1147432669870047e-4,0,0,0,0,0,0,1,1,1,1.1147370537423207e-5,0,0,0
TUR.39.3_1,2046,12,albopictus,3.9408526243094135,78.21815471666143,9.168938397960585e-5,0,0,0,0,0,0,1,1,1,8.87312682518182e-6,0,0,0
TUR.39.3_1,2047,1,albopictus,0.5146056787275217,82.30636279094735,9.209196007899215e-5,0,0,0,0,0,0,1,1,1,8.912085456058705e-6,0,0,0
TUR.39.3_1,2047,2,albopictus,3.2420234877397034,72.03926011189503,6.888757308073388e-5,0,0,0,0,0,0,1,1,1,7.380784163402154e-6,0,0,0
TUR.39.3_1,2047,3,albopictus,6.069306041607085,72.89084336617172,8.456524010106808e-5,0,0,0,0,0,0,1,1,1,8.183699426345115e-6,0,0,0
TUR.39.3_1,2047,4,albopictus,9.85749278349035,71.41200308948761,1.1182197627472455e-4,0,0,0,0,0,0,1,1,1,1.118213510697963e-5,0,0,0
TUR.39.3_1,2047,5,albopictus,15.417150441338034,61.75652478600884,1.56297555231778e-4,0.005096696067768834,0.005055903490415603,0.005134960751173951,0,0,0,1,1,1,1.5125455470332838e-5,0,0,0
TUR.39.3_1,2047,6,albopictus,20.59850911533131,47.61237306588179,1.7579893251546872e-4,0.03534494565069578,0.035183055000059964,0.03551594368655549,0,0,0,1,1,1,1.7579738726181127e-5,0,0,0
TUR.39.3_1,2047,7,albopictus,25.501390232759363,27.481795517615893,2.0644671021843777e-4,0.04655993669174091,0.04625291583237531,0.046831216067148886,0,0,0,1,1,1,1.9978514318896856e-5,0,0,0
TUR.39.3_1,2047,8,albopictus,24.738776206970215,40.68917258631368,2.451424550478131e-4,0.05849375348973145,0.05820726627657997,0.05877964714999836,2.227107387398064e-16,2.220446049250313e-16,2.220446049250313e-16,0.9999999999999998,0.9999999999999998,0.9999999999999998,2.372318199261869e-5,5.283407386834981e-21,5.267604573115634e-21,5.267604573115634e-21
TUR.39.3_1,2047,9,albopictus,20.11674768784467,46.046995561517335,1.9539037453279753e-4,0.03064707593266958,0.03050181396541902,0.030801622003822506,0,0,0,1,1,1,1.9538846567579427e-5,0,0,0
TUR.39.3_1,2047,10,albopictus,13.877900446162505,65.13246767849361,1.9254905961180302e-4,0.001380426078866708,0.001364048232366946,0.0013975874460988925,0,0,0,1,1,1,1.863360635467881e-5,0,0,0
TUR.39.3_1,2047,11,albopictus,9.358851210597685,73.39736354062529,1.1168800505093648e-4,0,0,0,0,0,0,1,1,1,1.1168738134226253e-5,0,0,0
TUR.39.3_1,2047,12,albopictus,5.785917025936,85.30095653550909,9.186513777930586e-5,0,0,0,0,0,0,1,1,1,8.890135106298658e-6,0,0,0
TUR.39.3_1,2048,1,albopictus,2.0678775125347517,76.62006060588875,9.341555237950717e-5,0,0,0,0,0,0,1,1,1,9.040173883811953e-6,0,0,0
TUR.39.3_1,2048,2,albopictus,0.2930585343171569,74.12068863972706,7.237329089745823e-5,0,0,0,0,0,0,1,1,1,7.486864135097804e-6,0,0,0
TUR.39.3_1,2048,3,albopictus,4.488333131679717,67.3295335517186,8.578065456931231e-5,0,0,0,0,0,0,1,1,1,8.301319211811986e-6,0,0,0
TUR.39.3_1,2048,4,albopictus,9.397581913891962,64.31150107532746,1.1342913836247514e-4,0,0,0,0,0,0,1,1,1,1.1342849505657782e-5,0,0,0
TUR.39.3_1,2048,5,albopictus,16.44523805730483,57.46820233727837,1.5854394286992418e-4,0.009002271847987317,0.008940131701794172,0.009060495493585785,0,0,0,1,1,1,1.534284451054635e-5,0,0,0
TUR.39.3_1,2048,6,albopictus,24.743252081029553,28.96474809639937,1.7832560382658691e-4,0.046415026167933436,0.046135240259420715,0.046688416089978674,0,0,0,1,1,1,1.7832401383532925e-5,0,0,0
TUR.39.3_1,2048,7,albopictus,23.27486778708065,56.15135499637566,2.0941386691569337e-4,0.06647353472195124,0.06620173611931757,0.0667406256691373,8.957279362675764e-15,7.993605777301127e-15,9.992007221626409e-15,0.999999999999991,0.99999999999999,0.999999999999992,2.0265652737494477e-5,1.8152511303671285e-19,1.6199563880321426e-19,2.0249454850401782e-19
TUR.39.3_1,2048,8,albopictus,26.593867301940918,32.317117532602744,2.4866576659153864e-4,0.05248928242848523,0.05215639636238942,0.05285846400229929,0,0,0,1,1,1,2.4064139478974234e-5,0,0,0
TUR.39.3_1,2048,9,albopictus,19.970818351296817,44.61070100585327,1.9819862397286292e-4,0.028856383819362334,0.028709159874671156,0.0289993444895861,0,0,0,1,1,1,1.9819665985076895e-5,0,0,0
TUR.39.3_1,2048,10,albopictus,15.825951898799223,51.99942248196041,1.9531647223452255e-4,0.005815168694792229,0.00577209730588715,0.005859175159734822,0,0,0,1,1,1,1.8901415453242976e-5,0,0,0
TUR.39.3_1,2048,11,albopictus,9.718198554042509,81.23766505429717,1.132932416363941e-4,0,0,0,0,0,0,1,1,1,1.1329259987036266e-5,0,0,0
TUR.39.3_1,2048,12,albopictus,3.705272418392055,81.43383770005987,9.318547007483028e-5,0,0,0,0,0,0,1,1,1,9.017908055297674e-6,0,0,0
TUR.39.3_1,2049,1,albopictus,3.186840929200544,72.0335966776661,1.0309200959616138e-4,0,0,0,0,0,0,1,1,1,9.976596323402198e-6,0,0,0
TUR.39.3_1,2049,2,albopictus,4.286417265586993,80.0870048628716,7.711594300961486e-5,0,0,0,0,0,0,1,1,1,8.262388331625736e-6,0,0,0
TUR.39.3_1,2049,3,albopictus,7.078853275188628,76.87607285835922,9.466625030592368e-5,0,0,0,0,0,0,1,1,1,9.161208065489035e-6,0,0,0
TUR.39.3_1,2049,4,albopictus,12.906957009259393,57.55745368152863,1.2517870443073964e-4,3.014070947400432e-4,2.960111452409637e-4,3.066746422753218e-4,0,0,0,1,1,1,1.2517792094879354e-5,0,0,0
TUR.39.3_1,2049,5,albopictus,17.5608252918019,45.21426175500298,1.7496672945162666e-4,0.012922611922317292,0.01283997236062026,0.013006946737566145,0,0,0,1,1,1,1.693212079045825e-5,0,0,0
TUR.39.3_1,2049,6,albopictus,22.354641241185803,38.62726564400679,1.9679747528811604e-4,0.042984274911674995,0.042780197445964126,0.043197522683196266,0,0,0,1,1,1,1.9679553883822365e-5,0,0,0
TUR.39.3_1,2049,7,albopictus,25.595096363740808,33.21789094608269,2.3110601851322933e-4,0.0526867307909296,0.05237333794334995,0.05300099808704362,0,0,0,1,1,1,2.2364848468847676e-5,0,0,0
TUR.39.3_1,2049,8,albopictus,25.38752269744873,47.749742349497275,2.744238292521776e-4,0.07007444841441529,0.0697557816031855,0.07039487229999809,4.026534661250025e-14,3.530231662551842e-14,4.574118861455645e-14,0.9999999999999597,0.9999999999999543,0.9999999999999647,2.655679212848483e-5,1.06931843996956e-18,9.375162842778467e-19,1.2147392377465926e-18
TUR.39.3_1,2049,9,albopictus,23.952120612649356,31.958082597650147,2.187290437629393e-4,0.04637773938109829,0.0461346670599299,0.04663212133174665,0,0,0,1,1,1,2.187266516606723e-5,0,0,0
TUR.39.3_1,2049,10,albopictus,15.396000231013579,50.29432528347408,2.1554834411391852e-4,0.004263633869927285,0.004228209208668395,0.004296577727341986,0,0,0,1,1,1,2.0859299614151006e-5,0,0,0
TUR.39.3_1,2049,11,albopictus,7.71104361248367,73.70921504209014,1.250287308317792e-4,0,0,0,0,0,0,1,1,1,1.2502794922597538e-5,0,0,0
TUR.39.3_1,2049,12,albopictus,3.9976405919912983,80.595733452013,1.0283809419816327e-4,0,0,0,0,0,0,1,1,1,9.952024110360114e-6,0,0,0
TUR.39.3_1,2050,1,albopictus,0.48894468705882055,77.55985705364266,9.200707820478137e-5,0,0,0,0,0,0,1,1,1,8.903871154264387e-6,0,0,0
TUR.39.3_1,2050,2,albopictus,3.6758716303636048,80.20402451619191,6.882407887007848e-5,0,0,0,0,0,0,1,1,1,7.373981262381868e-6,0,0,0
TUR.39.3_1,2050,3,albopictus,5.880498554119292,76.9976014838475,8.448729566306604e-5,0,0,0,0,0,0,1,1,1,8.1761564779681e-6,0,0,0
TUR.39.3_1,2050,4,albopictus,12.85025344175451,52.99565940052277,1.1171890909148715e-4,2.47914218327798e-4,2.4302345517224514e-4,2.5283753504956613e-4,0,0,0,1,1,1,1.117182850385312e-5,0,0,0
TUR.39.3_1,2050,5,albopictus,14.201909009148093,58.03411267663384,1.5615349456229877e-4,0.0017494652839239045,0.0017303450684974578,0.0017686061902734969,0,0,0,1,1,1,1.5111514325982789e-5,0,0,0
TUR.39.3_1,2050,6,albopictus,22.280418676488537,42.36180086129195,1.7563689727522226e-4,0.04527910502618735,0.04506391346884843,0.04548955525741632,0,0,0,1,1,1,1.756353548687528e-5,0,0,0
TUR.39.3_1,2050,7,albopictus,24.906862034517175,36.109984604529956,2.0625642668366492e-4,0.05406143260610433,0.053761379148408533,0.05434735008420005,0,0,0,1,1,1,1.996010015103966e-5,0,0,0
TUR.39.3_1,2050,8,albopictus,28.22590732574463,29.497585138193564,2.4491650534476356e-4,0.04627394038376277,0.04590673059425335,0.0466400920940087,0,0,0,1,1,1,2.3701316410829065e-5,0,0,0
TUR.39.3_1,2050,9,albopictus,21.773464988259708,38.424131791986085,1.9521028170842e-4,0.038873322372644674,0.0386741157376849,0.03905393392177304,0,0,0,1,1,1,1.9520837636788357e-5,0,0,0
TUR.39.3_1,2050,10,albopictus,11.422150934443755,71.34392397732174,1.923715856494359e-4,2.707120512700741e-6,2.56858531645294e-6,2.849980121912629e-6,0,0,0,1,1,1,1.861643177492045e-5,0,0,0
TUR.39.3_1,2050,11,albopictus,7.6878888769184845,78.74711787412139,1.1158506135001564e-4,0,0,0,0,0,0,1,1,1,1.1158443879111246e-5,0,0,0
TUR.39.3_1,2050,12,albopictus,5.097330075633876,71.02355175035284,9.178046496896877e-5,0,0,0,0,0,0,1,1,1,8.88194103620954e-6,0,0,0
TUR.39.3_1,2051,1,albopictus,3.063815631081953,80.47721545208016,9.337448552441745e-5,0,0,0,0,0,0,1,1,1,9.036199707934678e-6,0,0,0
TUR.39.3_1,2051,2,albopictus,1.8517065841485474,69.42476578816456,6.984694092645954e-5,0,0,0,0,0,0,1,1,1,7.483572811439743e-6,0,0,0
TUR.39.3_1,2051,3,albopictus,6.364767696270171,71.95517442085922,8.574294412794612e-5,0,0,0,0,0,0,1,1,1,8.297669844559152e-6,0,0,0
TUR.39.3_1,2051,4,albopictus,12.21237788480871,56.91280799061066,1.133792732397046e-4,5.927723014826967e-5,5.77788392009676e-5,6.096249333015987e-5,0,0,0,1,1,1,1.133786304996498e-5,0,0,0
TUR.39.3_1,2051,5,albopictus,13.399167004753561,73.41996930505181,1.5847424461346322e-4,8.683803123169256e-4,8.567624205507891e-4,8.799453548429441e-4,0,0,0,1,1,1,1.5336099621454657e-5,0,0,0
TUR.39.3_1,2051,6,albopictus,19.37001256381764,66.16023225777633,1.7824720926010854e-4,0.033373482374064525,0.03323473222509991,0.03351470800078085,0,0,0,1,1,1,1.7824562066670602e-5,0,0,0
TUR.39.3_1,2051,7,albopictus,24.72124458761776,42.85844728153191,2.0932180549008123e-4,0.0609144228521436,0.06062073538030609,0.061229346170882576,7.436273818939299e-16,6.661338147750939e-16,8.881784197001252e-16,0.9999999999999992,0.9999999999999991,0.9999999999999993,2.025674374783737e-5,1.5063469318900537e-20,1.349370198766844e-20,1.7991602650224587e-20
TUR.39.3_1,2051,8,albopictus,23.86434841156006,44.86624701868673,2.48556449451702e-4,0.05848643453321596,0.05822325118361871,0.05875249940232988,2.221556272274938e-16,2.220446049250313e-16,2.220446049250313e-16,0.9999999999999998,0.9999999999999998,0.9999999999999998,2.4053560655379336e-5,5.343633854450364e-21,5.340963372763982e-21,5.340963372763982e-21
TUR.39.3_1,2051,9,albopictus,17.973721335915958,65.64936296264038,1.9811149293351944e-4,0.020368922874127216,0.02026133009977033,0.020467074753620758,0,0,0,1,1,1,1.981095305381153e-5,0,0,0
TUR.39.3_1,2051,10,albopictus,16.44276651214151,50.68080752224361,1.9523060823160686e-4,0.008173364517552,0.008118751373223288,0.008233118299432404,0,0,0,1,1,1,1.889310619063167e-5,0,0,0
TUR.39.3_1,2051,11,albopictus,8.007986323360136,67.91750514218779,1.1324343625582938e-4,0,0,0,0,0,0,1,1,1,1.132427950545356e-5,0,0,0
TUR.39.3_1,2051,12,albopictus,6.02562354220187,76.06835918443487,9.314450436731637e-5,0,0,0,0,0,0,1,1,1,9.013943667812718e-6,0,0,0
TUR.39.3_1,2052,1,albopictus,2.7856355087064646,74.87379137981453,9.268695206761667e-5,0,0,0,0,0,0,1,1,1,8.969664811120381e-6,0,0,0
TUR.39.3_1,2052,2,albopictus,4.763342161827228,71.73791428669972,7.18088109904487e-5,0,0,0,0,0,0,1,1,1,7.428470097492479e-6,0,0,0
TUR.39.3_1,2052,3,albopictus,6.9488293188898,70.96703049996079,8.51116031096639e-5,0,0,0,0,0,0,1,1,1,8.236572831776812e-6,0,0,0
TUR.39.3_1,2052,4,albopictus,12.020055153790643,58.20937781482941,1.1254444086314848e-4,3.296911099668815e-5,3.1945369603293825e-5,3.4038997598975e-5,0,0,0,1,1,1,1.125438075533225e-5,0,0,0
TUR.39.3_1,2052,5,albopictus,16.509879056145163,49.86467145348931,1.5730736969467725e-4,0.008376089456239539,0.008316874156773296,0.008436390658879163,0,0,0,1,1,1,1.522317796764927e-5,0,0,0
TUR.39.3_1,2052,6,albopictus,20.504987997167248,52.288421344690384,1.7693474237732556e-4,0.037143264257478104,0.036965143583899296,0.03731471196547283,0,0,0,1,1,1,1.7693317709177592e-5,0,0,0
TUR.39.3_1,2052,7,albopictus,26.469367756563074,32.25377198856316,2.0778053065783874e-4,0.05241635139470686,0.05209060431264293,0.05274340364877979,0,0,0,1,1,1,2.010759112913707e-5,0,0,0
TUR.39.3_1,2052,8,albopictus,24.333788871765137,40.51532538782735,2.4672628274243576e-4,0.056450457874153676,0.05617326104670574,0.05672034046046799,1.1102230246251565e-16,1.1102230246251565e-16,1.1102230246251565e-16,0.9999999999999999,0.9999999999999999,0.9999999999999999,2.3876451992532743e-5,2.6508186748467048e-21,2.6508186748467048e-21,2.6508186748467048e-21
TUR.39.3_1,2052,9,albopictus,20.312241385964786,51.243040483392335,1.966527616880024e-4,0.034862894913211796,0.03469914202646452,0.03501571599067222,0,0,0,1,1,1,1.9665082808484335e-5,0,0,0
TUR.39.3_1,2052,10,albopictus,13.664164865718169,70.0685257229272,1.9379308946835007e-4,0.0011598671743230362,0.0011445701264113516,0.0011747270101220002,0,0,0,1,1,1,1.8753994090237036e-5,0,0,0
TUR.39.3_1,2052,11,albopictus,6.6276753110920685,72.23856532285185,1.1240960407189076e-4,0,0,0,0,0,0,1,1,1,1.1240897227815516e-5,0,0,0
TUR.39.3_1,2052,12,albopictus,1.4983912044588257,80.62552623765752,9.245866430394156e-5,0,0,0,0,0,0,1,1,1,8.947572644801838e-6,0,0,0
TUR.39.3_1,2053,1,albopictus,-4.227330885717974,78.5202910136036,9.282603096059593e-5,0,0,0,0,0,0,1,1,1,8.983123938044457e-6,0,0,0
TUR.39.3_1,2053,2,albopictus,1.4045508701135132,81.32533188923878,6.943668031506296e-5,0,0,0,0,0,0,1,1,1,7.439616645399383e-6,0,0,0
TUR.39.3_1,2053,3,albopictus,7.156078960308257,64.99374101021469,8.523931501814859e-5,0,0,0,0,0,0,1,1,1,8.248931946841509e-6,0,0,0
TUR.39.3_1,2053,4,albopictus,11.645881989422968,51.478539039194644,1.1271331637255996e-4,5.405855465969393e-6,5.1603240001091014e-6,5.647857456747093e-6,0,0,0,1,1,1,1.127126811606427e-5,0,0,0
TUR.39.3_1,2053,5,albopictus,15.15985101812026,55.33810208703423,1.575434130033261e-4,0.003864768881514057,0.003832028225127023,0.003896106183571681,0,0,0,1,1,1,1.5246020520498504e-5,0,0,0
TUR.39.3_1,2053,6,albopictus,23.20440511142506,27.30991716378218,1.7720023700791237e-4,0.03938216566735819,0.03914907586910801,0.03959795090070639,0,0,0,1,1,1,1.7719866702070597e-5,0,0,0
TUR.39.3_1,2053,7,albopictus,26.394283070283777,29.758895126990893,2.0809231009973314e-4,0.049603890707573185,0.04927857484379108,0.04992477248017164,0,0,0,1,1,1,2.0137762726024633e-5,0,0,0
TUR.39.3_1,2053,8,albopictus,25.654786109924316,39.745958169809775,2.4709650117671626e-4,0.060454233115678886,0.06010823559729765,0.06075005991366782,5.975220318532592e-16,5.551115123125783e-16,6.661338147750939e-16,0.9999999999999994,0.9999999999999993,0.9999999999999994,2.3912278726889724e-5,1.4288113371132615e-20,1.3273981206923649e-20,1.5928777448308378e-20
TUR.39.3_1,2053,9,albopictus,21.521738837747012,51.63784639159546,1.9694784365786728e-4,0.046000504626466585,0.04579230376274201,0.04621273704765611,0,0,0,1,1,1,1.969459042483468e-5,0,0,0
TUR.39.3_1,2053,10,albopictus,14.73558648894815,60.69934695095455,1.940838804345977e-4,0.0029828715547107103,0.0029549793536440792,0.003010113021865786,0,0,0,1,1,1,1.8782134623251956e-5,0,0,0
TUR.39.3_1,2053,11,albopictus,9.025199191096952,81.97718989560576,1.1257827725561085e-4,0,0,0,0,0,0,1,1,1,1.125776435650927e-5,0,0,0
TUR.39.3_1,2053,12,albopictus,4.538625937831752,78.15029125230596,9.259740064590643e-5,0,0,0,0,0,0,1,1,1,8.960998622242755e-6,0,0,0
TUR.39.3_1,2054,1,albopictus,3.212236084153547,83.62373797405282,8.851356894541004e-5,0,0,0,0,0,0,1,1,1,8.565792566139763e-6,0,0,0
TUR.39.3_1,2054,2,albopictus,5.257176657371661,78.03702469929738,6.62108282214145e-5,0,0,0,0,0,0,1,1,1,7.093992146933736e-6,0,0,0
TUR.39.3_1,2054,3,albopictus,5.268307353862944,78.65539262154282,8.127931258766363e-5,0,0,0,0,0,0,1,1,1,7.865708993026743e-6,0,0,0
TUR.39.3_1,2054,4,albopictus,8.881639817181757,75.61789755970246,1.0747694150624009e-4,0,0,0,0,0,0,1,1,1,1.0747636394414783e-5,0,0,0
TUR.39.3_1,2054,5,albopictus,12.373607579399557,69.8842484798565,1.5022434552528226e-4,1.232969681567699e-4,1.205308512276557e-4,1.2609965151634138e-4,0,0,0,1,1,1,1.4537734215669396e-5,0,0,0
TUR.39.3_1,2054,6,albopictus,20.292211813085217,46.554534625940384,1.689679633313297e-4,0.032288297725104095,0.03213333506688805,0.0324265705567355,0,0,0,1,1,1,1.6896653583065024e-5,0,0,0
TUR.39.3_1,2054,7,albopictus,26.43844772787655,25.042845932654956,0.00019842486904175752,0.04460868695737637,0.044310032924146946,0.044913933231865356,0,0,0,1,1,1,1.9202222316438977e-5,0,0,0
TUR.39.3_1,2054,8,albopictus,26.859732627868652,34.329889139048056,2.3561702430602828e-4,0.05480859786970423,0.05443792950946399,0.05515768012946837,0,0,0,1,1,1,2.2801387557946917e-5,0,0,0
TUR.39.3_1,2054,9,albopictus,17.30109197953168,59.18592302123413,1.877981462512437e-4,0.014044195731621937,0.013959277271204282,0.014127086368687553,0,0,0,1,1,1,1.877963828555984e-5,0,0,0
TUR.39.3_1,2054,10,albopictus,11.723707521662993,67.90884249538814,1.8506723549704376e-4,1.3027720882276401e-5,1.2579748229403589e-5,1.3484579079393585e-5,0,0,0,1,1,1,1.790957208913646e-5,0,0,0
TUR.39.3_1,2054,11,albopictus,9.22409464550369,78.52150141904326,1.0734817596423952e-4,0,0,0,0,0,0,1,1,1,1.0734759978481279e-5,0,0,0
TUR.39.3_1,2054,12,albopictus,2.664439422023647,75.97934703843877,8.829556021539258e-5,0,0,0,0,0,0,1,1,1,8.54469512767686e-6,0,0,0
TUR.39.3_1,2055,1,albopictus,4.839411534478559,84.51115862834969,9.533142729513608e-5,0,0,0,0,0,0,1,1,1,9.225579440386156e-6,0,0,0
TUR.39.3_1,2055,2,albopictus,4.145858545951984,77.33718796834034,7.131079259309242e-5,0,0,0,0,0,0,1,1,1,7.640412875487002e-6,0,0,0
TUR.39.3_1,2055,3,albopictus,4.474178697475615,71.32244584419907,8.753994411103564e-5,0,0,0,0,0,0,1,1,1,8.471571610657591e-6,0,0,0
TUR.39.3_1,2055,4,albopictus,12.482700684491327,49.79613547474152,1.1575547520205413e-4,1.044096703184302e-4,1.0179163168530765e-4,1.0693726042712162e-4,0,0,0,1,1,1,1.157548052377333e-5,0,0,0
TUR.39.3_1,2055,5,albopictus,14.898448887993307,67.50046704675103,1.6179554664929688e-4,0.0037596210200837913,0.003725984557506213,0.0037943332165340676,0,0,0,1,1,1,1.5657510966549104e-5,0,0,0
TUR.39.3_1,2055,6,albopictus,21.162563604467053,37.0059048651982,1.8198291294143067e-4,0.03378827507170314,0.03361256000035265,0.033966410091809,0,0,0,1,1,1,1.8198125706248014e-5,0,0,0
TUR.39.3_1,2055,7,albopictus,23.273189320283777,46.694979874305346,2.1370877032726536e-4,0.056369694275277264,0.05611847284144912,0.05661461251623795,1.1102230246251565e-16,1.1102230246251565e-16,1.1102230246251565e-16,0.9999999999999999,0.9999999999999999,0.9999999999999999,2.0681280042067485e-5,2.2960833281424048e-21,2.2960833281424048e-21,2.2960833281424048e-21
TUR.39.3_1,2055,8,albopictus,25.06246852874756,36.16958793055196,2.537656936642054e-4,0.054636724952964594,0.054355025909601326,0.05493361924279783,0,0,0,1,1,1,2.455766881015453e-5,0,0,0
TUR.39.3_1,2055,9,albopictus,21.79484255173627,42.986631791986085,2.0226351212381154e-4,0.042098671728293596,0.04190103580555782,0.04230190863997057,0,0,0,1,1,1,2.0226146661084243e-5,0,0,0
TUR.39.3_1,2055,10,albopictus,16.41077073882608,59.104475429958455,1.9932224986181775e-4,0.009038935029950174,0.008983666043359352,0.009096636027659621,0,0,0,1,1,1,1.9289063950211904e-5,0,0,0
TUR.39.3_1,2055,11,albopictus,9.78483273220413,75.84305751035185,1.1561679134768467e-4,0,0,0,0,0,0,1,1,1,1.1561612298760515e-5,0,0,0
TUR.39.3_1,2055,12,albopictus,4.4285270990256,79.18413524644659,9.509662619466094e-5,0,0,0,0,0,0,1,1,1,9.202856962597927e-6,0,0,0
TUR.39.3_1,2056,1,albopictus,5.156951464822187,77.80962054241219,9.381709560946385e-5,0,0,0,0,0,0,1,1,1,9.079032553982458e-6,0,0,0
TUR.39.3_1,2056,2,albopictus,3.6489479738999817,73.46563645466847,7.26843847597682e-5,0,0,0,0,0,0,1,1,1,7.51904601736797e-6,0,0,0
TUR.39.3_1,2056,3,albopictus,7.2746788519708545,64.40954301216782,8.614937947888226e-5,0,0,0,0,0,0,1,1,1,8.337001970781799e-6,0,0,0
TUR.39.3_1,2056,4,albopictus,10.921236374798944,61.12782340198761,1.1391670923722879e-4,5.8533481119627295e-9,5.039485308077438e-9,6.793744608301818e-9,0,0,0,1,1,1,1.1391606038912983e-5,0,0,0
TUR.39.3_1,2056,5,albopictus,17.16590398900649,49.44693540002251,1.5922543803093792e-4,0.011525673362922727,0.011453924001122854,0.011600179067741063,0,0,0,1,1,1,1.5408794641125212e-5,0,0,0
TUR.39.3_1,2056,6,albopictus,22.661623281591076,35.70466585152632,1.7909212971141603e-4,0.04276972589744865,0.04254772542227293,0.04299558170027819,0,0,0,1,1,1,1.7909052602127495e-5,0,0,0
TUR.39.3_1,2056,7,albopictus,23.55880333395565,48.04706117313347,2.103140245273235e-4,0.05982690380609779,0.05957647726228807,0.06009191238530676,4.456435220845379e-16,4.440892098500626e-16,5.551115123125783e-16,0.9999999999999996,0.9999999999999994,0.9999999999999996,2.0352762995279328e-5,9.070076985368128e-21,9.03844243683919e-21,1.1298053046048988e-20
TUR.39.3_1,2056,8,albopictus,26.054057121276855,39.398370584360556,2.49734647014053e-4,0.0608141992698111,0.060470396501597405,0.06113236512012116,7.081002451059249e-16,5.551115123125783e-16,7.771561172376096e-16,0.9999999999999993,0.9999999999999992,0.9999999999999994,2.4167577025280274e-5,1.711306721521728e-20,1.3415700231434054e-20,1.8781980324007676e-20
TUR.39.3_1,2056,9,albopictus,20.257164786843692,46.106653612054444,1.9905057328553963e-4,0.031784722845622594,0.03162441360726208,0.031939024826978676,0,0,0,1,1,1,1.9904859224206817e-5,0,0,0
TUR.39.3_1,2056,10,albopictus,14.14910730193643,63.629003933376424,1.9615603272661467e-4,0.0018067604132085374,0.0017843337287316398,0.001826787633093552,0,0,0,1,1,1,1.898266170374807e-5,0,0,0
TUR.39.3_1,2056,11,albopictus,5.421504990581204,75.06055628964873,1.1378022836419427e-4,0,0,0,0,0,0,1,1,1,1.137795810701725e-5,0,0,0
TUR.39.3_1,2056,12,albopictus,3.0504245580557514,69.52770214097784,9.358602430467486e-5,0,0,0,0,0,0,1,1,1,9.056671017582119e-6,0,0,0
TUR.39.3_1,2057,1,albopictus,2.7668762580655955,83.19420306194344,9.600297220391199e-5,0,0,0,0,0,0,1,1,1,9.290567055675325e-6,0,0,0
TUR.39.3_1,2057,2,albopictus,5.575125952415607,74.76772233113331,7.181312850754808e-5,0,0,0,0,0,0,1,1,1,7.69423416790982e-6,0,0,0
TUR.39.3_1,2057,3,albopictus,5.04138245762271,70.26192948677719,8.815660333297611e-5,0,0,0,0,0,0,1,1,1,8.531247802201491e-6,0,0,0
TUR.39.3_1,2057,4,albopictus,12.846462586346796,50.77221732288605,1.1657089360331456e-4,2.3530590653936465e-4,2.3099513241913323e-4,2.3994795049894706e-4,0,0,0,1,1,1,1.1657021416699997e-5,0,0,0
TUR.39.3_1,2057,5,albopictus,15.752564374138327,65.30454419518853,1.6293528596399918e-4,0.006687483192749485,0.0066406838867872865,0.006737383830177923,0,0,0,1,1,1,1.576780658651966e-5,0,0,0
TUR.39.3_1,2057,6,albopictus,22.365474981420178,43.9218976020146,1.8326485848800978e-4,0.04713550264006674,0.04691898477131379,0.04736913116783386,0,0,0,1,1,1,1.8326317919759028e-5,0,0,0
TUR.39.3_1,2057,7,albopictus,27.209956898408777,30.671977249793628,2.1521420290858745e-4,0.05007217933915237,0.04975497930456932,0.05042133427125284,0,0,0,1,1,1,2.0826964042375273e-5,0,0,0
TUR.39.3_1,2057,8,albopictus,26.27181339263916,35.6462457979836,2.555532999598144e-4,0.056382765277630635,0.05601697794860601,0.05670157804582719,1.1102230246251565e-16,1.1102230246251565e-16,1.1102230246251565e-16,0.9999999999999999,0.9999999999999999,0.9999999999999999,2.473065870445268e-5,2.745654670782991e-21,2.745654670782991e-21,2.745654670782991e-21
TUR.39.3_1,2057,9,albopictus,20.82119638779584,51.69956437865601,2.0368832066441344e-4,0.039658158381962835,0.039488696031324336,0.03983120302005584,0,0,0,1,1,1,2.0368624623179343e-5,0,0,0
TUR.39.3_1,2057,10,albopictus,12.57088693450479,71.10389559597408,2.007263392151227e-4,2.0064835037335042e-4,1.9668403729970177e-4,2.0440829021484453e-4,0,0,0,1,1,1,1.942494093487568e-5,0,0,0
TUR.39.3_1,2057,11,albopictus,5.544293419841458,74.40889155576201,1.1643123281574509e-4,0,0,0,0,0,0,1,1,1,1.1643055500720756e-5,0,0,0
TUR.39.3_1,2057,12,albopictus,4.155102712047451,78.06718425767706,9.576651708977028e-5,0,0,0,0,0,0,1,1,1,9.267684515035235e-6,0,0,0
TUR.39.3_1,2058,1,albopictus,3.2729336396955393,80.26490466106453,9.85718148407081e-5,0,0,0,0,0,0,1,1,1,9.539162389660127e-6,0,0,0
TUR.39.3_1,2058,2,albopictus,3.9360950190354798,72.93296738728566,7.37347005397147e-5,0,0,0,0,0,0,1,1,1,7.900115280290443e-6,0,0,0
TUR.39.3_1,2058,3,albopictus,7.985541011699858,71.234295819785,9.051549323146658e-5,0,0,0,0,0,0,1,1,1,8.75952549628245e-6,0,0,0
TUR.39.3_1,2058,4,albopictus,10.497100212994745,62.02098899036652,1.1969009163253365e-4,9.098129479005254e-20,1.0689884612753865e-22,5.432873608017006e-19,0,0,0,1,1,1,1.1968937534967417e-5,0,0,0
TUR.39.3_1,2058,5,albopictus,19.269461575676413,49.17546246911431,1.6729510004073284e-4,0.025321993174467965,0.025199784685441852,0.02543772638317163,0,0,0,1,1,1,1.6189717336190235e-5,0,0,0
TUR.39.3_1,2058,6,albopictus,20.459350866429943,59.3525616645146,1.8816865023010772e-4,0.04087448854600065,0.040699140559089186,0.041049667051694286,0,0,0,1,1,1,1.8816687986866754e-5,0,0,0
TUR.39.3_1,2058,7,albopictus,25.40609146566952,39.56065293949089,2.2097289358017833e-4,0.05956797085323786,0.05926838956103509,0.05986095007718556,3.9179770539021773e-16,3.3306690738754696e-16,4.440892098500626e-16,0.9999999999999996,0.9999999999999996,0.9999999999999997,2.1384244926037077e-5,8.378298093523734e-21,7.122384324333012e-21,9.496512432444016e-21
TUR.39.3_1,2058,8,albopictus,26.93027400970459,33.83467849146505,2.623913821341491e-4,0.05416840436758338,0.053797669497488224,0.05452916066364254,0,0,0,1,1,1,2.5392392007828057e-5,0,0,0
TUR.39.3_1,2058,9,albopictus,20.121512244729434,47.83228532592163,2.0913860236640872e-4,0.031528403996428596,0.03138141819459898,0.031673776032522916,0,0,0,1,1,1,2.0913641543440775e-5,0,0,0
TUR.39.3_1,2058,10,albopictus,14.771589601741118,68.26551668972408,2.0609736436847512e-4,0.0034290537359698775,0.0033992800558250223,0.0034586891672212833,0,0,0,1,1,1,1.9944707330910028e-5,0,0,0
TUR.39.3_1,2058,11,albopictus,8.12014128399246,76.3472689361331,1.1954669380872913e-4,0,0,0,0,0,0,1,1,1,1.1954597924135335e-5,0,0,0
TUR.39.3_1,2058,12,albopictus,2.5878635467413593,79.97050457017706,9.83290326726747e-5,0,0,0,0,0,0,1,1,1,9.51566756501876e-6,0,0,0
TUR.39.3_1,2059,1,albopictus,2.5381677524351023,83.58367602336922,9.321526798806336e-5,0,0,0,0,0,0,1,1,1,9.020791698399755e-6,0,0,0
TUR.39.3_1,2059,2,albopictus,2.3869267899323914,74.78885575398488,6.972784139093092e-5,0,0,0,0,0,0,1,1,1,7.470812242393876e-6,0,0,0
TUR.39.3_1,2059,3,albopictus,5.121978427776519,73.44050309517563,8.559673951704919e-5,0,0,0,0,0,0,1,1,1,8.28352112858255e-6,0,0,0
TUR.39.3_1,2059,4,albopictus,9.868464806500604,52.740963508188784,1.1318594453264442e-4,0,0,0,0,0,0,1,1,1,1.1318530398263249e-5,0,0,0
TUR.39.3_1,2059,5,albopictus,17.57701582067153,53.60323880578423,1.582040222003359e-4,0.014656853357323219,0.014562796438514703,0.014740431140605852,0,0,0,1,1,1,1.530994946608022e-5,0,0,0
TUR.39.3_1,2059,6,albopictus,20.22140721713795,50.45276613228804,1.779432709694609e-4,0.03365602939291637,0.03348859648986736,0.03380762692873316,0,0,0,1,1,1,1.779416877889517e-5,0,0,0
TUR.39.3_1,2059,7,albopictus,27.616374745088464,28.565131394080737,2.0896488034090216e-4,0.04689703060445256,0.046551145949851117,0.04722241373154466,0,0,0,1,1,1,2.022220330344382e-5,0,0,0
TUR.39.3_1,2059,8,albopictus,27.647439002990723,37.65461905848165,2.4813262333577365e-4,0.058143460430489874,0.0577746981251609,0.058517124797672,2.177147351289932e-16,1.1102230246251565e-16,2.220446049250313e-16,0.9999999999999998,0.9999999999999998,0.9999999999999999,2.4012546210538943e-5,5.227885138000195e-21,2.6659281682815886e-21,5.331856336563177e-21
TUR.39.3_1,2059,9,albopictus,20.932072471169864,55.824522416986085,1.977736830526815e-4,0.043346279107265996,0.04315918210431519,0.043527936314661786,0,0,0,1,1,1,1.9777172734380954e-5,0,0,0
TUR.39.3_1,2059,10,albopictus,15.696888292537016,44.83686678738033,1.9489771069231682e-4,0.004827762555478841,0.0047845043181344174,0.004871839039168452,0,0,0,1,1,1,1.886089090785692e-5,0,0,0
TUR.39.3_1,2059,11,albopictus,7.9994428319966095,73.05899226376982,1.1305033917124934e-4,0,0,0,0,0,0,1,1,1,1.1304970015446614e-5,0,0,0
TUR.39.3_1,2059,12,albopictus,3.3920770706061054,79.631377983263,9.298567898341202e-5,0,0,0,0,0,0,1,1,1,8.9985736078102e-6,0,0,0
TUR.39.3_1,2060,1,albopictus,2.829413212945356,81.83138720500985,1.0704319422477972e-4,0,0,0,0,0,0,1,1,1,1.0358965141454846e-5,0,0,0
TUR.39.3_1,2060,2,albopictus,-0.801849583930829,77.58788987263722,8.293124685223827e-5,0,0,0,0,0,0,1,1,1,8.5790577015743e-6,0,0,0
TUR.39.3_1,2060,3,albopictus,9.11573662937564,61.40767381050766,9.8294502723574e-5,0,0,0,0,0,0,1,1,1,9.512325988891845e-6,0,0,0
TUR.39.3_1,2060,4,albopictus,14.348396637860468,45.811581183970034,1.2997640092258795e-4,0.001671427521502997,0.0016529026671283976,0.0016914848826048328,0,0,0,1,1,1,1.2997555623339707e-5,0,0,0
TUR.39.3_1,2060,5,albopictus,18.05079168431899,44.38030408288384,1.816726405560565e-4,0.015557706151428404,0.015466033392670483,0.015649062725293757,0,0,0,1,1,1,1.7581068730843086e-5,0,0,0
TUR.39.3_1,2060,6,albopictus,25.780750555150647,10.477283191614212,2.0434008855518978e-4,0.032114810470411134,0.0318576378985256,0.03237154209989901,0,0,0,1,1,1,2.0433800082542142e-5,0,0,0
TUR.39.3_1,2060,7,albopictus,24.85817886801327,43.111327377967456,2.3996356772104543e-4,0.06182755773208963,0.06153909569178043,0.062113731263444945,1.134869975771835e-15,9.992007221626409e-16,1.3322676295501878e-15,0.9999999999999989,0.9999999999999987,0.999999999999999,2.322201111215616e-5,2.6353963188225945e-20,2.3203450273335307e-20,3.093793369778041e-20
TUR.39.3_1,2060,8,albopictus,28.82388401031494,32.481981119028525,2.849416106022092e-4,0.04756105334333645,0.047185810417681405,0.04790438256105625,0,0,0,1,1,1,2.757461438773756e-5,0,0,0
TUR.39.3_1,2060,9,albopictus,22.930291007546817,41.71243898192749,2.2711222339959552e-4,0.04934263571291666,0.04911161043996966,0.0495682771736721,0,0,0,1,1,1,2.271096444206311e-5,0,0,0
TUR.39.3_1,2060,10,albopictus,15.737151468501372,62.83392184109127,2.2380961777929053e-4,0.006402312193864072,0.006355370382569522,0.006451473625846418,0,0,0,1,1,1,2.1658760714582392e-5,0,0,0
TUR.39.3_1,2060,11,albopictus,9.855119006160429,76.80743586728545,1.2982067931870226e-4,0,0,0,0,0,0,1,1,1,1.2981983665172336e-5,0,0,0
TUR.39.3_1,2060,12,albopictus,3.153235179317348,76.24467449205206,1.0677954706753597e-4,0,0,0,0,0,0,1,1,1,1.0333451164412644e-5,0,0,0
TUR.39.3_1,2061,1,albopictus,3.1500276700757883,77.73516528118172,9.678930271627449e-5,0,0,0,0,0,0,1,1,1,9.366662847010154e-6,0,0,0
TUR.39.3_1,2061,2,albopictus,3.232059260063312,73.68339463337941,7.240132752719668e-5,0,0,0,0,0,0,1,1,1,7.75725500457014e-6,0,0,0
TUR.39.3_1,2061,3,albopictus,5.847464229473296,75.94163987496079,8.887866667617885e-5,0,0,0,0,0,0,1,1,1,8.601124301343965e-6,0,0,0
TUR.39.3_1,2061,4,albopictus,8.309849598828485,72.94529013782746,1.1752568956837024e-4,0,0,0,0,0,0,1,1,1,1.1752499895711921e-5,0,0,0
TUR.39.3_1,2061,5,albopictus,18.838383618523093,51.427373632444386,1.6426983825912884e-4,0.022815421807863005,0.022697180423417514,0.022930573535421873,0,0,0,1,1,1,1.58969547638943e-5,0,0,0
TUR.39.3_1,2061,6,albopictus,21.21952847873463,46.478362750940384,1.847659239942613e-4,0.03983735076952144,0.03965294106878181,0.04002279594460873,0,0,0,1,1,1,1.847642170826891e-5,0,0,0
TUR.39.3_1,2061,7,albopictus,25.07198692770565,39.084742752723315,2.1697695556671713e-4,0.057936453466733935,0.057630912966862555,0.05823635064156336,1.9773072068574037e-16,1.1102230246251565e-16,2.220446049250313e-16,0.9999999999999998,0.9999999999999998,0.9999999999999999,2.0997549441958974e-5,4.1518605837930134e-21,2.331196285116796e-21,4.662392570233592e-21
TUR.39.3_1,2061,8,albopictus,26.790167808532715,37.88936026941915,2.576464576265011e-4,0.059382244656239466,0.059030492547236045,0.05973451544205609,3.518296765037121e-16,3.3306690738754696e-16,4.440892098500626e-16,0.9999999999999997,0.9999999999999996,0.9999999999999997,2.4933217319556e-5,8.77224578373614e-21,8.30442958384614e-21,1.107257277846152e-20
TUR.39.3_1,2061,9,albopictus,19.962517570046817,54.39259950438843,2.0535666840275333e-4,0.033362167821371067,0.03320717131933129,0.03351219279741503,0,0,0,1,1,1,2.0535455984904694e-5,0,0,0
TUR.39.3_1,2061,10,albopictus,14.223099077449126,59.36323397488033,2.0237042628384828e-4,0.001824801171696433,0.001805289351523378,0.0018449345655747126,0,0,0,1,1,1,1.9584043031817266e-5,0,0,0
TUR.39.3_1,2061,11,albopictus,7.024092452052762,71.39823329160185,1.1738488486268941e-4,0,0,0,0,0,0,1,1,1,1.173841959045685e-5,0,0,0
TUR.39.3_1,2061,12,albopictus,6.596706134212368,81.41616039293096,9.655091087177136e-5,0,0,0,0,0,0,1,1,1,9.343592884292207e-6,0,0,0
TUR.39.3_1,2062,1,albopictus,4.023249663522138,81.29329363811532,1.0107594681925058e-4,0,0,0,0,0,0,1,1,1,9.781495401428586e-6,0,0,0
TUR.39.3_1,2062,2,albopictus,-0.11488113815293588,75.30244370564503,7.56078670411952e-5,0,0,0,0,0,0,1,1,1,8.100810085509558e-6,0,0,0
TUR.39.3_1,2062,3,albopictus,7.025313999065581,69.58760545113266,9.281496130477688e-5,0,0,0,0,0,0,1,1,1,8.982052690620357e-6,0,0,0
TUR.39.3_1,2062,4,albopictus,11.527995446149042,65.75053458362824,1.227307152271794e-4,4.403472389698289e-6,4.1992160945803655e-6,4.601248276532171e-6,0,0,0,1,1,1,1.227299620887301e-5,0,0,0
TUR.39.3_1,2062,5,albopictus,17.10732931249282,54.510434850706105,1.7154508783432732e-4,0.012045791070535746,0.011972461341300924,0.012116434600792796,0,0,0,1,1,1,1.660099973421758e-5,0,0,0
TUR.39.3_1,2062,6,albopictus,23.848028463475842,32.230708789758744,1.9294891257144584e-4,0.04617362609685713,0.0459366065989078,0.046437170974238016,0,0,0,1,1,1,1.9294705111971844e-5,0,0,0
TUR.39.3_1,2062,7,albopictus,26.982166065889245,37.96791764896355,2.265865194437114e-4,0.0594284919986419,0.05908881259737218,0.05978874564675232,3.5860203695392556e-16,3.3306690738754696e-16,4.440892098500626e-16,0.9999999999999997,0.9999999999999996,0.9999999999999997,2.1927487277251245e-5,7.863241602903584e-21,7.303320374213855e-21,9.737760498951806e-21
TUR.39.3_1,2062,8,albopictus,27.799588203430176,33.63966735254903,2.690572089930529e-4,0.052546389638391096,0.052178032389529456,0.052911235720803106,0,0,0,1,1,1,2.6037455438276957e-5,0,0,0
TUR.39.3_1,2062,9,albopictus,21.600197623757754,43.217657487786866,2.144515882638452e-4,0.04075975559893439,0.04055305033334784,0.04095296212808017,0,0,0,1,1,1,2.144492888056515e-5,0,0,0
TUR.39.3_1,2062,10,albopictus,15.966690386042876,50.82136385769283,2.1133309023638604e-4,0.0062348142059634746,0.0061895686231840125,0.0062815142939555094,0,0,0,1,1,1,2.0451380245423145e-5,0,0,0
TUR.39.3_1,2062,11,albopictus,8.1399552984272745,68.32074153134795,1.225836745052825e-4,0,0,0,0,0,0,1,1,1,1.2258292317102182e-5,0,0,0
TUR.39.3_1,2062,12,albopictus,3.461011868846767,77.2357481004505,1.0082699697953768e-4,0,0,0,0,0,0,1,1,1,9.757403716781354e-6,0,0,0
TUR.39.3_1,2063,1,albopictus,0.5164298192762278,61.67057482708016,9.251667098671569e-5,0,0,0,0,0,0,1,1,1,8.95318614446694e-6,0,0,0
TUR.39.3_1,2063,2,albopictus,2.1862999398042176,75.2494804488091,6.920526969256509e-5,0,0,0,0,0,0,1,1,1,7.414822834284074e-6,0,0,0
TUR.39.3_1,2063,3,albopictus,5.540405418285552,70.96054551460922,8.495523918301157e-5,0,0,0,0,0,0,1,1,1,8.22144096346289e-6,0,0,0
TUR.39.3_1,2063,4,albopictus,8.259431698743036,69.81764273792511,1.1233767832956562e-4,0,0,0,0,0,0,1,1,1,1.1233704734436856e-5,0,0,0
TUR.39.3_1,2063,5,albopictus,14.674184743095847,66.991792425169,1.5701837034419954e-4,0.0031018198521594615,0.0030761265209183594,0.0031295878278561583,0,0,0,1,1,1,1.5195210713914165e-5,0,0,0
TUR.39.3_1,2063,6,albopictus,19.704250616185803,60.3403546332646,1.7660968433507848e-4,0.033889750820445985,0.03374627036554889,0.03402959212538312,0,0,0,1,1,1,1.766081247955853e-5,0,0,0
TUR.39.3_1,2063,7,albopictus,24.886401905732995,41.71733400028191,2.0739880386068624e-4,0.06029791672287082,0.06000644239415078,0.06061056751375177,5.574429806642911e-16,4.440892098500626e-16,6.661338147750939e-16,0.9999999999999994,0.9999999999999993,0.9999999999999996,2.0070650568304593e-5,1.118824327666716e-20,8.913159352055097e-21,1.3369739028082646e-20
TUR.39.3_1,2063,8,albopictus,26.969731330871582,39.8845270479836,2.46273006232907e-4,0.06202942975383549,0.0616946677610587,0.06238071717493578,1.2468914789565133e-15,1.1102230246251565e-15,1.4432899320127035e-15,0.9999999999999988,0.9999999999999986,0.9999999999999989,2.3832587570327135e-5,2.9716650362925817e-20,2.6459487456972503e-20,3.4397333694064253e-20
TUR.39.3_1,2063,9,albopictus,24.100460837869083,36.25275651732788,1.9629147842131382e-4,0.051012434612636146,0.05074706526390219,0.05126617809959408,0,0,0,1,1,1,1.9628955191697273e-5,0,0,0
TUR.39.3_1,2063,10,albopictus,14.500966394648833,55.9275574001733,1.9343705988695078e-4,0.002259703311222395,0.0022361528054050807,0.0022828546041872093,0,0,0,1,1,1,1.8719540260114798e-5,0,0,0
TUR.39.3_1,2063,11,albopictus,9.309294955257108,76.62518489072295,1.122030892555329e-4,0,0,0,0,0,0,1,1,1,1.1220245978105226e-5,0,0,0
TUR.39.3_1,2063,12,albopictus,5.401869517696254,75.8940275193958,9.228880262497676e-5,0,0,0,0,0,0,1,1,1,8.9311345647935525e-06,0,0,0
TUR.39.3_1,2064,1,albopictus,6.023631848504438,82.22484271038094,1.0408353758932638e-4,0,0,0,0,0,0,1,1,1,1.0072549683437515e-5,0,0,0
TUR.39.3_1,2064,2,albopictus,4.088398476295612,77.63927384480519,8.063826581023733e-5,0,0,0,0,0,0,1,1,1,8.34185477316396e-6,0,0,0
TUR.39.3_1,2064,3,albopictus,8.089655067333403,70.54748246529282,9.557674024160325e-5,0,0,0,0,0,0,1,1,1,9.249319183668447e-6,0,0,0
TUR.39.3_1,2064,4,albopictus,11.63031993192785,65.81352286487824,1.2638265990776846e-4,7.766115379237495e-6,7.455166088470852e-6,8.102833395611973e-6,0,0,0,1,1,1,1.2638186128177686e-5,0,0,0
TUR.39.3_1,2064,5,albopictus,16.78595251195571,56.28597806359673,1.7664954086255363e-4,0.010567947715453012,0.010502320242085724,0.010636753244308966,0,0,0,1,1,1,1.709497073698607e-5,0,0,0
TUR.39.3_1,2064,6,albopictus,22.01526288425221,40.778011035852494,1.986902524926418e-4,0.0421779638963446,0.04196925971024125,0.0423915006395379,0,0,0,1,1,1,1.9868827861535543e-5,0,0,0
TUR.39.3_1,2064,7,albopictus,25.866058125215417,30.971747605018237,2.333287716406774e-4,0.050629756185199375,0.05033104640174051,0.05091577854364221,0,0,0,1,1,1,2.2579948776302317e-5,0,0,0
TUR.39.3_1,2064,8,albopictus,27.091567039489746,31.36634238611837,2.7706320848012116e-4,0.051040523715483184,0.05068302708764898,0.05137139550536389,0,0,0,1,1,1,2.6812209108939555e-5,0,0,0
TUR.39.3_1,2064,9,albopictus,21.907088111428653,39.301355760491944,2.208327564624853e-4,0.040384533103267395,0.04018457628412219,0.04058883413357933,0,0,0,1,1,1,2.208303181250315e-5,0,0,0
TUR.39.3_1,2064,10,albopictus,14.730740869746489,57.63538973659908,2.1762146518223912e-4,0.002839967636486637,0.0028129734618182276,0.0028661193642585737,0,0,0,1,1,1,2.105992002865431e-5,0,0,0
TUR.39.3_1,2064,11,albopictus,7.329331175807645,65.90138423154326,1.2623124387867022e-4,0,0,0,0,0,0,1,1,1,1.2623044716608689e-5,0,0,0
TUR.39.3_1,2064,12,albopictus,4.9042713464621235,68.47151165025518,1.0382718006001279e-4,0,0,0,0,0,0,1,1,1,1.0047741139773692e-5,0,0,0
TUR.39.3_1,2065,1,albopictus,5.363867558648481,85.0614287089161,9.944492666821312e-5,0,0,0,0,0,0,1,1,1,9.623656273105574e-6,0,0,0
TUR.39.3_1,2065,2,albopictus,3.096669932060382,77.00585099324269,7.438781460931767e-5,0,0,0,0,0,0,1,1,1,7.970091232545329e-6,0,0,0
TUR.39.3_1,2065,3,albopictus,6.959145213970366,76.16991135933579,9.131724521138659e-5,0,0,0,0,0,0,1,1,1,8.837113714910139e-6,0,0,0
TUR.39.3_1,2065,4,albopictus,8.075575211468866,70.4628301158548,1.2075026116282384e-4,0,0,0,0,0,0,1,1,1,1.2074953213425665e-5,0,0,0
TUR.39.3_1,2065,5,albopictus,15.4034823810353,48.39291165734673,1.6877693671752775e-4,0.004168973509428181,0.004132834457471437,0.004205565460155039,0,0,0,1,1,1,1.6333118553535364e-5,0,0,0
TUR.39.3_1,2065,6,albopictus,24.188883108251233,31.48141832345015,1.8983537691406966e-4,0.046913520648708844,0.04665212004624925,0.04717343956820402,0,0,0,1,1,1,1.8983357505164555e-5,0,0,0
TUR.39.3_1,2065,7,albopictus,25.222900166231042,34.78045961063347,2.2293018783568782e-4,0.05357731468689184,0.05328484509088539,0.053874175978735755,0,0,0,1,1,1,2.157365643074005e-5,0,0,0
TUR.39.3_1,2065,8,albopictus,27.40209674835205,37.753213724008994,2.6471554568482464e-4,0.05871793107106773,0.058361144259785405,0.059082795844592716,2.473576898864849e-16,2.220446049250313e-16,3.3306690738754696e-16,0.9999999999999998,0.9999999999999997,0.9999999999999998,2.5617305324576733e-5,6.336637466204049e-21,5.688184440039542e-21,8.532276660059313e-21
TUR.39.3_1,2065,9,albopictus,22.1919449076933,46.2246231249939,2.1099107294949643e-4,0.04761738465550987,0.04740736595874832,0.047835036734066735,0,0,0,1,1,1,2.10988847103577e-5,0,0,0
TUR.39.3_1,2065,10,albopictus,15.538300836787505,57.93416445583736,2.0792289681645249e-4,0.005247478011911954,0.005205248143764137,0.00528956027833347,0,0,0,1,1,1,2.0121368222159042e-5,0,0,0
TUR.39.3_1,2065,11,albopictus,7.523898856166531,74.9439486236331,1.2060559317537056e-4,0,0,0,0,0,0,1,1,1,1.2060486589304809e-5,0,0,0
TUR.39.3_1,2065,12,albopictus,5.298599463832729,77.10350780504034,9.91999940276257e-5,0,0,0,0,0,0,1,1,1,9.599953342154244e-6,0,0,0
TUR.39.3_1,2066,1,albopictus,0.747846402337446,81.57417742717782,9.20425229215331e-5,0,0,0,0,0,0,1,1,1,8.907301257687905e-6,0,0,0
TUR.39.3_1,2066,2,albopictus,3.299242993049762,82.75910874470753,6.885059259085786e-5,0,0,0,0,0,0,1,1,1,7.376821997251426e-6,0,0,0
TUR.39.3_1,2066,3,albopictus,4.876148368725005,68.7941331610936,8.451984346615171e-5,0,0,0,0,0,0,1,1,1,8.179306239530781e-6,0,0,0
TUR.39.3_1,2066,4,albopictus,8.788832524243524,69.86615805774933,1.1176194757467586e-4,0,0,0,0,0,0,1,1,1,1.1176132304058228e-5,0,0,0
TUR.39.3_1,2066,5,albopictus,14.646380368401022,55.33001111413384,1.5621365098170196e-4,0.002551858115866685,0.00252680984523293,0.002577340482255458,0,0,0,1,1,1,1.5117335826930756e-5,0,0,0
TUR.39.3_1,2066,6,albopictus,20.292904180638928,57.11534852974898,1.7570455946161638e-4,0.03790392518537749,0.03773900152598602,0.03806707352653546,0,0,0,1,1,1,1.7570301586555814e-5,0,0,0
TUR.39.3_1,2066,7,albopictus,25.194532170015222,40.14371415775261,2.0633588470759815e-4,0.05959689223892301,0.05927115134079885,0.05990331796359556,4.0012437807490643e-16,3.3306690738754696e-16,4.440892098500626e-16,0.9999999999999996,0.9999999999999996,0.9999999999999997,1.996778948365474e-5,7.98959934867801e-21,6.650609890686468e-21,8.867479854248624e-21
TUR.39.3_1,2066,8,albopictus,26.829617500305176,43.45021994959493,2.4501085673956e-4,0.06711885646415834,0.06675638226200722,0.06749475880585981,1.1812217870499353e-14,1.0103029524088925e-14,1.3766765505351941e-14,0.9999999999999882,0.9999999999999862,0.9999999999999899,2.371044697446756e-5,2.80072965469333e-19,2.3954734581239066e-19,3.264161635245763e-19
TUR.39.3_1,2066,9,albopictus,22.76730234482709,46.81992570678101,1.9528548432627487e-4,0.052682357351087755,0.05246007364317476,0.052919613521489675,0,0,0,1,1,1,1.9528357751763536e-05,0,0,0
TUR.39.3_1,2066,10,albopictus,15.864569032893462,47.86863177151119,1.924456946907995e-4,0.00561359475460505,0.005569697570989942,0.005659080620511411,0,0,0,1,1,1,1.8623603484146933e-5,0,0,0
TUR.39.3_1,2066,11,albopictus,7.970907942775418,76.41764247128935,1.1162804826983143e-4,0,0,0,0,0,0,1,1,1,1.116274252310756e-5,0,0,0
TUR.39.3_1,2066,12,albopictus,3.5502419294241596,76.99960308091924,9.181582238545933e-5,0,0,0,0,0,0,1,1,1,8.88536269127993e-6,0,0,0
TUR.39.3_1,2067,1,albopictus,3.595527924706831,79.63629595745125,9.64444507889252e-5,0,0,0,0,0,0,1,1,1,9.333290391877469e-6,0,0,0
TUR.39.3_1,2067,2,albopictus,1.0631905544330094,70.03706284627003,7.214336784942538e-5,0,0,0,0,0,0,1,1,1,7.729616681606544e-6,0,0,0
TUR.39.3_1,2067,3,albopictus,7.3664499777643115,67.94566056587875,8.856199966191838e-5,0,0,0,0,0,0,1,1,1,8.570479369529593e-6,0,0,0
TUR.39.3_1,2067,4,albopictus,12.129247048321893,53.7919316783548,1.171069556853552e-4,4.2455527168135384e-5,4.1263641209176495e-5,4.3684631004211593e-5,0,0,0,1,1,1,1.171062699856229e-5,0,0,0
TUR.39.3_1,2067,5,albopictus,16.32018274419448,55.06977628137017,1.6368455901091404e-4,0.008131599774384105,0.008075729259354044,0.008185517839051309,0,0,0,1,1,1,1.584031573542699e-5,0,0,0
TUR.39.3_1,2067,6,albopictus,22.249731344335217,35.03883333199507,1.8410761896250932e-4,0.039758462021090395,0.039543620110520004,0.0399804072481733,0,0,0,1,1,1,1.8410592419249028e-5,0,0,0
TUR.39.3_1,2067,7,albopictus,25.001664890962488,38.94674607913933,2.162038854110523e-4,0.05752846204117123,0.057217192433097495,0.05780278957500672,1.13464793116691e-16,1.1102230246251565e-16,1.1102230246251565e-16,0.9999999999999999,0.9999999999999999,0.9999999999999999,2.0922737769102362e-5,2.3739941124059766e-21,2.3228905209451824e-21,2.3228905209451824e-21
TUR.39.3_1,2067,8,albopictus,25.2794771194458,37.35522254358907,2.567284855470073e-4,0.05661516738024354,0.05631097989267955,0.056900113256216044,1.1102230246251565e-16,1.1102230246251565e-16,1.1102230246251565e-16,0.9999999999999999,0.9999999999999999,0.9999999999999999,2.4844383522903968e-5,2.7582806619745845e-21,2.7582806619745845e-21,2.7582806619745845e-21
TUR.39.3_1,2067,9,albopictus,20.881192039040958,41.932440202630616,2.0462500032678518e-4,0.03447781241365002,0.034296483908030355,0.034643333461063255,0,0,0,1,1,1,2.04622906772034e-5,0,0,0
TUR.39.3_1,2067,10,albopictus,14.191695535884184,69.58070986599361,2.016493979306732e-4,0.002063515502414739,0.002041499410986777,0.0020842660976033997,0,0,0,1,1,1,1.9514267458498047e-5,0,0,0
TUR.39.3_1,2067,11,albopictus,7.937651412013699,72.90895259091826,1.1696665265468152e-4,0,0,0,0,0,0,1,1,1,1.1696596859733788e-5,0,0,0
TUR.39.3_1,2067,12,albopictus,4.404166680705898,80.11220531480596,9.620690831397775e-5,0,0,0,0,0,0,1,1,1,9.310302624743194e-6,0,0,0
TUR.39.3_1,2068,1,albopictus,4.594187773873701,77.04359118450203,1.0022734985943465e-4,0,0,0,0,0,0,1,1,1,9.6993739149287e-6,0,0,0
TUR.39.3_1,2068,2,albopictus,3.4151475626756165,77.22434159382863,7.765070122145384e-5,0,0,0,0,0,0,1,1,1,8.032798897716908e-6,0,0,0
TUR.39.3_1,2068,3,albopictus,9.04621758640689,71.39706132271469,9.203572058067547e-5,0,0,0,0,0,0,1,1,1,8.90664297248378e-6,0,0,0
TUR.39.3_1,2068,4,albopictus,10.912051537457636,63.54370169788605,1.2170031269230069e-4,5.589951435121838e-9,4.822810794916729e-9,6.532296103714436e-9,0,0,0,1,1,1,1.2169957214647198e-5,0,0,0
TUR.39.3_1,2068,5,albopictus,13.864334050346823,72.43812726403618,1.7010485754622633e-4,0.0015217388804929725,0.0015047018663982377,0.0015387482913583107,0,0,0,1,1,1,1.6461624913644002e-5,0,0,0
TUR.39.3_1,2068,6,albopictus,21.192409795873303,42.441138935022416,1.9132898354025187e-4,0.03713689598964095,0.036959989912297986,0.037325083692105916,0,0,0,1,1,1,1.913271532127947e-5,0,0,0
TUR.39.3_1,2068,7,albopictus,24.51436783285702,35.32068559329949,2.2468418127537295e-4,0.05184086838560064,0.05156547024062231,0.052116872641062004,0,0,0,1,1,1,2.174339405502934e-5,0,0,0
TUR.39.3_1,2068,8,albopictus,25.980368614196777,46.1944635714211,2.667983023317444e-4,0.06987003527629555,0.06951962136501694,0.07021581127992615,3.7060021718104965e-14,3.2082669854105464e-14,4.2524317400705056e-14,0.9999999999999629,0.9999999999999575,0.9999999999999679,2.5818857235848647e-5,9.568474098972023e-19,8.283378727080141e-19,1.0979292800207182e-18
TUR.39.3_1,2068,9,albopictus,21.404627631692325,44.07657853881226,2.1265113057281976e-4,0.039799277291723195,0.03960343227446221,0.03997159949847681,0,0,0,1,1,1,2.126488695641804e-5,0,0,0
TUR.39.3_1,2068,10,albopictus,17.901789034114167,40.408342770046346,2.0955881432281183e-4,0.013856817131644246,0.013769726051695482,0.013942472670462641,0,0,0,1,1,1,2.027967962159316e-5,0,0,0
TUR.39.3_1,2068,11,albopictus,8.58793617916458,70.20107447812529,1.2155450647093039e-4,0,0,0,0,0,0,1,1,1,1.2155376769906745e-5,0,0,0
TUR.39.3_1,2068,12,albopictus,4.86221383227145,77.76753978746221,9.998049011220936e-5,0,0,0,0,0,0,1,1,1,9.67548449337663e-6,0,0,0
TUR.39.3_1,2069,1,albopictus,4.589622534921064,81.58572833049813,9.36283581023418e-5,0,0,0,0,0,0,1,1,1,9.06076779960685e-6,0,0,0
TUR.39.3_1,2069,2,albopictus,3.9595885474015686,72.09523697957081,7.003684529758984e-5,0,0,0,0,0,0,1,1,1,7.5039195559511995e-6,0,0,0
TUR.39.3_1,2069,3,albopictus,2.4043540018884575,69.7473802314061,8.597606757855825e-5,0,0,0,0,0,0,1,1,1,8.320229991087835e-6,0,0,0
TUR.39.3_1,2069,4,albopictus,12.457832673016718,55.9502683177591,1.1368753612564067e-4,1.125948711762084e-4,1.1004660326691237e-4,1.1531632835634827e-4,0,0,0,1,1,1,1.1368688988544484e-5,0,0,0
TUR.39.3_1,2069,5,albopictus,15.588332120110007,59.709748968137745,1.589051146181404e-4,0.005563264805251406,0.005517878189331516,0.005603273198991753,0,0,0,1,1,1,1.53777960784085e-5,0,0,0
TUR.39.3_1,2069,6,albopictus,23.681167883031506,33.58242387764937,1.7873183927727578e-4,0.04659068265254697,0.04634252656546831,0.04684824112019398,0,0,0,1,1,1,1.7873024203307608e-5,0,0,0
TUR.39.3_1,2069,7,albopictus,26.5813367507037,31.037825791053393,2.0989092312512995e-4,0.051016291928470126,0.050692336501679904,0.051359857702243855,0,0,0,1,1,1,2.031181853079378e-5,0,0,0
TUR.39.3_1,2069,8,albopictus,28.37385654449463,28.98395713221212,2.4923224076907986e-4,0.04516128470467493,0.044790906145409835,0.04550573839950946,0,0,0,1,1,1,2.411895823994925e-5,0,0,0
TUR.39.3_1,2069,9,albopictus,22.025803397683536,51.56882707396851,1.986501312472408e-4,0.05054368651733791,0.05033600669503361,0.05075947970485766,0,0,0,1,1,1,1.9864815816617032e-5,0,0,0
TUR.39.3_1,2069,10,albopictus,13.16794618438272,56.7769226345483,1.9576141381005935e-4,4.6371577329366057e-4,4.5551331768584296e-4,4.714979273491443e-4,0,0,0,1,1,1,1.8944473500592807e-5,0,0,0
TUR.39.3_1,2069,11,albopictus,8.45824171734207,74.56771266171904,0.00011355132981940633,0,0,0,0,0,0,1,1,1,1.1355068512686195e-5,0,0,0
TUR.39.3_1,2069,12,albopictus,1.309041929376476,76.56430797593877,9.339775165762709e-5,0,0,0,0,0,0,1,1,1,9.038451248888357e-6,0,0,0
TUR.39.3_1,2070,1,albopictus,4.775403298547163,79.2275664042286,9.761896598288232e-5,0,0,0,0,0,0,1,1,1,9.446952085268023e-6,0,0,0
TUR.39.3_1,2070,2,albopictus,6.592803259544513,77.65226670369191,7.302194075838237e-5,0,0,0,0,0,0,1,1,1,7.823748761293103e-6,0,0,0
TUR.39.3_1,2070,3,albopictus,6.794788982280913,62.802655194785004,8.964052116688083e-5,0,0,0,0,0,0,1,1,1,8.674851518453153e-6,0,0,0
TUR.39.3_1,2070,4,albopictus,10.13140807432287,70.70462088733917,1.1853310200736115e-4,0,0,0,0,0,0,1,1,1,1.185323995056553e-5,0,0,0
TUR.39.3_1,2070,5,albopictus,14.959675732780905,69.08117841149712,1.6567793447214447e-4,0.004034305655047456,0.003999674759249294,0.004069394408276132,0,0,0,1,1,1,1.603321996390683e-5,0,0,0
TUR.39.3_1,2070,6,albopictus,23.74388150607838,36.68927736275679,1.8634970955482322e-4,0.04967736482009041,0.04940423243657604,0.04992950949498457,0,0,0,1,1,1,1.8634797325445263e-5,0,0,0
TUR.39.3_1,2070,7,albopictus,26.588056339937097,31.141951767615893,2.188368492190333e-4,0.05113834976852702,0.05080846445764847,0.05144942017196204,0,0,0,1,1,1,2.117753535468836e-5,0,0,0
TUR.39.3_1,2070,8,albopictus,25.395930290222168,43.62593253504415,2.598549641005166e-4,0.06459818127903721,0.06428062115275991,0.06491707516961703,3.964939487843822e-15,3.4416913763379853e-15,4.551914400963142e-15,0.999999999999996,0.9999999999999954,0.9999999999999966,2.514693840083293e-5,9.970608906383864e-20,8.654800103544922e-20,1.1446671104688445e-19
TUR.39.3_1,2070,9,albopictus,19.546915839700137,47.68425599852905,2.071169547106955e-4,0.026891769858740814,0.02676172675417297,0.027022085948350708,0,0,0,1,1,1,2.0711480985369235e-5,0,0,0
TUR.39.3_1,2070,10,albopictus,14.543299997554106,73.94571535915767,2.0410511497592052e-4,0.0030583621108916533,0.0030298085993555753,0.0030867370030515902,0,0,0,1,1,1,1.9751912829324425e-5,0,0,0
TUR.39.3_1,2070,11,albopictus,5.964612023357083,76.24662959287139,1.1839109034503543e-4,0,0,0,0,0,0,1,1,1,1.1839038952521364e-5,0,0,0
TUR.39.3_1,2070,12,albopictus,1.9193915547255207,79.46938304918096,9.737853067953722e-5,0,0,0,0,0,0,1,1,1,9.423684372289465e-6,0,0,0
TUR.39.3_1,2071,1,albopictus,3.31920865934123,85.395023984795,1.0159785436363738e-4,0,0,0,0,0,0,1,1,1,9.832002087817315e-6,0,0,0
TUR.39.3_1,2071,2,albopictus,0.7941040295888396,75.95362778767628,7.599826967867293e-5,0,0,0,0,0,0,1,1,1,8.142638599828445e-6,0,0,0
TUR.39.3_1,2071,3,albopictus,8.785631324657622,72.73227403023422,9.329421309574509e-5,0,0,0,0,0,0,1,1,1,9.028431478541599e-6,0,0,0
TUR.39.3_1,2071,4,albopictus,12.38762316984289,60.732147742807925,1.2336443757379859e-4,1.0481137012079175e-4,1.0222593252408625e-4,1.0747746012957477e-4,0,0,0,1,1,1,1.2336367663734471e-5,0,0,0
TUR.39.3_1,2071,5,albopictus,17.297120991875143,60.55808423425103,1.7243086410811612e-4,0.01428770088467726,0.014198603086576386,0.014369326546844296,0,0,0,1,1,1,1.6686718592118233e-5,0,0,0
TUR.39.3_1,2071,6,albopictus,20.309042257421154,57.18591279976851,1.9394520789512305e-4,0.03809973649180563,0.03793256094005271,0.03826545459682644,0,0,0,1,1,1,1.9394332717026508e-5,0,0,0
TUR.39.3_1,2071,7,albopictus,26.13157631369198,44.15984651248894,2.277565031804504e-4,0.0673358934932345,0.06700652318679552,0.06768137061009115,1.2947087846271189e-14,1.1213252548714081e-14,1.4988010832439613e-14,0.999999999999987,0.999999999999985,0.9999999999999888,2.2040709020676452e-5,2.853629958847998e-19,2.4714803660156567e-19,3.3034638555654817e-19
TUR.39.3_1,2071,8,albopictus,29.39255428314209,35.12328704249044,2.7044649093068584e-4,0.04808865506923777,0.047708278882450814,0.04845916900106961,0,0,0,1,1,1,2.6171898567683982e-5,0,0,0
TUR.39.3_1,2071,9,albopictus,23.887612174539004,39.79294435302124,2.155589130561698e-4,0.05341571061461249,0.053149943171301006,0.053696588222232285,0,0,0,1,1,1,2.1555658979099945e-5,0,0,0
TUR.39.3_1,2071,10,albopictus,15.826686228022856,65.87268679470455,2.124243126057415e-4,0.0070612944728441355,0.007011314754797271,0.007113849850843913,0,0,0,1,1,1,2.0556980244834655e-5,0,0,0
TUR.39.3_1,2071,11,albopictus,8.248671309474638,64.16047084042998,1.2321663760438037e-4,0,0,0,0,0,0,1,1,1,1.2321587849029036e-5,0,0,0
TUR.39.3_1,2071,12,albopictus,3.874917489421718,75.01782207505987,1.013476190667647e-4,0,0,0,0,0,0,1,1,1,9.807786006565955e-6,0,0,0
TUR.39.3_1,2072,1,albopictus,4.347641505410566,72.33749072063485,1.0662738918596046e-4,0,0,0,0,0,0,1,1,1,1.0318726360258879e-5,0,0,0
TUR.39.3_1,2072,2,albopictus,5.46585347240462,70.29640885457081,8.260910371584873e-5,0,0,0,0,0,0,1,1,1,8.54573283493032e-6,0,0,0
TUR.39.3_1,2072,3,albopictus,6.017908241161528,76.53631303169907,9.791268162960635e-5,0,0,0,0,0,0,1,1,1,9.475375911227601e-6,0,0,0
TUR.39.3_1,2072,4,albopictus,9.893642762128046,64.19907431751496,1.294715127526991e-4,0,0,0,0,0,0,1,1,1,1.2947067461244188e-5,0,0,0
TUR.39.3_1,2072,5,albopictus,18.015335026909323,53.843713506711964,1.809669403954262e-4,0.01757231454539329,0.017479292812797136,0.017669521458605342,0,0,0,1,1,1,1.7512776365191662e-5,0,0,0
TUR.39.3_1,2072,6,albopictus,23.112100881688733,30.656936359338822,2.035463375926054e-4,0.04143403090869722,0.041201556626064215,0.04165472622185532,0,0,0,1,1,1,2.0354426605084797e-5,0,0,0
TUR.39.3_1,2072,7,albopictus,27.92496658773983,26.451285568885424,2.3903143876773776e-4,0.043745088751345605,0.043397407999277264,0.04408967139166996,0,0,0,1,1,1,2.3131807175058583e-5,0,0,0
TUR.39.3_1,2072,8,albopictus,26.872153282165527,32.045953592173056,2.838347662267613e-4,0.052046312868721925,0.051689550750389765,0.05240419649655176,0,0,0,1,1,1,2.746750336379833e-5,0,0,0
TUR.39.3_1,2072,9,albopictus,22.572716544656192,37.78801194945679,2.262300149831623e-4,0.04378858716796626,0.04356876749971011,0.043995088847237476,0,0,0,1,1,1,2.2622745600164862e-5,0,0,0
TUR.39.3_1,2072,10,albopictus,15.233658159480376,60.37988894314205,2.2294023820329035e-4,0.00438841134242628,0.00435106478081137,0.004426036065197908,0,0,0,1,1,1,2.157462902596663e-5,0,0,0
TUR.39.3_1,2072,11,albopictus,9.676463858607939,76.05357539365264,1.2931639604320225e-4,0,0,0,0,0,0,1,1,1,1.2931555991024801e-5,0,0,0
TUR.39.3_1,2072,12,albopictus,4.643636447322719,79.62902812974737,1.0636476615563336e-4,0,0,0,0,0,0,1,1,1,1.029331149016155e-5,0,0,0
TUR.39.3_1,2073,1,albopictus,4.5837381259702585,84.27876727092782,1.0424588003401439e-4,0,0,0,0,0,0,1,1,1,1.008826008419561e-5,0,0,0
TUR.39.3_1,2073,2,albopictus,5.192746420555255,72.20388718709034,7.797907301624211e-5,0,0,0,0,0,0,1,1,1,8.354865778215093e-6,0,0,0
TUR.39.3_1,2073,3,albopictus,8.277073051342192,70.7357835517186,9.57258143605802e-5,0,0,0,0,0,0,1,1,1,9.263745577747784e-6,0,0,0
TUR.39.3_1,2073,4,albopictus,9.350851872388056,68.92186026722199,1.2657978301148685e-4,0,0,0,0,0,0,1,1,1,1.265789818927221e-5,0,0,0
TUR.39.3_1,2073,5,albopictus,15.45372766606948,69.51209424401665,1.7692506683890727e-4,0.005820830922790348,0.005777631291723437,0.005863552129827811,0,0,0,1,1,1,1.7121634084960036e-5,0,0,0
TUR.39.3_1,2073,6,albopictus,22.27508382236256,46.130489063196244,1.9900015607655534e-4,0.048207974103441555,0.04800075750839814,0.04842163207111811,0,0,0,1,1,1,1.9899817603641345e-5,0,0,0
TUR.39.3_1,2073,7,albopictus,27.313018574434167,34.03115007083855,2.3369270203813997e-4,0.05399193859779892,0.05363434122811411,0.0543661917809294,0,0,0,1,1,1,2.2615167051154295e-5,0,0,0
TUR.39.3_1,2073,8,albopictus,29.62576198577881,28.165859063974814,2.774953528868114e-4,0.03855774035189949,0.038168038630276784,0.03891312107586564,0,0,0,1,1,1,2.6854028413181297e-5,0,0,0
TUR.39.3_1,2073,9,albopictus,23.138733695535098,37.84077684203491,2.2117719642274837e-4,0.04734946929044057,0.04710201513436505,0.04758687626386232,0,0,0,1,1,1,2.2117475047322976e-5,0,0,0
TUR.39.3_1,2073,10,albopictus,14.852698648677153,45.79260866970455,2.1796089638810053e-4,0.0026335391468224638,0.0026062008026184985,0.0026592714375313783,0,0,0,1,1,1,2.1092767517494337e-5,0,0,0
TUR.39.3_1,2073,11,albopictus,10.69693924618118,59.88380610654326,1.26428130813933e-4,7.42264787640603e-12,4.301068557194656e-12,1.3032347918600651e-11,0,0,0,1,1,1,1.26427331613721e-5,0,0,0
TUR.39.3_1,2073,12,albopictus,5.367369395625942,82.571319389513,1.0398912265560854e-4,0,0,0,0,0,0,1,1,1,1.0063412846372799e-5,0,0,0
TUR.39.3_1,2074,1,albopictus,4.746184386422529,82.45543353069344,1.1003619283888797e-4,0,0,0,0,0,0,1,1,1,1.0648607126295673e-5,0,0,0
TUR.39.3_1,2074,2,albopictus,5.808204909019611,81.42478104695363,8.23104022241762e-5,0,0,0,0,0,0,1,1,1,8.818932779819377e-6,0,0,0
TUR.39.3_1,2074,3,albopictus,7.260187293895903,76.72520921089829,1.0104288212832472e-4,0,0,0,0,0,0,1,1,1,9.778295623874556e-6,0,0,0
TUR.39.3_1,2074,4,albopictus,12.698050835553339,57.70790152698761,1.3361062718653132e-4,2.0106802432835806e-4,1.9711755240194625e-4,2.050715087582399e-4,0,0,0,1,1,1,1.3360973460052605e-5,0,0,0
TUR.39.3_1,2074,5,albopictus,17.687884274651022,53.38532803918267,1.8675232792285775e-4,0.015306224063785819,0.015224956017182255,0.01539455907254569,0,0,0,1,1,1,1.8072642615885037e-5,0,0,0
TUR.39.3_1,2074,6,albopictus,21.875490469091076,42.62362260811812,2.1005357278257715e-4,0.04245369373789069,0.04224130885284865,0.04266047087747204,0,0,0,1,1,1,2.1005136667251456e-5,0,0,0
TUR.39.3_1,2074,7,albopictus,28.347270741182214,29.28834458988152,2.466731080222942e-4,0.045605279983252596,0.04524974108747529,0.04594902303790054,0,0,0,1,1,1,2.3871306174760853e-5,0,0,0
TUR.39.3_1,2074,8,albopictus,26.59470844268799,51.104608377329306,2.9290876677510265e-4,0.07881051294250016,0.07844617867541982,0.07918325483577318,1.133683702470023e-12,9.918621479698686e-13,1.2929407544604032e-12,0.9999999999988664,0.999999999998707,0.9999999999990081,2.8345607943625062e-5,3.2134953762292554e-17,2.8114935580475724e-17,3.664919172026938e-17
TUR.39.3_1,2074,9,albopictus,23.06516153672162,46.19156495848999,2.3346243160110559e-4,0.05435089268989384,0.05408756223465556,0.05459631492066214,0,0,0,1,1,1,2.3345970638688485e-5,0,0,0
TUR.39.3_1,2074,10,albopictus,15.162985170588774,46.91280596584713,2.3006748294006736e-4,0.003422317681939001,0.003388984624532431,0.0034548658419654072,0,0,0,1,1,1,2.2264347268929896e-5,0,0,0
TUR.39.3_1,2074,11,albopictus,8.883791224483183,57.894945022558886,1.3345055150345363e-4,0,0,0,0,0,0,1,1,1,1.3344966105499623e-5,0,0,0
TUR.39.3_1,2074,12,albopictus,6.690018874538295,79.40083293931768,1.0976517393249231e-4,0,0,0,0,0,0,1,1,1,1.0622379769120727e-5,0,0,0
TUR.39.3_1,2075,1,albopictus,1.2023213879369639,78.6732451151661,1.0623214436674325e-4,0,0,0,0,0,0,1,1,1,1.0280477255486531e-5,0,0,0
TUR.39.3_1,2075,2,albopictus,5.696578760795734,77.1918403731255,7.946485884663544e-5,0,0,0,0,0,0,1,1,1,8.514055774511142e-6,0,0,0
TUR.39.3_1,2075,3,albopictus,8.12316670597476,70.86984727242172,9.754974035865134e-5,0,0,0,0,0,0,1,1,1,9.44025289462136e-6,0,0,0
TUR.39.3_1,2075,4,albopictus,7.7739966897403505,73.22680716663605,1.2899158967625134e-4,0,0,0,0,0,0,1,1,1,1.2899075773842306e-5,0,0,0
TUR.39.3_1,2075,5,albopictus,14.45595926396987,71.59741376305962,1.8029613483423835e-4,0.002733778243665924,0.0027077390147859323,0.0027579157628388256,0,0,0,1,1,1,1.74478608327977e-5,0,0,0
TUR.39.3_1,2075,6,albopictus,21.263878149144787,53.82221956246382,2.027918350579536e-4,0.04517141161641364,0.04498157750543205,0.04537150991749587,0,0,0,1,1,1,2.027897788459132e-5,0,0,0
TUR.39.3_1,2075,7,albopictus,27.414273991304285,27.15455552738152,2.3814540058820195e-4,0.04573919051439732,0.045399636204280024,0.046088940163409683,0,0,0,1,1,1,2.3046063524545524e-5,0,0,0
TUR.39.3_1,2075,8,albopictus,26.8883695602417,45.627618631235556,2.8278265173984274e-4,0.07039483140118685,0.07002554387695857,0.0707594134797762,4.587530355593117e-14,3.941291737419306e-14,5.296041383218153e-14,0.9999999999999541,0.999999999999947,0.9999999999999606,2.7365688624270135e-5,1.2554092726554849e-18,1.0785616246362537e-18,1.4492981943439687e-18
TUR.39.3_1,2075,9,albopictus,21.552420447854434,45.1643089465271,2.2539142893077772e-4,0.041695313771921254,0.04150734321951982,0.04187158736212818,0,0,0,1,1,1,2.2538888888479214e-5,0,0,0
TUR.39.3_1,2075,10,albopictus,16.48506959746866,55.33449404568111,2.2211384664650916e-4,0.008927697015475774,0.0088686165410471,0.008988106904703978,0,0,0,1,1,1,2.149465737166789e-5,0,0,0
TUR.39.3_1,2075,11,albopictus,10.179955260280302,76.76152217099639,1.288370479510645e-4,0,0,0,0,0,0,1,1,1,1.2883621800519052e-5,0,0,0
TUR.39.3_1,2075,12,albopictus,4.920666676891201,77.34307842271612,1.0597049482355616e-4,0,0,0,0,0,0,1,1,1,1.0255156592031689e-5,0,0,0
TUR.40.25_1,2025,1,albopictus,6.359505534172058,77.44409807174303,0.23623751523156247,0,0,0,0,0,0,1,1,1,0.02260234661370475,0,0,0
TUR.40.25_1,2025,2,albopictus,5.459589162293603,78.3570866531474,0.17671281055334603,0,0,0,0,0,0,1,1,1,0.018755402287335188,0,0,0
TUR.40.25_1,2025,3,albopictus,6.3711202986100135,78.30648913869209,0.21692971003441627,0,0,0,0,0,0,1,1,1,0.020774374511048577,0,0,0
TUR.40.25_1,2025,4,albopictus,12.855841917150162,72.059558976809,0.2868496424743787,3.601355819502213e-4,3.538569538340599e-4,3.6629933923683654e-4,0,0,0,1,1,1,0.028277456406058055,0,0,0
TUR.40.25_1,2025,5,albopictus,16.39119036057416,77.93172598417242,0.4009399523373379,0.011518177717668703,0.011455669915115863,0.011585222009973153,0,0,0,1,1,1,0.038057537646770334,0,0,0
TUR.40.25_1,2025,6,albopictus,22.480251536649817,69.05631284621802,0.45096556705050833,0.07273428127180251,0.0724994120415004,0.07297805869700924,1.1608025651810294e-13,1.0580147868921585e-13,1.2756462552943049e-13,0.9999999999998839,0.9999999999998724,0.9999999999998942,0.0440948216774496,5.118538211438356e-15,4.665297336011458e-15,5.6249394150708724e-15
TUR.40.25_1,2025,7,albopictus,23.68981080896714,67.66090066701727,0.5295843177613023,0.08570655561577416,0.08541997646491374,0.0859945759859805,1.2162329809939366e-11,1.1051762283109668e-11,1.3356291073129966e-11,0.9999999999878376,0.9999999999866438,0.9999999999889483,0.04995895994924804,6.076173478643063e-13,5.52134549270486e-13,6.672664107929991e-13
TUR.40.25_1,2025,8,albopictus,25.663083413067987,70.70754462325243,0.6288479950756428,0.111262839086972,0.11089023313866186,0.11162117056777565,1.8273690583048286e-8,1.6631485708074047e-8,1.9957171695783594e-8,0.9999999817263094,0.9999999800428283,0.9999999833685144,0.0590415143021521,1.0789063639121475e-9,9.81948101299292e-10,1.178301638107112e-9
TUR.40.25_1,2025,9,albopictus,22.524923156289493,73.18037332586145,0.5012222189667789,0.07832172894342403,0.07806664008833815,0.07856698625898256,9.491323282873054e-13,8.644113203004622e-13,1.0360712288104422e-12,0.9999999999990509,0.9999999999989639,0.9999999999991356,0.04888682945918987,4.640007026718532e-14,4.2258328798121854e-14,5.065023747042939e-14
TUR.40.25_1,2025,10,albopictus,19.315660196192127,78.02623125321931,0.4939335786082679,0.03874016328097203,0.03859979909355809,0.03888375198103387,0,0,0,1,1,1,0.04667558972951236,0,0,0
TUR.40.25_1,2025,11,albopictus,13.11666927618139,76.27873325093007,0.2865059748079172,6.025034393256943e-4,5.939918098566323e-4,6.11080690871553e-4,0,0,0,1,1,1,0.028244060870312504,0,0,0
TUR.40.25_1,2025,12,albopictus,7.415217175203212,78.10027232581686,0.23565566273943356,0,0,0,0,0,0,1,1,1,0.022547309458347264,0,0,0
TUR.40.25_1,2026,1,albopictus,7.5641173124313354,84.64732988326647,0.22382626300400124,0,0,0,0,0,0,1,1,1,0.02142769983025139,0,0,0
TUR.40.25_1,2026,2,albopictus,5.135301270905663,72.96501206818647,0.16742881829043638,0,0,0,0,0,0,1,1,1,0.017778859472017405,0,0,0
TUR.40.25_1,2026,3,albopictus,9.37962611983804,78.60300555714912,0.20553283539217423,0,0,0,0,0,0,1,1,1,0.01969376789776156,0,0,0
TUR.40.25_1,2026,4,albopictus,12.42329148685231,74.58320247046134,0.27177937194327545,1.536670107753969e-4,1.5040496929248667e-4,1.5694237982174112e-4,0,0,0,1,1,1,0.026811940235851983,0,0,0
TUR.40.25_1,2026,5,albopictus,17.072754691628848,74.78769064481695,0.3798756989663718,0.015608024449130394,0.015525839679626627,0.01568664258472029,0,0,0,1,1,1,0.03609464091690595,0,0,0
TUR.40.25_1,2026,6,albopictus,21.945726619047278,65.88474302199927,0.42727310908877114,0.06265693768409611,0.06243747707839203,0.06286866026736844,1.6567858196481211e-15,1.4432899320127035e-15,1.7763568394002505e-15,0.9999999999999983,0.9999999999999982,0.9999999999999986,0.04182736232856865,6.929898077925656e-17,6.036901093147056e-17,7.430032114642531e-17
TUR.40.25_1,2026,7,albopictus,24.628830965827493,65.02182824880438,0.5017614525527273,0.09137227580194386,0.09105484072760861,0.09168940054160288,7.399100709903905e-11,6.700325017039432e-11,8.147528762769696e-11,0.999999999926009,0.9999999999185246,0.9999999999329967,0.047397494000533835,3.50698831507016e-12,3.1757861479675328e-12,3.861724456525535e-12
TUR.40.25_1,2026,8,albopictus,24.765817025128534,68.57853537642626,0.5958100964504831,0.09882799436118932,0.09850091343145269,0.09912065365677854,6.700931327596749e-10,6.099999033670755e-10,7.272152630077855e-10,0.9999999993299069,0.9999999992727847,0.9999999993900002,0.05602825232226594,3.754414712167671e-11,3.417722850240835e-11,4.074460024840319e-11
TUR.40.25_1,2026,9,albopictus,23.4714334712309,73.9374152570138,0.47488941837176357,0.09243705290571427,0.0921515687314274,0.09272124411553666,1.0249279014384882e-10,9.386269261835167e-11,1.1163801272306983e-10,0.9999999998975072,0.999999999888362,0.9999999999061373,0.04637898162918608,4.753511231205589e-12,4.353256096612471e-12,5.177657341202097e-12
TUR.40.25_1,2026,10,albopictus,16.193240838892322,74.11956926591462,0.46798370260419575,0.00981294828584564,0.009756012907518161,0.009868978236002472,0,0,0,1,1,1,0.04427851820612427,0,0,0
TUR.40.25_1,2026,11,albopictus,12.99070892614477,76.13852023823476,0.2714537596059462,4.905251972761078e-4,4.827650769315063e-4,4.980091682163397e-4,0,0,0,1,1,1,0.026780251516062892,0,0,0
TUR.40.25_1,2026,12,albopictus,7.194281353670009,76.81796183997702,0.2232749793994259,0,0,0,0,0,0,1,1,1,0.021375491579707195,0,0,0
TUR.40.25_1,2027,1,albopictus,6.941557288169861,79.91762407271959,0.2212775453672795,0,0,0,0,0,0,1,1,1,0.021186305111758563,0,0,0
TUR.40.25_1,2027,2,albopictus,5.519187131348779,78.4260563797099,0.1655223003673601,0,0,0,0,0,0,1,1,1,0.017578200884668216,0,0,0
TUR.40.25_1,2027,3,albopictus,6.976121748194974,74.38035693654365,0.20319242566786902,0,0,0,0,0,0,1,1,1,0.019471711954579862,0,0,0
TUR.40.25_1,2027,4,albopictus,11.655192655675553,75.02914821020744,0.2686846105454291,1.1540624144059462e-5,1.1109944297746872e-5,1.1969499464209498e-5,0,0,0,1,1,1,0.026510715143246433,0,0,0
TUR.40.25_1,2027,5,albopictus,18.208473990945254,76.54192495878179,0.3755500408388433,0.02586028664641651,0.025756705911410206,0.025963583813452203,0,0,0,1,1,1,0.03569105402536621,0,0,0
TUR.40.25_1,2027,6,albopictus,22.90515922097599,67.56655149367896,0.4224077349623577,0.07624479894866819,0.07599654680287592,0.07650502535713198,4.4287118416974636e-13,4.0322745142873376e-13,4.872935388533505e-13,0.9999999999995571,0.9999999999995127,0.9999999999995968,0.04136106206550905,1.8317622535470367e-14,1.667791564506089e-14,2.0154978304634975e-14
TUR.40.25_1,2027,7,albopictus,25.697796877692728,63.74545343190986,0.4960478770036175,0.09761864070844216,0.0972565546573462,0.0979961928712335,4.7463784436097e-10,4.2707270220265767e-10,5.281817677671441e-10,0.9999999995253621,0.9999999994718183,0.9999999995729273,0.04687062902740402,2.224657432540975e-11,2.0017166192671763e-11,2.4756211696052272e-11
TUR.40.25_1,2027,8,albopictus,26.451709130231073,69.84857779585985,0.58902558564027,0.11496116795853482,0.11453761017998955,0.11535834188460131,4.5210630899017445e-8,4.0772805251498844e-08,4.967129479394039e-8,0.9999999547893691,0.9999999503287051,0.9999999592271948,0.055408269473554705,2.5050428199221776e-9,2.259150580567814e-9,2.752200487043024e-9
TUR.40.25_1,2027,9,albopictus,20.663459609536563,71.70280374578333,0.46948183563391915,0.05166622004222016,0.05147424464159693,0.05183482785495119,0,0,0,1,1,1,0.04586316371961574,0,0,0
TUR.40.25_1,2027,10,albopictus,16.290445047266346,79.20881792314118,0.4626547554980005,0.011080780557264485,0.011019187365245191,0.011140900322551429,0,0,0,1,1,1,0.04378552117166712,0,0,0
TUR.40.25_1,2027,11,albopictus,14.845346072140863,76.8581094716332,0.2683627059673938,0.004105743031949969,0.004075463481919115,0.004138181338277527,0,0,0,1,1,1,0.02647937757311747,0,0,0
TUR.40.25_1,2027,12,albopictus,8.81143166037167,72.68517985755514,0.2207325392487639,0,0,0,0,0,0,1,1,1,0.021134678641999027,0,0,0
TUR.40.25_1,2028,1,albopictus,5.7509483098983765,77.85587175338365,0.21902018781221394,0,0,0,0,0,0,1,1,1,0.02097245602976272,0,0,0
TUR.40.25_1,2028,2,albopictus,9.30992905181997,76.20727586213178,0.16968493319562733,0,0,0,0,0,0,1,1,1,0.017400446622323207,0,0,0
TUR.40.25_1,2028,3,albopictus,10.087360227809231,77.43194690236396,0.201119563026284,0,0,0,0,0,0,1,1,1,0.019274998632288987,0,0,0
TUR.40.25_1,2028,4,albopictus,12.011288923375748,76.65289698950431,0.26594363095557566,5.037523023052311e-5,4.909078517908108e-5,5.173671627071214e-5,0,0,0,1,1,1,0.026243847144857058,0,0,0
TUR.40.25_1,2028,5,albopictus,17.218857596902286,73.9299407058521,0.37171887613306337,0.01651268837281143,0.016432302521030225,0.01659535860303897,0,0,0,1,1,1,0.03533346260413006,0,0,0
TUR.40.25_1,2028,6,albopictus,22.280805812162512,67.04897336867896,0.4180985526173857,0.06796217751062919,0.06772577895645807,0.0681997114254063,1.6829315718780436e-14,1.5210055437364645e-14,1.8540724511240114e-14,0.9999999999999831,0.9999999999999815,0.9999999999999848,0.040947878048984254,6.891247677004751e-16,6.228194951674973e-16,7.592033262260734e-16
TUR.40.25_1,2028,7,albopictus,25.530835207770853,62.47117669851142,0.4909874565214138,0.09417819701474313,0.0938267903028713,0.09454098518973628,1.7332349133702963e-10,1.558095624742961e-10,1.928268045237047e-10,0.9999999998266765,0.9999999998071732,0.9999999998441904,0.04640375000191366,8.04285996146237e-12,7.230147984964785e-12,8.947886830785866e-12
TUR.40.25_1,2028,8,albopictus,24.835105278912714,67.65659171187548,0.5830166553004789,0.09785300310463507,0.0975119769941746,0.09818438928407275,5.075841049695385e-10,4.5967845641037283e-10,5.573723038665434e-10,0.9999999994924159,0.9999999994426277,0.9999999995403216,0.0548588207753844,2.784546544295781e-11,2.521741805452199e-11,3.05767873229778e-11
TUR.40.25_1,2028,9,albopictus,23.19130308487836,67.39512552312708,0.4646924279835622,0.07947533636618814,0.07920584652784568,0.07974723151708465,1.4369962997307084e-12,1.30350175098215e-12,1.5810852627140548e-12,0.999999999998563,0.9999999999984189,0.9999999999986966,0.04540607924384199,6.524836785868027e-14,5.91869037995823e-14,7.17908827300651e-14
TUR.40.25_1,2028,10,albopictus,15.758989053614,72.67857500321931,0.45793499414138866,0.007423040157044287,0.007374786753440426,0.007473370196813621,0,0,0,1,1,1,0.04334866939888782,0,0,0
TUR.40.25_1,2028,11,albopictus,10.684316256467035,78.22518253071523,0.2656250102793481,1.7564149115914615e-11,1.1046463301063243e-11,2.900866787758835e-11,0,0,0,1,1,1,0.02621282076618703,0,0,0
TUR.40.25_1,2028,12,albopictus,8.340733303743251,77.50300517493795,0.21848074156050337,0,0,0,0,0,0,1,1,1,0.020921345075769038,0,0,0
TUR.40.25_1,2029,1,albopictus,5.930274844169617,78.30652482955553,0.21914814061387863,0,0,0,0,0,0,1,1,1,0.02098457879185167,0,0,0
TUR.40.25_1,2029,2,albopictus,8.262162366334131,74.00128220978803,0.1639294411705036,0,0,0,0,0,0,1,1,1,0.01741052304848545,0,0,0
TUR.40.25_1,2029,3,albopictus,9.101772154078763,77.95080676564521,0.20123705818422288,0,0,0,0,0,0,1,1,1,0.019286149901690863,0,0,0
TUR.40.25_1,2029,4,albopictus,14.345966619603775,71.38991938940666,0.26609899669151793,0.0024614892320833463,0.002437532219545283,0.0024846997132033635,0,0,0,1,1,1,0.026258975861464195,0,0,0
TUR.40.25_1,2029,5,albopictus,17.725691627053653,67.48301840360601,0.3719360363506122,0.018892467447400346,0.018798081514774932,0.018991186917814262,0,0,0,1,1,1,0.035353735345475035,0,0,0
TUR.40.25_1,2029,6,albopictus,22.391538844389075,66.08063535598365,0.41834280809773083,0.06825765878088888,0.06802099481532266,0.0684940090111817,1.9043988608302696e-14,1.7208456881689926e-14,2.098321516541546e-14,0.9999999999999809,0.999999999999979,0.9999999999999828,0.04097130313657005,7.802570302001566e-16,7.050529034123129e-16,8.597096693221106e-16
TUR.40.25_1,2029,7,albopictus,25.54637056238511,63.02897699148017,0.4912742941014181,0.0952954961389124,0.0949412784220552,0.09565236074373148,2.414135429340547e-10,2.1713482956098318e-10,2.6776744710410583e-10,0.9999999997585864,0.9999999997322326,0.9999999997828652,0.04643022001265584,1.1208883912462897e-11,1.0081617908926978e-11,1.243250148127082e-11
TUR.40.25_1,2029,8,albopictus,25.185990670148065,65.085855780479,0.5833572568459712,0.09634749693438144,0.09601723717039744,0.0967134564780727,3.2854707976426313e-10,2.979809149428192e-10,3.649758661961044e-10,0.9999999996714529,0.9999999996350242,0.9999999997020191,0.054889973476125786,1.8033940493918986e-11,1.6356164517603038e-11,2.0033515614930207e-11
TUR.40.25_1,2029,9,albopictus,22.213605712441836,72.81843484929895,0.46496390386287173,0.07356360547066372,0.07331904874729027,0.07378616340448707,1.6019707782533031e-13,1.4555023852835802e-13,1.7441881272617367e-13,0.9999999999998398,0.9999999999998256,0.9999999999998544,0.045431993814483373,7.278072648858719e-15,6.6126375365169414e-15,7.924194420905057e-15
TUR.40.25_1,2029,10,albopictus,16.74016924465404,71.0277189851529,0.45820252229057884,0.012619881849513695,0.012546146732808235,0.012688191976007538,0,0,0,1,1,1,0.04337343660987991,0,0,0
TUR.40.25_1,2029,11,albopictus,10.046231844845941,75.39951419575429,0.265780189875334,0,0,0,0,0,0,1,1,1,0.02622793183904526,0,0,0
TUR.40.25_1,2029,12,albopictus,8.815685047822841,78.16270366126608,0.21860837921469267,0,0,0,0,0,0,1,1,1,0.02093343861102559,0,0,0
TUR.40.25_1,2030,1,albopictus,6.725172400474548,81.13165910689928,0.21577125638161918,0,0,0,0,0,0,1,1,1,0.020664588921468163,0,0,0
TUR.40.25_1,2030,2,albopictus,4.597134747925927,83.1485905593974,0.16140342957149523,0,0,0,0,0,0,1,1,1,0.017144555014214635,0,0,0
TUR.40.25_1,2030,3,albopictus,7.50371345351724,77.67488208302802,0.19813616831664282,0,0,0,0,0,0,1,1,1,0.018991807129413285,0,0,0
TUR.40.25_1,2030,4,albopictus,13.195245069615982,76.87083064428947,0.26199864017637464,6.863254533075538e-4,6.76529473966079e-4,6.963506956341409e-4,0,0,0,1,1,1,0.02585962545786913,0,0,0
TUR.40.25_1,2030,5,albopictus,18.79577905991498,74.81510305936773,0.36620482214526595,0.031239897821268015,0.031108382482209262,0.03136314690625397,0,0,0,1,1,1,0.03481856168442965,0,0,0
TUR.40.25_1,2030,6,albopictus,22.527361140531653,69.12496213821021,0.4118965054807562,0.07341460007057234,0.07313726494097639,0.07366663239510694,1.5125356522815992e-13,1.3566925360919413e-13,1.6653345369377348e-13,0.9999999999998488,0.9999999999998335,0.9999999999998643,0.04035288491260003,6.1035177102723785e-15,5.474645777070157e-15,6.720105291002647e-15
TUR.40.25_1,2030,7,albopictus,22.988547381232767,73.68127496511298,0.4837041800551919,0.08543051166794066,0.08515308661374699,0.08569294521982197,1.110146941041279e-11,1.011647987603226e-11,1.2094281132135621e-11,0.9999999999888985,0.9999999999879057,0.9999999999898835,0.045731386775279104,5.07685591381517e-13,4.626406540151588e-13,5.530882482226544e-13
TUR.40.25_1,2030,8,albopictus,24.085580208722284,77.7733328922954,0.5743682235970504,0.10742339276308971,0.10707622243397222,0.10773743833809259,6.884402176665638e-9,6.2852883203623476e-9,7.46033561316306e-9,0.9999999931155978,0.9999999925396644,0.9999999937147117,0.054067458470606566,3.7222212878182286e-10,3.3982956523697973e-10,4.0336138594148095e-10
TUR.40.25_1,2030,9,albopictus,22.033019851235782,65.87811197332239,0.4577992102856135,0.0637079139761284,0.06346712391733117,0.06392984821010296,2.6655344598225384e-15,2.4424906541753444e-15,2.886579864025407e-15,0.9999999999999973,0.9999999999999971,0.9999999999999976,0.04474783002625782,1.192768829372719e-16,1.0929615663376158e-16,1.2916818511262732e-16
TUR.40.25_1,2030,10,albopictus,15.73294039333568,82.5035490632779,0.45114201578401997,0.008318271647425953,0.008266241135648106,0.008369680803247164,0,0,0,1,1,1,0.04271957440554419,0,0,0
TUR.40.25_1,2030,11,albopictus,9.802878001156976,76.93807315571523,0.2616847458988401,0,0,0,0,0,0,1,1,1,0.025829047269047334,0,0,0
TUR.40.25_1,2030,12,albopictus,9.35267521353329,81.19121470862936,0.2152398122410373,0,0,0,0,0,0,1,1,1,0.020614220329550625,0,0,0
TUR.40.25_1,2031,1,albopictus,8.921178698539734,83.39028032271959,0.24461968285553598,0,0,0,0,0,0,1,1,1,0.023394868129138047,0,0,0
TUR.40.25_1,2031,2,albopictus,6.435558953705956,75.42250108185834,0.18298292560221835,0,0,0,0,0,0,1,1,1,0.019414379111318603,0,0,0
TUR.40.25_1,2031,3,albopictus,9.097764814601224,74.62750354298896,0.22462679908628042,0,0,0,0,0,0,1,1,1,0.02150350809715973,0,0,0
TUR.40.25_1,2031,4,albopictus,14.201212209813736,67.27245723120353,0.2970276270495224,0.002012348182523794,0.0019907406175339593,0.0020337140333714274,0,0,0,1,1,1,0.029265970972424782,0,0,0
TUR.40.25_1,2031,5,albopictus,18.00807268479291,65.90838766630132,0.4151660835440824,0.02072189683507405,0.020618711344522114,0.02081895338390345,0,0,0,1,1,1,0.039380954160414205,0,0,0
TUR.40.25_1,2031,6,albopictus,22.735443339628333,64.97143583205786,0.4669667046003694,0.07107411988753885,0.07082080679223925,0.07130256500912802,6.019906795273755e-14,5.4289905904170155e-14,6.583622536027178e-14,0.9999999999999398,0.9999999999999342,0.9999999999999457,0.04562315562157193,2.746471445481329e-15,2.4768768257464517e-15,3.00365635514856e-15
TUR.40.25_1,2031,7,albopictus,23.32468324549058,76.32331140310126,0.5483750018664567,0.09409163468512646,0.09380092123080555,0.09436494560580617,1.6881081832398336e-10,1.546062139423654e-10,1.829861429047952e-10,0.9999999998311891,0.9999999998170138,0.9999999998453939,0.05168499538108984,8.724986365353076e-12,7.990821453498942e-12,9.457637950837786e-12
TUR.40.25_1,2031,8,albopictus,24.568137505475214,70.631998358604,0.6511607479826351,0.10045366909758506,0.10012702103079499,0.10078364583737293,1.058237166007281e-9,9.650186649778903e-10,1.1587647175126391e-9,0.9999999989417628,0.9999999988412354,0.9999999990349814,0.061071132642663395,6.462774233262685e-11,5.893478289151067e-11,7.076707376485277e-11
TUR.40.25_1,2031,9,albopictus,21.128347228555118,74.51394571355677,0.519006560510167,0.0601847461806922,0.05999266899082522,0.06037124587131195,5.38902256153051e-16,4.440892098500626e-16,5.551115123125783e-16,0.9999999999999994,0.9999999999999994,0.9999999999999996,0.050576818393871514,2.7255961541500487e-17,2.2460619317264514e-17,2.807577414658064e-17
TUR.40.25_1,2031,10,albopictus,17.564275461084705,77.57846208818025,0.5114593049813433,0.020200820159443664,0.020105320283684447,0.02029249669281958,0,0,0,1,1,1,0.048291093824625264,0,0,0
TUR.40.25_1,2031,11,albopictus,12.681141474667719,77.21729373676992,0.2966717653842186,2.8428980969628974e-4,2.792383226824347e-4,2.895342848644116e-4,0,0,0,1,1,1,0.029231425654947074,0,0,0
TUR.40.25_1,2031,12,albopictus,10.065898670869716,76.8549949210317,0.24401718510257003,0,0,0,0,0,0,1,1,1,0.023337924301565338,0,0,0
TUR.40.25_1,2032,1,albopictus,6.206323981285095,79.28475053756334,0.23590752467322912,0,0,0,0,0,0,1,1,1,0.022571133341378613,0,0,0
TUR.40.25_1,2032,2,albopictus,8.888317265931299,78.06112718049116,0.18276832361610443,0,0,0,0,0,0,1,1,1,0.018729450520693858,0,0,0
TUR.40.25_1,2032,3,albopictus,8.030435407862942,74.98679461964912,0.21662668976236854,0,0,0,0,0,0,1,1,1,0.020745658746583406,0,0,0
TUR.40.25_1,2032,4,albopictus,12.685720724218033,72.85361110083244,0.2864489538979472,2.638881831845188e-4,2.5913626091061915e-4,2.688551903912738e-4,0,0,0,1,1,1,0.02823851981372294,0,0,0
TUR.40.25_1,2032,5,albopictus,17.70368273117963,77.48337698514898,0.4003798956562461,0.02139996651795837,0.021295259821371804,0.021497625527265557,0,0,0,1,1,1,0.03800539988198448,0,0,0
TUR.40.25_1,2032,6,albopictus,21.468000636381262,73.76921873000708,0.4503356316267707,0.06420308028226751,0.06399439544329935,0.06442896570041068,3.322564445795706e-15,2.9976021664879227e-15,3.6637359812630166e-15,0.9999999999999967,0.9999999999999963,0.999999999999997,0.044034603927448956,1.4630780939403786e-16,1.319982241333586e-16,1.6133116282966047e-16
TUR.40.25_1,2032,7,albopictus,24.20185953028062,65.79636056691962,0.5288445630084158,0.0884481585426915,0.08815160196135265,0.08874441299624522,2.958375167061433e-11,2.6878541059538463e-11,3.247219992896788e-11,0.9999999999704162,0.9999999999675278,0.9999999999731215,0.049890944865529696,1.4759613235141417e-12,1.3409958100673097e-12,1.6200687363185939e-12
TUR.40.25_1,2032,8,albopictus,23.88794455808752,69.59015875899462,0.627969582936917,0.0909390590893519,0.09060757414064845,0.09122387997287792,6.471423474874172e-11,5.832541671857428e-11,7.059618167826187e-11,0.9999999999352858,0.9999999999294039,0.9999999999416745,0.058961522254890486,3.815649792346142e-12,3.438955355877979e-12,4.1624583371331295e-12
TUR.40.25_1,2032,9,albopictus,19.273315261392032,69.70359720281458,0.5005220820739411,0.034045271070129605,0.03390570413218556,0.03418427895647981,0,0,0,1,1,1,0.04882023618600073,0,0,0
TUR.40.25_1,2032,10,albopictus,17.436732965357166,75.40698381669587,0.4932436229201344,0.018573579036917493,0.018482844191322734,0.018665003949147527,0,0,0,1,1,1,0.04661193422380283,0,0,0
TUR.40.25_1,2032,11,albopictus,11.80390415472143,76.83931827290273,0.2861057662868444,2.3565798580728603e-5,2.2797646842591915e-5,2.4323581591495145e-5,0,0,0,1,1,1,0.028205169591362433,0,0,0
TUR.40.25_1,2032,12,albopictus,8.260136379915126,78.2937156241567,0.2353264849471359,0,0,0,0,0,0,1,1,1,0.02251617131218142,0,0,0
TUR.40.25_1,2033,1,albopictus,7.160541415214539,78.89930589645006,0.2316815367641591,0,0,0,0,0,0,1,1,1,0.022171315858138252,0,0,0
TUR.40.25_1,2033,2,albopictus,8.419631162110498,77.1052555984599,0.17330480078399924,0,0,0,0,0,0,1,1,1,0.018397041381617907,0,0,0
TUR.40.25_1,2033,3,albopictus,8.458269918666165,77.2540523100788,0.212746093867915,0,0,0,0,0,0,1,1,1,0.020377839003533404,0,0,0
TUR.40.25_1,2033,4,albopictus,13.42954377567067,74.90483485571525,0.28131757957059056,9.267149316243432e-4,9.149115643906019e-4,9.391837108860888e-4,0,0,0,1,1,1,0.027739744663393018,0,0,0
TUR.40.25_1,2033,5,albopictus,17.596243690041934,71.76018667753179,0.3932075911677746,0.018956450900481876,0.018860481543742775,0.019045093472316768,0,0,0,1,1,1,0.037337453436611434,0,0,0
TUR.40.25_1,2033,6,albopictus,22.664655909818762,63.762398051296145,0.44226843268127597,0.06887294856413456,0.06863319806611881,0.06912628457793653,2.459066283932998e-14,2.220446049250313e-14,2.731148640577885e-14,0.9999999999999755,0.9999999999999727,0.9999999999999778,0.04326309647057047,1.0638682186932054e-15,9.606337163641337e-16,1.1815794711278844e-15
TUR.40.25_1,2033,7,albopictus,26.751933153937845,61.83673150808173,0.5193709748634565,0.0989433446732182,0.09852572250244836,0.09933606285710674,6.927390121536093e-10,6.143209191344923e-10,7.72814753857709e-10,0.999999999307261,0.9999999992271852,0.9999999993856791,0.04901948655885846,3.3957710695060735e-11,3.0113696038338814e-11,3.7882982439215475e-11
TUR.40.25_1,2033,8,albopictus,26.685941079083612,62.68367606246141,0.6167202941809474,0.10046796362330153,0.10006796950231159,0.10082536165527721,1.062911779481368e-9,9.492101882280225e-10,1.1722618681320185e-9,0.9999999989370882,0.999999998827738,0.9999999990507898,0.05793651149602852,6.158140053118641e-11,5.499392698242021e-11,6.791676319938656e-11
TUR.40.25_1,2033,9,albopictus,21.33504087784711,65.04389108709192,0.49155585571046695,0.05459519204373658,0.054389446678886934,0.05479162270067991,0,0,0,1,1,1,0.04796700442223445,0,0,0
TUR.40.25_1,2033,10,albopictus,14.690373140222887,70.23298021562165,0.48440778103855947,0.003294612442375352,0.0032658877966062778,0.0033232533512038685,0,0,0,1,1,1,0.04579636111170482,0,0,0
TUR.40.25_1,2033,11,albopictus,12.623021700802973,79.55091190083242,0.28098053973581266,2.638915171849503e-4,2.592780377646679e-4,2.686759556409115e-4,0,0,0,1,1,1,0.02770697506758124,0,0,0
TUR.40.25_1,2033,12,albopictus,9.933347477632411,80.34987559730124,0.2311109056372005,0,0,0,0,0,0,1,1,1,0.02211731635258063,0,0,0
TUR.40.25_1,2034,1,albopictus,8.647093653678894,79.12184770553209,0.2354093208845625,0,0,0,0,0,0,1,1,1,0.022524007163606252,0,0,0
TUR.40.25_1,2034,2,albopictus,7.480879941407372,75.87973832551069,0.17609329611848032,0,0,0,0,0,0,1,1,1,0.018690268497922213,0,0,0
TUR.40.25_1,2034,3,albopictus,9.69411643813638,77.25767627248115,0.2161692044078195,0,0,0,0,0,0,1,1,1,0.020702303478522532,0,0,0
TUR.40.25_1,2034,4,albopictus,10.57977227603688,76.4833642136254,0.28584401366007556,2.2161036197866683e-14,5.453547535033595e-15,7.803734985430164e-14,0,0,0,1,1,1,0.028179732273495572,0,0,0
TUR.40.25_1,2034,5,albopictus,18.30009729721967,78.26302481229742,0.3995343491600155,0.027391392768583725,0.027268235387824413,0.027508932996765087,0,0,0,1,1,1,0.03792667945192374,0,0,0
TUR.40.25_1,2034,6,albopictus,24.06550620583927,72.13594846633521,0.4493845855837977,0.09721240909317576,0.09690998727101861,0.09752440821215423,4.2208089534589985e-10,3.8637082144798996e-10,4.61324917155892e-10,0.9999999995779191,0.9999999995386751,0.9999999996136292,0.04394368289329753,1.8547789020399327e-11,1.6978556856933352e-11,2.027231587027527e-11
TUR.40.25_1,2034,7,albopictus,24.93941026575425,75.09216363698798,0.5277277170524782,0.11317172732487683,0.1128087990194342,0.11350561080458778,2.927986504008828e-8,2.6762032895311094e-8,3.173881232276798e-8,0.9999999707201349,0.9999999682611876,0.9999999732379671,0.049788249755639113,1.4577932334273216e-9,1.3324347777603784e-9,1.5802199148733287e-9
TUR.40.25_1,2034,8,albopictus,24.57846389097326,69.2406294926372,0.626643398764454,0.09809205458052113,0.09777264790421797,0.09843629168823834,5.434643390866967e-10,4.954172683202529e-10,5.988813334134591e-10,0.9999999994565356,0.9999999994011186,0.9999999995045827,0.0588407412463019,3.1977844552792795e-11,2.915071929418172e-11,3.52386215766216e-11
TUR.40.25_1,2034,9,albopictus,21.471011947183047,71.09980691961145,0.4994650492474301,0.0616848454973494,0.06147930526508649,0.06189077464626542,1.059929921609637e-15,9.992007221626409e-16,1.112998582186717e-15,0.9999999999999989,0.9999999999999989,0.999999999999999,0.04871968804853377,5.163945513412837e-17,4.868074748163353e-17,5.422494372259722e-17
TUR.40.25_1,2034,10,albopictus,17.112899499780994,75.89708086259431,0.4922019611841858,0.016140240017999512,0.01606035504565795,0.016217787627764643,0,0,0,1,1,1,0.046515822166553145,0,0,0
TUR.40.25_1,2034,11,albopictus,10.657859423581293,82.63316440327382,0.28550155081334094,6.912511153050638e-12,4.141938756942528e-12,1.2141202555807348e-11,0,0,0,1,1,1,0.028146450470069806,0,0,0
TUR.40.25_1,2034,12,albopictus,10.9170301100787,79.66570201331686,0.2348295082333297,1.4722933307525609e-8,1.2885384899459128e-8,1.6935101961899772e-8,0,0,0,1,1,1,0.02246915856543885,0,0,0
TUR.40.25_1,2035,1,albopictus,8.735970377922058,77.17565019576647,0.20859381009219777,0,0,0,0,0,0,1,1,1,0.01998411449592341,0,0,0
TUR.40.25_1,2035,2,albopictus,5.248288312379052,77.8918995803935,0.15603448253886115,0,0,0,0,0,0,1,1,1,0.01657901034968068,0,0,0
TUR.40.25_1,2035,3,albopictus,7.377080763087553,76.32521167287177,0.19154533814800684,0,0,0,0,0,0,1,1,1,0.018365898664686076,0,0,0
TUR.40.25_1,2035,4,albopictus,12.470859808080338,78.8041649948754,0.2532834795043642,1.8691546112900844e-4,1.831151025762715e-4,1.908096361004459e-4,0,0,0,1,1,1,0.025010276412836263,0,0,0
TUR.40.25_1,2035,5,albopictus,14.11060411789838,80.95048666532476,0.354023331960002,0.0022460326796759924,0.0022230232340670914,0.002268246109901602,0,0,0,1,1,1,0.03368008287413915,0,0,0
TUR.40.25_1,2035,6,albopictus,20.036409602445715,71.24554471877661,0.3981951205304837,0.04355483412737336,0.04340340380908415,0.04372440110455113,0,0,0,1,1,1,0.03903713428411992,0,0,0
TUR.40.25_1,2035,7,albopictus,23.39062219507554,71.48473413259345,0.46761417422895474,0.0876667540902689,0.08737248858284136,0.08795439865993175,2.303011081838946e-11,2.0922397148126494e-11,2.523274644783413e-11,0.9999999999769699,0.9999999999747673,0.9999999999790775,0.044244340220203626,1.0189520583578155e-12,9.256976576439266e-13,1.1164062185281077e-12
TUR.40.25_1,2035,8,albopictus,24.41650901121252,68.02155905806688,0.5552623559094331,0.0942905356719777,0.09395890064015569,0.09460206290798592,1.7918172190434235e-10,1.6209676656497862e-10,1.9635851000732172e-10,0.9999999998208183,0.9999999998036415,0.9999999998379032,0.05231685393166319,9.374223972093372e-12,8.480392859174892e-12,1.0272859486292076e-11
TUR.40.25_1,2035,9,albopictus,18.913467238931094,75.04006876043177,0.44257091112164554,0.032615766197854584,0.03249227633232722,0.03274302582114616,0,0,0,1,1,1,0.04329203526154257,0,0,0
TUR.40.25_1,2035,10,albopictus,15.741574960596422,79.126740896774,0.43613516250109613,0.007999096666256193,0.007949217074772766,0.008047041564105968,0,0,0,1,1,1,0.04132832890754734,0,0,0
TUR.40.25_1,2035,11,albopictus,12.619701960507562,79.55381107075429,0.2529800266514909,2.621671299413159e-4,2.573528663740672e-4,2.672279651333804e-4,0,0,0,1,1,1,0.02498068962261424,0,0,0
TUR.40.25_1,2035,12,albopictus,7.69363094778622,81.08283152991842,0.20808004398639596,0,0,0,0,0,0,1,1,1,0.019935387580232944,0,0,0
TUR.40.25_1,2036,1,albopictus,8.075098872184753,77.15571458785631,0.23083814024594548,0,0,0,0,0,0,1,1,1,0.02209150318420061,0,0,0
TUR.40.25_1,2036,2,albopictus,7.259220281068017,79.982353681956,0.1788408401887589,0,0,0,0,0,0,1,1,1,0.018330687744670282,0,0,0
TUR.40.25_1,2036,3,albopictus,6.47916396926431,71.14121356496162,0.2119716285508345,0,0,0,0,0,0,1,1,1,0.020304415279090438,0,0,0
TUR.40.25_1,2036,4,albopictus,10.843805593602799,74.83901606909416,0.2802934916331748,2.4370000669492477e-9,2.0024771191862e-9,2.9764245708288633e-9,0,0,0,1,1,1,0.02764017156494769,0,0,0
TUR.40.25_1,2036,5,albopictus,14.65996534684125,80.76584768827398,0.39177618701724165,0.00372090731328084,0.003691251522719531,0.003750695679781702,0,0,0,1,1,1,0.03720409331319585,0,0,0
TUR.40.25_1,2036,6,albopictus,22.13592742471134,67.42923765090552,0.44065843103225,0.06656804982820931,0.06634027664041413,0.0667852870102921,9.324430116919302e-15,8.43769498715119e-15,1.021405182655144e-14,0.9999999999999907,0.9999999999999898,0.9999999999999916,0.04310904927085424,4.0196731733291136e-16,3.6374100893354046e-16,4.4031806344586476e-16
TUR.40.25_1,2036,7,albopictus,24.52679735071519,66.87072427541571,0.5174802947601606,0.09348048410282188,0.09316446163860788,0.09381713433181488,1.4059256014942178e-10,1.2766560031352014e-10,1.5535935038446524e-10,0.9999999998594075,0.9999999998446406,0.9999999998723345,0.04884547064583444,6.867309769801295e-12,6.235886332596881e-12,7.588600588760307e-12
TUR.40.25_1,2036,8,albopictus,25.699233391705683,72.0561698063579,0.6144752307370126,0.11446907385769435,0.11407265256387757,0.11483625421548908,4.014296227861092e-8,3.643310871048744e-8,4.3817382924804525e-8,0.9999999598570377,0.9999999561826171,0.9999999635668914,0.05773181258577631,2.3175259749066534e-9,2.1033494039910753e-9,2.5296569390140095e-9
TUR.40.25_1,2036,9,albopictus,22.91474516251508,69.85776437810755,0.4897664317321733,0.079286880584085,0.07899484133182486,0.0795515821769572,1.3433923973238393e-12,1.2085749068191376e-12,1.4747203458398415e-12,0.9999999999986566,0.9999999999985253,0.9999999999987914,0.04779663011205393,6.420962951023293e-14,5.776580778394436e-14,7.048666288882716e-14
TUR.40.25_1,2036,10,albopictus,16.672668176538807,78.97786089189118,0.48264437838839763,0.013545155385572712,0.013471007568736603,0.013613607095872065,0,0,0,1,1,1,0.045633510581989944,0,0,0
TUR.40.25_1,2036,11,albopictus,12.572243311825922,78.32163333637929,0.2799576787335559,2.318102575142846e-4,2.2733970606520615e-4,2.363048795438863e-4,0,0,0,1,1,1,0.027607517919329028,0,0,0
TUR.40.25_1,2036,12,albopictus,8.772188915925868,81.17877879554342,0.23026958640279804,0,0,0,0,0,0,1,1,1,0.02203769586837967,0,0,0
TUR.40.25_1,2037,1,albopictus,8.296467661857605,82.10114152877428,0.22867568081194078,0,0,0,0,0,0,1,1,1,0.02188683459640317,0,0,0
TUR.40.25_1,2037,2,albopictus,4.548600831452538,73.49243211213178,0.17105632956674002,0,0,0,0,0,0,1,1,1,0.01816053725216238,0,0,0
TUR.40.25_1,2037,3,albopictus,7.868749464259428,70.52975574025459,0.2099859079614522,0,0,0,0,0,0,1,1,1,0.02011613250879296,0,0,0
TUR.40.25_1,2037,4,albopictus,12.86619977390065,70.801746476809,0.2776677413796574,3.5877044068831793e-4,3.52511657914207e-4,3.651088333859438e-4,0,0,0,1,1,1,0.027384820635424134,0,0,0
TUR.40.25_1,2037,5,albopictus,17.27659304001752,68.2149977737232,0.38810608245509615,0.015708688113990885,0.015626590774739827,0.015791901106510072,0,0,0,1,1,1,0.03686207500023986,0,0,0
TUR.40.25_1,2037,6,albopictus,22.95395492104923,64.26952390578833,0.43653040444035257,0.07275353523189758,0.07250143291907539,0.07301102744300256,1.1696199564426024e-13,1.0580147868921585e-13,1.291189377639057e-13,0.999999999999883,0.9999999999998709,0.9999999999998942,0.04271396060062227,4.995910073719085e-15,4.519200192218743e-15,5.515181220441667e-15
TUR.40.25_1,2037,7,albopictus,23.03412156946519,69.01466043264227,0.5126326116861096,0.07969853778929671,0.07943537164532612,0.07996375473941657,1.5557340971028567e-12,1.4149376115213386e-12,1.7073481517471124e-12,0.9999999999984442,0.9999999999982926,0.9999999999985851,0.048399150248599976,7.529620831255118e-14,6.848177805241645e-14,8.263419972307795e-14
TUR.40.25_1,2037,8,albopictus,24.56327948850744,74.28990393721728,0.608718912659533,0.10714601247378568,0.10679340094283661,0.10747074747437498,6.406967882788273e-9,5.838952096826056e-9,6.963009749338944e-9,0.9999999935930322,0.9999999930369903,0.9999999941610479,0.057206763575908925,3.665218969091105e-10,3.340275521341858e-10,3.9833125250718185e-10
TUR.40.25_1,2037,9,albopictus,19.991210769204532,69.74936594060755,0.48517836825345334,0.04210114260714463,0.04194876532061465,0.04225683385574926,0,0,0,1,1,1,0.04735965292519606,0,0,0
TUR.40.25_1,2037,10,albopictus,19.569518762476307,75.56075426347321,0.4781230333099659,0.040477964966963535,0.040323826786254284,0.0406260152739984,0,0,0,1,1,1,0.04521583660923123,0,0,0
TUR.40.25_1,2037,11,albopictus,12.698712923947504,74.9136285756371,0.2773350743283462,2.8185703295178577e-4,2.769365077484396e-4,2.8723664721107164e-4,0,0,0,1,1,1,0.02735246439485639,0,0,0
TUR.40.25_1,2037,12,albopictus,10.81175781698788,75.27159800941061,0.22811245310173023,1.1255656000699008e-9,9.013093762095857e-10,1.3805264908057906e-9,0,0,0,1,1,1,0.021833520197782397,0,0,0
TUR.40.25_1,2038,1,albopictus,9.148571848869324,77.3224855229149,0.23726585852364981,0,0,0,0,0,0,1,1,1,0.022699609546919852,0,0,0
TUR.40.25_1,2038,2,albopictus,9.298297086182764,79.86986588898725,0.17748204245616345,0,0,0,0,0,0,1,1,1,0.018836270881469108,0,0,0
TUR.40.25_1,2038,3,albopictus,10.036739195094388,71.86700549611396,0.2178740063370153,0,0,0,0,0,0,1,1,1,0.020863855500271034,0,0,0
TUR.40.25_1,2038,4,albopictus,13.631940168492935,74.0130272995629,0.2880983006537836,0.0011862184721600645,0.001172256093406615,0.0012005443127950308,0,0,0,1,1,1,0.028398783761297786,0,0,0
TUR.40.25_1,2038,5,albopictus,19.600294898538028,60.62210608060796,0.40268524630604463,0.03302284407818354,0.03289197365063418,0.0331747927747991,0,0,0,1,1,1,0.03821999544730137,0,0,0
TUR.40.25_1,2038,6,albopictus,22.55611251382267,63.99544935134497,0.4529286228140444,0.06789150742441478,0.06764433474874129,0.0681369132336522,1.633926327571089e-14,1.4654943925052066e-14,1.8096635301390052e-14,0.9999999999999837,0.9999999999999819,0.9999999999999853,0.04428245277730147,7.235426544225637e-16,6.489568623151192e-16,8.013633981618518e-16
TUR.40.25_1,2038,7,albopictus,24.398579653571634,61.77159555227119,0.5318896014086971,0.08413933673028225,0.08381909462611609,0.08444266996557645,7.220975151156495e-12,6.474176750259631e-12,7.983469441086299e-12,0.999999999992779,0.9999999999920166,0.9999999999935258,0.050170882832511365,3.6228269824514854e-13,3.248151631742451e-13,4.005377099256757e-13
TUR.40.25_1,2038,8,albopictus,26.09680114072912,64.43615943038134,0.6315853740937244,0.10137439667364916,0.10097678816492299,0.10177114558314276,1.3665416541686071e-9,1.2225374407259794e-9,1.5221395366360468e-9,0.9999999986334583,0.9999999984778605,0.9999999987774626,0.059290748386974346,8.102327737763059e-11,7.24851597917396e-11,9.024879227655357e-11
TUR.40.25_1,2038,9,albopictus,19.043355773476993,74.89438547185755,0.503404042231447,0.033986228699585654,0.0338474453409966,0.034120055308764684,0,0,0,1,1,1,0.04909432290694693,0,0,0
TUR.40.25_1,2038,10,albopictus,15.39035006130443,78.84130998857087,0.4960836743786228,0.006324077473249468,0.006280556302054657,0.006365601505704416,0,0,0,1,1,1,0.046873930911638384,0,0,0
TUR.40.25_1,2038,11,albopictus,11.936057665768793,80.86618137104726,0.28775313699995025,4.3048906529019804e-5,4.191043519151276e-5,4.419813993792254e-5,0,0,0,1,1,1,0.028365247039931596,0,0,0
TUR.40.25_1,2038,12,albopictus,8.117669834810146,78.28369822913717,0.23668147322420333,0,0,0,0,0,0,1,1,1,0.02264433830843393,0,0,0
TUR.40.25_1,2039,1,albopictus,7.322052836418152,76.74103410689928,0.22893105112296513,0,0,0,0,0,0,1,1,1,0.021911006658677956,0,0,0
TUR.40.25_1,2039,2,albopictus,5.238488355103661,78.1968083328349,0.17124735428755442,0,0,0,0,0,0,1,1,1,0.018180632290368703,0,0,0
TUR.40.25_1,2039,3,albopictus,8.314375723109524,80.90011706837959,0.2102204067347212,0,0,0,0,0,0,1,1,1,0.02013836918211165,0,0,0
TUR.40.25_1,2039,4,albopictus,11.561238569371842,71.09869014135978,0.27797782287684936,6.303411215815975e-6,6.044816493236703e-6,6.55467936683715e-6,0,0,0,1,1,1,0.02741497916494251,0,0,0
TUR.40.25_1,2039,5,albopictus,16.049217055825626,72.67161703641851,0.38853949439743785,0.008855129866732423,0.008798873075482752,0.008909692871178692,0,0,0,1,1,1,0.03690247113488554,0,0,0
TUR.40.25_1,2039,6,albopictus,22.062618480009192,66.80400113967505,0.43701789355488246,0.06501643035538786,0.06478534482339841,0.06523364568083519,4.7581938389384956e-15,4.3298697960381105e-15,5.218048215738236e-15,0.9999999999999952,0.9999999999999948,0.9999999999999957,0.042760626115536327,2.034633477320975e-16,1.851479434773392e-16,2.2312700880602415e-16
TUR.40.25_1,2039,7,albopictus,25.322917040656595,63.4404836443122,0.5132050868571584,0.09446130978779711,0.09412673394397547,0.09479858657762284,1.8855937866657513e-10,1.70436748048175e-10,2.0814962808923807e-10,0.9999999998114406,0.9999999997918504,0.9999999998295632,0.04845186825852421,9.136054174062079e-12,8.257978862841458e-12,1.0085238358240574e-11
TUR.40.25_1,2039,8,albopictus,22.721383431378534,82.23088294112353,0.6093986908392693,0.09368013929133914,0.0934204762186854,0.0939444738224819,1.4922341928791383e-10,1.3790945885272522e-10,1.613984501602772e-10,0.9999999998507766,0.9999999998386015,0.9999999998620905,0.057268783174951654,8.545843643824436e-12,7.897906896811636e-12,9.243092847002157e-12
TUR.40.25_1,2039,9,albopictus,21.254537414101993,74.62940134099817,0.4857201842889987,0.062048438669774095,0.06184739299995231,0.062246681161000024,1.2536638394067267e-15,1.1102230246251565e-15,1.3322676295501878e-15,0.9999999999999988,0.9999999999999987,0.9999999999999989,0.047411267108529054,5.94377911544164e-17,5.2637080370542326e-17,6.316449644465079e-17
TUR.40.25_1,2039,10,albopictus,18.77415056789623,80.72704454667634,0.4786569704006559,0.03360267162945845,0.0334800135040582,0.033732674520864286,0,0,0,1,1,1,0.0452651703035325,0,0,0
TUR.40.25_1,2039,11,albopictus,13.076992609921625,74.21576785786367,0.2776447843243446,5.462472059579269e-4,5.377537194149224e-4,5.548710466965057e-4,0,0,0,1,1,1,0.02738258779481406,0,0,0
TUR.40.25_1,2039,12,albopictus,8.664145245271571,76.25396647864889,0.22836719443622755,0,0,0,0,0,0,1,1,1,0.021857634039364693,0,0,0
TUR.40.25_1,2040,1,albopictus,8.129188418388367,81.79637010543443,0.2396270408851337,0,0,0,0,0,0,1,1,1,0.022922898658592206,0,0,0
TUR.40.25_1,2040,2,albopictus,7.817198911133935,79.91122483674116,0.18565000254370273,0,0,0,0,0,0,1,1,1,0.01902192830313232,0,0,0
TUR.40.25_1,2040,3,albopictus,7.863422239527982,76.0090571928913,0.22004220813389333,0,0,0,0,0,0,1,1,1,0.021069282149002277,0,0,0
TUR.40.25_1,2040,4,albopictus,13.189096731298111,64.61604319922111,0.29096534874114843,5.512473246274477e-4,5.425786651082815e-4,5.597569927422384e-4,0,0,0,1,1,1,0.028677306573344996,0,0,0
TUR.40.25_1,2040,5,albopictus,18.471588920144473,70.41807699735601,0.4066926214367268,0.026244024089415063,0.02612832727052052,0.026352496013542327,0,0,0,1,1,1,0.038592911513351535,0,0,0
TUR.40.25_1,2040,6,albopictus,20.63550780801212,73.31826810744849,0.4574360015066813,0.052532273920934555,0.05235174709380403,0.05271025993944966,0,0,0,1,1,1,0.04471313379873998,0,0,0
TUR.40.25_1,2040,7,albopictus,23.822157915900736,69.94858606130438,0.5371827706531787,0.09071896835476312,0.09043317487458315,0.09101092315329265,6.044245581815489e-11,5.524400104039984e-11,6.609901515020056e-11,0.9999999999395576,0.999999999933901,0.999999999944756,0.050657300782285475,3.0618516644002726e-12,2.7985119771204265e-12,3.348397691876554e-12
TUR.40.25_1,2040,8,albopictus,24.767558434430292,69.78593665206103,0.6378706789174382,0.10103683694738907,0.10067924913718038,0.10134976998533073,1.2443490677860324e-9,1.1256391263536612e-9,1.3553719285797073e-9,0.9999999987556509,0.9999999986446281,0.9999999988743609,0.059862765796272366,7.449017681368511e-11,6.738387139202987e-11,8.1136312327409e-11
TUR.40.25_1,2040,9,albopictus,21.57563574173871,63.67246545842981,0.5084137336915359,0.056228489544260844,0.05600956874740503,0.056434026427299326,1.1102230246251565e-16,1.1102230246251565e-16,1.1102230246251565e-16,0.9999999999999999,0.9999999999999999,0.9999999999999999,0.049570578007419264,5.503439704781428e-18,5.503439704781428e-18,5.503439704781428e-18
TUR.40.25_1,2040,10,albopictus,18.996959405786853,72.69712206132478,0.5010205162363237,0.03247200672319398,0.03233833395901698,0.03260252438605452,0,0,0,1,1,1,0.04732918660403007,0,0,0
TUR.40.25_1,2040,11,albopictus,12.461400607052973,72.26194858296132,0.29061675014586863,1.6030023501675816e-4,1.5714274654722688e-4,1.635088647889972e-4,0,0,0,1,1,1,0.028643445810508483,0,0,0
TUR.40.25_1,2040,12,albopictus,8.296759381013759,75.7751609366567,0.23903683999860717,0,0,0,0,0,0,1,1,1,0.022867090119200073,0,0,0
TUR.40.25_1,2041,1,albopictus,7.6835163831710815,75.79068620650865,0.23394532257467487,0,0,0,0,0,0,1,1,1,0.022385511236705402,0,0,0
TUR.40.25_1,2041,2,albopictus,4.007370152894189,71.6108708328349,0.17499818107829712,0,0,0,0,0,0,1,1,1,0.018575120987775917,0,0,0
TUR.40.25_1,2041,3,albopictus,8.42535194228677,76.91199603566474,0.2148248593805553,0,0,0,0,0,0,1,1,1,0.02057489061109341,0,0,0
TUR.40.25_1,2041,4,albopictus,13.460984510533951,67.90945063940666,0.2840663646217222,8.626546969243664e-4,8.497979311991331e-4,8.737867225358332e-4,0,0,0,1,1,1,0.028006961381212392,0,0,0
TUR.40.25_1,2041,5,albopictus,17.860634635476504,68.51800680692632,0.39704966584452717,0.020245275389084515,0.020150633449448646,0.020338784943958188,0,0,0,1,1,1,0.03769531800550896,0,0,0
TUR.40.25_1,2041,6,albopictus,22.75832389382755,66.0126803388938,0.4465898862434651,0.07257283087789031,0.07231996520420805,0.07282342374311379,1.0897960311950783e-13,9.858225347159078e-14,1.2001788451954097e-13,0.999999999999891,0.99999999999988,0.9999999999999014,0.04367645655829988,4.759842901389946e-15,4.305723511171242e-15,5.241955919436784e-15
TUR.40.25_1,2041,7,albopictus,24.708468493293314,68.41391427785712,0.5244458058565128,0.09796742821668421,0.09765099403616137,0.09828527947949951,5.244120300229582e-10,4.784175972050164e-10,5.736536745626353e-10,0.9999999994755879,0.9999999994263463,0.9999999995215825,0.049486410478836174,2.595126897775587e-11,2.367516959558595e-11,2.838806121209927e-11
TUR.40.25_1,2041,8,albopictus,25.529782631817987,70.9680464848247,0.6227463360940116,0.11067166816250358,0.11033738241496267,0.11102415088002811,1.5760704272005377e-8,1.4476686829856254e-8,1.7198027232878664e-8,0.9999999842392957,0.9999999828019728,0.9999999855233132,0.0584857301184577,9.217762965293298e-10,8.46679598940404e-10,1.0058391793120275e-9
TUR.40.25_1,2041,9,albopictus,22.183141540078555,67.81603540471887,0.4963589021110355,0.06757564389810673,0.06733725226824791,0.06779256072874254,1.430522367229514e-14,1.2878587085651816e-14,1.5654144647214707e-14,0.9999999999999857,0.9999999999999843,0.9999999999999871,0.04842416049161846,6.927184469757196e-16,6.236347679408884e-16,7.580388127557351e-16
TUR.40.25_1,2041,10,albopictus,19.99394007290111,74.61706682450837,0.4891409828143005,0.04517380860068963,0.04500259078050179,0.04533201543045958,0,0,0,1,1,1,0.046233335705375245,0,0,0
TUR.40.25_1,2041,11,albopictus,12.798096278134516,80.78583621723867,0.283726031533601,3.798789180082901e-4,3.735915603859723e-4,3.8586160942889514e-4,0,0,0,1,1,1,0.02797388067904616,0,0,0
TUR.40.25_1,2041,12,albopictus,9.053676380830654,76.58329692298483,0.23336911574813188,0,0,0,0,0,0,1,1,1,0.022330996025606176,0,0,0
TUR.40.25_1,2042,1,albopictus,10.18868339061737,83.62454851119615,0.2485889879102532,0,0,0,0,0,0,1,1,1,0.02376993579943565,0,0,0
TUR.40.25_1,2042,2,albopictus,10.660304227296045,79.01876115265912,0.1859520859046163,5.97118770679236e-12,3.3975838403864144e-12,1.1701783536657938e-11,0,0,0,1,1,1,0.01972627762943413,0,0,0
TUR.40.25_1,2042,3,albopictus,7.933918798671049,74.57000842580146,0.22827169093893104,0,0,0,0,0,0,1,1,1,0.021848593737897715,0,0,0
TUR.40.25_1,2042,4,albopictus,9.244923872106217,75.35233699194572,0.30184732613373144,0,0,0,0,0,0,1,1,1,0.029733722833280796,0,0,0
TUR.40.25_1,2042,5,albopictus,17.272709678201114,78.46739340360601,0.42190274845477926,0.017970053827654577,0.017883601762450463,0.018053739807166305,0,0,0,1,1,1,0.04000701154300679,0,0,0
TUR.40.25_1,2042,6,albopictus,21.703863368314856,68.71594266799536,0.47454390885195663,0.06243136762306675,0.06220026843802975,0.06265150457226734,1.4955814364725484e-15,1.3322676295501878e-15,1.6653345369377348e-15,0.9999999999999986,0.9999999999999983,0.9999999999999987,0.0463460325459647,6.931426592989736e-17,6.174531891906825e-17,7.718164864883531e-17
TUR.40.25_1,2042,7,albopictus,24.956870135139017,69.65242059499579,0.5572731724526502,0.10269795752677766,0.10237694637347504,0.10303248209092933,1.9631895958882593e-9,1.796865192749131e-9,2.1477173345330056e-9,0.9999999980368104,0.9999999978522827,0.9999999982031349,0.05250125053307875,1.0306990881766313e-10,9.433766965869095e-11,1.1275784585455342e-10
TUR.40.25_1,2042,8,albopictus,25.985707619610956,76.46332007491259,0.6617267646589275,0.12713421053765908,0.12674645866809697,0.1275201979165756,7.171879459143549e-7,6.592777809372175e-7,7.78230273235092e-7,0.9999992828120541,0.9999992217697268,0.9999993407222191,0.06203071339104893,4.448767992052845e-8,4.089547107440328e-8,4.827417903128369e-8
TUR.40.25_1,2042,9,albopictus,23.243390868691836,70.61091531804895,0.5274281860311234,0.08451747591106501,0.08424251877515877,0.08479358503845268,8.1946652796816e-12,7.46552264452305e-12,8.976444587638353e-12,0.9999999999918053,0.9999999999910235,0.9999999999925344,0.05137605045461846,4.21009536867632e-13,3.8354906805511273e-13,4.611742700375949e-13
TUR.40.25_1,2042,10,albopictus,16.76526804531322,71.5290617585904,0.5197584654611791,0.012868815317329847,0.012801176961307559,0.012941053885837661,0,0,0,1,1,1,0.04905514679419998,0,0,0
TUR.40.25_1,2042,11,albopictus,15.157088854733637,71.71018314106679,0.301485690102725,0.004860953917609251,0.004821219179523594,0.004900000981351315,0,0,0,1,1,1,0.029698633874263636,0,0,0
TUR.40.25_1,2042,12,albopictus,9.357670559602626,76.00835338050436,0.24797671376747107,0,0,0,0,0,0,1,1,1,0.023712090173542144,0,0,0
TUR.40.25_1,2043,1,albopictus,8.855417132377625,83.58608110396959,0.244090396116107,0,0,0,0,0,0,1,1,1,0.02334484386612823,0,0,0
TUR.40.25_1,2043,2,albopictus,7.077403226319482,76.2018132156474,0.18258700310353548,0,0,0,0,0,0,1,1,1,0.019372781524477856,0,0,0
TUR.40.25_1,2043,3,albopictus,10.00515159438638,76.26627460011787,0.22414077120541295,0,0,0,0,0,0,1,1,1,0.021457483475133987,0,0,0
TUR.40.25_1,2043,4,albopictus,13.375775617711685,74.06169520727775,0.29638494457031156,8.495515663606024e-4,8.380176557683239e-4,8.609038751384311e-4,0,0,0,1,1,1,0.02920358159237524,0,0,0
TUR.40.25_1,2043,5,albopictus,18.550320457009708,70.95723105009039,0.41426778337413933,0.027196566005756234,0.027081640620807024,0.027306743426789754,0,0,0,1,1,1,0.039297441731911076,0,0,0
TUR.40.25_1,2043,6,albopictus,23.73352263955509,69.67484311965552,0.46595632276349247,0.08923601582926828,0.08894343047331657,0.08951990236685317,3.798596315274239e-11,3.458969222158714e-11,4.150045029849281e-11,0.999999999962014,0.9999999999584995,0.9999999999654103,0.045526722247017926,1.72937639374036e-12,1.5747553103820343e-12,1.889379473865654e-12
TUR.40.25_1,2043,7,albopictus,24.94756799585679,66.49525125295477,0.5471884758545917,0.09684404079045258,0.09651425859766187,0.09716883811112219,3.795052476718297e-10,3.4445583885212017e-10,4.163975275695009e-10,0.9999999996204948,0.9999999995836025,0.9999999996555442,0.05157609876591063,1.9573400136103663e-11,1.7765688365131542e-11,2.1476160007805573e-11
TUR.40.25_1,2043,8,albopictus,23.423367836896112,73.94647437178759,0.64975182313603,0.09180512647550686,0.09151853128904892,0.09207673426452062,8.449948574185128e-11,7.730680540163349e-11,9.174084547591831e-11,0.9999999999155005,0.9999999999082592,0.9999999999226932,0.06094310324908969,5.149660884060626e-12,4.7113166234490346e-12,5.590971817997673e-12
TUR.40.25_1,2043,9,albopictus,22.658719848184024,69.5879279523263,0.5178835793708412,0.07565854530924358,0.07540470502397173,0.07591180181073351,3.557356631489483e-13,3.229583267483349e-13,3.9069025792315416e-13,0.9999999999996443,0.9999999999996093,0.999999999999677,0.050470193974504696,1.7954047922776483e-14,1.629976939666993e-14,1.9718213101330862e-14
TUR.40.25_1,2043,10,albopictus,16.56658526027904,77.46976610429353,0.5103526539354254,0.012569655522093125,0.012497336540842546,0.012638349735420216,0,0,0,1,1,1,0.048189164851529465,0,0,0
TUR.40.25_1,2043,11,albopictus,11.138313868466547,81.0751504872582,0.2960298528874487,3.5005421556729103e-7,3.259941830092112e-7,3.7567656975035656e-7,0,0,0,1,1,1,0.029169108806935906,0,0,0
TUR.40.25_1,2043,12,albopictus,7.511852993684657,78.49511638099264,0.24348920199524238,0,0,0,0,0,0,1,1,1,0.023288020341728388,0,0,0
TUR.40.25_1,2044,1,albopictus,9.145597338676453,87.21371324508287,0.24895723829202762,0,0,0,0,0,0,1,1,1,0.023804725220873846,0,0,0
TUR.40.25_1,2044,2,albopictus,9.21246162933462,77.19288682404584,0.19287853220348108,0,0,0,0,0,0,1,1,1,0.019755208836219396,0,0,0
TUR.40.25_1,2044,3,albopictus,9.699013555751126,78.45962634572334,0.22860984404073656,0,0,0,0,0,0,1,1,1,0.021880602723710396,0,0,0
TUR.40.25_1,2044,4,albopictus,12.913131994359635,73.55007563940666,0.3022944714156715,4.1021020693335917e-4,4.030281879020637e-4,4.1705863832853396e-4,0,0,0,1,1,1,0.02977710686213142,0,0,0
TUR.40.25_1,2044,5,albopictus,18.247862647561465,67.94635153348882,0.42252773932624227,0.023359682252904256,0.023248339037260098,0.023466556735411627,0,0,0,1,1,1,0.040065073031102405,0,0,0
TUR.40.25_1,2044,6,albopictus,22.443052516264075,78.59591703322974,0.47524688035955437,0.0840926340636382,0.08384661899833858,0.0843359612113578,7.105341537361198e-12,6.5345034938601995e-12,7.703185311846994e-12,0.9999999999928947,0.9999999999922968,0.9999999999934654,0.04641306934641187,3.29780709503486e-13,3.032863638049041e-13,3.5752847406701587e-13
TUR.40.25_1,2044,7,albopictus,25.14954667932847,71.67208154470282,0.5580986959814013,0.10852707035334483,0.10817158038725884,0.10885178287340536,9.149740049951838e-9,8.343712387670621e-9,9.932971092863064e-9,0.9999999908502599,0.9999999900670289,0.9999999916562876,0.052576942591266884,4.810653573313331e-10,4.3868688720460057e-10,5.222452509101747e-10
TUR.40.25_1,2044,8,albopictus,24.566508629742792,67.47809821211962,0.6627070218125709,0.09491497566793983,0.09456824814385,0.09524048528988767,2.157101970379216e-10,1.943956107197664e-10,2.3720293784723623e-10,0.9999999997842898,0.999999999762797,0.9999999998056044,0.06211968830975123,1.3399850205230713e-11,1.2075794746695624e-11,1.4734972565227607e-11
TUR.40.25_1,2044,9,albopictus,20.932477782754336,69.44416727117395,0.5282094983189173,0.05330896163973241,0.053116883921857705,0.05350892217051772,0,0,0,1,1,1,0.05145016471408925,0,0,0
TUR.40.25_1,2044,10,albopictus,14.403353410608629,82.00324388749665,0.5205284161132395,0.0030215238397235996,0.0029968006163994068,0.003048342810450798,0,0,0,1,1,1,0.04912600034251546,0,0,0
TUR.40.25_1,2044,11,albopictus,12.007071116391351,80.50864505512929,0.3019322996706433,5.4388095987453034e-5,5.2933142894582414e-5,5.5796444737773924e-5,0,0,0,1,1,1,0.029741967493983612,0,0,0
TUR.40.25_1,2044,12,albopictus,9.137903942781337,79.93866649085592,0.24834405714934688,0,0,0,0,0,0,1,1,1,0.023746795966571588,0,0,0
TUR.40.25_1,2045,1,albopictus,8.56930148601532,83.87981279342272,0.23722099037537248,0,0,0,0,0,0,1,1,1,0.02269536602233635,0,0,0
TUR.40.25_1,2045,2,albopictus,7.2442142156993645,75.88108109894819,0.17744847972342542,0,0,0,0,0,0,1,1,1,0.018832742603409613,0,0,0
TUR.40.25_1,2045,3,albopictus,8.92027553390054,77.3280498076374,0.21783280528397322,0,0,0,0,0,0,1,1,1,0.02085995148214359,0,0,0
TUR.40.25_1,2045,4,albopictus,12.531171125524185,78.97468196264884,0.2880438198390865,2.1474938143424172e-4,2.1071528408320487e-4,2.187169364576968e-4,0,0,0,1,1,1,0.028393490384296283,0,0,0
TUR.40.25_1,2045,5,albopictus,19.137463401345645,68.1158537917896,0.40260909653273647,0.03189445456276907,0.031768001855200005,0.03202719494626418,0,0,0,1,1,1,0.038212907744154645,0,0,0
TUR.40.25_1,2045,6,albopictus,22.62001060037052,66.26879911330786,0.4528429717695413,0.0712204460053713,0.0709715683016039,0.07145408751321543,6.382561146267562e-14,5.773159728050814e-14,6.994405055138486e-14,0.9999999999999362,0.9999999999999301,0.9999999999999423,0.04427426692162828,2.825832158334638e-15,2.556024147809167e-15,3.096721563691875e-15
TUR.40.25_1,2045,7,albopictus,25.864544924567728,66.55700357229071,0.5317890184522966,0.10421072883113038,0.10385232551070185,0.10457608795048737,2.9540002253192198e-9,2.6798438745867514e-9,3.25309466031598e-9,0.9999999970459997,0.9999999967469053,0.9999999973201561,0.05016163730809364,1.4817748791048962e-10,1.34425356479337e-10,1.631805544796663e-10
TUR.40.25_1,2045,8,albopictus,25.0741647271549,67.77806311690478,0.63146593817323,0.10031300354633216,0.09998337444733771,0.10065361486552923,1.0176555567120715e-9,9.269968376246495e-10,1.1176457093142744e-9,0.9999999989823445,0.9999999988823542,0.9999999990730032,0.05927987531039036,6.032649451081748e-11,5.49522569475154e-11,6.625389828934298e-11
TUR.40.25_1,2045,9,albopictus,22.11063558915082,65.91043390325403,0.5033088460352864,0.06468144865478091,0.06444525986379103,0.06490255386233236,4.107492124205692e-15,3.6637359812630166e-15,4.551914400963142e-15,0.9999999999999959,0.9999999999999954,0.9999999999999963,0.04908527060352308,2.016173624184762e-16,1.7983547206015932e-16,2.2343195013534946e-16
TUR.40.25_1,2045,10,albopictus,17.555947976953846,75.69465013749665,0.4959898625002578,0.019633488871287023,0.019546386452022915,0.01972304473032304,0,0,0,1,1,1,0.04686527785169581,0,0,0
TUR.40.25_1,2045,11,albopictus,13.291804888669184,76.14013766987539,0.2876987214574086,7.811836094868091e-4,7.700935770834432e-4,7.920206211583253e-4,0,0,0,1,1,1,0.028359959822322867,0,0,0
TUR.40.25_1,2045,12,albopictus,9.72923542471493,79.99261393958639,0.2366367155860787,0,0,0,0,0,0,1,1,1,0.022640104996263455,0,0,0
TUR.40.25_1,2046,1,albopictus,7.462394595146179,81.72478349654772,0.24610812235724502,0,0,0,0,0,0,1,1,1,0.02353553067457259,0,0,0
TUR.40.25_1,2046,2,albopictus,7.824173131409814,77.49475907746381,0.18409632339353782,0,0,0,0,0,0,1,1,1,0.019531348762710676,0,0,0
TUR.40.25_1,2046,3,albopictus,9.07266696761636,75.20460620412177,0.22599358771505942,0,0,0,0,0,0,1,1,1,0.021632925139122294,0,0,0
TUR.40.25_1,2046,4,albopictus,13.07042340671315,75.36540614477775,0.2988349536229139,5.511654639282591e-4,5.431949477648029e-4,5.596529150810614e-4,0,0,0,1,1,1,0.02944139845984506,0,0,0
TUR.40.25_1,2046,5,albopictus,18.42200548508588,72.27919912870367,0.41769224820631756,0.026439348214111643,0.026325844791304284,0.026554837473319697,0,0,0,1,1,1,0.03961576564000979,0,0,0
TUR.40.25_1,2046,6,albopictus,23.691704020780676,65.47865323928443,0.469808060949934,0.0825709846043888,0.08229396213694827,0.08284474228754632,4.240157780444065e-12,3.850916807657256e-12,4.651040663716799e-12,0.9999999999957598,0.9999999999953489,0.9999999999961491,0.04589428957100461,1.945990290024481e-13,1.7673509108447077e-13,2.1345620702713622e-13
TUR.40.25_1,2046,7,albopictus,25.33384614832261,68.19899041921454,0.5517117039870698,0.10342036451797723,0.10306627455731719,0.10377166707326356,2.388177967160843e-9,2.167483567627748e-9,2.622334749347033e-9,0.999999997611822,0.9999999973776652,0.9999999978325164,0.05199116317438679,1.2416415038013472e-10,1.1268999184233628e-10,1.363382338511663e-10
TUR.40.25_1,2046,8,albopictus,26.86077056211584,67.0876868351665,0.655122871422359,0.11061221304067825,0.11020359595329227,0.1110029210785983,1.5532332599654807e-8,1.3997043868396731e-8,1.7106994346094417e-8,0.9999999844676674,0.9999999828930056,0.999999986002956,0.06143107834782757,9.54167940853911e-10,8.59853498517459e-10,1.0509011099707694e-9
TUR.40.25_1,2046,9,albopictus,20.77777654984418,78.67745126775598,0.5221645642214452,0.058863924607322184,0.05867972879006948,0.05905471852599661,2.7833291227352676e-16,2.220446049250313e-16,3.3306690738754696e-16,0.9999999999999997,0.9999999999999997,0.9999999999999998,0.05087659924903598,1.416063203555731e-17,1.1296874380181339e-17,1.6945311570272008e-17
TUR.40.25_1,2046,10,albopictus,16.477159219629627,78.65501543290681,0.5145713858415758,0.012177743711626096,0.012108518654757486,0.012244268220747761,0,0,0,1,1,1,0.04857767599710183,0,0,0
TUR.40.25_1,2046,11,albopictus,13.35946712774389,77.4897012685082,0.2984769266430548,8.785860005187834e-4,8.674110323883294e-4,8.893885019846137e-4,0,0,0,1,1,1,0.029406649221301873,0,0,0
TUR.40.25_1,2046,12,albopictus,8.344104542451747,82.81979289466452,0.2455019585809863,0,0,0,0,0,0,1,1,1,0.023478248601885743,0,0,0
TUR.40.25_1,2047,1,albopictus,5.990073084831238,77.523558215786,0.24657987203822163,0,0,0,0,0,0,1,1,1,0.02358010837977098,0,0,0
TUR.40.25_1,2047,2,albopictus,7.472346463624169,77.53654527131147,0.18444920643127763,0,0,0,0,0,0,1,1,1,0.019568418500072404,0,0,0
TUR.40.25_1,2047,3,albopictus,9.444866979823392,76.90793719777412,0.22642678106880246,0,0,0,0,0,0,1,1,1,0.02167393932274353,0,0,0
TUR.40.25_1,2047,4,albopictus,13.26662759219899,74.33655177466056,0.2994077721576538,7.314279893248852e-4,7.212448616954111e-4,7.420556200746758e-4,0,0,0,1,1,1,0.02949699226317315,0,0,0
TUR.40.25_1,2047,5,albopictus,18.45324976303998,73.2359938674732,0.4184928970550854,0.02709105995616664,0.02697692495261079,0.027206018815542268,0,0,0,1,1,1,0.039690175389350824,0,0,0
TUR.40.25_1,2047,6,albopictus,23.461242900175208,65.56646757033911,0.4707086074282484,0.08014836879050025,0.07986742924078201,0.0804442454567463,1.8248771382900485e-12,1.6499968058525383e-12,2.023170520004669e-12,0.9999999999981751,0.9999999999979768,0.9999999999983501,0.045980207356045244,8.390822921788289e-14,7.586719526991203e-14,9.302580002645256e-14
TUR.40.25_1,2047,7,albopictus,25.512303408454446,64.45665414602118,0.5527692465738568,0.0976965182307083,0.09733646815986108,0.09805436573030112,4.85331086541585e-10,4.3702701735259806e-10,5.37044056447833e-10,0.9999999995146689,0.9999999994629559,0.999999999562973,0.05208818011796201,2.5280013052624287e-11,2.2763941996277837e-11,2.7973647543535676e-11
TUR.40.25_1,2047,8,albopictus,25.216590264264276,70.02182990157274,0.6563786365821345,0.10589926471982766,0.10555178170959295,0.10623613540358412,4.624039610101605e-9,4.214979018590803e-9,5.046976511713375e-9,0.9999999953759604,0.9999999949530235,0.999999995785021,0.06154513162573161,2.8458712644629993e-10,2.5941143849886803e-10,3.106168337253754e-10
TUR.40.25_1,2047,9,albopictus,21.312169860391055,72.46507181218958,0.52316546969433,0.060836242799154935,0.0606276566288527,0.061045229986618654,7.113198918773378e-16,6.661338147750939e-16,7.771561172376096e-16,0.9999999999999993,0.9999999999999992,0.9999999999999993,0.050971592775605035,3.6257107861959064e-17,3.39539015407764e-17,3.96128851309058e-17
TUR.40.25_1,2047,10,albopictus,17.26484079921947,78.66521593339509,0.5155577364129645,0.017953921465564376,0.01786902813202989,0.018042580539300326,0,0,0,1,1,1,0.04866848804541879,0,0,0
TUR.40.25_1,2047,11,albopictus,13.3135925321018,80.32074069721914,0.2990490588976675,8.625380464605205e-4,8.508017601349284e-4,8.738129111626734e-4,0,0,0,1,1,1,0.029462178408994122,0,0,0
TUR.40.25_1,2047,12,albopictus,10.230803265291103,79.02600017005514,0.24597254634351287,0,0,0,0,0,0,1,1,1,0.023522719123401314,0,0,0
TUR.40.25_1,2048,1,albopictus,7.3963383436203,77.28217180221178,0.25012384286707373,0,0,0,0,0,0,1,1,1,0.02391492872963452,0,0,0
TUR.40.25_1,2048,2,albopictus,4.839781918946435,76.18595170441694,0.19378235399890453,0,0,0,0,0,0,1,1,1,0.019846856269666202,0,0,0
TUR.40.25_1,2048,3,albopictus,7.208413923487943,75.34498706349677,0.22968110146545812,0,0,0,0,0,0,1,1,1,0.02198199917740129,0,0,0
TUR.40.25_1,2048,4,albopictus,12.208687109105728,76.72686396948478,0.3037110123276132,9.2280378819115e-5,9.02740091556665e-5,9.462963686990281e-5,0,0,0,1,1,1,0.029914533170585456,0,0,0
TUR.40.25_1,2048,5,albopictus,18.504517386941348,73.37972403104742,0.42450768896403385,0.02765241189532625,0.027529793890436336,0.027763682164507537,0,0,0,1,1,1,0.04024898665064647,0,0,0
TUR.40.25_1,2048,6,albopictus,23.437608943266028,63.6748011579856,0.4774738699771589,0.07734866240811869,0.07706932610501932,0.07762028041131232,6.659317541846122e-13,6.002920382996991e-13,7.346373509520277e-13,0.9999999999993341,0.9999999999992654,0.9999999999993997,0.04662540852108232,3.104934008601851e-14,2.7988861517676662e-14,3.4252766602984014e-14
TUR.40.25_1,2048,7,albopictus,25.394818362067728,71.59763391286688,0.5607139261973447,0.11075082218698508,0.11038761324887214,0.11111071106832263,1.6077218953913787e-8,1.4660816013978284e-8,1.7574033611689187e-8,0.999999983922781,0.9999999824259664,0.999999985339184,0.0528166925164123,8.491455300079002e-10,7.743358114499844e-10,9.282023295416826e-10
TUR.40.25_1,2048,8,albopictus,25.987611153546503,65.3988097294536,0.66581244284337,0.10267764142080678,0.10231117232465767,0.1030491954892596,1.9530770710707303e-9,1.764874343890277e-9,2.157471723496229e-9,0.999999998046923,0.9999999978425284,0.9999999982351256,0.06240150208205797,1.2187494291683984e-10,1.1013081004483981e-10,1.3462947624573115e-10
TUR.40.25_1,2048,9,albopictus,20.22926695206586,66.27544321111536,0.5306846688403659,0.04269337151540539,0.0425327809506197,0.04286005061516036,0,0,0,1,1,1,0.051684917919222584,0,0,0
TUR.40.25_1,2048,10,albopictus,17.495971399195057,79.77768083818025,0.5229675933624943,0.02018708365151211,0.02009199559626995,0.020279245735041907,0,0,0,1,1,1,0.04935042710133308,0,0,0
TUR.40.25_1,2048,11,albopictus,13.965835192624262,83.13065433247304,0.303347143458944,0.00199508160669652,0.0019754337691352602,0.002015234569553491,0,0,0,1,1,1,0.02987923413824567,0,0,0
TUR.40.25_1,2048,12,albopictus,7.8782613417681535,79.68799510413717,0.24950778837983273,0,0,0,0,0,0,1,1,1,0.023856734583187156,0,0,0
TUR.40.25_1,2049,1,albopictus,8.102640986442566,79.46130998580553,0.2760329404714609,0,0,0,0,0,0,1,1,1,0.02635923246808103,0,0,0
TUR.40.25_1,2049,2,albopictus,8.82403103393667,77.97892808381147,0.20648099294560837,0,0,0,0,0,0,1,1,1,0.021880045425961336,0,0,0
TUR.40.25_1,2049,3,albopictus,11.220731580958645,72.87274280080146,0.25347263612100956,5.770705753643388e-7,5.412474331542432e-7,6.168188498075082e-7,0,0,0,1,1,1,0.024231203971873394,0,0,0
TUR.40.25_1,2049,4,albopictus,15.600950521581314,67.312732804934,0.33517094102423567,0.0062336573755663385,0.0061915531381512585,0.0062786893443818855,0,0,0,1,1,1,0.032961619563008915,0,0,0
TUR.40.25_1,2049,5,albopictus,19.141165565041934,66.74781942899664,0.4684803507507275,0.03132350818344642,0.031195107810280336,0.03144962357936683,0,0,0,1,1,1,0.04432445167993604,0,0,0
TUR.40.25_1,2049,6,albopictus,21.96937011269962,66.70300321487036,0.5269330377197441,0.06376497898526907,0.063533609385125,0.06400155576779888,2.732369885904973e-15,2.4424906541753444e-15,2.9976021664879227e-15,0.9999999999999972,0.999999999999997,0.9999999999999976,0.0513290783370447,1.4025002791939823e-16,1.253707941256658e-16,1.5386415642695347e-16
TUR.40.25_1,2049,7,albopictus,25.82238489038804,63.78619439870673,0.6187955216000935,0.09850310063463372,0.09813719685679712,0.09884979539539632,6.111967084665437e-10,5.49909967562101e-10,6.735415003511491e-10,0.9999999993888032,0.9999999993264584,0.99999999945009,0.058125685659155435,3.552622775223679e-11,3.196389391535105e-11,3.915006152780683e-11
TUR.40.25_1,2049,8,albopictus,27.22780928892248,72.41724616133837,0.7347806762197137,0.12483486489698814,0.12440186701595492,0.12522767595123688,4.358185141920545e-7,3.9590550315604655e-7,4.7440652841401756e-7,0.9999995641814858,0.9999995255934716,0.9999996040944968,0.06863852092220557,2.991393820465588e-8,2.7174368161592625e-8,3.256256242617645e-8
TUR.40.25_1,2049,9,albopictus,25.00066358902875,67.41797555974817,0.5856556812977587,0.09898178307651953,0.09865924089702935,0.09932136410347868,7.000146948765718e-10,6.380865974486838e-10,7.696177223293077e-10,0.9999999992999853,0.9999999992303823,0.9999999993619134,0.05688360000619963,3.981935590182079e-11,3.629666277858785e-11,4.3778626674662755e-11
TUR.40.25_1,2049,10,albopictus,19.18935366237865,71.40546556718415,0.5771392319597836,0.03395269122655093,0.03381921929823741,0.0340919167627883,0,0,0,1,1,1,0.05432108771864563,0,0,0
TUR.40.25_1,2049,11,albopictus,12.1441646603977,73.55136203510976,0.3347693807706689,7.124752916498014e-5,6.946078497801135e-5,7.30626091266071e-5,0,0,0,1,1,1,0.03292278636559498,0,0,0
TUR.40.25_1,2049,12,albopictus,9.330528034883388,81.45421519691061,0.2753530719325221,0,0,0,0,0,0,1,1,1,0.026295170903317566,0,0,0
TUR.40.25_1,2050,1,albopictus,7.367948412895203,74.36976488082506,0.24635259745677815,0,0,0,0,0,0,1,1,1,0.023558632457580275,0,0,0
TUR.40.25_1,2050,2,albopictus,8.241356053773096,79.26241349640912,0.18427919816643942,0,0,0,0,0,0,1,1,1,0.01955055960828256,0,0,0
TUR.40.25_1,2050,3,albopictus,9.455674970851224,76.35481372365302,0.22621808174768748,0,0,0,0,0,0,1,1,1,0.021654180156948533,0,0,0
TUR.40.25_1,2050,4,albopictus,15.057668012731217,72.8248177658715,0.2991318056907416,0.004583258526217986,0.004549785466866091,0.004620330099841124,0,0,0,1,1,1,0.029470209264997105,0,0,0
TUR.40.25_1,2050,5,albopictus,17.306254218606387,70.95012045438726,0.4181071689044904,0.016517391832558327,0.016427661790919226,0.01659893934634984,0,0,0,1,1,1,0.03965432776551325,0,0,0
TUR.40.25_1,2050,6,albopictus,24.01920722512638,65.45107297805396,0.4702747516522242,0.08603806330223461,0.08573244920782946,0.08634334950114524,1.356530443530346e-11,1.2252812653379409e-11,1.4973847162202957e-11,0.9999999999864347,0.9999999999850262,0.9999999999877471,0.04593881575840464,6.231740211600749e-13,5.628797030058457e-13,6.878808059789517e-13
TUR.40.25_1,2050,7,albopictus,24.48257547266343,71.05387170583563,0.5522597548699663,0.1002523484433959,0.09992730160678374,0.10058363700982348,1.000474030177223e-9,9.125494110362453e-10,1.0961014318411344e-9,0.999999998999526,0.9999999989038986,0.9999999990874506,0.052041441558484,5.2066110772248916e-11,4.7490386843671756e-11,5.704269860733103e-11
TUR.40.25_1,2050,8,albopictus,26.663495400372675,68.71257239424853,0.6557736472994955,0.11346916033234208,0.11304235554839223,0.11384633359772646,3.1497126488311266e-8,2.834018503483637e-8,3.4484690505931503e-8,0.9999999685028735,0.9999999655153096,0.9999999716598149,0.061490185971711186,1.9367641653407704e-9,1.742643248264795e-9,2.1204700323866317e-9
TUR.40.25_1,2050,9,albopictus,24.61947233536664,63.40607370427942,0.5226832640213056,0.08865447302416779,0.08834109309667254,0.08898477376558671,3.159885242354221e-11,2.8557117781602414e-11,3.504594392467197e-11,0.9999999999684012,0.9999999999649541,0.999999999971443,0.05092582898405351,1.6091977546136556e-12,1.4542948964233583e-12,1.7847437468925741e-12
TUR.40.25_1,2050,10,albopictus,14.98483248317943,73.73350664384431,0.5150825428467394,0.004388920538560611,0.004355918346342239,0.004422933196297225,0,0,0,1,1,1,0.04862473865750305,0,0,0
TUR.40.25_1,2050,11,albopictus,11.972405054989984,75.07904910786367,0.2987734230595505,4.247327829851007e-5,4.127190706222982e-5,4.3689464205008594e-5,0,0,0,1,1,1,0.0294354265397192,0,0,0
TUR.40.25_1,2050,12,albopictus,10.490294232087978,75.13155284339499,0.24574583153887491,9.873101598953462e-20,2.5332464529441333e-22,4.2761201457697005e-19,0,0,0,1,1,1,0.023501294837798725,0,0,0
TUR.40.25_1,2051,1,albopictus,6.5293930768966675,77.23901994674303,0.2500138847353938,0,0,0,0,0,0,1,1,1,0.02390454204623005,0,0,0
TUR.40.25_1,2051,2,albopictus,6.104914346162011,77.43164872590131,0.1870179518508963,0,0,0,0,0,0,1,1,1,0.019838218420930587,0,0,0
TUR.40.25_1,2051,3,albopictus,9.112259710536282,77.26399341115302,0.22958013026451282,0,0,0,0,0,0,1,1,1,0.021972442519217816,0,0,0
TUR.40.25_1,2051,4,albopictus,14.437054914586685,69.65480433813713,0.3035774964856072,0.002612795156362307,0.002588615564661284,0.0026387678803784075,0,0,0,1,1,1,0.029901580906326886,0,0,0
TUR.40.25_1,2051,5,albopictus,17.5818374858183,81.57102346952398,0.42432106912073064,0.02145179916322538,0.021358353980548292,0.02154414259286352,0,0,0,1,1,1,0.04023165340538071,0,0,0
TUR.40.25_1,2051,6,albopictus,22.996561274808997,74.61711912063208,0.47726396541921323,0.08685754962829555,0.0866018974281147,0.08711835210344093,1.7723363998634058e-11,1.62929614244689e-11,1.927098758347512e-11,0.9999999999822766,0.999999999980729,0.999999999983707,0.046605396543834665,8.260044072470634e-13,7.593399280607744e-13,8.981320181191721e-13
TUR.40.25_1,2051,7,albopictus,26.312417086432962,65.98093850881415,0.5604674280825515,0.10571838887358602,0.10533024088127545,0.10609106530115993,4.409996941623362e-9,3.97512372185549e-9,4.858391902673453e-9,0.9999999955900031,0.9999999951416081,0.9999999960248763,0.05279409751469033,2.3282180857554988e-10,2.0986306940459743e-10,2.564944158743242e-10
TUR.40.25_1,2051,8,albopictus,25.141026833478143,70.03675681197313,0.6655197418700237,0.10523032518920143,0.10489029866235418,0.10559163021842859,3.875410039100302e-9,3.5371159917696462e-9,4.259572261577915e-9,0.99999999612459,0.9999999957404277,0.999999996462884,0.06237494338401206,2.417284817787133e-10,2.2062740972931534e-10,2.656905786560307e-10
TUR.40.25_1,2051,9,albopictus,21.436551879434024,78.8841926007638,0.5304513720301617,0.06888544181665295,0.06866755426639622,0.06908917504784029,2.470845750224271e-14,2.2537527399890678e-14,2.6867397195928788e-14,0.9999999999999752,0.9999999999999731,0.9999999999999775,0.05166279377277716,1.2765079443817937e-15,1.1643516302088667e-15,1.3880448005445604e-15
TUR.40.25_1,2051,10,albopictus,17.07334681118236,78.96591326005525,0.5227376890925288,0.016494134855703866,0.016416795170987597,0.016575050732783102,0,0,0,1,1,1,0.04932927605352022,0,0,0
TUR.40.25_1,2051,11,albopictus,13.227100947323969,73.6458063100121,0.30321378757906126,6.819356110452993e-4,6.714977755177877e-4,6.909430973737878e-4,0,0,0,1,1,1,0.029866296921150726,0,0,0
TUR.40.25_1,2051,12,albopictus,10.937529339509853,77.22836223060202,0.2493981010747947,1.8731132926112353e-8,1.6637647563591827e-8,2.116315318098458e-8,0,0,0,1,1,1,0.02384637286456892,0,0,0
TUR.40.25_1,2052,1,albopictus,8.699374079704285,77.30132158248522,0.248172986662918,0,0,0,0,0,0,1,1,1,0.02373063375757878,0,0,0
TUR.40.25_1,2052,2,albopictus,8.990089574280908,73.61256455842084,0.19227093668170148,0,0,0,0,0,0,1,1,1,0.019693593898601258,0,0,0
TUR.40.25_1,2052,3,albopictus,9.707980001673977,78.48644366750068,0.22788968967266338,0,0,0,0,0,0,1,1,1,0.021812432900882084,0,0,0
TUR.40.25_1,2052,4,albopictus,14.936945242040299,70.55149470678947,0.3013421997191142,0.004046153290322635,0.004012718925343022,0.004080414811850278,0,0,0,1,1,1,0.02968471088284874,0,0,0
TUR.40.25_1,2052,5,albopictus,19.43949015000287,63.68303061063726,0.42119671529101455,0.032907255636899974,0.032771176496718186,0.03305278117526186,0,0,0,1,1,1,0.03994141702276277,0,0,0
TUR.40.25_1,2052,6,albopictus,23.42225097207462,73.33080320266333,0.473749783337157,0.09084014540537408,0.09055395166074376,0.09113074587007523,6.2753910623492e-11,5.736079389251359e-11,6.859432188921488e-11,0.9999999999372461,0.9999999999314058,0.9999999999426392,0.04627029744406119,2.9036421103270066e-12,2.6541009950340922e-12,3.17387967678765e-12
TUR.40.25_1,2052,7,albopictus,26.1218443477855,67.67174585134345,0.5563406036498421,0.1081978653483425,0.10780139341125167,0.10858811254402387,8.410884836052013e-9,7.584576774966046e-9,9.285152965943231e-9,0.9999999915891151,0.999999990714847,0.9999999924154231,0.05241573624457896,4.4086272115003105e-10,3.9755117576337955e-10,4.866881288534505e-10
TUR.40.25_1,2052,8,albopictus,25.30547271055334,69.53627616011767,0.6606193979899236,0.10577852090270376,0.10542338604683256,0.10611647383816221,4.479643682664403e-9,4.074325934966261e-9,4.890925220379927e-9,0.9999999955203563,0.9999999951090748,0.9999999959256741,0.06193019097997188,2.77425188789631e-10,2.52323783267113e-10,3.0289593296688993e-10
TUR.40.25_1,2052,9,albopictus,21.740865539101993,71.48259653142786,0.5265455613215047,0.06566178376588293,0.06544501414753785,0.0658895895903024,6.307621092105364e-15,5.773159728050814e-15,6.994405055138486e-15,0.9999999999999937,0.999999999999993,0.9999999999999942,0.05129231886569385,3.2353251234024447e-16,2.9611874963376476e-16,3.587592543639842e-16
TUR.40.25_1,2052,10,albopictus,17.81025095546947,82.20108934648103,0.5188886756456182,0.02380914368767703,0.02370655841552106,0.02391499234500375,0,0,0,1,1,1,0.04897509934643707,0,0,0
TUR.40.25_1,2052,11,albopictus,10.482105830136469,78.45523166401601,0.3009811688679319,1.650796514927309e-20,2.7829445246796125e-23,8.35402115484134e-20,0,0,0,1,1,1,0.029649678874996255,0,0,0
TUR.40.25_1,2052,12,albopictus,6.089906944948085,79.2762824576528,0.2475617371303137,0,0,0,0,0,0,1,1,1,0.023672882611402768,0,0,0
TUR.40.25_1,2053,1,albopictus,3.362511992454529,78.85212572066881,0.2485453759095431,0,0,0,0,0,0,1,1,1,0.023765815595942263,0,0,0
TUR.40.25_1,2053,2,albopictus,4.604852357331445,84.69654893342084,0.18591946280827285,0,0,0,0,0,0,1,1,1,0.019722851241579353,0,0,0
TUR.40.25_1,2053,3,albopictus,8.884759748683255,71.84021106252021,0.22823164336791427,0,0,0,0,0,0,1,1,1,0.02184480283494772,0,0,0
TUR.40.25_1,2053,4,albopictus,14.4134438458611,70.44423304907463,0.30179437058685726,0.0025851353841615738,0.0025591336337004284,0.0026092108271182648,0,0,0,1,1,1,0.02972858472154416,0,0,0
TUR.40.25_1,2053,5,albopictus,18.557640861062442,62.28338003690679,0.4218287306025812,0.024181686242263703,0.024065114662160512,0.024301574740317182,0,0,0,1,1,1,0.040000135071366016,0,0,0
TUR.40.25_1,2053,6,albopictus,22.94093917397892,64.6701624861106,0.47446065573015184,0.07308685719340902,0.07282071795020342,0.07334680929530568,1.332021160038721e-13,1.199040866595169e-13,1.4711010187795634e-13,0.9999999999998668,0.9999999999998529,0.9999999999998801,0.04633809304592418,6.1723320453014114e-15,5.55612672421525e-15,6.816801588816128e-15
TUR.40.25_1,2053,7,albopictus,25.84709077722886,66.2631040361579,0.5571754054590393,0.1035206983436707,0.10315560197380705,0.10388976637538579,2.4540034750941686e-9,2.2205796784691145e-9,2.706949112085688e-9,0.9999999975459966,0.9999999972930509,0.9999999977794204,0.05249228589994259,1.2881625201409576e-10,1.1656330334580336e-10,1.4209394670819767e-10
TUR.40.25_1,2053,8,albopictus,25.731767037335565,70.46139746749071,0.6616106725167421,0.11132229541748348,0.11095082803239333,0.11169404063223107,1.8545635652733594e-8,1.6885577291958497e-8,2.03217086297558e-8,0.9999999814543643,0.9999999796782914,0.9999999831144227,0.062020175506326214,1.1502035780589182e-9,1.0472464671729027e-9,1.2603559358058784e-9
TUR.40.25_1,2053,9,albopictus,23.26850683548871,69.10706628850794,0.527335654987745,0.08273992278852614,0.08246786811901852,0.08300869327292613,4.492207605899523e-12,4.088079874620121e-12,4.918593310421215e-12,0.9999999999955078,0.9999999999950815,0.9999999999959119,0.05136727269762531,2.307524531065873e-13,2.0999351372928564e-13,2.526547238651222e-13
TUR.40.25_1,2053,10,albopictus,18.73069353664623,71.77300401933259,0.5196672799796526,0.029300351621616295,0.029158723001530495,0.029423009907420698,0,0,0,1,1,1,0.04904675523804469,0,0,0
TUR.40.25_1,2053,11,albopictus,13.396669009152582,79.21240329487539,0.3014327980006195,9.502779730653045e-4,9.376051043581252e-4,9.6252040321258e-4,0,0,0,1,1,1,0.029693501732798167,0,0,0
TUR.40.25_1,2053,12,albopictus,9.575589909273036,78.77712169105124,0.24793320918302494,0,0,0,0,0,0,1,1,1,0.02370797987458495,0,0,0
TUR.40.25_1,2054,1,albopictus,7.335330843925476,81.24329240768053,0.23699858799274645,0,0,0,0,0,0,1,1,1,0.022674331452832264,0,0,0
TUR.40.25_1,2054,2,albopictus,9.393158116761377,79.26503800812787,0.177282116010748,0,0,0,0,0,0,1,1,1,0.018815253451715974,0,0,0
TUR.40.25_1,2054,3,albopictus,8.580151403651517,76.09423175343818,0.21762857995453416,0,0,0,0,0,0,1,1,1,0.020840599820045047,0,0,0
TUR.40.25_1,2054,4,albopictus,11.707286161534928,77.9198113571801,0.28777376940328164,1.597706996457534e-5,1.5424019162017876e-5,1.6506100217111574e-5,0,0,0,1,1,1,0.02836725175387489,0,0,0
TUR.40.25_1,2054,5,albopictus,15.587199042825137,76.51231527860601,0.40223163742933193,0.006996734961127379,0.006949621690148666,0.007042316569680779,0,0,0,1,1,1,0.038177774654723606,0,0,0
TUR.40.25_1,2054,6,albopictus,22.267154917997473,69.54116849807349,0.45241841677667305,0.07054180660393415,0.07029237583475914,0.07080844749185804,4.861000491018785e-14,4.3853809472693683e-14,5.4067861299245124e-14,0.9999999999999514,0.9999999999999459,0.9999999999999561,0.044233690247103774,2.150199900107443e-15,1.9398158243706377e-15,2.3916210290341785e-15
TUR.40.25_1,2054,7,albopictus,24.266741808723,66.81605584890204,0.5312904489767583,0.09074223204271335,0.0904399674108857,0.09107414944989622,6.088626280931209e-11,5.536100466940752e-11,6.740459856935387e-11,0.9999999999391137,0.9999999999325954,0.999999999944639,0.050115807775302224,3.0513642431080172e-12,2.7744614682596363e-12,3.37803590507315e-12
TUR.40.25_1,2054,8,albopictus,25.838986733380487,69.88165503585009,0.6308739183482783,0.11092423948570547,0.11054488685853789,0.1112769763269661,1.6792141947052918e-8,1.5251987850462e-8,1.831853110589865e-8,0.9999999832078581,0.9999999816814689,0.9999999847480122,0.059225977802236374,9.945310262081585e-10,9.033138938714413e-10,1.0849329166475301e-9
TUR.40.25_1,2054,9,albopictus,21.444278548745547,68.84983362249231,0.5028369776463302,0.0592598776950774,0.05905269674266556,0.05946524487735223,3.3328895199247197e-16,3.3306690738754696e-16,3.3306690738754696e-16,0.9999999999999997,0.9999999999999997,0.9999999999999997,0.049040398884714675,1.6344623149579347e-17,1.6333733993583624e-17,1.6333733993583624e-17
TUR.40.25_1,2054,10,albopictus,15.872497278101305,79.04084917314118,0.4955248558960619,0.008666685107549792,0.008608541995766411,0.008720936927106559,0,0,0,1,1,1,0.04682238521494497,0,0,0
TUR.40.25_1,2054,11,albopictus,12.686091998044184,77.87646579487539,0.2874289945625442,2.9056010069323786e-4,2.85329626226292e-4,2.956961988319152e-4,0,0,0,1,1,1,0.028333751723776723,0,0,0
TUR.40.25_1,2054,12,albopictus,8.10494400473202,79.35993113929342,0.23641486098004294,0,0,0,0,0,0,1,1,1,0.022619121048959023,0,0,0
TUR.40.25_1,2055,1,albopictus,9.1429842710495,79.16326768844225,0.25525367386569514,0,0,0,0,0,0,1,1,1,0.02439937151656424,0,0,0
TUR.40.25_1,2055,2,albopictus,7.572985806885888,79.02340745392866,0.19093747268997563,0,0,0,0,0,0,1,1,1,0.020249749631952807,0,0,0
TUR.40.25_1,2055,3,albopictus,7.650036657557767,72.60047259816474,0.23439166892112118,0,0,0,0,0,0,1,1,1,0.02242773819457322,0,0,0
TUR.40.25_1,2055,4,albopictus,14.838779729955338,67.70415126196525,0.3099398713911966,0.0035942168605732905,0.00356386616488821,0.0036254400798345675,0,0,0,1,1,1,0.03051859758470077,0,0,0
TUR.40.25_1,2055,5,albopictus,19.292586158303653,70.28003073270757,0.4332139869204351,0.0345338413785596,0.034400436985910735,0.03467483434558541,0,0,0,1,1,1,0.04105727947384019,0,0,0
TUR.40.25_1,2055,6,albopictus,22.24509833840763,65.95198087600318,0.48726646004440105,0.0663482106313635,0.06610400344132888,0.066570696614418,8.484990488000222e-15,7.66053886991358e-15,9.325873406851315e-15,0.9999999999999916,0.9999999999999907,0.9999999999999923,0.04755855220732075,4.0353386310217847e-16,3.643241377809949e-16,4.4352503729860247e-16
TUR.40.25_1,2055,7,albopictus,24.54934793360093,70.69621331960516,0.572213700257247,0.10035677451253015,0.1000318701794376,0.10068173350156093,1.0299705153204996e-9,9.39669234090168e-10,1.1264168098268357e-9,0.9999999989700294,0.9999999988735832,0.9999999990603308,0.05387020883634619,5.548472675559442e-11,5.0620177877526826e-11,6.068030878214249e-11
TUR.40.25_1,2055,8,albopictus,25.096938469830683,69.00623923384813,0.6794676996530172,0.10282709014810931,0.10249172562579682,0.10316191975152993,2.0335171413421447e-9,1.8540308149850306e-9,2.2243819286504873e-9,0.9999999979664829,0.999999997775618,0.9999999981459692,0.0636396981274423,1.2941241701199351e-10,1.1798996138462316e-10,1.4155899445945491e-10
TUR.40.25_1,2055,9,albopictus,23.17967207291547,69.39235605291223,0.5415685679261367,0.08202282385416441,0.08174715217339916,0.08229626145009214,3.5115541585639676e-12,3.18877424465569e-12,3.853964369859852e-12,0.9999999999964885,0.9999999999961461,0.9999999999968112,0.052716493004921094,1.8511682023633898e-13,1.6810099516266424e-13,2.0316748574493203e-13
TUR.40.25_1,2055,10,albopictus,18.482387262232166,75.48973985917634,0.5336932216790682,0.028226757484450964,0.028113461807577712,0.028340454735734197,0,0,0,1,1,1,0.05033665524052999,0,0,0
TUR.40.25_1,2055,11,albopictus,13.06287632269018,77.28018283589101,0.3095685398761018,5.630053745259071e-4,5.544629830612387e-4,5.711445007523092e-4,0,0,0,1,1,1,0.030482597016496138,0,0,0
TUR.40.25_1,2055,12,albopictus,9.106921925264247,82.55884471351217,0.2546249846157332,0,0,0,0,0,0,1,1,1,0.024340013295325647,0,0,0
TUR.40.25_1,2056,1,albopictus,9.841413378715515,79.78365190475084,0.25119899077548624,0,0,0,0,0,0,1,1,1,0.024016481751854113,0,0,0
TUR.40.25_1,2056,2,albopictus,8.644625821534326,78.71556138459272,0.19461532014160007,0,0,0,0,0,0,1,1,1,0.019931311360227855,0,0,0
TUR.40.25_1,2056,3,albopictus,8.014960134730618,72.92616382130927,0.23066837702068657,0,0,0,0,0,0,1,1,1,0.022075437287672584,0,0,0
TUR.40.25_1,2056,4,albopictus,13.676619810216568,73.66440211645744,0.30501650266361213,0.0012463039852366592,0.0012304501535165553,0.0012614550974512145,0,0,0,1,1,1,0.030041168624541426,0,0,0
TUR.40.25_1,2056,5,albopictus,18.238375495461856,68.89108419950445,0.42633241926028653,0.023581914703871172,0.02348121587611741,0.023689787488537263,0,0,0,1,1,1,0.04041845105060993,0,0,0
TUR.40.25_1,2056,6,albopictus,23.52644370583927,67.60387449172583,0.47952627340556925,0.08372596365694161,0.08344523594547157,0.08400497956082766,6.281367093130541e-12,5.705291794555478e-12,6.892614257125729e-12,0.9999999999937186,0.9999999999931074,0.9999999999942948,0.04682105937068293,2.9410026159651907e-13,2.6712780583995216e-13,3.2271950135209934e-13
TUR.40.25_1,2056,7,albopictus,25.620232638190775,70.18187005788641,0.5631241338691068,0.10981705753406706,0.10942669689970844,0.11016439960786002,1.2709279927025641e-8,1.1499415181193128e-8,1.3859434247476264e-8,0.99999998729072,0.9999999861405657,0.9999999885005848,0.053037593379841486,6.740696209201674e-10,6.099013064860974e-10,7.350710380922955e-10
TUR.40.25_1,2056,8,albopictus,26.11297545713537,73.58354407393603,0.668674412526518,0.12132648810561895,0.12095098507942646,0.12170263328587469,1.995463484366633e-7,1.8309209685041238e-7,2.1704346478412795e-7,0.9999998004536516,0.9999997829565352,0.9999998169079032,0.06266114791202015,1.250380325469327e-8,1.147276096226561e-8,1.360019265017558e-8
TUR.40.25_1,2056,9,albopictus,22.539829085854922,66.0546142011056,0.5329657968815399,0.07001569843168917,0.06976685754953774,0.07027299680583839,3.9285463770966086e-14,3.5416114485542494e-14,4.3523518122867697e-14,0.9999999999999607,0.9999999999999565,0.9999999999999646,0.05190121606065712,2.0389633432200285e-15,1.8381394099431094e-15,2.2589235178148823e-15
TUR.40.25_1,2056,10,albopictus,17.750495630152088,76.52874895341462,0.5252155498456754,0.02154806074935821,0.021449706342850185,0.021640244488015086,0,0,0,1,1,1,0.04955721288579906,0,0,0
TUR.40.25_1,2056,11,albopictus,10.581764796200922,74.85183047993398,0.3046510697183295,2.3997184939019942e-14,6.110615394681743e-15,9.284239834917354e-14,0,0,0,1,1,1,0.030005722485630826,0,0,0
TUR.40.25_1,2056,12,albopictus,8.839474453645595,77.49837413245749,0.25058028820125827,0,0,0,0,0,0,1,1,1,0.023958043533186202,0,0,0
TUR.40.25_1,2057,1,albopictus,5.988870024681091,79.85812242477037,0.2570517619673258,0,0,0,0,0,0,1,1,1,0.024569119574623488,0,0,0
TUR.40.25_1,2057,2,albopictus,7.432730832520654,77.94053697053022,0.1922824970048065,0,0,0,0,0,0,1,1,1,0.020390931020602077,0,0,0
TUR.40.25_1,2057,3,albopictus,7.347871626124662,77.24866595753974,0.23604279842153408,0,0,0,0,0,0,1,1,1,0.022583928786641394,0,0,0
TUR.40.25_1,2057,4,albopictus,13.308590215795181,69.48168574682853,0.3121231864696024,7.164583144315351e-4,7.058578436607356e-4,7.257640662704101e-4,0,0,0,1,1,1,0.030730242815861564,0,0,0
TUR.40.25_1,2057,5,albopictus,17.282448600320254,79.49252462919195,0.4362656840950328,0.01829247326217852,0.018209115703338885,0.018377433850231863,0,0,0,1,1,1,0.0413404379299015,0,0,0
TUR.40.25_1,2057,6,albopictus,24.123541102689856,70.16035489944068,0.49069892003943544,0.094618222836532,0.09430195497205103,0.09493035758322188,1.9752319457833067e-10,1.795838422413709e-10,2.1643418168793005e-10,0.9999999998024768,0.9999999997835658,0.9999999998204162,0.04788541782317013,9.458480702150698e-12,8.599447320018316e-12,1.0364041221342449e-11
TUR.40.25_1,2057,7,albopictus,26.789105471442728,64.57017190725165,0.5762445556429525,0.10479403025892818,0.10438383257831788,0.1051985193743503,3.4527221940416906e-9,3.0902625181017385e-9,3.8387911044379655e-9,0.9999999965472778,0.9999999961612089,0.9999999969097374,0.05423920580046604,1.8727290965446391e-10,1.676133846967866e-10,2.082129807386092e-10
TUR.40.25_1,2057,8,albopictus,26.006745675030878,67.67158728682665,0.684254086339194,0.1074678803977816,0.10708516192097878,0.10786724601198776,6.966396978613787e-9,6.299917224006357e-9,7.714580624318402e-9,0.999999993033603,0.9999999922854194,0.9999999937000827,0.06407331857886067,4.463601729575336e-10,4.036566033142109e-10,4.942987820442588e-10
TUR.40.25_1,2057,9,albopictus,21.731231521157657,70.44621957830286,0.5453835492482764,0.06448570025877484,0.06426102651017297,0.06470905386898097,3.765654454923606e-15,3.4416913763379853e-15,4.107825191113079e-15,0.9999999999999962,0.9999999999999959,0.9999999999999966,0.05307781096807063,1.998726953295082e-16,1.8267744428370642e-16,2.180343689837786e-16
TUR.40.25_1,2057,10,albopictus,16.07596941555248,78.111848318649,0.5374527265562712,0.009668434259182552,0.009610733224471675,0.009725429501492189,0,0,0,1,1,1,0.05068210181306987,0,0,0
TUR.40.25_1,2057,11,albopictus,10.282364466611078,81.1150445912621,0.3117492391771558,0,0,0,0,0,0,1,1,1,0.030693996558021297,0,0,0
TUR.40.25_1,2057,12,albopictus,9.343187107759364,81.51872935706686,0.2564186440302352,0,0,0,0,0,0,1,1,1,0.02450935360307016,0,0,0
TUR.40.25_1,2058,1,albopictus,8.806549906730652,81.3620363041649,0.2639299399116783,0,0,0,0,0,0,1,1,1,0.025218179711216093,0,0,0
TUR.40.25_1,2058,2,albopictus,7.931733289185693,78.823418135081,0.19742758225869242,0,0,0,0,0,0,1,1,1,0.020930800650260095,0,0,0
TUR.40.25_1,2058,3,albopictus,11.40933688949136,77.7548076201374,0.24235881959019115,3.071548837295305e-6,2.9211412639005342e-6,3.2287399629117827e-6,0,0,0,1,1,1,0.023181170171442833,0,0,0
TUR.40.25_1,2058,4,albopictus,12.847330373876236,71.5024529587426,0.3204749627837018,3.5136214967050047e-4,3.453483632085131e-4,3.5755958243913373e-4,0,0,0,1,1,1,0.03153941728662024,0,0,0
TUR.40.25_1,2058,5,albopictus,19.876774619607364,73.08353567655523,0.4479392590328374,0.042765578860997806,0.0426097833147578,0.04292974676933457,0,0,0,1,1,1,0.042422824902685785,0,0,0
TUR.40.25_1,2058,6,albopictus,23.639253840726965,68.9527438154563,0.5038290167300848,0.08701791924245096,0.08670131367355667,0.08730767878308242,1.867621668427688e-11,1.6829460047773635e-11,2.048875236138059e-11,0.9999999999813238,0.9999999999795113,0.9999999999831706,0.049134733114612916,9.176509223726255e-13,8.269110279103984e-13,1.0067093791278305e-12
TUR.40.25_1,2058,7,albopictus,26.479283388923196,68.31145913869696,0.5916636780906731,0.11164052690269129,0.11124773845078449,0.11200484943072249,2.0076258719026185e-8,1.8185452618779682e-8,2.1949612757921068e-8,0.9999999799237412,0.9999999780503872,0.9999999818145474,0.05564939227168675,1.1172315968029595e-9,1.0120093864206438e-9,1.2214826105771695e-9
TUR.40.25_1,2058,8,albopictus,26.31491980833166,71.29194098555712,0.7025633223038537,0.11744664596679846,0.11703493287280559,0.11785984065376875,8.16028917385303e-8,7.398526727653287e-8,8.979773146733371e-8,0.9999999183971082,0.9999999102022685,0.9999999260147326,0.0657301827741269,5.363772988870887e-9,4.863065140679136e-9,5.9024213020498114e-9
TUR.40.25_1,2058,9,albopictus,21.449500869302188,74.0730353742013,0.5599768944599267,0.06424514308011342,0.0640252944441319,0.06443582727754327,3.38629124740919e-15,3.1086244689504383e-15,3.6637359812630166e-15,0.9999999999999966,0.9999999999999963,0.9999999999999969,0.054458679387840214,1.8441294935650657e-16,1.6929158329176697e-16,1.9952222316529677e-16
TUR.40.25_1,2058,10,albopictus,18.017533975489002,81.83101030595368,0.5518338592185765,0.025758004317185584,0.025648063293532208,0.025855958406413998,0,0,0,1,1,1,0.052002369969978535,0,0,0
TUR.40.25_1,2058,11,albopictus,13.530476191464594,77.55255985005117,0.32009100942866464,0.001103936262570525,0.0010909624693536412,0.001117662478876299,0,0,0,1,1,1,0.03150223220376247,0,0,0
TUR.40.25_1,2058,12,albopictus,8.586581005769618,78.42891612464499,0.2632798810370981,0,0,0,0,0,0,1,1,1,0.025156855307498116,0,0,0
TUR.40.25_1,2059,1,albopictus,6.58366334438324,84.366331653286,0.24958757347318633,0,0,0,0,0,0,1,1,1,0.023864271491015332,0,0,0
TUR.40.25_1,2059,2,albopictus,5.825812974396874,78.64323472443647,0.18669905812548024,0,0,0,0,0,0,1,1,1,0.019804728480015577,0,0,0
TUR.40.25_1,2059,3,albopictus,8.390882337794583,75.69352069386787,0.2291886616258234,0,0,0,0,0,0,1,1,1,0.02193539016093715,0,0,0
TUR.40.25_1,2059,4,albopictus,11.468095106237076,73.58572017065666,0.30305985121225953,3.926115352701405e-6,3.752496166588876e-6,4.112348303093885e-6,0,0,0,1,1,1,0.02985136292045032,0,0,0
TUR.40.25_1,2059,5,albopictus,20.703413795022403,64.52350760038335,0.42359753790265636,0.04689602562674721,0.04673041432392288,0.047086680431840805,0,0,0,1,1,1,0.04016444888865034,0,0,0
TUR.40.25_1,2059,6,albopictus,22.4895861008588,67.48839597610083,0.4764501586031664,0.07103262208472695,0.07078093184538449,0.07128355015393976,5.92135229737778e-14,5.340172748447003e-14,6.539213615042172e-14,0.9999999999999408,0.9999999999999346,0.9999999999999466,0.04652780548400337,2.7550752789464982e-15,2.4846651889071782e-15,3.0425525909902867e-15
TUR.40.25_1,2059,7,albopictus,26.502036150764017,68.46072824270087,0.5595117468533072,0.11210596313067289,0.11171717993840036,0.11250068396926756,2.2530834880907236e-8,2.0438796033417362e-8,2.48087299259403e-8,0.9999999774691651,0.99999997519127,0.999999979561204,0.05270649086024448,1.1875212427242147e-9,1.0772572163297135e-9,1.307581097095846e-9
TUR.40.25_1,2059,8,albopictus,27.469209053937128,69.25913458907274,0.6643849306515152,0.1174857888956128,0.11705219623496793,0.11791669572452329,8.237144194800372e-8,7.428694676625548e-8,9.099944663359949e-8,0.999999917628558,0.9999999090005534,0.9999999257130533,0.06227196733293572,5.1294317421528985e-9,4.625994322291795e-9,5.6667145680827335e-9
TUR.40.25_1,2059,9,albopictus,22.282865355996524,71.3845588117013,0.5295468726892983,0.07284936649763735,0.07260614304855527,0.07309071116239249,1.2140732863485936e-13,1.1024514634527804e-13,1.3322676295501878e-13,0.9999999999998785,0.9999999999998668,0.9999999999998898,0.05157701285560157,6.261827349764386e-15,5.6861153303180816e-15,6.871438465641187e-15
TUR.40.25_1,2059,10,albopictus,19.0149762209724,77.56058641679353,0.5218463427408,0.03492736078582158,0.03479345902341774,0.03506240246082235,0,0,0,1,1,1,0.04924726830226722,0,0,0
TUR.40.25_1,2059,11,albopictus,12.38574943822973,75.66075992329336,0.3026967624840816,1.4343564842868634e-4,1.4051588241410171e-4,1.4639880466501624e-4,0,0,0,1,1,1,0.029816137277474453,0,0,0
TUR.40.25_1,2059,12,albopictus,9.198494686799892,81.08706584388327,0.24897283981630952,0,0,0,0,0,0,1,1,1,0.023806199103724057,0,0,0
TUR.40.25_1,2060,1,albopictus,6.877116560935974,80.91766984908678,0.2866123938709585,0,0,0,0,0,0,1,1,1,0.027355553367764074,0,0,0
TUR.40.25_1,2060,2,albopictus,5.8571855215465325,78.38468980256147,0.22205169940193198,0,0,0,0,0,0,1,1,1,0.022709043714511656,0,0,0
TUR.40.25_1,2060,3,albopictus,10.304339254603665,77.87841907033271,0.2631874257302131,0,0,0,0,0,0,1,1,1,0.025148133066338563,0,0,0
TUR.40.25_1,2060,4,albopictus,17.09287862216725,62.56069575659416,0.3480169634785677,0.013369449262774242,0.013290705971005156,0.013445199993943571,0,0,0,1,1,1,0.0342030816747082,0,0,0
TUR.40.25_1,2060,5,albopictus,19.51575548508588,70.93761587675054,0.48643569343875015,0.0373212048982486,0.03716756569368475,0.03747094196340055,0,0,0,1,1,1,0.04598360480801045,0,0,0
TUR.40.25_1,2060,6,albopictus,24.37523864297306,54.86782865432349,0.5471286836005956,0.07403347788485161,0.07371331333346563,0.07434616811255408,1.921224290768464e-13,1.6952828030269983e-13,2.1616319845207955e-13,0.9999999999998079,0.9999999999997838,0.9999999999998305,0.05324304719378581,1.02291835583233e-14,9.026202228837996e-15,1.150918737674376e-14
TUR.40.25_1,2060,7,albopictus,25.360739764045267,72.68190820485907,0.6425119605635182,0.11268192685893573,0.11230777829888083,0.11302486030199647,2.5965979640441005e-8,2.365628273826026e-8,2.821894045934581e-8,0.9999999740340204,0.9999999717810596,0.9999999763437173,0.06028493952881753,1.5653575124304931e-9,1.4261175743526295e-9,1.7011771191589642e-9
TUR.40.25_1,2060,8,albopictus,26.500506737652948,72.77100592696337,0.7629424525267032,0.12212301470309932,0.12171194948869368,0.12252563498966079,2.3884180827271616e-7,2.174999178455872e-7,2.6112005621081733e-7,0.9999997611581918,0.9999997388799438,0.9999997825000821,0.07117333559773809,1.6999168174964644e-8,1.548019464530444e-8,1.8584785391992735e-8
TUR.40.25_1,2060,9,albopictus,23.55585844376508,71.87813486150598,0.6081019769386273,0.09039408048648839,0.09010526289106546,0.0906772163840196,5.462987806570396e-11,4.986915047577867e-11,5.960156534978723e-11,0.9999999999453701,0.9999999999403985,0.9999999999501309,0.05899817285580222,3.223062989211801e-12,2.9421887599420014e-12,3.5163834549831387e-12
TUR.40.25_1,2060,10,albopictus,19.149276452905994,78.24828478105134,0.5992591195323019,0.036839525877303235,0.03670024262980626,0.03697160908540295,0,0,0,1,1,1,0.05634327526311178,0,0,0
TUR.40.25_1,2060,11,albopictus,14.411016085568598,76.31715488178945,0.3476000127140625,0.0028073084602109086,0.002781094367162098,0.002832848548239173,0,0,0,1,1,1,0.03416281185884229,0,0,0
TUR.40.25_1,2060,12,albopictus,8.918614163118251,74.38529887610983,0.28590646816104154,0,0,0,0,0,0,1,1,1,0.027289104512099982,0,0,0
TUR.40.25_1,2061,1,albopictus,7.909875750541687,81.261351184536,0.25915719307066837,0,0,0,0,0,0,1,1,1,0.02476784473333049,0,0,0
TUR.40.25_1,2061,2,albopictus,7.977216878358056,75.46789597931928,0.19385742318591456,0,0,0,0,0,0,1,1,1,0.020556218357243083,0,0,0
TUR.40.25_1,2061,3,albopictus,10.156421507106106,74.78199115285224,0.2379761516330164,0,0,0,0,0,0,1,1,1,0.022766784954248775,0,0,0
TUR.40.25_1,2061,4,albopictus,12.132115644567154,81.49248896948478,0.31467969049757727,8.217872699120953e-5,8.019264540925132e-5,8.412520489929606e-5,0,0,0,1,1,1,0.030978005348060056,0,0,0
TUR.40.25_1,2061,5,albopictus,20.38413126328412,76.90122366483648,0.4398390007437296,0.05188892204752876,0.05170350303222861,0.05206618743774939,0,0,0,1,1,1,0.041671889731352496,0,0,0
TUR.40.25_1,2061,6,albopictus,22.55727218179142,71.46541623977271,0.49471808240860426,0.07662655473560748,0.07637378119663267,0.07687919640247597,5.102689382141534e-13,4.640676731781923e-13,5.595607310837636e-13,0.9999999999994897,0.9999999999994404,0.9999999999995359,0.048268011242748265,2.462966684654598e-14,2.2399623666361014e-14,2.700888365895154e-14
TUR.40.25_1,2061,7,albopictus,26.868231829474954,63.71958215505439,0.5809643957300112,0.10322244231675513,0.102830561421443,0.1036211346610886,2.2645642745455776e-9,2.0331707262233324e-9,2.518163386144856e-9,0.9999999977354357,0.9999999974818365,0.9999999979668293,0.054671091647134684,1.2380620099450833e-10,1.1115566310762718e-10,1.376707412663844e-10
TUR.40.25_1,2061,8,albopictus,26.4026616601383,70.90408927046923,0.6898585989281834,0.11711079932938918,0.11672307454685318,0.11747973256498259,7.539712505100216e-8,6.873371007909413e-8,8.214598380962279e-8,0.9999999246028749,0.9999999178540162,0.9999999312662899,0.06458080154426493,4.869206769926896e-9,4.4388780900190204e-09,5.305053478067649e-9
TUR.40.25_1,2061,9,albopictus,22.906358550576602,71.36444772771692,0.5498506164220258,0.08116085835354551,0.08089397986911824,0.08142027246645679,2.6036934830386827e-12,2.3692631190286305e-12,2.8468227775135803e-12,0.9999999999973963,0.9999999999971532,0.9999999999976308,0.05350071300711934,1.392994577945595e-13,1.267572661695032e-13,1.523070484018844e-13
TUR.40.25_1,2061,10,albopictus,16.449996667749744,77.15335985429353,0.5418548348258565,0.011769502932812172,0.011704276034200684,0.011840589452232392,0,0,0,1,1,1,0.05108643505315391,0,0,0
TUR.40.25_1,2061,11,albopictus,11.881497958127191,77.72447299702382,0.31430268031906244,3.2651757098867536e-5,3.167825657595506e-5,3.363402096860113e-5,0,0,0,1,1,1,0.03094147154386473,0,0,0
TUR.40.25_1,2061,12,albopictus,11.074607624727138,77.72547069007467,0.2585188894612967,1.458025698129932e-7,1.3373908051017578e-7,1.5960565049346361e-7,0,0,0,1,1,1,0.024707601498050957,0,0,0
TUR.40.25_1,2062,1,albopictus,8.484138369560242,79.68685777633287,0.27063485250454944,0,0,0,0,0,0,1,1,1,0.025850473930653095,0,0,0
TUR.40.25_1,2062,2,albopictus,5.931860604706933,79.66866349640912,0.20244305978621124,0,0,0,0,0,0,1,1,1,0.021456784266644324,0,0,0
TUR.40.25_1,2062,3,albopictus,10.723529661402981,74.09139361867256,0.24851573646747857,6.516538042451213e-11,4.448430072551306e-11,9.515945861997096e-11,0,0,0,1,1,1,0.02376301542709891,0,0,0
TUR.40.25_1,2062,4,albopictus,14.8489907208611,72.73687373510978,0.3286163529359044,0.003889558359273611,0.003857901171705225,0.003922986409863021,0,0,0,1,1,1,0.032327557960141085,0,0,0
TUR.40.25_1,2062,5,albopictus,19.192562888650333,69.20792532499273,0.45931876974592933,0.032959291148609064,0.032825210213801206,0.03309370475068705,0,0,0,1,1,1,0.0434767696060222,0,0,0
TUR.40.25_1,2062,6,albopictus,24.25502799539005,63.48152952102271,0.5166283585556387,0.0854088311421172,0.08511380636189184,0.08571223823247527,1.1025270252318364e-11,9.985498539144544e-12,1.2171491592383177e-11,0.9999999999889747,0.9999999999878285,0.9999999999900145,0.05035099953617639,5.551333773607013e-13,5.02779832312957e-13,6.128467675226601e-13
TUR.40.25_1,2062,7,albopictus,26.65079408533433,67.20931680471259,0.6066943837669679,0.11002075145969975,0.10962642552555661,0.11042785698131474,1.3382710061016212e-8,1.2097174920122633e-8,1.480995651947925e-8,0.99999998661729,0.9999999851900434,0.9999999879028252,0.05702203140120943,7.631093133325477e-10,6.89805488161156e-10,8.444938057042921e-10
TUR.40.25_1,2062,8,albopictus,26.46660552305334,65.94330817305712,0.7204113378362366,0.10641187772495903,0.10602177950120244,0.10678673360895326,5.291755817871113e-9,4.770731126813032e-9,5.828807306262895e-9,0.9999999947082442,0.9999999941711927,0.9999999952292689,0.06734248630877859,3.563599937143849e-10,3.2127289559027054e-10,3.925263762185176e-10
TUR.40.25_1,2062,9,albopictus,22.724904845742618,66.51881708196497,0.5742026247148485,0.0727769331630262,0.07252074768430859,0.07303333536517205,1.1803447108604815e-13,1.0668965710891598e-13,1.3023471190365396e-13,0.999999999999882,0.9999999999998698,0.9999999999998933,0.05580282466594344,6.586656894552115e-15,5.9535842293184644e-15,7.26746479377926e-15
TUR.40.25_1,2062,10,albopictus,18.579276758081775,74.30320879228181,0.5658527226831971,0.02875843469329674,0.028633241292129095,0.028881651341757512,0,0,0,1,1,1,0.0532876124039221,0,0,0
TUR.40.25_1,2062,11,albopictus,13.462347605649164,78.00579929096914,0.32822264557688374,0.0010175879381805971,0.0010050510946457277,0.0010299918024706122,0,0,0,1,1,1,0.03228945923400339,0,0,0
TUR.40.25_1,2062,12,albopictus,9.61657787771786,77.56931224280905,0.26996827944466795,0,0,0,0,0,0,1,1,1,0.025787632371840785,0,0,0
TUR.40.25_1,2063,1,albopictus,6.482542872428894,75.87696702926256,0.2477170523218194,0,0,0,0,0,0,1,1,1,0.023687557188204145,0,0,0
TUR.40.25_1,2063,2,albopictus,7.711406865540673,76.9319157547099,0.1852998516974346,0,0,0,0,0,0,1,1,1,0.019657771515696254,0,0,0
TUR.40.25_1,2063,3,albopictus,8.508841360316556,80.11543384084052,0.22747101906349995,0,0,0,0,0,0,1,1,1,0.021772799351084893,0,0,0
TUR.40.25_1,2063,4,albopictus,12.211297315709732,78.88438044897697,0.3007885848429684,9.739402793389539e-5,9.522347397326762e-5,9.967136534091864e-5,0,0,0,1,1,1,0.029630991298003728,0,0,0
TUR.40.25_1,2063,5,albopictus,18.1945141063017,75.97521353300054,0.4204229080791928,0.025524748748673352,0.02541260241210473,0.025636589178951133,0,0,0,1,1,1,0.039869520757744414,0,0,0
TUR.40.25_1,2063,6,albopictus,22.693235621732825,75.26560239699927,0.47287942754938217,0.08341454082498391,0.0831591159513158,0.08367664982873406,5.6513193014140485e-12,5.177064332784198e-12,6.1700866638148e-12,0.9999999999943486,0.9999999999938298,0.9999999999948229,0.046187285414954427,2.610190975454515e-13,2.3911454794988433e-13,2.8497955377661815e-13
TUR.40.25_1,2063,7,albopictus,26.038146075080423,69.48810632497626,0.5553185150254423,0.11153694512626444,0.11114159300606712,0.11190814222606615,1.9566040415641695e-8,1.771008180384559e-8,2.1430130181521178e-8,0.9999999804339595,0.9999999785698698,0.9999999822899182,0.05232200434164247,1.0237344515759568e-9,9.266269770316522e-10,1.1212673643995144e-9
TUR.40.25_1,2063,8,albopictus,25.813193657818964,70.06133490645556,0.6594057321756479,0.11111711029618238,0.1107492171297751,0.11149746485750309,1.7620926908046285e-8,1.6054303048074202e-8,1.935265909192019e-8,0.9999999823790731,0.9999999806473409,0.9999999839456969,0.06182000677474242,1.0893258208326623e-9,9.924771231957154e-10,1.1963815161717865e-9
TUR.40.25_1,2063,9,albopictus,23.306161712197696,68.72016443303919,0.5255782110599486,0.08266090491739315,0.08237286451870854,0.08292963780379206,4.372768369620417e-12,3.956890370915289e-12,4.78770079137547e-12,0.9999999999956273,0.9999999999952123,0.999999999996043,0.051200541164357793,2.2388810691095185e-13,2.0259492831889922e-13,2.451328714514482e-13
TUR.40.25_1,2063,10,albopictus,16.330342965967517,83.073762381149,0.5179353923345892,0.011912790972936828,0.011847071500134181,0.011979604690762473,0,0,0,1,1,1,0.04888736018653428,0,0,0
TUR.40.25_1,2063,11,albopictus,13.552246668759516,78.35795688374257,0.3004282172644712,0.001149584327099998,0.0011358133889813242,0.0011637773089484263,0,0,0,1,1,1,0.029596021714920817,0,0,0
TUR.40.25_1,2063,12,albopictus,10.180280461030849,79.4691306632192,0.24710692575451698,0,0,0,0,0,0,1,1,1,0.02362990959994571,0,0,0
TUR.40.25_1,2064,1,albopictus,11.15370261669159,79.16242845504381,0.27868779596011833,3.813405728794248e-7,3.544614942458914e-7,4.0900090328574076e-7,0,0,0,1,1,1,0.02660934958186001,0,0,0
TUR.40.25_1,2064,2,albopictus,8.111133733216455,77.03500413361616,0.21591215180800863,0,0,0,0,0,0,1,1,1,0.022088144042890168,0,0,0
TUR.40.25_1,2064,3,albopictus,10.986408079371731,76.66942706593818,0.25591050899980794,4.085018488278956e-8,3.6511795709635045e-8,4.545919164598611e-8,0,0,0,1,1,1,0.024461383297565198,0,0,0
TUR.40.25_1,2064,4,albopictus,15.026535314672135,72.78657924048088,0.3383945795178766,0.004473291386047094,0.0044359553168777715,0.004506639720984353,0,0,0,1,1,1,0.033273307536642815,0,0,0
TUR.40.25_1,2064,5,albopictus,19.04944116928998,66.83812094266851,0.4729861449809178,0.03045209252557004,0.030325776007588876,0.03058184041119593,0,0,0,1,1,1,0.044741078004493784,0,0,0
TUR.40.25_1,2064,6,albopictus,24.374414668363684,63.52600507644263,0.5320010236816944,0.0866051548714893,0.08628707322883587,0.08688653435780577,1.6329934959813386e-11,1.4700685113666623e-11,1.7874618452040636e-11,0.9999999999836701,0.9999999999821254,0.9999999999852993,0.05180974161836849,8.460497109126941e-13,7.616386973520637e-13,9.260793635271471e-13
TUR.40.25_1,2064,7,albopictus,25.72199540979722,63.12951715261298,0.624747031170186,0.0966240502378123,0.09626067245599308,0.09698502459254767,3.560885061260066e-10,3.199347703430888e-10,3.948537136144736e-10,0.9999999996439115,0.9999999996051463,0.9999999996800651,0.058668004372046334,2.0891002034236006e-11,1.8769934505257975e-11,2.316527939665267e-11
TUR.40.25_1,2064,8,albopictus,25.5248540429508,66.91844397627978,0.7418477186817095,0.10247121007274296,0.10212622690969062,0.10280823287397825,1.8457613194522438e-9,1.6778293782104825e-9,2.02087080403146e-9,0.9999999981542387,0.9999999979791292,0.9999999983221707,0.06927526810645923,1.2786561026558614e-10,1.1623208001242497e-10,1.3999636675779527e-10
TUR.40.25_1,2064,9,albopictus,23.516452621011172,65.7463866620431,0.5912884554054474,0.080998741446495,0.08071317469981777,0.0813008484565721,2.460740278209528e-12,2.2237711672090655e-12,2.730937698203206e-12,0.9999999999975393,0.9999999999972691,0.9999999999977762,0.057414686581464314,1.4128263183178533e-13,1.2767712459420556e-13,1.5679593201584265e-13
TUR.40.25_1,2064,10,albopictus,17.211070733911853,75.15294023759431,0.5826900957627448,0.01672530839359146,0.0166429499798016,0.016809314415307152,0,0,0,1,1,1,0.05482895144535738,0,0,0
TUR.40.25_1,2064,11,albopictus,12.436475375119379,76.38490390522695,0.33798915710046307,1.6446983785072837e-4,1.6131174816223675e-4,1.677073636145208e-4,0,0,0,1,1,1,0.033234113474876925,0,0,0
TUR.40.25_1,2064,12,albopictus,11.424329533296474,78.0968162100942,0.2780013885178187,3.4319411341233666e-6,3.2769799440474925e-6,3.5883635519286232e-6,0,0,0,1,1,1,0.026544688474273048,0,0,0
TUR.40.25_1,2065,1,albopictus,9.771735072135925,78.5269532963524,0.26626773142481996,0,0,0,0,0,0,1,1,1,0.025438687347326683,0,0,0
TUR.40.25_1,2065,2,albopictus,7.374019780579736,82.48205613556928,0.19917632105815902,0,0,0,0,0,0,1,1,1,0.021114226640529865,0,0,0
TUR.40.25_1,2065,3,albopictus,9.327060545192044,72.83297076711006,0.2445055422839582,0,0,0,0,0,0,1,1,1,0.023384080624273218,0,0,0
TUR.40.25_1,2065,4,albopictus,11.351193708531998,77.43393336645744,0.323313608707771,2.018852073354288e-6,1.910036922670568e-6,2.130119744114747e-6,0,0,0,1,1,1,0.03181428994004165,0,0,0
TUR.40.25_1,2065,5,albopictus,16.812134574441348,71.22541952665289,0.4519069354492392,0.013120879469667984,0.013047142199055844,0.013190287431705935,0,0,0,1,1,1,0.04279043397213067,0,0,0
TUR.40.25_1,2065,6,albopictus,23.954893336576575,66.62817411330786,0.5082917434665069,0.08712822330355416,0.08683055856681811,0.08741984591656517,1.9354862490494895e-11,1.7552359565797816e-11,2.12448086900352e-11,0.9999999999806451,0.9999999999787552,0.9999999999824477,0.04955898362679312,9.592073132652689e-13,8.698771003329594e-13,1.0528711260238066e-12
TUR.40.25_1,2065,7,albopictus,24.47236162073472,74.16864068776923,0.5969044110129683,0.10582170907584168,0.10548444513487493,0.10613317368147292,4.530081146647546e-9,4.1406420375755815e-9,4.912421852631965e-9,0.9999999954699188,0.9999999950875782,0.999999995859358,0.05612821496747278,2.5426536841912906e-10,2.3240684638839674e-10,2.7572546975543777e-10
TUR.40.25_1,2065,8,albopictus,27.009259560528925,73.16218024336962,0.7087863623002867,0.12588651909033552,0.12545253154538225,0.1262957843519056,5.480707608427337e-7,4.982380070711612e-7,5.982320577024858e-7,0.9999994519292391,0.9999994017679423,0.9999995017619929,0.06629265839769849,3.633306772631405e-8,3.3029522003518573e-8,3.965839344382314e-8
TUR.40.25_1,2065,9,albopictus,23.171884368447696,68.63308633855677,0.5649369578459219,0.08089352423416692,0.08062651201477096,0.08115718459328804,2.371615348550904e-12,2.1571217034832557e-12,2.5974694617403315e-12,0.9999999999976283,0.9999999999974025,0.999999999997843,0.054927557583380304,1.3026703862315834e-13,1.1848542658243596e-13,1.426726534308139e-13
TUR.40.25_1,2065,10,albopictus,18.384698587305408,72.77015825517243,0.5567217946804536,0.02625350129110765,0.026141170566068298,0.026366899076633223,0,0,0,1,1,1,0.05245069146648951,0,0,0
TUR.40.25_1,2065,11,albopictus,12.909888842526605,76.6914834950707,0.3229262544392371,4.315949764033621e-4,4.2480556494515023e-4,4.386426887635123e-4,0,0,0,1,1,1,0.0317767861269308,0,0,0
TUR.40.25_1,2065,12,albopictus,10.39262939901913,78.39530864173483,0.26561191457476885,0,0,0,0,0,0,1,1,1,0.025376833733228077,0,0,0
TUR.40.25_1,2066,1,albopictus,5.761494994163513,79.4288087651024,0.24644750209029423,0,0,0,0,0,0,1,1,1,0.023567600365766217,0,0,0
TUR.40.25_1,2066,2,albopictus,7.736950078431298,81.49000596467084,0.18435018970436987,0,0,0,0,0,0,1,1,1,0.019558017109953196,0,0,0
TUR.40.25_1,2066,3,albopictus,7.730004156337064,73.36069598683662,0.22630522978007925,0,0,0,0,0,0,1,1,1,0.02166243117827127,0,0,0
TUR.40.25_1,2066,4,albopictus,12.03684358035817,72.32268916479728,0.2992470429347778,4.9469898835156414e-5,4.809005935686849e-5,5.096533840928959e-5,0,0,0,1,1,1,0.029481393318389837,0,0,0
TUR.40.25_1,2066,5,albopictus,17.485802482156192,69.08368063505132,0.4182682401009988,0.017435793144600892,0.01735158638944761,0.01752252468222839,0,0,0,1,1,1,0.03966929707076394,0,0,0
TUR.40.25_1,2066,6,albopictus,22.356584773344153,74.56094388869849,0.47045591983724905,0.07765846813944612,0.07741071176988376,0.07790009015967758,7.457048312176085e-13,6.804529162351969e-13,8.135853102331225e-13,0.9999999999992543,0.9999999999991864,0.9999999999993195,0.04595610015515017,3.4269685909615765e-14,3.127096236936872e-14,3.7389208001832306e-14
TUR.40.25_1,2066,7,albopictus,25.147500094245462,70.24751336843329,0.5524725068773843,0.10569047677145983,0.10535365941735789,0.10602384621083817,4.376606878797595e-9,3.999844594426705e-9,4.773323838969113e-9,0.9999999956233931,0.9999999952266762,0.9999999960001553,0.05206095878526651,2.2785035033639551e-10,2.0823574457791968e-10,2.4850381564930106e-10
TUR.40.25_1,2066,8,albopictus,27.259301522198847,73.54097205245165,0.6560262768975144,0.12788930845152374,0.12743956291492747,0.12832347781175385,8.429216779641813e-7,7.649349967053798e-7,9.233264805591501e-7,0.999999157078322,0.9999990766735194,0.9999992350650033,0.06151313040321016,5.18507510963034e-8,4.705354620231716e-8,5.679670220337209e-8
TUR.40.25_1,2066,9,albopictus,23.11448080399457,70.9275275617013,0.5228846220103385,0.08329486847578485,0.08301206603582303,0.08358571915265875,5.427279403669161e-12,4.924163854447272e-12,5.983291639921617e-12,0.9999999999945727,0.9999999999940167,0.9999999999950758,0.050944939158305336,2.7649241901504903e-13,2.508612279703426e-13,3.048184285622038e-13
TUR.40.25_1,2066,10,albopictus,18.473123269922596,74.15780016191071,0.5152809727413864,0.027627365993197518,0.027504962511099063,0.02774365906852664,0,0,0,1,1,1,0.04864300763946916,0,0,0
TUR.40.25_1,2066,11,albopictus,12.978511431637934,80.60180759175039,0.29888852224061263,5.19305020324204e-4,5.115517234451467e-4,5.276187926066818e-4,0,0,0,1,1,1,0.02944659759418744,0,0,0
TUR.40.25_1,2066,12,albopictus,8.88824535818661,73.92571177894186,0.24584050242248268,0,0,0,0,0,0,1,1,1,0.023510241183454905,0,0,0
TUR.40.25_1,2067,1,albopictus,8.179262042045593,82.477659778286,0.2582338383712464,0,0,0,0,0,0,1,1,1,0.024680697111355232,0,0,0
TUR.40.25_1,2067,2,albopictus,6.041729131165673,77.69483231965131,0.19316672592763806,0,0,0,0,0,0,1,1,1,0.02048373362508471,0,0,0
TUR.40.25_1,2067,3,albopictus,9.091111028895657,75.44747272023506,0.23712826315515045,0,0,0,0,0,0,1,1,1,0.02268659604021117,0,0,0
TUR.40.25_1,2067,4,albopictus,13.346617025487564,76.70637904516838,0.31355851393446194,8.51896163643982e-4,8.410256598427611e-4,8.632132372565539e-4,0,0,0,1,1,1,0.03086935478239583,0,0,0
TUR.40.25_1,2067,5,albopictus,17.781660865334903,72.40265799100835,0.43827189236632474,0.02065805600567114,0.020559437316892575,0.02075479642714739,0,0,0,1,1,1,0.0415265428383661,0,0,0
TUR.40.25_1,2067,6,albopictus,23.91523765115177,64.99156980422583,0.492955444602304,0.08425871179084826,0.08397303134901542,0.08456199057795748,7.515458144702337e-12,6.818920428308672e-12,8.308689847247309e-12,0.9999999999924846,0.9999999999916913,0.9999999999931811,0.04810024057875206,3.61495344819724e-13,3.279917130890142e-13,3.996499805468302e-13
TUR.40.25_1,2067,7,albopictus,25.412200030158548,66.99250085622626,0.5788944697571371,0.10173434828213795,0.1013846453395032,0.1020639252027969,1.5084275688526106e-9,1.368478821928143e-9,1.6494477672601703e-9,0.9999999984915724,0.9999999983505522,0.9999999986315211,0.05448170872538505,8.218171143956863e-11,7.455706457314716e-11,8.98647328136053e-11
TUR.40.25_1,2067,8,albopictus,26.92640433591955,65.66942435347704,0.6874006923128602,0.10764436979515787,0.10723934379981091,0.10804511086834352,7.293056621171523e-9,6.557438661514148e-9,8.076504218190727e-9,0.9999999927069434,0.9999999919234958,0.9999999934425613,0.06435827446356801,4.693685397036989e-10,4.2202543715573956e-10,5.197898751804837e-10
TUR.40.25_1,2067,9,albopictus,21.91176206925336,73.27248300603723,0.5478915461579992,0.06987520569730477,0.06964489551278333,0.07009075940220412,3.7090996940492006e-14,3.37480043910432e-14,4.04121180963557e-14,0.9999999999999629,0.9999999999999596,0.9999999999999662,0.053315268982011665,1.977516478693303e-15,1.7992839317145785e-15,2.1545829464400252e-15
TUR.40.25_1,2067,10,albopictus,18.38227243984447,76.25992723710603,0.5399242528411823,0.027495015497893335,0.027379045661426418,0.027611507575040047,0,0,0,1,1,1,0.05090913248121076,0,0,0
TUR.40.25_1,2067,11,albopictus,10.908554652157953,82.12417697651601,0.3131828470106565,1.4343713525535041e-8,1.2693034851175019e-8,1.6289818048641873e-8,0,0,0,1,1,1,0.030832947065715932,0,0,0
TUR.40.25_1,2067,12,albopictus,9.34588695974911,80.60142436439108,0.2575978089825143,0,0,0,0,0,0,1,1,1,0.024620663159918066,0,0,0
TUR.40.25_1,2068,1,albopictus,9.453839182853699,80.46430833785631,0.2683627005209892,0,0,0,0,0,0,1,1,1,0.02563624885210547,0,0,0
TUR.40.25_1,2068,2,albopictus,8.151104131165674,77.04830979767866,0.20791282924634016,0,0,0,0,0,0,1,1,1,0.021278571290177517,0,0,0
TUR.40.25_1,2068,3,albopictus,12.599067533717434,75.77131000050849,0.24642928855312118,2.3369296972301114e-4,2.2926294942505506e-4,2.3833331501981286e-4,0,0,0,1,1,1,0.023565879304139004,0,0,0
TUR.40.25_1,2068,4,albopictus,13.1391518536736,73.9389763962426,0.3258574093214965,5.995993263853728e-4,5.912797337339287e-4,6.091665028314531e-4,0,0,0,1,1,1,0.03206054575777384,0,0,0
TUR.40.25_1,2068,5,albopictus,18.09449083664838,78.58129263456304,0.4554624960838106,0.02542848127424951,0.025318618254147666,0.025535979305290144,0,0,0,1,1,1,0.04311974021576992,0,0,0
TUR.40.25_1,2068,6,albopictus,22.8973123887006,68.31047849563208,0.5122909343887496,0.07708524774338409,0.07681159696823979,0.07735241563737726,6.044797995485851e-13,5.457828633481653e-13,6.660255680301929e-13,0.9999999999993955,0.999999999999334,0.9999999999994542,0.0499390071408794,3.018712102617414e-14,2.7255854310113636e-14,3.3260655597868066e-14
TUR.40.25_1,2068,7,albopictus,25.261391695807962,66.3777051714118,0.6016007979455784,0.09932820539441321,0.09899435184703637,0.09966279553172509,7.719964358887665e-10,7.016941194759596e-10,8.472684331906066e-10,0.9999999992280035,0.9999999991527315,0.9999999992983059,0.05655709689746513,4.36618772290587e-11,3.968578230758332e-11,4.7919042874124596e-11
TUR.40.25_1,2068,8,albopictus,27.445037224713495,73.87769538008837,0.7143630257467343,0.12939924744388656,0.12898039289565233,0.12981694333305185,1.1597841991972668e-6,1.0608803455269822e-6,1.2645716024939357e-6,0.9999988402158008,0.9999987354283976,0.9999989391196545,0.06679642292795285,7.746943587473775e-8,7.086301223577304e-8,8.4468859582864e-8
TUR.40.25_1,2068,9,albopictus,25.097520659951602,66.0790282636056,0.5693818279082382,0.09740647200455534,0.09705913649434679,0.09772477429960831,4.4645059227299553e-10,4.034077044634543e-10,4.886593046871112e-10,0.9999999995535495,0.9999999995113407,0.9999999995965922,0.05534753665944636,2.470994052246116e-11,2.232762271149414e-11,2.704608878014946e-11
TUR.40.25_1,2068,10,albopictus,19.28013964260326,72.66776415116853,0.5611020286231037,0.03556261297722065,0.03542555482091772,0.03570268185664286,0,0,0,1,1,1,0.0528522664424832,0,0,0
TUR.40.25_1,2068,11,albopictus,13.56215725225561,69.71133517964101,0.3254670073865499,0.001015012599376116,0.0010020425721442541,0.0010278195319697587,0,0,0,1,1,1,0.03202275647654351,0,0,0
TUR.40.25_1,2068,12,albopictus,10.148246540742763,75.89758220130514,0.2677017237665582,0,0,0,0,0,0,1,1,1,0.025573921201633154,0,0,0
TUR.40.25_1,2069,1,albopictus,9.45617949962616,80.5662599369774,0.25069363862188837,0,0,0,0,0,0,1,1,1,0.023968750064752853,0,0,0
TUR.40.25_1,2069,2,albopictus,8.99330822509878,75.86743211213178,0.1875264283291105,0,0,0,0,0,0,1,1,1,0.019891615810394447,0,0,0
TUR.40.25_1,2069,3,albopictus,7.040805662379545,70.16619220265693,0.23020432754049372,0,0,0,0,0,0,1,1,1,0.022031519651392273,0,0,0
TUR.40.25_1,2069,4,albopictus,13.594608587377213,73.29988490454338,0.30440288257689085,0.001119767757617808,0.0011063773418973095,0.0011332298449797241,0,0,0,1,1,1,0.029981648176190534,0,0,0
TUR.40.25_1,2069,5,albopictus,17.60534937241498,72.84435415800054,0.4254747406304614,0.019306529568697207,0.01921279468730724,0.019397796449012603,0,0,0,1,1,1,0.040338801365653265,0,0,0
TUR.40.25_1,2069,6,albopictus,22.56984733132755,64.49176816848365,0.4785615814925,0.06860256043013245,0.06834603447048604,0.06885253527327874,2.1986745757374136e-14,1.9759194280766223e-14,2.431665979685249e-14,0.999999999999978,0.9999999999999756,0.9999999999999802,0.04672910253368001,1.0274208968782901e-15,9.233294155288286e-16,1.1362956889237345e-15
TUR.40.25_1,2069,7,albopictus,25.545378741096048,66.55225427419501,0.5619912631003384,0.10193288606955751,0.10157017303534224,0.10233986865266818,1.593356368179144e-9,1.4402783993228141e-9,1.7787637029975655e-9,0.9999999984066437,0.9999999982212362,0.9999999985597217,0.052933769685849064,8.434235902067573e-11,7.62393650732572e-11,9.415666818002116e-11
TUR.40.25_1,2069,8,albopictus,28.036319115582636,62.130003271934065,0.66732919989894,0.10075794925666412,0.10031983345850412,0.1011901955153881,1.1525336099937888e-9,1.0184182053230017e-9,1.2969247981109432e-9,0.9999999988474664,0.9999999987030752,0.9999999989815819,0.0625391154470355,7.207843249199015e-11,6.369097371605791e-11,8.110852967518349e-11
TUR.40.25_1,2069,9,albopictus,22.701255630044376,72.70010294011927,0.5318935974574236,0.08014518506733073,0.07988952158465264,0.08037013587400138,1.822315964794541e-12,1.6629919663557757e-12,1.9709928134048482e-12,0.9999999999981777,0.999999999998029,0.999999999998337,0.05179955551372095,9.439515698191478e-14,8.614224468011797e-14,1.0209655165510947e-13
TUR.40.25_1,2069,10,albopictus,15.761346536524156,70.97223039872712,0.5241589420607548,0.007265479834089676,0.007216254076095649,0.007314664085410845,0,0,0,1,1,1,0.04946002289293161,0,0,0
TUR.40.25_1,2069,11,albopictus,13.1899353055393,77.54050540669179,0.30403818479509487,6.885652991567744e-4,6.78181644367636e-4,6.988590977173929e-4,0,0,0,1,1,1,0.029946271176977568,0,0,0
TUR.40.25_1,2069,12,albopictus,7.192085041719325,78.34442058021139,0.2500761807289283,0,0,0,0,0,0,1,1,1,0.02391042656104103,0,0,0
TUR.40.25_1,2070,1,albopictus,9.061548113822937,79.07511766402818,0.26137864934046107,0,0,0,0,0,0,1,1,1,0.02497747725585342,0,0,0
TUR.40.25_1,2070,2,albopictus,9.746392407838037,79.09159898224897,0.19551913970274984,0,0,0,0,0,0,1,1,1,0.02073058403922179,0,0,0
TUR.40.25_1,2070,3,albopictus,10.118447149501126,72.1230708647663,0.24001604721855832,0,0,0,0,0,0,1,1,1,0.022959680790177295,0,0,0
TUR.40.25_1,2070,4,albopictus,12.225811285131119,74.64307032934806,0.3173770772193173,9.244684516587593e-5,9.03148330691007e-5,9.457737792088678e-5,0,0,0,1,1,1,0.03123935280486234,0,0,0
TUR.40.25_1,2070,5,albopictus,17.06246073105756,76.99054861600835,0.4436092341465704,0.015988573621438573,0.015912178257060986,0.016072503115743656,0,0,0,1,1,1,0.042021482788297426,0,0,0
TUR.40.25_1,2070,6,albopictus,25.4063398697797,57.08144407180396,0.4989587310007763,0.08417552199412595,0.08384863158294767,0.08452695690106507,7.311743766003076e-12,6.538974917091878e-12,8.211928359536102e-12,0.9999999999926883,0.999999999991788,0.999999999993461,0.04867152177120848,3.558736958925166e-13,3.182618600386235e-13,3.996870499347657e-13
TUR.40.25_1,2070,7,albopictus,26.893561419318704,64.38928659231024,0.5859443346779871,0.10473588407999161,0.10430616588560397,0.10513691359502259,3.399774119228205e-9,3.0267291006857986e-9,3.776581580794413e-9,0.9999999966002259,0.9999999962234185,0.9999999969732709,0.05512656384517245,1.8741786504279857e-10,1.6685317501099708e-10,2.0818996563016553e-10
TUR.40.25_1,2070,8,albopictus,26.595542290631464,68.77767401778368,0.6957719625192202,0.11329574977674459,0.11287593920952319,0.1137069641662121,3.0190177386590914e-8,2.7206845626404072e-8,3.333502386071441e-8,0.9999999698098226,0.9999999666649761,0.9999999727931543,0.06511595232578293,1.9658621514121838e-9,1.7715996627438635e-9,2.1706418244931157e-9
TUR.40.25_1,2070,9,albopictus,22.382829497842227,66.19534601262903,0.5545638527587343,0.0682746605753172,0.06803777506038451,0.06850850008628853,1.9178769683492193e-14,1.7319479184152442e-14,2.1094237467877974e-14,0.9999999999999808,0.9999999999999789,0.9999999999999827,0.053946715376346543,1.0346316293838571e-15,9.343290140140305e-16,1.1379648247606781e-15
TUR.40.25_1,2070,10,albopictus,17.799972253687244,77.06682726152009,0.546499532531828,0.02215133087017828,0.02204824755744141,0.022245996399209603,0,0,0,1,1,1,0.05151286340173766,0,0,0
TUR.40.25_1,2070,11,albopictus,9.531740763608148,79.49199008686757,0.31699683536656303,0,0,0,0,0,0,1,1,1,0.031202515770181183,0,0,0
TUR.40.25_1,2070,12,albopictus,6.820825829225429,79.05313029700827,0.2607348742890727,0,0,0,0,0,0,1,1,1,0.024916730669267917,0,0,0
TUR.40.25_1,2071,1,albopictus,6.930437445640564,86.46069963424303,0.27203228063400064,0,0,0,0,0,0,1,1,1,0.025982204115125307,0,0,0
TUR.40.25_1,2071,2,albopictus,4.758870282593896,79.05622910920209,0.20348837831684163,0,0,0,0,0,0,1,1,1,0.02156637341781298,0,0,0
TUR.40.25_1,2071,3,albopictus,10.655455435023587,78.23835101613349,0.24979895212701786,4.2887641783047065e-12,2.3252036205704134e-12,8.183056478522796e-12,0,0,0,1,1,1,0.02388423911803561,0,0,0
TUR.40.25_1,2071,4,albopictus,14.1788828793694,72.9778710495629,0.3303131696287307,0.0021412568110235827,0.0021198475087148647,0.002161230314643364,0,0,0,1,1,1,0.03249174030566404,0,0,0
TUR.40.25_1,2071,5,albopictus,19.014427970437442,69.63498068387945,0.46169047081579473,0.031298979992921076,0.03117638315597464,0.031427433855179376,0,0,0,1,1,1,0.043696285107281296,0,0,0
TUR.40.25_1,2071,6,albopictus,23.02993606118595,74.16728238967505,0.519295978760637,0.08668434870805165,0.0864304486123179,0.0869466372589709,1.675236949161274e-11,1.5406315112542757e-11,1.822693107556006e-11,0.9999999999832476,0.999999999981773,0.9999999999845937,0.050604296035860585,8.477418650556904e-13,7.796257307768665e-13,9.22361015972868e-13
TUR.40.25_1,2071,7,albopictus,26.16637903101304,69.63597162038641,0.6098270615799329,0.11273447011891545,0.1123492051836381,0.11310332333230326,2.630724115493255e-8,2.3899353554512893e-8,2.876662624773374e-8,0.9999999736927588,0.9999999712333738,0.9999999761006465,0.057307863507123025,1.507611785355844e-9,1.3696208914105004e-9,1.6485538905655477e-9
TUR.40.25_1,2071,8,albopictus,27.616383889142206,68.9088423832622,0.7241311952712688,0.11684898756022814,0.11641076805270496,0.11729110629201132,7.090334115844588e-8,6.383398952480857e-8,7.858502453772508e-8,0.9999999290966588,0.9999999214149755,0.9999999361660105,0.0676781697218719,4.798608356769086e-9,4.3201675770841875e-9,5.318490628261626e-9
TUR.40.25_1,2071,9,albopictus,25.561166595010196,71.76249612859583,0.5771675307214308,0.11261895640187142,0.11224883114072777,0.1129801356292359,2.5567331002451786e-8,2.3314496813697792e-8,2.7911245056855273e-8,0.999999974432669,0.9999999720887549,0.9999999766855032,0.056082728757081535,1.4338856896530252e-9,1.307540600910455e-9,1.565338785796047e-9
TUR.40.25_1,2071,10,albopictus,19.498368936426502,77.51342149980134,0.568774513814259,0.040710906585577425,0.040561825474028486,0.04085806069983412,0,0,0,1,1,1,0.05355526125866017,0,0,0
TUR.40.25_1,2071,11,albopictus,13.429813006344965,80.67826175434804,0.3299174293543882,0.0010170807799949127,0.0010041297668293631,0.0010287755124929402,0,0,0,1,1,1,0.032453451349632956,0,0,0
TUR.40.25_1,2071,12,albopictus,9.847197308259853,78.68868174964499,0.2713622657116406,0,0,0,0,0,0,1,1,1,0.025919046603909646,0,0,0
TUR.40.25_1,2072,1,albopictus,8.992794871330261,78.64178331344225,0.2854990594042259,0,0,0,0,0,0,1,1,1,0.027250753020262475,0,0,0
TUR.40.25_1,2072,2,albopictus,10.617214360657862,74.1470036453349,0.221189148390087,3.30494757127778e-13,1.2463918528968512e-13,9.116284503342908e-13,0,0,0,1,1,1,0.022621836723522915,0,0,0
TUR.40.25_1,2072,3,albopictus,9.4345205671647,71.52452197560615,0.26216508462235444,0,0,0,0,0,0,1,1,1,0.025051680120461217,0,0,0
TUR.40.25_1,2072,4,albopictus,13.14237336551442,70.86465083471916,0.34666510539868733,5.717627632617497e-4,5.635488598609364e-4,5.803201205796263e-4,0,0,0,1,1,1,0.03407251081248719,0,0,0
TUR.40.25_1,2072,5,albopictus,20.407311271218692,71.79611349637945,0.484546153296958,0.04848320880305948,0.04830330712813583,0.04865494351133303,0,0,0,1,1,1,0.04580913863703917,0,0,0
TUR.40.25_1,2072,6,albopictus,23.31455062417423,63.88211088088599,0.5450033839477662,0.07627955070382916,0.07598576986551216,0.0765493692661754,4.4867765058853595e-13,4.015648924493576e-13,4.952871446306517e-13,0.9999999999995514,0.9999999999995047,0.9999999999995984,0.05304181158793386,2.3798675406233947e-14,2.1299729365627746e-14,2.6270927407424776e-14
TUR.40.25_1,2072,7,albopictus,27.542975481818704,59.54777581960517,0.6400161483576254,0.09547186320672459,0.09507144130744194,0.09584690033864733,2.543885431194326e-10,2.2565559698595195e-10,2.8348920155796265e-10,0.9999999997456115,0.9999999997165108,0.9999999997743444,0.06005794253744534,1.527805250485132e-11,1.3552410877035225e-11,1.7025778177154377e-11
TUR.40.25_1,2072,8,albopictus,26.118275978985956,67.78010016524462,0.7599788328553435,0.10839881941057151,0.10800405178335096,0.10878598010775506,8.8562216012944e-9,7.991536199458692e-9,9.767349062883567e-9,0.9999999911437784,0.999999990232651,0.9999999920084638,0.07090690813807377,6.279672915334066e-10,5.666551231771087e-10,6.925725227543859e-10
TUR.40.25_1,2072,9,albopictus,23.90610678055707,64.67417825750208,0.6057398289481994,0.08369441786644187,0.08341187246158391,0.08399056717381528,6.214851744346106e-12,5.641051514793105e-12,6.85922985077525e-12,0.9999999999937852,0.9999999999931408,0.999999999994359,0.05877586804349488,3.652833060355707e-13,3.3155769946003644e-13,4.031571885891672e-13
TUR.40.25_1,2072,10,albopictus,18.388284402735096,80.9575285554654,0.5969313212704462,0.029346854442362118,0.02923234195544523,0.0294658823261693,0,0,0,1,1,1,0.05613067301260388,0,0,0
TUR.40.25_1,2072,11,albopictus,15.313506701413324,82.27835941059804,0.34624977426287573,0.006273146334619182,0.006228867399242341,0.006317247278160741,0,0,0,1,1,1,0.034032392003243817,0,0,0
TUR.40.25_1,2072,12,albopictus,9.158086552339443,78.03572001868795,0.284795875834707,0,0,0,0,0,0,1,1,1,0.027184555159414203,0,0,0
TUR.40.25_1,2073,1,albopictus,8.315718531608582,83.54691942184068,0.2791224742882069,0,0,0,0,0,0,1,1,1,0.026650295025865467,0,0,0
TUR.40.25_1,2073,2,albopictus,8.304057279053858,80.09398698273725,0.20879205773784365,0,0,0,0,0,0,1,1,1,0.022122211720288387,0,0,0
TUR.40.25_1,2073,3,albopictus,10.00792487929849,76.89533343800849,0.25630966086007906,0,0,0,0,0,0,1,1,1,0.02449906528464485,0,0,0
TUR.40.25_1,2073,4,albopictus,10.42986230289235,79.1224251877465,0.33892238443862066,3.4405055378955006e-33,2.9744803875769963e-43,1.3864494598824456e-34,0,0,0,1,1,1,0.03332433050065198,0,0,0
TUR.40.25_1,2073,5,albopictus,18.643015693215762,79.30311728055914,0.47372387669967164,0.03148337737860722,0.031364351438271085,0.03161068570318507,0,0,0,1,1,1,0.04480927474487739,0,0,0
TUR.40.25_1,2073,6,albopictus,22.939846263212317,67.9664385786399,0.5328308028068215,0.07717549543735154,0.07691690752462131,0.0774238865446297,6.248583872547897e-13,5.67432212328356e-13,6.837197474851564e-13,0.9999999999993752,0.9999999999993163,0.9999999999994326,0.051888417202460846,3.242291269033337e-14,2.9443159367409074e-14,3.5477135507070976e-14
TUR.40.25_1,2073,7,albopictus,25.943780001472025,67.65858514577704,0.6257214692292759,0.10700835734321948,0.10664538071099719,0.10739662159383163,6.18307520205974e-9,5.617658924150781e-9,6.8305384043343406e-9,0.9999999938169248,0.9999999931694615,0.999999994382341,0.058756768224432876,3.6329751656166263e-10,3.300754833702444e-10,4.0134036187156043e-10
TUR.40.25_1,2073,8,albopictus,26.159875252667597,75.53036719405321,0.7430048024533256,0.12637001234985795,0.12598512642842905,0.12675224021827883,6.08414696772086e-7,5.59343445397098e-7,6.600983433857621e-7,0.9999993915853033,0.9999993399016567,0.9999994406565546,0.06937948096360325,4.221149587267538e-8,3.8806957922044214e-8,4.579728044903852e-8
TUR.40.25_1,2073,9,albopictus,24.327209304360782,69.38555826238489,0.5922107070466728,0.09563689131910481,0.09532538135053906,0.09594383157041983,2.6682889409102016e-10,2.4321454017428576e-10,2.916504565630973e-10,0.9999999997331711,0.9999999997083496,0.9999999997567856,0.05750161265824638,1.534309171405009e-11,1.3985228281955286e-11,1.677037158489193e-11
TUR.40.25_1,2073,10,albopictus,17.71775599086986,73.57975908525056,0.5835989362655999,0.020437831676367844,0.02034168773175569,0.020522540224457424,0,0,0,1,1,1,0.054912077763700884,0,0,0
TUR.40.25_1,2073,11,albopictus,14.157540896359613,75.82287692768789,0.3385163296708096,0.0021862704382674424,0.002165187365189685,0.0022089759083494223,0,0,0,1,1,1,0.03328507737725883,0,0,0
TUR.40.25_1,2073,12,albopictus,11.215185894685634,80.1102439444692,0.2784349962341197,7.23776167624085e-7,6.817889363242876e-7,7.715353931941792e-7,0,0,0,1,1,1,0.026585535785108694,0,0,0
TUR.40.25_1,2074,1,albopictus,8.917391657829285,82.14095170943834,0.29462626625074445,0,0,0,0,0,0,1,1,1,0.02810958176118672,0,0,0
TUR.40.25_1,2074,2,albopictus,11.0001279501354,76.1759343093974,0.22038936331079162,4.907626303141249e-8,4.422824150542574e-8,5.389832492900904e-8,0,0,0,1,1,1,0.023336537214594055,0,0,0
TUR.40.25_1,2074,3,albopictus,11.308318937526028,77.51703753957099,0.270546320484485,1.4581754297545185e-6,1.376773192537819e-6,1.5412030241018044e-6,0,0,0,1,1,1,0.025842127756958932,0,0,0
TUR.40.25_1,2074,4,albopictus,14.36666707431569,70.37607966772697,0.3577477482979204,0.002473329596989285,0.0024491303088958567,0.0024954968937968424,0,0,0,1,1,1,0.03514242077439711,0,0,0
TUR.40.25_1,2074,5,albopictus,19.09649927475873,73.50968313749273,0.500036757633992,0.033931695322475655,0.03379418482519737,0.034061019461604905,0,0,0,1,1,1,0.047238485695540344,0,0,0
TUR.40.25_1,2074,6,albopictus,23.18864081887638,66.49521665481177,0.5624267640027625,0.07826171776700365,0.07800117747063973,0.07854422463112234,9.288565472331812e-13,8.440914633922603e-13,1.0276307582657295e-12,0.9999999999990712,0.9999999999989724,0.9999999999991559,0.054690296303406494,5.0799439791541766e-14,4.616361224009871e-14,5.620143066004705e-14
TUR.40.25_1,2074,7,albopictus,25.56935220606187,65.16555078298407,0.6604770205698219,0.09943945201366268,0.09907864993532628,0.09977147596057757,7.966501764933298e-10,7.186302969364177e-10,8.735282913674425e-10,0.9999999992033498,0.9999999991264716,0.9999999992813696,0.06191726573357703,4.9326400674638545e-11,4.449562305961155e-11,5.4086483342395436e-11
TUR.40.25_1,2074,8,albopictus,26.279036858502558,75.47851782881884,0.7842748288593983,0.1272032095657,0.1267987731716396,0.12758060905051294,7.278305412323771e-7,6.667384294140045e-7,7.88335464826928e-7,0.9999992721694587,0.9999992116645352,0.9999993332615705,0.07308884931000215,5.3196296751350514e-8,4.8731144596627675e-8,5.761853199446584e-8
TUR.40.25_1,2074,9,albopictus,23.96907408097211,73.52081979802942,0.6251049110101936,0.09833686264184631,0.09800470883538658,0.09864822910011277,5.826975844058779e-10,5.294702565272758e-10,6.3609356670824e-10,0.9999999994173024,0.9999999993639065,0.9999999994705298,0.06059679261216788,3.530960467785418e-11,3.208419932909466e-11,3.854522994375341e-11
TUR.40.25_1,2074,10,albopictus,17.35228319729076,75.3389982820279,0.6160148014534298,0.017873877031297624,0.017788005600310925,0.017958056722929747,0,0,0,1,1,1,0.05787219133843724,0,0,0
TUR.40.25_1,2074,11,albopictus,13.042159655514887,76.30069827778554,0.3573191393138586,5.35243399130764e-4,5.278756265410986e-4,5.436297888770459e-4,0,0,0,1,1,1,0.03510106522545586,0,0,0
TUR.40.25_1,2074,12,albopictus,10.875132336336025,80.56063762122702,0.2939006023903851,6.7688827148899284e-9,5.821663290550736e-9,7.85265083251038e-9,0,0,0,1,1,1,0.028041327840171437,0,0,0
TUR.40.25_1,2075,1,albopictus,7.690697550773621,78.60306413619615,0.284440775740128,0,0,0,0,0,0,1,1,1,0.027151124244049973,0,0,0
TUR.40.25_1,2075,2,albopictus,9.900201955262354,76.50266313019819,0.2127703081694811,0,0,0,0,0,0,1,1,1,0.022538934623187568,0,0,0
TUR.40.25_1,2075,3,albopictus,11.642641866908352,75.48238482961006,0.2611932949886805,1.0990876170842591e-5,1.0618035016120133e-5,1.1390562268592332e-5,0,0,0,1,1,1,0.024959987615024937,0,0,0
TUR.40.25_1,2075,4,albopictus,11.393724722020767,76.0212517868676,0.3453800923456784,2.603742627962722e-6,2.4640715697913447e-6,2.7333041732767125e-6,0,0,0,1,1,1,0.03394837989397881,0,0,0
TUR.40.25_1,2075,5,albopictus,17.852673362283145,78.5088210159107,0.48275004482778927,0.023074229563289132,0.0229690382577211,0.02317473576229962,0,0,0,1,1,1,0.04564326967810661,0,0,0
TUR.40.25_1,2075,6,albopictus,22.880781398100012,73.93673734572974,0.5429831735158523,0.08428293898157146,0.08404070858957335,0.08453581397159804,7.574581517566514e-12,6.9759642506994625e-12,8.236242243775393e-12,0.9999999999924254,0.9999999999917638,0.999999999993024,0.05285048678168447,4.0032032037094057e-13,3.6868310642109535e-13,4.3528941183540266e-13
TUR.40.25_1,2075,7,albopictus,27.43707757837632,59.00142724782783,0.6376437460247452,0.09432465523347972,0.09387584225205971,0.09476431770267527,1.8118060207683584e-10,1.5811607578797293e-10,2.0604573325311294e-10,0.9999999998188194,0.9999999997939543,0.9999999998418839,0.05984211898290481,1.0842231146876342e-11,9.462001020413871e-12,1.233021328525265e-11
TUR.40.25_1,2075,8,albopictus,26.37829528135412,74.71602850997118,0.7571617546290639,0.12607217380006214,0.1256750875539999,0.1264555293980994,5.705021881732275e-7,5.229517467258971e-7,6.192236244484394e-7,0.9999994294978118,0.9999993807763755,0.9999994770482533,0.0706535838103044,4.030802416605918e-8,3.694841506604324e-8,4.375036824728827e-8
TUR.40.25_1,2075,9,albopictus,23.23619062760297,71.74248422674036,0.6034944815659452,0.08604017342979428,0.08576606388575157,0.08629676494228715,1.3571233692388773e-11,1.2389195225281925e-11,1.4747375542967232e-11,0.9999999999864287,0.9999999999852527,0.9999999999876108,0.05856450680133196,7.947926078803678e-13,7.255671080340527e-13,8.636727752879012e-13
TUR.40.25_1,2075,10,albopictus,19.43781443203197,72.61789079911775,0.5947186251333482,0.037327229111964184,0.03718726008610331,0.03746382054491321,0,0,0,1,1,1,0.055928538854232435,0,0,0
TUR.40.25_1,2075,11,albopictus,14.066859820309809,80.48171329243398,0.3449663007531394,0.0021333637319210673,0.0021110660120945046,0.0021564011588624168,0,0,0,1,1,1,0.033908404663077985,0,0,0
TUR.40.25_1,2075,12,albopictus,10.445972218232997,79.39446177894186,0.2837401987209986,7.014660713464512e-27,4.108983463065017e-33,5.438590773614342e-27,0,0,0,1,1,1,0.027085165017926904,0,0,0
TUR.59.4_1,2025,1,albopictus,4.849517377860406,69.56209988807737,0.07304482562377056,0,0,0,0,0,0,1,1,1,0.0070439285098816695,0,0,0
TUR.59.4_1,2025,2,albopictus,4.258604782469133,76.86164585850305,0.05463974009252106,0,0,0,0,0,0,1,1,1,0.0058371550904327,0,0,0
TUR.59.4_1,2025,3,albopictus,8.010822674807379,66.83459414692689,0.06707483706195873,0,0,0,0,0,0,1,1,1,0.006470091497838948,0,0,0
TUR.59.4_1,2025,4,albopictus,13.665060842738432,54.54226888594779,0.08869413519797514,9.015039367155589e-4,8.900319919752239e-4,9.13429417507831e-4,0,0,0,1,1,1,0.008830196301925053,0,0,0
TUR.59.4_1,2025,5,albopictus,16.83769716935999,53.29812626233216,0.1239709487943805,0.010401120652299685,0.010331526386574495,0.010467194981161759,0,0,0,1,1,1,0.011925509262439071,0,0,0
TUR.59.4_1,2025,6,albopictus,23.730123604045193,40.14280370818671,0.1394389082328451,0.052893114530115845,0.05263964846402682,0.053145450281816775,0,0,0,1,1,1,0.013847125063503607,0,0,0
TUR.59.4_1,2025,7,albopictus,26.148629693424002,36.783123582263805,0.16374788782399763,0.057660588883075466,0.05734525121740292,0.05799297347086843,1.3034018309099337e-16,1.1102230246251565e-16,2.220446049250313e-16,0.9999999999999999,0.9999999999999998,0.9999999999999999,0.015721673498581223,2.049165802301895e-18,1.7454563903764013e-18,3.4909127807528025e-18
TUR.59.4_1,2025,8,albopictus,26.1063975165872,49.81033101130324,0.19444029496810858,0.07561332515642584,0.07527749731749629,0.07598028880145172,3.500917333809639e-13,3.0785929361343276e-13,4.008099407926124e-13,0.99999999999965,0.9999999999995992,0.9999999999996921,0.018640871919531676,6.52601516204138e-15,5.738765661485497e-15,7.471446770390163e-15
TUR.59.4_1,2025,9,albopictus,21.167789571425494,63.377013327665715,0.15497830455632985,0.05131430853686646,0.05110796044824813,0.05150772520043555,0,0,0,1,1,1,0.015378357070245263,0,0,0
TUR.59.4_1,2025,10,albopictus,16.89749201606302,68.75470893464083,0.15272465122146495,0.013241591665724117,0.01316749200963087,0.013314532188406725,0,0,0,1,1,1,0.014671119747202477,0,0,0
TUR.59.4_1,2025,11,albopictus,10.793414999456967,68.3366256304529,0.0885878728850457,4.380657968820701e-10,3.3564331424101647e-10,5.750122489643214e-10,0,0,0,1,1,1,0.008819663846380332,0,0,0
TUR.59.4_1,2025,12,albopictus,4.642129645628088,72.69433987773199,0.07286491637529807,0,0,0,0,0,0,1,1,1,0.007026640425779052,0,0,0
TUR.59.4_1,2026,1,albopictus,6.811025651938775,74.40719266151487,0.06920725666760282,0,0,0,0,0,0,1,1,1,0.006675098343115526,0,0,0
TUR.59.4_1,2026,2,albopictus,4.743156927473406,70.16378514072962,0.051769122378514276,0,0,0,0,0,0,1,1,1,0.005531337191092334,0,0,0
TUR.59.4_1,2026,3,albopictus,11.264345547732184,53.763926880081186,0.06355091445346644,4.036747041799878e-7,3.759396652511098e-7,4.346156620440548e-7,0,0,0,1,1,1,0.0061312154114455675,0,0,0
TUR.59.4_1,2026,4,albopictus,12.732847059474272,60.873312129355995,0.08403439568975832,2.3017937857351976e-4,2.2566019245960102e-4,2.347899318570208e-4,0,0,0,1,1,1,0.008368229368641122,0,0,0
TUR.59.4_1,2026,5,albopictus,15.585045001086065,71.34732441296693,0.11745786507493419,0.006518456359149338,0.006469828780162668,0.006566151058833118,0,0,0,1,1,1,0.011302531157241003,0,0,0
TUR.59.4_1,2026,6,albopictus,21.239244545207303,52.26252416717109,0.1321131815855882,0.04385024422164107,0.0436594393282067,0.04404219548335584,0,0,0,1,1,1,0.013124431743719134,0,0,0
TUR.59.4_1,2026,7,albopictus,25.032943276798026,46.314198106189586,0.15514503600547105,0.06661360107302965,0.06630753475924804,0.06694582092621024,9.520606525370568e-15,8.326672684688674e-15,1.099120794378905e-14,0.9999999999999905,0.999999999999989,0.9999999999999917,0.01490188707738671,1.4187500334930324e-16,1.2408313607759106e-16,1.637897396224202e-16
TUR.59.4_1,2026,8,albopictus,26.00682247386259,42.72556080866652,0.18422495071304767,0.06510719548435372,0.06478506119741084,0.06543437992830102,4.958589094883336e-15,4.3298697960381105e-15,5.662137425588298e-15,0.999999999999995,0.9999999999999943,0.9999999999999957,0.017670238546173223,8.761945215904173e-17,7.650983216986381e-17,1.0005131899136037e-16
TUR.59.4_1,2026,9,albopictus,23.302465551039752,49.45949089724579,0.14683618188896683,0.05939732981980606,0.059130553365645745,0.059678108146539545,3.458344721707363e-16,3.3306690738754696e-16,4.440892098500626e-16,0.9999999999999997,0.9999999999999996,0.9999999999999997,0.014576339588549425,5.041000707787398e-18,4.854896347788826e-18,6.473195130385101e-18
TUR.59.4_1,2026,10,albopictus,15.103055561290068,63.94913642487521,0.1447009291389755,0.004190323455897251,0.004153573748603191,0.004224524726062665,0,0,0,1,1,1,0.013905725358150156,0,0,0
TUR.59.4_1,2026,11,albopictus,11.026124884100522,74.52157741267946,0.08393371609880576,6.643878384851463e-8,6.001625249491622e-8,7.370745774200632e-8,0,0,0,1,1,1,0.00835824561027898,0,0,0
TUR.59.4_1,2026,12,albopictus,5.81193135766422,72.37393582499762,0.069036799343219,0,0,0,0,0,0,1,1,1,0.006658712449419624,0,0,0
TUR.59.4_1,2027,1,albopictus,5.470639499671319,72.31243558143674,0.06841919116853895,0,0,0,0,0,0,1,1,1,0.006599340123580322,0,0,0
TUR.59.4_1,2027,2,albopictus,5.871378916151384,73.04805485508508,0.051179625536307845,0,0,0,0,0,0,1,1,1,0.005468524192852708,0,0,0
TUR.59.4_1,2027,3,albopictus,6.474399945315192,70.06042422505189,0.06282725792485591,0,0,0,0,0,0,1,1,1,0.006061611074115958,0,0,0
TUR.59.4_1,2027,4,albopictus,11.418738210902495,61.20005620894584,0.08307749303002927,1.8632780754111227e-6,1.7602558938069927e-6,1.9685150190263684e-6,0,0,0,1,1,1,0.00827333532061636,0,0,0
TUR.59.4_1,2027,5,albopictus,18.589478632983038,60.340107005740364,0.11612036817769646,0.02380044011552239,0.023687251801847605,0.02390998640898184,0,0,0,1,1,1,0.011174550636420477,0,0,0
TUR.59.4_1,2027,6,albopictus,23.154998863444607,44.672874966731634,0.1306088040767496,0.05356830169023626,0.05331921269408779,0.05380963344196513,0,0,0,1,1,1,0.012975957235022872,0,0,0
TUR.59.4_1,2027,7,albopictus,27.811580209171073,29.426819413562633,0.15337839394921735,0.04740318686827216,0.04703523670713157,0.047756158432262365,0,0,0,1,1,1,0.014733455025984221,0,0,0
TUR.59.4_1,2027,8,albopictus,25.078725702622357,57.73938908625441,0.18212717463125627,0.08318899127246694,0.082855389443533,0.08350511170259951,5.238424027886879e-12,4.667954911496963e-12,5.822176074588015e-12,0.9999999999947615,0.9999999999941778,0.9999999999953321,0.017470794959244973,9.151943210079383e-14,8.155288313776395e-14,1.0171804441574898e-13
TUR.59.4_1,2027,9,albopictus,21.77431308521944,60.167365195341496,0.14516415305076658,0.05537641252343355,0.055171555398619544,0.055579626231563,7.771561172376096e-19,0,0,1,1,1,0.014411560135328183,1.120003211810797e-20,0,0
TUR.59.4_1,2027,10,albopictus,15.127873981700224,68.68803565583224,0.1430532144999658,0.004562487566706451,0.0045253237018843895,0.004598287096369546,0,0,0,1,1,1,0.013748473920626725,0,0,0
TUR.59.4_1,2027,11,albopictus,13.056387831183041,65.17218929012087,0.08297795988116834,4.50472989728349e-4,4.429952228988908e-4,4.576742081704242e-4,0,0,0,1,1,1,0.008263464303717272,0,0,0
TUR.59.4_1,2027,12,albopictus,6.477672801298254,71.4014474216773,0.06825067484778508,0,0,0,0,0,0,1,1,1,0.006583139582684083,0,0,0
TUR.59.4_1,2028,1,albopictus,3.410986098296502,71.09691281532346,0.06772121443601771,0,0,0,0,0,0,1,1,1,0.006532237481860048,0,0,0
TUR.59.4_1,2028,2,albopictus,7.53406526411281,69.5525256802804,0.05246671488271635,0,0,0,0,0,0,1,1,1,0.005412888433893759,0,0,0
TUR.59.4_1,2028,3,albopictus,9.364424130495856,74.57025088520814,0.062186327164776636,0,0,0,0,0,0,1,1,1,0.005999959579530367,0,0,0
TUR.59.4_1,2028,4,albopictus,10.804705465541167,69.71272863326224,0.08222997998375083,6.601190394216321e-10,5.285658668704736e-10,8.283361419766939e-10,0,0,0,1,1,1,0.008189281630170853,0,0,0
TUR.59.4_1,2028,5,albopictus,16.50690283494837,59.42490009656068,0.11493576903561976,0.009558898123504262,0.009495976595725705,0.009620557687736897,0,0,0,1,1,1,0.01106118654707866,0,0,0
TUR.59.4_1,2028,6,albopictus,24.562610710368435,35.79857687102851,0.12927640150444447,0.052501275542138,0.05219484420807275,0.052783842994199144,0,0,0,1,1,1,0.012844437135980824,0,0,0
TUR.59.4_1,2028,7,albopictus,27.103297738467948,31.977928727527477,0.15181370795367086,0.051749511778156114,0.05140895646043281,0.05211660949235616,0,0,0,1,1,1,0.014584253462566088,0,0,0
TUR.59.4_1,2028,8,albopictus,26.590686685898724,40.95739903498488,0.18026920864128557,0.06347119704486508,0.06309888212207306,0.06379164868588112,2.4009683130543637e-15,1.9984014443252818e-15,2.7755575615628914e-15,0.9999999999999976,0.9999999999999972,0.999999999999998,0.01729411721994023,4.1522627447324315e-17,3.4560588830659283e-17,4.8000817820360116e-17
TUR.59.4_1,2028,9,albopictus,22.979103200575885,46.958258750028996,0.1436832644361087,0.054432364726439544,0.054198527440110465,0.054682903391249406,0,0,0,1,1,1,0.014265594657730807,0,0,0
TUR.59.4_1,2028,10,albopictus,14.429233158335967,46.60506980500217,0.1415938605741442,0.001830116496896146,0.0018088926397014078,0.0018508872261176169,0,0,0,1,1,1,0.01360917795206884,0,0,0
TUR.59.4_1,2028,11,albopictus,9.021809984655942,51.286363179281025,0.08213146221991319,0,0,0,0,0,0,1,1,1,0.00817951048462695,0,0,0
TUR.59.4_1,2028,12,albopictus,6.859274611753576,67.79813016093512,0.06755441723045545,0,0,0,0,0,0,1,1,1,0.006516201128568766,0,0,0
TUR.59.4_1,2029,1,albopictus,4.350197824485162,74.75487179969846,0.06776077754298872,0,0,0,0,0,0,1,1,1,0.006536041152452099,0,0,0
TUR.59.4_1,2029,2,albopictus,4.913212793714861,71.51402012608118,0.050687112219091675,0,0,0,0,0,0,1,1,1,0.005416042094262163,0,0,0
TUR.59.4_1,2029,3,albopictus,7.208024880465339,76.7426523134308,0.06222265676007765,0,0,0,0,0,0,1,1,1,0.006003454246212625,0,0,0
TUR.59.4_1,2029,4,albopictus,14.746868932948393,59.34724248824271,0.08227801919157386,0.0029526367288399175,0.002924193678559379,0.0029807528294784613,0,0,0,1,1,1,0.00819404619884867,0,0,0
TUR.59.4_1,2029,5,albopictus,17.142622134264776,61.593891185427864,0.11500291514578657,0.013505271342944205,0.013430183705793039,0.013580355429689632,0,0,0,1,1,1,0.011067612661153303,0,0,0
TUR.59.4_1,2029,6,albopictus,22.698547447428982,42.599144497981634,0.12935192549119137,0.0484960146557733,0.0482713785503215,0.04872204862368584,0,0,0,1,1,1,0.012851892500192585,0,0,0
TUR.59.4_1,2029,7,albopictus,25.523917703067557,42.620220750232555,0.1519023983591436,0.06371941171989912,0.06340442041825053,0.06402957416193918,2.683075983611616e-15,2.3314683517128287e-15,3.1086244689504383e-15,0.9999999999999973,0.9999999999999969,0.9999999999999977,0.01459271119292671,3.915335293752207e-17,3.4022444311994185e-17,4.536325908265891e-17
TUR.59.4_1,2029,8,albopictus,26.254917032578412,46.32973256159621,0.18037452290719835,0.07069946158802648,0.07034627861651345,0.07103770784355397,5.18619591716174e-14,4.4853010194856324e-14,5.928590951498336e-14,0.9999999999999482,0.9999999999999407,0.9999999999999551,0.017304132615547085,8.97426219207756e-16,7.761424366182793e-16,1.025891240480597e-15
TUR.59.4_1,2029,9,albopictus,21.294307820937213,58.68609154421845,0.14376720499163728,0.049054874808063566,0.0488592578559401,0.04924917834406583,0,0,0,1,1,1,0.014273868932362266,0,0,0
TUR.59.4_1,2029,10,albopictus,17.11405237983255,47.36477439484592,0.14167658048841308,0.010926690619977843,0.010851266451691174,0.010998887155834995,0,0,0,1,1,1,0.01361707412990587,0,0,0
TUR.59.4_1,2029,11,albopictus,8.149538923712338,68.28587489803103,0.08217944387311525,0,0,0,0,0,0,1,1,1,0.008184269391886656,0,0,0
TUR.59.4_1,2029,12,albopictus,6.629041419309728,71.37529385722418,0.06759388289357904,0,0,0,0,0,0,1,1,1,0.006519995491993114,0,0,0
TUR.59.4_1,2030,1,albopictus,5.115967067725518,76.58433957313596,0.06671664228083414,0,0,0,0,0,0,1,1,1,0.006435651169169221,0,0,0
TUR.59.4_1,2030,2,albopictus,4.835280912763933,71.93223301670618,0.04990606744475798,0,0,0,0,0,0,1,1,1,0.005332808475644657,0,0,0
TUR.59.4_1,2030,3,albopictus,7.010605713900397,76.1675561830597,0.06126385917268397,0,0,0,0,0,0,1,1,1,0.005911220145614737,0,0,0
TUR.59.4_1,2030,4,albopictus,11.714011038050932,67.03555883345756,0.08101018573019347,1.2152224178191538e-5,1.1682863622449566e-5,1.2614468404962776e-5,0,0,0,1,1,1,0.008068293749816435,0,0,0
TUR.59.4_1,2030,5,albopictus,16.33372225480921,64.75989918103333,0.11323081920314326,0.009362698990135705,0.009303816866960296,0.009424138678176429,0,0,0,1,1,1,0.01089800298220156,0,0,0
TUR.59.4_1,2030,6,albopictus,22.918315971598904,39.21192220794257,0.12735872364891232,0.047133791475273634,0.04691181356086527,0.04736281810758436,0,0,0,1,1,1,0.01265511434726807,0,0,0
TUR.59.4_1,2030,7,albopictus,26.733533410465018,34.411060899158336,0.14956171313852298,0.054969981693675625,0.05463117560424546,0.055307202780776304,0,0,0,1,1,1,0.014369473496288476,0,0,0
TUR.59.4_1,2030,8,albopictus,24.172778971054974,54.259431505688006,0.1775951067524438,0.07170658507000974,0.07140931075147164,0.07199512862228775,7.74874608922005e-14,6.872280522429719e-14,8.671119378078629e-14,0.9999999999999225,0.9999999999999133,0.9999999999999313,0.01703977569959636,1.3203689531343412e-15,1.171021186469073e-15,1.4775392926688333e-15
TUR.59.4_1,2030,9,albopictus,22.620922200820026,35.32264244753876,0.14155187609907935,0.04223487845381817,0.04200762285822936,0.04245238540722522,0,0,0,1,1,1,0.01405547398459317,0,0,0
TUR.59.4_1,2030,10,albopictus,14.932335460887236,64.36612098298068,0.1394934663201085,0.003694259987089063,0.0036626862539549418,0.003725531500867426,0,0,0,1,1,1,0.013408659869045159,0,0,0
TUR.59.4_1,2030,11,albopictus,8.95443575522479,67.76690822322634,0.08091312937255135,0,0,0,0,0,0,1,1,1,0.008058666375252765,0,0,0
TUR.59.4_1,2030,12,albopictus,7.584977374357336,72.52169430888434,0.06655231933433037,0,0,0,0,0,0,1,1,1,0.0064198511640573,0,0,0
TUR.59.4_1,2031,1,albopictus,8.046537908561088,77.28077359413206,0.07563659844970043,0,0,0,0,0,0,1,1,1,0.007292947269550654,0,0,0
TUR.59.4_1,2031,2,albopictus,5.0820827659438645,74.86874882481165,0.05657846460008677,0,0,0,0,0,0,1,1,1,0.006043641630227303,0,0,0
TUR.59.4_1,2031,3,albopictus,8.17419757562525,68.7306665346222,0.06945478305424933,0,0,0,0,0,0,1,1,1,0.006698892328164674,0,0,0
TUR.59.4_1,2031,4,albopictus,13.667456472621245,56.96578420577201,0.09184117603847865,9.414987537170444e-4,9.292958840807238e-4,9.544035215738812e-4,0,0,0,1,1,1,0.009142072410219693,0,0,0
TUR.59.4_1,2031,5,albopictus,17.474659106310675,47.14788441052552,0.12836967975918495,0.012805655351562202,0.012727704384562156,0.012885053311440407,0,0,0,1,1,1,0.012346026899891949,0,0,0
TUR.59.4_1,2031,6,albopictus,24.994468773112576,31.282673398128118,0.14438647255583542,0.049328629103146615,0.04902501284249537,0.04960630911131624,0,0,0,1,1,1,0.014334909864324508,0,0,0
TUR.59.4_1,2031,7,albopictus,25.7310328764074,40.671604722400524,0.16955798213720166,0.06179653174835178,0.061477912518092696,0.06211490523421588,1.1185496973098451e-15,9.992007221626409e-16,1.3322676295501878e-15,0.9999999999999989,0.9999999999999987,0.999999999999999,0.01627494535109486,1.820433519620143e-17,1.62619371479715e-17,2.1682582863962e-17
TUR.59.4_1,2031,8,albopictus,23.673612482407513,62.003312731273944,0.20133941572663822,0.07757672463596592,0.07728130862073083,0.07787803900728622,7.240891219950641e-13,6.489087045480346e-13,8.071515678054198e-13,0.9999999999992759,0.9999999999991929,0.9999999999993511,0.01929586438191655,1.3971925498437784e-14,1.2521254359204031e-14,1.55746871880247e-14
TUR.59.4_1,2031,9,albopictus,20.508808248183307,64.58585274416961,0.16047723695746446,0.04474921182806123,0.044579761966009435,0.04491410011511452,0,0,0,1,1,1,0.01591964501683063,0,0,0
TUR.59.4_1,2031,10,albopictus,17.09124907325296,59.8843628653049,0.1581436196084139,0.012879232849851627,0.012804192073377532,0.01295000289926413,0,0,0,1,1,1,0.01518770680327075,0,0,0
TUR.59.4_1,2031,11,albopictus,11.254461218329038,70.35485988338259,0.09173114333151076,7.109433539804001e-7,6.634588958457525e-7,7.597568913765243e-7,0,0,0,1,1,1,0.009131169672237593,0,0,0
TUR.59.4_1,2031,12,albopictus,8.127618537229651,73.4920235935523,0.07545030567032973,0,0,0,0,0,0,1,1,1,0.007275050254422433,0,0,0
TUR.59.4_1,2032,1,albopictus,4.993531259543755,71.86198849891721,0.07294279228343795,0,0,0,0,0,0,1,1,1,0.007034123820367499,0,0,0
TUR.59.4_1,2032,2,albopictus,7.146265047438005,69.1277209927804,0.05651210949709289,0,0,0,0,0,0,1,1,1,0.005829025216707473,0,0,0
TUR.59.4_1,2032,3,albopictus,8.797323605593512,62.66569461079408,0.0669811429553707,0,0,0,0,0,0,1,1,1,0.006461082950822594,0,0,0
TUR.59.4_1,2032,4,albopictus,13.635568464503569,56.14817251143607,0.08857024197480867,8.921543475793281e-4,8.796406740044214e-4,9.032575030688249e-4,0,0,0,1,1,1,0.008817916303686224,0,0,0
TUR.59.4_1,2032,5,albopictus,19.75774111467249,47.14294056286927,0.12379777882783358,0.028306739402253128,0.02816752164512721,0.02845214818843537,0,0,0,1,1,1,0.011908950592093737,0,0,0
TUR.59.4_1,2032,6,albopictus,22.98953446219949,43.91385320769843,0.1392441317040789,0.05168987324997489,0.05145400807098775,0.051920188938059095,0,0,0,1,1,1,0.013827916933058293,0,0,0
TUR.59.4_1,2032,7,albopictus,26.310756234561698,37.46355876292787,0.16351915507223297,0.05866052650361397,0.058317029328997835,0.05899528657310259,2.3436808049837057e-16,2.220446049250313e-16,3.3306690738754696e-16,0.9999999999999998,0.9999999999999997,0.9999999999999998,0.015699885835817717,3.679552107384154e-18,3.48607494778224e-18,5.22911242167336e-18
TUR.59.4_1,2032,8,albopictus,25.826595194199506,42.22715535212355,0.19416868924352187,0.06404097484512639,0.06371244042622085,0.06439149349781056,3.0979663279140368e-15,2.6645352591003757e-15,3.6637359812630166e-15,0.9999999999999969,0.9999999999999963,0.9999999999999973,0.01861507712017152,5.766888210981437e-17,4.9600529337569695e-17,6.820072783915833e-17
TUR.59.4_1,2032,9,albopictus,21.78765308155733,46.35395348269501,0.15476182167807076,0.04444103683310327,0.04424689384268609,0.04464160160654743,0,0,0,1,1,1,0.015357041466797172,0,0,0
TUR.59.4_1,2032,10,albopictus,16.267096126780793,61.053582836008026,0.15251131637971282,0.008575506230244877,0.008521066813204126,0.008628997256114837,0,0,0,1,1,1,0.01465077711972218,0,0,0
TUR.59.4_1,2032,11,albopictus,10.467715193243588,70.08590846736696,0.08846412809537398,1.2895875864429373e-22,3.490157179101013e-27,9.453302521319476e-23,0,0,0,1,1,1,0.008807398430269009,0,0,0
TUR.59.4_1,2032,12,albopictus,6.8735558846417595,70.14438260234137,0.07276313434286334,0,0,0,0,0,0,1,1,1,0.0070168597150267464,0,0,0
TUR.59.4_1,2033,1,albopictus,5.509210142142632,73.63475461219846,0.07163611349618604,0,0,0,0,0,0,1,1,1,0.006908552579808269,0,0,0
TUR.59.4_1,2033,2,albopictus,7.479825991041521,76.80231205723352,0.05358598078980391,0,0,0,0,0,0,1,1,1,0.005724905002495562,0,0,0
TUR.59.4_1,2033,3,albopictus,8.72800674157984,69.26147402973939,0.06578125965085478,0,0,0,0,0,0,1,1,1,0.006345708759655122,0,0,0
TUR.59.4_1,2033,4,albopictus,13.105014646754546,60.856344355918495,0.08698361699450163,4.509996509353723e-4,4.433866574721694e-4,4.5875480343623656e-4,0,0,0,1,1,1,0.008660640401719877,0,0,0
TUR.59.4_1,2033,5,albopictus,15.846276423510382,70.50147632947083,0.12158009663553886,0.007610052066119843,0.00755401228017222,0.007659809196741328,0,0,0,1,1,1,0.011696869261701326,0,0,0
TUR.59.4_1,2033,6,albopictus,23.04677971671609,40.57665304290351,0.13674974744140866,0.04911936158213659,0.04888901898630236,0.04936588986543574,0,0,0,1,1,1,0.013581897038497548,0,0,0
TUR.59.4_1,2033,7,albopictus,27.641198663150565,35.490147202869274,0.16058991416228835,0.05529176216266402,0.05491587234138532,0.055663731316805416,3.4416913763379853e-18,0,1.1102230246251565e-16,1,0.9999999999999999,1,0.015420821881088176,5.3073709684185286e-20,0,1.712055151102751e-18
TUR.59.4_1,2033,8,albopictus,27.376333124497357,36.69329991389113,0.19069040030721215,0.057347784325493076,0.05699134285505787,0.05768050344386258,1.1124434706744069e-16,1.1102230246251565e-16,1.1102230246251565e-16,0.9999999999999999,0.9999999999999999,0.9999999999999999,0.018284678904283758,2.0340671660448534e-18,2.0300071517413707e-18,2.0300071517413707e-18
TUR.59.4_1,2033,9,albopictus,22.256794088027057,45.376742484159855,0.1519894574302448,0.04745855045480564,0.047244976584417904,0.04767526960497528,0,0,0,1,1,1,0.015084024729942747,0,0,0
TUR.59.4_1,2033,10,albopictus,16.208886707530304,59.02161567292209,0.1497792671163001,0.008068218959699872,0.008010595036518603,0.00812442240139093,0,0,0,1,1,1,0.014390224359298376,0,0,0
TUR.59.4_1,2033,11,albopictus,10.433782507391538,75.2958770342615,0.08687940401234476,1.6911462714511523e-31,5.231173965629196e-41,1.343789892400525e-32,0,0,0,1,1,1,0.008650309304788939,0,0,0
TUR.59.4_1,2033,12,albopictus,8.132656321806067,77.55962765849371,0.0714596739026552,0,0,0,0,0,0,1,1,1,0.006891595597815492,0,0,0
TUR.59.4_1,2034,1,albopictus,7.97488501930938,75.96098752235471,0.07278874727990586,0,0,0,0,0,0,1,1,1,0.0070193209908141485,0,0,0
TUR.59.4_1,2034,2,albopictus,5.803954141981462,69.39215580723352,0.054448185741715185,0,0,0,0,0,0,1,1,1,0.005816751000512155,0,0,0
TUR.59.4_1,2034,3,albopictus,9.01605262475855,70.71305789204408,0.06683968812371238,0,0,0,0,0,0,1,1,1,0.0064474821273833305,0,0,0
TUR.59.4_1,2034,4,albopictus,10.205930555568022,72.74287237105521,0.08838319397718296,0,0,0,0,0,0,1,1,1,0.00879937626788918,0,0,0
TUR.59.4_1,2034,5,albopictus,16.246518275317023,66.69513325085755,0.12353633518577099,0.009153513903486572,0.009099704659611942,0.009213789672099838,0,0,0,1,1,1,0.011883950586544123,0,0,0
TUR.59.4_1,2034,6,albopictus,22.380123222575467,55.17207769500312,0.13895006751913755,0.05702083438054008,0.0567782819563797,0.057247401968238,1.1102230246251565e-16,1.1102230246251565e-16,1.1102230246251565e-16,0.9999999999999999,0.9999999999999999,0.9999999999999999,0.013798916717682186,1.5319875054855754e-18,1.5319875054855754e-18,1.5319875054855754e-18
TUR.59.4_1,2034,7,albopictus,24.95705178204705,51.62987956370912,0.1631738254237218,0.07338234600127627,0.07307370823433501,0.07368962362736796,1.494797619017163e-13,1.3233858453531866e-13,1.6797951918334773e-13,0.9999999999998506,0.999999999999832,0.9999999999998677,0.015666990962378002,2.341898078772605e-15,2.0733474078887346e-15,2.6317336089101114e-15
TUR.59.4_1,2034,8,albopictus,25.533410913803998,48.71604313898879,0.19375863205371602,0.07202695929153356,0.07168628957587865,0.07234610709649766,8.800860040736325e-14,7.671641100159832e-14,9.958700530887654e-14,0.999999999999912,0.9999999999999004,0.9999999999999233,0.01857613209484399,1.6348593866495202e-15,1.425094184608033e-15,1.84994136554762e-15
TUR.59.4_1,2034,9,albopictus,21.47968875660616,54.857535483427434,0.15443498629625002,0.04801239296629625,0.04780989349403148,0.04820210478605405,0,0,0,1,1,1,0.015324859325155926,0,0,0
TUR.59.4_1,2034,10,albopictus,16.723364437327668,51.710923839425995,0.1521892337511907,0.009605756589341855,0.009541736162990729,0.009671291307890543,0,0,0,1,1,1,0.014620064008711964,0,0,0
TUR.59.4_1,2034,11,albopictus,9.052141119452084,67.18847804744509,0.08827730419546126,0,0,0,0,0,0,1,1,1,0.008788880410550148,0,0,0
TUR.59.4_1,2034,12,albopictus,8.804776416105383,77.51720822489996,0.07260946875184379,0,0,0,0,0,0,1,1,1,0.0070020930883477606,0,0,0
TUR.59.4_1,2035,1,albopictus,7.304352315909722,76.08894772743284,0.06449737023963922,0,0,0,0,0,0,1,1,1,0.006222242164814595,0,0,0
TUR.59.4_1,2035,2,albopictus,4.08681012953029,71.75737492344446,0.04824598479701423,0,0,0,0,0,0,1,1,1,0.005155875268239352,0,0,0
TUR.59.4_1,2035,3,albopictus,7.199067494448493,66.96678103657533,0.059225969297690986,0,0,0,0,0,0,1,1,1,0.005715151445361277,0,0,0
TUR.59.4_1,2035,4,albopictus,14.685251081691069,59.37689794478568,0.07831545119175175,0.0028023205409981994,0.002777611885833838,0.0028292382527225777,0,0,0,1,1,1,0.007800958468692554,0,0,0
TUR.59.4_1,2035,5,albopictus,15.032087466296026,63.203762096072396,0.10946429285127197,0.003927345991589777,0.003892894144603343,0.003960435136052761,0,0,0,1,1,1,0.010537407066826487,0,0,0
TUR.59.4_1,2035,6,albopictus,20.593839729533475,44.07730535613593,0.1231222446395738,0.033416016475615117,0.03325336548554284,0.03357406677016228,0,0,0,1,1,1,0.012236739143332453,0,0,0
TUR.59.4_1,2035,7,albopictus,25.77926400128533,38.35376033153138,0.1445866706745396,0.059008148568059325,0.05867767473242477,0.05933754489614496,3.128608483393691e-16,2.220446049250313e-16,3.3306690738754696e-16,0.9999999999999997,0.9999999999999997,0.9999999999999998,0.013894821786486822,4.347145731644615e-18,3.085270214084184e-18,4.627905321126276e-18
TUR.59.4_1,2035,8,albopictus,26.860732920029584,37.483842516430194,0.171687557427499,0.058839810928152145,0.05848955667775757,0.05918141575656963,2.73003841755326e-16,2.220446049250313e-16,3.3306690738754696e-16,0.9999999999999998,0.9999999999999997,0.9999999999999998,0.0164776583235281,4.498464025454795e-18,3.6587751325374505e-18,5.488162698806176e-18
TUR.59.4_1,2035,9,albopictus,19.037685506484088,54.29255593020478,0.1368432740132154,0.0253740528051637,0.025258078930722003,0.02549320413555601,0,0,0,1,1,1,0.013591122625709384,0,0,0
TUR.59.4_1,2035,10,albopictus,14.970557773814482,65.32969062409396,0.13485333547493683,0.003859316210763211,0.003827988148385975,0.0038935740758352954,0,0,0,1,1,1,0.012965536555459067,0,0,0
TUR.59.4_1,2035,11,albopictus,10.619269300909604,68.98985439021853,0.07822162333083205,2.2045834504457162e-13,8.307747128233417e-14,5.687689871624817e-13,0,0,0,1,1,1,0.007791648833650133,0,0,0
TUR.59.4_1,2035,12,albopictus,6.114506945890539,78.73839963114996,0.06433851335540171,0,0,0,0,0,0,1,1,1,0.006206964456584085,0,0,0
TUR.59.4_1,2036,1,albopictus,6.655705961234429,76.34657712196409,0.0713753346290183,0,0,0,0,0,0,1,1,1,0.006883489947820509,0,0,0
TUR.59.4_1,2036,2,albopictus,7.129486101515154,68.29580418369837,0.055297728530507226,0,0,0,0,0,0,1,1,1,0.005704124029135005,0,0,0
TUR.59.4_1,2036,3,albopictus,8.557265183504889,60.429412262161264,0.06554179436532488,0,0,0,0,0,0,1,1,1,0.006322681488783344,0,0,0
TUR.59.4_1,2036,4,albopictus,11.020364607081694,67.22226537642631,0.08666696819831608,4.2943046864539667e-8,3.858968502782995e-8,4.76946257485057e-8,0,0,0,1,1,1,0.008629249263241379,0,0,0
TUR.59.4_1,2036,5,albopictus,15.372987887438605,68.7803001820099,0.12113750534570782,0.005450642012180064,0.00541165036789714,0.0054911669805960935,0,0,0,1,1,1,0.011654537933470821,0,0,0
TUR.59.4_1,2036,6,albopictus,23.737999046550076,38.91830114471015,0.13625193366449093,0.05174241559885675,0.051492719980779984,0.05201175263234802,0,0,0,1,1,1,0.013532790564068087,0,0,0
TUR.59.4_1,2036,7,albopictus,28.12875130597283,32.85121974315248,0.160005314386422,0.05062431520125341,0.05025186880628314,0.05095733178788192,0,0,0,1,1,1,0.015365118553787416,0,0,0
TUR.59.4_1,2036,8,albopictus,27.093849069931927,43.00398793268996,0.18999622492352772,0.0664541057221186,0.06608564236954473,0.06683075222987356,8.897327319346005e-15,7.549516567451064e-15,1.0436096431476471e-14,0.9999999999999911,0.9999999999999896,0.9999999999999925,0.01821872675906322,1.6209797531711326e-16,1.3754257950541181e-16,1.9013238931630457e-16
TUR.59.4_1,2036,9,albopictus,22.90376292957979,53.564242484159855,0.15143616612791572,0.06031393932893091,0.060059744053698405,0.06057809578433417,5.586642259913788e-16,4.440892098500626e-16,6.661338147750939e-16,0.9999999999999994,0.9999999999999993,0.9999999999999996,0.015029528678082826,8.396460005956372e-18,6.6744515150686585e-18,1.0011677272602988e-17
TUR.59.4_1,2036,10,albopictus,15.511849010691924,67.7157837637424,0.14923402162910762,0.005907106544517153,0.005864055687076209,0.00595237417725401,0,0,0,1,1,1,0.014338216605039644,0,0,0
TUR.59.4_1,2036,11,albopictus,10.928776670904721,62.43600612361696,0.08656313458547596,7.257144353882886e-9,6.230848334415612e-9,8.586242519771428e-9,0,0,0,1,1,1,0.00861895544912794,0,0,0
TUR.59.4_1,2036,12,albopictus,6.45837615518009,74.68187344706793,0.07119953733327665,0,0,0,0,0,0,1,1,1,0.006866594268924331,0,0,0
TUR.59.4_1,2037,1,albopictus,7.931929143912652,76.84454007362424,0.07070670047021196,0,0,0,0,0,0,1,1,1,0.006819226743980167,0,0,0
TUR.59.4_1,2037,2,albopictus,3.0898721393416912,71.01677433750696,0.05289075171992575,0,0,0,0,0,0,1,1,1,0.005650839856570555,0,0,0
TUR.59.4_1,2037,3,albopictus,6.733005425509284,68.28906192036439,0.06492780799636572,0,0,0,0,0,0,1,1,1,0.006263637380266918,0,0,0
TUR.59.4_1,2037,4,albopictus,13.377764547572417,56.64124120650443,0.08585508415351588,6.349157694267918e-4,6.24963989318686e-4,6.441619857726848e-4,0,0,0,1,1,1,0.008548758186314065,0,0,0
TUR.59.4_1,2037,5,albopictus,17.342510363634894,59.026847880984505,0.12000270612679398,0.014275589089277905,0.014194026857809822,0.014356034479764352,0,0,0,1,1,1,0.011545992587100207,0,0,0
TUR.59.4_1,2037,6,albopictus,24.35398873160867,35.24906972991523,0.1349755445936024,0.05112512886246759,0.050843160540103384,0.05139879964228787,0,0,0,1,1,1,0.013406870931625514,0,0,0
TUR.59.4_1,2037,7,albopictus,26.219756631290213,36.44875010814271,0.15850640696489643,0.05731794163199905,0.0569973872658608,0.0576326584215609,1.1124434706744069e-16,1.1102230246251565e-16,1.1102230246251565e-16,0.9999999999999999,0.9999999999999999,0.9999999999999999,0.015222281433286078,1.6933927589227349e-18,1.6900127334558232e-18,1.6900127334558232e-18
TUR.59.4_1,2037,8,albopictus,26.688894159653607,44.82048192072707,0.18821636684386456,0.06906105011588566,0.06870499410079757,0.06940788938230366,2.661582065854873e-14,2.2870594307278225e-14,3.064215547965432e-14,0.9999999999999734,0.9999999999999694,0.9999999999999771,0.018049605936529378,4.804050745641424e-16,4.1280521478060405e-16,5.530788314536248e-16
TUR.59.4_1,2037,9,albopictus,21.544864766737994,46.13904106814423,0.15001753328958184,0.04230344379957856,0.04210518062099383,0.042509488012635266,0,0,0,1,1,1,0.014889787620713912,0,0,0
TUR.59.4_1,2037,10,albopictus,18.336737240062043,52.3131958731174,0.14783601817264894,0.019409184937172728,0.019295707995225963,0.019508702391983455,0,0,0,1,1,1,0.01420485675374128,0,0,0
TUR.59.4_1,2037,11,albopictus,11.480063368292416,61.38256984432009,0.0857522232394482,2.8358718213736233e-6,2.68926404365229e-6,2.9880801390920537e-6,0,0,0,1,1,1,0.008538559975765692,0,0,0
TUR.59.4_1,2037,12,albopictus,7.647245154661291,67.9644357029273,0.07053255001896598,0,0,0,0,0,0,1,1,1,0.006802488259721962,0,0,0
TUR.59.4_1,2038,1,albopictus,8.400613817221977,75.43218655799924,0.07336279017896943,0,0,0,0,0,0,1,1,1,0.007074482056149911,0,0,0
TUR.59.4_1,2038,2,albopictus,7.5637955840896165,76.59116856358118,0.05487758720224223,0,0,0,0,0,0,1,1,1,0.005862489634686274,0,0,0
TUR.59.4_1,2038,3,albopictus,9.137974164065191,70.19251956196595,0.06736681422186454,0,0,0,0,0,0,1,1,1,0.006498164137451412,0,0,0
TUR.59.4_1,2038,4,albopictus,12.929854238734526,64.19409765181693,0.089080221289716,3.560747188074796e-4,3.4988399586039756e-4,3.627113520155096e-4,0,0,0,1,1,1,0.008868463250779612,0,0,0
TUR.59.4_1,2038,5,albopictus,20.16484369951136,42.0633697926056,0.12451059506301587,0.029180028107166463,0.029036056260731247,0.02933122174219747,0,0,0,1,1,1,0.011977108951711557,0,0,0
TUR.59.4_1,2038,6,albopictus,23.535497749553006,34.57646230804023,0.14004588661981582,0.04673687499230577,0.046493822016069296,0.04697740186093469,0,0,0,1,1,1,0.013906980595068008,0,0,0
TUR.59.4_1,2038,7,albopictus,28.623347787296073,28.079865067859508,0.1644606833419839,0.04319334184293308,0.04283088957036263,0.04354029236607853,0,0,0,1,1,1,0.015789566883960493,0,0,0
TUR.59.4_1,2038,8,albopictus,27.30580509410185,41.39594426203566,0.1952866947147616,0.06392821660330757,0.06355018508793465,0.06429708051205299,2.947753152682253e-15,2.4424906541753444e-15,3.4416913763379853e-15,0.999999999999997,0.9999999999999966,0.9999999999999976,0.01872125141311165,5.5185627875156955e-17,4.5726481610992165e-17,6.443276954276169e-17
TUR.59.4_1,2038,9,albopictus,19.487955205580768,52.66554558474579,0.1556529260268162,0.028450925072717632,0.028312010031241584,0.02858166416704351,0,0,0,1,1,1,0.01544477951978207,0,0,0
TUR.59.4_1,2038,10,albopictus,15.113291347728056,60.50571601471896,0.15338946252574076,0.00402157826414533,0.003987246473610794,0.0040538926516177675,0,0,0,1,1,1,0.014734510396207545,0,0,0
TUR.59.4_1,2038,11,albopictus,10.088848997564877,67.9753203936365,0.0889734964163139,0,0,0,0,0,0,1,1,1,0.008857885355554984,0,0,0
TUR.59.4_1,2038,12,albopictus,6.711975322050207,79.31058896220465,0.07318209778448109,0,0,0,0,0,0,1,1,1,0.007057119250532762,0,0,0
TUR.59.4_1,2039,1,albopictus,5.997397455222466,76.53670926307737,0.070785661171352,0,0,0,0,0,0,1,1,1,0.006826815965004895,0,0,0
TUR.59.4_1,2039,2,albopictus,3.700081842787126,69.32892338535852,0.05294981671393417,0,0,0,0,0,0,1,1,1,0.0056571324681437,0,0,0
TUR.59.4_1,2039,3,albopictus,8.604133984621832,76.08429660054017,0.0650003152016063,0,0,0,0,0,0,1,1,1,0.006270610231261298,0,0,0
TUR.59.4_1,2039,4,albopictus,12.102969015345854,67.09225286421928,0.08595096159647553,5.406886240207002e-5,5.252245705017437e-5,5.5578310009338806e-5,0,0,0,1,1,1,0.0085582639217332,0,0,0
TUR.59.4_1,2039,5,albopictus,16.65195383745081,66.84723286023255,0.1201367174404525,0.011410022536815967,0.011346825869571545,0.011476471110795642,0,0,0,1,1,1,0.011558811602688124,0,0,0
TUR.59.4_1,2039,6,albopictus,22.939144218669217,47.530785122981634,0.13512627661145912,0.05466933664136075,0.05443222009128722,0.05491007175795761,0,0,0,1,1,1,0.013421741936863296,0,0,0
TUR.59.4_1,2039,7,albopictus,28.923226861392752,27.492447465320446,0.15868341673831113,0.041272911369785927,0.04087468763910773,0.04163923797363098,0,0,0,1,1,1,0.0152391505095274,0,0,0
TUR.59.4_1,2039,8,albopictus,26.24003589854521,43.67514576960402,0.18842655479201076,0.06684813564403262,0.06650223836619477,0.0672125452494229,1.0528022897915435e-14,9.103828801926284e-15,1.2212453270876722e-14,0.9999999999999895,0.9999999999999878,0.9999999999999909,0.018069579359698662,1.9023694525460764e-16,1.6450235701351737e-16,2.2067389355471843e-16
TUR.59.4_1,2039,9,albopictus,21.140012853285846,55.91329872805634,0.15018506323417083,0.04544913656533894,0.045245927577304106,0.04564437998741639,0,0,0,1,1,1,0.01490629102840213,0,0,0
TUR.59.4_1,2039,10,albopictus,19.03146418403177,50.88203589997287,0.148001111941288,0.024102112891244733,0.023974746456879758,0.024217669050078234,0,0,0,1,1,1,0.014220606495858323,0,0,0
TUR.59.4_1,2039,11,albopictus,11.56560986182269,65.79154353816774,0.08584798581394645,5.473388732971703e-6,5.2293649583432165e-6,5.724597030431304e-6,0,0,0,1,1,1,0.00854805442030615,0,0,0
TUR.59.4_1,2039,12,albopictus,7.188896880430334,74.07022488749762,0.07061131624006886,0,0,0,0,0,0,1,1,1,0.006810058916172146,0,0,0
TUR.59.4_1,2040,1,albopictus,7.058306726462701,71.87624783729612,0.07409286962334326,0,0,0,0,0,0,1,1,1,0.0071446325950929035,0,0,0
TUR.59.4_1,2040,2,albopictus,7.18615676725612,61.03217045567102,0.057403126889329636,0,0,0,0,0,0,1,1,1,0.0059206579207345955,0,0,0
TUR.59.4_1,2040,3,albopictus,7.904725453432868,59.94446505757142,0.06803722392379041,0,0,0,0,0,0,1,1,1,0.0065626188146019615,0,0,0
TUR.59.4_1,2040,4,albopictus,12.43625911544351,54.72345556197318,0.08996671481463835,1.0387619982298381e-4,1.014998370332477e-4,1.0627954748172771e-4,0,0,0,1,1,1,0.008956322525355609,0,0,0
TUR.59.4_1,2040,5,albopictus,17.514337679919073,55.44970325818177,0.1257496786071464,0.014644038414807803,0.014563843427202195,0.014723517679046276,0,0,0,1,1,1,0.012095576968631283,0,0,0
TUR.59.4_1,2040,6,albopictus,21.438173378215115,45.92403082000312,0.14143957165879548,0.04128171190504269,0.041098359366862694,0.041479171827856307,0,0,0,1,1,1,0.014044401327603317,0,0,0
TUR.59.4_1,2040,7,albopictus,27.825566796695487,31.170811265369274,0.16609733543799532,0.04944050689191639,0.049084222515027545,0.04981068862001446,0,0,0,1,1,1,0.015945439384965066,0,0,0
TUR.59.4_1,2040,8,albopictus,27.002668268540326,43.72656788874465,0.19723011591266235,0.06753498950439248,0.06715267899146923,0.06791606193076494,1.40923939184745e-14,1.199040866595169e-14,1.6434076322013877e-14,0.9999999999999859,0.9999999999999836,0.999999999999988,0.018905786116444445,2.664277852913613e-16,2.2668810168724463e-16,3.1069913196531837e-16
TUR.59.4_1,2040,9,albopictus,22.58319865956026,44.20319664675751,0.15720192656880208,0.048995428746170445,0.04876715864909834,0.04922324579645497,0,0,0,1,1,1,0.015597275365683672,0,0,0
TUR.59.4_1,2040,10,albopictus,17.358520115123078,56.41742866120334,0.1549159379133371,0.013867891808183465,0.013793363123243843,0.013943398342750976,0,0,0,1,1,1,0.014880046438672134,0,0,0
TUR.59.4_1,2040,11,albopictus,10.699499060125913,66.68604427058962,0.0898589278546378,1.3806545601376058e-11,8.663996026226838e-12,2.1978929335097277e-11,0,0,0,1,1,1,0.008945640309263259,0,0,0
TUR.59.4_1,2040,12,albopictus,5.500613913816564,67.21134579814215,0.07391037904475302,0,0,0,0,0,0,1,1,1,0.007127098238604801,0,0,0
TUR.59.4_1,2041,1,albopictus,6.290264162070611,68.89935727333128,0.0723360778503514,0,0,0,0,0,0,1,1,1,0.00697582081245407,0,0,0
TUR.59.4_1,2041,2,albopictus,4.221302050001482,63.82866398594446,0.054109575309457036,0,0,0,0,0,0,1,1,1,0.0057806816869721,0,0,0
TUR.59.4_1,2041,3,albopictus,8.44765081125147,64.97289218159486,0.06642401558330979,0,0,0,0,0,0,1,1,1,0.00640751430746378,0,0,0
TUR.59.4_1,2041,4,albopictus,14.499322736964507,48.44117559371146,0.08783354349555009,0.002012004123376759,0.001988610941367775,0.0020338711268460628,0,0,0,1,1,1,0.008744893380552732,0,0,0
TUR.59.4_1,2041,5,albopictus,20.703450343188116,46.209247630740364,0.12276806914922622,0.03543898693270604,0.03527646119425588,0.03560165981763776,0,0,0,1,1,1,0.011810483081201473,0,0,0
TUR.59.4_1,2041,6,albopictus,23.93631752799539,41.37518362151679,0.13808594428373455,0.0552648858115892,0.054996107794682406,0.055524509724452956,3.3306690738754697e-19,0,0,1,1,1,0.013713693108465819,4.567577352498626e-21,0,0
TUR.59.4_1,2041,7,albopictus,25.69180062237908,38.56572017039857,0.16215905589913118,0.059081414945931846,0.058756802891449765,0.059404575276175264,3.217426325363704e-16,2.220446049250313e-16,3.3306690738754696e-16,0.9999999999999997,0.9999999999999997,0.9999999999999998,0.015570321266808906,5.0096361538201305e-18,3.4573058342443966e-18,5.185958751366595e-18
TUR.59.4_1,2041,8,albopictus,26.64840305552763,47.64776768732863,0.19255365720910533,0.07332983641437917,0.07296156044244348,0.07368382747353054,1.4656098556997677e-13,1.2667367155216881e-13,1.676464522759602e-13,0.9999999999998535,0.9999999999998324,0.9999999999998734,0.0184616811245224,2.70576218088864e-15,2.3386089310686247e-15,3.0950353435762397e-15
TUR.59.4_1,2041,9,albopictus,23.5732842613669,44.114752890653996,0.1534745631572015,0.05586073703069195,0.05559846748237224,0.056114700418232744,1.0480505352461477e-16,0,1.1102230246251565e-16,0.9999999999999999,0.9999999999999999,1,0.01523028430467177,1.5962107617462253e-18,0,1.6909012306633742e-18
TUR.59.4_1,2041,10,albopictus,19.085674846873566,53.19262855134006,0.15124277683029375,0.025358618291853163,0.02523950279849861,0.02547863482389787,0,0,0,1,1,1,0.014529806359811825,0,0,0
TUR.59.4_1,2041,11,albopictus,10.750728537054624,74.62060695369509,0.08772831223686772,1.7602305614514614e-10,1.2964628578713794e-10,2.4543657502843715e-10,0,0,0,1,1,1,0.008734462223414119,0,0,0
TUR.59.4_1,2041,12,albopictus,8.946249232572669,70.17494595683355,0.0721579142461211,0,0,0,0,0,0,1,1,1,0.0069586993003188935,0,0,0
TUR.59.4_1,2042,1,albopictus,9.633422883994438,71.53182645057737,0.07686391069638221,0,0,0,0,0,0,1,1,1,0.007410846221712286,0,0,0
TUR.59.4_1,2042,2,albopictus,9.901441591627458,69.11389652988977,0.05749653130225763,0,0,0,0,0,0,1,1,1,0.006141406632859225,0,0,0
TUR.59.4_1,2042,3,albopictus,8.060264966067145,68.90180148335267,0.07058178648354548,0,0,0,0,0,0,1,1,1,0.006807220654973967,0,0,0
TUR.59.4_1,2042,4,albopictus,8.856014574275298,69.91649450240287,0.0933314307883223,0,0,0,0,0,0,1,1,1,0.009289724481287509,0,0,0
TUR.59.4_1,2042,5,albopictus,16.40946402269251,61.299030345584114,0.13045266185119214,0.009307308161340249,0.009245900345313208,0.009366317956095877,0,0,0,1,1,1,0.01254509704850404,0,0,0
TUR.59.4_1,2042,6,albopictus,21.998853767619412,42.30009512054023,0.14672935007353352,0.04315789904657892,0.042947847105828,0.0433524165272635,0,0,0,1,1,1,0.014565812072454665,0,0,0
TUR.59.4_1,2042,7,albopictus,27.18213608685662,38.48485621776185,0.1723093034851339,0.05996871637258477,0.059624098704475034,0.0603339584291809,4.727329638853917e-16,4.440892098500626e-16,5.551115123125783e-16,0.9999999999999996,0.9999999999999994,0.9999999999999996,0.016536834072773732,7.817506584503259e-18,7.34382957679968e-18,9.1797869709996e-18
TUR.59.4_1,2042,8,albopictus,26.064910776474896,52.46808018732863,0.20460643639819032,0.07969904497144485,0.07931389446573855,0.08006578813253763,1.5574614931068709e-12,1.3547940547198322e-12,1.770167346037965e-12,0.9999999999984426,0.9999999999982299,0.9999999999986452,0.019605878018682077,3.0535400052647766e-14,2.656192697727272e-14,3.470568505907453e-14
TUR.59.4_1,2042,9,albopictus,23.29883014454561,50.33341515261689,0.16308121019619398,0.06029025350354013,0.060034159322477465,0.0605372979699843,5.537792446830281e-16,4.440892098500626e-16,6.661338147750939e-16,0.9999999999999994,0.9999999999999993,0.9999999999999996,0.016175863546986635,8.957857497145987e-18,7.183526461223726e-18,1.0775289691835589e-17
TUR.59.4_1,2042,10,albopictus,16.307556713328644,58.28598945221896,0.16070972656005142,0.00844256881904379,0.008388627619786175,0.008499897634976975,0,0,0,1,1,1,0.015432237762530221,0,0,0
TUR.59.4_1,2042,11,albopictus,13.17652409216937,63.68026118953493,0.09321961264293484,5.320017334781758e-4,5.235975084808238e-4,5.402309354312773e-4,0,0,0,1,1,1,0.009278646480789132,0,0,0
TUR.59.4_1,2042,12,albopictus,7.7289378502789665,75.9633370701148,0.07667459504958654,0,0,0,0,0,0,1,1,1,0.007392660959226305,0,0,0
TUR.59.4_1,2043,1,albopictus,6.850394281394341,74.58094449256956,0.07547294257333098,0,0,0,0,0,0,1,1,1,0.00727722498285277,0,0,0
TUR.59.4_1,2043,2,albopictus,6.451844709761003,71.34320561192102,0.056456045051910986,0,0,0,0,0,0,1,1,1,0.0060306044352665955,0,0,0
TUR.59.4_1,2043,3,albopictus,10.690982243594,66.8019555971222,0.06930450285099096,9.56492208324118e-12,5.843743083619039e-12,1.6056374069787504e-11,0,0,0,1,1,1,0.006684446401278521,0,0,0
TUR.59.4_1,2043,4,albopictus,14.00475677321939,59.706319941855995,0.09164245811012849,0.0014598638064857441,0.0014438673435773037,0.0014774126476493734,0,0,0,1,1,1,0.009122382091113379,0,0,0
TUR.59.4_1,2043,5,albopictus,18.13840975480921,54.85228351941224,0.12809192463969438,0.018687762729476327,0.018591658845585626,0.018788466457098998,0,0,0,1,1,1,0.01231947887077367,0,0,0
TUR.59.4_1,2043,6,albopictus,24.612518394694607,46.14427236663398,0.1440740616967229,0.06430213219323212,0.06401358044343593,0.064589274487141,3.4772185131259903e-15,2.9976021664879227e-15,3.888556143749608e-15,0.9999999999999966,0.9999999999999961,0.999999999999997,0.014304116135551603,4.973853744044423e-17,4.287804951762434e-17,5.56223586798071e-17
TUR.59.4_1,2043,7,albopictus,26.03796532574822,44.228863328357555,0.16919110736056092,0.06723550776289491,0.06688709267210706,0.06758487888961448,1.24074084340009e-14,1.0658141036401503e-14,1.432187701766452e-14,0.9999999999999876,0.9999999999999857,0.9999999999999893,0.016240018546267998,2.0149654307929658e-16,1.7308840809990043e-16,2.325875483842412e-16
TUR.59.4_1,2043,8,albopictus,26.3981455634622,42.79669346857863,0.20090377505527238,0.06585206569495017,0.065473626972868,0.06620666562038863,6.862732604417943e-15,5.773159728050814e-15,7.993605777301127e-15,0.9999999999999931,0.999999999999992,0.9999999999999942,0.019254518225720885,1.3213861001001424e-16,1.1115940920375222e-16,1.539130281282723e-16
TUR.59.4_1,2043,9,albopictus,22.580284230849323,53.748107077665715,0.16013001030542132,0.057556697294959415,0.0573136184338911,0.05777418537775778,1.1224354778960331e-16,1.1102230246251565e-16,1.1102230246251565e-16,0.9999999999999999,0.9999999999999999,0.9999999999999999,0.015885474530888732,1.7830420196683357e-18,1.763641958128918e-18,1.763641958128918e-18
TUR.59.4_1,2043,10,albopictus,15.410512531504912,66.12928168854708,0.15780144223410397,0.005394064896012621,0.005355221310000126,0.0054340627411612556,0,0,0,1,1,1,0.015155095248679307,0,0,0
TUR.59.4_1,2043,11,albopictus,10.675892759771909,70.898538167074,0.0915326634823373,6.562302770550927e-12,3.8240323906920055e-12,1.1940389463564364e-11,0,0,0,1,1,1,0.009111502727464305,0,0,0
TUR.59.4_1,2043,12,albopictus,6.912617907804601,70.31869900859137,0.07528705287803193,0,0,0,0,0,0,1,1,1,0.007259366409237744,0,0,0
TUR.59.4_1,2044,1,albopictus,8.829285177237846,74.43068356727659,0.0769777740042325,0,0,0,0,0,0,1,1,1,0.007421783530909609,0,0,0
TUR.59.4_1,2044,2,albopictus,7.562082785017351,68.26276127598352,0.059638193948840505,0,0,0,0,0,0,1,1,1,0.006150476246848946,0,0,0
TUR.59.4_1,2044,3,albopictus,10.30894984918482,65.94472445698548,0.07068634368874342,0,0,0,0,0,0,1,1,1,0.006817270164895528,0,0,0
TUR.59.4_1,2044,4,albopictus,13.134579504237456,60.53958715377006,0.09346968846139252,4.707090460100934e-4,4.6287317326318596e-4,4.7834172731179994e-4,0,0,0,1,1,1,0.009303421716337912,0,0,0
TUR.59.4_1,2044,5,albopictus,19.849650523241827,40.28138355603333,0.13064590952050376,0.0261494539071695,0.02600760848061827,0.026283362473194564,0,0,0,1,1,1,0.012563563652461363,0,0,0
TUR.59.4_1,2044,6,albopictus,21.86180123160867,60.37452367888984,0.14694670941690713,0.056507445313091556,0.056285620959165034,0.05671507549374102,1.1102230246251565e-16,1.1102230246251565e-16,1.1102230246251565e-16,0.9999999999999999,0.9999999999999999,0.9999999999999999,0.014587231172474291,1.6195079913210776e-18,1.6195079913210776e-18,1.6195079913210776e-18
TUR.59.4_1,2044,7,albopictus,26.77246048871209,45.47347697581849,0.17256455600989412,0.07009867967973964,0.06971544028288576,0.07049459050199632,4.0708103554720764e-14,3.474720511320584e-14,4.7628567756419216e-14,0.9999999999999593,0.9999999999999524,0.99999999999996525,0.016561127139451015,6.741720785756684e-16,5.754528816203843e-16,7.887827660840158e-16
TUR.59.4_1,2044,8,albopictus,26.50881565318388,39.714658403881366,0.20490953268153952,0.06173344723045943,0.061383127798442835,0.062093696191241506,1.0874634526203408e-15,8.881784197001252e-16,1.3322676295501878e-15,0.9999999999999989,0.9999999999999987,0.9999999999999991,0.019634634417706853,2.135194733481767e-17,1.743905856850856e-17,2.6158587852762842e-17
TUR.59.4_1,2044,9,albopictus,22.905933492323932,47.458678366728215,0.1633227925704569,0.05434137208957268,0.0540962821209185,0.05457093262578901,0,0,0,1,1,1,0.016199630716973168,0,0,0
TUR.59.4_1,2044,10,albopictus,13.925675953135771,67.8026978262424,0.16094779590760422,0.0015186820634319016,0.0015013365532806858,0.0015358719502424573,0,0,0,1,1,1,0.01545492092749956,0,0,0
TUR.59.4_1,2044,11,albopictus,11.368488241644467,68.41024165828493,0.09335770467280793,1.6726283026169083e-6,1.5861787348980388e-6,1.7707388461591847e-6,0,0,0,1,1,1,0.009292327458601757,0,0,0
TUR.59.4_1,2044,12,albopictus,7.6757972100201775,73.37274563945074,0.07678817791235437,0,0,0,0,0,0,1,1,1,0.007403571529891906,0,0,0
TUR.59.4_1,2045,1,albopictus,6.984763177878716,75.12862820838987,0.07334891691221175,0,0,0,0,0,0,1,1,1,0.007073148979069854,0,0,0
TUR.59.4_1,2045,2,albopictus,5.804618852979997,66.12143437168665,0.05486720957886644,0,0,0,0,0,0,1,1,1,0.0058613842642860625,0,0,0
TUR.59.4_1,2045,3,albopictus,7.875767132815192,68.55106295796205,0.06735407482383952,0,0,0,0,0,0,1,1,1,0.00649693930295514,0,0,0
TUR.59.4_1,2045,4,albopictus,13.06192001174478,70.87041295943412,0.08906337577893635,5.025426233765983e-4,4.94737807192492e-4,5.099804401473072e-4,0,0,0,1,1,1,0.00886679363767473,0,0,0
TUR.59.4_1,2045,5,albopictus,15.761099955614874,70.21596149792786,0.12448704949318062,0.007189175681450142,0.0071406828477871024,0.00723834678749241,0,0,0,1,1,1,0.011974857636696923,0,0,0
TUR.59.4_1,2045,6,albopictus,21.75160607169656,48.81175665008124,0.14001940324944984,0.04594933540556244,0.045742840635651316,0.04615477906987483,0,0,0,1,1,1,0.01390436908494519,0,0,0
TUR.59.4_1,2045,7,albopictus,27.54051354352166,32.25631007518373,0.16442958301270816,0.051400179115622655,0.05104758098864492,0.05175656090381,0,0,0,1,1,1,0.01578660469222415,0,0,0
TUR.59.4_1,2045,8,albopictus,24.776458628037396,50.19240346003371,0.19524976503415112,0.07038055900892265,0.07006042455072774,0.07066230129765849,4.5575432316979914e-14,3.9965253328944075e-14,5.0959236830294685e-14,0.9999999999999544,0.999999999999949,0.99999999999996,0.01871774447354424,8.530692963805403e-16,7.480593996316384e-16,9.538419735562804e-16
TUR.59.4_1,2045,9,albopictus,22.4661122490378,47.45827019412079,0.15562349128804587,0.05085322726560813,0.050627203486574124,0.05108882899877167,0,0,0,1,1,1,0.01544188150294501,0,0,0
TUR.59.4_1,2045,10,albopictus,17.776329601512238,53.63147895417209,0.15336045581912225,0.015928168692393052,0.015843005808296617,0.016018294215266123,0,0,0,1,1,1,0.014731744652938805,0,0,0
TUR.59.4_1,2045,11,albopictus,12.345653463812436,70.585305745199,0.08895667108773608,1.1663578414038505e-4,1.1409276709245612e-4,1.193628544129514e-4,0,0,0,1,1,1,0.008856217724977467,0,0,0
TUR.59.4_1,2045,12,albopictus,8.25589345483219,75.75899899638434,0.0731682586875496,0,0,0,0,0,0,1,1,1,0.007055789433567328,0,0,0
TUR.59.4_1,2046,1,albopictus,6.049396547324517,78.04907651161253,0.0760968251150008,0,0,0,0,0,0,1,1,1,0.007337159535607873,0,0,0
TUR.59.4_1,2046,2,albopictus,5.665054338819841,69.10923496983118,0.0569227280733844,0,0,0,0,0,0,1,1,1,0.0060803034042500315,0,0,0
TUR.59.4_1,2046,3,albopictus,8.172232052859137,69.55204714985658,0.06987739517390296,0,0,0,0,0,0,1,1,1,0.006739515473576874,0,0,0
TUR.59.4_1,2046,4,albopictus,12.728590811000151,60.04276861128959,0.09240000283730093,2.2444982206760997e-4,2.2029342222395213e-4,2.289281878157846e-4,0,0,0,1,1,1,0.009197442659462651,0,0,0
TUR.59.4_1,2046,5,albopictus,16.395729205187628,61.95721821179505,0.12915077186078883,0.009322305105091369,0.009264188599547312,0.009379129545916605,0,0,0,1,1,1,0.01242068040584432,0,0,0
TUR.59.4_1,2046,6,albopictus,23.031713569865506,47.11187795745429,0.1452650221752111,0.05497886668272278,0.054749549385398666,0.055221611461358136,0,0,0,1,1,1,0.014421501629487743,0,0,0
TUR.59.4_1,2046,7,albopictus,27.904883889590995,36.16136988963685,0.1705896930588127,0.055541302855486724,0.05516323605531094,0.05590607173664267,3.397282455352979e-17,0,1.1102230246251565e-16,1,0.9999999999999999,1,0.016373158501234553,5.5624244114957625e-19,0,1.817785755390772e-18
TUR.59.4_1,2046,8,albopictus,25.28685177073759,54.01696171809035,0.20256450741231227,0.07868315818456582,0.07835152226680171,0.07902621944806852,1.0823661966696818e-12,9.584527616013361e-13,1.2222833856156968e-12,0.9999999999989176,0.9999999999987776,0.9999999999990415,0.019412127084981967,2.1011030162240448e-14,1.860560681315706e-14,2.3727120415433923e-14
TUR.59.4_1,2046,9,albopictus,20.17871104969698,63.467276694364934,0.16145369419027703,0.0404275210724625,0.04026699351998674,0.040588587652685075,0,0,0,1,1,1,0.016015731563563285,0,0,0
TUR.59.4_1,2046,10,albopictus,16.991633976207062,57.93996589264865,0.15910587745954283,0.011959465522961583,0.011884314599298102,0.012027468585655973,0,0,0,1,1,1,0.015279409955460399,0,0,0
TUR.59.4_1,2046,11,albopictus,12.077682424994077,67.96096950252321,0.09228930061336851,5.092179838596574e-5,4.9474435758440664e-5,5.243869161862132e-5,0,0,0,1,1,1,0.009186474194093575,0,0,0
TUR.59.4_1,2046,12,albopictus,7.588391051572912,71.83340848124762,0.0759093987983429,0,0,0,0,0,0,1,1,1,0.0073191544232998895,0,0,0
TUR.59.4_1,2047,1,albopictus,4.413396629340508,73.33269925331174,0.07624269048761627,0,0,0,0,0,0,1,1,1,0.00735117186913814,0,0,0
TUR.59.4_1,2047,2,albopictus,5.906412619001726,68.93972508213587,0.057031839786365404,0,0,0,0,0,0,1,1,1,0.006091922794973725,0,0,0
TUR.59.4_1,2047,3,albopictus,9.101526639040777,71.20331515522767,0.07001133889979476,0,0,0,0,0,0,1,1,1,0.006752390326592028,0,0,0
TUR.59.4_1,2047,4,albopictus,12.419261778102202,68.02991308150443,0.09257711877903918,1.3275832444832857e-4,1.298809182453371e-4,1.3573425331371613e-4,0,0,0,1,1,1,0.009214991196857869,0,0,0
TUR.59.4_1,2047,5,albopictus,17.531878611620733,60.29624561658021,0.12939833311492235,0.015781241610277046,0.015695765186331825,0.01586200131275186,0,0,0,1,1,1,0.01244434009419515,0,0,0
TUR.59.4_1,2047,6,albopictus,23.1413498766282,48.45203832732734,0.14554347185501784,0.057126204759972016,0.05688420358583548,0.05738327345035104,1.1102230246251565e-16,1.1102230246251565e-16,1.1102230246251565e-16,0.9999999999999999,0.9999999999999999,0.9999999999999999,0.014448944649140594,1.6041551031010341e-18,1.6041551031010341e-18,1.6041551031010341e-18
TUR.59.4_1,2047,7,albopictus,28.113059548770682,28.48945292796693,0.17091668605891197,0.04545301608602123,0.04508991663937785,0.045813378883336454,0,0,0,1,1,1,0.016404284372481204,0,0,0
TUR.59.4_1,2047,8,albopictus,27.05275333628935,39.02636113215285,0.20295279098797672,0.060823296489739435,0.06046810813199683,0.06118671799435351,7.122080702970379e-16,5.551115123125783e-16,8.881784197001252e-16,0.9999999999999993,0.9999999999999991,0.9999999999999994,0.019448972795841124,1.3851715384185593e-17,1.079634870162556e-17,1.7274157922600896e-17
TUR.59.4_1,2047,9,albopictus,23.173210256239948,40.74545967776337,0.16176317495018547,0.05008638704222311,0.04982672035001391,0.0503338064852399,0,0,0,1,1,1,0.016046183512259615,0,0,0
TUR.59.4_1,2047,10,albopictus,16.5243974573472,60.13295142731662,0.15941085783245426,0.009742887888166836,0.009680413630933353,0.009809355659416602,0,0,0,1,1,1,0.01530847279619707,0,0,0
TUR.59.4_1,2047,11,albopictus,12.38470451972064,68.01625972469118,0.09246620435675132,1.2181801861747086e-4,1.1926927127014738e-4,1.2479371617245624e-4,0,0,0,1,1,1,0.009204001901228165,0,0,0
TUR.59.4_1,2047,12,albopictus,8.60058282403385,75.87556088603277,0.07605490490485922,0,0,0,0,0,0,1,1,1,0.007333132498258288,0,0,0
TUR.59.4_1,2048,1,albopictus,5.981016191489556,72.7228741190344,0.07733848905693108,0,0,0,0,0,0,1,1,1,0.007456431755544113,0,0,0
TUR.59.4_1,2048,2,albopictus,3.7903526004622967,69.63572422764368,0.059917656359275,0,0,0,0,0,0,1,1,1,0.006179207926378494,0,0,0
TUR.59.4_1,2048,3,albopictus,8.286289116915533,63.196082489212046,0.07101757732752537,0,0,0,0,0,0,1,1,1,0.006849105996218241,0,0,0
TUR.59.4_1,2048,4,albopictus,11.751883352504057,64.64420141158256,0.09390768402615407,1.3501613467234526e-5,1.3012736913538839e-5,1.3993153775343194e-5,0,0,0,1,1,1,0.009346812836806384,0,0,0
TUR.59.4_1,2048,5,albopictus,18.200677058276007,61.22893146863099,0.13125811150668945,0.020916323264305935,0.0208123433970592,0.021018472982746055,0,0,0,1,1,1,0.012622062940270795,0,0,0
TUR.59.4_1,2048,6,albopictus,26.90164383719949,35.63127950774726,0.1476352963592665,0.056437789085524236,0.05609642433450896,0.05679703774854295,1.1102230246251565e-16,1.1102230246251565e-16,1.1102230246251565e-16,0.9999999999999999,0.9999999999999999,0.9999999999999999,0.014655083072895758,1.6270410655323262e-18,1.6270410655323262e-18,1.6270410655323262e-18
TUR.59.4_1,2048,7,albopictus,24.600305108463065,58.755230515857555,0.17337318725079745,0.08127945457140938,0.08098020465389306,0.08158498424816416,2.7144702041681514e-12,2.441769009209338e-12,3.014399840850501e-12,0.9999999999972855,0.9999999999969856,0.9999999999975583,0.016638082779580787,4.516357995965526e-14,4.062635490383993e-14,5.015383408282579e-14
TUR.59.4_1,2048,8,albopictus,27.76796329722685,42.9257141594966,0.2058697313081665,0.06552082553320829,0.06513935099716718,0.06589815512159912,5.944578163052938e-15,4.9960036108132044e-15,6.994405055138486e-15,0.999999999999994,0.999999999999993,0.999999999999995,0.019725728134763254,1.172611327202326e-16,9.854980898719683e-17,1.3796973258207555e-16
TUR.59.4_1,2048,9,albopictus,21.965141408583698,48.2114096899704,0.1640881172435982,0.0473185498240436,0.047120760901564834,0.04753193371521265,0,0,0,1,1,1,0.016274920505485513,0,0,0
TUR.59.4_1,2048,10,albopictus,18.44632014106302,54.72395484528537,0.1617019914326572,0.020897537298524595,0.020791547401062073,0.021003485240065425,0,0,0,1,1,1,0.015526776965799738,0,0,0
TUR.59.4_1,2048,11,albopictus,12.282538343878354,73.39389186580446,0.0937951754856041,1.0494964436130056e-4,1.0247821808756608e-4,1.0746121278331834e-4,0,0,0,1,1,1,0.009335667079678922,0,0,0
TUR.59.4_1,2048,12,albopictus,7.481201873106115,73.89532864726324,0.07714800452465367,0,0,0,0,0,0,1,1,1,0.007438135051675454,0,0,0
TUR.59.4_1,2049,1,albopictus,7.3290982570718315,67.75171323036253,0.0853496024261461,0,0,0,0,0,0,1,1,1,0.008225621847460785,0,0,0
TUR.59.4_1,2049,2,albopictus,7.229001062757829,72.77744786045618,0.06384408551516918,0,0,0,0,0,0,1,1,1,0.006817095194295297,0,0,0
TUR.59.4_1,2049,3,albopictus,9.7359622927273,74.70745028706361,0.07837393856648096,0,0,0,0,0,0,1,1,1,0.007555884393704693,0,0,0
TUR.59.4_1,2049,4,albopictus,15.072541082606596,60.09287847457084,0.10363511873748066,0.003876078082526787,0.0038422161357207787,0.003908660340025744,0,0,0,1,1,1,0.01030999571589819,0,0,0
TUR.59.4_1,2049,5,albopictus,18.610085627611944,50.01859669079896,0.14485449313673524,0.020690047750855933,0.020577406239793834,0.02080008056167297,0,0,0,1,1,1,0.013920379627872292,0,0,0
TUR.59.4_1,2049,6,albopictus,25.119407737956326,36.71237615691718,0.16292810994864373,0.05540593911980394,0.05512134903389439,0.0557071467420181,6.3282712403633925e-18,0,1.1102230246251565e-16,1,0.9999999999999999,1,0.01616080105979978,1.0226993256796517e-19,0,1.7942093432976346e-18
TUR.59.4_1,2049,7,albopictus,27.479199914371268,35.43307170238099,0.19133206225837437,0.055510168464008317,0.05511478307692923,0.055883519821322176,2.5646151868841117e-17,0,1.1102230246251565e-16,1,0.9999999999999999,1,0.018345637918220303,4.70495016181448e-19,0,2.0367749618244505e-18
TUR.59.4_1,2049,8,albopictus,27.05834758982939,50.64273610163527,0.227194763344744,0.07854526500369534,0.0781398387966177,0.07893688411785799,1.0305565290025242e-12,8.877315549327136e-13,1.183725339970465e-12,0.9999999999989695,0.9999999999988163,0.9999999999991123,0.02174664666036019,2.2411148699745136e-14,1.9305184454373855e-14,2.5742056711252446e-14
TUR.59.4_1,2049,9,albopictus,26.570165746352252,36.449164511747746,0.18108519755650487,0.05751895076506636,0.057172584247692386,0.05784399092278735,1.1590728377086635e-16,1.1102230246251565e-16,2.220446049250313e-16,0.9999999999999999,0.9999999999999998,0.9999999999999999,0.017945545733921375,2.080019461804685e-18,1.9923558063263264e-18,3.984711612652653e-18
TUR.59.4_1,2049,10,albopictus,18.42268046210794,55.91855781159396,0.1784519047189287,0.021072717314490574,0.020966415054765222,0.021176834105743093,0,0,0,1,1,1,0.017121275384091583,0,0,0
TUR.59.4_1,2049,11,albopictus,11.00402538916644,70.15643459041384,0.103510955991058,3.890196400468815e-8,3.478465757681341e-8,4.337451169332496e-8,0,0,0,1,1,1,0.010297707376706766,0,0,0
TUR.59.4_1,2049,12,albopictus,7.51414893655216,71.09673703349371,0.08513938653886338,0,0,0,0,0,0,1,1,1,0.008205445506985876,0,0,0
TUR.59.4_1,2050,1,albopictus,4.797303470618584,69.91905637001096,0.07617241700817344,0,0,0,0,0,0,1,1,1,0.007344421179698024,0,0,0
TUR.59.4_1,2050,2,albopictus,6.3621120628188645,74.36320988438196,0.05697927309708435,0,0,0,0,0,0,1,1,1,0.00608632494452388,0,0,0
TUR.59.4_1,2050,3,albopictus,8.355290314730475,75.96575869770814,0.06994680890546384,0,0,0,0,0,0,1,1,1,0.00674618763664836,0,0,0
TUR.59.4_1,2050,4,albopictus,14.535745466456694,54.86153615889701,0.09249178973028989,0.0022958523702160177,0.002272335283473557,0.00231874626720736,0,0,0,1,1,1,0.009206536886556371,0,0,0
TUR.59.4_1,2050,5,albopictus,16.779158732470343,57.1996002613556,0.1292790656671981,0.010669104518562173,0.010604192966579922,0.010734542078863124,0,0,0,1,1,1,0.012432941650055818,0,0,0
TUR.59.4_1,2050,6,albopictus,24.72466286490945,45.88288549529609,0.14540932330763542,0.06457189936466434,0.06426548498590895,0.06486891983676171,3.919531366136653e-15,3.4416913763379853e-15,4.440892098500626e-15,0.9999999999999961,0.9999999999999956,0.9999999999999966,0.014435723536216472,5.658127119307758e-17,4.9683305205795516e-17,6.410749058812325e-17
TUR.59.4_1,2050,7,albopictus,27.085696725284354,37.246571153064586,0.17075915082310927,0.05840352517596949,0.05803571477589406,0.058753374865536556,2.221556272274938e-16,2.220446049250313e-16,2.220446049250313e-16,0.9999999999999998,0.9999999999999998,0.9999999999999998,0.016389289001757734,3.640972777998156e-18,3.639153201397457e-18,3.639153201397457e-18
TUR.59.4_1,2050,8,albopictus,29.499187357285443,40.10652699518996,0.20276572782567037,0.054265203087375466,0.05386653712375489,0.05464643604706188,0,0,0,1,1,1,0.01943122183104551,0,0,0
TUR.59.4_1,2050,9,albopictus,24.940988652846393,38.59725105959931,0.16161407657660018,0.056926727020684374,0.05661456488270325,0.057214597902416384,1.1102230246251565e-16,1.1102230246251565e-16,1.1102230246251565e-16,0.9999999999999999,0.9999999999999999,0.9999999999999999,0.016031512811518933,1.7798554642921497e-18,1.7798554642921497e-18,1.7798554642921497e-18
TUR.59.4_1,2050,10,albopictus,14.491386020884795,66.30353705964083,0.15926392760780966,0.0026148449475744866,0.0025885131051307485,0.0026401215190742094,0,0,0,1,1,1,0.015294471314656888,0,0,0
TUR.59.4_1,2050,11,albopictus,10.609692503424252,73.44471126277712,0.09238097753868571,1.7361169816621404e-13,6.625104867983526e-14,4.573420650582229e-13,0,0,0,1,1,1,0.009195557626217266,0,0,0
TUR.59.4_1,2050,12,albopictus,8.665636287016028,63.38959897197027,0.07598480450884516,0,0,0,0,0,0,1,1,1,0.0073263983134301824,0,0,0
TUR.59.4_1,2051,1,albopictus,5.782531770713189,73.16727872108518,0.07730448991608081,0,0,0,0,0,0,1,1,1,0.007453166044180337,0,0,0
TUR.59.4_1,2051,2,albopictus,4.5975551780532395,67.12898747227258,0.057826097891662466,0,0,0,0,0,0,1,1,1,0.00617649986187585,0,0,0
TUR.59.4_1,2051,3,albopictus,9.751463315066168,66.51846255513001,0.07098635695273078,0,0,0,0,0,0,1,1,1,0.006846105358478294,0,0,0
TUR.59.4_1,2051,4,albopictus,14.64262183974771,55.35297216353568,0.09386640082273155,0.002543954209149157,0.00251928273347897,0.002569247938801288,0,0,0,1,1,1,0.009342723094659777,0,0,0
TUR.59.4_1,2051,5,albopictus,16.069379946764776,66.87277607312318,0.13120040850427403,0.008285934926053857,0.008234744640532657,0.008339839601493804,0,0,0,1,1,1,0.012616549246990294,0,0,0
TUR.59.4_1,2051,6,albopictus,21.769004905925076,60.40492681609687,0.14757039370475902,0.055525650776783425,0.0552962646070952,0.055740071754757814,1.6431300764452316e-17,0,1.1102230246251565e-16,1,0.9999999999999999,1,0.014648687902071189,2.406969967235257e-19,0,1.6263310589427414e-18
TUR.59.4_1,2051,7,albopictus,27.358769921695487,37.321175187488414,0.17329696983971432,0.05819790772121855,0.05784859144456177,0.05855646154817394,2.2026824808563106e-16,2.220446049250313e-16,2.220446049250313e-16,0.9999999999999998,0.9999999999999998,0.9999999999999998,0.016630829594816432,3.663243699060881e-18,3.692785986956533e-18,3.692785986956533e-18
TUR.59.4_1,2051,8,albopictus,26.24938953624052,42.27876057673293,0.20577922793685802,0.06493591263799058,0.06457946189128984,0.06525764922640816,4.602096481676199e-15,3.885780586188048e-15,5.3290705182007514e-15,0.9999999999999954,0.9999999999999947,0.9999999999999961,0.019717142472028493,9.074019199923068e-17,7.661648943291213e-17,1.0507404265085092e-16
TUR.59.4_1,2051,9,albopictus,20.30369197621065,59.90029061038056,0.1640159816862832,0.039622917023232354,0.03945468065181524,0.03978099138075312,0,0,0,1,1,1,0.016267824324205815,0,0,0
TUR.59.4_1,2051,10,albopictus,18.65978869269876,49.09153525910373,0.16163090485145387,0.020770420662916112,0.020652527168913384,0.02088675139161205,0,0,0,1,1,1,0.01552000441001622,0,0,0
TUR.59.4_1,2051,11,albopictus,12.086966444464291,56.32409816463259,0.09375394174259595,3.944875061520077e-5,3.8312754768242665e-5,4.0623980199639304e-5,0,0,0,1,1,1,0.009331582191406063,0,0,0
TUR.59.4_1,2051,12,albopictus,9.745986686033362,67.17877591288824,0.07711408912361421,0,0,0,0,0,0,1,1,1,0.007434877323712619,0,0,0
TUR.59.4_1,2052,1,albopictus,6.587178739554742,70.25865597938596,0.07673528278332155,0,0,0,0,0,0,1,1,1,0.007398490531452473,0,0,0
TUR.59.4_1,2052,2,albopictus,7.518422144300798,70.15630833408899,0.0594503249353408,0,0,0,0,0,0,1,1,1,0.006131160866438279,0,0,0
TUR.59.4_1,2052,3,albopictus,11.170873066958258,62.7038110658722,0.07046367139138819,2.3128874415316155e-7,2.1377652149709805e-7,2.4893772310426955e-7,0,0,0,1,1,1,0.006795867907187558,0,0,0
TUR.59.4_1,2052,4,albopictus,15.131573522792143,52.348688258506385,0.09317524530339832,0.0036232823744614603,0.0035926169260415103,0.0036554348844200714,0,0,0,1,1,1,0.009274250903970382,0,0,0
TUR.59.4_1,2052,5,albopictus,18.915915629443,51.76517109265443,0.1302343558413222,0.0235204432080151,0.023400775004879262,0.023633053329099592,0,0,0,1,1,1,0.012524235472676448,0,0,0
TUR.59.4_1,2052,6,albopictus,23.12932404349832,48.71588186370429,0.14648380583939666,0.05730032926208822,0.05702934509002197,0.0575403562209802,1.1102230246251565e-16,1.1102230246251565e-16,1.1102230246251565e-16,0.9999999999999999,0.9999999999999999,0.9999999999999999,0.014541615007086617,1.614443579610227e-18,1.614443579610227e-18,1.614443579610227e-18
TUR.59.4_1,2052,7,albopictus,28.33572724286248,34.571907609363414,0.17202095247739274,0.05213680974827907,0.05175370148033974,0.05252380978732882,0,0,0,1,1,1,0.016509390212933184,0,0,0
TUR.59.4_1,2052,8,albopictus,27.26769245372099,38.89683308649855,0.20426403775265908,0.06046218986683038,0.060086083610836456,0.060838307920601215,5.988542994828095e-16,5.523359547510155e-16,6.661338147750939e-16,0.9999999999999994,0.9999999999999993,0.9999999999999994,0.01957339177535511,1.1721609820132867e-17,1.081108803395644e-17,1.3038498131404747e-17
TUR.59.4_1,2052,9,albopictus,22.805259816786823,51.15147698123017,0.16280830194137197,0.05703993235913546,0.05679251000212739,0.057275336613652396,1.1102230246251565e-16,1.1102230246251565e-16,1.1102230246251565e-16,0.9999999999999999,0.9999999999999999,0.9999999999999999,0.01614901380779943,1.7929006954408498e-18,1.7929006954408498e-18,1.7929006954408498e-18
TUR.59.4_1,2052,10,albopictus,16.81555613349466,62.45365302643771,0.16044078686457297,0.011676961783339834,0.011609257094809719,0.011748957566078463,0,0,0,1,1,1,0.015406612652858254,0,0,0
TUR.59.4_1,2052,11,albopictus,10.504573751898374,65.8117003985193,0.09306361428008875,7.138637874337381e-19,3.942223640729314e-21,3.539384866831464e-18,0,0,0,1,1,1,0.009263191269321513,0,0,0
TUR.59.4_1,2052,12,albopictus,5.287298903745763,72.70220578349371,0.07654628394679922,0,0,0,0,0,0,1,1,1,0.007380335475382416,0,0,0
TUR.59.4_1,2053,1,albopictus,0.9914053406785515,65.44942136024534,0.07685042583144087,0,0,0,0,0,0,1,1,1,0.007409550904994844,0,0,0
TUR.59.4_1,2053,2,albopictus,5.2389288123916185,73.80047337315149,0.05748644421519451,0,0,0,0,0,0,1,1,1,0.006140332510333191,0,0,0
TUR.59.4_1,2053,3,albopictus,10.843670270022223,64.10697879048158,0.07056940374307044,1.276461386244992e-9,1.0413113870424327e-9,1.5650070273308827e-9,0,0,0,1,1,1,0.006806030481832259,0,0,0
TUR.59.4_1,2053,4,albopictus,14.943238104090971,49.653585566855995,0.09331505689155385,0.0030058804216519827,0.0029756550368571213,0.0030357575386123184,0,0,0,1,1,1,0.0092881023011816,0,0,0
TUR.59.4_1,2053,5,albopictus,18.355658671435187,53.36270527234193,0.13042977547304196,0.01983579989881649,0.019736159249864275,0.01993852974161631,0,0,0,1,1,1,0.012542910020309717,0,0,0
TUR.59.4_1,2053,6,albopictus,24.72177323173074,34.59429220305976,0.1467036081427529,0.051854001418052555,0.051553386820405375,0.05213837054119161,0,0,0,1,1,1,0.01456327537132418,0,0,0
TUR.59.4_1,2053,7,albopictus,28.627704171573416,30.89709910716615,0.1722790738537688,0.0464453964095282,0.04606536302429085,0.046825942618597925,0,0,0,1,1,1,0.016533956998020183,0,0,0
TUR.59.4_1,2053,8,albopictus,27.570051081040326,42.862538958080584,0.20457054061646443,0.06576771295201576,0.06537704550003458,0.06614458235189036,6.618261494395483e-15,5.551115123125783e-15,7.771561172376096e-15,0.9999999999999933,0.9999999999999922,0.9999999999999944,0.01960247233404977,1.2973428784339434e-16,1.0881558062419844e-16,1.523418128738778e-16
TUR.59.4_1,2053,9,albopictus,23.382207982680377,51.60639488894501,0.1630525995247613,0.0623209829846907,0.06206466064934534,0.06258508455812613,1.422750806057138e-15,1.2212453270876722e-15,1.5543122344752192e-15,0.9999999999999986,0.9999999999999984,0.9999999999999988,0.016173048756048414,2.3010218154069276e-17,1.9751260218085215e-17,2.5137967550290274e-17
TUR.59.4_1,2053,10,albopictus,17.46587809394388,62.319329906320526,0.1606815319374023,0.015769541231928957,0.015686427200860484,0.01585083026681594,0,0,0,1,1,1,0.015429551354039894,0,0,0
TUR.59.4_1,2053,11,albopictus,11.77038281104144,74.04146724422243,0.09320325836333881,1.8982075656563024e-5,1.835975879970347e-5,1.9644698263882303e-5,0,0,0,1,1,1,0.009277026226062524,0,0,0
TUR.59.4_1,2053,12,albopictus,7.99194549111759,71.88393796122809,0.07666114339783857,0,0,0,0,0,0,1,1,1,0.007391368809200105,0,0,0
TUR.59.4_1,2054,1,albopictus,6.416308912284234,78.33640713905393,0.07328014992047757,0,0,0,0,0,0,1,1,1,0.00706654115780303,0,0,0
TUR.59.4_1,2054,2,albopictus,8.143553274519304,72.70501438877649,0.05481576978798168,0,0,0,0,0,0,1,1,1,0.005855905147490459,0,0,0
TUR.59.4_1,2054,3,albopictus,8.799631020602057,73.1983179018097,0.06729092819125573,0,0,0,0,0,0,1,1,1,0.006490868022525964,0,0,0
TUR.59.4_1,2054,4,albopictus,10.868581617579741,74.2454816239849,0.08897987597166124,4.156153636640735e-9,3.5140592636366534e-9,4.954778086844138e-9,0,0,0,1,1,1,0.008858517659951048,0,0,0
TUR.59.4_1,2054,5,albopictus,14.782612940844366,68.17071155896302,0.12437033884135523,0.003455616036704602,0.0034239833009297254,0.003486294438681274,0,0,0,1,1,1,0.011963698245445964,0,0,0
TUR.59.4_1,2054,6,albopictus,23.250339592204373,43.728981534114446,0.1398881305115387,0.05333160008681495,0.05310240676829167,0.05355835123558616,0,0,0,1,1,1,0.013891424252648887,0,0,0
TUR.59.4_1,2054,7,albopictus,29.367803124820487,28.063309281726696,0.16427542493850752,0.03980322954418998,0.03946173419252203,0.04015804330947808,0,0,0,1,1,1,0.015771921572219516,0,0,0
TUR.59.4_1,2054,8,albopictus,28.136917002060834,41.9545341973384,0.1950667120383683,0.06312397851482526,0.06274965298391394,0.06349581705439356,2.05435668476639e-15,1.7763568394002505e-15,2.4424906541753444e-15,0.9999999999999979,0.9999999999999976,0.9999999999999982,0.01870036109474249,3.841721182252956e-17,3.321851432990018e-17,4.5675457203612745e-17
TUR.59.4_1,2054,9,albopictus,20.987659566542682,50.709193350859074,0.15547758921082966,0.04053545842395357,0.0403469628021268,0.04071810725334987,0,0,0,1,1,1,0.015427516490688076,0,0,0
TUR.59.4_1,2054,10,albopictus,15.452691639170927,57.192620921945526,0.15321667541115405,0.00489886111733074,0.004859202581748101,0.004938108649505289,0,0,0,1,1,1,0.014718035305460342,0,0,0
TUR.59.4_1,2054,11,albopictus,12.642709661932553,71.33879237849978,0.08887327131957438,2.349384177337441e-4,2.3008345119576956e-4,2.3963449885059654e-4,0,0,0,1,1,1,0.00884795157434215,0,0,0
TUR.59.4_1,2054,12,albopictus,6.910819754881017,66.28182614482184,0.07309966106876822,0,0,0,0,0,0,1,1,1,0.007049197772162841,0,0,0
TUR.59.4_1,2055,1,albopictus,7.252665075309136,78.56332059120237,0.07892463683877861,0,0,0,0,0,0,1,1,1,0.00760877368693047,0,0,0
TUR.59.4_1,2055,2,albopictus,7.595098513014177,68.9691287686593,0.05903801681968983,0,0,0,0,0,0,1,1,1,0.006305537931597716,0,0,0
TUR.59.4_1,2055,3,albopictus,8.491887471255133,65.72765292378236,0.07247408849193819,0,0,0,0,0,0,1,1,1,0.00698908342428195,0,0,0
TUR.59.4_1,2055,4,albopictus,15.455587232814116,51.52386297164115,0.09583365215060081,0.004525449994740578,0.004488399980202657,0.004564939783435437,0,0,0,1,1,1,0.009537591110658772,0,0,0
TUR.59.4_1,2055,5,albopictus,17.44562353807337,65.48604206433411,0.13395010568649002,0.016320451006552612,0.016227638692499134,0.016404998258161496,0,0,0,1,1,1,0.0128792567592384,0,0,0
TUR.59.4_1,2055,6,albopictus,23.505374992594998,34.82572988616523,0.15066317291462913,0.046797901160917886,0.04655721446510664,0.04704040727968474,0,0,0,1,1,1,0.01495338818635461,0,0,0
TUR.59.4_1,2055,7,albopictus,25.85644486371209,44.67548808421693,0.17692892644021005,0.06741245509257321,0.06708437870401787,0.06773637588516827,1.3370526907863222e-14,1.1657341758564144e-14,1.532107773982716e-14,0.9999999999999867,0.9999999999999847,0.9999999999999883,0.016976403132723195,2.2698345488480896e-16,1.9789973314931326e-16,2.6009679213909743e-16
TUR.59.4_1,2055,8,albopictus,27.85936153636259,37.527883196361834,0.2100919474601218,0.05750079588477216,0.0571394339314126,0.05785319561460895,1.1590728377086635e-16,1.1102230246251565e-16,2.220446049250313e-16,0.9999999999999999,0.9999999999999998,0.9999999999999999,0.02012618791468912,2.3327717738536526e-18,2.2344557220820427e-18,4.468911444164085e-18
TUR.59.4_1,2055,9,albopictus,23.85705768360811,48.4520102759079,0.16745342740632815,0.06237833229527061,0.06212261438208615,0.06264285301485067,1.4598322550796182e-15,1.3322676295501878e-15,1.6653345369377348e-15,0.9999999999999986,0.9999999999999983,0.9999999999999987,0.01660591880749973,2.424185590042138e-17,2.212352808617055e-17,2.7654410107713186e-17
TUR.59.4_1,2055,10,albopictus,18.62809809516458,56.35782020173068,0.16501836414899554,0.022800072970238075,0.022685324463984125,0.022908315020706005,0,0,0,1,1,1,0.01584268241212705,0,0,0
TUR.59.4_1,2055,11,albopictus,12.363002706976499,70.04811244685915,0.09571883615390309,1.2045547331956392e-4,1.175555791525438e-4,1.230849174812812e-4,0,0,0,1,1,1,0.009526218952506715,0,0,0
TUR.59.4_1,2055,12,albopictus,7.567938075346105,72.71945584452887,0.07873024562792456,0,0,0,0,0,0,1,1,1,0.00759010459531706,0,0,0
TUR.59.4_1,2056,1,albopictus,8.20703080559478,73.97860379432737,0.077670925636332,0,0,0,0,0,0,1,1,1,0.00748836264082231,0,0,0
TUR.59.4_1,2056,2,albopictus,7.155857103712419,66.55287663242883,0.06017521014612405,0,0,0,0,0,0,1,1,1,0.006205686433131574,0,0,0
TUR.59.4_1,2056,3,albopictus,10.790180584963629,62.90087069721986,0.07132284370616801,2.776473018597669e-10,2.112614764858149e-10,3.782113798317373e-10,0,0,0,1,1,1,0.006878445134803068,0,0,0
TUR.59.4_1,2056,4,albopictus,13.238864744410796,62.25494207320365,0.09431134266543957,5.706875736129835e-4,5.61599487118239e-4,5.792745935873707e-4,0,0,0,1,1,1,0.009386800601484002,0,0,0
TUR.59.4_1,2056,5,albopictus,19.05098070817835,50.27506260266419,0.1318223195503168,0.024036968422239124,0.023912346109139244,0.024159538302292928,0,0,0,1,1,1,0.012675973072443614,0,0,0
TUR.59.4_1,2056,6,albopictus,24.948289955363553,34.602867642512884,0.14826990111453117,0.05259784052043156,0.05228474761206093,0.05289287907468761,0,0,0,1,1,1,0.014717611545817189,0,0,0
TUR.59.4_1,2056,7,albopictus,26.372327355777518,42.84811076488099,0.17411842535969121,0.06590057263897116,0.06554827512700812,0.0662447151898006,7.007838753736451e-15,5.995204332975845e-15,8.104628079763643e-15,0.999999999999993,0.9999999999999919,0.999999999999994,0.0167090001037824,1.1709397846347267e-16,1.001738698218901e-16,1.3542023142588847e-16
TUR.59.4_1,2056,8,albopictus,27.506059534409466,46.45031895685988,0.20675465458650844,0.07144389001878021,0.07106580503099938,0.07181775971657882,6.989253620304225e-14,5.994649221463533e-14,8.082701175027296e-14,0.9999999999999301,0.9999999999999192,0.99999999999994,0.019809673010190654,1.3845482880351793e-15,1.1875204088798656e-15,1.601156673163745e-15
TUR.59.4_1,2056,9,albopictus,22.514673345229205,45.150565268583684,0.1647934438291311,0.04926772726812517,0.04903975589058606,0.04949058069458769,0,0,0,1,1,1,0.016344302803740107,0,0,0
TUR.59.4_1,2056,10,albopictus,17.07783182929544,60.88309638581271,0.16239706134635332,0.012972764865284732,0.012895402366052832,0.013041243194941331,0,0,0,1,1,1,0.015592995163036028,0,0,0
TUR.59.4_1,2056,11,albopictus,9.123927999945249,67.49554591853884,0.09419835051116981,0,0,0,0,0,0,1,1,1,0.009375607386302054,0,0,0
TUR.59.4_1,2056,12,albopictus,7.242905841154211,61.53240597880621,0.07747962231347422,0,0,0,0,0,0,1,1,1,0.007469987879683004,0,0,0
TUR.59.4_1,2057,1,albopictus,5.8251638736794975,74.06081052040159,0.07948060709486197,0,0,0,0,0,0,1,1,1,0.007662166444514562,0,0,0
TUR.59.4_1,2057,2,albopictus,8.533100145704607,65.70253483555383,0.05945389939634262,0,0,0,0,0,0,1,1,1,0.006349814825122091,0,0,0
TUR.59.4_1,2057,3,albopictus,9.111905953463385,63.55119265766908,0.07298461903287155,0,0,0,0,0,0,1,1,1,0.007038143089803883,0,0,0
TUR.59.4_1,2057,4,albopictus,16.685016477809235,44.96802343306693,0.09650873489106893,0.008561565106072621,0.008503863413515377,0.00862037197986968,0,0,0,1,1,1,0.009604453261491508,0,0,0
TUR.59.4_1,2057,5,albopictus,16.904667994555304,65.84566120495911,0.1348936928544999,0.012773949681540503,0.012700082971567411,0.012850921514928365,0,0,0,1,1,1,0.012969391463203861,0,0,0
TUR.59.4_1,2057,6,albopictus,24.027622307048123,44.95297674285468,0.15172449224637072,0.05959260466519308,0.059311685603256975,0.059872172577749835,4.000133557724439e-16,3.3306690738754696e-16,4.440892098500626e-16,0.9999999999999996,0.9999999999999996,0.9999999999999997,0.015057927539953053,6.0233721262349215e-18,5.0152973573979364e-18,6.6870631431972486e-18
TUR.59.4_1,2057,7,albopictus,28.54199936810662,33.49911174144349,0.17817527009767226,0.049993288235992306,0.049631478088742347,0.050360708833026,0,0,0,1,1,1,0.0170949622947435,0,0,0
TUR.59.4_1,2057,8,albopictus,27.94047535167021,37.570302629955584,0.21157190199027767,0.0573676687292723,0.056980737563352805,0.057745445831518256,1.121325254871408e-16,1.1102230246251565e-16,1.1102230246251565e-16,0.9999999999999999,0.9999999999999999,0.9999999999999999,0.020266516770611864,2.2725357083162014e-18,2.2500353547685164e-18,2.2500353547685164e-18
TUR.59.4_1,2057,9,albopictus,22.67291270985323,46.26325524050751,0.1686330226334473,0.05144768751549615,0.05122367142650138,0.0516809011088191,0,0,0,1,1,1,0.016721912662530536,0,0,0
TUR.59.4_1,2057,10,albopictus,15.156136120066924,63.14688270173068,0.16618080601568141,0.00431098026566561,0.004274200781634497,0.0043455262418901075,0,0,0,1,1,1,0.01595338834666482,0,0,0
TUR.59.4_1,2057,11,albopictus,9.026016165228452,63.39511256892946,0.09639311009395547,0,0,0,0,0,0,1,1,1,0.009593001766872389,0,0,0
TUR.59.4_1,2057,12,albopictus,7.584950671476476,73.33682644999762,0.07928484653046246,0,0,0,0,0,0,1,1,1,0.00764336685214595,0,0,0
TUR.59.4_1,2058,1,albopictus,6.282465490348199,75.26981015419065,0.08160734512824341,0,0,0,0,0,0,1,1,1,0.007866381810531675,0,0,0
TUR.59.4_1,2058,2,albopictus,6.977741735823015,70.66779820225305,0.06104476380592272,0,0,0,0,0,0,1,1,1,0.006519167825391081,0,0,0
TUR.59.4_1,2058,3,albopictus,10.664144894656012,69.2099145814972,0.07493753774880191,3.208007376780394e-12,1.7579405718551704e-12,6.289401003831395e-12,0,0,0,1,1,1,0.007225787337721168,0,0,0
TUR.59.4_1,2058,4,albopictus,12.981674993739409,63.973661555625526,0.09909111070006839,3.8839258814725333e-4,3.822200734408381e-4,3.950169975772039e-4,0,0,0,1,1,1,0.009860177591378028,0,0,0
TUR.59.4_1,2058,5,albopictus,21.020745417651007,51.87030796399232,0.1385031714121377,0.04158065993470979,0.04139359865722559,0.04175923033184804,0,0,0,1,1,1,0.013314105366007745,0,0,0
TUR.59.4_1,2058,6,albopictus,23.23151215384988,54.14372686492499,0.15578432847624143,0.06383219218814538,0.06356889680535133,0.06409058736892814,2.8175239918937223e-15,2.5507373990762973e-15,3.1086244689504383e-15,0.9999999999999972,0.9999999999999969,0.9999999999999974,0.015457716731539395,4.3552487751009256e-17,3.9428576171464957e-17,4.8052236465767956e-17
TUR.59.4_1,2058,7,albopictus,27.33502343121697,40.044544785877086,0.1829428748930466,0.06198382434401067,0.061599757248118274,0.06233604189002694,1.2212453270876722e-15,9.992007221626409e-16,1.4432899320127035e-15,0.9999999999999988,0.9999999999999986,0.999999999999999,0.017548351510654925,2.143084228047922e-17,1.753432550221027e-17,2.532735905874817e-17
TUR.59.4_1,2058,8,albopictus,28.963460810044232,39.82037510920363,0.21723313215955076,0.05672971778385247,0.05632514872219173,0.057129067799914564,1.1102230246251565e-16,1.1102230246251565e-16,1.1102230246251565e-16,0.9999999999999999,0.9999999999999999,0.9999999999999999,0.020803127513445485,2.309611114964026e-18,2.309611114964026e-18,2.309611114964026e-18
TUR.59.4_1,2058,9,albopictus,23.0415459801169,43.49164879519501,0.17314529645755863,0.05167431597178251,0.05143296629947085,0.0519093688031574,0,0,0,1,1,1,0.01716549457438321,0,0,0
TUR.59.4_1,2058,10,albopictus,16.674926365123078,66.64617316803927,0.17062746355252828,0.011511633081833063,0.011440848079754143,0.011577751478696066,0,0,0,1,1,1,0.01637675385641546,0,0,0
TUR.59.4_1,2058,11,albopictus,11.272859503241147,70.94771724422243,0.09897239202052735,8.555047079055491e-7,8.032738536508381e-7,9.090485425468298e-7,0,0,0,1,1,1,0.009848422712374294,0,0,0
TUR.59.4_1,2058,12,albopictus,6.421194300932043,70.47575772441168,0.08140634641263994,0,0,0,0,0,0,1,1,1,0.007847083147067835,0,0,0
TUR.59.4_1,2059,1,albopictus,6.096540006644585,75.78453488563596,0.07717267413830788,0,0,0,0,0,0,1,1,1,0.007440504673143944,0,0,0
TUR.59.4_1,2059,2,albopictus,5.953012483961443,68.13110844395227,0.05772749570080088,0,0,0,0,0,0,1,1,1,0.0061660005377254246,0,0,0
TUR.59.4_1,2059,3,albopictus,8.573307416018316,69.89361514302064,0.07086531454157007,0,0,0,0,0,0,1,1,1,0.006834471702400036,0,0,0
TUR.59.4_1,2059,4,albopictus,13.149198377833647,58.99883855757865,0.09370634449683603,4.6862165890104414e-4,4.6117741648830815e-4,4.762584392428901e-4,0,0,0,1,1,1,0.00932686687136941,0,0,0
TUR.59.4_1,2059,5,albopictus,19.286021372851202,56.42521290173646,0.13097669208224094,0.028288317027023387,0.028150805301629944,0.028414707284357906,0,0,0,1,1,1,0.01259517218725148,0,0,0
TUR.59.4_1,2059,6,albopictus,22.662506187663357,49.25618414031562,0.14731876399678775,0.0540601163040539,0.0538222132756152,0.05428636370901428,0,0,0,1,1,1,0.0146238932238274,0,0,0
TUR.59.4_1,2059,7,albopictus,28.440700082217948,36.5645185407599,0.17300147245153008,0.054398139617749135,0.05401405969435236,0.05477965571060463,0,0,0,1,1,1,0.016602708255169962,0,0,0
TUR.59.4_1,2059,8,albopictus,29.17346180186552,41.55811467219191,0.2054283434150216,0.058231223544618044,0.05784924226723361,0.05861840331726465,2.2082335959794365e-16,2.220446049250313e-16,2.220446049250313e-16,0.9999999999999998,0.9999999999999998,0.9999999999999998,0.019683854866698103,4.346654961502608e-18,4.370693777277635e-18,4.370693777277635e-18
TUR.59.4_1,2059,9,albopictus,22.932642095229205,53.48104012209931,0.16373630977826548,0.060481319752445785,0.06024883360771286,0.06072879691717376,6.020739462542224e-16,5.551115123125783e-16,6.661338147750939e-16,0.9999999999999994,0.9999999999999993,0.9999999999999994,0.0162403117140274,9.777868562063151e-18,9.01518399600143e-18,1.0818220795201716e-17
TUR.59.4_1,2059,10,albopictus,19.16769465278177,43.45337455353732,0.16135529985802766,0.02254349142566058,0.022427465419115132,0.022666916700300133,0,0,0,1,1,1,0.015493746549910203,0,0,0
TUR.59.4_1,2059,11,albopictus,10.786033560247983,67.61571651180056,0.09359407717633991,3.3580947567528894e-10,2.594683666763215e-10,4.3845894570817534e-10,0,0,0,1,1,1,0.009315744787122826,0,0,0
TUR.59.4_1,2059,12,albopictus,7.157981620115392,70.44880307353277,0.07698259800781854,0,0,0,0,0,0,1,1,1,0.007422246905079755,0,0,0
TUR.59.4_1,2060,1,albopictus,6.148445638663628,72.77631039833128,0.08862077774308774,0,0,0,0,0,0,1,1,1,0.008539533564419055,0,0,0
TUR.59.4_1,2060,2,albopictus,3.4381280120681317,70.80495182774133,0.06865856020529715,0,0,0,0,0,0,1,1,1,0.007077445756049405,0,0,0
TUR.59.4_1,2060,3,albopictus,13.366235158022711,54.64394702168275,0.08137775915899066,6.031619799835299e-4,5.938604870071016e-4,6.130407781499021e-4,0,0,0,1,1,1,0.00784433834387499,0,0,0
TUR.59.4_1,2060,4,albopictus,17.347222173915192,42.71075262007865,0.10760711898992131,0.011361464834599464,0.011288169523496115,0.011435304613989582,0,0,0,1,1,1,0.010703022550282104,0,0,0
TUR.59.4_1,2060,5,albopictus,19.452023646410773,50.68558887829896,0.15040629922636525,0.027343798927862407,0.027211272113510855,0.027477517201689113,0,0,0,1,1,1,0.014450029865151093,0,0,0
TUR.59.4_1,2060,6,albopictus,25.888492668376248,21.76567892180976,0.16917261954857,0.04144872761763325,0.04116225371381803,0.04175070628562945,0,0,0,1,1,1,0.016774968613339825,0,0,0
TUR.59.4_1,2060,7,albopictus,26.954484490787284,41.30188044871888,0.19866520385022557,0.06402055341369178,0.06366111416733844,0.06437394355317842,3.072542220650121e-15,2.55351295663786e-15,3.552713678800501e-15,0.9999999999999969,0.9999999999999964,0.9999999999999974,0.01904203050757547,5.850744270143328e-17,4.862407162178737e-17,6.765088225639982e-17
TUR.59.4_1,2060,8,albopictus,29.158210642197552,43.06723942805129,0.2359024067416165,0.06060264406366694,0.060215948955547605,0.0610005657971855,6.405986852087153e-16,5.551115123125783e-16,7.771561172376096e-16,0.9999999999999993,0.9999999999999992,0.9999999999999994,0.02257064923666885,1.445872822531716e-17,1.2529227231643985e-17,1.754091812430158e-17
TUR.59.4_1,2060,9,albopictus,24.338071935317096,47.07661736208954,0.1880256098334445,0.06388458002725096,0.06358164279033988,0.06416386575148965,2.8875790647475697e-15,2.55351295663786e-15,3.219646771412954e-15,0.9999999999999971,0.9999999999999968,0.9999999999999974,0.01862689554324337,5.3786633611909366e-17,4.756401911161196e-17,5.997202409724986e-17
TUR.59.4_1,2060,10,albopictus,18.142122829661652,63.69364326081271,0.18529139136425787,0.02117022224029484,0.021068732552511637,0.021269248638509482,0,0,0,1,1,1,0.017771613610786052,0,0,0
TUR.59.4_1,2060,11,albopictus,12.907239843817319,66.620461995199,0.10747819748540448,3.577741455584194e-4,3.516483251858684e-4,3.64122971252614e-4,0,0,0,1,1,1,0.010690268302592787,0,0,0
TUR.59.4_1,2060,12,albopictus,7.3298642495099235,68.00037778056402,0.08840250495803209,0,0,0,0,0,0,1,1,1,0.008518590552523686,0,0,0
TUR.59.4_1,2061,1,albopictus,6.480030092246392,70.19977994178831,0.08013160804894742,0,0,0,0,0,0,1,1,1,0.0077246818503931,0,0,0
TUR.59.4_1,2061,2,albopictus,6.344780939466814,69.34258000156946,0.05994086781097644,0,0,0,0,0,0,1,1,1,0.006401657357167911,0,0,0
TUR.59.4_1,2061,3,albopictus,8.908587834414313,72.61589755268861,0.07358241336737197,0,0,0,0,0,0,1,1,1,0.007095585328798837,0,0,0
TUR.59.4_1,2061,4,albopictus,10.85868629287271,69.55319036421928,0.09729920794843598,2.5113349291199813e-9,2.0790556679833142e-9,3.0401755795876404e-9,0,0,0,1,1,1,0.009682738266924673,0,0,0
TUR.59.4_1,2061,5,albopictus,20.25193514543421,55.667961162234505,0.13599856517440528,0.0367000240939855,0.03653792786346486,0.036861755621229106,0,0,0,1,1,1,0.01307492222109674,0,0,0
TUR.59.4_1,2061,6,albopictus,24.727888191447537,40.03389410125312,0.15296722041391764,0.0577050039819331,0.0574232475632516,0.057989199963821944,1.361133428190442e-16,1.1102230246251565e-16,2.220446049250313e-16,0.9999999999999999,0.9999999999999998,0.9999999999999999,0.015180321460361745,2.066244299037512e-18,1.685354240650499e-18,3.370708481300998e-18
TUR.59.4_1,2061,7,albopictus,27.079432992374198,40.83520182933412,0.17963464836701,0.06331362972087232,0.06291581588742833,0.06367045717193737,2.238764729156628e-15,1.887379141862766e-15,2.6645352591003757e-15,0.9999999999999978,0.9999999999999973,0.9999999999999981,0.017233768323635212,3.8582352673411267e-17,3.252665486972435e-17,4.59199833454932e-17
TUR.59.4_1,2061,8,albopictus,28.286250955918256,45.668359423168475,0.21330482169343182,0.06849671045451668,0.0680966891513616,0.06889023649895419,2.1086909995915448e-14,1.7763568394002505e-14,2.475797344914099e-14,0.9999999999999789,0.9999999999999752,0.9999999999999822,0.020430806167655358,4.3082257080134275e-16,3.6292402270375415e-16,5.058253566433573e-16
TUR.59.4_1,2061,9,albopictus,22.13006603016573,59.34582817751923,0.1700142433190626,0.05843973830650184,0.058217386419302686,0.05866155003639058,2.220446049250313e-16,2.220446049250313e-16,2.220446049250313e-16,0.9999999999999998,0.9999999999999998,0.9999999999999998,0.016857715687011554,3.743164819660983e-18,3.743164819660983e-18,3.743164819660983e-18
TUR.59.4_1,2061,10,albopictus,16.573290432200714,57.324815440988495,0.1675419413570078,0.009617502126516873,0.009553550959269509,0.009680003517800994,0,0,0,1,1,1,0.016083001160381527,0,0,0
TUR.59.4_1,2061,11,albopictus,11.087198187323178,66.317727620199,0.09718263610453981,1.0213410392810306e-7,9.289485292214163e-8,1.1276280789378568e-7,0,0,0,1,1,1,0.00967119388871307,0,0,0
TUR.59.4_1,2061,12,albopictus,9.633428321165198,76.14799130595465,0.07993424407059757,0,0,0,0,0,0,1,1,1,0.007705729468974298,0,0,0
TUR.59.4_1,2062,1,albopictus,7.658654722220757,75.7563213846594,0.08368050937859049,0,0,0,0,0,0,1,1,1,0.008065412419918205,0,0,0
TUR.59.4_1,2062,2,albopictus,4.111457365400652,67.64053074619837,0.06259555340451144,0,0,0,0,0,0,1,1,1,0.006684226941613525,0,0,0
TUR.59.4_1,2062,3,albopictus,9.772442242678473,67.23125399800111,0.07684126129262889,0,0,0,0,0,0,1,1,1,0.00740867058521455,0,0,0
TUR.59.4_1,2062,4,albopictus,14.025221670375151,63.91057409224662,0.10160843494223967,0.0015939209445594515,0.0015750004599001182,0.0016117725461327508,0,0,0,1,1,1,0.010109396519628278,0,0,0
TUR.59.4_1,2062,5,albopictus,19.441222331103155,58.798854869509896,0.14202172508007171,0.03068604845067208,0.030552766068523165,0.030823780169999346,0,0,0,1,1,1,0.013650019844094752,0,0,0
TUR.59.4_1,2062,6,albopictus,25.364381874308865,36.85786489593085,0.1597418950415272,0.056261551579680366,0.05593572169900891,0.05657889645624995,1.1102230246251565e-16,1.1102230246251565e-16,1.1102230246251565e-16,0.9999999999999999,0.9999999999999999,0.9999999999999999,0.01584727880280079,1.7594013804523623e-18,1.7594013804523623e-18,1.7594013804523623e-18
TUR.59.4_1,2062,7,albopictus,27.32395508710076,45.287037461658336,0.1875903809170199,0.06977927962576932,0.06939412644145958,0.07017444678153871,3.574318618859707e-14,3.042011087472929e-14,4.185818358592996e-14,0.9999999999999643,0.9999999999999581,0.9999999999999696,0.01799011828363528,6.430241473668601e-16,5.472613928376799e-16,7.530336738490008e-16
TUR.59.4_1,2062,8,albopictus,28.598365671494427,44.404008532055194,0.22275175260819263,0.06532012061788486,0.0649223728996471,0.06571063866209056,5.4516391401193686e-15,4.551914400963142e-15,6.439293542825908e-15,0.9999999999999946,0.9999999999999936,0.9999999999999954,0.021325937819205776,1.162613173149341e-16,9.707384347328727e-17,1.3732397369391858e-16
TUR.59.4_1,2062,9,albopictus,23.675453298232135,44.68589317996064,0.17754390344774393,0.05710084170234609,0.05683292551181058,0.057341372277787295,1.1102230246251565e-16,1.1102230246251565e-16,1.1102230246251565e-16,0.9999999999999999,0.9999999999999999,0.9999999999999999,0.01759770978274877,1.9537382581479048e-18,1.9537382581479048e-18,1.9537382581479048e-18
TUR.59.4_1,2062,10,albopictus,18.332142437205597,48.93064277253146,0.17496210716835245,0.01845905207327372,0.018354278130744913,0.018558369863415004,0,0,0,1,1,1,0.016789279219629805,0,0,0
TUR.59.4_1,2062,11,albopictus,11.852532316656674,63.59079127986696,0.10148670031699074,2.0176971372504227e-5,1.9561356955613896e-5,2.0885269446809036e-5,0,0,0,1,1,1,0.010097346050115252,0,0,0
TUR.59.4_1,2062,12,albopictus,6.814399943632238,69.20842374003668,0.08347440446389552,0,0,0,0,0,0,1,1,1,0.008045627455488646,0,0,0
TUR.59.4_1,2063,1,albopictus,5.152321847922662,57.55622525428831,0.07659430752624272,0,0,0,0,0,0,1,1,1,0.007384948608144981,0,0,0
TUR.59.4_1,2063,2,albopictus,5.58448554838405,70.9154178311593,0.057294859972101854,0,0,0,0,0,0,1,1,1,0.006119931459648509,0,0,0
TUR.59.4_1,2063,3,albopictus,8.875413796480963,69.8148950502472,0.07033421810954951,0,0,0,0,0,0,1,1,1,0.006783425229141771,0,0,0
TUR.59.4_1,2063,4,albopictus,11.148094976649565,66.57013524947318,0.09300406714801027,2.1238328993855403e-7,1.9603756756033142e-7,2.299621939361802e-7,0,0,0,1,1,1,0.00925729169819589,0,0,0
TUR.59.4_1,2063,5,albopictus,16.69019140916712,68.39487079968568,0.1299950940424562,0.011880604566368039,0.011809717843444785,0.011951050610206957,0,0,0,1,1,1,0.012501370831089487,0,0,0
TUR.59.4_1,2063,6,albopictus,21.939766014323514,56.21481756316718,0.14621469114486418,0.053650806313383884,0.053427564707678,0.05387125172687629,0,0,0,1,1,1,0.014515094517010385,0,0,0
TUR.59.4_1,2063,7,albopictus,27.299346475040213,41.411968797107555,0.17170492187036515,0.06396771915728271,0.06356052678265953,0.06432188349680697,3.0003777240494854e-15,2.4424906541753444e-15,3.552713678800501e-15,0.999999999999997,0.9999999999999964,0.9999999999999976,0.016479311062543633,4.9444157819738174e-17,4.025056325751119e-17,5.854627382910718e-17
TUR.59.4_1,2063,8,albopictus,27.6941717933206,46.62547459650832,0.2038887713277544,0.07148190808304365,0.07106314295438548,0.0718668436014783,7.096678800166956e-14,5.984102102729594e-14,8.238132398474818e-14,0.9999999999999291,0.9999999999999176,0.9999999999999402,0.01953778585255217,1.3865339066200885e-15,1.1691610540293795e-15,1.6095486662637297e-15
TUR.59.4_1,2063,9,albopictus,25.665586583754596,43.03388512332001,0.16250919647921366,0.06467360024387522,0.06432295630700245,0.06500114176555336,4.0986103400086906e-15,3.549938121238938e-15,4.773959005888173e-15,0.9999999999999959,0.9999999999999952,0.9999999999999964,0.01611958584730644,6.606790123042792e-17,5.722353229793679e-17,7.695424202693611e-17
TUR.59.4_1,2063,10,albopictus,17.51368388007669,54.30249946198459,0.16014603091458798,0.014406196925508536,0.014320298679361522,0.014489013816050516,0,0,0,1,1,1,0.015378526953010119,0,0,0
TUR.59.4_1,2063,11,albopictus,11.850051809759702,69.2370391436365,0.09289264120913691,2.3229639762996463e-5,2.2430241955814695e-5,2.39834974102969e-5,0,0,0,1,1,1,0.0092462521930462,0,0,0
TUR.59.4_1,2063,12,albopictus,8.785047755521887,71.23649228251715,0.07640565591147547,0,0,0,0,0,0,1,1,1,0.007366826658953163,0,0,0
TUR.59.4_1,2064,1,albopictus,9.122737916953422,75.79736752723753,0.08617048583255686,0,0,0,0,0,0,1,1,1,0.008304405601657128,0,0,0
TUR.59.4_1,2064,2,albopictus,7.285043733961443,71.08562199375696,0.06676020725755562,0,0,0,0,0,0,1,1,1,0.0068824351473095735,0,0,0
TUR.59.4_1,2064,3,albopictus,11.220643422182867,66.19263400288392,0.07912773077916233,4.415253290591302e-7,4.1157673062207585e-7,4.729676955753142e-7,0,0,0,1,1,1,0.007628278202793992,0,0,0
TUR.59.4_1,2064,4,albopictus,13.821873510585112,66.13531316695365,0.10463187029665307,0.0013150935193092215,0.0012992489232770237,0.0013298241397384104,0,0,0,1,1,1,0.010408638305195561,0,0,0
TUR.59.4_1,2064,5,albopictus,18.749903819140265,55.73180012097474,0.14624768825867945,0.023560990477023164,0.02344245383774163,0.02367805372187518,0,0,0,1,1,1,0.014053319180404755,0,0,0
TUR.59.4_1,2064,6,albopictus,24.62916954825906,39.38274053679999,0.16449513519648176,0.05656951307568662,0.05626876694523692,0.056857916724188606,1.1102230246251565e-16,1.1102230246251565e-16,1.1102230246251565e-16,0.9999999999999999,0.9999999999999999,0.9999999999999999,0.01631495906746494,1.811324320251655e-18,1.811324320251655e-18,1.811324320251655e-18
TUR.59.4_1,2064,7,albopictus,28.845471887027518,32.70693644847474,0.1931722737011653,0.04773667225019953,0.047378159532444133,0.04809387417837122,0,0,0,1,1,1,0.01852044024872712,0,0,0
TUR.59.4_1,2064,8,albopictus,28.7414130042581,39.062925005443866,0.22937989843561332,0.05666651054047162,0.05629298932928337,0.05705646655311633,1.1102230246251565e-16,1.1102230246251565e-16,1.1102230246251565e-16,0.9999999999999999,0.9999999999999999,0.9999999999999999,0.021953490827871902,2.4373270988000575e-18,2.4373270988000575e-18,2.4373270988000575e-18
TUR.59.4_1,2064,9,albopictus,24.48095142140108,41.57537377078095,0.18282685574348206,0.05831849070207509,0.05802063064244707,0.05862697520185034,2.220446049250313e-16,2.220446049250313e-16,2.220446049250313e-16,0.9999999999999998,0.9999999999999998,0.9999999999999998,0.01811657115813059,4.022686885403324e-18,4.022686885403324e-18,4.022686885403324e-18
TUR.59.4_1,2064,10,albopictus,16.893475139842316,55.18414466462131,0.18016823617522243,0.01097736847936292,0.010912279975246143,0.011043308943355416,0,0,0,1,1,1,0.017284514634018033,0,0,0
TUR.59.4_1,2064,11,albopictus,11.40222923895892,63.63129573543337,0.10450651336612954,1.8072954538778331e-6,1.7054402733224632e-6,1.905989016059901e-6,0,0,0,1,1,1,0.010396233013883815,0,0,0
TUR.59.4_1,2064,12,albopictus,9.023839698118323,70.21522915995855,0.08595824811120896,0,0,0,0,0,0,1,1,1,0.008284036823457464,0,0,0
TUR.59.4_1,2065,1,albopictus,8.357276472098686,80.1734356424719,0.08233019210390169,0,0,0,0,0,0,1,1,1,0.007935782039776074,0,0,0
TUR.59.4_1,2065,2,albopictus,6.190316217787126,72.33627049229212,0.06158547521894005,0,0,0,0,0,0,1,1,1,0.006576721846572764,0,0,0
TUR.59.4_1,2065,3,albopictus,9.817490002688238,72.91676272602845,0.07560130609514225,0,0,0,0,0,0,1,1,1,0.007289556782862916,0,0,0
TUR.59.4_1,2065,4,albopictus,10.643237913356108,66.61971105513724,0.09996882225374783,8.098648745393285e-13,3.7963289735276564e-13,1.7776839609852691e-12,0,0,0,1,1,1,0.009947079493770716,0,0,0
TUR.59.4_1,2065,5,albopictus,18.057065150317023,51.47356800427552,0.13972998008257068,0.017266293907194794,0.01717039591301663,0.017364302070038133,0,0,0,1,1,1,0.0134312411360904,0,0,0
TUR.59.4_1,2065,6,albopictus,25.61670502494363,36.116119900813665,0.15716420709521928,0.056001103759470997,0.0556561592861221,0.056304697670323464,1.092459456231154e-16,1.1102230246251565e-16,1.1102230246251565e-16,0.9999999999999999,0.9999999999999999,0.9999999999999999,0.01559356224342412,1.7035334529157769e-18,1.7312331838574967e-18,1.7312331838574967e-18
TUR.59.4_1,2065,7,albopictus,27.559226540958182,35.220432847400524,0.18456331363697165,0.05509068682522348,0.05471140794021507,0.05543975695687702,0,0,0,1,1,1,0.017702404210219624,0,0,0
TUR.59.4_1,2065,8,albopictus,28.293758280137006,44.4007011895259,0.2191573010238551,0.06641859794189295,0.06599747704060166,0.06682379296475173,8.767209180859937e-15,7.327471962526033e-15,1.0436096431476471e-14,0.9999999999999912,0.9999999999999896,0.9999999999999927,0.02098544668010882,1.8398380079829673e-16,1.537702721695824e-16,2.1900614521122344e-16
TUR.59.4_1,2065,9,albopictus,24.106319539687213,52.5191489477829,0.17467895195997843,0.06899864688158838,0.06871816882468659,0.06929247647988755,2.5912827439356077e-14,2.298161660974074e-14,2.919886554764162e-14,0.9999999999999741,0.9999999999999708,0.999999999999977,0.017316215971074245,4.487121163610686e-16,3.9795463657869777e-16,5.056138619333213e-16
TUR.59.4_1,2065,10,albopictus,17.243124569163605,60.6125122793674,0.17213881704404752,0.013951420772354353,0.013878149597824303,0.014032855505943168,0,0,0,1,1,1,0.016520608087136623,0,0,0
TUR.59.4_1,2065,11,albopictus,10.90325348517474,66.5124297686365,0.09984905200907712,5.569815529795705e-9,4.727398285766843e-9,6.505554688120458e-9,0,0,0,1,1,1,0.009935221534706717,0,0,0
TUR.59.4_1,2065,12,albopictus,8.825245604795569,69.96442044413824,0.08212741301775123,0,0,0,0,0,0,1,1,1,0.007916313796286656,0,0,0
TUR.59.4_1,2066,1,albopictus,5.479026826865533,73.14925046180784,0.07620176159554462,0,0,0,0,0,0,1,1,1,0.007347240117794973,0,0,0
TUR.59.4_1,2066,2,albopictus,6.368390100843767,75.59601322910852,0.05700122373648135,0,0,0,0,0,0,1,1,1,0.00608866248184714,0,0,0
TUR.59.4_1,2066,3,albopictus,8.43942441659815,67.77477969380189,0.06997375514566313,0,0,0,0,0,0,1,1,1,0.006748777741897749,0,0,0
TUR.59.4_1,2066,4,albopictus,11.760194624171538,65.25282110152396,0.09252742117683525,1.4275915269540835e-5,1.3731721530078606e-5,1.4808369948511554e-5,0,0,0,1,1,1,0.009210067220698726,0,0,0
TUR.59.4_1,2066,5,albopictus,17.15438761430628,50.676601451541146,0.12932886900791826,0.01166701880603022,0.011590394861638204,0.011742427677120726,0,0,0,1,1,1,0.012437701393942846,0,0,0
TUR.59.4_1,2066,6,albopictus,22.889345253215115,52.54224828826484,0.14546534065302083,0.05913910725397025,0.058886524716179584,0.05939928930798945,3.3151259515307177e-16,3.3306690738754696e-16,3.3306690738754696e-16,0.9999999999999997,0.9999999999999997,0.9999999999999997,0.01444124439020067,4.787454405035163e-18,4.8099006078718984e-18,4.8099006078718984e-18
TUR.59.4_1,2066,7,albopictus,26.62443688336541,42.2507863935431,0.17082493391123446,0.06529296342003783,0.06493215077849471,0.06563092493026301,5.381584067265521e-15,4.551914400963142e-15,6.217248937900877e-15,0.9999999999999947,0.9999999999999938,0.9999999999999954,0.016395550751189036,8.8234034696642165e-17,7.463114357605943e-17,1.0193522049412996e-16
TUR.59.4_1,2066,8,albopictus,26.990798837998334,53.36850895930129,0.20284384109619225,0.08325604602939847,0.08287210098004935,0.08364591858336697,5.36196531619737e-12,4.69467797969969e-12,6.106329331068139e-12,0.9999999999946381,0.9999999999938937,0.9999999999953053,0.019438634264406396,1.0422928271999287e-13,9.12581282365446e-14,1.1869870256465092e-13
TUR.59.4_1,2066,9,albopictus,24.667852513930377,48.893275382109074,0.1616763366252738,0.06807055412307832,0.06777110364282463,0.06837146595910722,1.762567869434406e-14,1.554312234475219e-14,1.9984014443252818e-14,0.9999999999999823,0.99999999999998,0.9999999999999845,0.016037638985038627,2.82674271766177e-16,2.4927498486542274e-16,3.204964091126864e-16
TUR.59.4_1,2066,10,albopictus,18.904530132518097,46.81583182892795,0.15932528228739487,0.02179915408234762,0.021681830163222223,0.021916379162688956,0,0,0,1,1,1,0.01530031803525389,0,0,0
TUR.59.4_1,2066,11,albopictus,11.17124836585101,71.17569881160524,0.09241656629605086,3.3002563927125373e-7,3.0702918255630224e-7,3.5320249587542815e-7,0,0,0,1,1,1,0.00919908376983225,0,0,0
TUR.59.4_1,2066,12,albopictus,7.200766787809484,71.25629819072027,0.07601407682056076,0,0,0,0,0,0,1,1,1,0.007329210359553695,0,0,0
TUR.59.4_1,2067,1,albopictus,6.399477037436822,73.52396054481565,0.07984610604922457,0,0,0,0,0,0,1,1,1,0.007697265672850229,0,0,0
TUR.59.4_1,2067,2,albopictus,5.347064989454607,64.64371983311243,0.05972730367515249,0,0,0,0,0,0,1,1,1,0.006378921707258733,0,0,0
TUR.59.4_1,2067,3,albopictus,11.0773986788357,63.262427704055796,0.07332024558274465,7.847939662475327e-8,7.091713994605504e-8,8.555487560076739e-8,0,0,0,1,1,1,0.00707039395593656,0,0,0
TUR.59.4_1,2067,4,albopictus,14.788237417445464,56.50702108321342,0.09695253927277732,0.00293191751074083,0.0029043091352930987,0.0029610595267302855,0,0,0,1,1,1,0.00964840647447951,0,0,0
TUR.59.4_1,2067,5,albopictus,19.815928599413702,47.51414875378724,0.1355140140308289,0.0289236156966687,0.02878457289540754,0.029067819463220783,0,0,0,1,1,1,0.013028642199726437,0,0,0
TUR.59.4_1,2067,6,albopictus,24.973568046794217,33.66597417937812,0.15242221141704912,0.05170332380045165,0.05138530586227792,0.051990825051842306,0,0,0,1,1,1,0.015126646439196811,0,0,0
TUR.59.4_1,2067,7,albopictus,26.986768273746268,40.09936961497865,0.17899462562720722,0.062322898501526856,0.06193601305116053,0.06268578629666884,1.4269696535507137e-15,1.2212453270876722e-15,1.6653345369377348e-15,0.9999999999999986,0.9999999999999983,0.9999999999999988,0.01717289617372275,2.450520170347953e-17,2.0972319204720676e-17,2.8598617097346376e-17
TUR.59.4_1,2067,8,albopictus,27.776784784653607,40.078550005443866,0.21254483503365085,0.06128595913353624,0.06091485502336589,0.06164790471064393,8.837375276016246e-16,7.771561172376096e-16,9.992007221626409e-16,0.9999999999999991,0.999999999999999,0.9999999999999992,0.020358759048616615,1.799179938666165e-17,1.582193413399894e-17,2.034248674371292e-17
TUR.59.4_1,2067,9,albopictus,22.971231572768268,43.338492514677434,0.16940849725167667,0.05104799821331675,0.05080508443465863,0.05128698491026693,0,0,0,1,1,1,0.016798160426021225,0,0,0
TUR.59.4_1,2067,10,albopictus,16.61030539344339,65.9703995474338,0.1669450038880174,0.011036226082806931,0.010967963018454239,0.011100216289808694,0,0,0,1,1,1,0.016026160461543593,0,0,0
TUR.59.4_1,2067,11,albopictus,11.157468725653256,64.05683284480837,0.0968363827642944,2.1153325832639967e-7,1.9484707761711947e-7,2.288519512648614e-7,0,0,0,1,1,1,0.009636902829341043,0,0,0
TUR.59.4_1,2067,12,albopictus,7.758374915403478,71.66949856913824,0.07964944526168626,0,0,0,0,0,0,1,1,1,0.007678380295991216,0,0,0
TUR.59.4_1,2068,1,albopictus,7.944108995444634,71.78631253456174,0.08297795819713576,0,0,0,0,0,0,1,1,1,0.007997969661161175,0,0,0
TUR.59.4_1,2068,2,albopictus,6.850860613233904,72.79608647129602,0.06428681042618181,0,0,0,0,0,0,1,1,1,0.006628294997026218,0,0,0
TUR.59.4_1,2068,3,albopictus,12.030977627810309,70.22051181050111,0.07619612995551706,4.613535988773317e-5,4.476942776973667e-5,4.750875471700159e-5,0,0,0,1,1,1,0.007346699124452405,0,0,0
TUR.59.4_1,2068,4,albopictus,13.402600134120268,61.36521734175834,0.10075536740543162,7.137076996399291e-4,7.036499319630159e-4,7.23949964566316e-4,0,0,0,1,1,1,0.010024948563806979,0,0,0
TUR.59.4_1,2068,5,albopictus,15.737441203173468,72.83101276745911,0.1408293622289348,0.007336766528258119,0.007290993798942015,0.0073854773115994785,0,0,0,1,1,1,0.013536198399112465,0,0,0
TUR.59.4_1,2068,6,albopictus,23.104330147013943,46.519569913020696,0.15840076007565954,0.05494993012828149,0.054711345656489704,0.055170805382668164,0,0,0,1,1,1,0.015715281789092983,0,0,0
TUR.59.4_1,2068,7,albopictus,26.867204217349784,38.002537339588024,0.18601544017249674,0.05951901515409284,0.05915974784241393,0.05986424158271923,3.7958525211934103e-16,3.3306690738754696e-16,4.440892098500626e-16,0.9999999999999997,0.9999999999999996,0.9999999999999997,0.017840435195676352,6.771966091669573e-18,5.942058577071869e-18,7.922744769429158e-18
TUR.59.4_1,2068,8,albopictus,27.57915485606474,47.995622301586444,0.22088160975021864,0.07390262287371267,0.0735112888623694,0.07426232565237359,1.8284940228596725e-13,1.5686618670684993e-13,2.0938806244430452e-13,0.9999999999998171,0.9999999999997906,0.9999999999998431,0.021148799825074893,3.867045407080513e-15,3.317531581985993e-15,4.428306218394878e-15
TUR.59.4_1,2068,9,albopictus,23.812307469985065,45.930209281034855,0.17605330928126997,0.05930110151052672,0.05903466117741457,0.0596019428742803,3.3728575488112254e-16,3.3306690738754696e-16,4.440892098500626e-16,0.9999999999999997,0.9999999999999996,0.9999999999999997,0.017451262556058,5.886062264848691e-18,5.812438049554336e-18,7.749917399405781e-18
TUR.59.4_1,2068,10,albopictus,20.741169536814972,40.39954154572482,0.17349318882627093,0.03261557620003698,0.032460645559833946,0.032787860172808936,0,0,0,1,1,1,0.016649502549980433,0,0,0
TUR.59.4_1,2068,11,albopictus,12.114823271246518,63.74830775935915,0.10063465481990769,5.1811787718010085e-5,5.041323791962446e-5,5.3274254522524935e-5,0,0,0,1,1,1,0.010012998246873184,0,0,0
TUR.59.4_1,2068,12,albopictus,8.615140662473792,70.75198758281012,0.08277358366449028,0,0,0,0,0,0,1,1,1,0.007978349471845614,0,0,0
TUR.59.4_1,2069,1,albopictus,7.866006883628228,75.74525876258909,0.07751467035273757,0,0,0,0,0,0,1,1,1,0.007473354283409672,0,0,0
TUR.59.4_1,2069,2,albopictus,7.458603399641374,65.36135594151087,0.05798331921888705,0,0,0,0,0,0,1,1,1,0.006193240819057699,0,0,0
TUR.59.4_1,2069,3,albopictus,6.152537247713874,65.22775210591126,0.07117935924169477,0,0,0,0,0,0,1,1,1,0.006864654957016603,0,0,0
TUR.59.4_1,2069,4,albopictus,15.055278623805327,54.205953730918495,0.09412161085171869,0.0035128198350114635,0.003481923694592963,0.003542858575154598,0,0,0,1,1,1,0.009368005339279839,0,0,0
TUR.59.4_1,2069,5,albopictus,17.43786635118372,59.39650730481263,0.13155712464299904,0.014966076919557368,0.014884833086478515,0.015051948684856965,0,0,0,1,1,1,0.012650634040473618,0,0,0
TUR.59.4_1,2069,6,albopictus,25.682678306803982,37.74485830413398,0.14797161761581704,0.05807377087996869,0.05777090476246796,0.05836623234017463,2.1638246749944302e-16,1.1102230246251565e-16,2.220446049250313e-16,0.9999999999999998,0.9999999999999998,0.9999999999999999,0.014688221759689979,3.1782736675407285e-18,1.6307201988408048e-18,3.2614403976816095e-18
TUR.59.4_1,2069,7,albopictus,28.43376305524041,37.383186906238414,0.17376814082644151,0.05553796691041204,0.05516465849067548,0.05593844571604881,3.341771304121721e-17,0,1.1102230246251565e-16,1,0.9999999999999999,1,0.01667566744569804,5.572626694711047e-19,0,1.8513709949206135e-18
TUR.59.4_1,2069,8,albopictus,29.592206842759076,38.418149614818866,0.206338713783406,0.05134051022436461,0.050950906137121596,0.0517512409582973,0,0,0,1,1,1,0.019770217265928647,0,0,0
TUR.59.4_1,2069,9,albopictus,23.283058278700885,58.338935019560246,0.16446191892339496,0.06909861440919442,0.06883648313254656,0.06937186849725085,2.6998736579741943e-14,2.420008637926685e-14,3.019806626980426e-14,0.999999999999973,0.9999999999999698,0.9999999999999758,0.016311691626943237,4.4039506540582276e-16,3.9474434636399014e-16,4.925815447230431e-16
TUR.59.4_1,2069,10,albopictus,16.18395098517923,56.04567115387912,0.16207035738772677,0.007629995833926809,0.0075780956477061335,0.007680966994009403,0,0,0,1,1,1,0.015561871155017837,0,0,0
TUR.59.4_1,2069,11,albopictus,11.769192625494565,67.67669826228884,0.09400884601057756,1.589094080282033e-5,1.5333711034174858e-05,1.647085775668201e-5,0,0,0,1,1,1,0.009356834430344962,0,0,0
TUR.59.4_1,2069,12,albopictus,5.84360335854923,68.13292325175543,0.07732375188630734,0,0,0,0,0,0,1,1,1,0.007455016210929921,0,0,0
TUR.59.4_1,2070,1,albopictus,8.183309587485649,74.68907590126096,0.08081848407580869,0,0,0,0,0,0,1,1,1,0.007790638057744381,0,0,0
TUR.59.4_1,2070,2,albopictus,9.297782915479997,74.0761844327218,0.06045467186571937,0,0,0,0,0,0,1,1,1,0.0064563538720388,0,0,0
TUR.59.4_1,2070,3,albopictus,10.992709538515875,57.07341326924134,0.07421315068777831,1.6796028513795316e-8,1.4721583747721364e-8,1.9063882426183483e-8,0,0,0,1,1,1,0.007156189466581586,0,0,0
TUR.59.4_1,2070,4,albopictus,13.147607649073882,67.3897916215435,0.0981332420455871,5.425993349414581e-4,5.345432429350685e-4,5.5072539825895e-4,0,0,0,1,1,1,0.009765330658961457,0,0,0
TUR.59.4_1,2070,5,albopictus,16.77940382676966,68.93986896863099,0.1371643243096615,0.012519299216136176,0.01244877814390603,0.012588340661391395,0,0,0,1,1,1,0.013186256288483245,0,0,0
TUR.59.4_1,2070,6,albopictus,25.22266205619363,41.629669705501165,0.15427843229592236,0.06148703823463428,0.061165431489635755,0.06179783193366212,9.698908343125368e-16,7.771561172376096e-16,1.1102230246251565e-15,0.999999999999999,0.9999999999999989,0.9999999999999992,0.015309443721257976,1.4848489143671727e-17,1.189782783948055e-17,1.6996896913543642e-17
TUR.59.4_1,2070,7,albopictus,28.204734353458182,33.471565812488414,0.18117444940883592,0.05117869916985959,0.05082092790401498,0.05154682644912249,0,0,0,1,1,1,0.017380202361534924,0,0,0
TUR.59.4_1,2070,8,albopictus,27.595292932846966,42.6411682610591,0.2151332383694786,0.06540447251812777,0.06502431994318328,0.06578521150480211,5.652034396064209e-15,4.773959005888173e-15,6.661338147750939e-15,0.9999999999999943,0.9999999999999933,0.9999999999999952,0.020604119283820777,1.1645519089276488e-16,9.836322081339037e-17,1.372510057861261e-16
TUR.59.4_1,2070,9,albopictus,22.008657567641315,47.10457146365204,0.17147157970359503,0.04682255238700193,0.046616487517165225,0.04703542468690752,0,0,0,1,1,1,0.017000982149596777,0,0,0
TUR.59.4_1,2070,10,albopictus,16.26379069160013,68.29983680329318,0.16897808554297786,0.009446457483001235,0.009387825314352654,0.00950413467370444,0,0,0,1,1,1,0.016219738110842652,0,0,0
TUR.59.4_1,2070,11,albopictus,9.350624968023862,65.3268600054529,0.0980156709654728,0,0,0,0,0,0,1,1,1,0.00975368829455725,0,0,0
TUR.59.4_1,2070,12,albopictus,5.353033290189855,70.78059018290777,0.08061942832328141,0,0,0,0,0,0,1,1,1,0.007771524488370263,0,0,0
TUR.59.4_1,2071,1,albopictus,6.0783658351968315,79.04042477821409,0.08411259525596462,0,0,0,0,0,0,1,1,1,0.008106889061767375,0,0,0
TUR.59.4_1,2071,2,albopictus,3.8277950462173016,72.1699573209054,0.062918766716827,0,0,0,0,0,0,1,1,1,0.006718624868994105,0,0,0
TUR.59.4_1,2071,3,albopictus,11.537470242556402,72.91881503315736,0.07723803258442333,5.82082378260632e-6,5.575787998123826e-6,6.071921763769692e-6,0,0,0,1,1,1,0.007446782602931079,0,0,0
TUR.59.4_1,2071,4,albopictus,15.652710760340971,53.53862585005912,0.10213309199902218,0.005319272028702281,0.005276419831330479,0.005361312845225057,0,0,0,1,1,1,0.010161330466296747,0,0,0
TUR.59.4_1,2071,5,albopictus,19.508706233080694,59.4129677235138,0.1427550569173551,0.03158884835815753,0.03144970855296255,0.031723992072070745,0,0,0,1,1,1,0.013720016248374045,0,0,0
TUR.59.4_1,2071,6,albopictus,22.63304146598367,51.747555295100774,0.1605667253082761,0.056122069204010173,0.05590376592307139,0.05636943817601605,1.1102230246251565e-16,1.1102230246251565e-16,1.1102230246251565e-16,0.9999999999999999,0.9999999999999999,0.9999999999999999,0.015928451350230688,1.7684133435647773e-18,1.7684133435647773e-18,1.7684133435647773e-18
TUR.59.4_1,2071,7,albopictus,27.255599526798026,50.15437754954896,0.18855900736214307,0.07775415516949777,0.07734789116716216,0.07817399477062494,7.735881935033717e-13,6.649791828294837e-13,8.98739416221872e-13,0.9999999999992264,0.9999999999991012,0.9999999999993351,0.018082165653991455,1.3988149862899964e-14,1.2024263740378596e-14,1.6251155003895462e-14
TUR.59.4_1,2071,8,albopictus,30.31020725474638,43.68802800227004,0.22390193545455764,0.05403273513986092,0.05363202449663213,0.05441987955334174,0,0,0,1,1,1,0.021434866026334487,0,0,0
TUR.59.4_1,2071,9,albopictus,25.21710979237276,49.20625603396454,0.17846065471830055,0.07134109275176455,0.07100414746242,0.07166189726117288,6.703448907074972e-14,5.850320228262262e-14,7.594758155704539e-14,0.9999999999999329,0.9999999999999241,0.9999999999999415,0.01768776750943435,1.1856904577971387e-15,1.034791040532438e-15,1.3433431654848227e-15
TUR.59.4_1,2071,10,albopictus,18.569073284373566,61.26226966462131,0.17586552728546764,0.02393818713448825,0.023826138509710732,0.02405767296600863,0,0,0,1,1,1,0.016875235366406782,0,0,0
TUR.59.4_1,2071,11,albopictus,12.196549345465268,53.977281148031025,0.10201072879475587,5.271412372221628e-5,5.129301856204984e-5,5.418205936653563e-5,0,0,0,1,1,1,0.010149218409062244,0,0,0
TUR.59.4_1,2071,12,albopictus,7.196356044096105,69.24084103739996,0.08390542611468262,0,0,0,0,0,0,1,1,1,0.008087002767837359,0,0,0
TUR.59.4_1,2072,1,albopictus,7.682452711112359,66.16223569130003,0.0882765338498022,0,0,0,0,0,0,1,1,1,0.008506503574468138,0,0,0
TUR.59.4_1,2072,2,albopictus,8.724516886122087,63.818814437604615,0.06839185875362437,0,0,0,0,0,0,1,1,1,0.007050050838146249,0,0,0
TUR.59.4_1,2072,3,albopictus,8.8596252413357,74.55369509907533,0.08106165048387887,0,0,0,0,0,0,1,1,1,0.00781398668494937,0,0,0
TUR.59.4_1,2072,4,albopictus,12.83223422835855,61.017118586875526,0.1071891234077372,2.8021636000766795e-4,2.7544673687864707e-4,2.850849162467311e-4,0,0,0,1,1,1,0.010661669509414495,0,0,0
TUR.59.4_1,2072,5,albopictus,20.129696986254523,53.83020786633607,0.14982205192749304,0.03459139181859258,0.034441991905359966,0.034751362616700254,0,0,0,1,1,1,0.014394305234220361,0,0,0
TUR.59.4_1,2072,6,albopictus,25.83460053275613,29.877621213069524,0.16851547522334706,0.049417253075982694,0.049110615762942775,0.04973349140319382,0,0,0,1,1,1,0.016710354415341078,0,0,0
TUR.59.4_1,2072,7,albopictus,29.05761864606072,34.45241603221498,0.1978934967520095,0.04895563582356456,0.04858120259343732,0.04933717762338423,0,0,0,1,1,1,0.018968768524076696,0,0,0
TUR.59.4_1,2072,8,albopictus,28.188314325669232,41.78198399592238,0.234986053206923,0.06271635966221559,0.062334691025303826,0.06309985432596321,1.7081891456882658e-15,1.4432899320127035e-15,1.9984014443252818e-15,0.9999999999999983,0.999999999999998,0.9999999999999986,0.022483967570014918,3.840686935510646e-17,3.245088402550266e-17,4.493199326608061e-17
TUR.59.4_1,2072,9,albopictus,25.30537425770479,38.507384421415715,0.18729523181584123,0.058018017834385704,0.05770167327630196,0.05831527791413519,2.1116441928370476e-16,1.1102230246251565e-16,2.220446049250313e-16,0.9999999999999998,0.9999999999999998,0.9999999999999999,0.018555215591345875,3.918201325030496e-18,2.060042757639588e-18,4.120085515279176e-18
TUR.59.4_1,2072,10,albopictus,17.859043682322785,53.482225108957245,0.18457163430976167,0.016435885046770196,0.016342705186793604,0.016526270561156943,0,0,0,1,1,1,0.017703195181856923,0,0,0
TUR.59.4_1,2072,11,albopictus,12.923314024420346,70.2710509844568,0.10706070269368703,3.9363954052820546e-4,3.870765089694189e-4,4.003420124206891e-4,0,0,0,1,1,1,0.010648964274350026,0,0,0
TUR.59.4_1,2072,12,albopictus,7.857849345487707,70.80395901835699,0.08805910893671562,0,0,0,0,0,0,1,1,1,0.00848564122073181,0,0,0
TUR.59.4_1,2073,1,albopictus,7.509130033500054,76.46424527381956,0.08630488871368494,0,0,0,0,0,0,1,1,1,0.008317304235039069,0,0,0
TUR.59.4_1,2073,2,albopictus,8.091015356428484,68.27961460850305,0.06455866856768981,0,0,0,0,0,0,1,1,1,0.006893132819711156,0,0,0
TUR.59.4_1,2073,3,albopictus,11.591535946902106,67.8948511049347,0.07925114884848265,6.736532203364598e-6,6.453492524918627e-6,7.011658964610307e-6,0,0,0,1,1,1,0.007640130706395021,0,0,0
TUR.59.4_1,2073,4,albopictus,11.671946371302885,65.3377896684185,0.10479506799351898,9.448440470440044e-6,9.0855647201757e-6,9.812308684051937e-6,0,0,0,1,1,1,0.010424788076521585,0,0,0
TUR.59.4_1,2073,5,albopictus,17.056512019213507,68.38714222302552,0.14647579548669817,0.01422160118423625,0.014147045859690772,0.01429556286075218,0,0,0,1,1,1,0.014075083607696492,0,0,0
TUR.59.4_1,2073,6,albopictus,24.631559456095975,43.813271084895696,0.16475170355499053,0.06161126946402006,0.06133423245646499,0.061894234482175806,1.025290963241332e-15,8.881784197001252e-16,1.2212453270876722e-15,0.999999999999999,0.9999999999999988,0.9999999999999991,0.016340196989325095,1.6753456310738242e-17,1.4513010339567507e-17,1.9955389216905323e-17
TUR.59.4_1,2073,7,albopictus,28.514901666080252,38.31102046336732,0.193473570715899,0.056530447302752924,0.056147452086940344,0.056903791582072795,1.1102230246251565e-16,1.1102230246251565e-16,1.1102230246251565e-16,0.9999999999999999,0.9999999999999999,0.9999999999999999,0.018549057592294305,2.0593590824063207e-18,2.0593590824063207e-18,2.0593590824063207e-18
TUR.59.4_1,2073,8,albopictus,31.190969354966107,35.03708424616652,0.22973766964839867,0.03583311188625694,0.03549986915772883,0.036227994507347074,0,0,0,1,1,1,0.021987353166087464,0,0,0
TUR.59.4_1,2073,9,albopictus,24.922678105971393,46.56636727053681,0.18311201667674248,0.0664192411643052,0.06611534301723546,0.06675633711132041,8.758882508175248e-15,7.66053886991358e-15,1.0103029524088925e-14,0.9999999999999912,0.9999999999999899,0.9999999999999923,0.018144570238408653,1.5892615887955473e-16,1.389971855892066e-16,1.8331512882054783e-16
TUR.59.4_1,2073,10,albopictus,17.97835787604837,45.91445319733615,0.18044925037394438,0.015468840723326343,0.015376522730298128,0.0155578468519992,0,0,0,1,1,1,0.01731123914205268,0,0,0
TUR.59.4_1,2073,11,albopictus,14.475917746038999,52.464944417073994,0.10466951553975488,0.002095218568533417,0.0020729579240909317,0.0021196096981117756,0,0,0,1,1,1,0.010412363638921729,0,0,0
TUR.59.4_1,2073,12,albopictus,9.025587783140296,75.71033871806402,0.08609231995832979,0,0,0,0,0,0,1,1,1,0.00829690395201621,0,0,0
TUR.59.4_1,2074,1,albopictus,7.32633880043731,79.72180600380003,0.0910986733896739,0,0,0,0,0,0,1,1,1,0.008777253664964624,0,0,0
TUR.59.4_1,2074,2,albopictus,8.512744921095232,76.4077274014718,0.06814456457769148,0,0,0,0,0,0,1,1,1,0.007274614312452021,0,0,0
TUR.59.4_1,2074,3,albopictus,10.435228726443121,76.64909304829408,0.08365313520831366,3.0863734432202644e-31,1.9495743367016594e-39,1.0678339247239287e-31,0,0,0,1,1,1,0.008062784669375933,0,0,0
TUR.59.4_1,2074,4,albopictus,15.277358854518218,56.40386022505912,0.11061588531399706,0.004280195498386695,0.004241389741535218,0.004317609918855499,0,0,0,1,1,1,0.011000634118879749,0,0,0
TUR.59.4_1,2074,5,albopictus,19.986237666186163,53.7763824879181,0.15461175897929788,0.033273801385672735,0.03313633238732018,0.03342543621478047,0,0,0,1,1,1,0.014851047359851988,0,0,0
TUR.59.4_1,2074,6,albopictus,25.043596351847928,37.116329709163274,0.1739027980482015,0.05563007276808906,0.05532917488597866,0.055901601918202745,5.384581669432009e-17,0,1.1102230246251565e-16,1,0.9999999999999999,1,0.017239941624779487,9.282987365486552e-19,0,1.9140180135023817e-18
TUR.59.4_1,2074,7,albopictus,30.199914483463065,31.644844621082164,0.20422001454231545,0.0390535296770522,0.03870883842799805,0.03940375554176184,0,0,0,1,1,1,0.01956921484450913,0,0,0
TUR.59.4_1,2074,8,albopictus,26.474904901841107,59.47131886530715,0.2424983942918368,0.09337772478329455,0.09298361001336652,0.09378710171923021,1.3638959783790483e-10,1.2087487399892182e-10,1.5396699748482235e-10,0.9999999998636104,0.999999999846033,0.9999999998791251,0.023194364198148354,3.163470005091352e-12,2.803615849936286e-12,3.571166614158361e-12
TUR.59.4_1,2074,9,albopictus,24.263904683730182,49.45510018069306,0.1932829304293398,0.06629383882494738,0.06599646841200923,0.06657403682615169,8.294476216974544e-15,7.327471962526033e-15,9.325873406851315e-15,0.9999999999999917,0.9999999999999907,0.9999999999999927,0.019142699247522876,1.5877866363727501e-16,1.4026759202329207e-16,1.7852238984782627e-16
TUR.59.4_1,2074,10,albopictus,17.592749202952668,47.9328247793674,0.19047226140065512,0.013618522842543937,0.013535646527043603,0.013697350384243738,0,0,0,1,1,1,0.01826395446230733,0,0,0
TUR.59.4_1,2074,11,albopictus,12.245641638250913,59.04408412654665,0.11048335907881852,6.871513602004982e-5,6.684373952066162e-5,7.051256388908624e-5,0,0,0,1,1,1,0.010987527195774005,0,0,0
TUR.59.4_1,2074,12,albopictus,10.337902770322913,73.14193356669684,0.09087429755296791,0,0,0,0,0,0,1,1,1,0.008755730228087288,0,0,0
TUR.59.4_1,2075,1,albopictus,5.436939510352471,70.73684354042112,0.08794931170801519,0,0,0,0,0,0,1,1,1,0.008475105791003634,0,0,0
TUR.59.4_1,2075,2,albopictus,8.586831110365251,71.63518254063196,0.06578874673195516,0,0,0,0,0,0,1,1,1,0.007024009809982745,0,0,0
TUR.59.4_1,2075,3,albopictus,11.626157185610602,66.5498804018097,0.08076117236436801,7.774704537405582e-6,7.464996557763616e-6,8.10021835115844e-6,0,0,0,1,1,1,0.007785134957002171,0,0,0
TUR.59.4_1,2075,4,albopictus,10.923689687953276,67.37193120894584,0.10679179636046743,8.669171901503847e-9,7.48929736617127e-9,1.0021923310878594e-8,0,0,0,1,1,1,0.01062235964071545,0,0,0
TUR.59.4_1,2075,5,albopictus,16.698144099291632,68.2976112782013,0.14926669377532487,0.01191357737671572,0.011843365059231923,0.011978215732336043,0,0,0,1,1,1,0.014341333085845842,0,0,0
TUR.59.4_1,2075,6,albopictus,23.354194725261014,51.55140356170234,0.1678908245679344,0.062038461355277456,0.06178143418964465,0.06229969768800557,1.2503331703328513e-15,1.1102230246251565e-15,1.4432899320127035e-15,0.9999999999999988,0.9999999999999986,0.9999999999999989,0.01664893124480238,2.0816710985967422e-17,1.848402680338077e-17,2.4029234844395e-17
TUR.59.4_1,2075,7,albopictus,29.9668784422033,29.468258469959117,0.19715994808365006,0.03805129438031077,0.037690478074582166,0.03840536564975343,0,0,0,1,1,1,0.018899124037272563,0,0,0
TUR.59.4_1,2075,8,albopictus,27.486766702988568,51.58266987849074,0.23411501040237345,0.08014873803031247,0.07977221026947273,0.08054487381113308,1.827370033069542e-12,1.5951656662238634e-12,2.0961010704922955e-12,0.9999999999981727,0.9999999999979039,0.9999999999984048,0.022401564906079474,4.0935948403231936e-14,3.573420720786338e-14,4.6955944180335825e-14
TUR.59.4_1,2075,9,albopictus,22.501613729140338,57.64766228396454,0.18660096863820502,0.06062236824387093,0.06037223484592556,0.060867833747340075,6.510347816401918e-16,5.551115123125783e-16,7.771561172376096e-16,0.9999999999999993,0.9999999999999992,0.9999999999999994,0.01848707512853276,1.2035728919470146e-17,1.0262388232836072e-17,1.43673435259705e-17
TUR.59.4_1,2075,10,albopictus,18.2374044306138,60.35664527497287,0.1838874669228236,0.020950534048293733,0.020848615968305877,0.021054087142993002,0,0,0,1,1,1,0.01763815540570035,0,0,0
TUR.59.4_1,2075,11,albopictus,13.16551106116351,71.07287746150759,0.10666385167440871,5.948068025006942e-4,5.863138581735562e-4,6.037982094020051e-4,0,0,0,1,1,1,0.010609700998576499,0,0,0
TUR.59.4_1,2075,12,albopictus,8.465235934538,70.55534756816168,0.08773269274236033,0,0,0,0,0,0,1,1,1,0.008454320112137648,0,0,0
TUR.81.6_1,2025,1,aegypti,4.098108572118422,80.35444389948242,1.5222055726162343e-4,0,0,0,0,0,0,1,1,1,1.4730913169502813e-5,0,0,0
TUR.81.6_1,2025,2,aegypti,3.524260818081744,80.55119548014562,1.1386558342069855e-4,0,0,0,0,0,0,1,1,1,1.2199809519608529e-5,0,0,0
TUR.81.6_1,2025,3,aegypti,5.544447565779967,78.88109881495741,1.3977949825485402e-4,0,0,0,0,0,0,1,1,1,1.3526956728071582e-5,0,0,0
TUR.81.6_1,2025,4,aegypti,12.893931430928848,70.36247980504137,1.848326773372428e-4,0,0,0,0,0,0,1,1,1,1.8483096919208464e-5,0,0,0
TUR.81.6_1,2025,5,aegypti,15.042553985820097,82.67366117521712,2.5834721006701573e-4,2.3974029590150145e-5,2.3619218863471914e-5,2.434123480327013e-5,0,0,0,1,1,1,2.5001030378724032e-5,0,0,0
TUR.81.6_1,2025,6,aegypti,21.183532742892996,66.25243285315307,2.905814085241483e-4,0.030983577969489345,0.03079386090487329,0.031169420301055857,0,0,0,1,1,1,2.9057718668679122e-5,0,0,0
TUR.81.6_1,2025,7,aegypti,22.85810868880328,68.20666629346492,3.4123970482682984e-4,0.055661827916715916,0.055387439092578684,0.05594596585728064,6.139533326177116e-17,0,1.1102230246251565e-16,0.9999999999999999,0.9999999999999999,1,3.30226519815735e-5,2.027436723596193e-21,0,3.6662508564126454e-21
TUR.81.6_1,2025,8,aegypti,25.57436814027674,63.808614866751284,4.052006394896242e-4,0.09023385323701925,0.08972529994924441,0.09073734789951335,5.206863706863629e-11,4.426993771566856e-11,6.072514713295618e-11,0.9999999999479313,0.9999999999392749,0.9999999999557301,3.9212196293658685e-5,2.0417256174786394e-15,1.7359214876148397e-15,2.3811663893387826e-15
TUR.81.6_1,2025,9,aegypti,20.18846248177921,83.31186026357732,3.2296447669729364e-4,0.026447088174940236,0.02630897773424289,0.026585101431505456,0,0,0,1,1,1,3.2295926145065046e-5,0,0,0
TUR.81.6_1,2025,10,aegypti,17.422457695007324,83.10470818860786,3.182680130726887e-4,0.0038871812767239497,0.003856471190822077,0.003916022643647657,0,0,0,1,1,1,3.079965597818646e-5,0,0,0
TUR.81.6_1,2025,11,aegypti,10.779936531010796,76.95202275399717,1.8461123374624366e-4,0,0,0,0,0,0,1,1,1,1.846095296909045e-5,0,0,0
TUR.81.6_1,2025,12,aegypti,5.091293177183936,83.21779210172636,1.5184563835634658e-4,0,0,0,0,0,0,1,1,1,1.4694631228606703e-5,0,0,0
TUR.81.6_1,2026,1,aegypti,6.588913721196791,83.30286919245117,1.4422331885288858e-4,0,0,0,0,0,0,1,1,1,1.3956997973019192e-5,0,0,0
TUR.81.6_1,2026,2,aegypti,2.375907718258746,77.83478007487219,1.0788340707378151e-4,0,0,0,0,0,0,1,1,1,1.1558869667971372e-5,0,0,0
TUR.81.6_1,2026,3,aegypti,8.701114321456236,77.01648242091444,1.3243587796921716e-4,0,0,0,0,0,0,1,1,1,1.281629315796895e-5,0,0,0
TUR.81.6_1,2026,4,aegypti,10.942232174031876,77.76655542759997,1.7512209019328578e-4,0,0,0,0,0,0,1,1,1,1.751205568145675e-5,0,0,0
TUR.81.6_1,2026,5,aegypti,15.018882835612578,83.1632546810765,2.4477437688137405e-4,2.0849738402359253e-5,2.053303886961261e-5,2.114931117653355e-5,0,0,0,1,1,1,2.368756236925673e-5,0,0,0
TUR.81.6_1,2026,6,aegypti,19.12487414303948,72.25273802893432,2.7531508153836833e-4,0.012465029813651322,0.012388050318374684,0.012549880825249797,0,0,0,1,1,1,2.753112916531464e-5,0,0,0
TUR.81.6_1,2026,7,aegypti,22.704940964193906,70.73014575513484,3.2331193394542285e-4,0.0557271939379868,0.05546506041353335,0.05600660358105041,8.22675261247241e-17,0,1.1102230246251565e-16,0.9999999999999999,0.9999999999999999,1,3.1287762199849745e-5,2.573966794160294e-21,0,3.4736393983269825e-21
TUR.81.6_1,2026,8,aegypti,23.146425864275763,72.18673910381183,3.839125416422298e-4,0.06462190293734241,0.06430731085243761,0.06495248227479192,4.0080161411992775e-15,3.4416913763379853e-15,4.6629367034256575e-15,0.999999999999996,0.9999999999999953,0.9999999999999966,3.715213645283377e-5,1.4890636258299583e-19,1.278661876422501e-19,1.732380606765969e-19
TUR.81.6_1,2026,9,aegypti,21.518595919889563,79.07792776846013,3.059968347167074e-4,0.043486067172370906,0.04328133446658599,0.04368846179951763,0,0,0,1,1,1,3.0599215306126304e-5,0,0,0
TUR.81.6_1,2026,10,aegypti,13.456772804260254,80.51121758802192,3.015471100343293e-4,0,0,0,0,0,0,1,1,1,2.9181552600676675e-5,0,0,0
TUR.81.6_1,2026,11,aegypti,11.27920029443853,76.95751591805967,1.749122806234935e-4,0,0,0,0,0,0,1,1,1,1.7491075091746744e-5,0,0,0
TUR.81.6_1,2026,12,aegypti,4.976297220763038,80.62682683073027,1.438680971286192e-4,0,0,0,0,0,0,1,1,1,1.3922622156381514e-5,0,0,0
TUR.81.6_1,2027,1,aegypti,4.294345659368178,81.32793175348633,1.4258104277923436e-4,0,0,0,0,0,0,1,1,1,1.379807023604851e-5,0,0,0
TUR.81.6_1,2027,2,aegypti,3.489153682309039,84.45853648356359,1.0665493487115324e-4,0,0,0,0,0,0,1,1,1,1.1427249158924013e-5,0,0,0
TUR.81.6_1,2027,3,aegypti,4.915424013839049,78.22445971583632,1.3092782590515332e-4,0,0,0,0,0,0,1,1,1,1.2670354495369907e-5,0,0,0
TUR.81.6_1,2027,4,aegypti,10.152015728109024,78.22872888951403,1.7312796870876977e-4,0,0,0,0,0,0,1,1,1,1.731264700521873e-5,0,0,0
TUR.81.6_1,2027,5,aegypti,17.38151940177469,74.76888364836165,2.4198712232508464e-4,0.0032750249999974933,0.0032458169217548624,0.0033057218964317216,0,0,0,1,1,1,2.3417834410288663e-5,0,0,0
TUR.81.6_1,2027,6,aegypti,20.048887280856864,78.41104033606322,2.7218005888930686e-4,0.022883158715200275,0.022755654692080567,0.0230064038412992,0,0,0,1,1,1,2.721763548241274e-5,0,0,0
TUR.81.6_1,2027,7,aegypti,22.746219803305234,75.63767367871883,3.196303694268097e-4,0.0614216768008548,0.06111659148662552,0.061696483385334136,9.401368572525826e-16,7.771561172376096e-16,1.1102230246251565e-15,0.9999999999999991,0.9999999999999989,0.9999999999999992,3.093149284638663e-5,2.907983647473267e-20,2.4038598880860732e-20,3.434085554408676e-20
TUR.81.6_1,2027,8,aegypti,25.85560478883631,67.69708074809894,3.79540915843229e-4,0.10173739756213514,0.10120679214259275,0.10229855235350138,1.5123311576381581e-9,1.3028888357080603e-9,1.7587993478285212e-9,0.9999999984876689,0.9999999982412006,0.9999999986971112,3.6729091519749346e-5,5.554654949706039e-14,4.785392328678102e-14,6.459910221126923e-14
TUR.81.6_1,2027,9,aegypti,19.826844439787024,69.8589259984406,3.0251243785033266e-4,0.017846242048723687,0.017744184107332188,0.017952107939605954,0,0,0,1,1,1,3.0250786220764603e-5,0,0,0
TUR.81.6_1,2027,10,aegypti,14.480459213256836,80.47550439222114,2.981133823415552e-4,0,0,0,0,0,0,1,1,1,2.8849266013986075e-5,0,0,0
TUR.81.6_1,2027,11,aegypti,12.418358543339897,73.08881779794248,1.7292054824802892e-4,0,0,0,0,0,0,1,1,1,1.729190531807312e-5,0,0,0
TUR.81.6_1,2027,12,aegypti,6.006982645567725,77.75117070280058,1.4222986597740367e-4,0,0,0,0,0,0,1,1,1,1.3764085852518981e-5,0,0,0
TUR.81.6_1,2028,1,aegypti,3.303843301885268,83.18691765436523,1.411265057018612e-4,0,0,0,0,0,0,1,1,1,1.3657310515724497e-5,0,0,0
TUR.81.6_1,2028,2,aegypti,7.53807717474068,71.96345744303625,1.0933714344489846e-4,0,0,0,0,0,0,1,1,1,1.1310675010922644e-5,0,0,0
TUR.81.6_1,2028,3,aegypti,9.273263598189635,74.36221606349257,1.2959216883934148e-4,0,0,0,0,0,0,1,1,1,1.2541098989404809e-5,0,0,0
TUR.81.6_1,2028,4,aegypti,10.110225719564102,83.19241297154528,1.7136180790149394e-4,0,0,0,0,0,0,1,1,1,1.71360339666915e-5,0,0,0
TUR.81.6_1,2028,5,aegypti,14.882489288554472,83.76838010832259,2.3951849651896215e-4,7.032338880566529e-6,6.922780496043713e-6,7.146257222281854e-6,0,0,0,1,1,1,2.3178940704693396e-5,0,0,0
TUR.81.6_1,2028,6,aegypti,19.758237866794364,76.13969329016479,2.6940342056727484e-4,0.019018236126372476,0.018919802231492658,0.01912672067857438,0,0,0,1,1,1,2.6939979168916217e-5,0,0,0
TUR.81.6_1,2028,7,aegypti,23.05767266890582,71.00296527417781,3.163696679034969e-4,0.06178651069274312,0.06147487464182669,0.06206526597550581,1.113331649094107e-15,9.992007221626409e-16,1.2212453270876722e-15,0.9999999999999989,0.9999999999999988,0.999999999999999,3.061595079678625e-5,3.4085706989170077e-20,3.05914801458447e-20,3.7389586844921303e-20
TUR.81.6_1,2028,8,aegypti,23.48519577699549,65.96827902080402,3.7566903832211336e-4,0.06294931412827874,0.06260209777277784,0.06326618840152777,1.89726012678193e-15,1.6653345369377348e-15,2.220446049250313e-15,0.9999999999999981,0.9999999999999978,0.9999999999999983,3.6354407387251264e-5,6.897376756861827e-20,6.054225019189385e-20,8.072300025585847e-20
TUR.81.6_1,2028,9,aegypti,21.620192752164954,70.08048743032536,2.994263644941351e-4,0.03887515426905474,0.0386616432369528,0.03908341711160724,0,0,0,1,1,1,2.9942188173204265e-5,0,0,0
TUR.81.6_1,2028,10,aegypti,12.623126983642578,86.44930505140083,2.95072185844288e-4,0,0,0,0,0,0,1,1,1,2.8554965122884468e-5,0,0,0
TUR.81.6_1,2028,11,aegypti,7.365035274449516,81.61874028329404,1.7115650343559272e-4,0,0,0,0,0,0,1,1,1,1.7115503871623083e-5,0,0,0
TUR.81.6_1,2028,12,aegypti,5.625587782439063,80.2746616085623,1.40778911421725e-4,0,0,0,0,0,0,1,1,1,1.3623672818430244e-5,0,0,0
TUR.81.6_1,2029,1,aegypti,3.3015227738548725,82.09339653620117,1.4120895258483616e-4,0,0,0,0,0,0,1,1,1,1.3665289137265724e-5,0,0,0
TUR.81.6_1,2029,2,aegypti,5.8666117778595765,72.78538737467687,1.0562856988273414e-4,0,0,0,0,0,0,1,1,1,1.1317282732181688e-5,0,0,0
TUR.81.6_1,2029,3,aegypti,7.517534876570982,77.71777636622694,1.2966787729910693e-4,0,0,0,0,0,0,1,1,1,1.2548425522562745e-5,0,0,0
TUR.81.6_1,2029,4,aegypti,13.205129665486954,73.08703577427966,1.7146191841476826e-4,0,0,0,0,0,0,1,1,1,1.7146044846372277e-5,0,0,0
TUR.81.6_1,2029,5,aegypti,15.887277687297148,73.6549538998265,2.3965842454562605e-4,3.6580489673660734e-4,3.6133182272777756e-4,3.703696628165945e-4,0,0,0,1,1,1,2.3192481812706056e-5,0,0,0
TUR.81.6_1,2029,6,aegypti,19.380313901340262,77.27991393225463,2.6956080753138975e-4,0.015700404134307875,0.015601486904448701,0.015794085280500126,0,0,0,1,1,1,2.6955717441268234e-5,0,0,0
TUR.81.6_1,2029,7,aegypti,22.641721893759335,73.61149722608211,3.165544928083348e-4,0.057524724792783914,0.05725189703315615,0.05778980130205863,1.1246559239452835e-16,1.1102230246251565e-16,1.1102230246251565e-16,0.9999999999999999,0.9999999999999999,0.9999999999999999,3.063383653012508e-5,3.44525257267766e-21,3.401039064834808e-21,3.401039064834808e-21
TUR.81.6_1,2029,8,aegypti,23.079151770647833,72.68271841289386,3.7588850624619904e-4,0.06402803655685212,0.06373528390427226,0.06432086638317844,3.0785374249830965e-15,2.6645352591003757e-15,3.552713678800501e-15,0.9999999999999969,0.9999999999999964,0.9999999999999973,3.63756454462294e-5,1.1198378586413315e-19,9.692418986401225e-20,1.2923225315201634e-19
TUR.81.6_1,2029,9,aegypti,20.40025447396671,76.85287588857732,2.996012910276753e-4,0.026422397508926665,0.0262882235495811,0.02655632292399308,0,0,0,1,1,1,2.9959680302615865e-5,0,0,0
TUR.81.6_1,2029,10,aegypti,15.144984245300293,68.9916672645356,2.9524456864264665e-4,3.239729729598657e-5,3.18961200517813e-5,3.290114590838209e-5,0,0,0,1,1,1,2.8571646852659782e-5,0,0,0
TUR.81.6_1,2029,11,aegypti,7.359194972935844,82.90490361337217,1.712564940088658e-4,0,0,0,0,0,0,1,1,1,1.712550275778657e-5,0,0,0
TUR.81.6_1,2029,12,aegypti,6.15730842071421,81.93175084196073,1.4086115523820442e-4,0,0,0,0,0,0,1,1,1,1.3631631788912912e-5,0,0,0
TUR.81.6_1,2030,1,aegypti,4.664418024175307,83.16322075495117,1.390330441600516e-4,0,0,0,0,0,0,1,1,1,1.3454720209638005e-5,0,0,0
TUR.81.6_1,2030,2,aegypti,3.420752345639117,88.03178630045812,1.040009245323609e-4,0,0,0,0,0,0,1,1,1,1.1142894117410762e-5,0,0,0
TUR.81.6_1,2030,3,aegypti,5.316378260360045,81.92149645900038,0.00012766980691139872,0,0,0,0,0,0,1,1,1,1.2355066279834404e-5,0,0,0
TUR.81.6_1,2030,4,aegypti,11.622130436055802,80.0755459061156,1.6881983782441568e-4,0,0,0,0,0,0,1,1,1,1.6881841282567756e-5,0,0,0
TUR.81.6_1,2030,5,aegypti,16.63529499839334,82.49775022551009,2.3596549449059908e-4,0.0015255368789019233,0.001512463201219715,0.0015386218102234881,0,0,0,1,1,1,2.2835109709462564e-5,0,0,0
TUR.81.6_1,2030,6,aegypti,19.701225308810965,76.92152312414916,2.6540710749068666e-4,0.01867222770431763,0.018567198268722777,0.018775885181331973,0,0,0,1,1,1,2.654035854754433e-5,0,0,0
TUR.81.6_1,2030,7,aegypti,20.927297760458554,83.34483462842586,3.1167666052364846e-4,0.0369083728034083,0.03673595471982335,0.03709515975984509,0,0,0,1,1,1,3.0161802593742237e-5,0,0,0
TUR.81.6_1,2030,8,aegypti,22.426193854388067,86.89021887065753,3.700963878815408e-4,0.06744877160995805,0.0671780653731943,0.06773630578401793,1.3568590695456351e-14,1.2101430968414206e-14,1.532107773982716e-14,0.9999999999999865,0.9999999999999847,0.9999999999999879,3.581513809503001e-5,4.859609495127084e-19,4.334144212812275e-19,5.487265150166e-19
TUR.81.6_1,2030,9,aegypti,19.280459628385657,75.70088309072575,2.949846929912881e-4,0.014448356243675032,0.014359635182537635,0.014543587339962447,0,0,0,1,1,1,2.94980342235851e-5,0,0,0
TUR.81.6_1,2030,10,aegypti,14.529439926147461,83.80756615979926,2.906951039485051e-4,0,0,0,0,0,0,1,1,1,2.8131388558172432e-5,0,0,0
TUR.81.6_1,2030,11,aegypti,7.192346790257622,80.28568669442686,1.686175788318052e-4,0,0,0,0,0,0,1,1,1,1.6861615724561574e-5,0,0,0
TUR.81.6_1,2030,12,aegypti,7.208639463957618,82.74212224088652,1.3869060607119214e-4,0,0,0,0,0,0,1,1,1,1.3421581485095757e-5,0,0,0
TUR.81.6_1,2031,1,aegypti,6.874323648564955,81.29981743463867,1.576216394120638e-4,0,0,0,0,0,0,1,1,1,1.5253590702646314e-5,0,0,0
TUR.81.6_1,2031,2,aegypti,4.811419784146198,78.87595591715734,1.1790575631998711e-4,0,0,0,0,0,0,1,1,1,1.263267981277405e-5,0,0,0
TUR.81.6_1,2031,3,aegypti,7.417070055709166,75.53498370265272,1.44739147375861e-4,0,0,0,0,0,0,1,1,1,1.4006916164377436e-5,0,0,0
TUR.81.6_1,2031,4,aegypti,12.36561874782338,70.12174189000231,1.913909010906121e-4,0,0,0,0,0,0,1,1,1,1.9138906957816282e-5,0,0,0
TUR.81.6_1,2031,5,aegypti,15.128016556010527,74.799851360764,2.675138727702065e-4,3.32865501349596e-5,3.277930534063551e-5,3.380085862601732e-5,0,0,0,1,1,1,2.588810419756893e-5,0,0,0
TUR.81.6_1,2031,6,aegypti,20.598646191989676,67.92822936194213,3.0089180343442426e-4,0.025015147301953488,0.024870988525293222,0.025160748820985172,0,0,0,1,1,1,3.0088727668631243e-5,0,0,0
TUR.81.6_1,2031,7,aegypti,21.21868913313922,84.63455325635555,3.53347554856534e-4,0.04241731438464477,0.04223275897995516,0.04260341677973778,0,0,0,1,1,1,3.4194340023718794e-5,0,0,0
TUR.81.6_1,2031,8,aegypti,22.97057404237635,74.60436071636066,4.195779481834362e-4,0.06428905826973126,0.06399408746223681,0.06458570386327314,3.45601325335565e-15,2.9976021664879227e-15,3.885780586188048e-15,0.9999999999999966,0.9999999999999961,0.999999999999997,4.0603493221991194e-5,1.4032621070773787e-19,1.2171311924921849e-19,1.5777626569343137e-19
TUR.81.6_1,2031,9,aegypti,18.948235736173743,83.42791098379216,3.344238860024246e-4,0.013253776320262535,0.013174782479640249,0.013329390837364712,0,0,0,1,1,1,3.344182940978602e-5,0,0,0
TUR.81.6_1,2031,10,aegypti,15.728092193603516,80.67997979505317,3.2956078269189703e-4,2.8732695668113976e-4,2.837970922744156e-4,2.906630224021367e-4,0,0,0,1,1,1,3.189247039458998e-5,0,0,0
TUR.81.6_1,2031,11,aegypti,10.346631744328667,78.75719090585264,1.9116160024926392e-4,0,0,0,0,0,0,1,1,1,1.9115977312300636e-5,0,0,0
TUR.81.6_1,2031,12,aegypti,8.077004751738379,74.27064091764433,1.5723341765306223e-4,0,0,0,0,0,0,1,1,1,1.5216021427399973e-5,0,0,0
TUR.81.6_1,2032,1,aegypti,3.217389148824355,85.19237267145508,1.5200792656818195e-4,0,0,0,0,0,0,1,1,1,1.471033630850993e-5,0,0,0
TUR.81.6_1,2032,2,aegypti,6.808957873898395,78.04482493571203,1.1776747669964955e-4,0,0,0,0,0,0,1,1,1,1.2182768206692174e-5,0,0,0
TUR.81.6_1,2032,3,aegypti,6.669383669600768,79.71291644191054,1.3958424596976512e-4,0,0,0,0,0,0,1,1,1,1.3508061601053e-5,0,0,0
TUR.81.6_1,2032,4,aegypti,11.733730358235977,76.0523067703734,1.8457449210221362e-4,0,0,0,0,0,0,1,1,1,1.845727887250792e-5,0,0,0
TUR.81.6_1,2032,5,aegypti,16.793377006755158,80.42372221037337,2.5798633537693817e-4,0.0018235750148198134,0.0018064872878133216,0.0018403188521630952,0,0,0,1,1,1,2.496610789415321e-5,0,0,0
TUR.81.6_1,2032,6,aegypti,19.429218320285575,79.65252593176635,2.901755071957916e-4,0.016752428214760036,0.016660598108002144,0.016849218103493338,0,0,0,1,1,1,2.901712971448145e-5,0,0,0
TUR.81.6_1,2032,7,aegypti,22.00510804793414,73.73925906690242,3.407630409886966e-4,0.047211030668092735,0.04697614490627944,0.0474456006512869,0,0,0,1,1,1,3.297652474520962e-5,0,0,0
TUR.81.6_1,2032,8,aegypti,22.14212479310877,76.16834081889972,4.0463463122827274e-4,0.05146929104555554,0.051211223502010336,0.051705063086766215,0,0,0,1,1,1,3.915742344695605e-5,0,0,0
TUR.81.6_1,2032,9,aegypti,16.888712153715247,83.86129111074528,3.225133407806179e-4,0.0021707656389514294,0.0021531253672791074,0.0021893425155735833,0,0,0,1,1,1,3.2250814009371354e-5,0,0,0
TUR.81.6_1,2032,10,aegypti,15.537192344665527,77.68656396253364,3.178234374546689e-4,1.6458576875886245e-4,1.6244085495004885e-4,1.6672875698570277e-4,0,0,0,1,1,1,3.075663385554428e-5,0,0,0
TUR.81.6_1,2032,11,aegypti,9.275550582829643,78.08402653817686,1.843533578367429e-4,0,0,0,0,0,0,1,1,1,1.8435165853869506e-5,0,0,0
TUR.81.6_1,2032,12,aegypti,5.770396074827979,77.6978793819998,1.5163353137184591e-4,0,0,0,0,0,0,1,1,1,1.467410504762956e-5,0,0,0
TUR.81.6_1,2033,1,aegypti,4.492941183202406,83.56030785211914,1.4928489490291503e-4,0,0,0,0,0,0,1,1,1,1.4446820956859341e-5,0,0,0
TUR.81.6_1,2033,2,aegypti,6.75454503210152,74.98641429118078,1.11669619135625e-4,0,0,0,0,0,0,1,1,1,1.1964530474695145e-5,0,0,0
TUR.81.6_1,2033,3,aegypti,6.996017599807066,80.94370562648085,1.3708376898590477e-4,0,0,0,0,0,0,1,1,1,1.3266083196961098e-5,0,0,0
TUR.81.6_1,2033,4,aegypti,12.564992946736954,75.39828455357653,1.812680711941602e-4,0,0,0,0,0,0,1,1,1,1.8126642829852102e-5,0,0,0
TUR.81.6_1,2033,5,aegypti,15.533372009501738,77.54526609465071,2.533648332204538e-4,1.6234385487450887e-4,1.6025822975616866e-4,1.6442281142998945e-4,0,0,0,1,1,1,2.451887681587106e-5,0,0,0
TUR.81.6_1,2033,6,aegypti,19.289522199069754,71.48744872229369,2.849773763323684e-4,0.013598606762139651,0.013512803386402943,0.013682391301440541,0,0,0,1,1,1,2.8497331576615714e-5,0,0,0
TUR.81.6_1,2033,7,aegypti,24.875682999106015,64.08662158521297,3.3465869780137825e-4,0.08113053482648556,0.08071422813614339,0.08154630413861151,2.5803142955638235e-12,2.2245261188658105e-12,2.9741903384561397e-12,0.9999999999974197,0.9999999999970258,0.9999999999977754,3.23858011622713e-5,8.356554571229613e-17,7.204306056586722e-17,9.632153691998891e-17
TUR.81.6_1,2033,8,aegypti,24.233137747820685,67.77884496929035,3.973861084796648e-4,0.07704385687853223,0.07665076320193491,0.07743858567817845,5.961345861393852e-13,5.143524495210272e-13,6.874639746357047e-13,0.9999999999994038,0.9999999999993125,0.9999999999994856,3.8455980725271566e-5,2.2924940154243938e-17,1.9779927884776837e-17,2.643710135790924e-17
TUR.81.6_1,2033,9,aegypti,18.642724261564368,73.3600017430695,3.167359181208678e-4,0.009253238629368155,0.00918844800094567,0.009315018037784418,0,0,0,1,1,1,3.1673090209127785e-05,0,0,0
TUR.81.6_1,2033,10,aegypti,12.657676696777344,75.40811395032661,3.1213002854046435e-4,0,0,0,0,0,0,1,1,1,3.0205675593641956e-5,0,0,0
TUR.81.6_1,2033,11,aegypti,11.27254746240728,78.27841588143858,1.8105089827215852e-4,0,0,0,0,0,0,1,1,1,1.8104925931017313e-5,0,0,0
TUR.81.6_1,2033,12,aegypti,7.65412648635752,80.0002246578787,1.4891720652771633e-4,0,0,0,0,0,0,1,1,1,1.4411238724254538e-5,0,0,0
TUR.81.6_1,2034,1,aegypti,6.332625192754408,78.68487297663086,1.5168690702873093e-4,0,0,0,0,0,0,1,1,1,1.4679270358031182e-5,0,0,0
TUR.81.6_1,2034,2,aegypti,5.159328757840045,79.31473765543859,1.1346639689685435e-4,0,0,0,0,0,0,1,1,1,1.2157040055860158e-5,0,0,0
TUR.81.6_1,2034,3,aegypti,8.3168655879357285,80.74851519679335,1.3928946351093242e-4,0,0,0,0,0,0,1,1,1,1.3479534651361647e-5,0,0,0
TUR.81.6_1,2034,4,aegypti,9.17571167384877,82.02786219029528,1.8418469651860977e-4,0,0,0,0,0,0,1,1,1,1.8418300032907453e-5,0,0,0
TUR.81.6_1,2034,5,aegypti,16.488356674418732,83.940537395920245,2.5744150421953e-4,0.001264268620146007,0.0012513691015227845,0.0012767749560255465,0,0,0,1,1,1,2.4913383613212048e-5,0,0,0
TUR.81.6_1,2034,6,aegypti,20.873676328098075,82.67778685705932,2.895626969971197e-4,0.0357135953092359,0.03553981690949512,0.0358736425170736,0,0,0,1,1,1,2.8955850471024114e-5,0,0,0
TUR.81.6_1,2034,7,aegypti,22.858503509970273,81.63942843946101,3.400433969744021e-4,0.07036614497467517,0.07007045134057431,0.0706670143652086,4.53092008356748e-14,4.007905118896815e-14,5.10702591327572e-14,0.9999999999999547,0.9999999999999489,0.9999999999999599,3.290688407031617e-5,1.4909846192182231e-18,1.3188766911236423e-18,1.6805630967226467e-18
TUR.81.6_1,2034,8,aegypti,22.180342337664435,82.90626348735675,4.0378009932394757e-4,0.0583289236057195,0.05808815531796274,0.058576526435573276,2.220446049250313e-16,2.220446049250313e-16,2.220446049250313e-16,0.9999999999999998,0.9999999999999998,0.9999999999999998,3.90747300458294e-5,8.676332995578439e-21,8.676332995578439e-21,8.676332995578439e-21
TUR.81.6_1,2034,9,aegypti,19.32418368844425,74.51117056631169,3.218322375877672e-4,0.01455571887267313,0.01447154202580061,0.014647207924445798,0,0,0,1,1,1,3.218270588434269e-5,0,0,0
TUR.81.6_1,2034,10,aegypti,14.579562187194824,81.47750329358833,3.171522386835136e-4,0,0,0,0,0,0,1,1,1,3.069168113134513e-5,0,0,0
TUR.81.6_1,2034,11,aegypti,7.957935550633598,85.71432133798154,1.839640292578648e-4,0,0,0,0,0,0,1,1,1,1.8396233713025012e-5,0,0,0
TUR.81.6_1,2034,12,aegypti,8.601520857390234,76.80936009489042,1.5131330250283044e-4,0,0,0,0,0,0,1,1,1,1.46431156113902e-5,0,0,0
TUR.81.6_1,2035,1,aegypti,6.039031786077162,81.9214070952832,1.344082288642246e-4,0,0,0,0,0,0,1,1,1,1.3007163360723162e-5,0,0,0
TUR.81.6_1,2035,2,aegypti,1.9796329131897763,86.16121897868078,1.005414227321722e-4,0,0,0,0,0,0,1,1,1,1.077223727175003e-5,0,0,0
TUR.81.6_1,2035,3,aegypti,4.867091322646422,81.71989733790663,1.2342297998341022e-4,0,0,0,0,0,0,1,1,1,1.1944088022075583e-5,0,0,0
TUR.81.6_1,2035,4,aegypti,12.429436725728653,80.25154077916247,1.632041903146726e-4,0,0,0,0,0,0,1,1,1,1.6320285854187766e-5,0,0,0
TUR.81.6_1,2035,5,aegypti,13.010276878581328,85.73626798674056,2.281163041430783e-4,0,0,0,0,0,0,1,1,1,2.2075527700615716e-5,0,0,0
TUR.81.6_1,2035,6,aegypti,17.426771191989676,77.78399565832885,2.5657856706880596e-4,0.0035952617897327403,0.003566636342577113,0.0036258455432303617,0,0,0,1,1,1,2.565752754690731e-5,0,0,0
TUR.81.6_1,2035,7,aegypti,21.449594665976132,82.6410840180743,3.0130900299553816e-4,0.044911264239281226,0.04469560290812202,0.04512314693517138,0,0,0,1,1,1,2.9158510656102088e-5,0,0,0
TUR.81.6_1,2035,8,aegypti,22.646448752459357,72.95611013652668,3.5778544809060526e-4,0.05696003691009238,0.056672928793759805,0.05723872238328237,1.1102230246251565e-16,1.1102230246251565e-16,1.1102230246251565e-16,0.9999999999999999,0.9999999999999999,0.9999999999999999,3.462379878471644e-5,3.844013861078071e-21,3.844013861078071e-21,3.844013861078071e-21
TUR.81.6_1,2035,9,aegypti,16.615444407743567,85.44566458486638,2.851722794861184e-4,0.0015551016700242263,0.0015416878543141885,0.0015700922339863996,0,0,0,1,1,1,2.8516821336310727e-5,0,0,0
TUR.81.6_1,2035,10,aegypti,13.94607925415039,85.44789361341255,2.8102537995385957e-4,0,0,0,0,0,0,1,1,1,2.7195634703658378e-5,0,0,0
TUR.81.6_1,2035,11,aegypti,10.138849952641655,81.47848149423154,1.630086592944545e-4,0,0,0,0,0,0,1,1,1,1.6300733071017426e-5,0,0,0
TUR.81.6_1,2035,12,aegypti,6.413015207823585,81.0383105953787,1.3407718168549586e-4,0,0,0,0,0,0,1,1,1,1.2975126953196359e-5,0,0,0
TUR.81.6_1,2036,1,aegypti,6.35323600208058,75.19862114557617,1.487414490921633e-4,0,0,0,0,0,0,1,1,1,1.4394230185232892e-5,0,0,0
TUR.81.6_1,2036,2,aegypti,5.398266612606891,81.03084788493078,1.1523678755249901e-4,0,0,0,0,0,0,1,1,1,1.1920975932833144e-5,0,0,0
TUR.81.6_1,2036,3,aegypti,3.6369687564232773,79.90046221827772,1.3658473926139112e-4,0,0,0,0,0,0,1,1,1,1.3217790637232163e-5,0,0,0
TUR.81.6_1,2036,4,aegypti,10.109076542012833,79.73680841832262,0.00018060819616810633,0,0,0,0,0,0,1,1,1,1.8060656521212692e-5,0,0,0
TUR.81.6_1,2036,5,aegypti,12.684213722453398,89.72381681486556,2.52442502416021e-4,0,0,0,0,0,0,1,1,1,2.4429621180543926e-5,0,0,0
TUR.81.6_1,2036,6,aegypti,19.83206751767327,76.49076750891479,2.8393996553854656e-4,0.019879026125751858,0.01976432030038452,0.019985758693991607,0,0,0,1,1,1,2.839359344819492e-5,0,0,0
TUR.81.6_1,2036,7,aegypti,23.694233108969296,64.89760333570125,3.3344043075922333e-4,0.06484649117970784,0.064484966681123,0.06518025911951919,4.424016708526324e-15,3.774758283725532e-15,5.10702591327572e-15,0.9999999999999956,0.9999999999999949,0.9999999999999962,3.22679081630195e-5,1.4275376486239122e-19,1.2180355363685257e-19,1.6479304315574172e-19
TUR.81.6_1,2036,8,aegypti,25.701916358050177,62.215257780569644,3.959394931603811e-4,0.08891334860493373,0.0883938485501032,0.08940814566685623,3.43697570404089e-11,2.904210760767967e-11,4.006438236725529e-11,0.9999999999656303,0.9999999999599356,0.9999999999709579,3.831599106818295e-5,1.3169113037759256e-15,1.1127771356970624e-15,1.5351065169360203e-15
TUR.81.6_1,2036,9,aegypti,20.964419589323157,72.19389456533513,3.1558289585475487e-4,0.031331190783000416,0.031158308828827152,0.03149930395102767,0,0,0,1,1,1,3.155779162788974e-5,0,0,0
TUR.81.6_1,2036,10,aegypti,14.617022514343262,84.4342598853852,3.1099377321784486e-4,0,0,0,0,0,0,1,1,1,3.0095718716482978e-5,0,0,0
TUR.81.6_1,2036,11,aegypti,10.562227943364311,77.2506372559503,1.80391813826523e-4,0,0,0,0,0,0,1,1,1,1.803901867758473e-5,0,0,0
TUR.81.6_1,2036,12,aegypti,6.4785312028492195,82.53176457487089,1.4837509922282813e-4,0,0,0,0,0,0,1,1,1,1.4358777481682239e-5,0,0,0
TUR.81.6_1,2037,1,aegypti,6.884425443761488,80.10732781061523,1.4734805998638476e-4,0,0,0,0,0,0,1,1,1,1.4259388010029461e-5,0,0,0
TUR.81.6_1,2037,2,aegypti,1.9446018329438046,76.30854258707922,1.1022080800441061e-4,0,0,0,0,0,0,1,1,1,1.1809302555843004e-5,0,0,0
TUR.81.6_1,2037,3,aegypti,5.452786589370055,76.18303973292616,1.3530523251418646e-4,0,0,0,0,0,0,1,1,1,1.3093969032706987e-5,0,0,0
TUR.81.6_1,2037,4,aegypti,11.344091457479141,75.08838617711169,1.7891628382967658e-4,0,0,0,0,0,0,1,1,1,1.7891468328756766e-5,0,0,0
TUR.81.6_1,2037,5,aegypti,15.40824421714334,78.0508050350804,2.500776563368087e-4,1.1098729984940701e-4,1.0933325666934706e-4,1.1256166833135671e-4,0,0,0,1,1,1,2.420077067311066e-5,0,0,0
TUR.81.6_1,2037,6,aegypti,20.254936246310965,73.5925283731726,2.8128005562714456e-4,0.02343439059630742,0.023302067828538227,0.02356269003969168,0,0,0,1,1,1,2.8127609974060164e-5,0,0,0
TUR.81.6_1,2037,7,aegypti,20.61213700911578,80.44980746778133,3.303168074082223e-4,0.030784140937849046,0.030622352516492844,0.030941541359884955,0,0,0,1,1,1,3.1965631740682454e-5,0,0,0
TUR.81.6_1,2037,8,aegypti,23.78468193727381,74.0770017075716,3.922303873281843e-4,0.07842845271836651,0.07808091885257384,0.07878076348583686,9.876801598807106e-13,8.68857763514086e-13,1.1190437465558033e-12,0.9999999999990123,0.999999999998881,0.9999999999991311,3.795705903142377e-5,3.748943413275819e-17,3.297928541961499e-17,4.247560954676425e-17
TUR.81.6_1,2037,9,aegypti,17.474267230314368,80.34096640371403,3.126265593948244e-4,0.003923533945934745,0.0038932076766427337,0.0039531773223955985,0,0,0,1,1,1,3.126216726778708e-5,0,0,0
TUR.81.6_1,2037,10,aegypti,17.269570350646973,77.44765710218208,3.0808042701736376e-4,0.003038725447799303,0.0030124909430887022,0.0030650342878384956,0,0,0,1,1,1,2.9813790432764442e-5,0,0,0
TUR.81.6_1,2037,11,aegypti,9.708784797612358,80.44501134042295,1.7870192852762585e-4,0,0,0,0,0,0,1,1,1,1.7870033181766054e-5,0,0,0
TUR.81.6_1,2037,12,aegypti,7.798245749052833,72.19347722135527,1.4698514203142148e-4,0,0,0,0,0,0,1,1,1,1.4224267417817238e-5,0,0,0
TUR.81.6_1,2038,1,aegypti,6.645913881414076,77.38029991754883,1.5288317424192967e-4,0,0,0,0,0,0,1,1,1,1.4795036446746401e-5,0,0,0
TUR.81.6_1,2038,2,aegypti,6.872490226345905,81.03983531168859,1.143612409744766e-4,0,0,0,0,0,0,1,1,1,1.2252915036814471e-5,0,0,0
TUR.81.6_1,2038,3,aegypti,7.834454203353209,78.79749590968397,1.4038795923219206e-4,0,0,0,0,0,0,1,1,1,1.3585839250263021e-5,0,0,0
TUR.81.6_1,2038,4,aegypti,11.618836444966934,77.47852289586169,1.8563725506788811e-4,0,0,0,0,0,0,1,1,1,1.8563553201955685e-5,0,0,0
TUR.81.6_1,2038,5,aegypti,17.2215672380784,64.307908001389,2.5947179699065267e-4,0.002334346364171442,0.0023123677745530173,0.002357678583224559,0,0,0,1,1,1,2.5109858644567495e-5,0,0,0
TUR.81.6_1,2038,6,aegypti,20.259986905490653,70.22316649573119,2.918463111030981e-4,0.022259089768219633,0.022128901682938715,0.022394559455164883,0,0,0,1,1,1,2.9184205243115713e-5,0,0,0
TUR.81.6_1,2038,7,aegypti,22.429788757773007,69.88448459180476,3.427251232672861e-4,0.05060693982834561,0.05033422996752937,0.050879980095406785,0,0,0,1,1,1,3.316639739581184e-5,0,0,0
TUR.81.6_1,2038,8,aegypti,24.648659369524786,64.44186224223957,4.0696448025454344e-4,0.0784244917813654,0.07803528039536675,0.07884421358611718,9.868076356056576e-13,8.546136021081452e-13,1.1448925141266386e-12,0.9999999999990132,0.9999999999988551,0.9999999999991454,3.9382883853300577e-5,3.886333049860777e-17,3.365714823127592e-17,4.50891689083627e-17
TUR.81.6_1,2038,9,aegypti,17.159445987028235,79.59850424551091,3.2437034296230497e-4,0.0027886737171181277,0.0027663747590467892,0.0028120862574474263,0,0,0,1,1,1,3.2436508221267424e-5,0,0,0
TUR.81.6_1,2038,10,aegypti,13.586877822875977,84.42565392835395,3.196534356039426e-4,0,0,0,0,0,0,1,1,1,3.093372498796931e-5,0,0,0
TUR.81.6_1,2038,11,aegypti,9.555453994694878,84.81417485360654,1.85414847531636e-4,0,0,0,0,0,0,1,1,1,1.8541312860942405e-5,0,0,0
TUR.81.6_1,2038,12,aegypti,5.611038050230811,80.85131413541777,1.5250662331245488e-4,0,0,0,0,0,0,1,1,1,1.4758596572739258e-5,0,0,0
TUR.81.6_1,2039,1,aegypti,4.873983186833998,81.2242635405957,1.475126088346661e-4,0,0,0,0,0,0,1,1,1,1.4275311864930806e-5,0,0,0
TUR.81.6_1,2039,2,aegypti,2.780028640347369,84.5677436368839,1.1034389552260012e-4,0,0,0,0,0,0,1,1,1,1.1822490348367687e-5,0,0,0
TUR.81.6_1,2039,3,aegypti,6.875204706893248,85.48865801905897,1.3545633270633495e-4,0,0,0,0,0,0,1,1,1,1.3108591440325057e-5,0,0,0
TUR.81.6_1,2039,4,aegypti,10.203292888753555,72.90215265660387,1.791160860425165e-4,0,0,0,0,0,0,1,1,1,1.7911448192298174e-5,0,0,0
TUR.81.6_1,2039,5,aegypti,13.888115013346953,80.72415250822493,2.5035692699931306e-4,0,0,0,0,0,0,1,1,1,2.4227796211806485e-5,0,0,0
TUR.81.6_1,2039,6,aegypti,19.81507876340081,75.47173216955932,2.81594171124846e-4,0.01938920309271547,0.019274420558457628,0.019502126405937067,0,0,0,1,1,1,2.815902063979525e-5,0,0,0
TUR.81.6_1,2039,7,aegypti,23.558733154745664,67.47425967725398,3.306856840003676e-4,0.06585780876148432,0.06552956237982803,0.06620175245965361,6.878830838275008e-15,5.9924287754142826e-15,7.993605777301127e-15,0.9999999999999931,0.999999999999992,0.999999999999994,3.200132833369729e-5,2.2013172420760066e-19,1.9176568075832803e-19,2.558060030495529e-19
TUR.81.6_1,2039,8,aegypti,22.39553513246424,82.10043157817707,3.926684050292777e-4,0.06167432674881031,0.06140685705939316,0.06194950622223348,1.0580425424677741e-15,8.881784197001252e-16,1.2212453270876722e-15,0.9999999999999989,0.9999999999999988,0.9999999999999991,3.799944623139595e-5,4.020503070303365e-20,3.3750288103281134e-20,4.640664614201156e-20
TUR.81.6_1,2039,9,aegypti,20.110100970548743,74.97680777334294,3.129756806543464e-4,0.022340152075394974,0.022209317234011552,0.02246386320179694,0,0,0,1,1,1,3.1297078301628645e-5,0,0,0
TUR.81.6_1,2039,10,aegypti,17.104342460632324,79.96438836438911,3.0842447144827393e-4,0.0026363872834713736,0.0026146654406162557,0.002659669708924963,0,0,0,1,1,1,2.9847084061951357e-5,0,0,0
TUR.81.6_1,2039,11,aegypti,10.36811516565435,77.06554814462217,1.789014913622339e-4,0,0,0,0,0,0,1,1,1,1.7889989108454962e-5,0,0,0
TUR.81.6_1,2039,12,aegypti,5.700170359190772,80.39342076383573,1.4714928559624328e-4,0,0,0,0,0,0,1,1,1,1.4240152052868993e-5,0,0,0
TUR.81.6_1,2040,1,aegypti,5.7724898282219375,85.58254753717773,1.5440461123515694e-4,0,0,0,0,0,0,1,1,1,1.4942270095574806e-5,0,0,0
TUR.81.6_1,2040,2,aegypti,5.611532508450397,77.27018962077062,1.1962429766975722e-4,0,0,0,0,0,0,1,1,1,1.2374850776097901e-5,0,0,0
TUR.81.6_1,2040,3,aegypti,6.115822458968443,77.60093981837538,1.41785048451713e-4,0,0,0,0,0,0,1,1,1,1.3721039586855888e-5,0,0,0
TUR.81.6_1,2040,4,aegypti,12.001182598226212,68.03667414097887,1.874846485994648e-4,0,0,0,0,0,0,1,1,1,1.874828910852777e-5,0,0,0
TUR.81.6_1,2040,5,aegypti,16.09930046866922,78.14572996183821,2.620539646660571e-4,6.034228578900353e-4,5.965315236877182e-4,6.10426039428465e-4,0,0,0,1,1,1,2.5359739533103998e-5,0,0,0
TUR.81.6_1,2040,6,aegypti,18.270093945895926,79.58370879309447,2.9475065800883756e-4,0.007759100899213187,0.007707097071298502,0.007816654252435376,0,0,0,1,1,1,2.947463141544926e-5,0,0,0
TUR.81.6_1,2040,7,aegypti,22.801458527060117,73.85492068799617,3.4613579735639203e-4,0.06050356145211968,0.06018663554119864,0.060786300358039655,6.096234628216734e-16,5.551115123125783e-16,6.661338147750939e-16,0.9999999999999994,0.9999999999999993,0.9999999999999994,3.349645162875614e-5,2.0420222834161003e-20,1.8594265920743947e-20,2.2313119104892736e-20
TUR.81.6_1,2040,8,aegypti,23.575430533465216,70.57134069682941,4.1101444074404095e-4,0.06998828813177664,0.0696611111066842,0.07032458188487407,3.8892555842551245e-14,3.3970048995968223e-14,4.452271884503034e-14,0.9999999999999611,0.9999999999999555,0.999999999999966,3.9774800001390886e-5,1.5469436301804025e-18,1.3511519048520855e-18,1.770882237579239e-18
TUR.81.6_1,2040,9,aegypti,18.842784152311438,71.5304118993195,3.2759835704387885e-4,0.010297681805133031,0.010230108552403,0.010368521713145758,0,0,0,1,1,1,3.275929910684372e-5,0,0,0
TUR.81.6_1,2040,10,aegypti,17.198573112487793,73.21507500989692,3.228345087622644e-4,0.00263123813826186,0.0026065842906182364,0.0026539094194447297,0,0,0,1,1,1,3.1241561207373536e-5,0,0,0
TUR.81.6_1,2040,11,aegypti,10.378699043217827,72.64688511971983,1.8726002774539728e-4,0,0,0,0,0,0,1,1,1,1.872582744399942e-5,0,0,0
TUR.81.6_1,2040,12,aegypti,5.521301111754249,85.22236973844511,1.5402431300963877e-4,0,0,0,0,0,0,1,1,1,1.4905467590753396e-5,0,0,0
TUR.81.6_1,2041,1,aegypti,4.770283502690932,73.97002922663086,1.5074357405156714e-4,0,0,0,0,0,0,1,1,1,1.4587981405855821e-5,0,0,0
TUR.81.6_1,2041,2,aegypti,0.3433111301239804,73.63187632731359,1.1276075528223242e-4,0,0,0,0,0,0,1,1,1,1.208143651343363e-5,0,0,0
TUR.81.6_1,2041,3,aegypti,6.114587450728697,79.60234362696913,1.3842322958952728e-4,0,0,0,0,0,0,1,1,1,1.3395706688568154e-5,0,0,0
TUR.81.6_1,2041,4,aegypti,11.77609066402211,74.89729273228747,1.8303926148062062e-4,0,0,0,0,0,0,1,1,1,1.83037586322099e-5,0,0,0
TUR.81.6_1,2041,5,aegypti,16.633832061991974,70.38690275236556,2.5584048890859787e-4,0.0012505966267272082,0.0012375190439370151,0.0012632090775797603,0,0,0,1,1,1,2.4758450495654394e-5,0,0,0
TUR.81.6_1,2041,6,aegypti,20.539707211887137,73.02548125403197,2.8776192166070824e-4,0.026478056824869128,0.02632896520336011,0.026627266885883415,0,0,0,1,1,1,2.8775778135425867e-5,0,0,0
TUR.81.6_1,2041,7,aegypti,21.717453171225156,84.53655368360164,3.3792868479313255e-4,0.05110589245639751,0.050874689221863355,0.051320942388698,0,0,0,1,1,1,3.270224121776355e-5,0,0,0
TUR.81.6_1,2041,8,aegypti,23.468739172991583,77.84113134624347,4.0126901190924664e-4,0.07768461561812502,0.07732838917002373,0.07802470972998633,7.536589130552329e-13,6.602191016114033e-13,8.513384441855009e-13,0.9999999999992464,0.9999999999991487,0.9999999999993399,3.8831731052235696e-5,2.926588021688109e-17,2.563745058932269e-17,3.305894549904014e-17
TUR.81.6_1,2041,9,aegypti,19.82701228646671,75.93248862051091,3.1983077965855083e-4,0.019652063897607087,0.019529043522176055,0.019766977457035362,0,0,0,1,1,1,3.1982566512711585e-5,0,0,0
TUR.81.6_1,2041,10,aegypti,18.145405769348145,75.67676019056098,3.151798854238166e-4,0.006622318214308708,0.006571717713107585,0.006671637475188015,0,0,0,1,1,1,3.0500814075296034e-5,0,0,0
TUR.81.6_1,2041,11,aegypti,10.932977416936088,81.16313573007139,1.8281996653808107e-4,0,0,0,0,0,0,1,1,1,1.8281829539112948e-5,0,0,0
TUR.81.6_1,2041,12,aegypti,6.473402342375587,74.84057194791777,1.5037229295276132e-4,0,0,0,0,0,0,1,1,1,1.4552051500360541e-5,0,0,0
TUR.81.6_1,2042,1,aegypti,8.315273565404555,77.2604955352246,1.6017927648667572e-4,0,0,0,0,0,0,1,1,1,1.5501100161907644e-5,0,0,0
TUR.81.6_1,2042,2,aegypti,8.727796374874957,77.51396403483312,1.1981894625253057e-4,0,0,0,0,0,0,1,1,1,1.2837661837905578e-5,0,0,0
TUR.81.6_1,2042,3,aegypti,5.781677389846129,81.26483447169569,1.4708774754812823e-4,0,0,0,0,0,0,1,1,1,1.4234196842655145e-5,0,0,0
TUR.81.6_1,2042,4,aegypti,7.036164325826309,83.56029474644762,1.9449649284945065e-4,0,0,0,0,0,0,1,1,1,1.9449460141762742e-5,0,0,0
TUR.81.6_1,2042,5,aegypti,15.360856140361113,83.1876687435765,2.7185466887867356e-4,1.034557643820163e-4,1.0200774228434657e-4,1.0489560446954548e-4,0,0,0,1,1,1,2.630817027715615e-5,0,0,0
TUR.81.6_1,2042,6,aegypti,19.338315991794364,80.3532705606726,3.0577420432037657e-4,0.016065631449854238,0.015966748716053986,0.01615727626898647,0,0,0,1,1,1,3.0576952947503067e-5,0,0,0
TUR.81.6_1,2042,7,aegypti,23.234398056479062,74.00132876905086,3.5908112551279354e-4,0.06831340077715947,0.06800674396458933,0.06863771929085898,1.9512502724694512e-14,1.709743457922741e-14,2.2315482794965646e-14,0.9999999999999805,0.9999999999999777,0.9999999999999829,3.474918257306836e-5,6.780435196379035e-19,5.941218757246655e-19,7.754447858484271e-19
TUR.81.6_1,2042,8,aegypti,24.512896201189825,81.57889379741535,4.263862019230012e-4,0.10573594548966181,0.10528829503767387,0.106165269957123,4.432317363689542e-9,3.931212208541091e-9,4.9539922802877004e-9,0.9999999955676826,0.9999999950460077,0.9999999960687879,4.126232951795483e-5,1.8288773958871074e-13,1.6221097355382945e-13,2.0441326189863553e-13
TUR.81.6_1,2042,9,aegypti,21.426116214079016,72.28220480703435,3.398503930015018e-4,0.03756915553198206,0.03736871505640044,0.037772101124752225,0,0,0,1,1,1,3.398446181523962e-5,0,0,0
TUR.81.6_1,2042,10,aegypti,13.989418983459473,79.33898400647895,3.349083788677454e-4,0,0,0,0,0,0,1,1,1,3.240996306330679e-5,0,0,0
TUR.81.6_1,2042,11,aegypti,13.15145085138433,69.13595219735654,1.9426347127321316e-4,0,0,0,0,0,0,1,1,1,1.942615843708584e-5,0,0,0
TUR.81.6_1,2042,12,aegypti,7.082218489226173,81.5217090328787,1.5978475527305802e-4,0,0,0,0,0,0,1,1,1,1.5462921280628983e-5,0,0,0
TUR.81.6_1,2043,1,aegypti,6.454632085912367,83.14927422174804,1.5728059145298716e-4,0,0,0,0,0,0,1,1,1,1.5220586564335115e-5,0,0,0
TUR.81.6_1,2043,2,aegypti,4.627739249783405,80.83160624674719,1.1765064212560167e-4,0,0,0,0,0,0,1,1,1,1.2605346493943514e-5,0,0,0
TUR.81.6_1,2043,3,aegypti,9.061256075606627,76.30935198878554,1.4442597342972544e-4,0,0,0,0,0,0,1,1,1,1.3976609432364562e-5,0,0,0
TUR.81.6_1,2043,4,aegypti,12.077045482747696,77.2686153641234,1.9097678614772565e-4,0,0,0,0,0,0,1,1,1,1.9097496255282564e-5,0,0,0
TUR.81.6_1,2043,5,aegypti,16.483496750102326,77.13263792082259,2.6693504957896647e-4,0.0011244080569389075,0.001113194008694036,0.0011353313154240491,0,0,0,1,1,1,2.5832090498556504e-5,0,0,0
TUR.81.6_1,2043,6,aegypti,22.083917645847098,74.45780852453979,3.002407599873e-4,0.04905609927388879,0.04881329255404875,0.049295565858567876,0,0,0,1,1,1,3.0023625280706234e-5,0,0,0
TUR.81.6_1,2043,7,aegypti,22.860050369711484,74.4414990571368,3.525830122285164e-4,0.06215643786502546,0.06182629154745949,0.06244004324215395,1.3188339309522234e-15,1.1102230246251565e-15,1.5543122344752192e-15,0.9999999999999987,0.9999999999999984,0.9999999999999989,3.412035455474527e-5,4.49990813229183e-20,3.788120323505203e-20,5.303368452907284e-20
TUR.81.6_1,2043,8,aegypti,21.596573493059942,78.2829343247591,4.1867010200549205e-4,0.04416882872136728,0.04396093654659892,0.044380341120725766,0,0,0,1,1,1,4.0515640703620015e-5,0,0,0
TUR.81.6_1,2043,9,aegypti,20.52502368478214,77.08248251699528,3.3370028875896843e-4,0.028075500081589978,0.027919751416084156,0.028215214459189075,0,0,0,1,1,1,3.3369472102640074e-5,0,0,0
TUR.81.6_1,2043,10,aegypti,14.800652503967285,82.84609460218208,3.288477078073316e-4,2.4424151174563367e-6,2.4025830655210137e-6,2.482379542990519e-6,0,0,0,1,1,1,3.182346534602587e-5,0,0,0
TUR.81.6_1,2043,11,aegypti,9.453192451420952,81.18029423837217,1.9074798144754342e-4,0,0,0,0,0,0,1,1,1,1.9074616221970153e-5,0,0,0
TUR.81.6_1,2043,12,aegypti,5.080451330717872,83.67531926237089,1.5689320969437554e-4,0,0,0,0,0,0,1,1,1,1.5183098576954102e-5,0,0,0
TUR.81.6_1,2044,1,aegypti,7.273096365087172,85.66535698541992,1.6041656004543036e-4,0,0,0,0,0,0,1,1,1,1.5524062730642996e-5,0,0,0
TUR.81.6_1,2044,2,aegypti,7.409116565304645,77.39528880289953,1.242820287329843e-4,0,0,0,0,0,0,1,1,1,1.2856678945238897e-5,0,0,0
TUR.81.6_1,2044,3,aegypti,8.516031885848326,80.8224058828285,1.473056378080479e-4,0,0,0,0,0,0,1,1,1,1.4255282696495897e-5,0,0,0
TUR.81.6_1,2044,4,aegypti,11.653207821004532,77.18159449009997,1.9478461264247805e-4,0,0,0,0,0,0,1,1,1,1.947827156023596e-5,0,0,0
TUR.81.6_1,2044,5,aegypti,15.447305763469023,77.78633207365462,2.72257384165635e-4,1.254726837559274e-4,1.2369591469282387e-4,1.271454132284342e-4,0,0,0,1,1,1,2.6347141698135346e-5,0,0,0
TUR.81.6_1,2044,6,aegypti,20.698818234836356,81.80546477453979,3.0622716673204376e-4,0.03267294255290354,0.03250675378801754,0.03283838531517899,0,0,0,1,1,1,3.062224780259193e-5,0,0,0
TUR.81.6_1,2044,7,aegypti,23.662820984335507,75.69158298047664,3.5961305479361035e-4,0.07843215190796178,0.07806992244910106,0.0787999026357134,9.889467023072029e-13,8.654965633070333e-13,1.1267847765950022e-12,0.999999999999011,0.9999999999988732,0.9999999999991345,3.480065781014119e-5,3.4415995779460537e-17,3.011984973550126e-17,3.921285143595906e-17
TUR.81.6_1,2044,8,aegypti,22.448214194353888,76.00272955180988,4.270178344138908e-4,0.05655159681476557,0.05628848802329363,0.056811072331541805,1.1102230246251565e-16,1.1102230246251565e-16,1.1102230246251565e-16,0.9999999999999999,0.9999999999999999,0.9999999999999999,4.13234527187889e-5,4.587824866540846e-21,4.587824866540846e-21,4.587824866540846e-21
TUR.81.6_1,2044,9,aegypti,18.607741580289954,79.86077994131169,3.403538345980948e-4,0.009987032074343406,0.009922856362470131,0.010047679735535997,0,0,0,1,1,1,3.403480426267258e-5,0,0,0
TUR.81.6_1,2044,10,aegypti,13.31649112701416,86.27853631360786,3.354044995503801e-4,0,0,0,0,0,0,1,1,1,3.245797318507382e-5,0,0,0
TUR.81.6_1,2044,11,aegypti,10.031990745488335,83.05173131112608,1.9455124587683723e-4,0,0,0,0,0,0,1,1,1,1.9454935337948065e-5,0,0,0
TUR.81.6_1,2044,12,aegypti,6.682999929961036,79.96200139127714,1.600214544029176e-4,0,0,0,0,0,0,1,1,1,1.548582729360426e-5,0,0,0
TUR.81.6_1,2045,1,aegypti,7.079225820653578,85.00897728571289,1.5285426327693168e-4,0,0,0,0,0,0,1,1,1,1.4792238652860945e-5,0,0,0
TUR.81.6_1,2045,2,aegypti,4.5363810649689515,78.6452582853214,1.143396146977373e-4,0,0,0,0,0,0,1,1,1,1.2250597964169607e-5,0,0,0
TUR.81.6_1,2045,3,aegypti,6.994425917372984,81.48786456202772,1.4036141117420187e-4,0,0,0,0,0,0,1,1,1,1.3583270118244783e-5,0,0,0
TUR.81.6_1,2045,4,aegypti,12.00589088832631,81.19159662633044,1.8560215014407812e-4,0,0,0,0,0,0,1,1,1,1.856004277467349e-5,0,0,0
TUR.81.6_1,2045,5,aegypti,16.475376213298127,77.1963128475804,2.5942272958949514e-4,0.0011117983606598152,0.0011002835669324906,0.0011233504452985922,0,0,0,1,1,1,2.5105110305623235e-5,0,0,0
TUR.81.6_1,2045,6,aegypti,19.685043363010184,77.07488921301635,2.9179112152107295e-4,0.018555272847184476,0.018444519537550733,0.01865995015444605,0,0,0,1,1,1,2.91786864459187e-5,0,0,0
TUR.81.6_1,2045,7,aegypti,24.725181747885312,64.64741641553523,3.426603122500381e-4,0.07985990855316233,0.07943892006297365,0.08026794388783492,1.6500456556656219e-12,1.4166778861124386e-12,1.9011708873861724e-12,0.99999999999835,0.9999999999980989,0.9999999999985834,3.316012556986436e-5,5.4715721137881195e-17,4.6977216595538465e-17,6.304306535549593e-17
TUR.81.6_1,2045,8,aegypti,23.579121253069708,67.47057165386066,4.06887521256914e-4,0.06617485353817151,0.06584129388358337,0.0665122042851969,7.887135389239574e-15,6.772360450213455e-15,9.103828801926284e-15,0.9999999999999921,0.9999999999999909,0.9999999999999932,3.93754365016763e-5,3.1055939869912683e-19,2.666646488738438e-19,3.584672329123802e-19
TUR.81.6_1,2045,9,aegypti,19.943700061124915,67.3964015843781,3.243090029248661e-4,0.01821506532076174,0.018098712316872934,0.018334738382506613,0,0,0,1,1,1,3.243037441647001e-5,0,0,0
TUR.81.6_1,2045,10,aegypti,15.32263469696045,73.6398262916352,3.195929875570332e-4,7.572211480802095e-5,7.463826046849188e-5,7.686789389438564e-5,0,0,0,1,1,1,3.0927875357966705e-5,0,0,0
TUR.81.6_1,2045,11,aegypti,10.881262519780327,76.8244669068292,1.85379784666192e-4,0,0,0,0,0,0,1,1,1,1.8537806639407073e-5,0,0,0
TUR.81.6_1,2045,12,aegypti,7.697236380156348,82.5949741085623,1.5247778355510154e-4,0,0,0,0,0,0,1,1,1,1.4755805669564026e-5,0,0,0
TUR.81.6_1,2046,1,aegypti,5.37844352161183,84.20978294977539,1.5858072116577373e-4,0,0,0,0,0,0,1,1,1,1.5346403645866147e-5,0,0,0
TUR.81.6_1,2046,2,aegypti,5.426275550442584,78.48649058512609,1.1862317849606438e-4,0,0,0,0,0,0,1,1,1,1.2709545500477759e-5,0,0,0
TUR.81.6_1,2046,3,aegypti,8.076223994002623,75.63912493800429,1.4561984291876684e-4,0,0,0,0,0,0,1,1,1,1.4092143567956406e-5,0,0,0
TUR.81.6_1,2046,4,aegypti,12.276696247213028,77.6509395828734,1.9255545896316558e-4,0,0,0,0,0,0,1,1,1,1.9255360509506936e-5,0,0,0
TUR.81.6_1,2046,5,aegypti,16.256084526286408,80.87771696134993,2.691416167474624e-4,8.331223311102559e-4,8.245102375244498e-4,8.4162931568468e-4,0,0,0,1,1,1,2.6045623717885213e-5,0,0,0
TUR.81.6_1,2046,6,aegypti,20.631795911227957,73.0154791178015,3.027226423953134e-4,0.027576879417608186,0.027424711015631164,0.027727163097541346,0,0,0,1,1,1,3.0271806039205984e-5,0,0,0
TUR.81.6_1,2046,7,aegypti,23.645023514242734,74.01206332715633,3.554975717821604e-4,0.07576494957327425,0.07541048058217555,0.07610710237553034,3.705448170521208e-13,3.237049517323953e-13,4.2022496593574485e-13,0.9999999999996294,0.9999999999995798,0.9999999999996763,3.440239904151099e-5,1.2747630658990747e-17,1.113622692121092e-17,1.445674696532686e-17
TUR.81.6_1,2046,8,aegypti,24.714813849505255,72.38769354106769,4.2213095775663176e-4,0.09259158430649014,0.09216197724844566,0.09302650615168223,1.0756847212967102e-10,9.416153690100515e-11,1.224534584842729e-10,0.9999999998924315,0.9999999998775465,0.9999999999058384,4.085054860236692e-5,4.3942310988154774e-15,3.846550439648077e-15,5.00229095733971e-15
TUR.81.6_1,2046,9,aegypti,19.026511416715735,86.4308254125031,3.364587579163703e-4,0.01458243659667135,0.014504283853768481,0.014662339600608976,0,0,0,1,1,1,3.36453097754541e-5,0,0,0
TUR.81.6_1,2046,10,aegypti,14.065582275390625,84.50416039808051,3.3156606403903394e-4,0,0,0,0,0,0,1,1,1,3.208652367192588e-5,0,0,0
TUR.81.6_1,2046,11,aegypti,11.021394470158745,77.30939885262998,1.923247628930032e-4,0,0,0,0,0,0,1,1,1,1.923229134637161e-5,0,0,0
TUR.81.6_1,2046,12,aegypti,6.212461790617774,84.94362980924589,1.5819013719047467e-4,0,0,0,0,0,0,1,1,1,1.5308605776032103e-5,0,0,0
TUR.81.6_1,2047,1,aegypti,3.4866519395042865,81.20889794000976,1.5888469489854797e-4,0,0,0,0,0,0,1,1,1,1.537582000687987e-5,0,0,0
TUR.81.6_1,2047,2,aegypti,5.3531535259064515,82.05147013834875,1.1885056004721335e-4,0,0,0,0,0,0,1,1,1,1.2733907499562491e-5,0,0,0
TUR.81.6_1,2047,3,aegypti,7.845471049056334,77.42257220362929,1.4589897273286162e-4,0,0,0,0,0,0,1,1,1,1.411915574955902e-5,0,0,0
TUR.81.6_1,2047,4,aegypti,11.601077121846817,79.71311151890856,1.929245568030342e-4,0,0,0,0,0,0,1,1,1,1.9292269582082966e-5,0,0,0
TUR.81.6_1,2047,5,aegypti,16.369857872233673,80.82801145597884,2.6965751793195814e-4,0.0010023118137429225,9.920483672414982e-4,0.0010121357469292866,0,0,0,1,1,1,2.609554833743477e-5,0,0,0
TUR.81.6_1,2047,6,aegypti,21.291812924777762,68.21566680090697,3.033029130040464e-4,0.03337558682233143,0.0331950595836557,0.03356618958774497,0,0,0,1,1,1,3.032983134176881e-5,0,0,0
TUR.81.6_1,2047,7,aegypti,23.49782388350543,69.38148623975398,3.5617900344101785e-4,0.06719999002396734,0.06684793253434362,0.06750857247321482,1.2221557099678648e-14,1.0544343176377425e-14,1.3877787807814457e-14,0.9999999999999878,0.9999999999999861,0.9999999999999895,3.446834176989988e-5,4.2125680707207e-19,3.634460243424888e-19,4.783443331698983e-19
TUR.81.6_1,2047,8,aegypti,23.380322119768927,75.24842657329425,4.2294011489758533e-4,0.07252809270414107,0.07220216597581658,0.07285259528958954,1.0717171594620822e-13,9.414413693065171e-14,1.2146395000911525e-13,0.9999999999998929,0.9999999999998785,0.9999999999999059,4.0928850930210814e-5,4.386415185897254e-18,3.853211346387999e-18,4.971379903317656e-18
TUR.81.6_1,2047,9,aegypti,18.644240603727454,84.4143459203156,3.371036952316794e-4,0.010982069096518169,0.010916130809174878,0.011052281527074556,0,0,0,1,1,1,3.370980133499124e-5,0,0,0
TUR.81.6_1,2047,10,aegypti,15.635662078857422,80.18506097181098,3.3220162284723143e-4,2.2554994395366813e-4,2.2269277520311644e-4,2.285466141575932e-4,0,0,0,1,1,1,3.214802738760181e-5,0,0,0
TUR.81.6_1,2047,11,aegypti,11.642986991826225,81.03693028573545,1.9269341852561566e-4,0,0,0,0,0,0,1,1,1,1.9269156199985815e-5,0,0,0
TUR.81.6_1,2047,12,aegypti,8.140923819121191,78.8862109860037,1.584933622365986e-4,0,0,0,0,0,0,1,1,1,1.5337949685667596e-5,0,0,0
TUR.81.6_1,2048,1,aegypti,4.5863655034233535,75.57000481256836,1.6116826621853083e-4,0,0,0,0,0,0,1,1,1,1.559680735740976e-5,0,0,0
TUR.81.6_1,2048,2,aegypti,1.9695666423615292,86.3172782438175,1.2486440980497324e-4,0,0,0,0,0,0,1,1,1,1.2916924486683357e-5,0,0,0
TUR.81.6_1,2048,3,aegypti,5.224104548201842,77.77592761134413,1.4799590667580978e-4,0,0,0,0,0,0,1,1,1,1.4322081955064903e-5,0,0,0
TUR.81.6_1,2048,4,aegypti,10.861347240560196,81.578696846057,1.956973662615986e-4,0,0,0,0,0,0,1,1,1,1.95695451401523e-5,0,0,0
TUR.81.6_1,2048,5,aegypti,17.006603325114533,77.4365472225804,2.7353317237784655e-4,0.002262637340428949,0.0022413627922193073,0.002282218873648081,0,0,0,1,1,1,2.6470601813044503e-5,0,0,0
TUR.81.6_1,2048,6,aegypti,22.52183344784905,60.020457297733145,3.076621361113794e-4,0.043718536438441966,0.04346513736523124,0.04396564768044786,0,0,0,1,1,1,3.076574033600288e-5,0,0,0
TUR.81.6_1,2048,7,aegypti,24.570675064535703,73.1775601533282,3.612981885051132e-4,0.09139914696185213,0.0909564098140733,0.0918338284004728,7.468233631513499e-11,6.49929304818997e-11,8.516669869340632e-11,0.9999999999253176,0.9999999999148332,0.9999999999350071,3.496372957767502e-5,2.6111730111513583e-15,2.272395245829772e-15,2.9777454221395868e-15
TUR.81.6_1,2048,8,aegypti,25.303368231829474,60.22379125835285,4.2901882447415646e-4,0.08052028992976418,0.08005908385186698,0.08103004193844997,2.085382977412564e-12,1.7659179674112125e-12,2.4847429669350164e-12,0.9999999999979147,0.9999999999975152,0.9999999999982341,4.151708889732486e-5,8.657903045820543e-17,7.331577323839454e-17,1.031592946452438e-16
TUR.81.6_1,2048,9,aegypti,17.791798816007727,74.2375881078156,3.419487203033696e-4,0.0048047224806947175,0.004765115767756629,0.004841703942602465,0,0,0,1,1,1,3.419428739237507e-5,0,0,0
TUR.81.6_1,2048,10,aegypti,15.810869216918945,79.40415429456489,3.369761928514102e-4,3.4129866525625457e-4,3.3744293324330054e-4,3.453872084002776e-4,0,0,0,1,1,1,3.261006758836782e-5,0,0,0
TUR.81.6_1,2048,11,aegypti,12.449845054570366,83.61786290292295,1.954629059477712e-4,0,0,0,0,0,0,1,1,1,1.9546099567335773e-5,0,0,0
TUR.81.6_1,2048,12,aegypti,5.603533110197852,85.61556584440214,1.607713091253298e-4,0,0,0,0,0,0,1,1,1,1.5558392753245442e-5,0,0,0
TUR.81.6_1,2049,1,aegypti,5.449222368352553,79.1563695586621,1.7786289353722637e-4,0,0,0,0,0,0,1,1,1,1.721238994933927e-5,0,0,0
TUR.81.6_1,2049,2,aegypti,6.42575913580025,80.15168223551672,1.3304682695847517e-4,0,0,0,0,0,0,1,1,1,1.4254915571831894e-5,0,0,0
TUR.81.6_1,2049,3,aegypti,9.91571583817987,73.39177996730116,1.633260741127106e-4,0,0,0,0,0,0,1,1,1,1.580562419745135e-5,0,0,0
TUR.81.6_1,2049,4,aegypti,14.479376834981583,68.99028742222887,2.1596869307824213e-4,0,0,0,0,0,0,1,1,1,2.1596636097132027e-5,0,0,0
TUR.81.6_1,2049,5,aegypti,17.87787255118875,70.81574338957259,3.018671271897498e-4,0.004910052098678231,0.004869964805631148,0.004951709261583911,0,0,0,1,1,1,2.921252109855388e-5,0,0,0
TUR.81.6_1,2049,6,aegypti,19.46683886471917,74.28668120520385,3.395313422706667e-4,0.015743178015140327,0.01565226682834529,0.01583648878317904,0,0,0,1,1,1,3.395255782590034e-5,0,0,0
TUR.81.6_1,2049,7,aegypti,23.828766037436093,69.30681735547664,3.987232892990506e-4,0.07257915403147147,0.07221168922104286,0.07294736420227109,1.0939882333360628e-13,9.447442828047769e-14,1.2601031329495527e-13,0.9999999999998906,0.999999999999874,0.9999999999999055,3.8585380335964814e-5,4.2211952066342206e-18,3.645331747225062e-18,4.8621558647399325e-18
TUR.81.6_1,2049,8,aegypti,25.39358200746424,78.81751837016925,0.00047345877258149287,0.11843438221761232,0.11793295063401887,0.11893662193230525,1.0284965757900721e-7,9.134584362802123e-8,1.1536585363403074e-7,0.9999998971503424,0.9999998846341464,0.9999999086541564,4.581754123933468e-5,4.712318427577614e-12,4.1852419574686795e-12,5.285779756488252e-12
TUR.81.6_1,2049,9,aegypti,23.552605853361243,65.14163702749333,3.773695049374183e-4,0.06300092731335491,0.06268676810821017,0.06332966342947495,1.9400037132299986e-15,1.6653345369377348e-15,2.220446049250313e-15,0.9999999999999981,0.9999999999999978,0.9999999999999983,3.773623846403673e-5,7.320844274356396e-20,6.284346120827855e-20,8.379128161103806e-20
TUR.81.6_1,2049,10,aegypti,17.289868354797363,67.22170876844184,3.718818978448435e-4,0.0026354609670305187,0.002612048900836971,0.002657227695023417,0,0,0,1,1,1,3.5987923178382175e-5,0,0,0
TUR.81.6_1,2049,11,aegypti,9.892936447087456,74.49113103036436,2.1570994617467715e-4,0,0,0,0,0,0,1,1,1,2.1570761965183927e-5,0,0,0
TUR.81.6_1,2049,12,aegypti,6.808733305510352,86.71380192838652,1.7742481761283112e-4,0,0,0,0,0,0,1,1,1,1.7169996233912244e-5,0,0,0
TUR.81.6_1,2050,1,aegypti,3.7505610409904926,80.46993767389648,1.5873824964236243e-4,0,0,0,0,0,0,1,1,1,1.5361648103118242e-05,0,0,0
TUR.81.6_1,2050,2,aegypti,5.596307097988971,77.55399546793859,1.1874101456377313e-4,0,0,0,0,0,0,1,1,1,1.272217063286174e-5,0,0,0
TUR.81.6_1,2050,3,aegypti,7.859785700545592,79.20628649806288,1.4576449651756152e-4,0,0,0,0,0,0,1,1,1,1.4106142105951847e-5,0,0,0
TUR.81.6_1,2050,4,aegypti,14.445910495870255,72.96950495152575,1.9274673674199216e-4,0,0,0,0,0,0,1,1,1,1.927448791883002e-5,0,0,0
TUR.81.6_1,2050,5,aegypti,14.014512146220488,80.93756956144759,2.6940897250521883e-4,0,0,0,0,0,0,1,1,1,2.6071496181501175e-5,0,0,0
TUR.81.6_1,2050,6,aegypti,21.0539989751928,73.0640631021765,3.03023356355591e-4,0.0329504536828346,0.03277092559729434,0.03312223364826849,0,0,0,1,1,1,3.0301876524418958e-5,0,0,0
TUR.81.6_1,2050,7,aegypti,22.306097198935117,79.43546420606258,3.558507104897041e-4,0.057321311400159024,0.05705290523005757,0.057573715256145984,1.1102230246251565e-16,1.1102230246251565e-16,1.1102230246251565e-16,0.9999999999999999,0.9999999999999999,0.9999999999999999,3.443657257884425e-5,3.823227576620819e-21,3.823227576620819e-21,3.823227576620819e-21
TUR.81.6_1,2050,8,aegypti,25.926422736224005,66.48573889018878,4.225502877117959e-4,0.10018923700979389,0.09964153381576542,0.10073422422917673,9.846318191897296e-10,8.42220718166864e-10,1.1429677954089002e-9,0.9999999990153682,0.9999999988570322,0.9999999991577793,4.08911272620216e-5,4.0262705024723073e-14,3.443935456927246e-14,4.67372415784576e-14
TUR.81.6_1,2050,9,aegypti,22.558587298673743,61.19909018301091,3.3679298413996086e-4,0.045128690639178175,0.0448677319528689,0.04536523112999044,0,0,0,1,1,1,3.367873127280152e-5,0,0,0
TUR.81.6_1,2050,10,aegypti,12.732460021972656,80.42353295667426,3.318954300336682e-4,0,0,0,0,0,0,1,1,1,3.211839677719208e-5,0,0,0
TUR.81.6_1,2050,11,aegypti,9.666805007878471,76.54023381356748,1.925158115065175e-4,0,0,0,0,0,0,1,1,1,1.9251395840136354e-5,0,0,0
TUR.81.6_1,2050,12,aegypti,8.184695562895605,73.09474522672636,1.583472776747642e-4,0,0,0,0,0,0,1,1,1,1.532381268676275e-5,0,0,0
TUR.81.6_1,2051,1,aegypti,4.700472635381361,78.36135613092773,1.6109741427080626e-4,0,0,0,0,0,0,1,1,1,1.558995082429071e-5,0,0,0
TUR.81.6_1,2051,2,aegypti,3.7056201091584042,82.75485453776281,1.2050574110029172e-4,0,0,0,0,0,0,1,1,1,1.2911246052738079e-5,0,0,0
TUR.81.6_1,2051,3,aegypti,7.634755755172057,79.3870039663246,1.4793084549168667e-4,0,0,0,0,0,0,1,1,1,1.4315785801577441e-5,0,0,0
TUR.81.6_1,2051,4,aegypti,13.666109127156876,67.66369593052966,1.9561133481204882e-4,0,0,0,0,0,0,1,1,1,1.9560942163487915e-5,0,0,0
TUR.81.6_1,2051,5,aegypti,15.544022644267363,86.28962034269759,2.734129231595298e-4,1.9501062843369307e-4,1.9256925056947903e-4,1.974133510037741e-4,0,0,0,1,1,1,2.645896509989587e-5,0,0,0
TUR.81.6_1,2051,6,aegypti,20.90343859616448,79.80445769446166,3.0752688329706274e-4,0.03454668157178719,0.034374192606797895,0.03472237169142715,0,0,0,1,1,1,3.075221547066409e-5,0,0,0
TUR.81.6_1,2051,7,aegypti,23.71250550887164,77.61545688184383,3.6113935649081176e-4,0.08217349885851725,0.08181255896955363,0.08255934570421672,3.7023415444537025e-12,3.2617936129852865e-12,4.218345117656952e-12,0.9999999999962976,0.9999999999957817,0.9999999999967383,3.4948359274866725e-5,1.2939076245383293e-16,1.139943350670754e-16,1.474242407172551e-16
TUR.81.6_1,2051,8,aegypti,22.495220801409552,80.6132337022005,4.2883022146912516e-4,0.06203889216580012,0.061771607195582647,0.062310227792826585,1.2496670365180762e-15,1.1102230246251565e-15,1.4432899320127035e-15,0.9999999999999988,0.9999999999999986,0.9999999999999989,4.149883775128593e-5,5.1859729591593956e-20,4.60729651666613e-20,5.989485471665969e-20
TUR.81.6_1,2051,9,aegypti,19.392466769498938,86.45203512929997,3.4179839460077397e-4,0.01819899588500203,0.018091461805052552,0.018297643399774348,0,0,0,1,1,1,3.417925533599764e-5,0,0,0
TUR.81.6_1,2051,10,aegypti,15.598172187805176,83.73007439954536,3.368280531452477e-4,2.1696876021161087e-4,2.1442375845101672e-4,2.1969018888602927e-4,0,0,0,1,1,1,3.259573195524279e-5,0,0,0
TUR.81.6_1,2051,11,aegypti,9.815207221928764,81.37139531259092,1.9537697757043468e-4,0,0,0,0,0,0,1,1,1,1.9537506897426837e-5,0,0,0
TUR.81.6_1,2051,12,aegypti,8.828383764799902,77.6053500851248,1.6070063168580016e-4,0,0,0,0,0,0,1,1,1,1.5551553107506777e-5,0,0,0
TUR.81.6_1,2052,1,aegypti,6.0892455998589,75.6874974883496,1.5991122447288434e-4,0,0,0,0,0,0,1,1,1,1.5475160046185543e-5,0,0,0
TUR.81.6_1,2052,2,aegypti,6.627332984524616,75.22426829508703,1.2389052220691753e-4,0,0,0,0,0,0,1,1,1,1.2816178790009403e-5,0,0,0
TUR.81.6_1,2052,3,aegypti,8.410288477645201,81.44427020167616,1.4684160355372958e-4,0,0,0,0,0,0,1,1,1,1.421037679494308e-5,0,0,0
TUR.81.6_1,2052,4,aegypti,12.6412430230309,78.636069892932,1.941710126891754e-4,0,0,0,0,0,0,1,1,1,1.941691275819668e-5,0,0,0
TUR.81.6_1,2052,5,aegypti,17.014320457682892,69.64936918302962,2.713997336770054e-4,0.002013375751118124,0.001993932679813427,0.0020336297803507336,0,0,0,1,1,1,2.6264145447152387e-5,0,0,0
TUR.81.6_1,2052,6,aegypti,21.58348467770745,78.39149382727416,3.0526250647137075e-4,0.04403388093657518,0.043806050968666736,0.0442519266472366,0,0,0,1,1,1,3.052578472584333e-5,0,0,0
TUR.81.6_1,2052,7,aegypti,23.917879272909726,75.75321322950008,3.5848022119533527e-4,0.08338283760116455,0.0830074557203341,0.08375806203710495,5.597545760238631e-12,4.9164394777534424e-12,6.342171232631699e-12,0.9999999999944025,0.9999999999936579,0.9999999999950835,3.469103256148465e-5,1.941846422328387e-16,1.7055636200931325e-16,2.200164687417375e-16
TUR.81.6_1,2052,8,aegypti,22.955460211809942,78.97682012798175,4.2567266592393057e-4,0.06908925701469788,0.06878325455682748,0.06938529784995368,2.6906032957185745e-14,2.3647750424515834e-14,3.0309088572266774e-14,0.9999999999999731,0.9999999999999697,0.9999999999999764,4.119328049390081e-5,1.1083477625834917e-18,9.741284162868427e-19,1.2485307870718688e-18
TUR.81.6_1,2052,9,aegypti,19.798672900480383,76.77706259512028,3.3928167035379134e-4,0.019624331560093546,0.01950779374629353,0.01973352967121588,0,0,0,1,1,1,3.392759148157509e-5,0,0,0
TUR.81.6_1,2052,10,aegypti,15.683791160583496,86.01388024671333,3.3434792643369677e-4,2.820938908859817e-4,2.7849810058412926e-4,2.855811620631704e-4,0,0,0,1,1,1,3.2355727487387576e-5,0,0,0
TUR.81.6_1,2052,11,aegypti,7.951218822423149,83.84708043221983,1.9393838106289982e-4,0,0,0,0,0,0,1,1,1,1.9393650046994892e-5,0,0,0
TUR.81.6_1,2052,12,aegypti,4.217415175017188,82.97836644254667,1.595173634708003e-4,0,0,0,0,0,0,1,1,1,1.543704505446719e-5,0,0,0
TUR.81.6_1,2053,1,aegypti,0.2494449738193958,84.14673363336914,1.601511749252244e-4,0,0,0,0,0,0,1,1,1,1.5498380698031333e-5,0,0,0
TUR.81.6_1,2053,2,aegypti,3.0788078895386533,86.02639231852453,1.1979792543413883e-4,0,0,0,0,0,0,1,1,1,1.2835409636258177e-5,0,0,0
TUR.81.6_1,2053,3,aegypti,7.283445025191588,75.2205992422035,1.470619427407454e-4,0,0,0,0,0,0,1,1,1,1.4231699638767026e-5,0,0,0
TUR.81.6_1,2053,4,aegypti,12.62710384761586,73.1293331375609,1.944623707378657e-4,0,0,0,0,0,0,1,1,1,1.9446047996973803e-5,0,0,0
TUR.81.6_1,2053,5,aegypti,15.42554100822,70.43920988127181,2.7180697518913466e-4,1.0220112702530459e-4,1.0080695851862964e-4,1.035853914902102e-4,0,0,0,1,1,1,2.630355488020264e-5,0,0,0
TUR.81.6_1,2053,6,aegypti,21.441982297336356,64.78244307654174,3.057205598491228e-4,0.03332263346017923,0.03312778189532303,0.033502654190078474,0,0,0,1,1,1,3.057158866437426e-5,0,0,0
TUR.81.6_1,2053,7,aegypti,23.80196969649371,70.73869067700984,3.5901812897206785e-4,0.07407332599793402,0.0737097425859902,0.07443503864516664,1.9518420213415767e-13,1.6930623569777482e-13,2.2359891715950653e-13,0.9999999999998048,0.9999999999997764,0.9999999999998307,3.474308634554557e-5,6.78130158803346e-18,5.8822211656870805e-18,7.768516485643226e-18
TUR.81.6_1,2053,8,aegypti,24.79795326906092,70.89037908794269,4.263113975018666e-4,0.09139217972885579,0.09091475342746286,0.09179973316891148,7.452971440002898e-11,6.415979691976048e-11,8.428100162216622e-11,0.9999999999254703,0.999999999915719,0.9999999999358402,4.1255090679093165e-5,3.074730125860111e-15,2.646918239876921e-15,3.4770203644472655e-15
TUR.81.6_1,2053,9,aegypti,20.928029284757727,78.82449454092107,3.397907702655733e-4,0.03435393290637781,0.034172396624326216,0.034536691350162775,0,0,0,1,1,1,3.397849974429157e-5,0,0,0
TUR.81.6_1,2053,10,aegypti,16.026840209960938,77.72510766370551,3.34849623149804e-4,5.21916990735828e-4,5.159812536992044e-4,5.277121782552259e-4,0,0,0,1,1,1,3.240427721040717e-5,0,0,0
TUR.81.6_1,2053,11,aegypti,11.912364700261284,79.56065770272764,1.9422939004251047e-4,0,0,0,0,0,0,1,1,1,1.9422750380138076e-5,0,0,0
TUR.81.6_1,2053,12,aegypti,7.411839327391456,78.61501652799589,1.5975672292569212e-4,0,0,0,0,0,0,1,1,1,1.5460208514839202e-5,0,0,0
TUR.81.6_1,2054,1,aegypti,5.619394582860609,83.12175499567383,1.5271095744091124e-4,0,0,0,0,0,0,1,1,1,1.4778370551193909e-5,0,0,0
TUR.81.6_1,2054,2,aegypti,8.344846545773395,74.27028880289953,1.1423241759558759e-4,0,0,0,0,0,0,1,1,1,1.2239112700984656e-5,0,0,0
TUR.81.6_1,2054,3,aegypti,6.824530745253844,80.09105975245741,1.4022981779275402e-4,0,0,0,0,0,0,1,1,1,1.3570535447815502e-5,0,0,0
TUR.81.6_1,2054,4,aegypti,10.28181461726918,82.57579767613512,1.8542814210057722e-4,0,0,0,0,0,0,1,1,1,1.8542642293173373e-5,0,0,0
TUR.81.6_1,2054,5,aegypti,13.342023933635039,85.54986661955306,2.5917951235531714e-4,0,0,0,0,0,0,1,1,1,2.5081573744478725e-5,0,0,0
TUR.81.6_1,2054,6,aegypti,19.431661633884207,78.22489073889525,2.9151755786824133e-4,0.016411943759488276,0.016315715593192934,0.016498117502309322,0,0,0,1,1,1,2.9151330878551818e-5,0,0,0
TUR.81.6_1,2054,7,aegypti,21.96057145735797,77.5985806611407,3.423390570788359e-4,0.0496280089508402,0.04940304194306484,0.04985670415195266,0,0,0,1,1,1,3.312903739027817e-5,0,0,0
TUR.81.6_1,2054,8,aegypti,24.695519110735724,70.01806082012043,4.065060509913816e-4,0.08813125693531544,0.08766202128188776,0.08856904248591317,2.6777484340989587e-11,2.2969884327928015e-11,3.071023157996677e-11,0.9999999999732225,0.9999999999692897,0.9999999999770302,3.9338521477305655e-5,1.0533866428562348e-15,9.036012879654229e-16,1.208095104581553e-15
TUR.81.6_1,2054,9,aegypti,18.184729800504797,82.72913473867497,3.2400495270214577e-4,0.007615557583327804,0.007560361398669576,0.0076693378635799385,0,0,0,1,1,1,3.239997037984832e-5,0,0,0
TUR.81.6_1,2054,10,aegypti,13.544346809387207,84.83133935315864,3.1929335875188075e-4,0,0,0,0,0,0,1,1,1,3.089887991836182e-5,0,0,0
TUR.81.6_1,2054,11,aegypti,10.186489799443413,80.48102971200498,1.8520598509754832e-4,0,0,0,0,0,0,1,1,1,1.8520427004564688e-5,0,0,0
TUR.81.6_1,2054,12,aegypti,5.797120890196632,85.32294804655058,1.5233483068104712e-4,0,0,0,0,0,0,1,1,1,1.4741971724574476e-5,0,0,0
TUR.81.6_1,2055,1,aegypti,6.9760773602653945,78.9660848296582,1.6447369267674045e-4,0,0,0,0,0,0,1,1,1,1.5916682296945872e-5,0,0,0
TUR.81.6_1,2055,2,aegypti,5.371436893063434,82.90913615397375,1.2303129952287494e-4,0,0,0,0,0,0,1,1,1,1.3181838067644058e-5,0,0,0
TUR.81.6_1,2055,3,aegypti,4.946180487380309,81.199969359391,1.5103117904741696e-4,0,0,0,0,0,0,1,1,1,1.4615813740959105e-5,0,0,0
TUR.81.6_1,2055,4,aegypti,13.103309673421524,71.40029108433825,1.997109557070911e-4,0,0,0,0,0,0,1,1,1,1.9970896149690276e-5,0,0,0
TUR.81.6_1,2055,5,aegypti,16.64005574058084,80.219529095139,2.791431091624851e-4,0.0014808016491598857,0.0014659205198367966,0.001496054162881276,0,0,0,1,1,1,2.7013484403037857e-5,0,0,0
TUR.81.6_1,2055,6,aegypti,19.216312436496512,79.36599639075072,3.1397202942197027e-4,0.014717107287375686,0.014631083267100223,0.014807197556867538,0,0,0,1,1,1,3.139671005514266e-5,0,0,0
TUR.81.6_1,2055,7,aegypti,21.763454605551328,83.77598697217586,3.687081124287763e-4,0.05131062513915732,0.05108325669817475,0.05153240943496806,0,0,0,1,1,1,3.568079366034205e-5,0,0,0
TUR.81.6_1,2055,8,aegypti,23.209225318011114,71.93485464336261,4.3781764205009317e-4,0.06540508301031141,0.06510204218967011,0.0657229316700002,5.648814749292797e-15,4.884981308350689e-15,6.439293542825908e-15,0.9999999999999943,0.9999999999999936,0.9999999999999951,4.236855165817843e-5,2.393320995128921e-19,2.0696958291209222e-19,2.728235411113943e-19
TUR.81.6_1,2055,9,aegypti,22.13219378976261,65.71437567495427,3.489618028037986e-4,0.042905690941501554,0.04267325121371099,0.043142607877648856,0,0,0,1,1,1,3.489557141578281e-5,0,0,0
TUR.81.6_1,2055,10,aegypti,17.449593544006348,73.94388818128364,3.4388729296914365e-4,0.0034634211534075466,0.003436452435410862,0.003492126354823329,0,0,0,1,1,1,3.327886169501859e-5,0,0,0
TUR.81.6_1,2055,11,aegypti,11.332662322941948,77.08985539559873,1.994716868081563e-4,0,0,0,0,0,0,1,1,1,1.9946969737394404e-5,0,0,0
TUR.81.6_1,2055,12,aegypti,7.280689081724952,84.56261784635527,1.6406859432527916e-4,0,0,0,0,0,0,1,1,1,1.587747985387633e-5,0,0,0
TUR.81.6_1,2056,1,aegypti,7.505553049199721,80.32085167536133,1.618610419345165e-4,0,0,0,0,0,0,1,1,1,1.5663849120772788e-5,0,0,0
TUR.81.6_1,2056,2,aegypti,6.256914912777789,81.51926646403234,1.2540113476289065e-4,0,0,0,0,0,0,1,1,1,1.2972447039460988e-5,0,0,0
TUR.81.6_1,2056,3,aegypti,5.906670237288756,79.20376116847304,1.4863206150092444e-4,0,0,0,0,0,0,1,1,1,1.4383644441617882e-5,0,0,0
TUR.81.6_1,2056,4,aegypti,12.481581730001114,78.31720697789294,1.9653856401230567e-4,0,0,0,0,0,0,1,1,1,1.9653663265506438e-5,0,0,0
TUR.81.6_1,2056,5,aegypti,15.98179158042459,76.65664762541243,2.747089444065842e-4,4.6879511013758773e-4,4.6340631974271925e-4,4.743398745295686e-4,0,0,0,1,1,1,2.658438318448031e-5,0,0,0
TUR.81.6_1,2056,6,aegypti,21.093893079196707,75.67803862707885,3.0898461020399784e-4,0.034942164082831115,0.03475877161299643,0.035125360702719044,0,0,0,1,1,1,3.0897983667843576e-5,0,0,0
TUR.81.6_1,2056,7,aegypti,22.893375565023984,80.98494082959773,3.6285121514676333e-4,0.07026657335264151,0.06997629890251979,0.07057336435814542,4.352229687754061e-14,3.863298569939389e-14,4.9182879990894435e-14,0.9999999999999565,0.9999999999999508,0.9999999999999614,3.5114017212345416e-5,1.5282426816787683e-18,1.3565593248128111e-18,1.7270084945529862e-18
TUR.81.6_1,2056,8,aegypti,24.95250191408045,73.04335607768878,4.308629457163209e-4,0.09801225077019494,0.09753352487270008,0.09845322794374362,5.317786812009118e-10,4.625360955357039e-10,6.017763370946838e-10,0.9999999994682213,0.9999999993982237,0.9999999995374639,4.1695544818143304e-5,2.2172801835345758e-14,1.9285694501417953e-14,2.50913922338295e-14
TUR.81.6_1,2056,9,aegypti,20.28156779794132,72.1677638890656,3.4341857398546686e-4,0.023198139477752167,0.023057608445301744,0.023332601069587285,0,0,0,1,1,1,3.4341267723725366e-5,0,0,0
TUR.81.6_1,2056,10,aegypti,15.433621406555176,84.71904229505317,3.384246723117291e-4,1.3579696598608004e-4,1.3382762529852527e-4,1.3759163411670574e-4,0,0,0,1,1,1,3.27502384390721e-5,0,0,0
TUR.81.6_1,2056,11,aegypti,7.521810272160698,82.58574315194639,1.9630309587965892e-4,0,0,0,0,0,0,1,1,1,1.9630116914748363e-5,0,0,0
TUR.81.6_1,2056,12,aegypti,5.957072100218604,82.25899846158964,1.614623785362164e-4,0,0,0,0,0,0,1,1,1,1.5625269395469488e-5,0,0,0
TUR.81.6_1,2057,1,aegypti,3.863549751393935,85.62547814020508,1.6563229770425874e-4,0,0,0,0,0,0,1,1,1,1.6028803573209238e-5,0,0,0
TUR.81.6_1,2057,2,aegypti,5.888894855099567,80.15649638346594,1.238979711458528e-4,0,0,0,0,0,0,1,1,1,1.3274694513287777e-5,0,0,0
TUR.81.6_1,2057,3,aegypti,5.439681673751158,84.49582964991835,1.5209509073145917e-4,0,0,0,0,0,0,1,1,1,1.4718771426003308e-5,0,0,0
TUR.81.6_1,2057,4,aegypti,12.063258213155411,73.05824243931872,2.0111778322805818e-4,0,0,0,0,0,0,1,1,1,2.0111576082393334e-5,0,0,0
TUR.81.6_1,2057,5,aegypti,16.348051155314728,84.83452695890853,2.8110948204807705e-4,0.0010331933476625808,0.0010230374113992951,0.0010438331392794503,0,0,0,1,1,1,2.7203773394601782e-5,0,0,0
TUR.81.6_1,2057,6,aegypti,21.96671679440667,77.870581656864,3.161837483045965e-4,0.049959236815682505,0.049726631824945335,0.05021187820854533,0,0,0,1,1,1,3.1617874974965154e-5,0,0,0
TUR.81.6_1,2057,7,aegypti,24.940992523642148,71.20867282422664,3.713054096973818e-4,0.0943867413531807,0.09395567140307541,0.0948524427550763,1.8457486616885178e-10,1.619401862607006e-10,2.1149804962927731e-10,0.9999999998154251,0.999999999788502,0.9999999998380598,3.593213600894263e-5,6.6321691950115655e-15,5.8188567980329965e-15,7.599576684905291e-15
TUR.81.6_1,2057,8,aegypti,24.333668372210333,76.3632337022005,4.409017688363289e-4,0.09244540398355382,0.09199239675097409,0.09284467480920751,1.0287859730784277e-10,8.940473639196256e-11,1.1589562087799265e-10,0.9999999998971214,0.9999999998841044,0.9999999999105953,4.2667002850715896e-5,4.3895214046113804e-15,3.8146321425033695e-15,4.944918786386801e-15
TUR.81.6_1,2057,9,aegypti,19.849747882169837,79.69221609853825,3.514200007840371e-4,0.021092021434379993,0.02097893306077513,0.021207201560547055,0,0,0,1,1,1,3.5141382605519134e-5,0,0,0
TUR.81.6_1,2057,10,aegypti,14.671698570251465,83.8577217994477,3.4630974448737387e-4,3.758325711940441e-10,3.693098048455051e-10,3.820353029581677e-10,0,0,0,1,1,1,3.3513284658059916e-5,0,0,0
TUR.81.6_1,2057,11,aegypti,7.654299476567436,86.96955510262998,2.008768288428628e-4,0,0,0,0,0,0,1,1,1,2.0087481128139295e-5,0,0,0
TUR.81.6_1,2057,12,aegypti,6.711722216185401,83.1793018063162,1.6522434571110555e-4,0,0,0,0,0,0,1,1,1,1.5989324980147934e-5,0,0,0
TUR.81.6_1,2058,1,aegypti,6.349265855901381,79.42442833551758,1.7006427828366693e-4,0,0,0,0,0,0,1,1,1,1.645769795288743e-5,0,0,0
TUR.81.6_1,2058,2,aegypti,5.243957816677936,82.18931040934484,1.2721322674248136e-4,0,0,0,0,0,0,1,1,1,1.3629895691646965e-5,0,0,0
TUR.81.6_1,2058,3,aegypti,10.664003039107603,75.53483874415663,1.5616484341670389e-4,0,0,0,0,0,0,1,1,1,1.5112612585577168e-5,0,0,0
TUR.81.6_1,2058,4,aegypti,11.229405445211075,75.79051935582262,2.0649928262035614e-4,0,0,0,0,0,0,1,1,1,2.0649715053777662e-5,0,0,0
TUR.81.6_1,2058,5,aegypti,19.35164078544168,73.797226849045245,2.8863139524008705e-4,0.014627317438494266,0.014539728377424208,0.014710568400501244,0,0,0,1,1,1,2.793168041048677e-5,0,0,0
TUR.81.6_1,2058,6,aegypti,21.235765485202567,75.60253050940307,3.246441769253029e-4,0.03690497391168919,0.03670950998887944,0.03710064471245948,0,0,0,1,1,1,3.2463890728973155e-5,0,0,0
TUR.81.6_1,2058,7,aegypti,23.960825134726132,80.56377536328914,3.8124078092399065e-4,0.09191857749099576,0.09154471472074625,0.09228276558435368,8.75485607343407e-11,7.793198864014529e-11,9.769730024977718e-11,0.9999999999124515,0.9999999999023027,0.999999999922068,3.689358853653513e-5,3.2299805766986214e-15,2.8751907227234495e-15,3.60440399654561e-15
TUR.81.6_1,2058,8,aegypti,24.1364065619076,78.23495306255207,0.00045269939589333193,0.09168112357016871,0.09124961527153343,0.09210480575706297,8.14333110943366e-11,7.115920075406734e-11,9.253134924946949e-11,0.9999999999185667,0.9999999999074687,0.9999999999288408,4.3808659330069055e-5,3.567484183851325e-15,3.1173891840349294e-15,4.053674356621649e-15
TUR.81.6_1,2058,9,aegypti,19.16635249642765,81.82540243887028,3.608232792525361e-4,0.014831271565740817,0.01474545331959503,0.014915381306012412,0,0,0,1,1,1,3.608167696589337e-5,0,0,0
TUR.81.6_1,2058,10,aegypti,16.283446311950684,87.24265527112739,3.555762829783653e-4,9.669328225884036e-4,9.574431802657232e-4,9.763342279068573e-4,0,0,0,1,1,1,3.4410015992025755e-5,0,0,0
TUR.81.6_1,2058,11,aegypti,11.241555908147026,77.60945531014951,2.0625188079000358e-4,0,0,0,0,0,0,1,1,1,2.062497538124486e-5,0,0,0
TUR.81.6_1,2058,12,aegypti,5.9828766198719245,83.60793644987089,1.6964541033187498e-4,0,0,0,0,0,0,1,1,1,1.641716301092888e-5,0,0,0
TUR.81.6_1,2059,1,aegypti,4.208688062780043,87.00848137506836,1.6082271895902854e-4,0,0,0,0,0,0,1,1,1,1.5563367821047613e-5,0,0,0
TUR.81.6_1,2059,2,aegypti,3.754639922696002,84.23374400309484,1.2030026069408916e-4,0,0,0,0,0,0,1,1,1,1.2889230578960742e-5,0,0,0
TUR.81.6_1,2059,3,aegypti,6.815528536544127,79.08410937403944,1.47678601159226e-4,0,0,0,0,0,0,1,1,1,1.4291375408870266e-5,0,0,0
TUR.81.6_1,2059,4,aegypti,9.709574741475723,75.43129694371325,1.952777880766982e-4,0,0,0,0,0,0,1,1,1,1.9527588141832197e-5,0,0,0
TUR.81.6_1,2059,5,aegypti,18.085374916301056,73.30134672209212,2.7294671301884366e-4,0.006079152811592604,0.006028220354080348,0.006124841346079533,0,0,0,1,1,1,2.6413849182227445e-5,0,0,0
TUR.81.6_1,2059,6,aegypti,19.898756055270926,77.01896575110229,3.0700250372542467e-4,0.02074532105705054,0.02061993105838582,0.020860480623111858,0,0,0,1,1,1,3.0699779124732096e-5,0,0,0
TUR.81.6_1,2059,7,aegypti,25.24897782942828,69.93152362378719,3.605235595919262e-4,0.09709028452479744,0.09660852481592144,0.0975448360642028,4.0800289002884683e-10,3.540241849675496e-10,4.6404294018476123e-10,0.9999999995919971,0.9999999995359571,0.9999999996459757,3.48887681074217e-5,1.4234718217374313e-14,1.2351467693751803e-14,1.6189886531992295e-14
TUR.81.6_1,2059,8,aegypti,26.435827872332403,68.62690939189777,4.2809900146836117e-4,0.11164114490478097,0.11106296426500356,0.11222919775373791,2.0108940413932076e-8,1.7365662269286375e-8,2.320172675651655e-8,0.9999999798910596,0.9999999767982732,0.9999999826343378,4.142807745943777e-5,8.330747410955967e-13,7.194260016264319e-13,9.612029332616775e-13
TUR.81.6_1,2059,9,aegypti,20.376900897306555,78.07070273183903,3.4121557694975844e-4,0.026648222425262637,0.026504027733844082,0.02678830478885128,0,0,0,1,1,1,3.412097556121374e-5,0,0,0
TUR.81.6_1,2059,10,aegypti,16.94681453704834,76.91362237317817,3.3625371067368766e-4,0.002088893961815669,0.0020687220839499263,0.002109428114959754,0,0,0,1,1,1,3.2540152235860376e-5,0,0,0
TUR.81.6_1,2059,11,aegypti,10.102117278996635,82.49357243661436,1.9504383044941583e-4,0,0,0,0,0,0,1,1,1,1.9504192835695378e-5,0,0,0
TUR.81.6_1,2059,12,aegypti,7.251715025481055,81.08104283414823,1.6042661294798477e-4,0,0,0,0,0,0,1,1,1,1.5525035577113044e-5,0,0,0
TUR.81.6_1,2060,1,aegypti,4.926253599279066,87.13167320856445,1.8467980528139353e-4,0,0,0,0,0,0,1,1,1,1.787207951331471e-5,0,0,0
TUR.81.6_1,2060,2,aegypti,3.6781437984284238,79.85220561198156,1.4307987192771073e-4,0,0,0,0,0,0,1,1,1,1.4801256521757011e-5,0,0,0
TUR.81.6_1,2060,3,aegypti,9.8015877253869,75.24128253077772,1.6958583639704918e-4,0,0,0,0,0,0,1,1,1,1.6411397886106904e-5,0,0,0
TUR.81.6_1,2060,4,aegypti,15.400026363485,66.80535471348864,2.242460773653102e-4,8.76982201666331e-5,8.643178461605885e-5,8.90875763758754e-5,0,0,0,1,1,1,2.2424356306949278e-5,0,0,0
TUR.81.6_1,2060,5,aegypti,17.62174042533426,77.01422971769759,3.1343672174426055e-4,0.004293867665938301,0.004259578293492295,0.004327730743995721,0,0,0,1,1,1,3.033212594705237e-5,0,0,0
TUR.81.6_1,2060,6,aegypti,22.215230969821707,59.57319548743041,3.525444848582369e-4,0.03954271214424846,0.03932102781131343,0.039766306014600315,0,0,0,1,1,1,3.5253827055048426e-5,0,0,0
TUR.81.6_1,2060,7,aegypti,23.75160234114703,80.60137301953914,4.140050685360829e-4,0.08751014934116375,0.08715330367558097,0.08786380884423949,2.1913091785563666e-11,1.9490428715407403e-11,2.4509672069683575e-11,0.9999999999780869,0.9999999999754903,0.9999999999805096,4.006420404090161e-5,8.779305804638277e-16,7.8086851289873e-16,9.8196050277539e-16
TUR.81.6_1,2060,8,aegypti,26.459620139178107,73.65990270854816,4.916049221408681e-4,0.12454327397573502,0.12393324598696498,0.12511212532772975,4.092361628845742e-7,3.5706081279174295e-7,4.6258833699408524e-7,0.9999995907638372,0.999999537411663,0.9999996429391872,4.7573538227929646e-5,1.9468812239240535e-11,1.6986646227043617e-11,2.2006963933782517e-11
TUR.81.6_1,2060,9,aegypti,21.078135714811438,82.76934164785466,3.918328624086607e-4,0.03891975409685595,0.03873539683618997,0.039096276684231684,0,0,0,1,1,1,3.918251858592292e-5,0,0,0
TUR.81.6_1,2060,10,aegypti,17.50716495513916,74.40249871595161,3.8613493301393065e-4,0.003693056621765651,0.0036619036914501773,0.0037257530133847395,0,0,0,1,1,1,3.736719857216908e-5,0,0,0
TUR.81.6_1,2060,11,aegypti,12.735818603459526,74.33241673593076,2.2397741352645536e-4,0,0,0,0,0,0,1,1,1,2.239749052512785e-5,0,0,0
TUR.81.6_1,2060,12,aegypti,5.901226362761329,80.3525424679373,1.8422493931802807e-4,0,0,0,0,0,0,1,1,1,1.782806101224832e-5,0,0,0
TUR.81.6_1,2061,1,aegypti,5.805836958043715,81.4931615508496,1.6698894038445544e-4,0,0,0,0,0,0,1,1,1,1.6160089461592086e-5,0,0,0
TUR.81.6_1,2061,2,aegypti,5.726939498501666,79.92000804118078,1.2491278092616726e-4,0,0,0,0,0,0,1,1,1,1.338342268331072e-5,0,0,0
TUR.81.6_1,2061,3,aegypti,8.596248293624205,76.00577075099257,1.5334085435603388e-4,0,0,0,0,0,0,1,1,1,1.4839327414417625e-5,0,0,0
TUR.81.6_1,2061,4,aegypti,10.272322696797989,87.42893183140856,2.0276507649305236e-4,0,0,0,0,0,0,1,1,1,2.0276302082344877e-5,0,0,0
TUR.81.6_1,2061,5,aegypti,19.074436271891877,78.31875700041243,2.834119624606555e-4,0.013279020727898883,0.013195681384736736,0.013361480918499556,0,0,0,1,1,1,2.7426587993373275e-5,0,0,0
TUR.81.6_1,2061,6,aegypti,20.5305671972387,76.96554473059447,3.1877351113274063e-4,0.028084901616123592,0.027936214640378477,0.028234904628609545,0,0,0,1,1,1,3.187684303596061e-5,0,0,0
TUR.81.6_1,2061,7,aegypti,23.70803659102496,77.84031802686336,3.743466569249172e-4,0.08241704575119846,0.0820498630782282,0.08277849070976026,4.0250502930661014e-12,3.540398529899846e-12,4.546912846237205e-12,0.999999999995975,0.9999999999954531,0.9999999999964596,3.622643963807626e-5,1.4581324148198028e-16,1.282560336381507e-16,1.6471846376380563e-16
TUR.81.6_1,2061,8,aegypti,25.35681786256678,70.75861562969074,4.4451305821447665e-4,0.10044115901121294,0.09994113436786452,0.1009344245436698,1.0560835657091872e-9,9.160932262775034e-10,1.2082670031166032e-9,0.9999999989439164,0.999999998791733,0.9999999990839068,4.301646749571564e-5,4.5428984377088717e-14,3.94070944912115e-14,5.197537826571111e-14
TUR.81.6_1,2061,9,aegypti,21.03136943368351,76.35766714834294,3.5429837280656157e-4,0.03444381448415954,0.034261190392364776,0.03462050424882694,0,0,0,1,1,1,3.5429209651383076e-5,0,0,0
TUR.81.6_1,2061,10,aegypti,14.816184043884277,82.11725091321723,3.491462599885865e-4,3.0550058924608145e-6,3.0053019555845106e-6,3.1065645457496886e-6,0,0,0,1,1,1,3.378777692109036e-5,0,0,0
TUR.81.6_1,2061,11,aegypti,9.13849041742437,79.45644017343076,2.0252214852536452e-4,0,0,0,0,0,0,1,1,1,2.0252009777843583e-5,0,0,0
TUR.81.6_1,2061,12,aegypti,8.707390150603125,76.56054265104277,1.665776469832976e-4,0,0,0,0,0,0,1,1,1,1.6120287516740994e-5,0,0,0
TUR.81.6_1,2062,1,aegypti,6.292604726903578,79.88390099176758,1.7438461466325042e-4,0,0,0,0,0,0,1,1,1,1.687578805353862e-5,0,0,0
TUR.81.6_1,2062,2,aegypti,3.3949726215180234,82.24865946940344,1.3044496909899792e-4,0,0,0,0,0,0,1,1,1,1.3976149021877049e-5,0,0,0
TUR.81.6_1,2062,3,aegypti,8.727808619246764,78.7895918569496,1.6013207663601506e-4,0,0,0,0,0,0,1,1,1,1.5496532505210325e-5,0,0,0
TUR.81.6_1,2062,4,aegypti,14.062018436544083,75.24430048375231,2.1174521887496757e-4,0,0,0,0,0,0,1,1,1,2.117429770887025e-5,0,0,0
TUR.81.6_1,2062,5,aegypti,18.020420158610627,69.46466154142806,2.959638270107715e-4,0.005425019349205595,0.005381993252628411,0.005466488330761289,0,0,0,1,1,1,2.8641250510053062e-5,0,0,0
TUR.81.6_1,2062,6,aegypti,22.747436551486746,62.64206221716674,3.328914823685473e-4,0.04887193671411465,0.0486189376553508,0.04915189044263188,0,0,0,1,1,1,3.3288594159297524e-5,0,0,0
TUR.81.6_1,2062,7,aegypti,26.047157455893124,68.63446170362117,3.90925874300622e-4,0.10644866294045613,0.10592083858249346,0.10700196331048134,5.349483577887781e-9,4.645735557362584e-9,6.165020979831404e-9,0.9999999946505165,0.999999993834979,0.9999999953542644,3.783082061914467e-5,2.0237535364013287e-13,1.7575198851456602e-13,2.332278028012653e-13
TUR.81.6_1,2062,8,aegypti,26.34598793702967,57.021078245657534,4.641998337797123e-4,0.08605394030580177,0.08550640899183284,0.08659661676257782,1.3670621523687032e-11,1.1372200403592103e-11,1.626490608863662e-11,0.9999999999863294,0.999999999983735,0.9999999999886278,4.4921555556021175e-5,6.141055842616459e-16,5.108569322241691e-16,7.306448824741571e-16
TUR.81.6_1,2062,9,aegypti,20.60979960946476,71.97869223379216,3.6998968360086806e-4,0.026855572026244317,0.026694588593651692,0.02700544335628958,0,0,0,1,1,1,3.699828390668625e-5,0,0,0
TUR.81.6_1,2062,10,aegypti,16.72987461090088,75.24514245374458,3.646093919097196e-4,0.0015433901485692484,0.001528829738762476,0.0015580022902010875,0,0,0,1,1,1,3.528415736175905e-5,0,0,0
TUR.81.6_1,2062,11,aegypti,10.759999015752006,77.78865452889951,2.1149153201439682e-4,0,0,0,0,0,0,1,1,1,2.114892955962233e-5,0,0,0
TUR.81.6_1,2062,12,aegypti,6.520012697752784,83.63360936246855,1.7395510573224384e-4,0,0,0,0,0,0,1,1,1,1.683422337372953e-5,0,0,0
TUR.81.6_1,2063,1,aegypti,2.4960306111504047,79.25879418024414,1.5961744141557136e-4,0,0,0,0,0,0,1,1,1,1.5446729867307774e-5,0,0,0
TUR.81.6_1,2063,2,aegypti,5.083765803891071,79.56007609538,1.1939867661675757e-4,0,0,0,0,0,0,1,1,1,1.2792633525382513e-5,0,0,0
TUR.81.6_1,2063,3,aegypti,6.7345644481041855,83.50339800929335,1.4657183152631283e-4,0,0,0,0,0,0,1,1,1,1.418427019517221e-5,0,0,0
TUR.81.6_1,2063,4,aegypti,10.268465084188126,83.58676874547106,1.9381428880104677e-4,0,0,0,0,0,0,1,1,1,1.9381241061378063e-5,0,0,0
TUR.81.6_1,2063,5,aegypti,16.076374138102814,80.50235075041243,2.709011280051624e-4,6.011743051007395e-4,5.952253773161471e-4,6.076828296029709e-4,0,0,0,1,1,1,2.621589455142903e-5,0,0,0
TUR.81.6_1,2063,6,aegypti,20.508733777438895,84.8836431803015,3.0470168935093543e-4,0.03150444963995151,0.031353766378102325,0.03165185564563682,0,0,0,1,1,1,3.0469704724200852e-5,0,0,0
TUR.81.6_1,2063,7,aegypti,24.18593423506793,74.79634982617976,3.5782163443436125e-4,0.08699199612032193,0.08660428446042537,0.08740761528853516,1.8539819124363533e-11,1.6305712335906718e-11,2.1161045138384793e-11,0.9999999999814602,0.9999999999788389,0.9999999999836943,3.4627300567691144e-5,6.419838892899645e-16,5.646228020257512e-16,7.327498703333296e-16
TUR.81.6_1,2063,8,aegypti,24.268498084124396,74.53349127055988,4.24890635659189e-4,0.08811494975609907,0.08773930739893304,0.08851778302385145,2.661961018279868e-11,2.3548338279333334e-11,3.021278505155322e-11,0.9999999999733804,0.9999999999697872,0.9999999999764517,4.111760326031e-5,1.0945345704404242e-15,9.682512308091992e-16,1.2422773091387901e-15
TUR.81.6_1,2063,9,aegypti,22.037801013273352,69.79981726430974,3.3865835446877235e-4,0.044651078525238974,0.044420095392586206,0.04486928413376869,0,0,0,1,1,1,3.386526200599427e-5,0,0,0
TUR.81.6_1,2063,10,aegypti,15.102068901062012,79.59131860120551,3.337336746426939e-4,3.179411971834415e-5,3.1301491411691074e-5,3.226572166497382e-5,0,0,0,1,1,1,3.229628568723886e-5,0,0,0
TUR.81.6_1,2063,11,aegypti,11.863267639104057,79.36713048104795,1.9358208455709297e-4,0,0,0,0,0,0,1,1,1,1.9358021086768318e-5,0,0,0
TUR.81.6_1,2063,12,aegypti,8.286598524626562,75.68313176237089,1.5922430400052592e-4,0,0,0,0,0,0,1,1,1,1.5408684897910696e-5,0,0,0
TUR.81.6_1,2064,1,aegypti,8.993509573094984,77.8788045562207,1.7957355994656615e-4,0,0,0,0,0,0,1,1,1,1.737793544842603e-5,0,0,0
TUR.81.6_1,2064,2,aegypti,5.827792941647418,79.38161692789953,1.3912383067336042e-4,0,0,0,0,0,0,1,1,1,1.4392016848385758e-5,0,0,0
TUR.81.6_1,2064,3,aegypti,9.64980664323358,73.95418841456679,1.6489692693758874e-4,0,0,0,0,0,0,1,1,1,1.5957639798558354e-5,0,0,0
TUR.81.6_1,2064,4,aegypti,13.632008594625137,77.73331415562731,2.1804585701823295e-4,0,0,0,0,0,0,1,1,1,2.1804347983600536e-5,0,0,0
TUR.81.6_1,2064,5,aegypti,18.011875236735627,71.07399076506087,3.047704531409793e-4,0.005524302403041322,0.005481948189005751,0.005569326889417217,0,0,0,1,1,1,2.9493479878905937e-5,0,0,0
TUR.81.6_1,2064,6,aegypti,21.537601498996512,73.50050261633666,3.4279691864013524e-4,0.039942772273692063,0.03973470985876155,0.04015531197580339,0,0,0,1,1,1,3.4279104322076925e-5,0,0,0
TUR.81.6_1,2064,7,aegypti,23.556320358725156,68.37394076856258,4.025581675249724e-4,0.06692722392370273,0.06660288877922121,0.06723845854485919,1.0883294265795485e-14,9.43689570931383e-15,1.2434497875801753e-14,0.9999999999999891,0.9999999999999876,0.9999999999999906,3.895648319507394e-5,4.2397487017250642e-19,3.6762826911354964e-19,4.844043075378536e-19
TUR.81.6_1,2064,8,aegypti,24.640715262469122,65.6446286606966,4.7801244874381667e-4,0.0801596025771922,0.07971958924230493,0.08056856689211025,1.8351090647072964e-12,1.565622631538588e-12,2.113642594281373e-12,0.9999999999981649,0.9999999999978864,0.9999999999984345,4.6258199289828106e-5,8.488884083380019e-17,7.242288370237711e-17,9.777330035373704e-17
TUR.81.6_1,2064,9,aegypti,20.97778247384464,72.42464560293278,3.8099900473452183e-4,0.031612740478920286,0.03144372768864683,0.03178739809965767,0,0,0,1,1,1,3.809917468144963e-5,0,0,0
TUR.81.6_1,2064,10,aegypti,15.064271926879883,83.19521569593208,3.7545861842007433e-4,2.7557058800145556e-5,2.7150181047668884e-5,2.7957438196957978e-5,0,0,0,1,1,1,3.633404491099057e-5,0,0,0
TUR.81.6_1,2064,11,aegypti,9.671989181462456,80.10357304696592,2.1778462151444538e-4,0,0,0,0,0,0,1,1,1,2.1778225002488938e-5,0,0,0
TUR.81.6_1,2064,12,aegypti,8.319052061613867,75.48625523649198,1.7913127065448243e-4,0,0,0,0,0,0,1,1,1,1.7335134001705832e-5,0,0,0
TUR.81.6_1,2065,1,aegypti,6.911499303929945,81.04155480036133,1.715706432932341e-4,0,0,0,0,0,0,1,1,1,1.660347280207919e-5,0,0,0
TUR.81.6_1,2065,2,aegypti,5.767230331021198,81.69011912516515,1.2834003335615113e-4,0,0,0,0,0,0,1,1,1,1.3750623318875554e-5,0,0,0
TUR.81.6_1,2065,3,aegypti,7.613135958419127,74.79353625392226,1.5754809249300358e-4,0,0,0,0,0,0,1,1,1,1.524647336748064e-5,0,0,0
TUR.81.6_1,2065,4,aegypti,10.00232414638295,83.457847236682,2.0832837510808698e-4,0,0,0,0,0,0,1,1,1,2.0832620508781652e-5,0,0,0
TUR.81.6_1,2065,5,aegypti,14.632424438700957,78.52551359220931,2.91187982895297e-4,0,0,0,0,0,0,1,1,1,2.8179085177826302e-5,0,0,0
TUR.81.6_1,2065,6,aegypti,21.124261884128348,79.64240935461791,3.2751975217023643e-4,0.03771363821269514,0.03752765611032567,0.037895688048425545,0,0,0,1,1,1,3.2751438876932326e-5,0,0,0
TUR.81.6_1,2065,7,aegypti,21.735153366537656,84.3810513642657,3.846176674659489e-4,0.051298479946846,0.051074757993712985,0.051522305508006856,0,0,0,1,1,1,3.72203718982389e-5,0,0,0
TUR.81.6_1,2065,8,aegypti,25.160397193011114,82.34767736675128,4.5670923580038423e-4,0.12171079421513668,0.12122330736130431,0.12221324503898687,2.1779316110903667e-7,1.947581971001311e-7,2.4346466996061353e-7,0.9999997822068389,0.9999997565353301,0.9999998052418029,4.41966912781977e-5,9.625737104038867e-12,8.607667911132871e-12,1.076033285539753e-11
TUR.81.6_1,2065,9,aegypti,20.633742556852454,81.81942862295232,3.640193152924897e-4,0.03176028092866978,0.03160884573332246,0.03191938336975532,0,0,0,1,1,1,3.6401268986963053e-5,0,0,0
TUR.81.6_1,2065,10,aegypti,16.328059196472168,76.49479150159614,3.58725843111253e-4,8.732062666309972e-4,8.637029957037739e-4,8.826821293499496e-4,0,0,0,1,1,1,3.471480159933371e-5,0,0,0
TUR.81.6_1,2065,11,aegypti,11.030511596623588,76.18135472421201,2.0807878188596005e-4,0,0,0,0,0,0,1,1,1,2.0807661706201408e-5,0,0,0
TUR.81.6_1,2065,12,aegypti,8.446291288908789,77.38389927946073,1.711480651676621e-4,0,0,0,0,0,0,1,1,1,1.6562578822987284e-5,0,0,0
TUR.81.6_1,2066,1,aegypti,2.8619001332451313,84.25265251764648,1.5879940181028277e-4,0,0,0,0,0,0,1,1,1,1.536756596387523e-5,0,0,0
TUR.81.6_1,2066,2,aegypti,5.390211879330524,80.67487559489172,1.1878675823600081e-4,0,0,0,0,0,0,1,1,1,1.2727071678320101e-5,0,0,0
TUR.81.6_1,2066,3,aegypti,5.236643458113951,81.27800280665663,1.4582065068952666e-4,0,0,0,0,0,0,1,1,1,1.4111576303932338e-5,0,0,0
TUR.81.6_1,2066,4,aegypti,10.093278926961563,81.4141689529906,1.9282099030619546e-4,0,0,0,0,0,0,1,1,1,1.9281913132163098e-5,0,0,0
TUR.81.6_1,2066,5,aegypti,15.338544929728789,78.61982053801009,2.695127593540911e-4,8.798286152702909e-5,8.678349978078283e-5,8.918910735387198e-5,0,0,0,1,1,1,2.6081539808209264e-5,0,0,0
TUR.81.6_1,2066,6,aegypti,20.257120160495536,82.06441405432494,3.0314009277679626e-4,0.026817474875712947,0.02667636981352149,0.02695632694519093,0,0,0,1,1,1,3.0313549812754914e-5,0,0,0
TUR.81.6_1,2066,7,aegypti,23.58218972823199,74.82484561475398,3.5598779806910895e-4,0.07571392869426075,0.07534369191863705,0.07606700766999137,3.635332035401007e-13,3.15636405900932e-13,4.140188192280902e-13,0.9999999999996365,0.999999999999586,0.9999999999996844,3.444983866185414e-5,1.252366021018345e-17,1.0873623259094613e-17,1.426288152537906e-17
TUR.81.6_1,2066,8,aegypti,26.992699286516974,72.18757070781574,4.227130705710447e-4,0.12795313411886183,0.12730466048838288,0.12862725818681234,8.554548929994299e-7,7.431766441828858e-7,9.846698477505856e-7,0.999999144545107,0.9999990153301522,0.9999992568233558,4.090687979763086e-5,3.499399048022285e-11,3.040103765199599e-11,4.027977110228468e-11
TUR.81.6_1,2066,9,aegypti,21.555712924284094,78.22190970205388,3.369227299395203e-4,0.043478010041074634,0.04328017544116946,0.043687721299270225,0,0,0,1,1,1,3.369170541567268e-5,0,0,0
TUR.81.6_1,2066,10,aegypti,15.504490852355957,82.48625420911567,3.3202328910427744e-4,1.6265517690914984e-4,1.606228273535119e-4,1.6475922080606985e-4,0,0,0,1,1,1,3.213076983810126e-5,0,0,0
TUR.81.6_1,2066,11,aegypti,10.932438590947319,79.30718632821592,1.9258997610930914e-4,0,0,0,0,0,0,1,1,1,1.9258812157585403e-5,0,0,0
TUR.81.6_1,2066,12,aegypti,5.937400183256934,77.61681706510527,1.5840827922502642e-4,0,0,0,0,0,0,1,1,1,1.532971597206778e-5,0,0,0
TUR.81.6_1,2067,1,aegypti,5.689610761754652,83.49361168512695,1.663939732101759e-4,0,0,0,0,0,0,1,1,1,1.6102512921833956e-5,0,0,0
TUR.81.6_1,2067,2,aegypti,3.2033227077301816,83.39356455973547,1.244677274745558e-4,0,0,0,0,0,0,1,1,1,1.3335739021957949e-5,0,0,0
TUR.81.6_1,2067,3,aegypti,7.677810335860533,78.54575640773085,1.5279451413369467e-4,0,0,0,0,0,0,1,1,1,1.4786456563165018e-5,0,0,0
TUR.81.6_1,2067,4,aegypti,12.050235790364884,77.79859888463122,2.0204264203526183e-4,0,0,0,0,0,0,1,1,1,2.020406009872744e-5,0,0,0
TUR.81.6_1,2067,5,aegypti,15.145268524394316,81.65393919035384,2.8240219011241475e-4,4.127236755860879e-5,4.069128894448352e-5,4.184891247976462e-5,0,0,0,1,1,1,2.7328870764065094e-5,0,0,0
TUR.81.6_1,2067,6,aegypti,20.576175717746512,76.96479704993041,3.176377486402236e-4,0.028671453297235576,0.028514448887126616,0.0288363861085075,0,0,0,1,1,1,3.176327040066429e-5,0,0,0
TUR.81.6_1,2067,7,aegypti,23.42724053999957,72.26118594678523,3.730128921129551e-4,0.06956322614174647,0.06921567153413623,0.06987126730176763,3.2699842833494585e-14,2.8310687127941492e-14,3.697042672001771e-14,0.9999999999999672,0.999999999999963,0.9999999999999717,3.6097370291643394e-5,1.1803783352391956e-18,1.0219413564681662e-18,1.3345351831525465e-18
TUR.81.6_1,2067,8,aegypti,24.58019509034998,72.26112951518878,4.429292965739311e-4,0.09000495424754541,0.08957908923179084,0.09040357295125437,4.843473089266581e-11,4.228090377811356e-11,5.4736676302624683e-11,0.9999999999515653,0.9999999999452633,0.9999999999577192,4.2863206821341926e-5,2.0760678875883735e-15,1.8122951232345387e-15,2.3461894770722473e-15
TUR.81.6_1,2067,9,aegypti,19.98589252023136,81.19831198476872,3.53036038299646e-4,0.02315444394460538,0.023023222249202738,0.02327557475345135,0,0,0,1,1,1,3.53029806651195e-5,0,0,0
TUR.81.6_1,2067,10,aegypti,16.767115592956543,78.35092400892036,3.4790228201473126e-4,0.0017051690067471366,0.0016884110550000298,0.0017208777333127534,0,0,0,1,1,1,3.3667396016068274e-5,0,0,0
TUR.81.6_1,2067,11,aegypti,9.205973365727592,85.02744694833311,2.0180057959894487e-4,0,0,0,0,0,0,1,1,1,2.0179854343882475e-5,0,0,0
TUR.81.6_1,2067,12,aegypti,7.043371042784522,83.6214633663748,1.6598414521188916e-4,0,0,0,0,0,0,1,1,1,1.6062852785658777e-5,0,0,0
TUR.81.6_1,2068,1,aegypti,7.515476507299086,80.2958959258496,1.7292054473861705e-4,0,0,0,0,0,0,1,1,1,1.673410624836169e-5,0,0,0
TUR.81.6_1,2068,2,aegypti,6.005575477200397,77.0030692594425,1.3396943622056117e-4,0,0,0,0,0,0,1,1,1,1.3858811161004958e-5,0,0,0
TUR.81.6_1,2068,3,aegypti,11.760913515792174,71.60616595362929,1.5878766584711258e-4,0,0,0,0,0,0,1,1,1,1.536643024302453e-5,0,0,0
TUR.81.6_1,2068,4,aegypti,11.317318958394669,81.2045742264281,2.099674828789429e-4,0,0,0,0,0,0,1,1,1,2.0996527857697345e-5,0,0,0
TUR.81.6_1,2068,5,aegypti,16.449880684123322,83.94491666838118,2.9347902215145165e-4,0.0011932500516657204,0.001181911181362817,0.001204655284518991,0,0,0,1,1,1,2.8400792381977347e-5,0,0,0
TUR.81.6_1,2068,6,aegypti,20.48477175656487,73.22946074621947,3.300966463192572e-4,0.025919931360229565,0.02577861148660634,0.0260679767430612,0,0,0,1,1,1,3.300911981896082e-5,0,0,0
TUR.81.6_1,2068,7,aegypti,22.83029000899371,73.73006564649226,3.8764380256264337e-4,0.06088197712609115,0.060594107605583994,0.0611701924643999,7.301936832959655e-16,6.661338147750939e-16,8.881784197001252e-16,0.9999999999999992,0.9999999999999991,0.9999999999999993,3.751321273881558e-5,2.7391910982020885e-20,2.4988819506176873e-20,3.331842600823583e-20
TUR.81.6_1,2068,8,aegypti,25.75569023805506,78.55761541606769,4.603025804757492e-4,0.12491964508713535,0.12435870624457589,0.12547195520913051,4.442674015263659e-7,3.921651718169494e-7,5.003495647665224e-7,0.9999995557325985,0.9999994996504352,0.9999996078348281,4.454441888168681e-5,1.978963322906899e-11,1.7468769684222874e-11,2.2287780600229655e-11
TUR.81.6_1,2068,9,aegypti,22.36163257150089,71.07695883535466,3.6688338452035173e-4,0.05059762305925805,0.050332033057824695,0.050830333518336164,0,0,0,1,1,1,3.668766544318025e-5,0,0,0
TUR.81.6_1,2068,10,aegypti,17.038186073303223,74.15568017347114,3.615482638052436e-4,0.002227465113655785,0.002207028735578871,0.0022476974343085565,0,0,0,1,1,1,3.4987929566687725e-5,0,0,0
TUR.81.6_1,2068,11,aegypti,10.580449798527885,78.69015141610654,2.0971592588116738e-4,0,0,0,0,0,0,1,1,1,2.0971372685751888e-5,0,0,0
TUR.81.6_1,2068,12,aegypti,7.397449335631202,77.52231175504667,1.7249464180868726e-4,0,0,0,0,0,0,1,1,1,1.6692890524638848e-5,0,0,0
TUR.81.6_1,2069,1,aegypti,6.861159128301283,78.7357381499707,1.6153541631845535e-4,0,0,0,0,0,0,1,1,1,1.563233745749404e-5,0,0,0
TUR.81.6_1,2069,2,aegypti,6.363024531918414,75.82183299235265,1.2083337988701162e-4,0,0,0,0,0,0,1,1,1,1.2946349754572317e-5,0,0,0
TUR.81.6_1,2069,3,aegypti,3.93439498017816,82.5745039663246,1.4833304942232767e-4,0,0,0,0,0,0,1,1,1,1.4354708204655786e-5,0,0,0
TUR.81.6_1,2069,4,aegypti,12.613606495015762,76.88132440953356,1.9614317553450153e-4,0,0,0,0,0,0,1,1,1,1.9614125194022947e-5,0,0,0
TUR.81.6_1,2069,5,aegypti,16.533068741069123,77.484360638107745,2.741562958619388e-4,0.001216990567763332,0.0012039167624961272,0.0012283891800327837,0,0,0,1,1,1,2.6530902487609254e-5,0,0,0
TUR.81.6_1,2069,6,aegypti,20.724603681003348,66.66944792883666,3.0836300723611506e-4,0.02588123165290373,0.02572576981005547,0.026040925990329956,0,0,0,1,1,1,3.083582528973228e-5,0,0,0
TUR.81.6_1,2069,7,aegypti,24.435068298788632,66.8627408173907,3.6212124548229955e-4,0.0788819741750863,0.07848361594511515,0.07930482845760911,1.163856011565656e-12,1.005384664409803e-12,1.350503042729656e-12,0.9999999999988362,0.9999999999986495,0.9999999999989946,3.504337746473851e-5,4.0785445527900356e-17,3.5232074292172185e-17,4.732618789365322e-17
TUR.81.6_1,2069,8,aegypti,26.52838959413416,57.053583281057925,4.299961527532955e-4,0.08771054042843686,0.0871336264124415,0.08824588102561089,2.3428060824670638e-11,1.936655003031973e-11,2.7701410609815014e-11,0.999999999976572,0.9999999999722986,0.9999999999806335,4.161166512228753e-5,9.748806215007782e-16,8.05874394435692e-16,1.152701821710605e-15
TUR.81.6_1,2069,9,aegypti,21.1983959534589,75.85185354971013,3.4272769813674907e-4,0.03652385545035878,0.03633962140785442,0.03671133168302213,0,0,0,1,1,1,3.427218250895425e-5,0,0,0
TUR.81.6_1,2069,10,aegypti,12.714488983154297,84.05306481702583,3.377438429960722e-4,0,0,0,0,0,0,1,1,1,3.2684353886702766e-5,0,0,0
TUR.81.6_1,2069,11,aegypti,11.511518218938042,76.5334741700128,1.9590818110729272e-4,0,0,0,0,0,0,1,1,1,1.959062621192942e-5,0,0,0
TUR.81.6_1,2069,12,aegypti,4.768287500914405,81.0900684078787,1.6113755493534754e-4,0,0,0,0,0,0,1,1,1,1.559383534410763e-5,0,0,0
TUR.81.6_1,2070,1,aegypti,6.707750124089857,79.59127556452148,1.6842034432971244e-4,0,0,0,0,0,0,1,1,1,1.6298610175824457e-5,0,0,0
TUR.81.6_1,2070,2,aegypti,8.576595126706012,79.99883494547765,1.2598351439521672e-4,0,0,0,0,0,0,1,1,1,1.3498142584444928e-5,0,0,0
TUR.81.6_1,2070,3,aegypti,7.025499487624449,80.33621508693007,1.5465526897169026e-4,0,0,0,0,0,0,1,1,1,1.49665269331134e-5,0,0,0
TUR.81.6_1,2070,4,aegypti,10.536950153463028,82.79730951695544,2.0450314806703967e-4,0,0,0,0,0,0,1,1,1,2.045010570039807e-5,0,0,0
TUR.81.6_1,2070,5,aegypti,15.92214688132791,81.04070371672103,2.858413269459036e-4,4.469075610108282e-4,4.4162690686170555e-4,4.523303523751899e-4,0,0,0,1,1,1,2.7661681306634378e-5,0,0,0
TUR.81.6_1,2070,6,aegypti,23.33859255734612,61.42550948279174,3.215059894659063e-4,0.055838958970699897,0.0555093647561617,0.056144756362346775,9.903189379656397e-17,0,1.1102230246251565e-16,0.9999999999999999,0.9999999999999999,1,3.215008212165138e-5,3.1838835182221894e-21,0,3.5693761415046965e-21
TUR.81.6_1,2070,7,aegypti,24.170793701620664,74.7521680024493,3.775554998601585e-4,0.0866427560429468,0.08624759824010864,0.08701865441369569,1.6543320602302457e-11,1.4511933321692538e-11,1.865805843159762e-11,0.9999999999834567,0.9999999999813419,0.999999999985488,3.6536961527722234e-5,6.044426683870996e-16,5.302219494675506e-16,6.817087630972758e-16
TUR.81.6_1,2070,8,aegypti,23.9508596869076,79.4584485459505,4.4832335693115546e-4,0.08988020288856748,0.08949467982078098,0.09026807367970369,4.6565587386027116e-11,4.1172054654481374e-11,5.247162981891762e-11,0.9999999999534344,0.9999999999475283,0.9999999999588279,4.338519015134601e-5,2.0202568632519055e-15,1.786257420106285e-15,2.276491637244778e-15
TUR.81.6_1,2070,9,aegypti,19.56028865365421,76.25745505117497,3.5733536488199996e-4,0.017115494147397794,0.017016719464323683,0.017214361833971854,0,0,0,1,1,1,3.573289805303137e-5,0,0,0
TUR.81.6_1,2070,10,aegypti,16.39359474182129,81.59074639661567,3.5213908893204094e-4,0.0010538829499440155,0.0010428349125281592,0.001064829135178816,0,0,0,1,1,1,3.407739570060464e-5,0,0,0
TUR.81.6_1,2070,11,aegypti,7.38949606699102,87.10372563485654,2.042581377575479e-4,0,0,0,0,0,0,1,1,1,2.0425605170237837e-5,0,0,0
TUR.81.6_1,2070,12,aegypti,4.198759874876807,86.14922673307402,1.6800552538371477e-4,0,0,0,0,0,0,1,1,1,1.6258467060326076e-5,0,0,0
TUR.81.6_1,2071,1,aegypti,5.306161684148451,85.40076195368164,1.7528505288700005e-4,0,0,0,0,0,0,1,1,1,1.6962925762142866e-5,0,0,0
TUR.81.6_1,2071,2,aegypti,2.7777522197541074,84.49072489909094,1.3111852413995952e-4,0,0,0,0,0,0,1,1,1,1.4048314622261415e-5,0,0,0
TUR.81.6_1,2071,3,aegypti,9.717825556502623,75.56138903712538,1.6095892161273456e-4,0,0,0,0,0,0,1,1,1,1.557654851780388e-5,0,0,0
TUR.81.6_1,2071,4,aegypti,12.661525768392227,77.9730068436156,2.1283856927826683e-4,0,0,0,0,0,0,1,1,1,2.12836304281927e-5,0,0,0
TUR.81.6_1,2071,5,aegypti,18.076583946452423,71.46274656340071,2.974920417744555e-4,0.005864810835231478,0.005814140235218922,0.005910892108148501,0,0,0,1,1,1,2.878913801462879e-5,0,0,0
TUR.81.6_1,2071,6,aegypti,20.926147488986746,80.32914641516479,3.3461037377226514e-4,0.03516737985767055,0.0349886922893588,0.035344516139522504,0,0,0,1,1,1,3.346047756291881e-5,0,0,0
TUR.81.6_1,2071,7,aegypti,25.15846841475543,71.81038028272273,3.929444273739695e-4,0.09922084601313859,0.09876429153841006,0.09970213484786708,7.497751751683879e-10,6.574042199503083e-10,8.566849007962674e-10,0.9999999992502249,0.999999999143315,0.9999999993425958,3.802615705583712e-5,2.8511068567520905e-14,2.4998556117000513e-14,3.2576434585043106e-14
TUR.81.6_1,2071,8,aegypti,27.240719458636114,64.38361181499347,4.665967383151304e-4,0.11000636800280407,0.10937432783128946,0.11063196749307883,1.3362126742189062e-8,1.1347439884956679e-8,1.5589093002588147e-8,0.9999999866378733,0.999999984410907,0.9999999886525601,4.5153503612671564e-5,6.033468381264091e-13,5.123766678399648e-13,7.03902167210637e-13
TUR.81.6_1,2071,9,aegypti,24.248833880704993,73.08419913076482,3.719001322614371e-4,0.08542146230823545,0.08501987017493608,0.08584314155803655,1.1083166495673425e-11,9.678718937422558e-12,1.2707612739859542e-11,0.9999999999889169,0.9999999999872924,0.9999999999903213,3.718932168617073e-5,4.121754441089885e-16,3.599449920738401e-16,4.725874980459179e-16
TUR.81.6_1,2071,10,aegypti,17.11960506439209,83.9017891822602,3.6649205933337735e-4,0.002852055624042829,0.002827840366882316,0.0028773139344756677,0,0,0,1,1,1,3.546634453821529e-5,0,0,0
TUR.81.6_1,2071,11,aegypti,10.571940162602592,83.88881322030576,2.1258357250084038e-4,0,0,0,0,0,0,1,1,1,2.1258131292833937e-5,0,0,0
TUR.81.6_1,2071,12,aegypti,7.232077440794776,81.51601750455839,1.748533261785842e-4,0,0,0,0,0,0,1,1,1,1.6921146466009063e-5,0,0,0
TUR.81.6_1,2072,1,aegypti,6.55233268176808,75.7828801787793,1.8396242390875892e-4,0,0,0,0,0,0,1,1,1,1.7802656747778478e-5,0,0,0
TUR.81.6_1,2072,2,aegypti,9.360770999508746,71.38586650065344,1.42524083844853e-4,0,0,0,0,0,0,1,1,1,1.4743762052238374e-5,0,0,0
TUR.81.6_1,2072,3,aegypti,7.647102022872252,79.08716113185194,1.689270869473812e-4,0,0,0,0,0,0,1,1,1,1.6347648983505714e-5,0,0,0
TUR.81.6_1,2072,4,aegypti,10.546490711324356,80.70675623326403,2.2337500237937368e-4,0,0,0,0,0,0,1,1,1,2.233725075784232e-5,0,0,0
TUR.81.6_1,2072,5,aegypti,17.978374565348908,79.32368558927962,3.1221918924071265e-4,0.006111306717308959,0.006067519637490211,0.006157510745861376,0,0,0,1,1,1,3.02143037878011e-5,0,0,0
TUR.81.6_1,2072,6,aegypti,20.552049664890067,70.47860625403197,3.5117503980128e-4,0.02554783601459817,0.0254000193106801,0.025689929350188146,0,0,0,1,1,1,3.511688736779206e-5,0,0,0
TUR.81.6_1,2072,7,aegypti,25.93680398604449,60.177243533455155,4.1239688228154593e-4,0.08786078581625056,0.08733965836736843,0.08837377811248565,2.4572359147434498e-11,2.0701618197449535e-11,2.8856661504761403e-11,0.9999999999754277,0.9999999999711434,0.9999999999792984,3.990857933611203e-5,9.806479445108278e-16,8.261721722188152e-16,1.1516283650381004e-15
TUR.81.6_1,2072,8,aegypti,25.097248694475958,65.36100591899738,4.896953023353784e-4,0.0864272410898169,0.08594451567208344,0.08690835028877156,1.5435753120129904e-11,1.3138382048971665e-11,1.8001741763917777e-11,0.9999999999845642,0.9999999999819983,0.9999999999868616,4.738874508591895e-5,7.31480969819014e-16,6.226114377601317e-16,8.530799515528405e-16
TUR.81.6_1,2072,9,aegypti,20.807654605192297,72.8387843968781,3.90310803208686e-4,0.02965882930325527,0.02949677250943715,0.02980962480635248,0,0,0,1,1,1,3.9030318618182847e-5,0,0,0
TUR.81.6_1,2072,10,aegypti,17.234923362731934,80.37296532972114,3.846350071945069e-4,0.0030651976005728883,0.003038673157728042,0.003091435685470401,0,0,0,1,1,1,3.722204987399724e-5,0,0,0
TUR.81.6_1,2072,11,aegypti,13.21260807794683,78.13718815927061,2.2310738215453607e-4,0,0,0,0,0,0,1,1,1,2.231048933276636e-5,0,0,0
TUR.81.6_1,2072,12,aegypti,7.0732391687000495,80.42428166471464,1.8350932485417196e-4,0,0,0,0,0,0,1,1,1,1.7758809231827044e-5,0,0,0
TUR.81.6_1,2073,1,aegypti,6.417461675756117,84.03662621149414,1.7985364660962782e-4,0,0,0,0,0,0,1,1,1,1.740504013791888e-5,0,0,0
TUR.81.6_1,2073,2,aegypti,6.011004268246539,83.23730693034094,1.3453597050198452e-4,0,0,0,0,0,0,1,1,1,1.4414464378664782e-5,0,0,0
TUR.81.6_1,2073,3,aegypti,8.765096331343932,78.05298907374647,1.6515412198361235e-4,0,0,0,0,0,0,1,1,1,1.5982529244173982e-5,0,0,0
TUR.81.6_1,2073,4,aegypti,9.48153786098256,83.47404444127184,2.1838595016170485e-4,0,0,0,0,0,0,1,1,1,2.1838356555781147e-5,0,0,0
TUR.81.6_1,2073,5,aegypti,17.37315186332254,83.80832761808821,3.0524581342923927e-4,0.0037377610338076273,0.0037080043475489505,0.0037670669499395475,0,0,0,1,1,1,2.9539481129603473e-5,0,0,0
TUR.81.6_1,2073,6,aegypti,20.492954282199637,75.59563353674682,3.4333159003094755e-4,0.027019453151567792,0.0268803528848502,0.027162932377057435,0,0,0,1,1,1,3.433256962692699e-5,0,0,0
TUR.81.6_1,2073,7,aegypti,25.111049820395078,71.32519656690242,4.0318605045976444e-4,0.09747931199755215,0.09700662235945484,0.09797760858268112,4.5647873125886915e-10,3.9732843681861145e-10,5.25380344784665e-10,0.9999999995435213,0.9999999994746197,0.9999999996026715,3.90172436907088e-5,1.7810541897152874e-14,1.5502660444600158e-14,2.0498892942771885e-14
TUR.81.6_1,2073,8,aegypti,26.807507178362677,64.64795507671222,4.7875802015037814e-4,0.10655911510776543,0.10589585287100291,0.10715534787153762,5.510888800075442e-9,4.615285287279392e-9,6.415916337099148e-9,0.9999999944891113,0.9999999935840838,0.9999999953847146,4.633034802115077e-5,2.5532139601335716e-13,2.1382777357655102e-13,2.9725163677239035e-13
TUR.81.6_1,2073,9,aegypti,22.613587603849524,69.4714404942902,3.815932611489833e-4,0.05308879178935967,0.052807323971776406,0.05335893815225595,0,0,0,1,1,1,3.815859805711419e-5,0,0,0
TUR.81.6_1,2073,10,aegypti,15.381939888000488,79.01089715345161,3.7604423331562097e-4,1.033139599291324e-4,1.0190867699081265e-4,1.0467318354012711e-4,0,0,0,1,1,1,3.639071525951554e-5,0,0,0
TUR.81.6_1,2073,11,aegypti,11.71498081964605,81.89300938729795,2.181243072004912e-4,0,0,0,0,0,0,1,1,1,2.181219283070579e-5,0,0,0
TUR.81.6_1,2073,12,aegypti,8.509184202727148,80.11793858610136,1.7941066746469516e-4,0,0,0,0,0,0,1,1,1,1.7362171933599235e-5,0,0,0
TUR.81.6_1,2074,1,aegypti,6.630728048436781,83.81424461969726,1.8984357496580975e-4,0,0,0,0,0,0,1,1,1,1.8371790104221297e-5,0,0,0
TUR.81.6_1,2074,2,aegypti,9.229061900692829,77.48228678873937,1.4200873923355986e-4,0,0,0,0,0,0,1,1,1,1.521510630986267e-5,0,0,0
TUR.81.6_1,2074,3,aegypti,9.217891360030455,82.48397357081679,1.7432756871347193e-4,0,0,0,0,0,0,1,1,1,1.6870267570912034e-5,0,0,0
TUR.81.6_1,2074,4,aegypti,12.59365658199086,76.70548212437731,2.305161462252155e-4,0,0,0,0,0,0,1,1,1,2.3051348936098393e-5,0,0,0
TUR.81.6_1,2074,5,aegypti,17.161283577189728,80.131089153732745,3.222006200993606e-4,0.0028169857067113463,0.0027951670958036657,0.002841739480776521,0,0,0,1,1,1,3.118021905779145e-5,0,0,0
TUR.81.6_1,2074,6,aegypti,20.632358579074637,76.95178893225463,3.6240186217431804e-4,0.02938071592884077,0.02921738360147103,0.029539734244512384,0,0,0,1,1,1,3.6239529549786376e-5,0,0,0
TUR.81.6_1,2074,7,aegypti,23.586195160360898,73.4551480439532,4.255809244822374e-4,0.0739343917387012,0.0735789593828574,0.07427144635128324,1.8500523335518436e-13,1.609823385706477e-13,2.1005419625907962e-13,0.999999999999815,0.99999999999979,0.999999999999839,4.118440265554746e-5,7.619330023883433e-18,6.629961452125223e-18,8.650956598221326e-18
TUR.81.6_1,2074,8,aegypti,25.989121100481817,77.25047888042316,5.053505213946301e-4,0.12600178183946326,0.12544417564336233,0.1265702581497715,5.624404646739078e-7,4.973322530188451e-7,6.347330604172806e-7,0.9999994375595354,0.9999993652669396,0.999999502667747,4.89036933426501e-5,2.7505416007910416e-11,2.432138399104287e-11,3.1040790941088495e-11
TUR.81.6_1,2074,9,aegypti,22.431718097013587,78.19980734609685,4.0278876878500187e-4,0.05840306624799128,0.058114437642686964,0.05867029242354561,2.220446049250313e-16,2.220446049250313e-16,2.220446049250313e-16,0.9999999999999998,0.9999999999999998,0.9999999999999998,4.027806569539827e-5,8.943527184479165e-21,8.943527184479165e-21,8.943527184479165e-21
TUR.81.6_1,2074,10,aegypti,15.013788223266602,82.90101861341255,3.9693152151018405e-4,2.0062453445791984e-5,1.9749836596084014e-5,2.037310264157221e-5,0,0,0,1,1,1,3.84119901286617e-5,0,0,0
TUR.81.6_1,2074,11,aegypti,11.462690093938042,73.39212437753233,2.3023997036746794e-4,0,0,0,0,0,0,1,1,1,2.3023731986593354e-5,0,0,0
TUR.81.6_1,2074,12,aegypti,9.14436849075205,80.79262883268339,1.8937599064881313e-4,0,0,0,0,0,0,1,1,1,1.832654083933072e-5,0,0,0
TUR.81.6_1,2075,1,aegypti,5.24559382831349,80.3691838897168,1.8328051473386796e-4,0,0,0,0,0,0,1,1,1,1.773666671001095e-5,0,0,0
TUR.81.6_1,2075,2,aegypti,7.771500407772907,79.10985026530187,1.370993715648367e-4,0,0,0,0,0,0,1,1,1,1.4689110495957891e-5,0,0,0
TUR.81.6_1,2075,3,aegypti,10.182589197860045,77.71592242335585,1.6830091053575622e-4,0,0,0,0,0,0,1,1,1,1.628705225509286e-5,0,0,0
TUR.81.6_1,2075,4,aegypti,9.522820514791153,83.5617519608031,2.225469992452155e-4,0,0,0,0,0,0,1,1,1,2.2254452290537685e-5,0,0,0
TUR.81.6_1,2075,5,aegypti,16.334162796244904,84.13591856047103,3.110618597970331e-4,9.9895814643416e-4,9.887815384661634e-4,0.001008418310802451,0,0,0,1,1,1,3.0102307541968187e-5,0,0,0
TUR.81.6_1,2075,6,aegypti,21.753479031955496,76.0042715372351,3.498733093905524e-4,0.044990495760245844,0.044771452406981466,0.04522101277778034,0,0,0,1,1,1,3.498671888957361e-5,0,0,0
TUR.81.6_1,2075,7,aegypti,24.840816666098203,63.252778354011795,4.108682156563241e-4,0.07932516190852291,0.078890452043554965,0.0797706058572395,1.3645363727832205e-12,1.1640549635316688e-12,1.5941942210773164e-12,0.9999999999986354,0.9999999999984058,0.9999999999988359,3.9760649749198684e-5,5.4254852788275636e-17,4.6283581693798927e-17,6.33861980564518e-17
TUR.81.6_1,2075,8,aegypti,25.793778082903692,75.26615728618488,4.878801070771928e-4,0.11765717055231048,0.11711328139022777,0.11819355211071657,8.580545155800756e-8,7.536391709028756e-8,9.707502490463592e-8,0.9999999141945485,0.9999999029249751,0.9999999246360829,4.7213089337749814e-5,4.051140450074175e-12,3.5581633504265164e-12,4.583211823286864e-12
TUR.81.6_1,2075,9,aegypti,21.641921267789954,75.04051321767888,3.888640049326475e-4,0.04255940457439242,0.042352505600466044,0.04275359191155906,0,0,0,1,1,1,3.8885644427000265e-5,0,0,0
TUR.81.6_1,2075,10,aegypti,17.765889167785645,72.74453973157661,3.832092478746565e-4,0.004585950871874693,0.004549721709082402,0.00462386421799737,0,0,0,1,1,1,3.708407829194904e-5,0,0,0
TUR.81.6_1,2075,11,aegypti,12.731454589787651,74.08568211679014,2.2228037103104412e-4,0,0,0,0,0,0,1,1,1,2.2227790062112618e-5,0,0,0
TUR.81.6_1,2075,12,aegypti,8.18118890243418,77.35027653776152,1.828290952201127e-4,0,0,0,0,0,0,1,1,1,1.7692981724493073e-5,0,0,0
