district_id,year,month,species,temp_c,rh,lambda_import,lambda_local_i1_mean,lambda_local_i1_p2_5,lambda_local_i1_p97_5,p_establishment_mean,p_establishment_p2_5,p_establishment_p97_5,q_extinction_mean,q_extinction_p2_5,q_extinction_p97_5,q_import_month,p_month_major_mean,p_month_major_p2_5,p_month_major_p97_5
TUR.10.4_1,2025,1,aegypti,2.7727157944429885,76.6627035987201,9.743674345105856e-4,0,0,0,0,0,0,1,1,1,9.42891771906762e-5,0,0,0
TUR.10.4_1,2025,2,aegypti,3.4530387025408666,78.01872972929112,7.288563279005163e-4,0,0,0,0,0,0,1,1,1,7.808870033665372e-5,0,0,0
TUR.10.4_1,2025,3,aegypti,3.8387143799268144,80.33849302445594,8.947319176980554e-4,0,0,0,0,0,0,1,1,1,8.658321123466983e-5,0,0,0
TUR.10.4_1,2025,4,aegypti,8.20473734070273,78.41148624138377,0.0011831183965598066,0,0,0,0,0,0,1,1,1,1.1830484108632522e-4,0,0,0
TUR.10.4_1,2025,5,aegypti,13.103286630967084,84.1166521144556,0.0016536866821037998,0,0,0,0,0,0,1,1,1,1.600213902536174e-4,0,0,0
TUR.10.4_1,2025,6,aegypti,17.328715885386746,85.52858339148244,0.0018600185588174033,0.007331526221828605,0.007275110430535935,0.007388090693738006,0,0,0,1,1,1,1.859845586089648e-4,0,0,0
TUR.10.4_1,2025,7,aegypti,20.174097117255716,89.0994218122265,0.0021842835273149603,0.05743541583893811,0.057148948956641875,0.057692633389682994,1.113553693699032e-16,1.1102230246251565e-16,1.1102230246251565e-16,0.9999999999999999,0.9999999999999999,0.9999999999999999,2.1135993717757984e-4,2.353606387440894e-20,2.3465666873787576e-20,2.3465666873787576e-20
TUR.10.4_1,2025,8,aegypti,21.26083469390869,91.83991493396837,0.0025936990027107935,0.09664321061320193,0.09620846182695843,0.09703071233875683,3.5823726862727054e-10,3.1509898301695924e-10,4.001061815195328e-10,0.9999999996417628,0.9999999995998938,0.999999999684901,2.5097163064458083e-4,8.990739146504683e-14,7.908090558221534e-14,1.004153008069338e-13
TUR.10.4_1,2025,9,aegypti,16.832815703223734,89.47135575471722,0.0020673033541503912,0.00441741718802626,0.004381630881122026,0.004454057766618201,0,0,0,1,1,1,2.0670896817165385e-4,0,0,0
TUR.10.4_1,2025,10,aegypti,14.24745183832505,84.5692496184529,0.002037241177953561,0,0,0,0,0,0,1,1,1,1.9713293880829763e-4,0,0,0
TUR.10.4_1,2025,11,aegypti,8.906155396910275,82.83230937593409,0.0011817009308276337,0,0,0,0,0,0,1,1,1,1.1816311127232915e-4,0,0,0
TUR.10.4_1,2025,12,aegypti,4.970334209501743,70.2164687695517,9.719675696141759e-4,0,0,0,0,0,0,1,1,1,9.405695407194159e-5,0,0,0
TUR.10.4_1,2026,1,aegypti,1.8115797676693868,80.1125327002826,0.001108895228430962,0,0,0,0,0,0,1,1,1,1.073066836869696e-4,0,0,0
TUR.10.4_1,2026,2,aegypti,3.0632181268267553,77.09554247343175,8.294871889130389e-4,0,0,0,0,0,0,1,1,1,8.886967823973357e-5,0,0,0
TUR.10.4_1,2026,3,aegypti,6.078476447721615,72.78224149857704,0.0010182646906283473,0,0,0,0,0,0,1,1,1,9.853688917615955e-5,0,0,0
TUR.10.4_1,2026,4,aegypti,11.10763279129477,72.5617624254658,0.0013464677678529362,0,0,0,0,0,0,1,1,1,1.3463771231492228e-4,0,0,0
TUR.10.4_1,2026,5,aegypti,17.62525261149687,75.90224323994389,0.001882005910866483,0.008467771587156048,0.008400186947486255,0.008532391119210942,0,0,0,1,1,1,1.821130196878462e-4,0,0,0
TUR.10.4_1,2026,6,aegypti,16.925881946788113,87.71531282263479,0.002116825369581095,0.004824781913176546,0.004784570173654157,0.004863789380229683,0,0,0,1,1,1,2.1166013379070314e-4,0,0,0
TUR.10.4_1,2026,7,aegypti,21.25227170832017,81.73313458078118,0.002485860564702192,0.08206135601036778,0.08168923935279739,0.08243886633855883,3.562126593692483e-12,3.1254304699857016e-12,4.0475955920271645e-12,0.9999999999964378,0.9999999999959523,0.9999999999968746,2.4053821746583548e-4,8.568275812344382e-16,7.517854740637691e-16,9.736014287287872e-16
TUR.10.4_1,2026,8,aegypti,19.769139289855957,83.774881974984,0.0029518027247460283,0.04306256084237603,0.04282111823662642,0.04328373180835004,0,0,0,1,1,1,2.856175317457188e-4,0,0,0
TUR.10.4_1,2026,9,aegypti,22.450978812049417,74.76035721956097,0.002352729313339738,0.1108259820795166,0.11025144628238757,0.11135376318043601,1.640268434976999e-8,1.4166813122606924e-8,1.8672502172245587e-8,0.9999999835973157,0.9999999813274978,0.9999999858331868,2.352452568282759e-4,3.858653692534783e-12,3.3326755914658554e-12,4.392617569136453e-12
TUR.10.4_1,2026,10,aegypti,13.548200663398292,83.82819126884353,0.0023185165486677953,0,0,0,0,0,0,1,1,1,2.2434739958354655e-4,0,0,0
TUR.10.4_1,2026,11,aegypti,11.63870077273425,75.7367817270083,0.0013448545971627025,0,0,0,0,0,0,1,1,1,1.3447641695218948e-4,0,0,0
TUR.10.4_1,2026,12,aegypti,6.568831123411655,70.75977321291107,0.0011061640218673475,0,0,0,0,0,0,1,1,1,1.0704240170167356e-4,0,0,0
TUR.10.4_1,2027,1,aegypti,2.6312952512491714,82.39309605477479,0.0010556501373488653,0,0,0,0,0,0,1,1,1,1.0215447258765664e-4,0,0,0
TUR.10.4_1,2027,2,aegypti,4.10417414718198,76.04988817655675,7.896582494490282e-4,0,0,0,0,0,0,1,1,1,8.460266200527311e-5,0,0,0
TUR.10.4_1,2027,3,aegypti,5.848443526884212,74.95265165482704,9.693713463266454e-4,0,0,0,0,0,0,1,1,1,9.380573025696837e-5,0,0,0
TUR.10.4_1,2027,4,aegypti,10.344501649632173,68.8018976183369,0.0012818153127784574,0,0,0,0,0,0,1,1,1,1.2817331637637874e-4,0,0,0
TUR.10.4_1,2027,5,aegypti,14.772794611313763,81.68725453144779,0.0017916388738625276,2.8860371460441607e-6,2.834746483194256e-6,2.9360297375422283e-6,0,0,0,1,1,1,1.733693769403466e-4,0,0,0
TUR.10.4_1,2027,6,aegypti,16.155334079966824,90.16433320837697,0.0020151831614459593,0.0016264617144532041,0.0016100528865692393,0.001642821458338668,0,0,0,1,1,1,2.0149801269253587e-4,0,0,0
TUR.10.4_1,2027,7,aegypti,20.839901026557474,91.30192883126946,0.00236649863691011,0.08057568647638025,0.08021837043941211,0.08093152522772928,2.123148878929726e-12,1.8682749791665287e-12,2.400576959438183e-12,0.9999999999978768,0.9999999999975995,0.9999999999981317,2.2898977495866557e-4,4.86179383989861e-16,4.2781586704024903e-16,5.497075777127072e-16
TUR.10.4_1,2027,8,aegypti,21.258151054382324,90.72874702625353,0.0028100679594536657,0.09487631349252815,0.09443875404721158,0.0952717168111164,2.1339593236913145e-10,1.8705177129429983e-10,2.39397596191182e-10,0.999999999786604,0.9999999997606024,0.9999999998129483,2.7190508770169597e-4,5.802343970601387e-14,5.086032827853417e-14,6.509342438793856e-14
TUR.10.4_1,2027,9,aegypti,20.6839461887584,89.09328110872113,0.002239759861070071,0.07276990571393843,0.07244618893317063,0.07309492729617013,1.1780110220627193e-13,1.0358103263996554e-13,1.3344880755994382e-13,0.9999999999998822,0.9999999999998666,0.9999999999998964,2.2395090535831663e-4,2.638166349130219e-17,2.319706603766963e-17,2.9885981272037187e-17
TUR.10.4_1,2027,10,aegypti,13.879729327033546,86.98307560722243,0.0022071898681626932,0,0,0,0,0,0,1,1,1,2.135762088532056e-4,0,0,0
TUR.10.4_1,2027,11,aegypti,8.96229581973132,80.0199848520083,0.001280279600641683,0,0,0,0,0,0,1,1,1,1.280197648346748e-4,0,0,0
TUR.10.4_1,2027,12,aegypti,5.528267063200474,73.32498164796966,0.0010530500733301146,0,0,0,0,0,0,1,1,1,1.0190287916145291e-4,0,0,0
TUR.10.4_1,2028,1,aegypti,3.0632868880022537,78.05544957039979,0.0010027408839224422,0,0,0,0,0,0,1,1,1,9.703473220534775e-5,0,0,0
TUR.10.4_1,2028,2,aegypti,4.153016577296726,79.47307543241612,7.768691169545937e-4,0,0,0,0,0,0,1,1,1,8.036254147736344e-5,0,0,0
TUR.10.4_1,2028,3,aegypti,7.739366073270931,67.88737455521766,9.207863915082671e-4,0,0,0,0,0,0,1,1,1,8.910439043652296e-5,0,0,0
TUR.10.4_1,2028,4,aegypti,10.642464792027193,76.00086459831736,0.0012175706460747834,0,0,0,0,0,0,1,1,1,1.2174965251687819e-4,0,0,0
TUR.10.4_1,2028,5,aegypti,15.21073330149931,73.89347706562748,0.0017018418171748945,9.677720401669381e-5,9.524061905449278e-5,9.82680588748272e-5,0,0,0,1,1,1,1.6468080803089258e-4,0,0,0
TUR.10.4_1,2028,6,aegypti,17.909264171824734,86.30735383825979,0.0019141820505500973,0.012819876338370798,0.01272382506551105,0.012909470156061626,0,0,0,1,1,1,1.9139988575933575e-4,0,0,0
TUR.10.4_1,2028,7,aegypti,20.41263204462388,88.21127636544915,0.0022478895715733593,0.06348667266761837,0.06318986693482782,0.06378224909845333,2.4147350785597155e-15,2.1094237467877974e-15,2.7755575615628914e-15,0.9999999999999976,0.9999999999999972,0.9999999999999979,2.1751404086489678e-4,5.252387845557377e-19,4.588292830601847e-19,6.03722740868664e-19
TUR.10.4_1,2028,8,aegypti,20.729853630065918,88.99398292713244,0.002669227170870439,0.07413024437888217,0.07377272410364259,0.07446724203877357,1.9944801366023058e-13,1.735250831913504e-13,2.2638002583619256e-13,0.9999999999998006,0.9999999999997736,0.9999999999998265,2.582789471069491e-4,5.1513222970736755e-17,4.481787578330773e-17,5.846919471901573e-17
TUR.10.4_1,2028,9,aegypti,18.396689947913675,85.1749156302055,0.002127502951407467,0.01859103604211503,0.01847263753033965,0.018703777824484975,0,0,0,1,1,1,2.1272766540159083e-4,0,0,0
TUR.10.4_1,2028,10,aegypti,13.963743265937355,84.63095616142165,0.0020965653686593508,0,0,0,0,0,0,1,1,1,2.028728412949432e-4,0,0,0
TUR.10.4_1,2028,11,aegypti,9.696109105558957,78.15791667573878,0.0012161119039300167,0,0,0,0,0,0,1,1,1,1.2160379605197225e-4,0,0,0
TUR.10.4_1,2028,12,aegypti,3.9012750759720802,76.00812526369232,0.0010002711352811312,0,0,0,0,0,0,1,1,1,9.679574743581831e-5,0,0,0
TUR.10.4_1,2029,1,aegypti,-0.06905628502478489,81.89533909676697,9.467095423083084e-4,0,0,0,0,0,0,1,1,1,9.161285576742006e-5,0,0,0
TUR.10.4_1,2029,2,aegypti,1.2513954032294672,74.52103380643956,7.081673875336355e-4,0,0,0,0,0,0,1,1,1,7.587219879490181e-5,0,0,0
TUR.10.4_1,2029,3,aegypti,4.555977363248958,74.16633573685829,8.693345182641761e-4,0,0,0,0,0,0,1,1,1,8.412560817139259e-5,0,0,0
TUR.10.4_1,2029,4,aegypti,7.5291644685408645,80.99514255241893,0.0011495350070543698,0,0,0,0,0,0,1,1,1,1.1494689380497913e-4,0,0,0
TUR.10.4_1,2029,5,aegypti,15.89919651255888,82.47756062275639,0.0016067459835849276,8.730069933770076e-4,8.62343717259449e-4,8.834051121457872e-4,0,0,0,1,1,1,1.5547945861449364e-4,0,0,0
TUR.10.4_1,2029,6,aegypti,18.625439251170437,88.45271669226369,0.001807221029905893,0.023032345200728815,0.022887590452766147,0.023177161722651114,0,0,0,1,1,1,1.8070577373507923e-4,0,0,0
TUR.10.4_1,2029,7,aegypti,20.593732889960794,87.38492901437493,0.0021222815800023102,0.06808193652909776,0.06775192655538043,0.06839755945644603,1.7713164268684522e-14,1.5432100042289676e-14,2.020605904817785e-14,0.9999999999999822,0.9999999999999798,0.9999999999999846,2.0536099892998205e-4,3.6375931084279185e-18,3.169151480272026e-18,4.1495364705720054e-18
TUR.10.4_1,2029,8,aegypti,23.094706535339355,87.40546669178087,0.0025200755985602214,0.16607492147022324,0.16539609338252068,0.16668273222783464,7.772337511426314e-4,7.029333813603268e-4,8.480783297224016e-4,0.9992227662488574,0.9991519216702777,0.9992970666186396,2.4384854784031962e-4,1.89527321548615e-7,1.7140928427320126e-7,2.0680266915765138e-7
TUR.10.4_1,2029,9,aegypti,20.609277304481058,82.10453446565472,0.0020086219457890607,0.06312990125685579,0.06280693770163864,0.06343585229096599,2.0569101977230276e-15,1.7763568394002505e-15,2.3314683517128287e-15,0.9999999999999979,0.9999999999999977,0.9999999999999982,2.0084202311887456e-4,4.1311400548453714e-19,3.5676710140619604e-19,4.682568205956323e-19
TUR.10.4_1,2029,10,aegypti,15.26201539881089,82.56282566825759,0.0019794130990439026,1.4094602682610633e-4,1.3902873087364893e-4,1.428255095617719e-4,0,0,0,1,1,1,1.9153776065961026e-4,0,0,0
TUR.10.4_1,2029,11,aegypti,8.696533967466916,78.67714274995753,0.0011481577767744834,0,0,0,0,0,0,1,1,1,1.1480918659834138e-4,0,0,0
TUR.10.4_1,2029,12,aegypti,2.803877867758274,84.50752254152435,9.443777987409313e-4,0,0,0,0,0,0,1,1,1,9.138722381141218e-5,0,0,0
TUR.10.4_1,2030,1,aegypti,2.0812694007147323,81.11514195321229,0.001118426643710194,0,0,0,0,0,0,1,1,1,1.0822897930951036e-4,0,0,0
TUR.10.4_1,2030,2,aegypti,3.3394844632677954,79.3242183157169,8.366169759872602e-4,0,0,0,0,0,0,1,1,1,8.963351581781076e-5,0,0,0
TUR.10.4_1,2030,3,aegypti,6.097055930753841,81.20865598832313,0.0010270170987745075,0,0,0,0,0,0,1,1,1,9.938381259599893e-5,0,0,0
TUR.10.4_1,2030,4,aegypti,9.553248559727388,75.92681369499705,0.0013580412178295096,0,0,0,0,0,0,1,1,1,1.357949008206072e-4,0,0,0
TUR.10.4_1,2030,5,aegypti,14.085527307846966,82.1176286769556,0.0018981825337200404,0,0,0,0,0,0,1,1,1,1.8367821299947185e-4,0,0,0
TUR.10.4_1,2030,6,aegypti,16.334979618296902,87.55794130163869,0.0021350203632592973,0.0021137770921231865,0.0020940537262281035,0.002134182502955452,0,0,0,1,1,1,2.1347924638814852e-4,0,0,0
TUR.10.4_1,2030,7,aegypti,21.730730112861185,88.12659771554681,0.002507227569231527,0.10883206876576614,0.10837513494095267,0.1092914227368577,9.899413623615238e-9,8.791710290334542e-9,1.1110786410362115e-8,0.9999999901005864,0.9999999888892136,0.9999999912082898,2.4260549258159347e-4,2.401652118426112e-12,2.1329172056212757e-12,2.695537810054776e-12
TUR.10.4_1,2030,8,aegypti,21.35123348236084,88.89104713611681,0.002977174695758774,0.09557209614914099,0.09516230412688638,0.09594849191665658,2.619708697748635e-10,2.317934288953438e-10,2.920484853952132e-10,0.9999999997380291,0.9999999997079515,0.9999999997682065,2.8807217947413033e-4,7.54665194147785e-14,6.677323824966355e-14,8.413104369991778e-14
TUR.10.4_1,2030,9,aegypti,17.787962492774515,89.38860734163129,0.002372951999442187,0.012079324421994506,0.011994143285135584,0.012157370149361777,0,0,0,1,1,1,2.3726704766513507e-4,0,0,0
TUR.10.4_1,2030,10,aegypti,15.952996310065773,89.45556401054274,0.0023384451618410993,0.0010951346449855639,0.0010831164451753313,0.001107512214275293,0,0,0,1,1,1,2.2627554052168097e-4,0,0,0
TUR.10.4_1,2030,11,aegypti,8.339932252379025,80.52697337739893,0.0013564141812668553,0,0,0,0,0,0,1,1,1,1.3563221924539626e-4,0,0,0
TUR.10.4_1,2030,12,aegypti,7.568289913237095,68.54917903566498,0.001115671961291238,0,0,0,0,0,0,1,1,1,1.0796242595634276e-4,0,0,0
TUR.10.4_1,2031,1,aegypti,7.0872639292467605,75.07182988045838,0.0010699069054101512,0,0,0,0,0,0,1,1,1,1.0353401792650985e-4,0,0,0
TUR.10.4_1,2031,2,aegypti,-0.005418528980739801,82.81417040311925,8.003227434056613e-4,0,0,0,0,0,0,1,1,1,8.574518903603501e-5,0,0,0
TUR.10.4_1,2031,3,aegypti,4.4884350487195395,71.35575834428016,9.824629019101485e-4,0,0,0,0,0,0,1,1,1,9.507253534357663e-5,0,0,0
TUR.10.4_1,2031,4,aegypti,9.802941953434663,78.92804202751658,0.0012991264871582392,0,0,0,0,0,0,1,1,1,1.2990421043312939e-4,0,0,0
TUR.10.4_1,2031,5,aegypti,15.473847277024213,84.3760515285181,0.0018158353182814988,3.0633739893888757e-4,3.0227094108839053e-4,3.1028199378950694e-4,0,0,0,1,1,1,1.7571055963438997e-4,0,0,0
TUR.10.4_1,2031,6,aegypti,18.34330996345071,82.86524568396291,0.0020423986165643525,0.017248917922518918,0.01713492046222447,0.01736075231858881,0,0,0,1,1,1,2.0421900611578003e-4,0,0,0
TUR.10.4_1,2031,7,aegypti,19.880952891181497,89.76913769357415,0.0023984586783955468,0.050048275495986734,0.04979834677939431,0.05029531999810156,0,0,0,1,1,1,2.3208196917312574e-4,0,0,0
TUR.10.4_1,2031,8,aegypti,22.842034339904785,86.93377174549181,0.002848018494121329,0.15323709762854248,0.15256879235292406,0.15383231490419164,1.0358153402483439e-4,9.242702435622862e-5,1.1428343136671849e-4,0.9998964184659752,0.9998857165686333,0.9999075729756437,2.7557671473921186e-4,2.8544658854211752e-8,2.5470735725210603e-8,3.149385256516448e-8
TUR.10.4_1,2031,9,aegypti,18.73101573831895,87.38796647249066,0.002270008269820764,0.02437890571476558,0.0242322621707854,0.024530452136006183,0,0,0,1,1,1,2.269750642437396e-4,0,0,0
TUR.10.4_1,2031,10,aegypti,17.133945521186376,80.60846470634353,0.0022369984125888247,0.005507577569429431,0.005458275245811122,0.005553540952833452,0,0,0,1,1,1,2.1646028643818038e-4,0,0,0
TUR.10.4_1,2031,11,aegypti,7.03617220065173,83.1657596933169,0.0012975700349192583,0,0,0,0,0,0,1,1,1,1.2974858541603407e-4,0,0,0
TUR.10.4_1,2031,12,aegypti,6.346404708921909,68.79244990968841,0.001067271727002316,0,0,0,0,0,0,1,1,1,1.0327902703166636e-4,0,0,0
TUR.10.4_1,2032,1,aegypti,3.420297610162593,80.62798222420838,9.436807622012001e-4,0,0,0,0,0,0,1,1,1,9.131977482468301e-5,0,0,0
TUR.10.4_1,2032,2,aegypti,2.7858077388338964,84.3694072195255,7.311125457960161e-4,0,0,0,0,0,0,1,1,1,7.562947227102157e-5,0,0,0
TUR.10.4_1,2032,3,aegypti,3.038943547865047,83.96775022660438,8.665532818049753e-4,0,0,0,0,0,0,1,1,1,8.385647886233194e-5,0,0,0
TUR.10.4_1,2032,4,aegypti,8.550466691746431,76.36912784294627,0.0011458573333791879,0,0,0,0,0,0,1,1,1,1.1457916864354711e-4,0,0,0
TUR.10.4_1,2032,5,aegypti,15.885250933030072,78.6175066066431,0.0016016055682254366,7.93877347748989e-4,7.84828246038739e-4,8.0308877580476e-4,0,0,0,1,1,1,1.5498207628461547e-4,0,0,0
TUR.10.4_1,2032,6,aegypti,19.066153133616726,82.75570283728322,0.001801439240603146,0.02827871997737382,0.02810913265305364,0.02844791585666392,0,0,0,1,1,1,1.801276991179046e-4,0,0,0
TUR.10.4_1,2032,7,aegypti,21.228212412665872,90.21097881906243,0.0021154918267105873,0.09299923467615374,0.09257304265854763,0.09339850590893592,1.216866084563506e-10,1.067246846453429e-10,1.3700026668672649e-10,0.9999999998783133,0.9999999998629997,0.9999999998932754,2.0470406075212555e-4,2.4909742890168906e-14,2.1846976329391715e-14,2.804451091489706e-14
TUR.10.4_1,2032,8,aegypti,19.789685249328613,89.79706062488634,0.002512013194517353,0.04771989165989914,0.047483197171945976,0.04796503609909674,0,0,0,1,1,1,2.430685051453274e-4,0,0,0
TUR.10.4_1,2032,9,aegypti,19.41162639505723,85.7099726980766,0.002002195820435688,0.03638870662076813,0.03620071020731592,0.03659502514705389,0,0,0,1,1,1,2.0019953944072633e-4,0,0,0
TUR.10.4_1,2032,10,aegypti,14.348957117866066,86.99229191581618,0.0019730804206983185,0,0,0,0,0,0,1,1,1,1.9092503801387828e-4,0,0,0
TUR.10.4_1,2032,11,aegypti,3.6267109408098115,88.24026836030909,0.0011444845092317933,0,0,0,0,0,0,1,1,1,1.1444190194909165e-4,0,0,0
TUR.10.4_1,2032,12,aegypti,4.711878456175327,72.46118159914154,9.413564785127152e-4,0,0,0,0,0,0,1,1,1,9.109486466041261e-5,0,0,0
TUR.10.4_1,2033,1,aegypti,2.293148683904506,79.93535527108338,0.0010881121453231366,0,0,0,0,0,0,1,1,1,1.0529563137973152e-4,0,0,0
TUR.10.4_1,2033,2,aegypti,2.1726217370562475,80.64141039335362,8.139408137983681e-4,0,0,0,0,0,0,1,1,1,8.720414183327474e-5,0,0,0
TUR.10.4_1,2033,3,aegypti,5.702783126493587,74.81544462357704,9.99180218850939e-4,0,0,0,0,0,0,1,1,1,9.669018509150806e-5,0,0,0
TUR.10.4_1,2033,4,aegypti,9.368114625706392,76.47416171745799,0.0013212320640607108,0,0,0,0,0,0,1,1,1,1.321144785195738e-4,0,0,0
TUR.10.4_1,2033,5,aegypti,14.300975687363568,79.99907551533451,0.001846733069706997,0,0,0,0,0,0,1,1,1,1.7870013474852176e-4,0,0,0
TUR.10.4_1,2033,6,aegypti,19.336762035594266,80.08948884802541,0.0020771515063947527,0.031977385292036566,0.031788260780716296,0.03216296714328562,0,0,0,1,1,1,2.076935793411394e-4,0,0,0
TUR.10.4_1,2033,7,aegypti,20.741363581489114,91.57211620919915,0.0024392701877341406,0.07754187703872142,0.0771986243812883,0.07787735430718172,7.153290182415617e-13,6.294825771746559e-13,8.069184209702484e-13,0.9999999999992847,0.9999999999991931,0.9999999999993705,2.3603054567145065e-4,1.6883949851017888e-16,1.4857711618120508e-16,1.9045739521395307e-16
TUR.10.4_1,2033,8,aegypti,20.70390224456787,90.51702369861681,0.0028964795889137042,0.07503896991396475,0.07471221693954427,0.07536482590612449,2.818770772350376e-13,2.4856505742576473e-13,3.181926944151314e-13,0.9999999999997181,0.9999999999996818,0.9999999999997514,2.8026519471713307e-4,7.900033393757418e-17,6.966413421930732e-17,8.917833745782603e-17
TUR.10.4_1,2033,9,aegypti,17.630489882300882,87.16402085481488,0.0023086341025428223,0.010122447550179676,0.010046756563091126,0.01019232211758521,0,0,0,1,1,1,2.308367633477859e-4,0,0,0
TUR.10.4_1,2033,10,aegypti,14.004682596992042,85.539853561324,0.0022750625587123936,0,0,0,0,0,0,1,1,1,2.2014310934037606e-4,0,0,0
TUR.10.4_1,2033,11,aegypti,11.30773382327136,79.33322490327784,0.0013196491276610237,0,0,0,0,0,0,1,1,1,1.3195620577999279e-4,0,0,0
TUR.10.4_1,2033,12,aegypti,7.527955211699009,74.3264312329306,0.0010854321274485351,0,0,0,0,0,0,1,1,1,1.0503630208669179e-4,0,0,0
TUR.10.4_1,2034,1,aegypti,2.9014723175753128,75.78351506112244,0.0011076159297379955,0,0,0,0,0,0,1,1,1,1.0718289386490998e-4,0,0,0
TUR.10.4_1,2034,2,aegypti,3.471599112086765,77.9221187063419,8.285302347758024e-4,0,0,0,0,0,0,1,1,1,8.876715654593248e-5,0,0,0
TUR.10.4_1,2034,3,aegypti,4.95432950939764,74.93074003373329,0.0010170899496299054,0,0,0,0,0,0,1,1,1,9.84232157590359e-5,0,0,0
TUR.10.4_1,2034,4,aegypti,8.342322026982027,78.83771762566111,0.0013449143889480845,0,0,0,0,0,0,1,1,1,1.3448239532665163e-4,0,0,0
TUR.10.4_1,2034,5,aegypti,14.842333681443158,74.5702882838892,0.0018798346978968561,7.482638915026894e-6,7.353928837711916e-6,7.6105714570086666e-6,0,0,0,1,1,1,1.8190294054676315e-4,0,0,0
TUR.10.4_1,2034,6,aegypti,17.752832973704617,85.54352937536916,0.0021143832525450474,0.011046908329964647,0.010972870004996629,0.01112638064598949,0,0,0,1,1,1,2.1141597374718657e-4,0,0,0
TUR.10.4_1,2034,7,aegypti,21.009687479804544,94.78009350412103,0.0024829927029874116,0.09136845783949198,0.09098612822423721,0.0917406074211113,7.394491985390772e-11,6.559372489611803e-11,8.276608565171983e-11,0.999999999926055,0.999999999917234,0.9999999999344062,0.00024026074918048757,1.7766061842190978e-14,1.5759597485080116e-14,1.988544174541861e-14
TUR.10.4_1,2034,8,aegypti,22.404242515563965,94.62647499256212,0.002948397319734948,0.15214402085010326,0.15158851596298592,0.1527102513928967,8.610658659520553e-5,7.824879520609286e-5,9.46623874839736e-5,0.9999138934134048,0.999905337612516,0.9999217512047939,2.852880704945493e-4,2.4565181946618012e-8,2.232344780286937e-8,2.7006049873710196e-8
TUR.10.4_1,2034,9,aegypti,19.345094260047464,84.39038499055707,0.0023500150410998635,0.03431724518241779,0.03411550644769267,0.03451390782801851,0,0,0,1,1,1,2.349738934194212e-4,0,0,0
TUR.10.4_1,2034,10,aegypti,15.88297658808091,80.50563572685134,0.0023158417466537864,8.153932585836851e-4,8.058051752413296e-4,8.254611029192458e-4,0,0,0,1,1,1,2.2408860581490941e-4,0,0,0
TUR.10.4_1,2034,11,aegypti,10.381844808073605,78.50331462495753,0.0013433030793238037,0,0,0,0,0,0,1,1,1,1.343212860205334e-4,0,0,0
TUR.10.4_1,2034,12,aegypti,5.088896907866001,79.13405604982513,0.0011048878740843114,0,0,0,0,0,0,1,1,1,1.0691891674108334e-4,0,0,0
TUR.10.4_1,2035,1,aegypti,3.25796352565179,75.98173436043885,0.0010714504373884784,0,0,0,0,0,0,1,1,1,1.0368337651245341e-4,0,0,0
TUR.10.4_1,2035,2,aegypti,5.037542114787571,74.83914141142003,8.014773520367323e-4,0,0,0,0,0,0,1,1,1,8.586888648864921e-5,0,0,0
TUR.10.4_1,2035,3,aegypti,3.5717179962598222,82.28731504594032,9.83880280281061e-4,0,0,0,0,0,0,1,1,1,9.520968794229923e-5,0,0,0
TUR.10.4_1,2035,4,aegypti,10.434493219151216,75.82954654411814,0.0013010007093608258,0,0,0,0,0,0,1,1,1,1.3009160828880706e-4,0,0,0
TUR.10.4_1,2035,5,aegypti,12.896180040696088,83.75161610371342,0.0018184549853450262,0,0,0,0,0,0,1,1,1,1.7596403122432935e-4,0,0,0
TUR.10.4_1,2035,6,aegypti,18.266579235301297,83.48253999548635,0.0020453451416883772,0.016421667928842976,0.016308484855493896,0.016528394891467513,0,0,0,1,1,1,2.0451359841111572e-4,0,0,0
TUR.10.4_1,2035,7,aegypti,20.77722173578599,90.08864147775384,0.0024019188838116253,0.0769750238673819,0.07663370468132817,0.07733362648653998,5.809741576712213e-13,5.110301071198364e-13,6.614903069745992e-13,0.999999999999419,0.9999999999993385,0.999999999999489,2.324167499910823e-4,1.3502812555475188e-16,1.1877195664438704e-16,1.537414272976397e-16
TUR.10.4_1,2035,8,aegypti,20.23568820953369,86.94066871814806,0.0028521272699394066,0.057242359111969426,0.05696295806634042,0.05751179319184173,1.1102230246251565e-16,1.1102230246251565e-16,1.1102230246251565e-16,0.9999999999999999,0.9999999999999999,0.9999999999999999,2.75974228550635e-4,3.0639294274008025e-20,3.0639294274008025e-20,3.0639294274008025e-20
TUR.10.4_1,2035,9,aegypti,20.56753688700059,82.38528092561566,0.002273283162559392,0.0622311033802669,0.061939808367299336,0.06255394176438607,1.3651302310790924e-15,1.2212453270876722e-15,1.5543122344752192e-15,0.9999999999999987,0.9999999999999984,0.9999999999999988,2.2730247913216317e-4,3.102974858625405e-19,2.775920904755974e-19,3.532990242416694e-19
TUR.10.4_1,2035,10,aegypti,13.552136477302101,82.61310337821853,0.002240225682707223,0,0,0,0,0,0,1,1,1,2.1677253524843287e-4,0,0,0
TUR.10.4_1,2035,11,aegypti,7.138646413298215,81.64822734468409,0.0012994420116612432,0,0,0,0,0,0,1,1,1,1.2993575878406105e-4,0,0,0
TUR.10.4_1,2035,12,aegypti,7.958253063261509,73.49933620119232,0.001068811457264699,0,0,0,0,0,0,1,1,1,1.0342801778584487e-4,0,0,0
TUR.10.4_1,2036,1,aegypti,5.890565740465022,74.74159916756776,0.001183952796833043,0,0,0,0,0,0,1,1,1,1.1456951352484257e-4,0,0,0
TUR.10.4_1,2036,2,aegypti,5.360874901347629,80.88906816923253,9.17262254425789e-4,0,0,0,0,0,0,1,1,1,9.488469689611367e-5,0,0,0
TUR.10.4_1,2036,3,aegypti,4.9154653736554526,79.58031431351844,0.0010871877680379272,0,0,0,0,0,0,1,1,1,1.0520618492870781e-4,0,0,0
TUR.10.4_1,2036,4,aegypti,12.149442827000337,76.59858188347361,0.001437605860970911,0,0,0,0,0,0,1,1,1,1.4375025303925426e-4,0,0,0
TUR.10.4_1,2036,5,aegypti,15.228549845078412,80.93826924092045,0.002009392866609684,1.1915392572051784e-4,1.1750069032018514e-4,1.2084931070616409e-4,0,0,0,1,1,1,1.9443846857836178e-4,0,0,0
TUR.10.4_1,2036,6,aegypti,20.13701685737161,81.74438844519338,0.002260106502819811,0.05034771830576509,0.050089998756739994,0.050616771891554245,0,0,0,1,1,1,2.259851117989431e-4,0,0,0
TUR.10.4_1,2036,7,aegypti,21.111814554999857,85.72367413156243,0.002654120509004754,0.08269873925467236,0.08234054639286544,0.08308669214769142,4.433774569712057e-12,3.913114277054319e-12,5.050979079435081e-12,0.9999999999955662,0.9999999999949489,0.9999999999960869,2.568173886063896e-4,1.138670406662869e-15,1.0049557899514703e-15,1.297179257086023e-15
TUR.10.4_1,2036,8,aegypti,20.531723976135254,90.99512733631212,0.0031516008023656466,0.069988692328891,0.0696691380703316,0.07032898827825802,3.889499833320542e-14,3.4083846855992306e-14,4.452271884503034e-14,0.9999999999999611,0.9999999999999555,0.9999999999999659,3.04947120207566e-4,1.1860917732189072e-17,1.0393770944330555e-17,1.357707489560313e-17
TUR.10.4_1,2036,9,aegypti,17.962399061988382,88.61554368196332,0.0025119780293951276,0.013883461033589518,0.013791097283465822,0.013972024456738815,0,0,0,1,1,1,2.511662554129934e-4,0,0,0
TUR.10.4_1,2036,10,aegypti,17.38527971155503,81.76816319267165,0.0024754495121987355,0.007336013365989275,0.007275009130829886,0.0073967978331583445,0,0,0,1,1,1,2.3953093809581105e-4,0,0,0
TUR.10.4_1,2036,11,aegypti,12.881497670622434,77.77126659028956,0.0014358834999204683,0,0,0,0,0,0,1,1,1,1.43578041678305e-4,0,0,0
TUR.10.4_1,2036,12,aegypti,6.8016873970627785,76.49552913332123,0.00118103672363982,0,0,0,0,0,0,1,1,1,1.1428734518503791e-4,0,0,0
TUR.10.4_1,2037,1,aegypti,3.854436981080867,80.03665837166932,0.0011809812143385758,0,0,0,0,0,0,1,1,1,1.1428197393104078e-4,0,0,0
TUR.10.4_1,2037,2,aegypti,8.924288998179904,69.39387468778722,8.83409687880897e-4,0,0,0,0,0,0,1,1,1,9.464655871904704e-5,0,0,0
TUR.10.4_1,2037,3,aegypti,7.742962379118099,75.23202482377235,0.0010844590544031082,0,0,0,0,0,0,1,1,1,1.0494214361411736e-4,0,0,0
TUR.10.4_1,2037,4,aegypti,11.686494027867036,77.23005923943064,0.001433997639070653,0,0,0,0,0,0,1,1,1,1.433894826523563e-4,0,0,0
TUR.10.4_1,2037,5,aegypti,16.63603676066679,84.2167726588892,0.002004349526467326,0.0031397035412851926,0.0031123161688434353,0.0031687350850668305,0,0,0,1,1,1,1.9395049818282661e-4,0,0,0
TUR.10.4_1,2037,6,aegypti,18.7235990412095,87.66440950232229,0.002254433900890599,0.024354222913041887,0.024213645396378596,0.024492864352077457,0,0,0,1,1,1,2.254179796375988e-4,0,0,0
TUR.10.4_1,2037,7,aegypti,22.28196912653306,88.15729839914056,0.002647458978187088,0.13152735914492092,0.13099317451035214,0.1320722109038434,1.806240032352968e-6,1.615120237496992e-6,2.016885878938779e-6,0.9999981937599677,0.999997983114121,0.9999983848797624,2.561728896869342e-4,4.6270972855608136e-10,4.1375001843145187e-10,5.166714837765192e-10
TUR.10.4_1,2037,8,aegypti,22.94688129425049,93.72557319812853,0.0031436906544282375,0.17710857481816786,0.17647779114129264,0.177731539492451,0.0034633639356915625,0.0031980649904101268,0.003738788054656902,0.9965366360643084,0.9962612119453431,0.9968019350095898,3.0418185516356555e-4,1.0534924670652472e-6,9.727933417166027e-7,1.137271486528915e-6
TUR.10.4_1,2037,9,aegypti,20.16096263773301,78.94185288606488,0.0025056732595102097,0.04876266899736153,0.04849303154902364,0.04902965773727477,0,0,0,1,1,1,2.505359365804205e-4,0,0,0
TUR.10.4_1,2037,10,aegypti,17.191452082465673,78.19503544608962,0.0024692364246026214,0.005650356441192108,0.0056015324356866805,0.005702174819811792,0,0,0,1,1,1,2.389298153954167e-4,0,0,0
TUR.10.4_1,2037,11,aegypti,8.993366528959836,80.02847636812159,0.0014322796009441985,0,0,0,0,0,0,1,1,1,1.432177034598192e-4,0,0,0
TUR.10.4_1,2037,12,aegypti,7.296200908720493,73.2163238110556,0.0011780724601466478,0,0,0,0,0,0,1,1,1,1.1400051371979192e-4,0,0,0
TUR.10.4_1,2038,1,aegypti,3.6935728663195144,84.1640463721576,0.0010908692051408604,0,0,0,0,0,0,1,1,1,1.0556241549031231e-4,0,0,0
TUR.10.4_1,2038,2,aegypti,4.017627964549534,78.79652361356847,8.16003177977809e-4,0,0,0,0,0,0,1,1,1,8.742509013026645e-5,0,0,0
TUR.10.4_1,2038,3,aegypti,5.156195897718563,76.2446591011161,0.0010017119428500684,0,0,0,0,0,0,1,1,1,9.693516692022008e-5,0,0,0
TUR.10.4_1,2038,4,aegypti,13.207946931614595,67.31465396599314,0.001324579803399314,0,0,0,0,0,0,1,1,1,1.324492081690165e-4,0,0,0
TUR.10.4_1,2038,5,aegypti,13.743536836960736,81.89726124531498,0.0018514123241041064,0,0,0,0,0,0,1,1,1,1.7915288479575242e-4,0,0,0
TUR.10.4_1,2038,6,aegypti,17.909786785350125,89.68525300818166,0.0020824145952943853,0.01349286456984373,0.013400307264641203,0.01358829284809528,0,0,0,1,1,1,2.0821977878171527e-4,0,0,0
TUR.10.4_1,2038,7,aegypti,20.775335367988138,92.6561616193554,0.002445450813369173,0.080028318452939,0.07968009716384257,0.0803740455053225,1.7502342908315428e-12,1.5437207068202952e-12,1.9737572687361646e-12,0.9999999999982497,0.9999999999980262,0.9999999999984563,2.3662852937833545e-4,4.141553663070018e-16,3.65288360625771e-16,4.670472798508388e-16
TUR.10.4_1,2038,8,aegypti,22.73649501800537,87.36932624988634,0.0029038186922605196,0.14963338471391027,0.14905464604739432,0.15023215827075956,5.593777712666969e-5,5.049971144703014e-5,6.198041401574982e-5,0.9999440622228734,0.9999380195859843,0.999949500288553,2.809752312183944e-4,1.571712986200903e-8,1.4189168100291491e-8,1.7414961159087122e-8
TUR.10.4_1,2038,9,aegypti,18.774436529944925,85.32510789094769,0.002314483722313455,0.0243404493106363,0.024189851027085728,0.02449868375135987,0,0,0,1,1,1,2.3142159012312646e-4,0,0,0
TUR.10.4_1,2038,10,aegypti,15.576826151679542,85.469785201949,0.0022808271148662736,4.217539603914971e-4,4.16686152179514e-4,4.266853688130434e-4,0,0,0,1,1,1,2.207008466487137e-4,0,0,0
TUR.10.4_1,2038,11,aegypti,6.997642327757443,79.11803783052393,0.0013229928561535387,0,0,0,0,0,0,1,1,1,1.322905344507408e-4,0,0,0
TUR.10.4_1,2038,12,aegypti,4.791427053511143,72.12359614992279,0.0010881823966338554,0,0,0,0,0,0,1,1,1,1.053024291777227e-4,0,0,0
TUR.10.4_1,2039,1,aegypti,6.804651128648616,71.53470524666932,0.0012055403235819665,0,0,0,0,0,0,1,1,1,1.1665838748575741e-4,0,0,0
TUR.10.4_1,2039,2,aegypti,4.156183252864353,79.3109126516544,9.017806448173185e-4,0,0,0,0,0,0,1,1,1,9.661468730226552e-5,0,0,0
TUR.10.4_1,2039,3,aegypti,7.7016263195477865,80.02722135697547,0.001107010935892592,0,0,0,0,0,0,1,1,1,1.0712435234705442e-4,0,0,0
TUR.10.4_1,2039,4,aegypti,12.568567430271822,76.57256564812205,0.001463818354459784,0,0,0,0,0,0,1,1,1,1.463711221478814e-4,0,0,0
TUR.10.4_1,2039,5,aegypti,14.855802423813763,79.74120960957279,0.0020460310014855537,9.742367755929563e-6,9.589414783851593e-6,9.899566128365132e-6,0,0,0,1,1,1,1.9798339884347094e-4,0,0,0
TUR.10.4_1,2039,6,aegypti,19.435989940867703,80.9596518118926,0.0023013160085666173,0.03432235428430949,0.03412874157490561,0.034525075202392105,0,0,0,1,1,1,2.301051226110129e-4,0,0,0
TUR.10.4_1,2039,7,aegypti,21.0403709972606,85.82603771798821,0.0027025142436504826,0.08044620422293976,0.08007800996404406,0.08080965900918674,2.0287739266322546e-12,1.7777584959688397e-12,2.3002155735696306e-12,0.9999999999979712,0.9999999999976998,0.9999999999982222,2.614994395421233e-4,5.305232447720074e-16,4.648828503370995e-16,6.015050833145219e-16
TUR.10.4_1,2039,8,aegypti,21.18917751312256,92.67400612049181,0.00320906531176584,0.09518100900521093,0.09476260627657673,0.095564818506629845,2.3350333944183177e-10,2.0594118077532642e-10,2.6096967642441626e-10,0.9999999997664967,0.9999999997390303,0.9999999997940588,3.1050649046848733e-4,7.25043024427551e-14,6.394607328548291e-14,8.103277834524222e-14
TUR.10.4_1,2039,9,aegypti,18.952447470496683,85.66840012727582,0.002557780018331957,0.02749874130654771,0.027339594945083007,0.027639364977656986,0,0,0,1,1,1,2.557452934288662e-4,0,0,0
TUR.10.4_1,2039,10,aegypti,13.515142496894386,93.81210850517165,0.002520585460779745,0,0,0,0,0,0,1,1,1,2.4389787731238233e-4,0,0,0
TUR.10.4_1,2039,11,aegypti,9.556710530729855,66.75461925142237,0.0014620645888505214,0,0,0,0,0,0,1,1,1,1.4619577124164174e-4,0,0,0
TUR.10.4_1,2039,12,aegypti,7.755565799772739,67.19875331545013,0.0012025710803567722,0,0,0,0,0,0,1,1,1,1.1637107484729903e-4,0,0,0
TUR.10.4_1,2040,1,aegypti,5.892771112321712,72.42417057870057,0.0010208391918327105,0,0,0,0,0,0,1,1,1,9.878600987300867e-5,0,0,0
TUR.10.4_1,2040,2,aegypti,2.7685369353823583,82.59032396757237,7.908907019024654e-4,0,0,0,0,0,0,1,1,1,8.181293264664102e-5,0,0,0
TUR.10.4_1,2040,3,aegypti,2.7572186180554765,76.59444395219032,9.374055160501068e-4,0,0,0,0,0,0,1,1,1,9.071254821146901e-5,0,0,0
TUR.10.4_1,2040,4,aegypti,9.3718701951644,79.42784366325877,0.0012395463815897923,0,0,0,0,0,0,1,1,1,1.239469561001849e-4,0,0,0
TUR.10.4_1,2040,5,aegypti,14.99155891642851,83.42489491230717,0.0017325580846729533,3.4860460554271046e-5,3.430126392441245e-5,3.541389673362955e-5,0,0,0,1,1,1,1.676528561088686e-4,0,0,0
TUR.10.4_1,2040,6,aegypti,19.70697077582864,84.95318971472463,0.0019487308125509533,0.04241516751770828,0.042193467978019844,0.04264301005126244,0,0,0,1,1,1,1.9485409472952409e-4,0,0,0
TUR.10.4_1,2040,7,aegypti,22.51120954401353,83.53991253488275,0.002288461366607262,0.13102011296123814,0.13043128357872935,0.13156001750998222,1.6268692196567126e-6,1.4374295540214853e-6,1.81553786894606e-6,0.9999983731307803,0.9999981844621311,0.9999985625704461,2.214394818779164e-4,3.6025307708391257e-10,3.183036556785222e-10,4.02031765029152e-10
TUR.10.4_1,2040,8,aegypti,21.204779624938965,86.35434211902697,0.002717403620036347,0.08668316536266323,0.08628277997355197,0.08706985098453744,1.6762898846778284e-11,1.4680032189851034e-11,1.8970375270654925e-11,0.9999999999832371,0.9999999999810296,0.99999999998532,2.629399690999845e-4,4.407636104798048e-15,3.859967210386209e-15,4.988069887481116e-15
TUR.10.4_1,2040,9,aegypti,19.93745189554551,82.87814744172894,0.0021659019078197755,0.04637070996630395,0.04612882454958265,0.04662182075613322,0,0,0,1,1,1,2.16566736819912e-4,0,0,0
TUR.10.4_1,2040,10,aegypti,13.954187449286964,85.9249396208943,0.002134405937648195,0,0,0,0,0,0,1,1,1,2.0653408222015557e-4,0,0,0
TUR.10.4_1,2040,11,aegypti,7.973475743742551,79.70072520845362,0.0012380613108441667,0,0,0,0,0,0,1,1,1,1.2379846742160971e-4,0,0,0
TUR.10.4_1,2040,12,aegypti,4.404608644545078,78.40757747316498,0.0010183248670979262,0,0,0,0,0,0,1,1,1,9.85427121316107e-5,0,0,0
TUR.10.4_1,2041,1,aegypti,5.987971174119807,75.8693915259662,0.0012213928100552893,0,0,0,0,0,0,1,1,1,1.1819231893639426e-4,0,0,0
TUR.10.4_1,2041,2,aegypti,3.0517129998736303,78.23828844511144,9.136387844367344e-4,0,0,0,0,0,0,1,1,1,9.788507870411856e-5,0,0,0
TUR.10.4_1,2041,3,aegypti,7.097349185606136,78.93125883256141,0.0011215677910585108,0,0,0,0,0,0,1,1,1,1.0853292836510153e-4,0,0,0
TUR.10.4_1,2041,4,aegypti,12.937622224583345,71.4874216051533,0.0014830671180304014,0,0,0,0,0,0,1,1,1,1.482957149062658e-4,0,0,0
TUR.10.4_1,2041,5,aegypti,16.930980570176068,80.08009968525639,0.0020729356832623336,0.004310214631539408,0.004271697726231763,0.004347081026976115,0,0,0,1,1,1,2.005865588510236e-4,0,0,0
TUR.10.4_1,2041,6,aegypti,19.567211712107937,88.22448335486135,0.002331577610093348,0.041288238475279106,0.04107692226257013,0.04149807280445401,0,0,0,1,1,1,2.331305818509266e-4,0,0,0
TUR.10.4_1,2041,7,aegypti,19.959877070258646,89.357600523164,0.002738051479239698,0.05180563109835529,0.051542044660296646,0.05207027503949614,0,0,0,1,1,1,2.6493762162560497e-4,0,0,0
TUR.10.4_1,2041,8,aegypti,20.458674430847168,91.71843208484728,0.0032512635389438612,0.0684340504654105,0.06809689304910653,0.06875423173910945,2.0515367182838418e-14,1.7763568394002505e-14,2.3425705819590803e-14,0.9999999999999795,0.9999999999999766,0.9999999999999822,3.145889135219848e-4,6.45390707255372e-18,5.5882216813427166e-18,7.369467342270708e-18
TUR.10.4_1,2041,9,aegypti,19.124118384192972,86.03018601594769,0.0025914140431332728,0.030805422222771273,0.03062436747407631,0.030985645717059074,0,0,0,1,1,1,2.5910783007987437e-4,0,0,0
TUR.10.4_1,2041,10,aegypti,14.181480463813331,86.00967167655837,0.0025537303885272812,0,0,0,0,0,0,1,1,1,2.471046635019736e-4,0,0,0
TUR.10.4_1,2041,11,aegypti,9.624919225187863,78.46233714693018,0.0014812902909398643,0,0,0,0,0,0,1,1,1,1.4811805853109927e-4,0,0,0
TUR.10.4_1,2041,12,aegypti,8.17857662588358,77.0649795117392,0.001218384522189992,0,0,0,0,0,0,1,1,1,1.1790122867061381e-4,0,0,0
TUR.10.4_1,2042,1,aegypti,5.831909047960139,69.6482001197162,0.0011648561610060016,0,0,0,0,0,0,1,1,1,1.1272166201725664e-4,0,0,0
TUR.10.4_1,2042,2,aegypti,3.949947605662815,79.05977587186925,8.713476600021807e-4,0,0,0,0,0,0,1,1,1,9.335432007162581e-5,0,0,0
TUR.10.4_1,2042,3,aegypti,5.662358779569759,76.59156767045204,0.0010696519093978112,0,0,0,0,0,0,1,1,1,1.0350934344771634e-4,0,0,0
TUR.10.4_1,2042,4,aegypti,10.852123414768892,73.2645212145283,0.0014144179132223043,0,0,0,0,0,0,1,1,1,1.414317889036898e-4,0,0,0
TUR.10.4_1,2042,5,aegypti,12.4747475455789,80.54989491230717,0.0019769822469382385,0,0,0,0,0,0,1,1,1,1.913025619377784e-4,0,0,0
TUR.10.4_1,2042,6,aegypti,16.674857700572293,87.37337861853322,0.002223651982901341,0.0034782072639963323,0.0034464266884606325,0.003509876543934811,0,0,0,1,1,1,2.2234047698188597e-4,0,0,0
TUR.10.4_1,2042,7,aegypti,22.280277308295755,88.93337566964837,0.0026113107171472387,0.13314411375816054,0.13263203011365055,0.13367289334623472,2.512965428015268e-6,2.261307489168085e-6,2.792870242782075e-6,0.999997487034572,0.9999972071297573,0.9999977386925109,2.526755609082443e-4,6.34964949066784e-10,5.713771382115594e-10,7.056900551389051e-10
TUR.10.4_1,2042,8,aegypti,21.680819511413574,92.33387245349962,0.003100766873043484,0.11431614994279801,0.11385232693375537,0.11473446012909674,3.8706884348593815e-8,3.453497342820189e-8,4.275590648195049e-8,0.9999999612931156,0.9999999572440935,0.9999999654650266,3.0002919575655707e-4,1.1613195381350669e-11,1.036150030313748e-11,1.2828020235622171e-11
TUR.10.4_1,2042,9,aegypti,19.359744604896097,89.59570725618207,0.0024714609329693207,0.037443218650713546,0.03727012725219457,0.03762457342613557,0,0,0,1,1,1,2.4711555521705897e-4,0,0,0
TUR.10.4_1,2042,10,aegypti,12.411654528449562,83.91597508232009,0.0024355216046257843,0,0,0,0,0,0,1,1,1,2.356678651223021e-4,0,0,0
TUR.10.4_1,2042,11,aegypti,8.001762677641477,85.04095042818018,0.0014127233330950796,0,0,0,0,0,0,1,1,1,1.4126235484335226e-4,0,0,0
TUR.10.4_1,2042,12,aegypti,7.741344131529331,69.82649989748138,0.001161987122785765,0,0,0,0,0,0,1,1,1,1.1244404441568268e-4,0,0,0
TUR.10.4_1,2043,1,aegypti,2.310440319179393,84.65299900887635,0.0010566555733684405,0,0,0,0,0,0,1,1,1,1.0225176290323823e-4,0,0,0
TUR.10.4_1,2043,2,aegypti,3.067262182765476,80.84480242216222,7.90410346018773e-4,0,0,0,0,0,0,1,1,1,8.468323695998148e-5,0,0,0
TUR.10.4_1,2043,3,aegypti,4.6736602970563315,76.65299955521766,9.702946075790794e-4,0,0,0,0,0,0,1,1,1,9.389506973478401e-5,0,0,0
TUR.10.4_1,2043,4,aegypti,7.7265826814314895,74.71355685905955,0.0012830361559729147,0,0,0,0,0,0,1,1,1,1.2829538504044447e-4,0,0,0
TUR.10.4_1,2043,5,aegypti,15.423251993515912,82.07185993916264,0.0017933452898370248,2.50601575627321e-4,2.472733365445252e-4,2.541360084018884e-4,0,0,0,1,1,1,1.7353448532675397e-4,0,0,0
TUR.10.4_1,2043,6,aegypti,16.849011028514187,86.92971406775197,0.002017102488375284,0.004334533932580575,0.004295060850249116,0.004374334515357998,0,0,0,1,1,1,2.0168990669300335e-4,0,0,0
TUR.10.4_1,2043,7,aegypti,20.921310480903177,90.91431744210931,0.0023687525682891185,0.08292359564571142,0.08257491190609331,0.08329778197668695,4.78754291766137e-12,4.240935380650512e-12,5.426867288882419e-12,0.9999999999952125,0.9999999999945731,0.9999999999957591,2.2920784737856525e-4,1.0973424063896581e-15,9.720556694705002e-16,1.24388056929389e-15
TUR.10.4_1,2043,8,aegypti,20.198615074157715,88.054178849984,0.0028127443608900204,0.05720181347902372,0.05690912359367905,0.057477850312470616,1.1102230246251565e-16,1.1102230246251565e-16,1.1102230246251565e-16,0.9999999999999999,0.9999999999999999,0.9999999999999999,2.721640238335654e-4,3.021627657346542e-20,3.021627657346542e-20,3.021627657346542e-20
TUR.10.4_1,2043,9,aegypti,18.459789809058694,89.16775162874066,0.002241893082257513,0.0206790957519391,0.020551286270085567,0.020803059006411214,0,0,0,1,1,1,2.241641796806304e-4,0,0,0
TUR.10.4_1,2043,10,aegypti,14.392417010139015,84.87241123954665,0.002209292068614318,0,0,0,0,0,0,1,1,1,2.1377960413615504e-4,0,0,0
TUR.10.4_1,2043,11,aegypti,9.620744992704953,83.19612468355128,0.001281498981173234,0,0,0,0,0,0,1,1,1,1.2814168726982267e-4,0,0,0
TUR.10.4_1,2043,12,aegypti,5.568717636168003,78.02710719728607,0.001054053032962935,0,0,0,0,0,0,1,1,1,1.019999298755847e-4,0,0,0
TUR.10.4_1,2044,1,aegypti,4.791505205034114,70.25363072274354,0.0011208246576717715,0,0,0,0,0,0,1,1,1,1.0846102003359004e-4,0,0,0
TUR.10.4_1,2044,2,aegypti,1.804423044257633,78.83223680936925,8.683540045363819e-4,0,0,0,0,0,0,1,1,1,8.982569003834762e-5,0,0,0
TUR.10.4_1,2044,3,aegypti,5.1730687805615805,77.22808042679969,0.0010292191219071739,0,0,0,0,0,0,1,1,1,9.959689040750508e-5,0,0,0
TUR.10.4_1,2044,4,aegypti,9.049358522190767,75.04535159782908,0.0013609529884128265,0,0,0,0,0,0,1,1,1,1.3608603829617927e-4,0,0,0
TUR.10.4_1,2044,5,aegypti,14.482842333176556,81.70277271992435,0.001902252419074688,0,0,0,0,0,0,1,1,1,1.840720004515628e-4,0,0,0
TUR.10.4_1,2044,6,aegypti,16.919324482188504,87.72608552771291,0.002139598051629064,0.00478698601398929,0.004747406371297766,0.004828219415852202,0,0,0,1,1,1,2.139369173961292e-4,0,0,0
TUR.10.4_1,2044,7,aegypti,20.10303502924302,85.26228649728509,0.0025126033055390285,0.0522826395562759,0.0520241216518599,0.05254010113721464,0,0,0,1,1,1,2.4312559878092443e-4,0,0,0
TUR.10.4_1,2044,8,aegypti,23.539246559143066,81.77674354724962,0.002983558043765222,0.16957327931487248,0.16884825735307027,0.1702694025164619,0.0012803355706921392,0.0011552990622438197,0.0014084930889904479,0.9987196644293078,0.9985915069110095,0.9988447009377561,2.886897446841008e-4,3.6961974901308617e-7,3.3352299131294943e-7,4.0661751024997286e-7
TUR.10.4_1,2044,9,aegypti,20.68144184000352,73.59814103303754,0.002378039836053392,0.05689495760253688,0.05657859186615064,0.05718973954027155,1.1102230246251565e-16,1.1102230246251565e-16,1.1102230246251565e-16,0.9999999999999999,0.9999999999999999,0.9999999999999999,2.3777571047922663e-4,2.6398406847064252e-20,2.6398406847064252e-20,2.6398406847064252e-20
TUR.10.4_1,2044,10,aegypti,17.167261179755712,78.93321751396071,0.002343459012483889,0.005566730366422989,0.0055191352294430675,0.005610159493459979,0,0,0,1,1,1,2.2676064196514023e-4,0,0,0
TUR.10.4_1,2044,11,aegypti,9.920946408720578,75.62371410005518,0.0013593224633277779,0,0,0,0,0,0,1,1,1,1.35923007963612e-4,0,0,0
TUR.10.4_1,2044,12,aegypti,5.140431322157383,77.98712154054779,0.0011180640689495839,0,0,0,0,0,0,1,1,1,1.0819389522631617e-4,0,0,0
TUR.10.4_1,2045,1,aegypti,4.546238052247859,79.39589604256776,0.0011654638551312024,0,0,0,0,0,0,1,1,1,1.127804644953656e-4,0,0,0
TUR.10.4_1,2045,2,aegypti,1.6255006592802923,82.3585200735294,8.71802233598232e-4,0,0,0,0,0,0,1,1,1,9.340301983751242e-5,0,0,0
TUR.10.4_1,2045,3,aegypti,5.06007434811224,77.6747128120536,0.001070209936391281,0,0,0,0,0,0,1,1,1,1.0356334046868199e-4,0,0,0
TUR.10.4_1,2045,4,aegypti,12.315851365818697,72.58278903679393,0.0014151558012854121,0,0,0,0,0,0,1,1,1,1.4150556727121621e-4,0,0,0
TUR.10.4_1,2045,5,aegypti,17.018821604111615,77.28944264179935,0.0019780136193405214,0.004579090332805665,0.004535421111012352,0.004621778089537444,0,0,0,1,1,1,1.914023530713571e-4,0,0,0
TUR.10.4_1,2045,6,aegypti,17.96116122077493,87.50107179480275,0.0022248120405047914,0.01364089302025776,0.013550423093654524,0.013733964456334631,0,0,0,1,1,1,2.224564569427434e-4,0,0,0
TUR.10.4_1,2045,7,aegypti,21.174924906562357,87.76990063302728,0.0026126730125404433,0.08761854859765118,0.08722220214697407,0.08799132682644982,2.2695796464411443e-11,1.9930015970892612e-11,2.55333171272909e-11,0.9999999999773042,0.9999999999744668,0.9999999999800699,2.5280736262611736e-4,5.737664446867016e-15,5.0384547746977586e-15,6.455010562046684e-15
TUR.10.4_1,2045,8,aegypti,21.061800956726074,85.69317115955431,0.0031023845129508343,0.08098434346521009,0.08062823058653126,0.08137983468375141,2.4505073525915576e-12,2.158365153270836e-12,2.8070434865412606e-12,0.9999999999975495,0.9999999999971929,0.9999999999978416,3.0018569457346267e-4,7.35607251695074e-16,6.479103426777641e-16,8.426342987053027e-16
TUR.10.4_1,2045,9,aegypti,19.931500967811136,82.9072383230766,0.0024727502700908513,0.04624233275318394,0.046006014061191966,0.04648822837912445,0,0,0,1,1,1,2.4724445705937015e-4,0,0,0
TUR.10.4_1,2045,10,aegypti,14.643073138068702,82.56518315116774,0.0024367921925494062,0,0,0,0,0,0,1,1,1,2.3579079625857258e-4,0,0,0
TUR.10.4_1,2045,11,aegypti,11.294345189543332,75.88692058198878,0.0014134603371122232,0,0,0,0,0,0,1,1,1,1.4133604483124174e-4,0,0,0
TUR.10.4_1,2045,12,aegypti,8.820604957640171,69.51581569337982,0.001162593320161642,0,0,0,0,0,0,1,1,1,1.12502702079742e-4,0,0,0
TUR.10.4_1,2046,1,aegypti,5.682974683641292,71.61332615731385,0.0011826611733865395,0,0,0,0,0,0,1,1,1,1.1444453202036353e-4,0,0,0
TUR.10.4_1,2046,2,aegypti,4.256691227488987,75.62467913114659,8.846663480886936e-4,0,0,0,0,0,0,1,1,1,9.478118813166514e-5,0,0,0
TUR.10.4_1,2046,3,aegypti,4.015217561384334,82.24013487015907,0.001086001709593954,0,0,0,0,0,0,1,1,1,1.0509141714820647e-4,0,0,0
TUR.10.4_1,2046,4,aegypti,16.025674974217132,68.81082400993846,0.0014360375168259185,8.935319779104241e-4,8.822401680008762e-4,9.044272961509389e-4,0,0,0,1,1,1,1.4359344115744133e-4,0,0,0
TUR.10.4_1,2046,5,aegypti,17.219714052536908,77.18155537373295,0.0020072007361913997,0.005735734165668779,0.0056886720985572965,0.005784994731879584,0,0,0,1,1,1,1.942263681509182e-4,0,0,0
TUR.10.4_1,2046,6,aegypti,20.643328273997586,87.45701204138479,0.002257640858447463,0.06968985945688369,0.06934281872512514,0.07001151642406796,3.443256790802707e-14,2.9753977059954195e-14,3.9190872769268026e-14,0.9999999999999656,0.9999999999999608,0.9999999999999702,2.2573860305130644e-4,7.772759779027276e-18,6.716621216734678e-18,8.84689287129605e-18
TUR.10.4_1,2046,7,aegypti,20.67845350153306,86.72917492501946,0.0026512250183327894,0.0699591111512527,0.06963886699044236,0.07028951577874842,3.8427816484443157e-14,3.3639757646142243e-14,4.3853809472693683e-14,0.9999999999999616,0.9999999999999561,0.9999999999999664,2.5653725175489583e-4,9.85816643186053e-18,8.629850976242075e-18,1.1250135761107655e-17
TUR.10.4_1,2046,8,aegypti,23.74122905731201,81.71060432605822,0.0031481625897094977,0.1780780229230951,0.17732057817684577,0.1787937174347018,0.003905126159967368,0.003553435742255129,0.004256905291880328,0.9960948738400326,0.9957430947081196,0.9964465642577449,3.0461449136032215e-4,1.189558018916348e-6,1.082428021208635e-6,1.2967150402551898e-6
TUR.10.4_1,2046,9,aegypti,21.2878337467418,83.69868882356488,0.0025092376078778614,0.08585299923553193,0.08542704472356505,0.08626063893020831,1.2778945124303221e-11,1.1077674888504418e-11,1.4573989237653963e-11,0.999999999987221,0.999999999985426,0.9999999999889223,2.508922820538828e-4,3.206138704477774e-15,2.7793031326278655e-15,3.65650141846373e-15
TUR.10.4_1,2046,10,aegypti,16.467497881721044,81.31351994315993,0.0024727489411631802,0.0023497897890300194,0.0023254969697451542,0.0023719820038447257,0,0,0,1,1,1,2.3926965507792275e-4,0,0,0
TUR.10.4_1,2046,11,aegypti,9.81525163790759,80.69488109224268,0.0014343170347709236,0,0,0,0,0,0,1,1,1,1.4342141764212002e-4,0,0,0
TUR.10.4_1,2046,12,aegypti,5.817888416349888,74.25966640138763,0.0011797482814590887,0,0,0,0,0,0,1,1,1,1.1416267147446035e-4,0,0,0
TUR.10.4_1,2047,1,aegypti,6.123067247270442,73.90483769295838,0.0011746922784039266,0,0,0,0,0,0,1,1,1,1.1367343659529627e-4,0,0,0
TUR.10.4_1,2047,2,aegypti,4.362630615764133,80.07871965849034,8.787053734822613e-4,0,0,0,0,0,0,1,1,1,9.414257261153303e-5,0,0,0
TUR.10.4_1,2047,3,aegypti,7.96004821743597,69.84600797806922,0.0010786841162126553,0,0,0,0,0,0,1,1,1,1.0438333712026182e-4,0,0,0
TUR.10.4_1,2047,4,aegypti,9.61833826233359,79.62661227898143,0.0014263613454759201,0,0,0,0,0,0,1,1,1,1.42625962497811e-4,0,0,0
TUR.10.4_1,2047,5,aegypti,14.488978273728314,79.16493855244389,0.0019936760071856013,0,0,0,0,0,0,1,1,1,1.9291777676422317e-4,0,0,0
TUR.10.4_1,2047,6,aegypti,19.518051708445828,81.99565492468557,0.002242428637640461,0.03653920474360817,0.0363301949078693,0.036736342351556275,0,0,0,1,1,1,2.242177232123499e-4,0,0,0
TUR.10.4_1,2047,7,aegypti,21.59464650995591,87.39705975167962,0.002633360786191075,0.10233730991746327,0.10189875547800618,0.10276912633673467,1.7805741914234118e-9,1.5764208549651215e-9,1.9995008093687264e-9,0.9999999982194258,0.9999999980004991,0.9999999984235791,2.548088971028317e-4,4.5370614592636595e-13,4.016860594235657e-13,5.094905959914644e-13
TUR.10.4_1,2047,8,aegypti,23.33021640777588,88.73481239490587,0.003126949940110333,0.18125147469680392,0.1805528109197533,0.18191917435272123,0.0056991991104280385,0.0052498713846204715,0.006149904575067327,0.994300800889572,0.9938500954249326,0.9947501286153795,3.0256227751979115e-4,1.724362662889875e-6,1.5884130428167496e-6,1.860729134761754e-6
TUR.10.4_1,2047,9,aegypti,18.587653693030862,83.46596940217816,0.0024923301017944887,0.020805498812599042,0.020673823171176678,0.020948464240836028,0,0,0,1,1,1,2.4920195421285207e-4,0,0,0
TUR.10.4_1,2047,10,aegypti,13.33553605921128,79.74790715019118,0.0024560872995417924,0,0,0,0,0,0,1,1,1,2.3765762264960077e-4,0,0,0
TUR.10.4_1,2047,11,aegypti,11.284985829802121,72.51421702974268,0.0014246524562093964,0,0,0,0,0,0,1,1,1,1.424550979297612e-4,0,0,0
TUR.10.4_1,2047,12,aegypti,4.636336721479893,78.16733546877045,0.0011717990138476854,0,0,0,0,0,0,1,1,1,1.1339347503980246e-4,0,0,0
TUR.10.4_1,2048,1,aegypti,4.177883016465999,78.54442509530213,0.0012210147301203182,0,0,0,0,0,0,1,1,1,1.1815573487938824e-4,0,0,0
TUR.10.4_1,2048,2,aegypti,4.151038895183079,66.03780703031651,9.459758252466855e-4,0,0,0,0,0,0,1,1,1,9.785478003765391e-5,0,0,0
TUR.10.4_1,2048,3,aegypti,8.108744163175716,75.21511045609657,0.0011212206117775965,0,0,0,0,0,0,1,1,1,1.0849933401602119e-4,0,0,0
TUR.10.4_1,2048,4,aegypti,13.985577737583833,75.01838931755564,0.0014826080372867404,0,0,0,0,0,0,1,1,1,1.4824981363881218e-4,0,0,0
TUR.10.4_1,2048,5,aegypti,13.963672525742474,83.1049333644556,0.00207229400977132,0,0,0,0,0,0,1,1,1,2.0052447387031158e-4,0,0,0
TUR.10.4_1,2048,6,aegypti,17.09903677772073,87.57450471716604,0.002330855874461742,0.005897940500294951,0.005849245844912999,0.005945430558353525,0,0,0,1,1,1,2.3305842511101016e-4,0,0,0
TUR.10.4_1,2048,7,aegypti,19.840261515449075,87.12301190011712,0.0027372039203571704,0.047064059910794306,0.04683570131952656,0.047309954156735494,0,0,0,1,1,1,2.648556215255615e-4,0,0,0
TUR.10.4_1,2048,8,aegypti,24.038689613342285,88.07184089832384,0.003250257116196603,0.2141617669232554,0.2133428343649859,0.21498805669010398,0.0758731295884824,0.07306832908403146,0.07872253063269041,0.9241268704115176,0.9212774693673096,0.9269316709159686,3.1449154840712534e-4,2.3861458006776308e-5,2.297937195315845e-5,2.4757570553202164e-5
TUR.10.4_1,2048,9,aegypti,19.69151264078477,87.75143082795941,0.0025906118756038386,0.04388748459893736,0.043647096585539474,0.044104803270090275,0,0,0,1,1,1,2.590276341084552e-4,0,0,0
TUR.10.4_1,2048,10,aegypti,14.66466146356919,86.65420292655837,0.002552939885904964,0,0,0,0,0,0,1,1,1,2.4702818214883404e-4,0,0,0
TUR.10.4_1,2048,11,aegypti,11.678969670744504,77.59734691255518,0.001480831760209815,0,0,0,0,0,0,1,1,1,1.4807221224866218e-4,0,0,0
TUR.10.4_1,2048,12,aegypti,6.889374412596226,74.80134578371185,0.0012180073734650882,0,0,0,0,0,0,1,1,1,1.1786473470942749e-4,0,0,0
TUR.10.4_1,2049,1,aegypti,2.744171130060054,85.76081761239197,0.0011093110512432926,0,0,0,0,0,0,1,1,1,1.0734692028535608e-4,0,0,0
TUR.10.4_1,2049,2,aegypti,5.542537937694065,75.10995439970128,8.297982369605394e-4,0,0,0,0,0,0,1,1,1,8.890300185393496e-5,0,0,0
TUR.10.4_1,2049,3,aegypti,7.258277911802425,69.92799345170204,0.0010186465280431886,0,0,0,0,0,0,1,1,1,9.857383754219295e-5,0,0,0
TUR.10.4_1,2049,4,aegypti,14.080051576389986,69.2081247301533,0.0013469726776041788,0,0,0,0,0,0,1,1,1,1.3468819649076202e-4,0,0,0
TUR.10.4_1,2049,5,aegypti,14.684603578904095,83.28656636006107,0.0018827116411921393,5.5616537599252294e-8,5.459706039597874e-8,5.6566414325768353e-8,0,0,0,1,1,1,1.821813037310438e-4,0,0,0
TUR.10.4_1,2049,6,aegypti,17.99259432624368,83.242587908084,0.002117619154472421,0.013133021305503248,0.013037510117723604,0.013221058168640843,0,0,0,1,1,1,2.1173949547537152e-4,0,0,0
TUR.10.4_1,2049,7,aegypti,20.1407070720897,87.47848827951165,0.0024867927334991835,0.05511870198515324,0.054831247304167205,0.05538218138015521,0,0,0,1,1,1,2.4062840564642585e-4,0,0,0
TUR.10.4_1,2049,8,aegypti,21.12576961517334,88.28323616199572,0.0029529096164333394,0.08658315678106872,0.08620208405874734,0.08697678842324413,1.622451073490794e-11,1.4297157902021241e-11,1.840620711401897e-11,0.9999999999837755,0.9999999999815937,0.9999999999857029,2.857246196954488e-4,4.6357421594762976e-15,4.0850500042808e-15,5.259106527688734e-15
TUR.10.4_1,2049,9,aegypti,18.344798621009378,92.75571091829144,0.0023536115594660107,0.020024408962241898,0.01991233135032235,0.020141188266616067,0,0,0,1,1,1,2.353334606826074e-4,0,0,0
TUR.10.4_1,2049,10,aegypti,11.762816485236671,88.85805271903884,0.002319385965405268,0,0,0,0,0,0,1,1,1,2.244315178075995e-4,0,0,0
TUR.10.4_1,2049,11,aegypti,9.533127118559445,80.19608653657862,0.0013453589019936998,0,0,0,0,0,0,1,1,1,1.345268406522937e-4,0,0,0
TUR.10.4_1,2049,12,aegypti,6.722820438444614,79.13894649171966,0.0011065788205089854,0,0,0,0,0,0,1,1,1,1.0708253920810318e-4,0,0,0
TUR.10.4_1,2050,1,aegypti,2.2046765857923996,74.99188145516541,0.0011332907999920209,0,0,0,0,0,0,1,1,1,1.096672893281525e-4,0,0,0
TUR.10.4_1,2050,2,aegypti,4.4509091477923315,81.79011492216222,8.477358147140015e-4,0,0,0,0,0,0,1,1,1,9.082471247678914e-5,0,0,0
TUR.10.4_1,2050,3,aegypti,4.806846637388363,73.96897092972938,0.001040666400448555,0,0,0,0,0,0,1,1,1,1.0070458060962295e-4,0,0,0
TUR.10.4_1,2050,4,aegypti,12.940330659641939,67.81885776237986,0.0013760899088299462,0,0,0,0,0,0,1,1,1,1.3759952320013813e-4,0,0,0
TUR.10.4_1,2050,5,aegypti,18.22032917247099,72.41872273213139,0.0019234098313629607,0.013355364963910885,0.013249185161295566,0.013460297507788078,0,0,0,1,1,1,1.8611911298171968e-4,0,0,0
TUR.10.4_1,2050,6,aegypti,20.62088450263528,85.35872255163869,0.00216339529202449,0.06677104678386471,0.06647264343022767,0.06709130389319079,1.0179412868183136e-14,8.990030941902204e-15,1.1657341758564144e-14,0.9999999999999898,0.9999999999999883,0.999999999999991,2.1631612949390977e-4,2.2019711921658746e-18,1.944688697382773e-18,2.521671049400323e-18
TUR.10.4_1,2050,7,aegypti,21.56177526361802,90.24228985421868,0.0025405492203498634,0.10580590143408544,0.10534483537573704,0.10623422465068479,4.515156166617907e-9,3.990512348339692e-9,5.04444750137889e-9,0.9999999954848439,0.9999999949555526,0.9999999960094876,2.4582938097417184e-4,1.1099580454413947e-12,9.809851803621352e-13,1.2400734066206804e-12
TUR.10.4_1,2050,8,aegypti,21.92168140411377,89.87708534412462,0.0030167420560366525,0.11980156864570926,0.11929435384863386,0.1202805174373834,1.410459549358034e-7,1.2530861275006355e-7,1.571549457901611e-7,0.9999998589540451,0.9999998428450543,0.9999998746913873,2.919001684699163e-4,4.117133800776124e-11,3.657760517247505e-11,4.587355515202858e-11
TUR.10.4_1,2050,9,aegypti,18.328105505775003,85.37971909700238,0.002404489096280272,0.017712519652441232,0.017601144489691953,0.01782754120098545,0,0,0,1,1,1,2.4042000410573472e-4,0,0,0
TUR.10.4_1,2050,10,aegypti,15.585946139167335,83.62553166190993,0.0023695236545947965,4.1900102341617135e-4,4.137876967115404e-4,4.237314199903072e-4,0,0,0,1,1,1,2.2928245152742388e-4,0,0,0
TUR.10.4_1,2050,11,aegypti,10.01558237216052,80.68423045747706,0.0013744412485641377,0,0,0,0,0,0,1,1,1,1.3743467984539404e-4,0,0,0
TUR.10.4_1,2050,12,aegypti,4.476719059050083,80.06167598390716,0.0011304995071880995,0,0,0,0,0,0,1,1,1,1.0939719380553825e-4,0,0,0
TUR.10.4_1,2051,1,aegypti,4.910858499406673,78.91498478768494,0.0011689676094478044,0,0,0,0,0,0,1,1,1,1.1311949919545761e-4,0,0,0
TUR.10.4_1,2051,2,aegypti,2.287320504718296,81.36679796659581,8.744231478597464e-4,0,0,0,0,0,0,1,1,1,9.368380581176172e-5,0,0,0
TUR.10.4_1,2051,3,aegypti,9.01811649288763,68.7116772285575,0.0010734273271904827,0,0,0,0,0,0,1,1,1,1.0387466857464389e-4,0,0,0
TUR.10.4_1,2051,4,aegypti,8.585365449681001,80.18598422722361,0.0014194102088550572,0,0,0,0,0,0,1,1,1,1.419309477354025e-4,0,0,0
TUR.10.4_1,2051,5,aegypti,13.900779611924115,82.89748249775639,0.0019839601561863866,0,0,0,0,0,0,1,1,1,1.9197771406687103e-4,0,0,0
TUR.10.4_1,2051,6,aegypti,17.0895019419053,85.19678102331838,0.002231500531749051,0.005624526379881135,0.005580657019635725,0.0056723649067892635,0,0,0,1,1,1,2.2312515705369407e-4,0,0,0
TUR.10.4_1,2051,7,aegypti,21.692049082587747,91.22411663644525,0.0026205275369903048,0.11276864429178027,0.11231164900042581,0.1132226286503723,2.654412809410811e-8,2.3678890842537824e-8,2.9619001423730752e-8,0.9999999734558719,0.9999999703809986,0.9999999763211092,2.5356728544390084e-4,6.730722505298178e-12,6.0041920732647585e-12,7.51040978857444e-12
TUR.10.4_1,2051,8,aegypti,22.109200477600098,87.80630745105822,0.0031117112656263058,0.12351749085628728,0.12296793210127963,0.12403680035000073,3.262219853823467e-7,2.882279621890804e-7,3.6531686645191463e-7,0.9999996737780146,0.9999996346831335,0.9999997117720378,3.010880121905313e-4,9.822152911161932e-11,8.678198419323782e-11,1.0999252913968077e-10
TUR.10.4_1,2051,9,aegypti,17.968427237342386,87.79074509797894,0.002480184142359446,0.013785831713995542,0.013695543529042781,0.013872397191393625,0,0,0,1,1,1,2.4798766021161267e-4,0,0,0
TUR.10.4_1,2051,10,aegypti,12.715895708869484,87.94758366386306,0.0024441179634222794,0,0,0,0,0,0,1,1,1,2.3649957441285174e-4,0,0,0
TUR.10.4_1,2051,11,aegypti,12.084749509306516,63.787582050494635,0.001417709647578351,0,0,0,0,0,0,1,1,1,1.4176091572948302e-4,0,0,0
TUR.10.4_1,2051,12,aegypti,7.008337177336216,66.84191890382904,0.0011660884447388946,0,0,0,0,0,0,1,1,1,1.1284090183216744e-4,0,0,0
TUR.10.4_1,2052,1,aegypti,1.2383111590136062,78.715781296474,0.0011288010891739087,0,0,0,0,0,0,1,1,1,1.0923284873920469e-4,0,0,0
TUR.10.4_1,2052,2,aegypti,3.4635837178759497,76.26094774686925,8.745337099786039e-4,0,0,0,0,0,0,1,1,1,9.046491228359432e-5,0,0,0
TUR.10.4_1,2052,3,aegypti,2.3686285206281084,78.14643064652626,0.0010365436358446486,0,0,0,0,0,0,1,1,1,1.0030564348906257e-4,0,0,0
TUR.10.4_1,2052,4,aegypti,12.694177781834322,71.70600375847361,0.0013706383109254963,0,0,0,0,0,0,1,1,1,1.3705443827483066e-4,0,0,0
TUR.10.4_1,2052,5,aegypti,14.786558992722455,84.29434834248295,0.0019157899389861807,3.952027156924933e-6,3.887492246626711e-6,4.017777558480344e-6,0,0,0,1,1,1,1.853818410161301e-4,0,0,0
TUR.10.4_1,2052,6,aegypti,17.994158352122586,85.2808188040801,0.00215482465927381,0.013562295407189104,0.013472332324659888,0.01365587424264948,0,0,0,1,1,1,2.1545925124832888e-4,0,0,0
TUR.10.4_1,2052,7,aegypti,21.097490366767435,92.402766538789,0.0025304844326372727,0.09131301294594014,0.09091980151219675,0.09171959465433997,7.269832302814194e-11,6.426022214345295e-11,8.223404457385895e-11,0.9999999999273017,0.9999999999177659,0.9999999999357397,2.44855608226513e-4,1.780059210210321e-14,1.573447577770601e-14,2.0135467001058413e-14
TUR.10.4_1,2052,8,aegypti,23.144875526428223,91.186991349984,0.003004790755060294,0.17961189523133092,0.17896554243873425,0.18031041347703133,0.004700218855460598,0.004346248350959405,0.005102384246933969,0.9952997811445394,0.994897615753066,0.9956537516490406,2.907439278926338e-4,1.366560091991634e-6,1.26364531715482e-6,1.4834872375710807e-6
TUR.10.4_1,2052,9,aegypti,21.589953955482034,84.76312668977582,0.002394963332277177,0.09792451245447722,0.09749050430464742,0.09833951632016899,5.184105512645587e-10,4.568476513755471e-10,5.825943699688807e-10,0.9999999994815895,0.9999999994174057,0.9999999995431523,2.3946765627025357e-4,1.24142559697094e-13,1.0940023634747213e-13,1.3951250833269284e-13
TUR.10.4_1,2052,10,aegypti,14.371481951545265,88.80312870780837,0.0023601364117213147,0,0,0,0,0,0,1,1,1,2.2837421654620105e-4,0,0,0
TUR.10.4_1,2052,11,aegypti,10.31683855197009,76.76313365571924,0.0013689961820881884,0,0,0,0,0,0,1,1,1,1.3689024788365867e-4,0,0,0
TUR.10.4_1,2052,12,aegypti,7.944414772093296,72.13643642091888,0.0011260208545180797,0,0,0,0,0,0,1,1,1,1.0896382312597375e-4,0,0,0
TUR.10.4_1,2053,1,aegypti,5.806358444093562,74.46935948250916,0.001175068027405472,0,0,0,0,0,0,1,1,1,1.1370979526781344e-4,0,0,0
TUR.10.4_1,2053,2,aegypti,3.7844657998614233,76.91165117704503,8.789864451065569e-4,0,0,0,0,0,0,1,1,1,9.417268459288586e-5,0,0,0
TUR.10.4_1,2053,3,aegypti,4.7515247055493735,82.25579038773719,0.0010790291550684485,0,0,0,0,0,0,1,1,1,1.0441672449124084e-4,0,0,0
TUR.10.4_1,2053,4,aegypti,12.631423150791841,73.28645572380564,0.0014268175959010392,0,0,0,0,0,0,1,1,1,1.426715810319834e-4,0,0,0
TUR.10.4_1,2053,5,aegypti,16.1865395377664,84.11311970478764,0.001994313724639676,0.0015587537402134797,0.001541271788981733,0.0015747239720526065,0,0,0,1,1,1,1.9297947944885152e-4,0,0,0
TUR.10.4_1,2053,6,aegypti,20.18153818915872,82.72470460730275,0.0022431459236370755,0.052246257077305396,0.05196753197653805,0.052521184373868136,0,0,0,1,1,1,2.242894357266101e-4,0,0,0
TUR.10.4_1,2053,7,aegypti,21.474435862372903,88.50159008615228,0.0026342031197147653,0.09958266023334465,0.09914857340841798,0.10002242622539907,8.299957231505673e-10,7.329761214647234e-10,9.371883213926679e-10,0.9999999991700043,0.9999999990628117,0.9999999992670239,2.5489039247594825e-4,2.1155793562720658e-13,1.868285712756417e-13,2.3888029906365226e-13
TUR.10.4_1,2053,8,aegypti,21.572413444519043,90.68126167469103,0.0031279501580733513,0.10696840070147477,0.106504698721295,0.10739492954119936,6.121988135210365e-9,5.414822296101463e-9,6.827543258536295e-9,0.9999999938780119,0.9999999931724568,0.9999999945851777,3.026590435152299e-4,1.852875073414355e-12,1.6388449369430097e-12,2.0664177121874512e-12
TUR.10.4_1,2053,9,aegypti,19.627774771522073,84.65356858430707,0.002493127323811257,0.04043691190154846,0.04021829032516135,0.040642866163109685,0,0,0,1,1,1,2.4928165654447554e-4,0,0,0
TUR.10.4_1,2053,10,aegypti,14.098039683173683,82.68687962333571,0.0024568729285677745,0,0,0,0,0,0,1,1,1,2.3773363319334884e-4,0,0,0
TUR.10.4_1,2053,11,aegypti,9.218790341826047,73.73382915132471,0.0014251081600118402,0,0,0,0,0,0,1,1,1,1.42500661817202e-4,0,0,0
TUR.10.4_1,2053,12,aegypti,8.67806164175272,68.54963679933685,0.001172173837380248,0,0,0,0,0,0,1,1,1,1.1342974417105633e-4,0,0,0
TUR.10.4_1,2054,1,aegypti,4.325222837327815,72.0123129737201,0.00115012770928806,0,0,0,0,0,0,1,1,1,1.1129648763030797e-4,0,0,0
TUR.10.4_1,2054,2,aegypti,5.577967415385715,77.86731676542394,8.603303323959978e-4,0,0,0,0,0,0,1,1,1,9.217400161520839e-5,0,0,0
TUR.10.4_1,2054,3,aegypti,4.5744006821118735,77.45203367387,0.0010561272210886864,0,0,0,0,0,0,1,1,1,1.0220063726440465e-4,0,0,0
TUR.10.4_1,2054,4,aegypti,12.456504022373872,72.88399753288768,0.0013965340004773218,0,0,0,0,0,0,1,1,1,1.3964364896557058e-4,0,0,0
TUR.10.4_1,2054,5,aegypti,15.329851038315716,81.95988331562748,0.0019519852657263173,1.8112097848954503e-4,1.7875939740882583e-4,1.8355537896403156e-4,0,0,0,1,1,1,1.8888395908744915e-4,0,0,0
TUR.10.4_1,2054,6,aegypti,17.679906452403348,85.14113984900197,0.00219553610734175,0.010275699648052625,0.010202303207423019,0.010352811765760023,0,0,0,1,1,1,2.195295106039996e-4,0,0,0
TUR.10.4_1,2054,7,aegypti,21.022003229926614,89.20886547677728,0.0025782932810847203,0.08422388507144843,0.0838689355859025,0.08456326093428697,7.432109594418534e-12,6.583836253959418e-12,8.312189825332438e-12,0.999999999992568,0.9999999999916879,0.9999999999934162,2.4948112741474127e-4,1.8541710806854516e-15,1.6425428913518425e-15,2.073734488909278e-15
TUR.10.4_1,2054,8,aegypti,22.451924324035645,91.9208551805504,0.00306156074896824,0.14781061101578674,0.14723297341786729,0.14837941068602586,4.062350635861056e-5,3.661462229308243e-5,4.485539590919629e-5,0.9999593764936414,0.9999551446040909,0.9999633853777069,2.9623618587448775e-4,1.2034152580522793e-8,1.084657605533773e-8,1.328779140003041e-8
TUR.10.4_1,2054,9,aegypti,20.11357074625352,84.08672745881879,0.002440211758828729,0.0516200788617503,0.0513467068445917,0.05188093123526917,0,0,0,1,1,1,2.4399140513731155e-4,0,0,0
TUR.10.4_1,2054,10,aegypti,15.268835123847511,81.23399113456618,0.0024047268476742006,1.4142144881067935e-4,1.3953341629438366e-4,1.432927248832171e-4,0,0,0,1,1,1,2.3268842523593847e-4,0,0,0
TUR.10.4_1,2054,11,aegypti,12.164639760466184,74.07009471528956,0.0013948608466363816,0,0,0,0,0,0,1,1,1,1.3947635693201121e-4,0,0,0
TUR.10.4_1,2054,12,aegypti,3.3532987013459206,88.74571223878998,0.0011472949472127398,0,0,0,0,0,0,1,1,1,1.1102237983806607e-4,0,0,0
TUR.10.4_1,2055,1,aegypti,2.1953276866663467,78.68354710457947,0.0011293774031886001,0,0,0,0,0,0,1,1,1,1.0928861496950493e-4,0,0,0
TUR.10.4_1,2055,2,aegypti,1.647558699183933,78.80936388456456,8.44808475475502e-4,0,0,0,0,0,0,1,1,1,9.051109742441721e-5,0,0,0
TUR.10.4_1,2055,3,aegypti,5.168873090406551,77.45703092728797,0.0010370728474390614,0,0,0,0,0,0,1,1,1,1.0035685237597125e-4,0,0,0
TUR.10.4_1,2055,4,aegypti,9.970926439060884,77.41385135368846,0.0013713380959232567,0,0,0,0,0,0,1,1,1,1.3712440718127716e-4,0,0,0
TUR.10.4_1,2055,5,aegypti,13.499915964463177,80.68870411640873,0.0019167680533781954,0,0,0,0,0,0,1,1,1,1.854764796955788e-4,0,0,0
TUR.10.4_1,2055,6,aegypti,19.059170330272,83.60580812292775,0.002155924813820304,0.028522053827798165,0.028360746088431824,0.028689694041245765,0,0,0,1,1,1,2.1556924299304114e-4,0,0,0
TUR.10.4_1,2055,7,aegypti,20.785207804511575,86.3458588849804,0.002531776381818111,0.07287605835740846,0.07252716236377099,0.07320885133372505,1.2281631267541115e-13,1.06911701713841e-13,1.3944678745048123e-13,0.9999999999998772,0.9999999999998606,0.9999999999998931,2.449806049451553e-4,3.0087614576355566e-17,2.6191293361572768e-17,3.416175834727738e-17
TUR.10.4_1,2055,8,aegypti,22.028481483459473,89.53886665515978,0.0030063248632747224,0.12360516560063209,0.12309283107504475,0.1241245181825633,3.3259834784626907e-7,2.9635838095232183e-7,3.7245308349420634e-7,0.9999996674016521,0.9999996275469165,0.999999703641619,2.908923468024627e-4,9.675031394762302e-11,8.620838492979916e-11,1.0834375153144326e-10
TUR.10.4_1,2055,9,aegypti,20.570376929114847,78.52292283235394,0.002396186090605727,0.05861856347017281,0.058309290159472116,0.05892363677046215,2.283728761653947e-16,2.220446049250313e-16,3.3306690738754696e-16,0.9999999999999998,0.9999999999999997,0.9999999999999998,2.3958990281458536e-4,5.471583520595426e-20,5.3199645314491254e-20,7.979946797173688e-20
TUR.10.4_1,2055,10,aegypti,13.296262797187355,88.68383549491774,0.0023613413890230766,0,0,0,0,0,0,1,1,1,0.00022849080061515536,0,0,0
TUR.10.4_1,2055,11,aegypti,12.426512052031125,76.77507365816065,0.001369695128690352,0,0,0,0,0,0,1,1,1,1.3696013297359588e-4,0,0,0
TUR.10.4_1,2055,12,aegypti,6.52710834890604,74.4474258008017,0.0011265957490725921,0,0,0,0,0,0,1,1,1,1.0901945201913232e-4,0,0,0
TUR.10.4_1,2056,1,aegypti,5.374619352220393,70.91954716561463,0.0012480522056676677,0,0,0,0,0,0,1,1,1,1.2077195219029058e-4,0,0,0
TUR.10.4_1,2056,2,aegypti,5.853422890239231,73.62709001981847,9.66922991249319e-4,0,0,0,0,0,0,1,1,1,1.0002151385091196e-4,0,0,0
TUR.10.4_1,2056,3,aegypti,10.499303836485042,75.31175199662391,0.0011460483015067234,0,0,0,0,0,0,1,1,1,1.1090175009198511e-4,0,0,0
TUR.10.4_1,2056,4,aegypti,12.207888757481294,85.39891299919627,0.0015154380904921544,0,0,0,0,0,0,1,1,1,1.5153232686615503e-4,0,0,0
TUR.10.4_1,2056,5,aegypti,15.31730354533476,79.8888917995142,0.0021181817433374743,1.664456611593464e-4,1.6396576207920502e-4,1.686999799839906e-4,0,0,0,1,1,1,2.049643219431685e-4,0,0,0
TUR.10.4_1,2056,6,aegypti,18.248791301951687,81.77658449011525,0.0023824690590987085,0.01578608991138105,0.015683366106507873,0.01589746615192844,0,0,0,1,1,1,2.3821852736949367e-4,0,0,0
TUR.10.4_1,2056,7,aegypti,19.723825510810403,87.62380535714837,0.0027978150516065644,0.04458284730668454,0.04435467449026856,0.04480984978977076,0,0,0,1,1,1,2.7071964413893923e-4,0,0,0
TUR.10.4_1,2056,8,aegypti,22.25673770904541,83.20373787098009,0.0033222290139419356,0.12019446082854274,0.11963690502286722,0.12067302230161571,1.5436294783388592e-7,1.3559597279722002e-7,1.7187656514983106e-7,0.9999998456370521,0.9999998281234349,0.9999998644040271,3.2145435608077477e-4,4.962064199867203e-11,4.358791612267661e-11,5.525047057561427e-11
TUR.10.4_1,2056,9,aegypti,19.383657034705667,82.52746995149457,0.002647976953609417,0.03411477943978344,0.03391574909629236,0.03431305718507235,0,0,0,1,1,1,2.647626395455571e-4,0,0,0
TUR.10.4_1,2056,10,aegypti,15.433898981879738,83.60331486503493,0.0026094707761852207,2.6647851739030823e-4,2.63044740316705e-4,2.7005767786353097e-4,0,0,0,1,1,1,2.5249754708078775e-4,0,0,0
TUR.10.4_1,2056,11,aegypti,11.926452924223508,74.651256214313,0.001513622480517068,0,0,0,0,0,0,1,1,1,1.5135079336459079e-4,0,0,0
TUR.10.4_1,2056,12,aegypti,5.855698741972446,75.39104457521576,0.0012449782557682923,0,0,0,0,0,0,1,1,1,1.2047450905072754e-4,0,0,0
TUR.10.4_1,2057,1,aegypti,1.9466652744997512,86.454550827724,0.0010728118817961497,0,0,0,0,0,0,1,1,1,1.0381511552781664e-4,0,0,0
TUR.10.4_1,2057,2,aegypti,0.9485670726828497,76.04878954374425,8.024957536545106e-4,0,0,0,0,0,0,1,1,1,8.597799157217256e-5,0,0,0
TUR.10.4_1,2057,3,aegypti,3.4044101425610918,79.547004376995,9.851304531856256e-4,0,0,0,0,0,0,1,1,1,9.533066089073561e-5,0,0,0
TUR.10.4_1,2057,4,aegypti,8.914041673435884,77.27136478142283,0.0013026538330876247,0,0,0,0,0,0,1,1,1,1.302568991421449e-4,0,0,0
TUR.10.4_1,2057,5,aegypti,15.763732797959271,81.85770283467045,0.001820765615201536,6.381855993121731e-4,6.307185312211035e-4,6.460212750844998e-4,0,0,0,1,1,1,1.7618760119308963e-4,0,0,0
TUR.10.4_1,2057,6,aegypti,18.883507335887234,89.01582704382619,0.0020479440707734187,0.02765143638786239,0.027495213935599644,0.027795054777156412,0,0,0,1,1,1,2.0477343813418702e-4,0,0,0
TUR.10.4_1,2057,7,aegypti,21.13063627130845,96.16282971017571,0.002404970895288718,0.09810579691533801,0.09774492948461075,0.09847095467660133,5.457786107498919e-10,4.914935930466768e-10,6.048208239795016e-10,0.9999999994542214,0.9999999993951793,0.9999999995085064,2.327120372511704e-4,1.2700925239572087e-13,1.1437647533378984e-13,1.4074908612020136e-13
TUR.10.4_1,2057,8,aegypti,21.919480323791504,91.15138496570665,0.002855751341185381,0.12216828760056778,0.12165882196699927,0.12266865129840468,2.414060188534739e-7,2.1490918203637134e-7,2.6960630268857423e-7,0.9999997585939812,0.9999997303936973,0.999999785090818,2.763248482726688e-4,6.67064815317952e-11,5.938474711860365e-11,7.449892068377547e-11
TUR.10.4_1,2057,9,aegypti,19.57012897379258,85.24813492952191,0.002276171722347807,0.03952980263956195,0.03931578330283616,0.0397314337162179,0,0,0,1,1,1,2.275912694116311e-4,0,0,0
TUR.10.4_1,2057,10,aegypti,13.015881594489601,81.13139103690993,0.002243072237826541,0,0,0,0,0,0,1,1,1,2.1704794857158038e-4,0,0,0
TUR.10.4_1,2057,11,aegypti,8.700299550505246,82.8404423105044,0.0013010931548202134,0,0,0,0,0,0,1,1,1,1.3010085163212004e-4,0,0,0
TUR.10.4_1,2057,12,aegypti,6.467215694487095,73.59035487795013,0.0010701695484377212,0,0,0,0,0,0,1,1,1,1.0355943236184384e-4,0,0,0
TUR.10.4_1,2058,1,aegypti,4.620248901246883,78.18450077889588,0.0011593802501642407,0,0,0,0,0,0,1,1,1,1.1219179475541186e-4,0,0,0
TUR.10.4_1,2058,2,aegypti,6.510394344859592,61.50279573881261,8.672515129772742e-4,0,0,0,0,0,0,1,1,1,9.291548805046013e-5,0,0,0
TUR.10.4_1,2058,3,aegypti,4.691343564649715,79.80326048051063,0.0010646235473702429,0,0,0,0,0,0,1,1,1,1.0302277801843562e-4,0,0,0
TUR.10.4_1,2058,4,aegypti,13.271644746556001,75.22178134636424,0.0014077688292881076,0,0,0,0,0,0,1,1,1,1.4076697432841012e-4,0,0,0
TUR.10.4_1,2058,5,aegypti,14.930692560532513,81.83877430683842,0.0019676885857272024,2.1229318234182922e-5,2.088101054814769e-5,2.1554409507354967e-5,0,0,0,1,1,1,1.904033470195854e-4,0,0,0
TUR.10.4_1,2058,6,aegypti,18.561749065623562,89.68761049109182,0.0022131987437726953,0.02242666281937449,0.02229000942532702,0.022561228159465114,0,0,0,1,1,1,2.2129538494053413e-4,0,0,0
TUR.10.4_1,2058,7,aegypti,21.029869135688333,89.26227123849603,0.002599035120257333,0.08456115873228269,0.08418152699884114,0.08493486906423306,8.323526201614584e-12,7.314135408442723e-12,9.408859802384483e-12,0.9999999999916764,0.9999999999905911,0.9999999999926859,2.5148789938223004e-4,2.093266119897004e-15,1.8394165496664495e-15,2.3662143872835774e-15
TUR.10.4_1,2058,8,aegypti,23.09745693206787,86.50961555652697,0.0030861903755270803,0.16366530972751583,0.1629610241344854,0.16429469189599324,5.441649954440248e-4,4.887881575605879e-4,5.971825434789524e-4,0.9994558350045559,0.999402817456521,0.9995112118424394,2.986189891998059e-4,1.624980008974117e-7,1.4596142554357823e-7,1.783300475014539e-7
TUR.10.4_1,2058,9,aegypti,20.26889949686387,86.1843379324516,0.002459842760553812,0.057494663708929465,0.05719799454115528,0.05777330272779317,1.1235457009206584e-16,1.1102230246251565e-16,1.1102230246251565e-16,0.9999999999999999,0.9999999999999999,0.9999999999999999,2.459540244038605e-4,2.7634058674309216e-20,2.7306382089238356e-20,2.7306382089238356e-20
TUR.10.4_1,2058,10,aegypti,16.528930720160986,81.87045811454665,0.0024240723805871744,0.002597490629181088,0.002570080618285369,0.0026228509812741083,0,0,0,1,1,1,2.345601362030436e-4,0,0,0
TUR.10.4_1,2058,11,aegypti,11.245210935087766,71.54885448091456,0.0014060822152686323,0,0,0,0,0,0,1,1,1,1.405983366541408e-4,0,0,0
TUR.10.4_1,2058,12,aegypti,4.868043817579746,82.47068782472748,0.0011565246991006347,0,0,0,0,0,0,1,1,1,1.119154820694579e-4,0,0,0
TUR.10.4_1,2059,1,aegypti,1.0719667547930252,78.94610508797791,0.00111187711490583,0,0,0,0,0,0,1,1,1,1.0759522233871888e-4,0,0,0
TUR.10.4_1,2059,2,aegypti,2.892023096614353,69.2277827688419,8.317177302358615e-4,0,0,0,0,0,0,1,1,1,8.910864354283454e-5,0,0,0
TUR.10.4_1,2059,3,aegypti,4.67778994526495,84.29059568558876,0.0010210028660943167,0,0,0,0,0,0,1,1,1,9.88018477527941e-5,0,0,0
TUR.10.4_1,2059,4,aegypti,14.537258302464204,73.2185235948994,0.0013500885012846127,0,0,0,0,0,0,1,1,1,1.349997368438327e-4,0,0,0
TUR.10.4_1,2059,5,aegypti,15.120917208054486,78.82420979267826,0.0018870667388215052,6.922912681828622e-5,6.815727327836591e-5,7.027268609020037e-5,0,0,0,1,1,1,1.8260268792080758e-4,0,0,0
TUR.10.4_1,2059,6,aegypti,19.466988170848172,81.87155519324025,0.0021225176412920503,0.035432258293067155,0.03523883422290957,0.035630870490404906,0,0,0,1,1,1,2.1222924031716328e-4,0,0,0
TUR.10.4_1,2059,7,aegypti,21.458732661078958,90.48371441476556,0.0024925451944185465,0.10216100064310879,0.10169475361481745,0.10262045830965354,1.696965667985495e-9,1.4905095574446746e-9,1.9202262668827076e-9,0.9999999983030343,0.9999999980797737,0.9999999985094905,2.4118496130254297e-4,4.092825989648256e-13,3.594884899333643e-13,4.631296978702323e-13
TUR.10.4_1,2059,8,aegypti,23.302992820739746,93.26199592762072,0.0029597403011695947,0.19437926381180634,0.19367676522422816,0.19507022388439804,0.021397543043482566,0.020132861883035858,0.022679156675204083,0.9786024569565175,0.9773208433247959,0.9798671381169641,2.8638546461001724e-4,6.127945306020597e-6,5.765759004302531e-6,6.4949808213916946e-6
TUR.10.4_1,2059,9,aegypti,19.38981014139512,86.07462723909222,0.0023590559450526365,0.03613201468859241,0.035926286872827284,0.036339375897892906,0,0,0,1,1,1,2.358777709684512e-4,0,0,0
TUR.10.4_1,2059,10,aegypti,13.792715128730324,85.75330113212478,0.0023247511801829943,0,0,0,0,0,0,1,1,1,2.2495061547811446e-4,0,0,0
TUR.10.4_1,2059,11,aegypti,9.13406210085925,73.89660228364893,0.001348470992680625,0,0,0,0,0,0,1,1,1,1.348380078066702e-4,0,0,0
TUR.10.4_1,2059,12,aegypti,4.204693473875523,78.97478480959076,0.0011091385639622386,0,0,0,0,0,0,1,1,1,1.0733022975961681e-4,0,0,0
TUR.10.4_1,2060,1,aegypti,2.5457653874147903,78.60943516610291,0.0011507122472816664,0,0,0,0,0,0,1,1,1,1.113530495258086e-4,0,0,0
TUR.10.4_1,2060,2,aegypti,0.8761251371436041,81.81523851835362,8.915092839514539e-4,0,0,0,0,0,0,1,1,1,9.222084573612399e-5,0,0,0
TUR.10.4_1,2060,3,aegypti,4.645073194166317,82.24256864701454,0.001056663984512281,0,0,0,0,0,0,1,1,1,1.0225257680163136e-4,0,0,0
TUR.10.4_1,2060,4,aegypti,10.842535173191743,76.03555545525096,0.001397243771380196,0,0,0,0,0,0,1,1,1,1.3971461614181724e-4,0,0,0
TUR.10.4_1,2060,5,aegypti,14.041817552903119,77.42324696308842,0.001952977337773241,0,0,0,0,0,0,1,1,1,1.8897994792088646e-4,0,0,0
TUR.10.4_1,2060,6,aegypti,23.752512539134305,67.97224794226369,0.0021966519610514836,0.13916437442657542,0.13849290854045845,0.13991217135125322,8.252303630797208e-6,7.23487354656327e-6,9.499607322899228e-6,0.9999917476963692,0.9999905003926771,0.9999927651264535,2.1964107147243173e-4,1.8125448115841375e-9,1.5890753777347086e-9,2.0865039309689454e-9
TUR.10.4_1,2060,7,aegypti,22.3872891033397,88.99963696115228,0.002579603666330883,0.13798659365426885,0.13743606577496786,0.13852699609295047,6.568945904893541e-6,5.893191138728327e-6,7.282655734414111e-6,0.9999934310540951,0.9999927173442655,0.9999941068088612,2.496079072451529e-4,1.6396608401270942e-9,1.4709871071336571e-9,1.8178084570540185e-9
TUR.10.4_1,2060,8,aegypti,23.88759136199951,87.41950477771837,0.003063116748848126,0.20419715139031236,0.20339842260537638,0.2049928991185966,0.044334229651066565,0.04210901134057211,0.046591883004485614,0.9556657703489334,0.9534081169955144,0.9578909886594279,2.963867218892524e-4,1.3140076993764914e-5,1.2480551833229522e-5,1.3809215470347063e-5
TUR.10.4_1,2060,9,aegypti,19.06123119242051,83.61545212922894,0.0024414519658717917,0.028563685654149698,0.028394188128967573,0.02873112131092477,0,0,0,1,1,1,2.441153955740072e-4,0,0,0
TUR.10.4_1,2060,10,aegypti,12.652136858771827,83.83005284110915,0.0024059490199559042,0,0,0,0,0,0,1,1,1,2.3280667244474085e-4,0,0,0
TUR.10.4_1,2060,11,aegypti,11.250525762053098,77.47270549409815,0.001395569767179786,0,0,0,0,0,0,1,1,1,1.395472390960384e-4,0,0,0
TUR.10.4_1,2060,12,aegypti,7.682226337492466,79.02307887697357,0.0011478780454905247,0,0,0,0,0,0,1,1,1,1.1107880243721446e-4,0,0,0
TUR.10.4_1,2061,1,aegypti,0.8031257265795242,83.32779606698182,0.0010737469566399456,0,0,0,0,0,0,1,1,1,1.0390559724338111e-4,0,0,0
TUR.10.4_1,2061,2,aegypti,1.7011683087878149,85.749900383588,8.031952179354607e-4,0,0,0,0,0,0,1,1,1,8.605292772745354e-5,0,0,0
TUR.10.4_1,2061,3,aegypti,5.426769275327816,82.80480924760047,9.85989103914856e-4,0,0,0,0,0,0,1,1,1,9.541374819765913e-5,0,0,0
TUR.10.4_1,2061,4,aegypti,9.6474091165206,75.58205661491893,0.0013037892407487099,0,0,0,0,0,0,1,1,1,1.30370425112325e-4,0,0,0
TUR.10.4_1,2061,5,aegypti,13.033696062424603,80.01424275166264,0.0018223526148909623,0,0,0,0,0,0,1,1,1,1.7634115473730283e-4,0,0,0
TUR.10.4_1,2061,6,aegypti,18.660416210398953,82.49221406775197,0.0020497290817474536,0.021568658183535015,0.021436721858882266,0.021704357527547628,0,0,0,1,1,1,2.0495190266345276e-4,0,0,0
TUR.10.4_1,2061,7,aegypti,22.3332176769481,83.33117230050775,0.002407067094839081,0.12345365927559646,0.12288979794419282,0.12402010533700114,3.2174680050245377e-7,2.8325090373759745e-7,3.6397358093576135e-7,0.9999996782531995,0.9999996360264191,0.9999997167490963,2.329148480441079e-4,7.493960714770692e-11,6.597334120239874e-11,8.477485129572266e-11
TUR.10.4_1,2061,8,aegypti,23.849696159362793,80.1812311571129,0.0028582404460178214,0.17785530760543378,0.17702956428520913,0.1786679396112434,0.003800348123613217,0.003427039950053701,0.0041925051855789125,0.9961996518763868,0.9958074948144211,0.9965729600499463,2.7656566279499195e-4,1.0510457976587934e-6,9.478015752115179e-7,1.1595029754210725e-6
TUR.10.4_1,2061,9,aegypti,20.743558462928323,85.79331620393597,0.002278155659097429,0.07095684464834728,0.07060441565086689,0.07130692611695391,5.749878351224425e-14,4.973799150320701e-14,6.59472476627343e-14,0.9999999999999425,0.999999999999934,0.9999999999999503,2.2778961791414254e-4,1.3097625926782115e-17,1.1329798080332394e-17,1.5022098347583575e-17
TUR.10.4_1,2061,10,aegypti,11.544933375190285,84.67476414482009,0.0022450273246949833,0,0,0,0,0,0,1,1,1,2.1723710944276942e-4,0,0,0
TUR.10.4_1,2061,11,aegypti,10.678685475798215,80.11764873140284,0.0013022272021766526,0,0,0,0,0,0,1,1,1,1.302142416073071e-4,0,0,0
TUR.10.4_1,2061,12,aegypti,6.4483267441391945,74.79234309816498,0.0010711023201941871,0,0,0,0,0,0,1,1,1,1.0364969124410095e-4,0,0,0
TUR.10.4_1,2062,1,aegypti,3.220569598077632,80.7165366065326,0.0011580785431789433,0,0,0,0,0,0,1,1,1,1.1206583723677443e-4,0,0,0
TUR.10.4_1,2062,2,aegypti,4.229481230311863,75.30707506620519,8.662777967592409e-4,0,0,0,0,0,0,1,1,1,9.28111710010171e-5,0,0,0
TUR.10.4_1,2062,3,aegypti,5.103153724332943,77.05306974564735,0.0010634282295199277,0,0,0,0,0,0,1,1,1,1.0290711400806618e-4,0,0,0
TUR.10.4_1,2062,4,aegypti,9.80679336716147,77.69178256706736,0.0014061882412812747,0,0,0,0,0,0,1,1,1,1.4060893776468575e-4,0,0,0
TUR.10.4_1,2062,5,aegypti,13.347086794236127,83.47538624531498,0.0019654793416275483,0,0,0,0,0,0,1,1,1,1.9018958988847867e-4,0,0,0
TUR.10.4_1,2062,6,aegypti,19.003491008982937,84.19871888952932,0.0022107138504305736,0.02779045578901446,0.027633708516796154,0.02794956056117617,0,0,0,1,1,1,2.210469505650181e-4,0,0,0
TUR.10.4_1,2062,7,aegypti,22.61170202143052,81.45350201242181,0.0025961170248605956,0.13041859327338215,0.12983164021611013,0.13103256761587634,1.4362628936445132e-6,1.268464305567707e-6,1.628335233344602e-6,0.9999985637371064,0.9999983716647667,0.9999987315356944,2.512055740329089e-4,3.607972446601367e-10,3.18645304020391e-10,4.0904688701034143e-10
TUR.10.4_1,2062,8,aegypti,21.8856840133667,91.12570442371447,0.0030827253211851485,0.12068495319122416,0.1201805805498435,0.12117718098958737,1.7262778070059604e-7,1.5360431868116642e-7,1.9273328691893354e-7,0.9999998273722193,0.9999998072667131,0.9999998463956813,2.982837614393663e-4,5.149206375630383e-11,4.5817673949549445e-11,5.748920977675211e-11
TUR.10.4_1,2062,9,aegypti,19.98427158243516,87.86271317659222,0.0024570809449168006,0.051268193073110487,0.05100776877004874,0.05153031884443834,0,0,0,1,1,1,2.4567791073004663e-4,0,0,0
TUR.10.4_1,2062,10,aegypti,15.491068896125343,84.43868016044509,0.002421350726539479,3.2332717658662774e-4,3.192321592798527e-4,3.273736637444131e-4,0,0,0,1,1,1,2.3429681207254305e-4,0,0,0
TUR.10.4_1,2062,11,aegypti,11.334734250517453,76.0507923471255,0.0014045035209263243,0,0,0,0,0,0,1,1,1,1.4044048940364817e-4,0,0,0
TUR.10.4_1,2062,12,aegypti,7.047413982450962,72.29238887453216,0.0011552261982168436,0,0,0,0,0,0,1,1,1,1.1178983474913196e-4,0,0,0
TUR.10.4_1,2063,1,aegypti,5.804126130937434,69.33418187020447,0.0012668433722612545,0,0,0,0,0,0,1,1,1,1.2259023090621657e-4,0,0,0
TUR.10.4_1,2063,2,aegypti,5.7134940724902075,72.90719561063878,9.47637180418732e-4,0,0,0,0,0,0,1,1,1,1.0152740078939182e-4,0,0,0
TUR.10.4_1,2063,3,aegypti,7.0032901951276205,78.85399595414344,0.0011633036570600508,0,0,0,0,0,0,1,1,1,1.125714366241315e-4,0,0,0
TUR.10.4_1,2063,4,aegypti,14.171672975315767,69.33916721062205,0.001538255124500336,0,0,0,0,0,0,1,1,1,1.5381368191247358e-4,0,0,0
TUR.10.4_1,2063,5,aegypti,12.170320398667279,84.28568897968998,0.0021500739236756,0,0,0,0,0,0,1,1,1,2.080500246244288e-4,0,0,0
TUR.10.4_1,2063,6,aegypti,18.537737453685086,89.76021943884572,0.0024183404535726596,0.022072010359605928,0.021944498520311502,0.022196628545058442,0,0,0,1,1,1,2.4180480586155628e-4,0,0,0
TUR.10.4_1,2063,7,aegypti,22.023504313300638,86.0779145490429,0.0028399400592737383,0.11662644838992978,0.1161204169861073,0.11710096625090927,6.729940383076727e-8,5.95806798064924e-8,7.514559475230164e-8,0.9999999327005962,0.9999999248544053,0.9999999404193202,2.747951458575981e-4,1.849354949180509e-11,1.6372481597719927e-11,2.064964467051469e-11
TUR.10.4_1,2063,8,aegypti,24.307610511779785,77.71859230213244,0.003372249805203334,0.18851177845937248,0.18764618890363907,0.18930471946149718,0.012449260473819045,0.011406333496566291,0.01344978910541603,0.987550739526181,0.986550210894584,0.9885936665034337,3.262935100322162e-4,4.062112897307747e-6,3.7218125931926563e-6,4.388578896399257e-6
TUR.10.4_1,2063,9,aegypti,19.189137991736917,85.51389725862347,0.002687845939734588,0.03181329806317494,0.0316411281855396,0.031991599023382056,0,0,0,1,1,1,2.6874847463065343e-4,0,0,0
TUR.10.4_1,2063,10,aegypti,13.186873492072609,83.54641484062087,0.002648759998105357,0,0,0,0,0,0,1,1,1,2.562987625789326e-4,0,0,0
TUR.10.4_1,2063,11,aegypti,11.712119389982785,81.25872386568018,0.0015364121779848743,0,0,0,0,0,0,1,1,1,1.5362941559105003e-4,0,0,0
TUR.10.4_1,2063,12,aegypti,5.609474815428257,82.43569179201263,0.0012637231397589583,0,0,0,0,0,0,1,1,1,1.222883098935812e-4,0,0,0
TUR.10.4_1,2064,1,aegypti,3.5065717571962844,80.79074772713807,0.0011471119983191822,0,0,0,0,0,0,1,1,1,1.1100467707192418e-4,0,0,0
TUR.10.4_1,2064,2,aegypti,0.00549770408200434,81.92565111600987,8.887200068040405e-4,0,0,0,0,0,0,1,1,1,9.193232639270743e-5,0,0,0
TUR.10.4_1,2064,3,aegypti,6.408894080778255,79.59079710160438,0.0010533579856207929,0,0,0,0,0,0,1,1,1,1.0193267408808993e-4,0,0,0
TUR.10.4_1,2064,4,aegypti,11.380170022740083,76.67766818718455,0.0013928721959058474,0,0,0,0,0,0,1,1,1,1.392775195762086e-4,0,0,0
TUR.10.4_1,2064,5,aegypti,17.06659973368925,85.64032612568607,0.0019468670311777532,0.005517166025383632,0.0054690685580285996,0.0055613871835370025,0,0,0,1,1,1,1.8838873950055568e-4,0,0,0
TUR.10.4_1,2064,6,aegypti,18.579031551585476,90.03725038366994,0.0021897792663683456,0.022824193115941478,0.022691954975482424,0.022965805461291126,0,0,0,1,1,1,2.1895395272064633e-4,0,0,0
TUR.10.4_1,2064,7,aegypti,22.260028895209818,86.86757977121087,0.0025715328254710002,0.12785055585315255,0.12729710890841267,0.1283633707894417,8.364474704908309e-7,7.419763231597543e-7,9.311685041535344e-7,0.9999991635525295,0.9999990688314959,0.9999992580236767,2.4882705278073125e-4,2.0813075888813113e-10,1.846237817249251e-10,2.316999145307661e-10
TUR.10.4_1,2064,8,aegypti,22.889344215393066,83.55590309314806,0.003053533134071226,0.14670157073825696,0.14610921717222625,0.14730777580905735,3.33482513695319e-5,2.994337066406505e-5,3.71053285662809e-5,0.9999666517486304,0.9999628946714337,0.9999700566293359,2.9545954975085387e-4,9.853059334620192e-9,8.847054814427586e-9,1.0963123671550852e-8
TUR.10.4_1,2064,9,aegypti,21.32544475443223,85.79832108674847,0.0024338133621045603,0.09010544756144168,0.08971239476602312,0.09047878599686263,4.996170499538266e-11,4.409081433287554e-11,5.603437158718804e-11,0.9999999999500383,0.9999999999439657,0.9999999999559093,2.4335172137568417e-4,1.2158266913490489e-14,1.0729575564760952e-14,1.3636060781946939e-14
TUR.10.4_1,2064,10,aegypti,16.9849920833812,80.89677189628493,0.0023984214947354605,0.004658649934220347,0.0046203524065505895,0.00470003288888661,0,0,0,1,1,1,2.3207837158956135e-4,0,0,0
TUR.10.4_1,2064,11,aegypti,10.589646626921262,80.54485667818018,0.0013912034291850071,0,0,0,0,0,0,1,1,1,1.3911066613236933e-4,0,0,0
TUR.10.4_1,2064,12,aegypti,3.860228218138218,87.17893977785248,0.001144286663933495,0,0,0,0,0,0,1,1,1,1.1073128792871145e-4,0,0,0
TUR.10.4_1,2065,1,aegypti,4.463959085344173,75.0035239112201,0.0011928537089145792,0,0,0,0,0,0,1,1,1,1.1543079305464943e-4,0,0,0
TUR.10.4_1,2065,2,aegypti,4.894226799540989,71.3424067922794,8.922906731162371e-4,0,0,0,0,0,0,1,1,1,9.559800233938098e-5,0,0,0
TUR.10.4_1,2065,3,aegypti,6.148935813566341,83.27875486527626,0.0010953612043145356,0,0,0,0,0,0,1,1,1,1.05997079104303e-4,0,0,0
TUR.10.4_1,2065,4,aegypti,11.665424501194673,75.38906345085643,0.0014484137271380685,0,0,0,0,0,0,1,1,1,1.448308837086465e-4,0,0,0
TUR.10.4_1,2065,5,aegypti,16.610569841721478,79.13485584980717,0.0020244994057308386,0.0027934118229789007,0.0027669032653830604,0.0028199505141489464,0,0,0,1,1,1,1.9590010639658484e-4,0,0,0
TUR.10.4_1,2065,6,aegypti,21.576466167674344,81.5798681815215,0.002277097897519261,0.09254239917627138,0.09210107459790295,0.09296711359374761,1.059709457962299e-10,9.242590581770572e-11,1.202731303440174e-10,0.9999999998940291,0.9999999998797269,0.999999999907574,2.2768386584548495e-4,2.4127874606187965e-14,2.1043887540845935e-14,2.7384251274063788e-14
TUR.10.4_1,2065,7,aegypti,21.536741312812357,89.75788433664056,0.0026740740860119166,0.10402957806599578,0.10352126453716569,0.10448225100562579,2.8158977963821385e-9,2.451259384361748e-9,3.1726145488519817e-9,0.9999999971841022,0.9999999968273854,0.9999999975487407,2.5874788215363154e-4,7.286075911749563e-13,6.342581743128169e-13,8.209072954052494e-13
TUR.10.4_1,2065,8,aegypti,21.864428520202637,86.64784492664415,0.003175294417290999,0.11144024936755184,0.11097693772015876,0.11186757188687235,1.9109234911440788e-8,1.6996208607178435e-8,2.121573192126469e-8,0.9999999808907651,0.999999978784268,0.9999999830037913,3.0723934883369886e-4,5.8711088909012526e-12,5.221904065111209e-12,6.518307660519682e-12
TUR.10.4_1,2065,9,aegypti,19.826085623572855,89.72741349397504,0.002530862984648584,0.048588402135037345,0.048337427577138464,0.04884470143737406,0,0,0,1,1,1,2.5305427482924525e-4,0,0,0
TUR.10.4_1,2065,10,aegypti,14.280652102302101,88.75192021171462,0.002494059847449685,0,0,0,0,0,0,1,1,1,2.4133150526461922e-4,0,0,0
TUR.10.4_1,2065,11,aegypti,11.61285905978259,77.52653087251612,0.001446678417442778,0,0,0,0,0,0,1,1,1,1.4465737785662736e-4,0,0,0
TUR.10.4_1,2065,12,aegypti,9.683054126799107,68.33802028322357,0.0011899157127940358,0,0,0,0,0,0,1,1,1,1.151465036286492e-4,0,0,0
TUR.10.4_1,2066,1,aegypti,5.207663642762996,79.71762760995057,0.0011642831197706364,0,0,0,0,0,0,1,1,1,1.1266621266325938e-4,0,0,0
TUR.10.4_1,2066,2,aegypti,2.388411889605991,87.72085527860753,8.70919007816413e-4,0,0,0,0,0,0,1,1,1,9.330839733812102e-5,0,0,0
TUR.10.4_1,2066,3,aegypti,5.0316598602734945,78.4499584785575,0.0010691257030969038,0,0,0,0,0,0,1,1,1,1.0345842552694773e-4,0,0,0
TUR.10.4_1,2066,4,aegypti,13.409875070347505,74.43076572136424,0.0014137221021724526,0,0,0,0,0,0,1,1,1,1.413622176372753e-4,0,0,0
TUR.10.4_1,2066,5,aegypti,15.150275118210736,74.89351521260014,0.001976009687074622,7.449756086783587e-5,7.338027786170063e-5,7.571174662217661e-5,0,0,0,1,1,1,1.9120846124209834e-4,0,0,0
TUR.10.4_1,2066,6,aegypti,17.99692782233743,87.70190797644338,0.0022225580759264204,0.01409748187591646,0.014004372510873653,0.014192792668439161,0,0,0,1,1,1,2.2223111060037937e-4,0,0,0
TUR.10.4_1,2066,7,aegypti,20.946243342231302,85.90150768869134,0.0026100261047037727,0.07747650108038703,0.07711306072386753,0.07783891901787449,6.985899636546833e-13,6.099537541714995e-13,7.957273728820268e-13,0.9999999999993014,0.9999999999992043,0.99999999999939,2.5255127497925134e-4,1.7642978600869911e-16,1.54044598294393e-16,2.0096196255724604e-16
TUR.10.4_1,2066,8,aegypti,23.325989723205566,97.98711647205431,0.003099241476742215,0.21190572812125041,0.21121986648634078,0.21265224136259006,0.06822504536425847,0.06594353954484797,0.07072759394118315,0.9317749546357416,0.9292724060588169,0.934056460455152,2.998816210387778e-4,2.0459437199277983e-5,1.9775255535743755e-5,2.120990552325444e-5
TUR.10.4_1,2066,9,aegypti,19.717254217933206,88.70843918977582,0.002470245118456254,0.04515641125654995,0.044929505957313515,0.04539560152637884,0,0,0,1,1,1,2.4699400380301384e-4,0,0,0
TUR.10.4_1,2066,10,aegypti,14.326100405524757,86.42952488700759,0.0024343234701643857,0,0,0,0,0,0,1,1,1,2.3555194394464518e-4,0,0,0
TUR.10.4_1,2066,11,aegypti,12.636295606108273,75.92590678804346,0.0014120283556797331,0,0,0,0,0,0,1,1,1,1.411928669168283e-4,0,0,0
TUR.10.4_1,2066,12,aegypti,5.84885660558939,82.04274745607513,0.0011614154929497304,0,0,0,0,0,0,1,1,1,1.1238873161811824e-4,0,0,0
TUR.10.4_1,2067,1,aegypti,6.937866556047298,75.71359928963807,0.0012075380321581106,0,0,0,0,0,0,1,1,1,1.168516915502904e-4,0,0,0
TUR.10.4_1,2067,2,aegypti,4.774099360042087,75.12752489530675,9.03274991288119e-4,0,0,0,0,0,0,1,1,1,9.677478037106724e-5,0,0,0
TUR.10.4_1,2067,3,aegypti,9.15013029064764,75.95615354691688,0.0011088453707905862,0,0,0,0,0,0,1,1,1,1.0730185927176894e-4,0,0,0
TUR.10.4_1,2067,4,aegypti,10.078478967442232,79.19377383904002,0.001466244057211835,0,0,0,0,0,0,1,1,1,1.4661365688839467e-4,0,0,0
TUR.10.4_1,2067,5,aegypti,15.962274439194623,82.88214741474857,0.002049421492536554,0.0010014342946100222,9.904854837081236e-4,0.0010122666939258271,0,0,0,1,1,1,1.9831144586612837e-4,0,0,0
TUR.10.4_1,2067,6,aegypti,18.524572933421414,79.89311586218557,0.002305129534034659,0.018839231865691607,0.01871693196928521,0.018961436524750554,0,0,0,1,1,1,2.304863873339169e-4,0,0,0
TUR.10.4_1,2067,7,aegypti,19.879207667182474,86.85386974923821,0.0027069925972783818,0.047825095910175676,0.04757074645945556,0.04807183602517868,0,0,0,1,1,1,2.6193271517793715e-4,0,0,0
TUR.10.4_1,2067,8,aegypti,21.27428150177002,90.55946602039415,0.003214383074406639,0.0952318263396168,0.09483828639730352,0.09563743177537973,2.3703618801107495e-10,2.1061296040514323e-10,2.665963644288283e-10,0.9999999997629638,0.9999999997334037,0.999999999789387,3.110209527336094e-4,7.37232210275475e-14,6.55050436032536e-14,8.291705525997071e-14
TUR.10.4_1,2067,9,aegypti,19.90142017252305,85.31891282258832,0.0025620185319499248,0.04726634691357209,0.047012218628332075,0.04750881247369632,0,0,0,1,1,1,2.561690363028779e-4,0,0,0
TUR.10.4_1,2067,10,aegypti,16.790314730475927,80.97912358085524,0.0025247623390586425,0.003666060495633914,0.0036323067058408897,0.0036995897100231202,0,0,0,1,1,1,2.4430199267078123e-4,0,0,0
TUR.10.4_1,2067,11,aegypti,10.122801114531125,83.6129032480044,0.0014644873854263714,0,0,0,0,0,0,1,1,1,1.4643801544955704e-4,0,0,0
TUR.10.4_1,2067,12,aegypti,5.334245599806309,80.55841060304779,0.001204563868580988,0,0,0,0,0,0,1,1,1,1.1656390285974538e-4,0,0,0
TUR.10.4_1,2068,1,aegypti,2.4212602847803604,83.84030827401307,0.0011587134555592318,0,0,0,0,0,0,1,1,1,1.1212727348275386e-4,0,0,0
TUR.10.4_1,2068,2,aegypti,5.141266356044285,76.97501329862706,8.977081850921423e-4,0,0,0,0,0,0,1,1,1,9.286205202774234e-5,0,0,0
TUR.10.4_1,2068,3,aegypti,5.099586028715267,79.93540922318641,0.0010640112502074688,0,0,0,0,0,0,1,1,1,1.0296352955718735e-4,0,0,0
TUR.10.4_1,2068,4,aegypti,12.104847108616548,70.16984042839549,0.001406959178907798,0,0,0,0,0,0,1,1,1,1.406860206842886e-4,0,0,0
TUR.10.4_1,2068,5,aegypti,17.173683054306927,77.0463396144556,0.001966556908580628,0.005442877834584804,0.005395160795687572,0.005486921282965078,0,0,0,1,1,1,1.9029385072277805e-4,0,0,0
TUR.10.4_1,2068,6,aegypti,19.492884243235867,82.42823396521291,0.002211925866317735,0.03625979649381331,0.03605754791147035,0.03646495129454525,0,0,0,1,1,1,2.2116812535522e-4,0,0,0
TUR.10.4_1,2068,7,aegypti,22.129186686347513,87.44145519845696,0.002597540336646718,0.12360075231060051,0.12309989566371861,0.12409982912375339,3.3227047483952445e-7,2.968247605455998e-7,3.704311252544779e-7,0.9999996677295252,0.9999996295688748,0.9999997031752395,2.513432792726755e-4,8.351395075165509e-11,7.460490868485773e-11,9.310537376612768e-11
TUR.10.4_1,2068,8,aegypti,20.671406745910645,91.60323585681994,0.0030844154142129292,0.07522540605552828,0.074894550685183775,0.07557270993188137,3.0246261051303235e-13,2.663369524924519e-13,3.440608908888976e-13,0.9999999999996976,0.9999999999996558,0.9999999999997337,2.984472700292562e-4,9.026914039353672e-17,7.948753637928398e-17,1.0268403360962527e-16
TUR.10.4_1,2068,9,aegypti,20.149207648108987,82.57867844758832,0.0024584280306740552,0.0513180775671112,0.05104595263190176,0.05156978063684213,0,0,0,1,1,1,2.458125862017102e-4,0,0,0
TUR.10.4_1,2068,10,aegypti,13.303202685187843,86.77152775565993,0.002422678223333505,0,0,0,0,0,0,1,1,1,2.3442524939654152e-4,0,0,0
TUR.10.4_1,2068,11,aegypti,10.751750279875363,81.37627757661768,0.0014052735349109951,0,0,0,0,0,0,1,1,1,1.4051747998511388e-4,0,0,0
TUR.10.4_1,2068,12,aegypti,9.050165332853794,70.05879207277435,0.0011558595468093044,0,0,0,0,0,0,1,1,1,1.1185111969469475e-4,0,0,0
TUR.10.4_1,2069,1,aegypti,6.92438780009637,70.3831396949115,0.0012264349112912738,0,0,0,0,0,0,1,1,1,1.1868020642680221e-4,0,0,0
TUR.10.4_1,2069,2,aegypti,3.4986219506792944,82.22660784208409,9.174104287483162e-4,0,0,0,0,0,0,1,1,1,9.828914381426745e-5,0,0,0
TUR.10.4_1,2069,3,aegypti,9.110956687589779,75.67306486283485,0.00112619779894703,0,0,0,0,0,0,1,1,1,1.0898094491440524e-4,0,0,0
TUR.10.4_1,2069,4,aegypti,13.22974315811606,69.43039951042674,0.001489189451883448,0,0,0,0,0,0,1,1,1,1.489078573125857e-4,0,0,0
TUR.10.4_1,2069,5,aegypti,13.633471376755658,85.42509327656498,0.002081493087141451,0,0,0,0,0,0,1,1,1,2.0141452825450656e-4,0,0,0
TUR.10.4_1,2069,6,aegypti,17.88234385322122,88.68856416540822,0.0023412027284441866,0.01298629048834136,0.01289533100712747,0.013070145237272367,0,0,0,1,1,1,2.340928688320254e-4,0,0,0
TUR.10.4_1,2069,7,aegypti,21.739738520453958,88.33703930490228,0.002749354585524595,0.10955771190152058,0.10910752320581614,0.11001133773651586,1.190913993842635e-8,1.0602646707824626e-8,1.3334411724796879e-8,0.9999999880908601,0.9999999866655883,0.9999999893973532,2.660311802211712e-4,3.1682025532386484e-12,2.8206346171507007e-12,3.547369288702737e-12
TUR.10.4_1,2069,8,aegypti,23.0169038772583,85.99398292713244,0.0032646852651676125,0.158615075957033,0.1579687841819354,0.1593035981761266,2.4942707523650245e-4,2.2470135347077425e-4,2.7776023669432435e-4,0.9997505729247635,0.9997222397633058,0.9997752986465293,3.158873807977969e-4,7.879086549651378e-8,7.098032200960282e-8,8.774095365914624e-8
TUR.10.4_1,2069,9,aegypti,21.298177298377542,76.92404587922894,0.002602111807064959,0.07726180943083065,0.07685448751333489,0.07764919033660352,6.459145440729231e-13,5.545341963397732e-13,7.424172387970884e-13,0.9999999999993541,0.9999999999992576,0.9999999999994454,2.6017732871352894e-4,1.6805232065411007e-16,1.4427722588398578e-16,1.931601339811006e-16
TUR.10.4_1,2069,10,aegypti,14.083567675422218,83.77514408866774,0.002564272588417734,0,0,0,0,0,0,1,1,1,2.4812462377499234e-4,0,0,0
TUR.10.4_1,2069,11,aegypti,10.212823201628293,72.35261119478174,0.0014874052897717812,0,0,0,0,0,0,1,1,1,0.00014872946765309702,0,0,0
TUR.10.4_1,2069,12,aegypti,7.505540050566196,67.54269786501068,0.0012234142047414724,0,0,0,0,0,0,1,1,1,1.1838791463714138e-4,0,0,0
TUR.10.4_1,2070,1,aegypti,6.1684030169237625,78.0617743384662,0.0011463550538613647,0,0,0,0,0,0,1,1,1,1.1093143251117432e-4,0,0,0
TUR.10.4_1,2070,2,aegypti,2.2776178222231787,84.10919908964269,8.575082719664886e-4,0,0,0,0,0,0,1,1,1,9.187166582214079e-5,0,0,0
TUR.10.4_1,2070,3,aegypti,8.661026973386898,71.02550474320594,0.0010526629065958314,0,0,0,0,0,0,1,1,1,1.0186541523038439e-4,0,0,0
TUR.10.4_1,2070,4,aegypti,10.824186479344087,75.72075900749705,0.0013919530817385441,0,0,0,0,0,0,1,1,1,1.3918562095638354e-4,0,0,0
TUR.10.4_1,2070,5,aegypti,15.7758950065164,79.93396626240482,0.0019455823526010178,6.354728137057937e-4,6.27636295490761e-4,6.435698903269227e-4,0,0,0,1,1,1,1.882644391808519e-4,0,0,0
TUR.10.4_1,2070,6,aegypti,19.015791500315945,88.50101838904104,0.002188334297366234,0.02988254394797852,0.029706004951184466,0.03006689159794397,0,0,0,1,1,1,2.188094874481239e-4,0,0,0
TUR.10.4_1,2070,7,aegypti,21.251083430121927,86.13904888742181,0.0025698359488598344,0.08799490826128759,0.08761300535773238,0.08837189432863013,2.561343082074785e-11,2.2610233130215818e-11,2.8839242105505035e-11,0.9999999999743866,0.9999999999711607,0.9999999999773898,2.486628797625512e-4,6.369109468486046e-15,5.6223256822621075e-15,7.171248992124303e-15
TUR.10.4_1,2070,8,aegypti,23.8300199508667,80.91068519764025,0.0030515182000578223,0.1793576941621105,0.17862886994054417,0.18009826651511138,0.004560098842456798,0.004172671817413334,0.0049761885031140785,0.9954399011575432,0.9950238114968859,0.9958273281825867,2.952646137303061e-4,1.3464358232900226e-6,1.2320423323918824e-6,1.4692923762211687e-6
TUR.10.4_1,2070,9,aegypti,19.273648794959573,88.64545853792035,0.002432207362395285,0.03509117165132141,0.034908642741903466,0.035275727286848003,0,0,0,1,1,1,2.4319116047410994e-4,0,0,0
TUR.10.4_1,2070,10,aegypti,15.85339551813462,81.03061436454665,0.0023968388490473234,7.715619278148757e-4,7.629880677289811e-4,7.795999291682765e-4,0,0,0,1,1,1,2.3192524786264102e-4,0,0,0
TUR.10.4_1,2070,11,aegypti,8.270619203062619,80.89660228364893,0.0013902854161863105,0,0,0,0,0,0,1,1,1,1.390188775988177e-4,0,0,0
TUR.10.4_1,2070,12,aegypti,3.79810444265604,82.91923518800873,0.00114353158382825,0,0,0,0,0,0,1,1,1,1.1065822374911605e-4,0,0,0
TUR.10.4_1,2071,1,aegypti,2.9078993672121536,80.85910710213807,0.0012165101430735043,0,0,0,0,0,0,1,1,1,1.1771985851294353e-4,0,0,0
TUR.10.4_1,2071,2,aegypti,3.504395971827976,77.19139818632237,9.099864017721882e-4,0,0,0,0,0,0,1,1,1,9.74937902185058e-5,0,0,0
TUR.10.4_1,2071,3,aegypti,7.6929216572247885,67.98519102250282,0.0011170841867862808,0,0,0,0,0,0,1,1,1,1.0809907817543873e-4,0,0,0
TUR.10.4_1,2071,4,aegypti,11.148471986546236,75.50271854118846,0.0014771383760324444,0,0,0,0,0,0,1,1,1,1.4770292845145416e-4,0,0,0
TUR.10.4_1,2071,5,aegypti,14.630234606125775,79.00540028340092,0.002064648869607707,0,0,0,0,0,0,1,1,1,1.9978476968129932e-4,0,0,0
TUR.10.4_1,2071,6,aegypti,18.354361141429226,89.11999116736135,0.0023222568437366534,0.01911143423868328,0.018989998451656234,0.019233617426277317,0,0,0,1,1,1,2.32198722076582e-4,0,0,0
TUR.10.4_1,2071,7,aegypti,20.139463480781107,90.23948223703118,0.0027271057839301717,0.0574546344586964,0.057182775734409295,0.05772742769351653,1.1157741397482822e-16,1.1102230246251565e-16,1.1102230246251565e-16,0.9999999999999999,0.9999999999999999,0.9999999999999999,2.6387864086641066e-4,2.944289635106653e-20,2.929641427966819e-20,2.929641427966819e-20
TUR.10.4_1,2071,8,aegypti,24.22739887237549,95.48379768543322,0.003238266215724017,0.25529527932368257,0.25439122727262903,0.2562029644300973,0.2167341944535924,0.213966468977827,0.2194991667173037,0.7832658055464076,0.7805008332826964,0.786033531022173,3.1333150294998724e-4,6.790965088879889e-5,6.704243530572437e-5,6.877600380380259e-5
TUR.10.4_1,2071,9,aegypti,20.371503409217386,81.83852799592816,0.0025810545488900018,0.05640101312664578,0.056110423468374054,0.05669533532281648,1.1102230246251565e-16,1.1102230246251565e-16,1.1102230246251565e-16,0.9999999999999999,0.9999999999999999,0.9999999999999999,2.5807214854167704e-4,2.8651764132545336e-20,2.8651764132545336e-20,2.8651764132545336e-20
TUR.10.4_1,2071,10,aegypti,16.973084505866552,78.49229954521071,0.0025435215392972956,0.004421849073951932,0.00438450938920225,0.004462548962513111,0,0,0,1,1,1,2.4611695399057165e-4,0,0,0
TUR.10.4_1,2071,11,aegypti,9.766081143828,72.96542705171534,0.001475368652025285,0,0,0,0,0,0,1,1,1,1.475259821744901e-4,0,0,0
TUR.10.4_1,2071,12,aegypti,4.203987039625645,79.97747035646576,0.0012135138812064863,0,0,0,0,0,0,1,1,1,1.1742993177921157e-4,0,0,0
TUR.10.4_1,2072,1,aegypti,3.3282666081179153,74.1665869605365,0.001227822399250101,0,0,0,0,0,0,1,1,1,1.1881446351058589e-4,0,0,0
TUR.10.4_1,2072,2,aegypti,5.708653221660129,81.26158861600987,9.51250037149451e-4,0,0,0,0,0,0,1,1,1,9.840033462626963e-5,0,0,0
TUR.10.4_1,2072,3,aegypti,5.008580703397884,77.20501676713172,0.001127471886850848,0,0,0,0,0,0,1,1,1,1.0910423029897309e-4,0,0,0
TUR.10.4_1,2072,4,aegypti,11.933913385166841,78.11239871696971,0.0014908741987981662,0,0,0,0,0,0,1,1,1,1.490763069027512e-4,0,0,0
TUR.10.4_1,2072,5,aegypti,15.433032877304974,80.38716755635014,0.0020838479178529727,2.511590484761856e-4,2.476352514458033e-4,2.54909811413795e-4,0,0,0,1,1,1,2.0164236917186162e-4,0,0,0
TUR.10.4_1,2072,6,aegypti,18.88742502997903,86.4004477103301,0.002343851373362056,0.02665640140867547,0.026489969230031604,0.026826861519964114,0,0,0,1,1,1,2.343576712858786e-4,0,0,0
TUR.10.4_1,2072,7,aegypti,20.780235346625833,90.45547039621087,0.002752464980007695,0.07751715708729741,0.0771758011176125,0.07786578572893138,7.089653308867128e-13,6.242423244984252e-13,8.034767295939105e-13,0.999999999999291,0.9999999999991965,0.9999999999993758,2.6633210601656465e-4,1.8882022966778882e-16,1.6625577294834134e-16,2.1399164952804801e-16
TUR.10.4_1,2072,8,aegypti,21.84437084197998,89.30284370594103,0.003268378662553057,0.11550328265971314,0.11503288647945216,0.11599184127513447,5.1511581631524803e-8,4.593984551937158e-8,5.778531571853928e-8,0.9999999484884183,0.9999999422146842,0.9999999540601545,0.00031624469338120687,1.629026433864257e-11,1.4528232360253675e-11,1.827429945134569e-11
TUR.10.4_1,2072,9,aegypti,19.554383810828714,83.88367112336957,0.002605055623134271,0.0383694946198514,0.03815344964998464,0.03858964651115139,0,0,0,1,1,1,2.6047163368569937e-4,0,0,0
TUR.10.4_1,2072,10,aegypti,15.634148653815773,82.26033543388259,0.002567173596295791,4.6584909910149145e-4,4.6014435647286284e-4,4.720967679798453e-4,0,0,0,1,1,1,2.484052967742789e-4,0,0,0
TUR.10.4_1,2072,11,aegypti,10.862242986174191,78.53650249116846,0.001489088018231689,0,0,0,0,0,0,1,1,1,1.488977154577853e-4,0,0,0
TUR.10.4_1,2072,12,aegypti,5.432387746870518,80.42169948244232,0.0012247982753204399,0,0,0,0,0,0,1,1,1,1.1852184108518404e-4,0,0,0
TUR.10.4_1,2073,1,aegypti,3.3519208306063186,80.34854802010682,0.0011600907542393894,0,0,0,0,0,0,1,1,1,1.1226054549784426e-4,0,0,0
TUR.10.4_1,2073,2,aegypti,4.813407431178562,69.60511736356847,8.677829915271821e-4,0,0,0,0,0,0,1,1,1,9.297242688821594e-5,0,0,0
TUR.10.4_1,2073,3,aegypti,4.739240903516903,85.03142515336219,0.00106527598160724,0,0,0,0,0,0,1,1,1,1.0308591030883107e-4,0,0,0
TUR.10.4_1,2073,4,aegypti,10.760949289097505,75.10031375603221,0.0014086315535668198,0,0,0,0,0,0,1,1,1,1.4085323460821808e-4,0,0,0
TUR.10.4_1,2073,5,aegypti,15.21225918040556,79.57155476338139,0.0019688944461501174,1.083030551649322e-4,1.0676158565536533e-4,1.0981149570316041e-4,0,0,0,1,1,1,1.9052002096342502e-4,0,0,0
TUR.10.4_1,2073,6,aegypti,19.798643673167508,80.58181367712697,0.0022145550604137122,0.04163741020775755,0.04141711588667688,0.04185452143902048,0,0,0,1,1,1,2.2143098658078397e-4,0,0,0
TUR.10.4_1,2073,7,aegypti,22.957237299750833,80.0582612287304,0.002600627889363185,0.14084986364680216,0.14025472428428334,0.14145686619518677,1.1368080715179029e-5,1.0139615855594974e-5,1.2725838479940577e-5,0.9999886319192848,0.9999872741615201,0.9999898603841444,2.5164199955196587e-4,2.860686562235793e-9,2.5515532085907365e-9,3.202355441067596e-9
TUR.10.4_1,2073,8,aegypti,23.25210475921631,87.1430231493004,0.003088081688440324,0.1726613849355304,0.17194383496556498,0.17332387858973836,0.001951021106927107,0.0017702162584010055,0.0021285382777457315,0.9980489788930729,0.9978714617222542,0.998229783741599,2.988019648086926e-4,5.829689401330499e-7,5.289440961465127e-7,6.360114195609351e-7
TUR.10.4_1,2073,9,aegypti,19.462539252112894,86.61496384797894,0.002461350228276632,0.037989822909157166,0.03777321768635009,0.03818942371228595,0,0,0,1,1,1,2.4610473408803735e-4,0,0,0
TUR.10.4_1,2073,10,aegypti,15.218552645514992,80.8700537566365,0.0024255579271148277,1.1399330623412786e-4,1.1235605879484557e-4,1.1563561223241948e-4,0,0,0,1,1,1,2.3470386503887664e-4,0,0,0
TUR.10.4_1,2073,11,aegypti,8.722639371367062,81.48308147066065,0.0014069439059381092,0,0,0,0,0,0,1,1,1,1.4068449360216118e-4,0,0,0
TUR.10.4_1,2073,12,aegypti,5.850619949400425,77.46593471193451,0.0011572334532057736,0,0,0,0,0,0,1,1,1,1.1198406349777201e-4,0,0,0
TUR.10.4_1,2074,1,aegypti,2.5758630508173477,84.37765416024354,0.0012039156138694065,0,0,0,0,0,0,1,1,1,1.1650117584338648e-4,0,0,0
TUR.10.4_1,2074,2,aegypti,3.5908086400561254,74.19820360624425,9.005653127843924e-4,0,0,0,0,0,0,1,1,1,9.648448572807666e-5,0,0,0
TUR.10.4_1,2074,3,aegypti,4.740022201200619,86.52326933060829,0.0011055190144825216,0,0,0,0,0,0,1,1,1,1.0697998831188382e-4,0,0,0
TUR.10.4_1,2074,4,aegypti,11.116593515171724,71.82428226189158,0.0014618455627983253,0,0,0,0,0,0,1,1,1,1.4617387183823993e-4,0,0,0
TUR.10.4_1,2074,5,aegypti,16.65050781474394,76.93807087666264,0.002043273560381937,0.0028504353751799697,0.0028229739749790197,0.002878693110282908,0,0,0,1,1,1,1.9771660250045286e-4,0,0,0
TUR.10.4_1,2074,6,aegypti,18.11477907966165,88.99695955115041,0.002298214519219767,0.015829901145160648,0.015728517208883727,0.015934698772376816,0,0,0,1,1,1,2.2979504499509584e-4,0,0,0
TUR.10.4_1,2074,7,aegypti,21.287967737983255,82.25519116037103,0.002698872058437677,0.08389996894999593,0.08349964555193123,0.08430065040797682,6.668097407569462e-12,5.811426340152082e-12,7.612474539619995e-12,0.9999999999933319,0.9999999999923875,0.9999999999941886,2.611470621138867e-4,1.7413540478759893e-15,1.517636915421973e-15,1.9879753614385242e-15
TUR.10.4_1,2074,8,aegypti,23.062222480773926,91.6519571702965,0.0032047404464102176,0.17685777573274777,0.17621065941176223,0.17749309489945234,0.0033568605446983443,0.003092076870794627,0.0036302537174466272,0.9966431394553017,0.9963697462825534,0.9969079231292054,3.1008808498189655e-4,1.0409224578567957e-6,9.58816195481521e-7,1.1256984232414357e-6
TUR.10.4_1,2074,9,aegypti,21.15386730081895,82.30703385530316,0.0025543328917970033,0.07965774557615576,0.07928070920477362,0.08003141527833159,1.5348158299843817e-12,1.3388845587769536e-12,1.7487261638748919e-12,0.9999999999984652,0.9999999999982513,0.9999999999986611,2.554006688746391e-4,3.919929895773954e-16,3.4195201185756e-16,4.466258319322291e-16
TUR.10.4_1,2074,10,aegypti,16.582259234260107,79.078916061324,0.0025171884614431338,0.0026819448641615565,0.0026573847155147287,0.0027071906819364317,0,0,0,1,1,1,2.4356921556656363e-4,0,0,0
TUR.10.4_1,2074,11,aegypti,11.590704251738156,77.6738392221255,0.0014600941607433656,0,0,0,0,0,0,1,1,1,1.4599875721832412e-4,0,0,0
TUR.10.4_1,2074,12,aegypti,7.015386737883091,78.22384639406341,0.001200950372300741,0,0,0,0,0,0,1,1,1,1.1621425037178224e-4,0,0,0
TUR.10.4_1,2075,1,aegypti,2.3700359338511,82.0866766822162,0.0011660416792935607,0,0,0,0,0,0,1,1,1,1.1283637665460144e-4,0,0,0
TUR.10.4_1,2075,2,aegypti,4.211895237498752,75.34452776395909,8.722344635581342e-4,0,0,0,0,0,0,1,1,1,9.34493258637481e-5,0,0,0
TUR.10.4_1,2075,3,aegypti,9.224422950407162,76.43164030228797,0.0010707405347082687,0,0,0,0,0,0,1,1,1,1.0361468337383162e-4,0,0,0
TUR.10.4_1,2075,4,aegypti,13.443673288120943,75.08203372673533,0.0014158574199687234,0,0,0,0,0,0,1,1,1,1.415757192086975e-4,0,0,0
TUR.10.4_1,2075,5,aegypti,14.24503792033476,83.38404713398685,0.001978994296740079,0,0,0,0,0,0,1,1,1,1.9149723916644934e-4,0,0,0
TUR.10.4_1,2075,6,aegypti,18.19212588141946,87.32709108191213,0.002225915077847433,0.016421584811930928,0.016313685247315222,0.0165293232286506,0,0,0,1,1,1,2.2256673613307854e-4,0,0,0
TUR.10.4_1,2075,7,aegypti,22.201515253852396,82.79909832589837,0.002613968347087577,0.11726256004849601,0.11673332722833583,0.11777769572783799,7.820389352908297e-8,6.890051183205958e-8,8.80883295112378e-8,0.9999999217961064,0.9999999119116705,0.9999999310994881,2.529326858837777e-4,1.9780320836879938e-11,1.742719151644984e-11,2.2280417778292617e-11
TUR.10.4_1,2075,8,aegypti,21.118979454040527,95.02932228260119,0.0031039226410743415,0.09594910001600745,0.09556570005302528,0.09632876990801455,2.9256041178538083e-10,2.6103733341553696e-10,3.263493975058651e-10,0.9999999997074396,0.9999999996736506,0.9999999997389627,3.0033450098809755e-4,8.786598528243469e-14,7.839851727061892e-14,9.801398344769029e-14
TUR.10.4_1,2075,9,aegypti,19.751397665809183,84.51572068391644,0.002473976232481058,0.04314554310432439,0.0429240365868668,0.04336353911021077,0,0,0,1,1,1,2.4736702297967206e-4,0,0,0
TUR.10.4_1,2075,10,aegypti,13.71269899256089,81.90504978935134,0.002438000327320212,0,0,0,0,0,0,1,1,1,2.3590768495218573e-4,0,0,0
TUR.10.4_1,2075,11,aegypti,10.18556242129382,81.76584972017237,0.0014141611152030432,0,0,0,0,0,0,1,1,1,1.4140611273338877e-4,0,0,0
TUR.10.4_1,2075,12,aegypti,6.465035118162632,77.30117030763763,0.0011631697211443306,0,0,0,0,0,0,1,1,1,1.1255847654290108e-4,0,0,0
TUR.39.3_1,2025,1,albopictus,3.038676060845747,84.85223834026375,7.634753700334275e-5,0,0,0,0,0,0,1,1,1,7.38844402825567e-6,0,0,0
TUR.39.3_1,2025,2,albopictus,2.2854359347154114,74.93686600789113,5.7110268153056414e-5,0,0,0,0,0,0,1,1,1,6.118938581378686e-6,0,0,0
TUR.39.3_1,2025,3,albopictus,2.686109091648284,66.40634629585922,7.010761625960517e-5,0,0,0,0,0,0,1,1,1,6.784585009689259e-6,0,0,0
TUR.39.3_1,2025,4,albopictus,7.556056836072138,67.8055806651712,9.270442787946446e-5,0,0,0,0,0,0,1,1,1,9.270399817573605e-6,0,0,0
TUR.39.3_1,2025,5,albopictus,13.225726071526022,64.72263501550103,1.29576277574662e-4,0.0011682940535310082,0.0011510753345816231,0.0011861999257618628,0,0,0,1,1,1,1.2539561144331302e-5,0,0,0
TUR.39.3_1,2025,6,albopictus,18.889152807347912,52.487647724084916,1.4574361859450382e-4,0.04711551532197848,0.046860755429435706,0.047364653805973295,0,0,0,1,1,1,1.45742556539874e-5,0,0,0
TUR.39.3_1,2025,7,albopictus,23.620483174043542,41.54791948001824,1.7115172523313556e-4,0.10720377819913088,0.10670774039842398,0.10771197258464463,6.511919640406205e-9,5.709887268556813e-9,7.4114110293344025e-9,0.9999999934880803,0.999999992588589,0.9999999942901128,1.656293301699474e-5,1.0785648881610046e-13,9.457248036369755e-14,1.2275470444028174e-13
TUR.39.3_1,2025,8,albopictus,23.358649253845215,44.1953295077004,2.032318851917091e-4,0.10901986507850776,0.10849641802209635,0.109535710060315,1.0390116617187139e-8,9.069531350935912e-9,1.1822067977340645e-8,0.9999999896098833,0.999999988177932,0.9999999909304687,1.9667408386769836e-5,2.0434666669638297e-13,1.783741769554689e-13,2.325094388865125e-13
TUR.39.3_1,2025,9,albopictus,18.988064597634708,41.077852647698975,1.6198562650794016e-4,0.041133557948620475,0.04089856785120292,0.04136860724779904,0,0,0,1,1,1,1.6198431454839124e-5,0,0,0
TUR.39.3_1,2025,10,albopictus,15.505147302851958,46.54894869656002,1.5963007455875036e-4,0.008708177473376303,0.008631939836589707,0.00878013138286526,0,0,0,1,1,1,1.54479524105966e-5,0,0,0
TUR.39.3_1,2025,11,albopictus,6.714477793697049,76.67091548154326,9.259336093120133e-5,0,0,0,0,0,0,1,1,1,9.259293225594156e-6,0,0,0
TUR.39.3_1,2025,12,albopictus,4.455477696788662,79.33135967271612,7.615949318384289e-5,0,0,0,0,0,0,1,1,1,7.370246373539224e-6,0,0,0
TUR.39.3_1,2026,1,albopictus,-0.7554688080049612,80.34730212200203,8.688859714198846e-5,0,0,0,0,0,0,1,1,1,8.40853856498569e-6,0,0,0
TUR.39.3_1,2026,2,albopictus,0.9601254213382217,81.09450455769581,6.499530013659233e-5,0,0,0,0,0,0,1,1,1,6.9637579104275815e-6,0,0,0
TUR.39.3_1,2026,3,albopictus,5.778465892681304,65.35070512154282,7.978715050754347e-5,0,0,0,0,0,0,1,1,1,7.721307336394645e-6,0,0,0
TUR.39.3_1,2026,4,albopictus,13.515141823712518,44.18923621326691,1.0550383160290603e-4,0.001236416548993429,0.0012183121992162395,0.00125523690544512,0,0,0,1,1,1,1.0550327505187695e-5,0,0,0
TUR.39.3_1,2026,5,albopictus,17.89760965459487,37.10948346520806,1.4746645960367176e-4,0.02636039768747477,0.026188687161176567,0.026525705737715163,0,0,0,1,1,1,1.427084587413141e-5,0,0,0
TUR.39.3_1,2026,6,albopictus,18.962459844701428,42.9601170539189,1.6586597366617092e-4,0.04197037768924328,0.04175505038718864,0.04221069726994616,0,0,0,1,1,1,1.6586459809730947e-5,0,0,0
TUR.39.3_1,2026,7,albopictus,26.177306904512292,29.563746658973315,1.947820962880192e-4,0.0986676287530798,0.09806588553984286,0.09930325804002188,6.420877701751593e-10,5.388158669239473e-10,7.656970224534376e-10,0.9999999993579123,0.999999999234303,0.9999999994611841,1.884970262810981e-5,1.2103163528947868e-14,1.0156518862823596e-14,1.443316117647642e-14
TUR.39.3_1,2026,8,albopictus,24.835566520690918,32.0654466952004,2.312914612825835e-4,0.09933935956378102,0.09876867252183288,0.09993956999520263,7.762970846147965e-10,6.582219547190959e-10,9.156918279185078e-10,0.9999999992237029,0.9999999990843083,0.9999999993417781,2.2382794141795337e-5,1.7375697837808865e-14,1.4732846512087655e-14,2.049574168162424e-14
TUR.39.3_1,2026,9,albopictus,22.000366996316348,38.33268968383179,1.8435046364134554e-4,0.08075525270992191,0.08035748770611982,0.08114825000157598,2.2623446449543393e-12,1.9622525826434864e-12,2.5894314470420456e-12,0.9999999999977377,0.9999999999974105,0.9999999999980378,1.84348764397102e-5,4.170604399377329e-17,3.6173883904534907e-17,4.7735848775320095e-17
TUR.39.3_1,2026,10,albopictus,14.488361681208891,57.39178316921627,1.8166968817178168e-4,0.004568783526056378,0.004518849652023185,0.00461818596505753,0,0,0,1,1,1,1.758078302127597e-5,0,0,0
TUR.39.3_1,2026,11,albopictus,7.796659247401883,74.15059840390654,1.0537742999648614e-4,0,0,0,0,0,0,1,1,1,1.0537687477829571e-5,0,0,0
TUR.39.3_1,2026,12,albopictus,3.147067767513149,82.55438213365362,8.66745907140293e-5,0,0,0,0,0,0,1,1,1,8.38782843948227e-6,0,0,0
TUR.39.3_1,2027,1,albopictus,2.9246712700628184,75.33536211956063,8.271652465921034e-5,0,0,0,0,0,0,1,1,1,8.004792928506532e-6,0,0,0
TUR.39.3_1,2027,2,albopictus,4.8565421301652405,78.99774094685597,6.187446366173638e-5,0,0,0,0,0,0,1,1,1,6.629384846412734e-6,0,0,0
TUR.39.3_1,2027,3,albopictus,7.095434810527983,63.59045884468735,7.595606350578387e-5,0,0,0,0,0,0,1,1,1,7.350559775409771e-6,0,0,0
TUR.39.3_1,2027,4,albopictus,8.702277520123651,64.70724539905792,1.0043792368015706e-4,0,0,0,0,0,0,1,1,1,1.004374192925539e-5,0,0,0
TUR.39.3_1,2027,5,albopictus,13.990723553825827,63.945405706418995,1.4038565983842986e-4,0.003072992657192142,0.0030355076524314906,0.0031121437893792975,0,0,0,1,1,1,1.3585616731259798e-5,0,0,0
TUR.39.3_1,2027,6,albopictus,18.690201086156506,54.816741657190384,1.5790169656510324e-4,0.04558110816037312,0.045350235370343786,0.045803135647144805,0,0,0,1,1,1,1.579004499241421e-5,0,0,0
TUR.39.3_1,2027,7,albopictus,22.780988468843347,48.59056016605339,1.8542937279159648e-4,0.10880549577921464,0.10830099441803871,0.1092575699982036,9.83396318898766e-9,8.625924349803249e-9,1.1015523010415861e-8,0.9999999901660368,0.999999988984477,0.9999999913740757,1.7944617005549723e-5,1.7646670307305796e-13,1.547889087760648e-13,1.9766934153773274e-13
TUR.39.3_1,2027,8,albopictus,24.187220573425293,37.66640647303243,2.2018569167806662e-4,0.10559472036664755,0.10505073528140356,0.10617594927869047,4.2748990927155004e-9,3.6911827122620978e-9,4.967898784014046e-9,0.9999999957251009,0.9999999950321012,0.9999999963088173,2.1308065722980274e-5,9.108983082669063e-14,7.865196382840937e-14,1.0585631379488508e-13
TUR.39.3_1,2027,9,albopictus,20.2778881297392,57.014219682611085,1.7549862897207828e-4,0.07539624979907229,0.07509910312778016,0.07571029667319007,3.2250679904421984e-13,2.87767032425279e-13,3.6226854849275015e-13,0.9999999999996775,0.9999999999996377,0.9999999999997122,1.7549708899222694e-5,5.6599004412461705e-18,5.050227649856825e-18,6.357707569391705e-18
TUR.39.3_1,2027,10,albopictus,13.240960443721098,60.252668789333455,1.7294657453078468e-4,0.001105437050080749,0.001088501367701995,0.0011229279285689519,0,0,0,1,1,1,1.673662521828323e-5,0,0,0
TUR.39.3_1,2027,11,albopictus,7.149535433772733,75.89412867734404,1.0031759141633528e-4,0,0,0,0,0,0,1,1,1,1.003170882374338e-5,0,0,0
TUR.39.3_1,2027,12,albopictus,3.62534425867831,83.64125804918096,8.251279403680674e-5,0,0,0,0,0,0,1,1,1,7.985077219441195e-6,0,0,0
TUR.39.3_1,2028,1,albopictus,1.50291124742259,80.24771563518563,7.857076707257458e-5,0,0,0,0,0,0,1,1,1,7.6035937124352415e-6,0,0,0
TUR.39.3_1,2028,2,albopictus,5.0727451044846985,78.90694352253956,6.0872358365750245e-5,0,0,0,0,0,0,1,1,1,6.297120693665725e-6,0,0,0
TUR.39.3_1,2028,3,albopictus,4.991666461834136,75.01091477730454,7.214914067110904e-5,0,0,0,0,0,0,1,1,1,6.982150528300757e-6,0,0,0
TUR.39.3_1,2028,4,albopictus,7.920952656689813,73.48682456165558,9.540396842395555e-5,0,0,0,0,0,0,1,1,1,9.540351332937291e-6,0,0,0
TUR.39.3_1,2028,5,albopictus,15.104499760796042,55.16075681115532,1.3334952145220195e-4,0.007393798951307514,0.00732815814150978,0.007461075107789636,0,0,0,1,1,1,1.2904709132177672e-5,0,0,0
TUR.39.3_1,2028,6,albopictus,18.58864240085377,58.87212343209273,1.4998765328083256e-4,0.046614107649377026,0.04641316975752794,0.04683430098024501,0,0,0,1,1,1,1.4998652847153515e-5,0,0,0
TUR.39.3_1,2028,7,albopictus,21.4702527663287,55.866297928504565,1.761356405875045e-4,0.09738153945193018,0.09697358712892043,0.09774728199641006,4.4341138505377133e-10,3.935492598472479e-10,4.9182544703541e-10,0.9999999995565886,0.9999999995081745,0.9999999996064507,1.70452393012388e-5,7.558053167135274e-15,6.708141310921751e-15,8.383282439157312e-15
TUR.39.3_1,2028,8,albopictus,23.542160987854004,42.842584451548056,2.091499705146855e-4,0.10879550954665053,0.10824896059145143,0.10929134635695596,9.811807847648347e-9,8.511369553598769e-9,1.1110570910521921e-8,0.9999999901881922,0.9999999888894291,0.9999999914886305,2.024011489332178e-5,1.9859211814759883e-13,1.7227109766436e-13,2.248792317593625e-13
TUR.39.3_1,2028,9,albopictus,19.147995780496036,45.735811632073975,1.6670262629301562e-4,0.04636593305652509,0.04611285941311968,0.04661149564555606,0,0,0,1,1,1,1.6670123681228333e-5,0,0,0
TUR.39.3_1,2028,10,albopictus,14.292600000605864,47.471785000270955,1.6427848098602246e-4,0.003247890674954986,0.003206923048017508,0.0032898180334917015,0,0,0,1,1,1,1.589779114352652e-5,0,0,0
TUR.39.3_1,2028,11,albopictus,6.866156355861356,75.4463900298831,9.528966722100959e-5,0,0,0,0,0,0,1,1,1,9.528921321666495e-6,0,0,0
TUR.39.3_1,2028,12,albopictus,1.8219987870577503,80.42610912339971,7.837724744219392e-5,0,0,0,0,0,0,1,1,1,7.584866148491187e-6,0,0,0
TUR.39.3_1,2029,1,albopictus,-3.5620581730104544,80.24252764690438,7.418037513651736e-5,0,0,0,0,0,0,1,1,1,7.1787202138295925e-6,0,0,0
TUR.39.3_1,2029,2,albopictus,0.45912556832327567,70.91599198445363,5.548916549273016e-5,0,0,0,0,0,0,1,1,1,5.945250058259077e-6,0,0,0
TUR.39.3_1,2029,3,albopictus,3.8119486826745903,74.95317551949204,6.811757756948747e-5,0,0,0,0,0,0,1,1,1,6.592001908445333e-6,0,0,0
TUR.39.3_1,2029,4,albopictus,7.76525292677038,67.86325125843292,9.007296773193613e-5,0,0,0,0,0,0,1,1,1,9.00725620767151e-6,0,0,0
TUR.39.3_1,2029,5,albopictus,14.097742978264304,67.91945050622368,1.2589819209048072e-4,0.0036574057164040557,0.0036184343941724454,0.0036970124978521197,0,0,0,1,1,1,1.2183621787786869e-5,0,0,0
TUR.39.3_1,2029,6,albopictus,19.951455396764416,55.232207965784134,1.416066152942228e-4,0.06736731487377323,0.06705375549777379,0.06767128323510482,1.3112511076940336e-14,1.1435297153639112e-14,1.4876988529977098e-14,0.9999999999999869,0.9999999999999851,0.9999999999999886,1.416056126768428e-5,1.856805164782024e-19,1.619302259582823e-19,2.1066650755737698e-19
TUR.39.3_1,2029,7,albopictus,23.136731877046472,39.652430741004565,1.6629350050284222e-4,0.09778192850522369,0.09730885638964264,0.09824135502929655,4.978768816110701e-10,4.335626108131763e-10,5.665097418949827e-10,0.9999999995021231,0.9999999994334902,0.9999999995664374,1.60927899132135e-5,8.012228058412821e-15,6.977232010040794e-15,9.116722260104762e-15
TUR.39.3_1,2029,8,albopictus,24.22445774078369,44.395521005503134,1.9746304956193335e-4,0.12025843225808643,0.11972597428712418,0.12080155460329056,1.566754555458738e-7,1.384006988347508e-7,1.769783265770375e-7,0.9999998433245445,0.9999998230216733,0.9999998615993012,1.9109144794970945e-5,2.9939339658441363e-12,2.6447189937584197e-12,3.3819044681322636e-12
TUR.39.3_1,2029,9,albopictus,18.744843314675723,62.71185533324585,1.57387585935571e-4,0.05192601533051596,0.051702946923133146,0.05214856650731375,0,0,0,1,1,1,1.573863473991466e-5,0,0,0
TUR.39.3_1,2029,10,albopictus,12.975101793513579,63.82520907253658,1.5509889747091488e-4,7.657222050077598e-4,7.53274643411999e-4,7.783332359683132e-4,0,0,0,1,1,1,1.5009458079973115e-5,0,0,0
TUR.39.3_1,2029,11,albopictus,7.905499712947537,81.02021205136748,8.996505347286757e-5,0,0,0,0,0,0,1,1,1,8.996464878840982e-6,0,0,0
TUR.39.3_1,2029,12,albopictus,2.0222745956305195,78.19955425279424,7.399766903203632e-5,0,0,0,0,0,0,1,1,1,7.161039104697231e-6,0,0,0
TUR.39.3_1,2030,1,albopictus,3.8611424342893503,82.42170397747078,8.763544074015415e-5,0,0,0,0,0,0,1,1,1,8.480813141531485e-6,0,0,0
TUR.39.3_1,2030,2,albopictus,3.8417387205888245,73.35660477742238,6.555396174944527e-5,0,0,0,0,0,0,1,1,1,7.023614093215613e-6,0,0,0
TUR.39.3_1,2030,3,albopictus,5.722291614422026,74.40066239693344,8.04729542209475e-5,0,0,0,0,0,0,1,1,1,7.78767492304322e-6,0,0,0
TUR.39.3_1,2030,4,albopictus,9.459913590375116,63.77918296009308,1.0641068087664698e-4,0,0,0,0,0,0,1,1,1,1.0641011471745898e-5,0,0,0
TUR.39.3_1,2030,5,albopictus,18.13627332799575,44.89811490441704,1.4873399510225034e-4,0.03238765388004777,0.03220971119194526,0.03256273559979148,0,0,0,1,1,1,1.4393508841692437e-5,0,0,0
TUR.39.3_1,2030,6,albopictus,22.649252218358654,26.765662860803666,1.6729166063385976e-4,0.0728125499163612,0.0724131160750264,0.07321453805943669,1.199168542243001e-13,1.0224598945285378e-13,1.3977985435786878e-13,0.9999999999998801,0.9999999999998601,0.9999999999998977,1.672902613170102e-5,2.006092187949698e-18,1.710475829418418e-18,2.3383808362381493e-18
TUR.39.3_1,2030,7,albopictus,25.09173370810116,33.50698777835808,1.9645632934546262e-4,0.10371724167433187,0.10314527502952268,0.10434541211147158,2.592630236164517e-9,2.2143779393468676e-9,3.0586751548211665e-9,0.9999999974073698,0.9999999969413248,0.999999997785622,1.9011722114825602e-5,4.9290365596454475e-14,4.2099138040062796e-14,5.815068208298119e-14
TUR.39.3_1,2030,8,albopictus,25.67725658416748,36.2823770846047,2.3327950750327468e-4,0.11263137850594954,0.11200991127106326,0.11328565824815094,2.570101060361818e-8,2.197713320217787e-8,3.007905200469451e-8,0.9999999742989893,0.999999969920948,0.9999999780228668,2.257518138670811e-5,5.802049761983889e-13,4.961377683990106e-13,6.790400549462049e-13
TUR.39.3_1,2030,9,albopictus,19.73227388718549,48.45392076293335,1.8593503248142508e-4,0.05732621131275337,0.057052538970512295,0.05762604669804352,1.1102230246251565e-16,1.1102230246251565e-16,1.1102230246251565e-16,0.9999999999999999,0.9999999999999999,0.9999999999999999,1.8593330390004326e-5,2.0642743503445444e-21,2.0642743503445444e-21,2.0642743503445444e-21
TUR.39.3_1,2030,10,albopictus,14.380889261470122,68.94588320583736,1.8323121463272957e-4,0.004910335129558448,0.004860178999436205,0.004960998639920679,0,0,0,1,1,1,1.7731895816996968e-5,0,0,0
TUR.39.3_1,2030,11,albopictus,7.735607401851346,72.09882533261748,1.0628319279589493e-4,0,0,0,0,0,0,1,1,1,1.062826279918383e-5,0,0,0
TUR.39.3_1,2030,12,albopictus,4.916375380885952,75.24192028062627,8.741959483801836e-5,0,0,0,0,0,0,1,1,1,8.459925005421809e-6,0,0,0
TUR.39.3_1,2031,1,albopictus,5.7461243049405955,81.4720732401661,8.38336280111443e-5,0,0,0,0,0,0,1,1,1,8.112898833290139e-6,0,0,0
TUR.39.3_1,2031,2,albopictus,-0.47614560539231576,71.1941825972466,6.27100907754288e-5,0,0,0,0,0,0,1,1,1,6.718915725345553e-6,0,0,0
TUR.39.3_1,2031,3,albopictus,6.906087066539946,63.60898301460922,7.698186546605244e-5,0,0,0,0,0,0,1,1,1,7.449830198180685e-6,0,0,0
TUR.39.3_1,2031,4,albopictus,7.257548668805292,73.66799216419464,1.0179435810080822e-4,0,0,0,0,0,0,1,1,1,1.0179383999830982e-5,0,0,0
TUR.39.3_1,2031,5,albopictus,15.713993016411276,60.04774640466118,1.4228159649455857e-4,0.012136627579986486,0.012050499015795257,0.012228685257483758,0,0,0,1,1,1,1.3769091962712032e-5,0,0,0
TUR.39.3_1,2031,6,albopictus,21.085920614354748,42.296764087610306,1.6003419083073726e-4,0.07246136176188318,0.07211254186142092,0.07280795510683814,1.0443945708260571e-13,9.081069229921468e-14,1.193517507047659e-13,0.9999999999998955,0.9999999999998807,0.9999999999999092,1.6003291029020872e-5,1.6713750266058743e-18,1.453269937411197e-18,1.9100208013515155e-18
TUR.39.3_1,2031,7,albopictus,25.06067444296444,28.297347275428393,1.8793363387782967e-4,0.09314802861504144,0.09261046788716744,0.0936942493406538,1.2747264244161727e-10,1.079454220453968e-10,1.4973804141060754e-10,0.9999999998725274,0.999999999850262,0.9999999998920546,1.818696047439783e-5,2.3183399096527404e-15,1.963199124131824e-15,2.7232798406484645e-15
TUR.39.3_1,2031,8,albopictus,23.944334983825684,46.872552713266806,2.2315934386225666e-4,0.12238558316152376,0.12184763325799855,0.1229292317363374,2.5350798167922405e-7,2.242529978158103e-7,2.857523932253692e-7,0.9999997464920183,0.9999997142476067,0.9999997757470023,2.1595832341736454e-5,5.47471586963652e-12,4.842930142962031e-12,6.17106077534502e-12
TUR.39.3_1,2031,9,albopictus,20.797015021829043,40.44309846679077,1.7786877335969911e-4,0.06608770512732136,0.06575365253388496,0.06640408022953037,7.592815265411446e-15,6.5503158452884236e-15,8.659739592076221e-15,0.9999999999999925,0.9999999999999913,0.9999999999999934,1.7786719150425512e-5,1.3505127268693693e-19,1.1650862828672728e-19,1.5402835604008013e-19
TUR.39.3_1,2031,10,albopictus,14.985124910579009,64.18797915310299,1.7528225290834966e-4,0.007682902131834889,0.007615162605970027,0.007745486238197852,0,0,0,1,1,1,1.6962654801111476e-5,0,0,0
TUR.39.3_1,2031,11,albopictus,5.923679129604031,76.48933589169951,1.0167240072548888e-4,0,0,0,0,0,0,1,1,1,1.016718838631192e-5,0,0,0
TUR.39.3_1,2031,12,albopictus,3.120321852100246,79.40985088365362,8.362714596558656e-5,0,0,0,0,0,0,1,1,1,8.092916861768273e-6,0,0,0
TUR.39.3_1,2032,1,albopictus,2.6136358157895945,83.5338408182911,7.394305203528031e-5,0,0,0,0,0,0,1,1,1,7.155753626642003e-6,0,0,0
TUR.39.3_1,2032,2,albopictus,1.305413534097812,71.50522538289113,5.72870563678132e-5,0,0,0,0,0,0,1,1,1,5.926229650343728e-6,0,0,0
TUR.39.3_1,2032,3,albopictus,0.6429102975217735,74.87025163033188,6.789965099891143e-5,0,0,0,0,0,0,1,1,1,6.5709123791002355e-6,0,0,0
TUR.39.3_1,2032,4,albopictus,8.979707100812128,66.13584952503449,8.978479992474417e-5,0,0,0,0,0,0,1,1,1,8.97843968605816e-6,0,0,0
TUR.39.3_1,2032,5,albopictus,15.739634457756491,62.09759686852837,1.2549540969241296e-4,0.012692840924609518,0.012598448790788317,0.012787526874275229,0,0,0,1,1,1,1.2144643320222137e-5,0,0,0
TUR.39.3_1,2032,6,albopictus,19.977514547460217,50.493751239709916,1.4115357739794018e-4,0.06320132648425772,0.0629230441906258,0.06349562419213182,2.1247448245276248e-15,1.887379141862766e-15,2.4424906541753444e-15,0.9999999999999979,0.9999999999999976,0.9999999999999981,1.411525811856329e-5,2.9991321634288883e-20,2.6640843754985424e-20,3.447638603586349e-20
TUR.39.3_1,2032,7,albopictus,24.26323486776913,38.09077378910027,1.6576148257785504e-4,0.10714156123462346,0.10659042216106523,0.10769044484750928,6.40882421831801e-9,5.537565031521474e-9,7.370293281239171e-9,0.9999999935911758,0.9999999926297067,0.9999999944624349,1.6041305134772976e-5,1.028059048411621e-13,8.88297703742847e-14,1.1822912345712468e-13
TUR.39.3_1,2032,8,albopictus,24.39074993133545,40.287698587290244,1.9683131181167906e-4,0.1129609627581385,0.11235997478244805,0.11350143460578757,2.784754966855818e-8,2.396293427853191e-8,3.170649457429064e-8,0.9999999721524503,0.9999999682935055,0.9999999760370657,1.9048010050037867e-5,5.304404059556249e-13,4.564462129658727e-13,6.039456273025593e-13
TUR.39.3_1,2032,9,albopictus,18.095815490273868,66.8884071520935,1.5688406044218135e-4,0.04345488852007303,0.04325822293444354,0.04365167591941341,0,0,0,1,1,1,1.5688282981818347e-5,0,0,0
TUR.39.3_1,2032,10,albopictus,13.714664781794829,73.42074435085689,1.5460269411148858e-4,0.0025996538709901246,0.0025694964744198737,0.0026297087793523827,0,0,0,1,1,1,1.4961439119609565e-5,0,0,0
TUR.39.3_1,2032,11,albopictus,3.936726467136075,70.23415553281279,8.967723091260355e-5,0,0,0,0,0,0,1,1,1,8.967682881388939e-6,0,0,0
TUR.39.3_1,2032,12,albopictus,5.222636205089443,79.49614696519659,7.37609304570874e-5,0,0,0,0,0,0,1,1,1,7.138129083816835e-6,0,0,0
TUR.39.3_1,2033,1,albopictus,1.3281095997594736,78.34138171184578,8.526011783283003e-5,0,0,0,0,0,0,1,1,1,8.250945105925389e-6,0,0,0
TUR.39.3_1,2033,2,albopictus,0.062005420379778964,72.71224137410206,6.37771483313328e-5,0,0,0,0,0,0,1,1,1,6.833242545911666e-6,0,0,0
TUR.39.3_1,2033,3,albopictus,5.36505189121646,70.71142289498032,7.829176759180925e-5,0,0,0,0,0,0,1,1,1,7.576593967661971e-6,0,0,0
TUR.39.3_1,2033,4,albopictus,10.650405266705683,63.423546363413394,1.0352646273686826e-4,1.885765194508868e-12,8.906318911442017e-13,3.856208088857181e-12,0,0,0,1,1,1,1.0352592685225481e-5,0,0,0
TUR.39.3_1,2033,5,albopictus,13.243318501640768,68.54688428307915,1.4470262077834247e-4,0.0012819144909442075,0.0012639049832391775,0.0013001625133704548,0,0,0,1,1,1,1.4003381381910707e-5,0,0,0
TUR.39.3_1,2033,6,albopictus,21.758247655980725,36.819190692834916,1.627572883484948e-4,0.07548113347543375,0.07509490016188833,0.07584887314318474,3.332699671787509e-13,2.873062898700596e-13,3.815975313514741e-13,0.9999999999996667,0.9999999999996184,0.9999999999997127,1.627559638583964e-5,5.424167473323374e-18,4.6760812130381376e-18,6.210727402109381e-18
TUR.39.3_1,2033,7,albopictus,24.758744969087488,38.335570542029956,1.9113146060010272e-4,0.11189006481237208,0.11133132554785499,0.112447816090964,2.1385823407271686e-8,1.8568395374063406e-8,2.448763585238822e-8,0.9999999786141766,0.9999999755123642,0.9999999814316046,1.8496421900326965e-5,3.9556121242678505e-13,3.4344887485075627e-13,4.529336440673453e-13
TUR.39.3_1,2033,8,albopictus,24.85313320159912,33.01519568812032,2.26956561520441e-4,0.10133875576604638,0.10076135663361373,0.1019204050522693,1.3553629056861639e-9,1.151614489880437e-9,1.5858127005996536e-9,0.9999999986446371,0.9999999984141873,0.9999999988483855,2.1963297014870875e-5,2.9768238060523634e-14,2.529325108787305e-14,3.48296753532247e-14
TUR.39.3_1,2033,9,albopictus,20.998253654031192,45.97537843505249,1.8089533919983677e-4,0.0754222733660904,0.07506415818662858,0.07576224718981603,3.2586877640738976e-13,2.839839474688688e-13,3.6937397585035115e-13,0.9999999999996741,0.9999999999996306,0.999999999999716,1.8089370305340857e-5,5.8947609673815955e-18,5.137090786536833e-18,6.681742630313033e-18
TUR.39.3_1,2033,10,albopictus,15.044810617671294,56.33233492702877,1.7826480723204737e-4,0.007186170421218052,0.007125228914152208,0.007249413305161568,0,0,0,1,1,1,1.725128415286381e-5,0,0,0
TUR.39.3_1,2033,11,albopictus,11.380444304469755,64.86517512509795,1.0340243016858995e-4,3.2206297365817312e-6,3.04441536699796e-6,3.4031909643317135e-6,0,0,0,1,1,1,1.034018955670124e-5,0,0,0
TUR.39.3_1,2033,12,albopictus,6.139152270686977,84.33904247300909,8.505012234590827e-5,0,0,0,0,0,0,1,1,1,8.230623129490411e-6,0,0,0
TUR.39.3_1,2034,1,albopictus,2.3922730759881876,76.07913653362313,8.678835641057626e-5,0,0,0,0,0,0,1,1,1,8.398837930578829e-6,0,0,0
TUR.39.3_1,2034,2,albopictus,2.52482416217818,75.38134690388722,6.492031703595139e-5,0,0,0,0,0,0,1,1,1,6.955724062729374e-6,0,0,0
TUR.39.3_1,2034,3,albopictus,3.6798757571069634,74.20530412056625,7.969510249909073e-5,0,0,0,0,0,0,1,1,1,7.712399533343905e-6,0,0,0
TUR.39.3_1,2034,4,albopictus,9.031765797558954,66.16787772327667,1.0538211504176298e-4,0,0,0,0,0,0,1,1,1,1.0538155977402042e-5,0,0,0
TUR.39.3_1,2034,5,albopictus,17.023892346550436,45.44343350793267,1.4729633203508776e-4,0.02037272210872824,0.020227711546736145,0.020511166120144683,0,0,0,1,1,1,1.4254382150635792e-5,0,0,0
TUR.39.3_1,2034,6,albopictus,23.278124136083264,30.717910480432572,1.6567461913791762e-4,0.08460644355948305,0.08413707595966946,0.08503536709724428,8.457354816471252e-12,7.205733232318324e-12,9.72864289128239e-12,0.9999999999915427,0.9999999999902714,0.9999999999927943,1.656732467414379e-5,1.40115743128913e-16,1.1937972197508525e-16,1.6117758541867632e-16
TUR.39.3_1,2034,7,albopictus,22.300525440889245,48.124667374305346,1.94557382108712e-4,0.10012426620427856,0.09969417707948769,0.10056122834336001,9.661109456882143e-10,8.547720059537412e-10,1.089287288147389e-9,0.999999999033889,0.9999999989107127,0.999999999145228,1.882795650420821e-5,1.8189894863657162e-14,1.6093610149111836e-14,2.0509053681825957e-14
TUR.39.3_1,2034,8,albopictus,25.22535991668701,40.303460916391806,2.310246273594799e-4,0.11977415246543603,0.11918712419116544,0.1203784741586729,1.4026414715651024e-7,1.2224516430514588e-7,1.6071149243068738e-7,0.9999998597358528,0.9999998392885076,0.9999998777548357,2.2356972081749582e-5,3.135881622048515e-12,2.7330317254990366e-12,3.5930223494891874e-12
TUR.39.3_1,2034,9,albopictus,20.93284876206342,45.43720475951538,1.8413778411929745e-4,0.0737340814358889,0.07340655714530704,0.07408277854698687,1.71293090822644e-13,1.5054624213917123e-13,1.954103545642738e-13,0.9999999999998287,0.9999999999998046,0.9999999999998495,1.8413608879330745e-5,3.1541239781398453e-18,2.7720996210037197e-18,3.598209839917881e-18
TUR.39.3_1,2034,10,albopictus,14.294191683039946,64.05765383572017,1.8146010137884487e-4,0.004203800438216855,0.004161329763128408,0.004247764402759994,0,0,0,1,1,1,1.7560500784719046e-5,0,0,0
TUR.39.3_1,2034,11,albopictus,7.040498988155057,72.33254420468779,1.0525585926103134e-4,0,0,0,0,0,0,1,1,1,1.0525530532268235e-5,0,0,0
TUR.39.3_1,2034,12,albopictus,2.4664828599814106,76.62902812974737,8.657459687532305e-5,0,0,0,0,0,0,1,1,1,8.378151697518987e-6,0,0,0
TUR.39.3_1,2035,1,albopictus,2.729211844613447,85.30159441936532,8.395457300648929e-5,0,0,0,0,0,0,1,1,1,8.124603092629634e-6,0,0,0
TUR.39.3_1,2035,2,albopictus,4.06986023967757,81.67488022908253,6.280056129205619e-5,0,0,0,0,0,0,1,1,1,6.7286089298068674e-06,0,0,0
TUR.39.3_1,2035,3,albopictus,6.220610286602202,70.2296800360936,7.709292556903643e-5,0,0,0,0,0,0,1,1,1,7.46057786993326e-6,0,0,0
TUR.39.3_1,2035,4,albopictus,8.132410862866571,70.68402915149933,1.0194121466014752e-4,0,0,0,0,0,0,1,1,1,1.0194069506086478e-5,0,0,0
TUR.39.3_1,2035,5,albopictus,14.979211751152487,53.67225049401665,1.4248686313318506e-4,0.006566964530377939,0.006509506794972554,0.0066297485146657315,0,0,0,1,1,1,1.3788956202409608e-5,0,0,0
TUR.39.3_1,2035,6,albopictus,19.88872842227711,53.88001222603804,1.602650687603252e-4,0.064913408511924,0.06462681878274183,0.06521995571240749,4.552691557080379e-15,3.9968028886505635e-15,5.218048215738236e-15,0.9999999999999954,0.9999999999999948,0.999999999999996,1.6026378452216328e-5,7.29631578699802e-20,6.405427569242537e-20,8.362641548733312e-20
TUR.39.3_1,2035,7,albopictus,24.1275899550494,41.03329393070183,1.882047617415969e-4,0.11192021427262629,0.11135238781087399,0.11247559954797305,2.1545867863070888e-8,1.866610389311685e-8,2.4655881508683917e-8,0.9999999784541321,0.9999999753441184,0.9999999813338961,1.821319817718603e-5,3.924191612895738e-13,3.3996944940128083e-13,4.490624561508766e-13
TUR.39.3_1,2035,8,albopictus,24.94136905670166,32.64251883875509,2.2348129110997712e-4,0.10111600676035552,0.10051940695711617,0.10168947452978364,1.2749356569363712e-9,1.0766786906479808e-9,1.4883472176929756e-9,0.9999999987250644,0.9999999985116528,0.9999999989233214,2.1626987853684554e-5,2.7573017966792236e-14,2.3285316964964868e-14,3.218846719911118e-14
TUR.39.3_1,2035,9,albopictus,21.67973596909467,43.92799989501343,1.781253808628737e-4,0.08372316698245874,0.08335033417319623,0.0841216521469261,6.282226294729299e-12,5.524558588376749e-12,7.168474147611903e-12,0.9999999999937178,0.9999999999928315,0.9999999999944754,1.7812379443982174e-5,1.1190139851468045e-16,9.840553383667717e-17,1.276875815516399e-16
TUR.39.3_1,2035,10,albopictus,14.20350583861856,51.18565600246822,1.7553512889338088e-4,0.00314879038201072,0.003111376239458302,0.0031891032625212855,0,0,0,1,1,1,1.6987126255196827e-5,0,0,0
TUR.39.3_1,2035,11,albopictus,7.345043913844754,60.50899684140654,1.0181908133951196e-4,0,0,0,0,0,0,1,1,1,1.0181856298530079e-5,0,0,0
TUR.39.3_1,2035,12,albopictus,5.8053920091513325,87.60089092271612,8.374779307366801e-5,0,0,0,0,0,0,1,1,1,8.104592293722845e-6,0,0,0
TUR.39.3_1,2036,1,albopictus,3.510778702905073,84.27315203655282,9.276980814924791e-5,0,0,0,0,0,0,1,1,1,8.977683069621989e-6,0,0,0
TUR.39.3_1,2036,2,albopictus,3.8242573935319397,83.54271622761769,7.187300337753815e-5,0,0,0,0,0,0,1,1,1,7.435110639830711e-6,0,0,0
TUR.39.3_1,2036,3,albopictus,3.8217405337182915,70.82374284126938,8.518768732408359e-5,0,0,0,0,0,0,1,1,1,8.243935759599808e-6,0,0,0
TUR.39.3_1,2036,4,albopictus,12.352871277753046,56.17479758411652,1.1264504824284196e-4,1.7297636088279723e-4,1.6866992805090021e-4,1.772386878129964e-4,0,0,0,1,1,1,1.1264441379998935e-5,0,0,0
TUR.39.3_1,2036,5,albopictus,15.693674031425925,59.39323590661431,1.5744799220921533e-4,0.011870606163252707,0.011780335232530607,0.011957797780911899,0,0,0,1,1,1,1.5236786390815382e-5,0,0,0
TUR.39.3_1,2036,6,albopictus,19.27857140933766,66.35414094918258,1.7709291048115017e-4,0.06506144411400488,0.064788850986682,0.06531325985185785,4.856004487407972e-15,4.3298697960381105e-15,5.440092820663267e-15,0.9999999999999951,0.9999999999999946,0.9999999999999957,1.7709134239596303e-5,8.599563533558982e-20,7.667824545801236e-20,9.633933403698989e-20
TUR.39.3_1,2036,7,albopictus,25.19955040426815,36.887389389686206,2.0796627288180363e-4,0.11168828435798783,0.11105648812195587,0.11228347327094074,2.0352697617576076e-8,1.7337583343990382e-8,2.351477776663113e-8,0.9999999796473024,0.9999999764852222,0.9999999826624166,2.0125565821538238e-5,4.096095555483918e-13,3.4892867477588343e-13,4.732482077211788e-13
TUR.39.3_1,2036,8,albopictus,25.15156078338623,34.51114638697286,2.4694683992516154e-4,0.10619083681911534,0.10557031451917682,0.10678279078108349,5.002704456136264e-9,4.235662251494965e-9,5.822814727607373e-9,0.9999999949972955,0.9999999941771852,0.9999999957643377,2.3897795726202098e-5,1.195536091713054e-13,1.0122299125141193e-13,1.3915243691188212e-13
TUR.39.3_1,2036,9,albopictus,21.491719077615176,39.328436296380616,1.9682855641327875e-4,0.07492827704941367,0.07454559966473369,0.07530081596754408,2.704797497088407e-13,2.332523063586223e-13,3.105432577754641e-13,0.9999999999997295,0.9999999999996895,0.9999999999997669,1.968266193519419e-5,5.32376147383505e-18,4.591026291661108e-18,6.112317959048324e-18
TUR.39.3_1,2036,10,albopictus,14.505827272639555,74.50150149197017,1.9396632783343133e-4,0.005962262862467478,0.00590771223845294,0.00601386760243417,0,0,0,1,1,1,1.877075877876333e-5,0,0,0
TUR.39.3_1,2036,11,albopictus,10.534226195338896,76.66934382626982,1.1251009091629925e-4,4.4316629073266885e-16,2.6619858931021267e-17,2.4006945240389816e-15,0,0,0,1,1,1,1.1250945799234913e-5,0,0,0
TUR.39.3_1,2036,12,albopictus,5.873877269161098,75.76330547349737,9.254131631122188e-5,0,0,0,0,0,0,1,1,1,8.955571154545261e-6,0,0,0
TUR.39.3_1,2037,1,albopictus,1.684697844197645,77.75888506877938,9.253696682428225e-5,0,0,0,0,0,0,1,1,1,8.95515024024185e-6,0,0,0
TUR.39.3_1,2037,2,albopictus,7.027753134422443,73.34605332478566,6.922045159326955e-5,0,0,0,0,0,0,1,1,1,7.4164494544559645e-6,0,0,0
TUR.39.3_1,2037,3,albopictus,6.302281524547759,70.15292069771469,8.497387623205903e-5,0,0,0,0,0,0,1,1,1,8.223244533978047e-6,0,0,0
TUR.39.3_1,2037,4,albopictus,9.335618832532099,71.8461308971048,1.123623223990902e-4,0,0,0,0,0,0,1,1,1,1.1236169113693073e-5,0,0,0
TUR.39.3_1,2037,5,albopictus,15.960389081169577,54.19816373254204,1.5705281623709088e-4,0.013034744603103842,0.01293286004779896,0.013132811292408677,0,0,0,1,1,1,1.519854413678523e-5,0,0,0
TUR.39.3_1,2037,6,albopictus,20.33488492404713,46.71455736153609,1.7664842807096648e-4,0.06541754324804734,0.06510943617056524,0.06571960435824048,5.678679748655213e-15,4.9960036108132044e-15,6.439293542825908e-15,0.9999999999999943,0.9999999999999936,0.999999999999995,1.766468678465749e-5,1.0031209911037187e-19,8.825283896003312e-20,1.1374810354848713e-19
TUR.39.3_1,2037,7,albopictus,26.654964222627527,30.125811783485034,2.0744430195729696e-4,0.09990128614498048,0.09922434630307246,0.1005617264557107,9.098101442228667e-10,7.488328623850293e-10,1.0894382757031806e-9,0.9999999990901899,0.9999999989105617,0.9999999992511671,2.007505352152883e-5,1.8264487339703914e-14,1.5032859791059097e-14,2.1870531693143434e-14
TUR.39.3_1,2037,8,albopictus,24.622553825378418,41.20379432093282,2.463270323546667e-4,0.11714551545107668,0.11659041611326362,0.11770762234284414,7.611689227915441e-8,6.660990930773547e-8,8.665484220182762e-8,0.9999999238831078,0.9999999133451577,0.9999999333900906,2.383781578008115e-5,1.8144604559027643e-12,1.587834747205711e-12,2.0656621648591687e-12
TUR.39.3_1,2037,9,albopictus,20.408966849831973,48.19661561766968,1.9633453984926243e-4,0.0681709096797391,0.06784580290011413,0.06847563423558761,1.838473817628028e-14,1.5987211554602254e-14,2.0872192862952943e-14,0.9999999999999816,0.9999999999999791,0.999999999999984,1.963326124998499e-5,3.6095236762748335e-19,3.1388110111028473e-19,4.097892153384273e-19
TUR.39.3_1,2037,10,albopictus,13.120787943110747,78.43380587429439,1.934794951270534e-4,0.0012581180777645911,0.0012395398530968996,0.0012764637973099,0,0,0,1,1,1,1.8723646819429618e-5,0,0,0
TUR.39.3_1,2037,11,albopictus,7.034056441310574,76.02379023740264,1.1222770379958977e-4,0,0,0,0,0,0,1,1,1,1.1222707404945353e-5,0,0,0
TUR.39.3_1,2037,12,albopictus,2.6222156108740498,82.88895397203252,9.230904847393901e-5,0,0,0,0,0,0,1,1,1,8.933093822993676e-6,0,0,0
TUR.39.3_1,2038,1,albopictus,2.812281765153303,82.31548754680672,8.547615001842934e-5,0,0,0,0,0,0,1,1,1,8.27185127372232e-6,0,0,0
TUR.39.3_1,2038,2,albopictus,2.776223202400348,72.18121262654347,6.393874694385552e-5,0,0,0,0,0,0,1,1,1,6.8505565645748945e-6,0,0,0
TUR.39.3_1,2038,3,albopictus,3.7054077643243706,74.86973283150375,7.849014336347372e-5,0,0,0,0,0,0,1,1,1,7.595791477355007e-6,0,0,0
TUR.39.3_1,2038,4,albopictus,11.614455559674433,65.00188498646027,1.037887782084028e-4,1.394430440436307e-5,1.3375003825436471e-5,1.4548567124834282e-5,0,0,0,1,1,1,1.0378823960488504e-5,0,0,0
TUR.39.3_1,2038,5,albopictus,16.65229601018569,49.52811215783501,1.4506926844695095e-4,0.01796709283481509,0.017847744316913747,0.018090530695066682,0,0,0,1,1,1,1.4038862916843087e-5,0,0,0
TUR.39.3_1,2038,6,albopictus,18.5668108884026,56.46424837105757,1.631696829547641e-4,0.04471154483742996,0.04449110776007519,0.04494055038191404,0,0,0,1,1,1,1.631683517444582e-5,0,0,0
TUR.39.3_1,2038,7,albopictus,23.881944431978113,44.076632706336596,1.916157497169813e-4,0.11551418963768878,0.11494278177032914,0.11608785182907244,5.167436940145542e-8,4.4955282840763995e-8,5.912095978333198e-8,0.99999994832563055,0.9999999408790402,0.9999999550447172,1.8543287721106694e-5,9.582126996179399e-13,8.336187443000175e-13,1.0962969676103026e-12
TUR.39.3_1,2038,8,albopictus,25.331835746765137,43.63094504725118,2.2753162431964446e-4,0.12876363009999153,0.12816887737491153,0.12940610212108739,1.0156359078079546e-6,8.935283087457835e-7,1.1602621821871218e-6,0.9999989843640922,0.9999988397378179,0.9999991064716913,2.201894702968943e-5,2.2363233255473888e-11,1.9674552499801386e-11,2.55477515301301e-11
TUR.39.3_1,2038,9,albopictus,18.913737128762637,60.43294374266968,1.8135369202042155e-4,0.053222422196150684,0.05299052113632229,0.053465597163458584,0,0,0,1,1,1,1.8135204757241397e-5,0,0,0
TUR.39.3_1,2038,10,albopictus,16.47678216765909,50.835302761501424,1.7871649480767667e-4,0.01668735111869406,0.016574710061607056,0.016808811933853005,0,0,0,1,1,1,1.729499509861565e-5,0,0,0
TUR.39.3_1,2038,11,albopictus,5.6899545354878205,58.52655970761748,1.0366443136625894e-4,0,0,0,0,0,0,1,1,1,1.0366389405214171e-5,0,0,0
TUR.39.3_1,2038,12,albopictus,2.37149505032336,79.58647136705206,8.52656224446989e-5,0,0,0,0,0,0,1,1,1,8.251477805809593e-6,0,0,0
TUR.39.3_1,2039,1,albopictus,5.145792521645918,83.6450468729786,9.446132044625108e-5,0,0,0,0,0,0,1,1,1,9.141376325016992e-6,0,0,0
TUR.39.3_1,2039,2,albopictus,2.992544193916461,75.07095261677784,7.065992633843565e-5,0,0,0,0,0,0,1,1,1,7.570677735713183e-6,0,0,0
TUR.39.3_1,2039,3,albopictus,7.34559502781314,70.64429185249985,8.674095151139469e-5,0,0,0,0,0,0,1,1,1,8.394250398224834e-6,0,0,0
TUR.39.3_1,2039,4,albopictus,10.017027237836054,72.91054587513214,1.1469895444466078e-4,0,0,0,0,0,0,1,1,1,1.146982966548915e-5,0,0,0
TUR.39.3_1,2039,5,albopictus,16.13835329167983,53.34855435754204,1.6031880999221518e-4,0.014315168449561398,0.014209122041564153,0.014421834844114351,0,0,0,1,1,1,1.5514603194932697e-5,0,0,0
TUR.39.3_1,2039,6,albopictus,26.536363882177014,21.024673175745072,1.803219226109265e-4,0.0812584294581341,0.08064448553794952,0.08186683446356316,2.7059725571376703e-12,2.170777446686145e-12,3.323574748748115e-12,0.999999999997294,0.9999999999966764,0.9999999999978293,1.8032029682091277e-5,4.8794177469230905e-17,3.914352335185889e-17,5.993079852007506e-17
TUR.39.3_1,2039,7,albopictus,25.10377098532284,35.827391831092456,2.11758212468178e-4,0.10875102820406517,0.1081679863009859,0.10935812479899955,9.708763077820315e-9,8.336002910169782e-9,1.130081318245768e-8,0.9999999902912369,0.9999999886991868,0.9999999916639971,2.0492520264259184e-5,1.9895702411312417e-13,1.708257085595778e-13,2.3158214314412134e-13
TUR.39.3_1,2039,8,albopictus,25.33400821685791,34.41489203821798,2.514495291596533e-4,0.10690966099520634,0.10631016376298817,0.10752198676597774,6.037751042686779e-9,5.14590116906799e-9,7.056019588058681e-9,0.9999999939622489,0.9999999929439803,0.9999999948540989,2.4333529337394744e-5,1.4691979212910443e-13,1.2521793706484985e-13,1.716978596512579e-13
TUR.39.3_1,2039,9,albopictus,21.496256660012637,46.13191835204468,2.0041741716675594e-4,0.08378938677185431,0.08339604670441149,0.08416233976131667,6.423088505513874e-12,5.610881204098917e-12,7.2672173834220645e-12,0.9999999999935769,0.9999999999927327,0.999999999994389,2.0041540882309583e-5,1.2872859087394908e-16,1.1245070503773085e-16,1.4564623429048418e-16
TUR.39.3_1,2039,10,albopictus,12.889632547602934,57.67999117702877,1.9750300032721246e-4,5.852856575515076e-4,5.75368318777035e-4,5.967967515519195e-4,0,0,0,1,1,1,1.9113010924165508e-5,0,0,0
TUR.39.3_1,2039,11,albopictus,8.292425887111357,79.67789637753935,1.145615363824329e-4,0,0,0,0,0,0,1,1,1,1.145608801678133e-5,0,0,0
TUR.39.3_1,2039,12,albopictus,5.418048125636928,73.26428203599737,9.42286624170741e-5,0,0,0,0,0,0,1,1,1,9.118861237444875e-6,0,0,0
TUR.39.3_1,2040,1,albopictus,3.2917127982877634,83.43328539836922,7.998887813000246e-5,0,0,0,0,0,0,1,1,1,7.740829213509492e-6,0,0,0
TUR.39.3_1,2040,2,albopictus,2.938802500419757,75.73752518757863,6.197103370909322e-5,0,0,0,0,0,0,1,1,1,6.41077604146556e-6,0,0,0
TUR.39.3_1,2040,3,albopictus,4.123346712001982,64.0860032782811,7.345134883302137e-5,0,0,0,0,0,0,1,1,1,7.1081697852193315e-6,0,0,0
TUR.39.3_1,2040,4,albopictus,8.375168660107782,65.66138510853058,9.712589920795239e-5,0,0,0,0,0,0,1,1,1,9.712542753725906e-6,0,0,0
TUR.39.3_1,2040,5,albopictus,14.400333348442526,68.32802747155571,1.3575632538093807e-4,0.004955333346619896,0.004906111901538296,0.005005042169338824,0,0,0,1,1,1,1.3137622608461186e-5,0,0,0
TUR.39.3_1,2040,6,albopictus,21.111574453466076,49.109344196252884,1.526947561578955e-4,0.08122467635430736,0.08087712072686216,0.08161469745692851,2.6649581430504555e-12,2.3552632066881075e-12,3.045602658957591e-12,0.999999999997335,0.9999999999969544,0.9999999999976447,1.526935903795046e-5,4.069220270734714e-17,3.5963359531795234e-17,4.650440048656004e-17
TUR.39.3_1,2040,7,albopictus,25.98183609457577,32.46940919559441,1.793146842551521e-4,0.10479137459508812,0.10410382906138017,0.10541164794448565,3.458685208679313e-9,2.867053766619776e-9,4.061694691692708e-9,0.9999999965413148,0.9999999959383052,0.9999999971329462,1.7352883397103724e-5,6.001816113349948e-14,4.9751649705380005e-14,7.048211437957872e-14
TUR.39.3_1,2040,8,albopictus,25.103035926818848,31.004617532602744,2.1292488447948905e-4,0.09864421850550766,0.09808965984875652,0.09921218830317187,6.375040840778112e-10,5.424903110062829e-10,7.462666901103531e-10,0.999999999362496,0.9999999992537333,0.9999999994575096,2.060542168724755e-5,1.3136040479765817e-14,1.1178241619530529e-14,1.5377139840870316e-14
TUR.39.3_1,2040,9,albopictus,20.53854830124799,47.752996843255616,1.697114150124898e-4,0.06985411236149021,0.06954393956346994,0.07017972968227709,3.681344118433572e-14,3.2415736761493004e-14,4.196920588839248e-14,0.9999999999999631,0.999999999999958,0.9999999999999676,1.6970997492204987e-5,6.247608180187972e-19,5.501273872872749e-19,7.122592878817436e-19
TUR.39.3_1,2040,10,albopictus,12.394110048518462,58.26586764187252,1.6724351669922285e-4,2.0187959508225292e-4,1.9669973293773394e-4,2.0651843111021577e-4,0,0,0,1,1,1,1.618472548070571e-5,0,0,0
TUR.39.3_1,2040,11,albopictus,5.192835108760526,78.18501460263701,9.700953500109526e-5,0,0,0,0,0,0,1,1,1,9.700906446030721e-6,0,0,0
TUR.39.3_1,2040,12,albopictus,1.959281128776424,76.86097698228643,7.979186569513614e-5,0,0,0,0,0,0,1,1,1,7.721763641388435e-6,0,0,0
TUR.39.3_1,2041,1,albopictus,4.97037962835063,84.64101092327157,9.570345791385324e-5,0,0,0,0,0,0,1,1,1,9.261582070707597e-6,0,0,0
TUR.39.3_1,2041,2,albopictus,4.409233351402423,62.49486466511769,7.158908275450462e-5,0,0,0,0,0,0,1,1,1,7.670229450140731e-6,0,0,0
TUR.39.3_1,2041,3,albopictus,8.006633426555815,70.05931565621079,8.788156848920915e-5,0,0,0,0,0,0,1,1,1,8.504631753725178e-6,0,0,0
TUR.39.3_1,2041,4,albopictus,11.265618660870722,55.29410987049347,1.1620721060853237e-4,8.675918742361224e-7,8.048446943698125e-7,9.301206703631617e-7,0,0,0,1,1,1,1.1620653540544978e-5,0,0,0
TUR.39.3_1,2041,5,albopictus,17.239255849052878,48.94463513757134,1.6242695330115857e-4,0.0236738184324317,0.023523928525380863,0.023818295572601015,0,0,0,1,1,1,1.5718613877502285e-5,0,0,0
TUR.39.3_1,2041,6,albopictus,22.174467367284436,39.25708742135054,1.8269310073173775e-4,0.08443817584506001,0.0840125729945501,0.08485790210145,7.991690642583649e-12,6.910244598756777e-12,9.170908477074135e-12,0.9999999999920083,0.9999999999908291,0.9999999999930897,1.8269143190363657e-5,1.4600134068245001e-16,1.262442480551246e-16,1.6754464015338728e-16
TUR.39.3_1,2041,7,albopictus,23.922385945039636,32.866698471717456,2.145427681840686e-4,0.09413366585958298,0.09360896490712495,0.09462708780455596,1.712977125700732e-10,1.4595231134784115e-10,1.9782355475950198e-10,0.9999999998287022,0.9999999998021765,0.9999999998540476,2.0761987839623686e-5,3.5564810253352134e-15,3.030260113368848e-15,4.107210238307911e-15
TUR.39.3_1,2041,8,albopictus,23.60299015045166,42.92981894861837,2.547560135482327e-4,0.1097347800210772,0.10919891844042155,0.11024417729567633,1.2461112047557066e-8,1.0852328774513254e-8,1.4140896295589121e-8,0.999999987538888,0.9999999858591038,0.9999999891476713,2.4653503860161408e-5,3.0721007396635195e-13,2.675479293342032e-13,3.486226414094486e-13
TUR.39.3_1,2041,9,albopictus,21.563957999734317,41.03403703490601,2.0305284489364792e-4,0.07811324951895553,0.07771277163408151,0.07849838261241182,8.813555441022913e-13,7.59919904780304e-13,1.0107581438489888e-12,0.9999999999991186,0.9999999999989893,0.99999999999924,2.0305078338500593e-5,1.789599336706884e-17,1.5430233197549984e-17,2.0523523292131167e-17
TUR.39.3_1,2041,10,albopictus,15.445329035029692,65.81143038601314,2.0010010436420148e-4,0.011000450413650322,0.010913756488353453,0.011084935118192078,0,0,0,1,1,1,1.9364338737615228e-5,0,0,0
TUR.39.3_1,2041,11,albopictus,9.451115386012724,78.7642611236331,1.1606798554082318e-4,0,0,0,0,0,0,1,1,1,1.1606731195490383e-5,0,0,0
TUR.39.3_1,2041,12,albopictus,5.988832694423549,86.86766796129034,9.546774050276403e-5,0,0,0,0,0,0,1,1,1,9.23877091929537e-6,0,0,0
TUR.39.3_1,2042,1,albopictus,5.658981122186079,78.0134550761036,9.127347210721184e-5,0,0,0,0,0,0,1,1,1,8.83287764541496e-6,0,0,0
TUR.39.3_1,2042,2,albopictus,4.696444769554279,73.42285081013722,6.827531930827259e-5,0,0,0,0,0,0,1,1,1,7.315186026923826e-6,0,0,0
TUR.39.3_1,2042,3,albopictus,5.845423843273345,66.65633103707016,8.381364754299822e-5,0,0,0,0,0,0,1,1,1,8.110965255214708e-6,0,0,0
TUR.39.3_1,2042,4,albopictus,10.700324395123651,64.19514517933136,1.1082813335420186e-4,2.3970856384527857e-11,1.4578332382838174e-11,4.103936743193019e-11,0,0,0,1,1,1,1.1082751921298595e-5,0,0,0
TUR.39.3_1,2042,5,albopictus,17.01508611791274,39.269677862180714,1.5490842561757337e-4,0.01855969074052578,0.018426701716698822,0.01869603761202186,0,0,0,1,1,1,1.4991025596433616e-5,0,0,0
TUR.39.3_1,2042,6,albopictus,21.190424245946545,38.70785112374312,1.742364800321867e-4,0.06987642201240897,0.06950357985552146,0.07022048600496611,3.7166936195376363e-14,3.186340080674199e-14,4.263533970316757e-14,0.9999999999999628,0.9999999999999574,0.9999999999999681,1.7423496212365386e-5,6.47577972025366e-19,5.551718432693493e-19,7.428566798310517e-19
TUR.39.3_1,2042,7,albopictus,26.66588379355038,35.624720780067065,2.0461186872975114e-4,0.11300482567685208,0.11235212898954412,0.11369358658285166,2.818002189142188e-8,2.3916599833917472e-8,3.322662757987427e-8,0.9999999718199781,0.9999999667733724,0.9999999760834002,1.9800952545279138e-5,5.579912761969719e-13,4.735714583558308e-13,6.579188759487534e-13
TUR.39.3_1,2042,8,albopictus,25.42639446258545,35.43726523768087,2.429636964389483e-4,0.10962599752527839,0.10900213625409541,0.11022715551474885,1.2132529600306086e-8,1.0321590951378745e-8,1.4080385446479937e-8,0.9999999878674704,0.9999999859196146,0.999999989678409,2.351233936503938e-5,2.8526415331878227e-13,2.4268474923593674e-13,3.3106280100819787e-13
TUR.39.3_1,2042,9,albopictus,21.842642615823184,38.370184343255616,1.9365379870989652e-4,0.07863177106832328,0.0782290210282486,0.07904046625988244,1.0634531033559825e-12,9.168721337715623e-13,1.2284895323233513e-12,0.9999999999989365,0.9999999999987715,0.9999999999990831,1.9365192363229866e-5,2.0593973915762373e-17,1.775540524297133e-17,2.3789936109655993e-17
TUR.39.3_1,2042,10,albopictus,12.661200845942778,55.464331081813924,1.9083773661319716e-4,3.5541706647747854e-4,3.477279591054815e-4,3.6333590896899453e-4,0,0,0,1,1,1,1.846799752380779e-5,0,0,0
TUR.39.3_1,2042,11,albopictus,7.2644784612690705,78.20099818417998,1.1069535282974454e-4,0,0,0,0,0,0,1,1,1,1.1069474015856784e-5,0,0,0
TUR.39.3_1,2042,12,albopictus,4.053095799816005,85.9386060716419,9.104866574164038e-5,0,0,0,0,0,0,1,1,1,8.81112238260151e-6,0,0,0
TUR.39.3_1,2043,1,albopictus,0.8073820249341868,78.56431262004891,8.279530660633849e-5,0,0,0,0,0,0,1,1,1,8.012416926828081e-6,0,0,0
TUR.39.3_1,2043,2,albopictus,2.6125627953340027,71.92646714314503,6.193339494233436e-5,0,0,0,0,0,0,1,1,1,6.635698870383067e-6,0,0,0
TUR.39.3_1,2043,3,albopictus,5.305766250499907,72.04633805611313,7.602840656666353e-5,0,0,0,0,0,0,1,1,1,7.357560665277596e-6,0,0,0
TUR.39.3_1,2043,4,albopictus,8.818152764264276,61.72615103870636,1.0053358407238983e-4,0,0,0,0,0,0,1,1,1,1.0053307872404105e-5,0,0,0
TUR.39.3_1,2043,5,albopictus,14.751578274895163,65.04491589929009,1.40519367772564e-4,0.0064398102995440335,0.006383046658975039,0.0064954745148397604,0,0,0,1,1,1,1.3598556032889952e-5,0,0,0
TUR.39.3_1,2043,6,albopictus,21.204956335179943,37.49142045968062,1.580520873505175e-4,0.06870956019731302,0.06835427901904526,0.06906644350007553,2.301603352350412e-14,1.9761969838327786e-14,2.6645352591003757e-14,0.999999999999977,0.9999999999999734,0.9999999999999802,1.580508383336454e-5,3.637703393505113e-19,3.123395900071922e-19,4.211320314703715e-19
TUR.39.3_1,2043,7,albopictus,26.0105302474078,29.09370347660027,1.856059818440616e-4,0.09748228120634071,0.09678698725767076,0.09807561053127703,4.5763044309588e-10,3.7284373088919413e-10,5.403160585615297e-10,0.9999999995423695,0.9999999994596839,0.9999999996271562,1.7961707897362622e-5,8.219824343828824e-15,6.696910185594582e-15,9.704999216136472e-15
TUR.39.3_1,2043,8,albopictus,24.767457008361816,35.41361029993673,2.2039540379534457e-4,0.10571503876202729,0.10515789687152105,0.10628454505502119,4.4128037025581436e-9,3.797660741433617e-9,5.111458187267991e-9,0.9999999955871963,0.9999999948885419,0.9999999962023393,2.1328360011341196e-5,9.411786602753947e-14,8.099787549423311e-14,1.090190204009692e-13
TUR.39.3_1,2043,9,albopictus,20.47733003952924,46.64384691039429,1.7566577965648754e-4,0.06767121375521386,0.0673357900742767,0.06797352271478853,1.490962908690108e-14,1.2878587085651816e-14,1.687538997430238e-14,0.9999999999999851,0.9999999999999831,0.9999999999999871,1.7566423674231224e-5,2.6190886136614556e-19,2.2623071707204256e-19,2.9644024995646957e-19
TUR.39.3_1,2043,10,albopictus,15.085729921565337,54.940161159938924,1.7311129455434483e-4,0.0072680819589398165,0.007202977353271028,0.007333564559019447,0,0,0,1,1,1,1.6752565598854297e-5,0,0,0
TUR.39.3_1,2043,11,albopictus,8.73621441555374,71.63092219541045,1.004131372001499e-4,0,0,0,0,0,0,1,1,1,1.0041263306170833e-5,0,0,0
TUR.39.3_1,2043,12,albopictus,3.086292606723659,77.20223979966924,8.259138194416848e-5,0,0,0,0,0,0,1,1,1,7.992682440005616e-6,0,0,0
TUR.39.3_1,2044,1,albopictus,4.797730721642866,81.49134509075203,8.7823339527799975e-05,0,0,0,0,0,0,1,1,1,8.498996740824438e-6,0,0,0
TUR.39.3_1,2044,2,albopictus,0.03922333305372916,75.87487717732472,6.804074843351306e-5,0,0,0,0,0,0,1,1,1,7.038673342285584e-6,0,0,0
TUR.39.3_1,2044,3,albopictus,5.85600009144229,70.45164964058579,8.064549595073953e-5,0,0,0,0,0,0,1,1,1,7.804372379682789e-6,0,0,0
TUR.39.3_1,2044,4,albopictus,8.909206726971796,66.4310918346048,1.0663883557936105e-4,0,0,0,0,0,0,1,1,1,1.0663826698897871e-5,0,0,0
TUR.39.3_1,2044,5,albopictus,14.222782078911276,62.56908582116509,1.4905289504872627e-4,0.0038311739641216534,0.0037885303241898703,0.0038711230316108495,0,0,0,1,1,1,1.4424369682131122e-5,0,0,0
TUR.39.3_1,2044,6,albopictus,20.164984029882092,44.58002443306929,1.6765034999458955e-4,0.06065990835430269,0.06035189069695764,0.060967777918593036,6.593614543248805e-16,5.551115123125783e-16,7.771561172376096e-16,0.9999999999999993,0.9999999999999992,0.9999999999999994,1.676489446700291e-5,1.105412519736618e-20,9.306385921338762e-21,1.3028940289874266e-20
TUR.39.3_1,2044,7,albopictus,25.147237553316003,30.506201950721362,1.9687755055228936e-4,0.09784820769054915,0.09725734124839197,0.09844456353819281,5.080536940038627e-10,4.2716963299938016e-10,6.00293545427455e-10,0.9999999994919463,0.9999999993997064,0.9999999995728304,1.905248468159204e-5,9.679685222434844e-15,8.138642889161984e-15,1.1437083578715161e-14
TUR.39.3_1,2044,8,albopictus,27.406733512878418,30.131984552256064,2.337796811347675e-4,0.09824726198388212,0.09757457329552201,0.09890987504731391,5.701416686543226e-10,4.680271697976579e-10,6.851076816971612e-10,0.9999999994298583,0.9999999993148923,0.9999999995319728,2.2623584192693613e-5,1.2898648042563892e-14,1.0588452080385423e-14,1.5499591317936865e-14
TUR.39.3_1,2044,9,albopictus,21.06046755173627,50.850096147454835,1.8633369501896779e-4,0.08255877222034579,0.08219564394781693,0.08290056580464694,4.225555794157288e-12,3.722899766245291e-12,4.740471903907917e-12,0.9999999999957745,0.9999999999952595,0.9999999999962771,1.8633195901784916e-5,7.873560890645508e-17,6.936952066715778e-17,8.833014165242353e-17
TUR.39.3_1,2044,10,albopictus,17.016440714106842,54.21151583523189,1.8362407992555604e-4,0.022978857778183186,0.022843401545714716,0.023131603115402896,0,0,0,1,1,1,1.776991436408526e-5,0,0,0
TUR.39.3_1,2044,11,albopictus,7.482957617763211,69.16324794003935,1.0651107415194e-4,0,0,0,0,0,0,1,1,1,1.065105069231187e-5,0,0,0
TUR.39.3_1,2044,12,albopictus,3.6795003236654926,80.54486827867315,8.760703083135416e-5,0,0,0,0,0,0,1,1,1,8.47806381887306e-6,0,0,0
TUR.39.3_1,2045,1,albopictus,2.7630363480352305,72.439457578545,9.132108858952356e-5,0,0,0,0,0,0,1,1,1,8.837485651391752e-6,0,0,0
TUR.39.3_1,2045,2,albopictus,0.5688642758656951,71.6107856856255,6.831093787804004e-5,0,0,0,0,0,0,1,1,1,7.319002274353004e-6,0,0,0
TUR.39.3_1,2045,3,albopictus,7.37923588932437,65.14327714302719,8.385737230741852e-5,0,0,0,0,0,0,1,1,1,8.115196649782774e-6,0,0,0
TUR.39.3_1,2045,4,albopictus,9.896007874432733,68.66075186878449,1.1088595131302017e-4,0,0,0,0,0,0,1,1,1,1.1088533653058619e-5,0,0,0
TUR.39.3_1,2045,5,albopictus,15.557900372673483,61.62493298913384,1.5498923983596634e-4,0.011197821325354806,0.011111072031697582,0.01128340775914348,0,0,0,1,1,1,1.4998846210034777e-5,0,0,0
TUR.39.3_1,2045,6,albopictus,20.13641766940846,52.06689424508101,1.743273775085067e-4,0.06748774643037063,0.06717768313603745,0.06778741528555456,1.3796852549319283e-14,1.2098655410852643e-14,1.5654144647214707e-14,0.9999999999999862,0.9999999999999843,0.9999999999999879,1.743258580155782e-5,2.4051481585745016e-19,2.109108485331705e-19,2.7289221971256746e-19
TUR.39.3_1,2045,7,albopictus,25.759881748872644,33.838980881385424,2.0471861275080355e-4,0.10732501568159963,0.106701423088584,0.10793032151209862,6.726087380504175e-9,5.700478525327846e-9,7.841107652062362e-9,0.9999999932739126,0.9999999921588923,0.9999999942995215,1.9811282407244946e-5,1.332524165909746e-13,1.1293378992170515e-13,1.553423980806168e-13
TUR.39.3_1,2045,8,albopictus,25.65562152862549,36.16772635828634,2.430904482353551e-4,0.11226957105906483,0.11165334898431258,0.1128960231455905,2.3505306685933646e-8,2.011736589535573e-8,2.7341281189086073e-8,0.9999999764946933,0.9999999726587189,0.999999979882634,2.352460537946577e-5,5.529530641099074e-13,4.732530939625666e-13,6.431928505422604e-13
TUR.39.3_1,2045,9,albopictus,21.870549033669864,45.82044450560913,1.9375482601244107e-4,0.08944772025840228,0.08902415844366239,0.08988149168936659,4.0662540334857056e-11,3.548595306490654e-11,4.649410578760893e-11,0.9999999999593374,0.9999999999535059,0.999999999964514,1.937529489781653e-5,7.878487102822148e-16,6.875508053626406e-16,9.008370106452013e-16
TUR.39.3_1,2045,10,albopictus,13.79583581756143,68.79360812038814,1.9093729480354601e-4,0.00266134541539842,0.00262984192702011,0.0026936329714828794,0,0,0,1,1,1,1.8477632009350486e-5,0,0,0
TUR.39.3_1,2045,11,albopictus,9.36466147137039,75.62995326230498,1.1075310151825522e-4,0,0,0,0,0,0,1,1,1,1.1075248820824335e-5,0,0,0
TUR.39.3_1,2045,12,albopictus,6.1127135576132465,86.20293407457159,9.109616494465854e-5,0,0,0,0,0,0,1,1,1,8.81571903921241e-6,0,0,0
TUR.39.3_1,2046,1,albopictus,3.7733223811887644,77.91954485881844,9.266860169941839e-5,0,0,0,0,0,0,1,1,1,8.967888984967587e-6,0,0,0
TUR.39.3_1,2046,2,albopictus,3.1571748453904602,73.95794602498097,6.931891846348425e-5,0,0,0,0,0,0,1,1,1,7.426999397930345e-6,0,0,0
TUR.39.3_1,2046,3,albopictus,3.990752841839019,74.33010575630844,8.509475252584204e-5,0,0,0,0,0,0,1,1,1,8.234942143525714e-6,0,0,0
TUR.39.3_1,2046,4,albopictus,11.943386414471796,69.3812642589212,1.1252215906530705e-4,6.658476833556105e-5,6.44929802637616e-5,6.860550618045978e-5,0,0,0,1,1,1,1.125215260056045e-5,0,0,0
TUR.39.3_1,2046,5,albopictus,13.658737126518698,75.84770368005181,1.5727622563297487e-4,0.002522864308876242,0.0024938739863238045,0.0025514592344976143,0,0,0,1,1,1,1.5220164072071718e-5,0,0,0
TUR.39.3_1,2046,6,albopictus,20.452690405004162,48.066009235315384,1.7689971244487808e-4,0.06875473078016393,0.0684316273163297,0.06907207331746684,2.3436919072139517e-14,2.042810365310288e-14,2.6645352591003757e-14,0.9999999999999766,0.9999999999999734,0.9999999999999796,1.7689814777899215e-5,4.145947573507616e-19,3.613693698871163e-19,4.713513520266734e-19
TUR.39.3_1,2046,7,albopictus,24.41991974325741,35.25956269901238,2.07739393807862e-4,0.10281200539502024,0.10225687257561066,0.10334691678007224,2.028399642695078e-9,1.7388779943727785e-9,2.338535970425326e-9,0.9999999979716003,0.9999999976614641,0.999999998261122,2.0103610223753954e-5,4.077815579474363e-14,3.4957725425533354e-14,4.701301564365896e-14
TUR.39.3_1,2046,8,albopictus,26.224568367004395,37.72073539148946,2.4667743532614335e-4,0.11780770891927861,0.11715536556627783,0.118469134117549,8.89808638081524e-8,7.611458540113247e-8,1.0350790888291606e-7,0.9999999110191362,0.9999998964920911,0.9999999238854146,2.3871724936119776e-5,2.1241267054065493e-12,1.8169864463226324e-12,2.470912329565921e-12
TUR.39.3_1,2046,9,albopictus,24.234415839700137,41.36657182494507,1.966138279383895e-4,0.11372593757035941,0.11320482526081567,0.11425329565298266,3.356673305343616e-8,2.949028365673012e-8,3.8063694504653076e-8,0.9999999664332669,0.9999999619363055,0.9999999705097163,1.966118951013396e-5,6.599618997996858e-13,5.798140556825772e-13,7.483775111118287e-13
TUR.39.3_1,2046,10,albopictus,12.094140375361723,67.09876101345455,1.937547218829813e-4,1.0513262400855969e-4,1.0198505592248347e-4,1.0829873872483437e-4,0,0,0,1,1,1,1.8750281167712046e-5,0,0,0
TUR.39.3_1,2046,11,albopictus,9.129924075130155,77.81791102597685,1.1238734896933611e-4,0,0,0,0,0,0,1,1,1,1.123867174257498e-5,0,0,0
TUR.39.3_1,2046,12,albopictus,2.920191508663051,82.31210308091924,9.24403591326607e-5,0,0,0,0,0,0,1,1,1,8.945801192483671e-6,0,0,0
TUR.39.3_1,2047,1,albopictus,5.013659514596357,82.72641436565438,9.204419094531063e-5,0,0,0,0,0,0,1,1,1,8.907462677898437e-6,0,0,0
TUR.39.3_1,2047,2,albopictus,3.1932938296128723,75.77088852986378,6.885184032312217e-5,0,0,0,0,0,0,1,1,1,7.376955681870356e-6,0,0,0
TUR.39.3_1,2047,3,albopictus,6.645353462108794,73.04431626656235,8.452137516154748e-5,0,0,0,0,0,0,1,1,1,8.179454466961111e-6,0,0,0
TUR.39.3_1,2047,4,albopictus,9.302573063794306,60.48207144886261,1.1176397296011796e-4,0,0,0,0,0,0,1,1,1,1.1176334840268254e-5,0,0,0
TUR.39.3_1,2047,5,albopictus,16.20668596379897,48.98135159875298,1.5621648193500423e-4,0.013990127866213526,0.01388377460421806,0.014089961406862604,0,0,0,1,1,1,1.5117609786008401e-5,0,0,0
TUR.39.3_1,2047,6,albopictus,25.097652715795178,25.367576312952103,1.7570774363534066e-4,0.08778679532899315,0.08724487314648637,0.0883699785879242,2.4013708355141716e-11,2.0076812434766112e-11,2.882161453943155e-11,0.9999999999759863,0.9999999999711784,0.9999999999799232,1.7570619998408255e-5,4.2193574426079645e-16,3.5276204207059295e-16,5.064136368129501e-16
TUR.39.3_1,2047,7,albopictus,24.81138016195858,34.66947099369011,2.0633962399190856e-4,0.10446112032476922,0.10385688599080733,0.10498865379551958,3.1643457529817454e-9,2.6831313199027204e-9,3.6308161088793865e-9,0.9999999968356542,0.9999999963691838,0.9999999973168687,1.9968151342752982e-5,6.318613489633714e-14,5.357717226829809e-14,7.250068555980907e-14
TUR.39.3_1,2047,8,albopictus,26.232632637023926,36.50354941736837,2.450152969039734e-4,0.11479733741499144,0.11415027315800237,0.11544299969384893,4.353918955535274e-8,3.7125368942958484e-8,5.06885925122269e-8,0.9999999564608104,0.9999999493114075,0.999999962874631,2.3710876657645485e-5,1.0323523533208154e-12,8.802750438760709e-13,1.2018709650070646e-12
TUR.39.3_1,2047,9,albopictus,21.766789268044864,39.61165086547241,1.9528902335172663e-4,0.07922250786829756,0.07884247952046582,0.07962640274988746,1.3145339261555478e-12,1.1442152780816174e-12,1.5145829035390079e-12,0.9999999999986855,0.9999999999984854,0.9999999999988558,1.9528711647454067e-5,2.567115399468737e-17,2.2345050228267373e-17,2.957785278937702e-17
TUR.39.3_1,2047,10,albopictus,13.512182558284087,46.594396999782674,1.924491822526833e-4,0.0012850158173054959,0.0012649916852546835,0.001305670009616523,0,0,0,1,1,1,1.862394098384179e-5,0,0,0
TUR.39.3_1,2047,11,albopictus,9.511683718684843,71.43773829648467,1.1163007122870787e-4,0,0,0,0,0,0,1,1,1,1.1162944816733855e-5,0,0,0
TUR.39.3_1,2047,12,albopictus,1.5592274041298557,75.68620281236456,9.181748630089788e-5,0,0,0,0,0,0,1,1,1,8.885523713919596e-6,0,0,0
TUR.39.3_1,2048,1,albopictus,2.4248337821267985,81.95646349895516,9.567383308157432e-5,0,0,0,0,0,0,1,1,1,9.258715177984378e-6,0,0,0
TUR.39.3_1,2048,2,albopictus,3.250898142509601,71.3173286543755,7.412288400070125e-5,0,0,0,0,0,0,1,1,1,7.667855153603576e-6,0,0,0
TUR.39.3_1,2048,3,albopictus,9.170210506328765,65.39761063912094,8.785436490865259e-5,0,0,0,0,0,0,1,1,1,8.501999171572905e-6,0,0,0
TUR.39.3_1,2048,4,albopictus,12.1942237405216,55.14343314319855,1.1617123887669612e-4,1.0764924213414584e-4,1.0448274554626218e-4,1.106308252537572e-4,0,0,0,1,1,1,1.1617056409174431e-5,0,0,0
TUR.39.3_1,2048,5,albopictus,14.405930463005514,63.131372198118214,1.6237667433157888e-4,0.004613573514425863,0.004565015831287116,0.004659210667091029,0,0,0,1,1,1,1.571374824727023e-5,0,0,0
TUR.39.3_1,2048,6,albopictus,23.12842969333424,21.90561265938765,1.8263654841288042e-4,0.07060770962731666,0.07016724150270302,0.07103906096915796,5.005418302062026e-14,4.1744385725905886e-14,5.929146063010648e-14,0.9999999999999499,0.9999999999999407,0.9999999999999583,1.8263488061776023e-5,9.141639740390502e-19,7.623980903512556e-19,1.0828688833832127e-18
TUR.39.3_1,2048,7,albopictus,25.797452702241785,27.61333772342644,2.1447635685826439e-4,0.0940753167190718,0.09344801294116324,0.09468648892676901,1.6853935014271571e-10,1.3905724072227342e-10,2.0134303946317544e-10,0.9999999998314606,0.999999999798657,0.9999999998609428,2.07555610705068e-5,3.498128774670665e-15,2.886211052107311e-15,4.178987751699398e-15
TUR.39.3_1,2048,8,albopictus,27.072314262390137,34.053989251963095,2.546771542850679e-4,0.10862977652911873,0.10793833455762851,0.10940377053738645,9.424690516568468e-9,7.857323536253347e-9,1.1432643634567973e-8,0.9999999905753095,0.9999999885673564,0.9999999921426764,2.464587250661232e-5,2.3227972088562467e-13,1.9365059411770425e-13,2.8176747743109516e-13
TUR.39.3_1,2048,9,albopictus,19.66050417283002,53.682920854486085,2.0298999025281412e-4,0.06072449478676787,0.06043871608207195,0.06100298974704174,6.795675133730584e-16,5.551115123125783e-16,7.771561172376096e-16,0.9999999999999993,0.9999999999999992,0.9999999999999994,2.0298793002027082e-5,1.379440028486198e-20,1.1268093681475234e-20,1.5775331154065328e-20
TUR.39.3_1,2048,10,albopictus,14.57893022368936,59.087683132595174,2.0003816373885734e-4,0.0050866550012556265,0.0050388662128842245,0.005135793293086885,0,0,0,1,1,1,1.9358344599540445e-5,0,0,0
TUR.39.3_1,2048,11,albopictus,7.461299197200467,79.60379969785185,1.160320569058548e-4,0,0,0,0,0,0,1,1,1,1.160313837367255e-5,0,0,0
TUR.39.3_1,2048,12,albopictus,5.454227191341274,80.93093090074346,9.543818863638332e-5,0,0,0,0,0,0,1,1,1,9.23591108770161e-6,0,0,0
TUR.39.3_1,2049,1,albopictus,1.8416361735366724,79.65618578899422,8.692117935525506e-5,0,0,0,0,0,0,1,1,1,8.411691655885178e-6,0,0,0
TUR.39.3_1,2049,2,albopictus,5.294872542076251,76.28590317830128,6.501967261813806e-5,0,0,0,0,0,0,1,1,1,6.966369229588487e-6,0,0,0
TUR.39.3_1,2049,3,albopictus,6.036163474926177,69.18710801460922,7.9817069760924e-5,0,0,0,0,0,0,1,1,1,7.724202725656326e-6,0,0,0
TUR.39.3_1,2049,4,albopictus,11.043308594647577,62.17528586536652,1.0554339431256872e-4,9.368838467130069e-8,8.42266272784531e-8,1.0393465087500273e-7,0,0,0,1,1,1,1.05542837344208e-5,0,0,0
TUR.39.3_1,2049,5,albopictus,14.171646062065573,65.3620087947979,1.4752175781073827e-4,0.003795895854387647,0.003754351542747149,0.0038389760685162274,0,0,0,1,1,1,1.427619723715079e-5,0,0,0
TUR.39.3_1,2049,6,albopictus,21.05060223972096,49.86945314400679,1.6592817147699333e-4,0.08111461450273286,0.08077019452917433,0.08147503710619293,2.5639050882375613e-12,2.268615850731237e-12,2.9015373437246693e-12,0.999999999997436,0.9999999999970984,0.9999999999977314,1.6592679487725803e-5,4.25420553660752e-17,3.764241569195782e-17,4.8144279166090735e-17
TUR.39.3_1,2049,7,albopictus,25.63512207480038,26.113692490272143,1.9485513730848128e-4,0.09076895604176535,0.09015900956798117,0.09137381177571718,6.159265053540252e-11,5.0714171750954054e-11,7.393757273099764e-11,0.9999999999384074,0.9999999999260625,0.9999999999492859,1.8856770980679727e-5,1.161438505239126e-15,9.563055221825978e-16,1.3942238758557734e-15
TUR.39.3_1,2049,8,albopictus,25.818875312805176,31.82560523401876,2.3137819289025275e-4,0.10299391820654603,0.10238263408837225,0.10360256782700356,2.1326512238406535e-9,1.7996578421941578e-09,2.5055938518425694e-9,0.9999999978673487,0.9999999974944062,0.9999999982003421,2.2391187335268903e-5,4.775259307380657e-14,4.0296475883955184e-14,5.610322132270496e-14
TUR.39.3_1,2049,9,albopictus,18.872355292825137,61.0865501574646,1.8441959292090265e-4,0.05297783387689129,0.05274432330547966,0.05322202408161939,0,0,0,1,1,1,1.8441789240153383e-5,0,0,0
TUR.39.3_1,2049,10,albopictus,10.520379389033598,67.07362978786861,1.817378121917197e-4,1.6146467278112128e-17,4.281208355778514e-19,8.196558395544675e-17,0,0,0,1,1,1,1.758737555235257e-5,0,0,0
TUR.39.3_1,2049,11,albopictus,7.179111258510281,73.20891749570342,1.054169453070167e-4,0,0,0,0,0,0,1,1,1,1.0541638967187517e-5,0,0,0
TUR.39.3_1,2049,12,albopictus,5.263550740611904,83.93550090806768,8.670709267737467e-5,0,0,0,0,0,0,1,1,1,8.3909737643717e-6,0,0,0
TUR.39.3_1,2050,1,albopictus,1.0012714044355295,78.81084887493172,8.880013660493364e-5,0,0,0,0,0,0,1,1,1,8.593524682409814e-6,0,0,0
TUR.39.3_1,2050,2,albopictus,4.265680809669635,75.77575608357472,6.642518950301903e-5,0,0,0,0,0,0,1,1,1,7.116959263919753e-6,0,0,0
TUR.39.3_1,2050,3,albopictus,3.54247584522647,68.25247666695297,8.154245893520611e-5,0,0,0,0,0,0,1,1,1,7.891174567897785e-6,0,0,0
TUR.39.3_1,2050,4,albopictus,14.135809281293085,41.509457160532534,1.0782490415137073e-4,0.002506789815640223,0.002473660492177493,0.002538363239461609,0,0,0,1,1,1,1.0782432284250909e-5,0,0,0
TUR.39.3_1,2050,5,albopictus,16.53670877568862,55.40712140466118,1.5071070529603327e-4,0.0183686786050519,0.018245030866071706,0.01849027006812108,0,0,0,1,1,1,1.4584800604899861e-5,0,0,0
TUR.39.3_1,2050,6,albopictus,22.155954641454358,37.99531526558882,1.6951500661930506e-4,0.08239706063949802,0.08198316206111302,0.08280225145712898,3.999979347746318e-12,3.459821318330114e-12,4.583997070817247e-12,0.999999999996,0.999999999995416,0.9999999999965402,1.6951356986094623e-5,6.780507786065377e-17,5.864866627511428e-17,7.770497077063524e-17
TUR.39.3_1,2050,7,albopictus,24.32202698202694,43.13510820072136,1.990672807193122e-4,0.11848616194128213,0.11790269231864503,0.1190439678918554,1.0414599979746697e-7,9.070203972061375e-8,1.1826707369544386e-7,0.9999998958540002,0.9999998817329263,0.9999999092979602,1.926438999277913e-5,2.0063091562863e-12,1.7473194663184468e-12,2.2783430309737807e-12
TUR.39.3_1,2050,8,albopictus,25.63438129425049,36.496236642710166,2.3637984767880328e-4,0.11298532550630767,0.11233531378757633,0.11363054170993629,2.8029747886071378e-8,2.3817580022122976e-8,3.27203241667906e-8,0.9999999719702521,0.9999999672796758,0.99999997618242,2.2875207488670668e-5,6.411862987490108e-13,5.448320848840804e-13,7.484842044119002e-13
TUR.39.3_1,2050,9,albopictus,21.38741190293256,33.00034181395874,1.884061533158699e-4,0.06612849877827287,0.0657643844822937,0.06646043465694379,7.734701767958541e-15,6.5503158452884236e-15,8.881784197001252e-15,0.9999999999999922,0.9999999999999911,0.9999999999999934,1.8840437848277602e-5,1.4572516793418578e-19,1.2341081856974451e-19,1.6733670314541629e-19
TUR.39.3_1,2050,10,albopictus,13.081695879206938,66.52831881374752,1.856664010844533e-4,9.624631427316455e-4,9.464184593975745e-4,9.781212269259095e-4,0,0,0,1,1,1,1.796755481553447e-5,0,0,0
TUR.39.3_1,2050,11,albopictus,7.549099699977567,76.80555140683623,1.0769572172368315e-4,0,0,0,0,0,0,1,1,1,1.0769514180775097e-5,0,0,0
TUR.39.3_1,2050,12,albopictus,1.9449040116194416,78.96419506089971,8.858142205938687e-5,0,0,0,0,0,0,1,1,1,8.57235894025088e-6,0,0,0
TUR.39.3_1,2051,1,albopictus,4.347423590829267,81.05720965374032,9.159562877104323e-5,0,0,0,0,0,0,1,1,1,8.864053820945017e-6,0,0,0
TUR.39.3_1,2051,2,albopictus,2.368860264473102,73.90428086384816,6.851630224211495e-5,0,0,0,0,0,0,1,1,1,7.341005437755399e-6,0,0,0
TUR.39.3_1,2051,3,albopictus,7.501685287365142,69.31792924263657,8.410947418849139e-5,0,0,0,0,0,0,1,1,1,8.139593407729961e-6,0,0,0
TUR.39.3_1,2051,4,albopictus,9.94802127164953,58.864498664438784,1.1121930968261094e-4,0,0,0,0,0,0,1,1,1,1.1121869119778971e-5,0,0,0
TUR.39.3_1,2051,5,albopictus,15.110880795647116,60.195947393430714,1.5545518669112725e-4,0.007991330312029511,0.007921855029750338,0.00805915519783298,0,0,0,1,1,1,1.5043937163783383e-5,0,0,0
TUR.39.3_1,2051,6,albopictus,21.59840039645924,37.259673786096634,1.748514609442633e-4,0.07386796188734344,0.07348858206095063,0.07425279136959465,1.80425896445513e-13,1.5543122344752192e-13,2.0852763960022e-13,0.9999999999998196,0.9999999999997915,0.9999999999998446,1.7484993230176826e-5,3.1547455778983797e-18,2.7177138897380223e-18,3.6461043667145995e-18
TUR.39.3_1,2051,7,albopictus,26.411742939668542,35.3805763403698,2.0533406188717648e-4,0.11226900983840421,0.11160692379636036,0.1129789540804974,2.3515550051866897e-8,1.9886639898714086e-8,2.7903160143560868e-8,0.9999999764844499,0.9999999720968398,0.9999999801133601,1.987084081933599e-5,4.672737518597753e-13,3.951642558588036e-13,5.544592535691383e-13
TUR.39.3_1,2051,8,albopictus,26.19419574737549,37.28092749964376,2.4382125529005645e-4,0.11662355154267104,0.11597635666778162,0.11727812992095965,6.734002627584167e-8,5.757262942218677e-8,7.834557258223907e-8,0.9999999326599738,0.9999999216544274,0.9999999424273706,2.3595326976488806e-5,1.5889099385838323e-12,1.3584450161127167e-12,1.8485894022381673e-12
TUR.39.3_1,2051,9,albopictus,21.33793337204877,37.68882219115601,1.9433731452550364e-4,0.07078248594442513,0.0703922227213596,0.07114069701644378,5.3635096364246235e-14,4.573563749943333e-14,6.173117572672026e-14,0.9999999999999464,0.9999999999999383,0.9999999999999543,1.9433542618796373e-5,1.0423199310578296e-18,8.88805460543059e-19,1.1996554343936265e-18
TUR.39.3_1,2051,10,albopictus,14.289914453730864,46.907873562282674,1.9151131292338973e-4,0.003209634510072286,0.003173663703607179,0.0032481167523954373,0,0,0,1,1,1,1.8533181121993536e-5,0,0,0
TUR.39.3_1,2051,11,albopictus,10.015064017299345,71.24025141904326,1.1108606049919071e-4,0,0,0,0,0,0,1,1,1,1.1108544349602845e-5,0,0,0
TUR.39.3_1,2051,12,albopictus,5.395660144222133,79.61903362291143,9.137002893430134e-5,0,0,0,0,0,0,1,1,1,8.842221771887537e-6,0,0,0
TUR.39.3_1,2052,1,albopictus,0.8101636544965647,70.78315417278328,8.844834081344938e-5,0,0,0,0,0,0,1,1,1,8.559480220382554e-6,0,0,0
TUR.39.3_1,2052,2,albopictus,1.8448987800408814,75.72672196492238,6.852496544776168e-5,0,0,0,0,0,0,1,1,1,7.088764403695436e-6,0,0,0
TUR.39.3_1,2052,3,albopictus,2.4577732342569267,71.396405194785,8.121941558215016e-5,0,0,0,0,0,0,1,1,1,7.859912554142312e-6,0,0,0
TUR.39.3_1,2052,4,albopictus,10.142834046307733,76.01911215931183,1.0739773873307408e-4,0,0,0,0,0,0,1,1,1,1.0739716202134986e-5,0,0,0
TUR.39.3_1,2052,5,albopictus,14.114400807548972,73.17617200280571,1.5011364099093373e-4,0.004025143545490617,0.003983679500188862,0.004068248791121257,0,0,0,1,1,1,1.4527021029331344e-5,0,0,0
TUR.39.3_1,2052,6,albopictus,20.94770459567799,48.66878480904585,1.6884344609921926e-4,0.0778261386394891,0.07744513229002795,0.07819182381464392,7.937714929795448e-13,6.891043291545884e-13,9.045569848709078e-13,0.9999999999992062,0.9999999999990955,0.9999999999993109,1.6884202070133192e-5,1.3402198284977944e-17,1.1634976740849647e-17,1.527272291651082e-17
TUR.39.3_1,2052,7,albopictus,24.569247975068933,35.48810121219597,1.9827864418949653e-4,0.10441576337311455,0.10385645710069999,0.1049747711331157,3.1257128675354908e-9,2.6828219396035638e-9,3.6174472917149814e-9,0.9999999968742871,0.9999999963825528,0.999999997317178,1.918807179590587e-5,5.99764029156578e-14,5.1478179992744624e-14,6.941183835133232e-14
TUR.39.3_1,2052,8,albopictus,25.031987190246582,44.35477240931173,2.3544339151122942e-4,0.128230908529393,0.12762096714839916,0.12882352356012083,9.072741027570386e-7,7.951561616176272e-7,1.0263547112143724e-6,0.9999990927258973,0.9999989736452888,0.9999992048438384,2.2784584767232552e-5,2.06718637013826e-11,1.8117302967564098e-11,2.338506591891235e-11
TUR.39.3_1,2052,9,albopictus,21.287304709939395,49.951685350335694,1.8765975252911055e-4,0.085417479048709,0.08502994718363711,0.08578174975146313,1.1064910099278791e-11,9.711145776414299e-12,1.245342440281405e-11,0.9999999999889351,0.9999999999875465,0.9999999999902889,1.8765799173148245e-5,2.076418807920056e-16,1.8223741138135752e-16,2.3369846136119203e-16
TUR.39.3_1,2052,10,albopictus,16.28536447356729,53.13964312405025,1.8493085425965358e-4,0.015519317672186787,0.015401319834083473,0.01562986294712011,0,0,0,1,1,1,1.7896374141179727e-5,0,0,0
TUR.39.3_1,2052,11,albopictus,9.6642472906147745,69.65411555478545,1.0726906808201357e-4,0,0,0,0,0,0,1,1,1,1.072684927516665e-5,0,0,0
TUR.39.3_1,2052,12,albopictus,7.067363006008022,79.20841197984502,8.82304927401807e-5,0,0,0,0,0,0,1,1,1,8.538398328927777e-6,0,0,0
TUR.39.3_1,2053,1,albopictus,3.8955972568296335,74.80306689250985,9.207363313496455e-5,0,0,0,0,0,0,1,1,1,8.91031189664826e-6,0,0,0
TUR.39.3_1,2053,2,albopictus,2.867312093429706,78.09683915242238,6.887386397198036e-5,0,0,0,0,0,0,1,1,1,7.379315341116133e-6,0,0,0
TUR.39.3_1,2053,3,albopictus,6.335875656017485,69.54299638130844,8.454841102694821e-5,0,0,0,0,0,0,1,1,1,8.182070819651166e-6,0,0,0
TUR.39.3_1,2053,4,albopictus,11.596901276532343,59.64453940540558,1.117997229195078e-4,1.0732836138777631e-5,1.0250984135680807e-5,1.1208876115451263e-5,0,0,0,1,1,1,1.1179909796266152e-5,0,0,0
TUR.39.3_1,2053,5,albopictus,16.142783108879538,69.44002698327446,1.5626645092534422e-4,0.017906202036461757,0.01779803343766468,0.018008269468109222,0,0,0,1,1,1,1.5122445421678066e-5,0,0,0
TUR.39.3_1,2053,6,albopictus,19.07623414432301,63.562835407190384,1.7576394729858807e-4,0.05865532720604608,0.05839246102468329,0.058898337545565,2.281508315604697e-16,2.220446049250313e-16,3.3306690738754696e-16,0.9999999999999998,0.9999999999999997,0.9999999999999998,1.7576240265992915e-5,4.010033832392894e-21,3.902709325929824e-21,5.854063988894736e-21
TUR.39.3_1,2053,7,albopictus,23.063884510713464,51.629237381629565,2.064056258794834e-4,0.11943708813700431,0.11893167813377971,0.1199394498557308,1.2971445391252167e-7,1.1523389708278931e-7,1.4535109776891986e-7,0.999999870285546,0.9999998546489022,0.9999998847661029,1.9974538494560434e-5,2.5909863529765496e-12,2.30174391315839e-12,2.903321097611907e-12
TUR.39.3_1,2053,8,albopictus,24.129117012023926,39.487073739878134,2.450936699850497e-4,0.10872876545671155,0.10814319506005657,0.10923373285248272,9.64883974274855e-9,8.283009639287187e-9,1.0948916812081321e-8,0.9999999903511603,0.9999999890510832,0.9999999917169904,2.3718460969490707e-5,2.2885562883925223e-13,1.9646024083934842e-13,2.596914560655514e-13
TUR.39.3_1,2053,9,albopictus,21.683462928323184,45.32901613036499,1.953514904819583e-4,0.0857186477976789,0.08530125818141229,0.0861429252763765,1.222460088712296e-11,1.0625891833093703e-11,1.4022608074704124e-11,0.9999999999877754,0.9999999999859774,0.9999999999893742,1.9534958238365263e-5,2.3880706781062997e-16,2.07576353204872e-16,2.739310631323086e-16
TUR.39.3_1,2053,10,albopictus,15.98548539947061,38.54623644680416,1.9251074100250153e-4,0.010552482777494251,0.010462962762431686,0.010639827061316555,0,0,0,1,1,1,1.8629898171251824e-5,0,0,0
TUR.39.3_1,2053,11,albopictus,8.984294669154814,72.66110408017607,1.1166577835693009e-4,0,0,0,0,0,0,1,1,1,1.1166515489713369e-5,0,0,0
TUR.39.3_1,2053,12,albopictus,5.4487941087607075,83.84282665269659,9.184685597450199e-5,0,0,0,0,0,0,1,1,1,8.888365915171725e-6,0,0,0
TUR.39.3_1,2054,1,albopictus,4.369834937264814,78.5938765238575,9.011940950956117e-5,0,0,0,0,0,0,1,1,1,8.721195148497785e-6,0,0,0
TUR.39.3_1,2054,2,albopictus,0.8548889916171046,80.64121934041066,6.741204556030142e-5,0,0,0,0,0,0,1,1,1,7.222693083397402e-6,0,0,0
TUR.39.3_1,2054,3,albopictus,5.318655158886138,71.46674821236313,8.275390703385627e-5,0,0,0,0,0,0,1,1,1,8.008410548709932e-6,0,0,0
TUR.39.3_1,2054,4,albopictus,9.585876801434686,68.6573873057962,1.0942682144485224e-4,0,0,0,0,0,0,1,1,1,1.0942622273524272e-5,0,0,0
TUR.39.3_1,2054,5,albopictus,16.25235647313735,45.69936917687798,1.5294976209860258e-4,0.013702128700063527,0.013594478483104648,0.013805156359579542,0,0,0,1,1,1,1.4801480337500728e-5,0,0,0
TUR.39.3_1,2054,6,albopictus,19.48614053165211,55.41282625191695,1.7203343242033227e-4,0.05921616656663549,0.058944368229590205,0.05945857858479377,3.3295588508508446e-16,3.3306690738754696e-16,3.3306690738754696e-16,0.9999999999999997,0.9999999999999997,0.9999999999999997,1.72031952653251e-5,5.727905105857853e-21,5.729815044205921e-21,5.729815044205921e-21
TUR.39.3_1,2054,7,albopictus,24.57134033651913,35.20218583744011,2.0202475443153485e-4,0.1038626536722597,0.10332813481909925,0.10440961926361482,2.6946808593386606e-9,2.3266943871558254e-9,3.1116387827490042e-9,0.9999999973053192,0.9999999968883613,0.9999999976733056,1.9550591571659837e-5,5.26826048968995e-14,4.548825167535693e-14,6.083437896006256e-14
TUR.39.3_1,2054,8,albopictus,26.96569538116455,32.22303183924337,2.3989166128816775e-4,0.10434997158543313,0.10361653619196243,0.1050455286923448,3.076940664481498e-9,2.5150449639577133e-9,3.6860837243635198e-9,0.9999999969230593,0.9999999963139162,0.999999997484955,2.3215052586622598e-5,7.143133933185545e-14,5.838690109599864e-14,8.557262749979279e-14
TUR.39.3_1,2054,9,albopictus,23.8195083842558,30.099165361322022,1.912052383470175e-4,0.08845169839230238,0.08791421810937786,0.08897729357222105,2.968479140275093e-11,2.4909502238656953e-11,3.496293810023587e-11,0.9999999999703152,0.999999999965037,0.9999999999750905,1.9120341038680877e-5,5.675833352826999e-16,4.762781779069057e-16,6.685033001907991e-16
TUR.39.3_1,2054,10,albopictus,14.588361109004301,51.998518398708455,1.8842478256465495e-4,0.004608967971292933,0.0045610645609676466,0.004656294310547303,0,0,0,1,1,1,1.823449012683387e-5,0,0,0
TUR.39.3_1,2054,11,albopictus,9.486846224788358,75.10880458066435,1.0929571979853374e-4,0,0,0,0,0,0,1,1,1,1.0929512252344509e-5,0,0,0
TUR.39.3_1,2054,12,albopictus,3.0745518030050922,75.7427824022083,8.989744559768661e-5,0,0,0,0,0,0,1,1,1,8.699714956983406e-6,0,0,0
TUR.39.3_1,2055,1,albopictus,2.639208890607252,78.72925250042,8.84934984757478e-5,0,0,0,0,0,0,1,1,1,8.563850279252883e-6,0,0,0
TUR.39.3_1,2055,2,albopictus,-0.7161828082273988,75.34892960652394,6.619581490272265e-5,0,0,0,0,0,0,1,1,1,7.092383588536144e-6,0,0,0
TUR.39.3_1,2055,3,albopictus,3.763075258144561,73.49162766792954,8.12608824870938e-5,0,0,0,0,0,0,1,1,1,7.863925448936548e-6,0,0,0
TUR.39.3_1,2055,4,albopictus,9.228858807507685,66.87331442981964,1.074525710880139e-4,0,0,0,0,0,0,1,1,1,1.0745199378714432e-5,0,0,0
TUR.39.3_1,2055,5,albopictus,15.179688397575827,53.60300610925103,1.5019028212454814e-4,0.007650668898961397,0.007579280105818582,0.007724016477140844,0,0,0,1,1,1,1.4534437805413525e-5,0,0,0
TUR.39.3_1,2055,6,albopictus,22.8992026272942,38.68369646065718,1.6892964981146677e-4,0.09314651329449715,0.09268253914368738,0.09361625879341208,1.2729660237020823e-10,1.1033418900741053e-10,1.4627248023924008e-10,0.9999999998727034,0.9999999998537275,0.9999999998896658,1.68928222957776e-5,2.150398882696189e-15,1.8638558480509245e-15,2.4709550154441235e-15
TUR.39.3_1,2055,7,albopictus,23.500108494478113,45.64088365238152,1.9837987616256637e-4,0.11382777235519109,0.11331243393574747,0.11433058796432471,3.439550349193521e-8,3.027655372522808e-8,3.878257232581283e-8,0.9999999656044966,0.9999999612174276,0.9999999697234463,1.919786825044234e-5,6.603203444458016e-13,5.812452894943681e-13,7.44542713924206e-13
TUR.39.3_1,2055,8,albopictus,23.74911594390869,48.1103800142922,2.35563598098108e-4,0.12251086810003473,0.12199838051911327,0.12305322036943551,2.6072712343139237e-7,2.319913705556287e-7,2.9375638934681095e-7,0.9999997392728766,0.9999997062436107,0.9999997680086294,2.279621739753601e-5,5.943592187176226e-12,5.288525717538445e-12,6.696534513465134e-12
TUR.39.3_1,2055,9,albopictus,24.207232306985293,35.261969011224366,1.877555629835948e-4,0.10104201823686385,0.10051088399542794,0.10159236559370216,1.2482835699545447e-9,1.0741264461211487e-9,1.4491056049559249e-9,0.9999999987517164,0.9999999985508945,0.9999999989258735,1.8775380038693612e-5,2.343699842195376e-14,2.0167132235535924e-14,2.72075084492485e-14
TUR.39.3_1,2055,10,albopictus,14.59443601439981,55.46096651882564,1.8502527146396078e-4,0.0048861213480453835,0.0048404269564968115,0.004934764708942599,0,0,0,1,1,1,1.7905511126459217e-5,0,0,0
TUR.39.3_1,2055,11,albopictus,10.083677069667509,80.22765528867217,1.0732383474362603e-4,0,0,0,0,0,0,1,1,1,1.073232588255646e-5,0,0,0
TUR.39.3_1,2055,12,albopictus,5.967073184383266,82.04557018297002,8.827553917925397e-5,0,0,0,0,0,0,1,1,1,8.542757624518948e-6,0,0,0
TUR.39.3_1,2056,1,albopictus,4.617027320077314,81.99161211956063,9.779238157951862e-5,0,0,0,0,0,0,1,1,1,9.46373408117207e-6,0,0,0
TUR.39.3_1,2056,2,albopictus,4.8449337679673645,73.49483414753956,7.576422018955337e-5,0,0,0,0,0,0,1,1,1,7.83764723610858e-6,0,0,0
TUR.39.3_1,2056,3,albopictus,10.440313960918608,61.11561295845688,8.979976342379708e-5,4.937162120834177e-30,3.7974149486852873e-39,2.0068357057930822e-31,0,0,0,1,1,1,8.69026192562572e-6,0,0,0
TUR.39.3_1,2056,4,albopictus,10.587110856000116,63.705483008921206,1.1874367060331783e-4,2.4618669522653993e-14,5.757050008846103e-15,1.0358820157048866e-13,0,0,0,1,1,1,1.1874296560354658e-5,0,0,0
TUR.39.3_1,2056,5,albopictus,15.849996510673972,56.49656842614556,1.6597225369143428e-4,0.012580551377183257,0.012488303414462838,0.012676394245002708,0,0,0,1,1,1,1.60617020118492e-5,0,0,0
TUR.39.3_1,2056,6,albopictus,22.53495816623463,35.03267259591109,1.866807512303837e-4,0.08301108653392368,0.08257569799714316,0.08345248390617788,4.936828834622986e-12,4.242026174772207e-12,5.71925284909014e-12,0.9999999999950632,0.9999999999942808,0.999999999995758,1.8667900875568577e-5,9.216023132439064e-17,7.91897241422149e-17,1.0676644526912789e-16
TUR.39.3_1,2056,7,albopictus,26.286311878877527,23.39658090274773,2.1922560280181536e-4,0.08602179021048313,0.08543549456500481,0.08663225243872127,1.354601752989737e-11,1.1108644559776338e-11,1.6455040108276362e-11,0.999999999986454,0.9999999999835449,0.9999999999888914,2.121515587172329e-5,2.873808733378688e-16,2.356716258592259e-16,3.4909624077254157e-16
TUR.39.3_1,2056,8,albopictus,26.377062797546387,33.86614783655782,2.6031658447504813e-4,0.10859499885909618,0.10791248033532953,0.10923179656344137,9.335076165295497e-9,7.805118132364618e-9,1.0943521869255512e-8,0.9999999906649238,0.9999999890564781,0.9999999921948819,2.5191610215857807e-5,2.3516560009146877e-13,1.9662349367925354e-13,2.7568493731900054e-13
TUR.39.3_1,2056,9,albopictus,20.398287604836856,57.74394838134155,2.0748488844071422e-4,0.0785919317819113,0.0782479471273841,0.0789226583150713,1.0474593414855348e-12,9.231476694182561e-13,1.177655195583327e-12,0.9999999999989525,0.9999999999988223,0.9999999999990768,2.0748273595661004e-5,2.1732972997472788e-17,1.9153720414286796e-17,2.443431219931454e-17
TUR.39.3_1,2056,10,albopictus,14.706768358454985,69.50591128200924,2.044676983113789e-4,0.0066120313402229505,0.00654608419092337,0.006670489057625667,0,0,0,1,1,1,1.9787000845483682e-5,0,0,0
TUR.39.3_1,2056,11,albopictus,9.299568430904081,83.02932917783232,1.186014066638152e-4,0,0,0,0,0,0,1,1,1,1.1860070335156792e-5,0,0,0
TUR.39.3_1,2056,12,albopictus,2.198582154643886,81.02564983384893,9.755151915393185e-5,0,0,0,0,0,0,1,1,1,9.440425034479283e-6,0,0,0
TUR.39.3_1,2057,1,albopictus,1.9446376935743235,77.76952044475594,8.406125034771724e-5,0,0,0,0,0,0,1,1,1,8.134926622327399e-6,0,0,0
TUR.39.3_1,2057,2,albopictus,2.1941191155244324,74.05914231404347,6.288035917162782e-5,0,0,0,0,0,0,1,1,1,6.737158645075958e-6,0,0,0
TUR.39.3_1,2057,3,albopictus,6.615147735485259,66.92677018501938,7.719088412010372e-5,0,0,0,0,0,0,1,1,1,7.470057658998108e-6,0,0,0
TUR.39.3_1,2057,4,albopictus,10.02603469175451,63.876732398569644,1.0207074682679498e-4,0,0,0,0,0,0,1,1,1,1.0207022590691395e-5,0,0,0
TUR.39.3_1,2057,5,albopictus,16.467321339775534,51.67083905602837,1.4266791485168746e-4,0.01679812390757525,0.016683079749316296,0.016921644615701018,0,0,0,1,1,1,1.3806477094702174e-5,0,0,0
TUR.39.3_1,2057,6,albopictus,21.52365140353932,44.16434831612593,1.604687104538604e-4,0.08159404087561044,0.08121603874163585,0.08200490586370371,3.0306941400937147e-12,2.6513735651434445e-12,3.485936539426859e-12,0.9999999999969693,0.9999999999965141,0.9999999999973486,1.6046742295050542e-5,4.863276784120365e-17,4.2545908327766255e-17,5.59379253050831e-17
TUR.39.3_1,2057,7,albopictus,23.32977844687069,49.59202500980339,1.8844390516011542e-4,0.11950305628823414,0.11901327317769816,0.12003020952258944,1.3169995085482443e-7,1.1743042778733503e-7,1.4840637183599625e-7,0.9999998683000492,0.9999998515936281,0.9999998825695723,1.8236340666888395e-5,2.401725169601038e-12,2.141501285788279e-12,2.706389153938139e-12
TUR.39.3_1,2057,8,albopictus,24.441227912902832,45.558519204966025,2.237652588450993e-4,0.12536274541579914,0.1247246381549343,0.12592395642649354,4.896347203849904e-7,4.2498014087566374e-7,5.519768011108538e-7,0.9999995103652796,0.9999994480231988,0.9999995750198591,2.1654468007503702e-5,1.0602779387939797e-11,9.202718864416477e-12,1.1952763980539218e-11
TUR.39.3_1,2057,9,albopictus,21.095282386330997,47.88621751586304,1.7835171686048752e-4,0.07938524690768343,0.07903463741750279,0.07974312926700171,1.3927019537618434e-12,1.2259471215969598e-12,1.578798203283327e-12,0.9999999999986073,0.9999999999984212,0.9999999999987741,1.7835012640299297e-5,2.4838856949512004e-17,2.1864782410020314e-17,2.8157885912039955e-17
TUR.39.3_1,2057,10,albopictus,14.358762109980864,40.350683620876424,1.7575817357304359e-4,0.0030927277628746844,0.0030547301221515344,0.0031279135719776544,0,0,0,1,1,1,1.700871085730249e-5,0,0,0
TUR.39.3_1,2057,11,albopictus,6.205123679164578,76.29064356992217,1.0194845831678195e-4,0,0,0,0,0,0,1,1,1,1.0194793864437557e-5,0,0,0
TUR.39.3_1,2057,12,albopictus,4.411242705715053,80.28086071031377,8.385420766883388e-5,0,0,0,0,0,0,1,1,1,8.114890396870855e-6,0,0,0
TUR.39.3_1,2058,1,albopictus,2.9017768875860117,76.64179675090828,9.084440162434176e-5,0,0,0,0,0,0,1,1,1,8.791355061377182e-6,0,0,0
TUR.39.3_1,2058,2,albopictus,3.5801627833177063,82.94673081502003,6.79543616022997e-5,0,0,0,0,0,0,1,1,1,7.280797952202711e-6,0,0,0
TUR.39.3_1,2058,3,albopictus,4.7560254591791065,72.46809861519516,8.341964519607165e-5,0,0,0,0,0,0,1,1,1,8.072836304440223e-6,0,0,0
TUR.39.3_1,2058,4,albopictus,12.007171967450311,65.02166037708527,1.1030713771772579e-4,7.488775191203213e-5,7.255307980626756e-5,7.699166511015008e-5,0,0,0,1,1,1,1.1030652933619045e-5,0,0,0
TUR.39.3_1,2058,5,albopictus,13.962351742912741,69.4338090267315,1.541802114777376e-4,0.0032422103989726515,0.003207911159487219,0.0032753077658390964,0,0,0,1,1,1,1.4920554314290513e-5,0,0,0
TUR.39.3_1,2058,6,albopictus,21.922750753514904,42.735564899377884,1.7341740600229573e-4,0.0857840515587911,0.08536042122691401,0.08620766720848533,1.2491902401379207e-11,1.0836087582788422e-11,1.4323356389844832e-11,0.9999999999875081,0.9999999999856766,0.9999999999891639,1.734159023314419e-5,2.166294526771481e-16,1.8791499059117872e-16,2.4838977727597654e-16
TUR.39.3_1,2058,7,albopictus,26.373733296113855,28.771094528846362,2.036500020308082e-4,0.09705693621284608,0.09645052443812119,0.09765122992767526,4.0470460072050686e-10,3.3812811994771154e-10,4.784500462484687e-10,0.9999999995952954,0.9999999995215499,0.9999999996618719,1.9707870509977354e-5,7.975865865791836e-15,6.66378520371159e-15,9.429231556957496e-15
TUR.39.3_1,2058,8,albopictus,26.35104465484619,38.44609626185079,2.4182154036507278e-4,0.1199008422924578,0.11917214970062379,0.12061560831781509,1.4453308273676413e-7,1.2182315435038671e-7,1.6964349037196235e-7,0.9999998554669173,0.9999998303565096,0.9999998781768457,2.3401810724799077e-5,3.382335845677479e-12,2.8508824000057327e-12,3.969964852378938e-12
TUR.39.3_1,2058,9,albopictus,19.37964708664838,55.263922136224366,1.9274344516462456e-4,0.057240330486600634,0.05698125553655327,0.05749678129661405,1.1102230246251565e-16,1.1102230246251565e-16,1.1102230246251565e-16,0.9999999999999999,0.9999999999999999,0.9999999999999999,1.9274158767457195e-5,2.1398614843911806e-21,2.1398614843911806e-21,2.1398614843911806e-21
TUR.39.3_1,2058,10,albopictus,15.05954488585977,75.69483034939205,1.899406211873451e-4,0.009549501890899889,0.009477321343495038,0.009621858513705272,0,0,0,1,1,1,1.8381181501547772e-5,0,0,0
TUR.39.3_1,2058,11,albopictus,8.799193636897733,81.48279750058623,1.1017498138562612e-4,0,0,0,0,0,0,1,1,1,1.1017437446136924e-5,0,0,0
TUR.39.3_1,2058,12,albopictus,1.2607093424919773,75.42766551988409,9.062065205844715e-5,0,0,0,0,0,0,1,1,1,8.769702067756846e-6,0,0,0
TUR.39.3_1,2059,1,albopictus,-1.105582438299761,82.89332262981453,8.712224584566675e-5,0,0,0,0,0,0,1,1,1,8.431149539522842e-6,0,0,0
TUR.39.3_1,2059,2,albopictus,1.2534052628804657,74.45046921834034,6.517007643775967e-5,0,0,0,0,0,0,1,1,1,6.982483812145723e-6,0,0,0
TUR.39.3_1,2059,3,albopictus,5.333993579754058,68.51431748726547,8.000170299083203e-5,0,0,0,0,0,0,1,1,1,7.742070319505245e-6,0,0,0
TUR.39.3_1,2059,4,albopictus,12.985699990216425,63.130287696421206,1.0578753780024316e-4,7.700870699810325e-4,7.571786107710584e-4,7.833261006650937e-4,0,0,0,1,1,1,1.0578697825169847e-5,0,0,0
TUR.39.3_1,2059,5,albopictus,19.149256650139304,42.898740514768605,1.478630058508867e-4,0.04446342969840244,0.044195990109122354,0.04470207116832931,0,0,0,1,1,1,1.4309220768948805e-5,0,0,0
TUR.39.3_1,2059,6,albopictus,21.634582800023693,46.51094026558882,1.663119973218194e-4,0.08657973235719953,0.08616100451827904,0.08696364865979861,1.6210530584537252e-11,1.410601635498665e-11,1.832789475741947e-11,0.9999999999837895,0.9999999999816721,0.999999999985894,1.6631061434568828e-5,2.6959833003839597e-16,2.345980245968156e-16,3.048123436769551e-16
TUR.39.3_1,2059,7,albopictus,20.462558521943933,67.25440904300652,1.953058771498861e-4,0.0920230349320655,0.091678334378825,0.09234804686619555,9.03701730115003e-11,8.119894201463751e-11,9.966115710469126e-11,0.9999999999096298,0.9999999999003388,0.9999999999188011,1.890039014185163e-5,1.7080315271039865e-15,1.5346916831822369e-15,1.8836347512670334e-15
TUR.39.3_1,2059,8,albopictus,24.81008815765381,45.177774270883994,2.319134180396045e-4,0.12822758133927933,0.12761993812818412,0.12883995009840446,9.06598848897322e-7,7.949815539698424e-7,1.0299194279944632e-6,0.9999990934011511,0.999998970080572,0.999999205018446,2.244298215636764e-5,2.034678178878604e-11,1.7841756830386592e-11,2.3114463344976107e-11
TUR.39.3_1,2059,9,albopictus,19.578369926003848,53.60506288329468,1.848461932108068e-4,0.05924080987882533,0.05895939030821939,0.05951373939172649,3.339550858072471e-16,3.3306690738754696e-16,3.3306690738754696e-16,0.9999999999999997,0.9999999999999997,0.9999999999999997,1.848444848151498e-5,6.1729755787439735e-21,6.156558090502633e-21,6.156558090502633e-21
TUR.39.3_1,2059,10,albopictus,16.05041631530313,42.76643984646236,1.8215820897353444e-4,0.01167812448173762,0.011579390126297474,0.011779484364280836,0,0,0,1,1,1,1.7628058395557922e-5,0,0,0
TUR.39.3_1,2059,11,albopictus,7.2707321805989045,73.26407038876982,1.0566079629224293e-4,0,0,0,0,0,0,1,1,1,1.0566023808444847e-5,0,0,0
TUR.39.3_1,2059,12,albopictus,4.908521634471767,84.19391613023565,8.690766394145276e-5,0,0,0,0,0,0,1,1,1,8.410383723678194e-6,0,0,0
TUR.39.3_1,2060,1,albopictus,3.245902575662031,82.00755755413094,9.016521156997092e-5,0,0,0,0,0,0,1,1,1,8.725627567263139e-6,0,0,0
TUR.39.3_1,2060,2,albopictus,1.451445837669513,69.27051468953175,6.985510356213341e-5,0,0,0,0,0,0,1,1,1,7.226363913370726e-6,0,0,0
TUR.39.3_1,2060,3,albopictus,5.20065226734561,72.31052872994125,8.279596566994513e-5,0,0,0,0,0,0,1,1,1,8.012480706698355e-6,0,0,0
TUR.39.3_1,2060,4,albopictus,10.095120766583612,62.75524954944855,1.094824362553968e-4,0,0,0,0,0,0,1,1,1,1.0948183693737512e-5,0,0,0
TUR.39.3_1,2060,5,albopictus,16.411550465752097,49.21880124474907,1.5302749689825808e-4,0.015741543607626175,0.01562835757033387,0.01585314024728504,0,0,0,1,1,1,1.4809002948701355e-5,0,0,0
TUR.39.3_1,2060,6,albopictus,22.968210500829358,39.192447376184525,1.7212086625625162e-4,0.09486852838390326,0.09441913220641673,0.0953234873100587,2.1298526631241544e-10,1.8596252038260986e-10,2.430788154095254e-10,0.9999999997870147,0.9999999997569212,0.9999999998140375,1.7211938498462587e-5,3.66588930484797e-15,3.200775463844576e-15,4.18385762110789e-15
TUR.39.3_1,2060,7,albopictus,24.437198414522058,41.78894349735222,2.0212743098098286e-4,0.11667359620383086,0.11612537926540532,0.11721583263457647,6.809150452313783e-8,5.965103076210899e-8,7.720572266223247e-8,0.9999999319084955,0.9999999227942774,0.9999999403489692,1.9560527817596984e-5,1.3319057683668685e-12,1.1668056465705662e-12,1.510184685812276e-12
TUR.39.3_1,2060,8,albopictus,26.691821098327637,34.64531501185079,2.4001358321843684e-4,0.11055687086457426,0.10986634659371354,0.11119305082818498,1.535061563173734e-8,1.2854728864697407e-8,1.7939024887780874e-8,0.9999999846493843,0.9999999820609751,0.9999999871452712,2.3226851209146027e-5,3.5654646524715437e-13,2.985748746742413e-13,4.1666706190565387e-13
TUR.39.3_1,2060,9,albopictus,21.847830604104434,35.6639427355896,1.9130241601301738e-4,0.07520532174788305,0.07481561424244346,0.07557742855446564,3.0038727061310057e-13,2.5845992013273644e-13,3.4461600240121016e-13,0.9999999999996996,0.9999999999996554,0.9999999999997415,1.9130058619420964e-5,5.746426095356482e-18,4.944353422910109e-18,6.592524327125666e-18
TUR.39.3_1,2060,10,albopictus,13.215714777217192,49.79826968044674,1.8852054709885116e-4,8.806511636784358e-4,8.656541951457329e-4,8.963423638596871e-4,0,0,0,1,1,1,1.82437574933747e-5,0,0,0
TUR.39.3_1,2060,11,albopictus,9.796418444636991,77.21489894101592,1.0935126797830966e-4,0,0,0,0,0,0,1,1,1,1.0935067009554267e-5,0,0,0
TUR.39.3_1,2060,12,albopictus,3.8331885160330463,81.70582561509893,8.994313484772002e-5,0,0,0,0,0,0,1,1,1,8.70413645892576e-6,0,0,0
TUR.39.3_1,2061,1,albopictus,0.6085425988935373,62.08404223430672,8.413451907438958e-5,0,0,0,0,0,0,1,1,1,8.142017086654185e-6,0,0,0
TUR.39.3_1,2061,2,albopictus,-0.20311627799973764,75.64863511189503,6.29351663964805e-5,0,0,0,0,0,0,1,1,1,6.743030808165074e-6,0,0,0
TUR.39.3_1,2061,3,albopictus,5.43185630024356,78.87737748482407,7.725816455867438e-5,0,0,0,0,0,0,1,1,1,7.476568620545798e-6,0,0,0
TUR.39.3_1,2061,4,albopictus,11.130277970257929,55.00423102527863,1.0215971283217272e-4,2.0685038928849694e-7,1.8745173187601374e-7,2.262726604749682e-7,0,0,0,1,1,1,1.0215919100331483e-5,0,0,0
TUR.39.3_1,2061,5,albopictus,16.25013059728286,45.253144964231495,1.4279226580310615e-4,0.01359820860287049,0.01349569807084365,0.013702451201873194,0,0,0,1,1,1,1.3818510891550062e-5,0,0,0
TUR.39.3_1,2061,6,albopictus,21.83852033054127,39.91502351754195,1.6060857677796425e-4,0.08062541452373828,0.0802266555454889,0.08102547339257916,2.161324674787579e-12,1.873695643084261e-12,2.4806906528951345e-12,0.9999999999978387,0.9999999999975193,0.9999999999981263,1.606072870286024e-5,3.471244924056094e-17,3.009291739530756e-17,3.9841699571869995e-17
TUR.39.3_1,2061,7,albopictus,25.010358586030847,45.39962693851433,1.8860815497704215e-4,0.1306682532182868,0.13004398872172143,0.13128014782740738,1.5129907710016433e-6,1.3260027103084716e-6,1.7137853876164622e-6,0.999998487009229,0.9999982862146124,0.9999986739972897,1.825223552043287e-5,2.7615463892563306e-11,2.4202513769282536e-11,3.1280414526252e-11
TUR.39.3_1,2061,8,albopictus,27.400370597839355,35.71249564539571,2.239602951492379e-4,0.11201349687999379,0.11129268258452453,0.11273452170129952,2.2088224860605798e-8,1.8390405812085395e-8,2.627807146882155e-8,0.9999999779117751,0.9999999737219286,0.9999999816095941,2.1673342079697733e-5,4.787256533371933e-13,3.9858155614978825e-13,5.695336321385145e-13
TUR.39.3_1,2061,9,albopictus,19.06712801316205,66.54387132445679,1.7850717021313385e-4,0.06098730161894997,0.06072039124489795,0.06124549904649986,7.673861546209082e-16,6.661338147750939e-16,8.881784197001252e-16,0.9999999999999992,0.9999999999999991,0.9999999999999993,1.785055769820687e-5,1.369827082986562e-20,1.1890860095369462e-20,1.5854480127159283e-20
TUR.39.3_1,2061,10,albopictus,12.867227876887602,46.08804552883541,1.7591136636433191e-4,4.461980290521274e-4,4.3720738343983387e-4,4.554628588503934e-4,0,0,0,1,1,1,1.7023535713867055e-5,0,0,0
TUR.39.3_1,2061,11,albopictus,9.690350787166288,77.11110865781279,1.0203731773412563e-4,0,0,0,0,0,0,1,1,1,1.020367971549252e-5,0,0,0
TUR.39.3_1,2061,12,albopictus,4.695873481166713,78.95947246568487,8.392729593478995e-5,0,0,0,0,0,0,1,1,1,8.121963397500487e-6,0,0,0
TUR.39.3_1,2062,1,albopictus,0.6001699344419382,81.092777891045,9.074240506872264e-5,0,0,0,0,0,0,1,1,1,8.781484513664672e-6,0,0,0
TUR.39.3_1,2062,2,albopictus,3.8385811049272034,70.55318375691456,6.787806509201621e-5,0,0,0,0,0,0,1,1,1,7.272623385623511e-6,0,0,0
TUR.39.3_1,2062,3,albopictus,5.779544498333159,73.32382676460922,8.332598486776488e-5,0,0,0,0,0,0,1,1,1,8.06377247486445e-6,0,0,0
TUR.39.3_1,2062,4,albopictus,11.563617089215448,48.660587836802065,1.1018328916012356e-4,6.200592848178586e-6,5.891501552657071e-6,6.503051965598958e-6,0,0,0,1,1,1,1.1018268214479932e-5,0,0,0
TUR.39.3_1,2062,5,albopictus,15.823498669792624,55.943731054319386,1.540071039418392e-4,0.012280809997045523,0.012188153751468884,0.012370110863733626,0,0,0,1,1,1,1.4903802221910567e-5,0,0,0
TUR.39.3_1,2062,6,albopictus,19.300854963414807,52.33150453560835,1.732226996937025e-4,0.05354522655410698,0.05330598920772991,0.05380981439772085,0,0,0,1,1,1,1.7322119939766623e-5,0,0,0
TUR.39.3_1,2062,7,albopictus,24.537732853608972,41.74471971195183,2.0342135174099878e-4,0.11756162420255849,0.11700398641377063,0.11815187748479433,8.39294772829735e-8,7.344741451975612e-8,9.613623379312042e-8,0.9999999160705227,0.9999999038637661,0.9999999265525855,1.9685743498421004e-5,1.652214161749169e-12,1.4458669628581214e-12,1.8925132393556022e-12
TUR.39.3_1,2062,8,albopictus,25.488947868347168,38.298379739633994,2.4155003255885992e-4,0.11655635916534669,0.11591683731593175,0.11718933003578073,6.625239803126349e-8,5.676209069715999e-8,7.672564794336534e-8,0.999999933747602,0.999999923274352,0.9999999432379093,2.33755363903132e-5,1.5486853411253142e-12,1.3268443166817216e-12,1.7935031755704957e-12
TUR.39.3_1,2062,9,albopictus,19.672573874978458,60.32276384154663,1.9252704033203788e-4,0.0671518525902173,0.06684065365207985,0.0674423697439475,1.1968093183156726e-14,1.0436096431476471e-14,1.354472090042691e-14,0.999999999999988,0.9999999999999865,0.9999999999999896,1.9252518701051713e-5,2.3041593782465436e-19,2.0092114171297981e-19,2.607699924359951e-19
TUR.39.3_1,2062,10,albopictus,14.098779047236723,68.00204317898189,1.8972736325634592e-4,0.0036649711573923825,0.003626699680701788,0.003703130847661122,0,0,0,1,1,1,1.836054401638254e-5,0,0,0
TUR.39.3_1,2062,11,albopictus,8.58916212749832,78.19657313535185,1.1005128120800589e-4,0,0,0,0,0,0,1,1,1,1.1005067564573423e-5,0,0,0
TUR.39.3_1,2062,12,albopictus,4.950824242961757,80.90559368150518,9.051890672012524e-5,0,0,0,0,0,0,1,1,1,8.759855830930974e-6,0,0,0
TUR.39.3_1,2063,1,albopictus,4.756161250283613,80.27681414592782,9.926478227357554e-5,0,0,0,0,0,0,1,1,1,9.606223112190726e-6,0,0,0
TUR.39.3_1,2063,2,albopictus,4.421740790062091,74.27089615925831,7.4253061150492e-5,0,0,0,0,0,0,1,1,1,7.955653476887647e-6,0,0,0
TUR.39.3_1,2063,3,albopictus,6.324669982799712,74.55773637154282,9.115182410435052e-5,0,0,0,0,0,0,1,1,1,8.82110536193359e-6,0,0,0
TUR.39.3_1,2063,4,albopictus,14.431875565472772,42.864262153208315,1.205315221740358e-4,0.003458078245930077,0.003416620152091852,0.003497709150523168,0,0,0,1,1,1,1.2053079578411285e-5,0,0,0
TUR.39.3_1,2063,5,albopictus,16.26756185643813,40.08209393884087,1.6847119744944824e-4,0.012736502461327131,0.01264275748614016,0.012835926586784552,0,0,0,1,1,1,1.63035313652804e-5,0,0,0
TUR.39.3_1,2063,6,albopictus,21.155737203710217,39.691558551721634,1.894914903006371e-4,0.07049981298885874,0.07015374862991366,0.07083928194257569,4.785527529804767e-14,4.1516790005857734e-14,5.473954622914334e-14,0.9999999999999521,0.9999999999999453,0.9999999999999585,1.894896949605762e-5,9.068081518481451e-19,7.86700387395228e-19,1.0372579917240731e-18
TUR.39.3_1,2063,7,albopictus,26.936361088472253,28.268065659217456,2.2252635000222964e-4,0.09535136794262321,0.09472008271621217,0.09604322583035244,2.463585603296181e-10,2.0336002604093294e-10,3.0025368025210493e-10,0.9999999997536414,0.9999999996997463,0.9999999997966399,2.1534576192472343e-5,5.305227188085956e-15,4.379271975281631e-15,6.465835754459183e-15
TUR.39.3_1,2063,8,albopictus,26.55073642730713,36.693136056772666,2.642360137134487e-4,0.1156391508979477,0.11500517021280186,0.11631433386153656,5.329396736630798e-8,4.563481090513743e-8,6.239002451335906e-8,0.9999999467060326,0.9999999376099755,0.9999999543651891,2.5570900192506407e-5,1.362774720386555e-12,1.1669231949591725e-12,1.5953690898391329e-12
TUR.39.3_1,2063,9,albopictus,21.856932471780215,32.49775926390991,2.1060886281184678e-4,0.07138344980331249,0.07100008662541923,0.07174648270268659,6.822620246538236e-14,5.839495553772166e-14,7.860656570102264e-14,0.9999999999999317,0.9999999999999214,0.9999999999999416,2.1060664502248194e-5,1.4368891603858764e-18,1.2298365672036565e-18,1.655506507903168e-18
TUR.39.3_1,2063,10,albopictus,14.23602136443643,44.229170254177205,2.0754624467709035e-4,0.002910371916441201,0.0028741765017038135,0.0029455376067059644,0,0,0,1,1,1,2.0084918747942382e-5,0,0,0
TUR.39.3_1,2063,11,albopictus,8.358047263148954,79.28714167783232,1.2038711625251083e-4,0,0,0,0,0,0,1,1,1,1.2038639160216746e-5,0,0,0
TUR.39.3_1,2063,12,albopictus,5.0691859544638325,80.27982311265752,9.902029332824482e-5,0,0,0,0,0,0,1,1,1,9.582563118670784e-6,0,0,0
TUR.39.3_1,2064,1,albopictus,3.0276431218885325,79.87252490032235,8.988311045375024e-5,0,0,0,0,0,0,1,1,1,8.698327697120867e-6,0,0,0
TUR.39.3_1,2064,2,albopictus,-0.7916425269316224,69.81671067341847,6.963654695537277e-5,0,0,0,0,0,0,1,1,1,7.203754772366899e-6,0,0,0
TUR.39.3_1,2064,3,albopictus,6.814259673961821,73.31712052681625,8.253692081298348e-5,0,0,0,0,0,0,1,1,1,7.987412050103337e-6,0,0,0
TUR.39.3_1,2064,4,albopictus,11.083588936749628,65.68386130481964,1.0913989707718794e-4,1.8975004505714864e-7,1.7243197857207575e-7,2.0791860348618321e-7,0,0,0,1,1,1,1.0913930150402429e-5,0,0,0
TUR.39.3_1,2064,5,albopictus,17.560059491325827,56.64551709557915,1.5254871770020834e-4,0.030365421031109105,0.030195148026093282,0.03054262299919996,0,0,0,1,1,1,1.4762670162982161e-5,0,0,0
TUR.39.3_1,2064,6,albopictus,20.24460057651295,54.192413043909134,1.7158234937540256e-4,0.07164979783761147,0.0713266255716582,0.07197860435825919,7.579181726669049e-14,6.649958361748532e-14,8.615885782603527e-14,0.9999999999999242,0.9999999999999138,0.9999999999999335,1.7158087735835714e-5,1.3004426503203037e-18,1.1410056901053564e-18,1.4783212417985087e-18
TUR.39.3_1,2064,7,albopictus,23.644614948945886,49.596949783973315,2.014950321554746e-4,0.12429434239954681,0.12377356683732295,0.12479103840024017,3.872957119025466e-7,3.446793432171358e-7,4.3120978401312014e-7,0.999999612704288,0.999999568790216,0.9999996553206568,1.9499329126482223e-5,7.552006555662995e-12,6.721015956490659e-12,8.408301501031142e-12
TUR.39.3_1,2064,8,albopictus,27.104331016540527,33.07237990748067,2.3926264947630833e-4,0.10614825768029752,0.10542265334058566,0.10681941116109249,4.953148887043568e-9,4.073536355453378e-9,5.87869319335077e-9,0.9999999950468511,0.9999999941213068,0.9999999959264637,2.315418188714169e-5,1.146861102447002e-13,9.431940169805177e-14,1.3611633145754555e-13
TUR.39.3_1,2064,9,albopictus,20.42666513779584,51.5987571887146,1.9070388555816336e-4,0.07211153695305433,0.0717869355979291,0.07244322984227336,9.098999331769165e-14,7.982503547054876e-14,1.0348388812531083e-13,0.999999999999909,0.9999999999998965,0.9999999999999202,1.9070206717097804e-5,1.7351979817557273e-18,1.5222799276230293e-18,1.9734591384387e-18
TUR.39.3_1,2064,10,albopictus,15.439786279902739,66.27046053738033,1.8793072031487196e-4,0.011028933754279453,0.010947027084144599,0.011108128297174362,0,0,0,1,1,1,1.8186678521825428e-5,0,0,0
TUR.39.3_1,2064,11,albopictus,8.872543589595487,76.45295130917998,1.0900913918806236e-4,0,0,0,0,0,0,1,1,1,1.0900854504058977e-5,0,0,0
TUR.39.3_1,2064,12,albopictus,2.568983060253017,76.00962047593877,8.96617285459421e-5,0,0,0,0,0,0,1,1,1,8.676903827664617e-6,0,0,0
TUR.39.3_1,2065,1,albopictus,2.6683345214628122,83.82110278118172,9.346724803736355e-5,0,0,0,0,0,0,1,1,1,9.045176644129072e-6,0,0,0
TUR.39.3_1,2065,2,albopictus,5.391113539390704,73.17478867634816,6.991633009337753e-5,0,0,0,0,0,0,1,1,1,7.491007309456954e-6,0,0,0
TUR.39.3_1,2065,3,albopictus,6.087661411174956,72.45496842720688,8.582812511630748e-5,0,0,0,0,0,0,1,1,1,8.305913097639284e-6,0,0,0
TUR.39.3_1,2065,4,albopictus,10.016270020428827,71.65623526722199,1.1349190942980136e-4,0,0,0,0,0,0,1,1,1,1.134912654110476e-5,0,0,0
TUR.39.3_1,2065,5,albopictus,14.587486210991354,64.48679517175103,1.5863168022432647e-4,0.005549600370269944,0.00549700378151944,0.005602008876014006,0,0,0,1,1,1,1.535133509200648e-5,0,0,0
TUR.39.3_1,2065,6,albopictus,21.106684011571545,55.25459260933882,1.7842428824441277e-4,0.08933914409263399,0.08896391246577752,0.08971014625420404,3.92689813999425e-11,3.481502308666506e-11,4.4059658699246995e-11,0.999999999960731,0.9999999999559404,0.999999999965185,1.784226964929303e-5,7.006477549908466e-16,6.211790297586402e-16,7.861243111677843e-16
TUR.39.3_1,2065,7,albopictus,26.500993504243738,30.300555435828784,2.0952975540897633e-4,0.10039372455119318,0.09975713945264529,0.10103676151321454,1.0439355444535892e-9,8.700200004874148e-10,1.2430173251809506e-9,0.9999999989560645,0.9999999987569826,0.9999999991299799,2.0276867525592657e-5,2.116774274014287e-14,1.7641280294499372e-14,2.5204497634710663e-14
TUR.39.3_1,2065,8,albopictus,26.09110927581787,35.023004373423056,2.4880337687229885e-4,0.11093028513663547,0.11029375332480475,0.11158188835690776,1.6855449675223787e-8,1.431856337108517e-8,1.976327339836548e-8,0.9999999831445503,0.9999999802367266,0.9999999856814366,2.4077456282300957e-5,4.0583635267372464e-13,3.4475458359265894e-13,4.758493512443062e-13
TUR.39.3_1,2065,9,albopictus,21.890374015359317,40.11837617675171,1.9830830601179027e-4,0.0816492821597918,0.08126224217513575,0.0820535005429402,3.089899558439413e-12,2.6944613207291467e-12,3.5448421975559084e-12,0.9999999999969101,0.9999999999964552,0.9999999999973056,1.98306339715959e-5,6.12746671524078e-17,5.343287620200258e-17,7.029646810679887e-17
TUR.39.3_1,2065,10,albopictus,12.125799501643462,72.89539950222408,1.9542455930637685e-4,1.3288846305597475e-4,1.296878227350081e-4,1.363681898573793e-4,0,0,0,1,1,1,1.8911875294680414e-5,0,0,0
TUR.39.3_1,2065,11,albopictus,8.314047591212919,77.8107699126956,1.1335593749921234e-4,0,0,0,0,0,0,1,1,1,1.1335529502276565e-5,0,0,0
TUR.39.3_1,2065,12,albopictus,5.543576461208217,87.217315483263,9.323703840639252e-5,0,0,0,0,0,0,1,1,1,9.022898494026599e-6,0,0,0
TUR.39.3_1,2066,1,albopictus,4.5269260780118845,70.36125628459969,9.122857088681806e-5,0,0,0,0,0,0,1,1,1,8.828532404470124e-6,0,0,0
TUR.39.3_1,2066,2,albopictus,3.3066761690904114,65.00424882039113,6.82417318365906e-5,0,0,0,0,0,0,1,1,1,7.31158739553095e-6,0,0,0
TUR.39.3_1,2066,3,albopictus,4.996766712078276,72.32261369087875,8.377241612083959e-5,0,0,0,0,0,0,1,1,1,8.106975149968498e-6,0,0,0
TUR.39.3_1,2066,4,albopictus,8.988985875073602,78.57563834339386,1.1077361238193375e-4,0,0,0,0,0,0,1,1,1,1.1077299884476588e-5,0,0,0
TUR.39.3_1,2066,5,albopictus,14.374454442192526,63.792329534543995,1.5483221971459928e-4,0.004522566270978736,0.004477546824117747,0.004568371482662099,0,0,0,1,1,1,1.498365094221299e-5,0,0,0
TUR.39.3_1,2066,6,albopictus,21.249052328221936,42.25041551583296,1.7415076585467217e-4,0.07490967521658973,0.07453978054501233,0.07527584323298955,2.6849844569909463e-13,2.3269441928874814e-13,3.0764557568119245e-13,0.9999999999997315,0.9999999999996924,0.9999999999997673,1.741492494389263e-5,4.675880279401564e-18,4.05235584677623e-18,5.357624609808606e-18
TUR.39.3_1,2066,7,albopictus,24.632629170137292,40.93443605106316,2.0451121163409222e-4,0.11661341292052185,0.11599741234560838,0.11719606585225599,6.712989504564782e-8,5.786201629220944e-8,7.684739262714401e-8,0.9999999328701049,0.9999999231526073,0.9999999421379836,1.9791211728903413e-5,1.3285819661874802e-12,1.1451594155003757e-12,1.5209030182979783e-12
TUR.39.3_1,2066,8,albopictus,25.214953422546387,48.76086600672384,2.4284417248275782e-4,0.14145473604536346,0.14080907560664566,0.14212320638000708,1.2743383098546057e-5,1.1263040963704895e-5,1.441799525262466e-5,0.9999872566169015,0.9999855820047474,0.9999887369590363,2.3500772802442782e-5,2.994793509334202e-10,2.6469016675263494e-10,3.3883403069863077e-10
TUR.39.3_1,2066,9,albopictus,20.189303229836856,53.86710206786499,1.9355853234503473e-4,0.07031073260830557,0.07001626368109923,0.07062209698490328,4.430900091279e-14,3.9190872769268026e-14,5.0182080713057076e-14,0.9999999999999557,0.9999999999999498,0.9999999999999608,1.9355665911158226e-5,8.576302185251681e-19,7.585654400886603e-19,9.713075890087095e-19
TUR.39.3_1,2066,10,albopictus,13.461046541438384,69.14514010281002,1.9074385558650567e-4,0.0017611623102020742,0.0017385227042124205,0.0017845042443009474,0,0,0,1,1,1,1.845891243090758e-5,0,0,0
TUR.39.3_1,2066,11,albopictus,9.757081286433866,79.78676783750029,1.1064089717774373e-4,0,0,0,0,0,0,1,1,1,1.106402851092092e-5,0,0,0
TUR.39.3_1,2066,12,albopictus,4.196112138164394,80.68688182847784,9.100387511285589e-5,0,0,0,0,0,0,1,1,1,8.806787843873565e-6,0,0,0
TUR.39.3_1,2067,1,albopictus,5.381303586175337,82.65573565471688,9.461785290416894e-5,0,0,0,0,0,0,1,1,1,9.156524488851403e-6,0,0,0
TUR.39.3_1,2067,2,albopictus,3.2032435137559387,78.59918137654347,7.077701735403652e-5,0,0,0,0,0,0,1,1,1,7.58322310656645e-6,0,0,0
TUR.39.3_1,2067,3,albopictus,7.198743011364165,71.80935380318344,8.688469049660121e-5,0,0,0,0,0,0,1,1,1,8.408160505735118e-6,0,0,0
TUR.39.3_1,2067,4,albopictus,8.896150925580194,56.789494086802065,1.1488902281523843e-4,0,0,0,0,0,0,1,1,1,1.1488836284323511e-5,0,0,0
TUR.39.3_1,2067,5,albopictus,13.892891827751608,65.87553571130181,1.6058447531702743e-4,0.002842484224186913,0.002810133935786369,0.0028739970042343014,0,0,0,1,1,1,1.5540312343298446e-5,0,0,0
TUR.39.3_1,2067,6,albopictus,22.138847631566662,35.34474534981734,1.8062073522152116e-4,0.07853755666500269,0.07811445058509574,0.07897491451718368,1.0282761309099443e-12,8.795963957197728e-13,1.1999706783782926e-12,0.9999999999989717,0.9999999999988,0.9999999999991204,1.8061910403877057e-5,1.8572631346940768e-17,1.5887191291063727e-17,2.1673762880148295e-17
TUR.39.3_1,2067,7,albopictus,25.24329735251034,29.273444382361987,2.1210911835563905e-4,0.09578349772791389,0.0951744789451644,0.09631877393548888,2.7931641333189814e-10,2.3262790027622772e-10,3.254001262886774e-10,0.9999999997206835,0.9999999996745998,0.9999999997673721,2.052647820205422e-5,5.7333822697331746e-15,4.775031524209631e-15,6.679318599210228e-15
TUR.39.3_1,2067,8,albopictus,26.66023540496826,30.904739221445517,2.5186620778171474e-4,0.1017013901747785,0.10104697517610188,0.10231678858277468,1.499306725216698e-9,1.2465376508785653e-9,1.7675844704578834e-9,0.9999999985006933,0.9999999982324155,0.9999999987534623,2.4373852092973713e-5,3.654388036243258e-14,3.038292433083706e-14,4.308284244477772e-14
TUR.39.3_1,2067,9,albopictus,22.711937736062442,30.74562684813843,2.007495301498315e-4,0.0788822014834058,0.07842046238451696,0.07930641927330097,1.1642282693458128e-12,9.827333391498884e-13,1.351257994386401e-12,0.9999999999988358,0.9999999999986487,0.9999999999990172,2.0074751514442823e-5,2.3371593213207004e-17,1.9728127588392672e-17,2.712616846921138e-17
TUR.39.3_1,2067,10,albopictus,16.531723345027252,50.04701845974361,1.97830283811514e-4,0.016993693020711107,0.016868301502498257,0.017110580091509793,0,0,0,1,1,1,1.9144682913529998e-5,0,0,0
TUR.39.3_1,2067,11,albopictus,9.3469851179158,75.13247859189482,1.1475137703666124e-4,0,0,0,0,0,0,1,1,1,1.1475071864497366e-5,0,0,0
TUR.39.3_1,2067,12,albopictus,4.471730214488857,78.92366008775518,9.438480933588463e-5,0,0,0,0,0,0,1,1,1,9.133972091679432e-6,0,0,0
TUR.39.3_1,2068,1,albopictus,1.7891236619256876,80.76733080852547,9.079215426469441e-5,0,0,0,0,0,0,1,1,1,8.786298909768675e-6,0,0,0
TUR.39.3_1,2068,2,albopictus,4.918709536247394,83.78784104451222,7.034082467457649e-5,0,0,0,0,0,0,1,1,1,7.276610560658092e-6,0,0,0
TUR.39.3_1,2068,3,albopictus,5.498428489574614,74.13030717232407,8.337166803813695e-5,0,0,0,0,0,0,1,1,1,8.068193391164158e-6,0,0,0
TUR.39.3_1,2068,4,albopictus,9.802583077374628,68.0052114024759,1.1024369675061103e-4,0,0,0,0,0,0,1,1,1,1.1024308906870672e-5,0,0,0
TUR.39.3_1,2068,5,albopictus,15.151178303886862,70.39827130700493,1.5409153778056368e-4,0.0095048209442309,0.009432750465832467,0.009578690323867772,0,0,0,1,1,1,1.491197311676018e-5,0,0,0
TUR.39.3_1,2068,6,albopictus,21.296375555150647,44.8010479926396,1.733176684134239e-4,0.07880875276059944,0.07844526283412165,0.07919729760880549,1.1327997428978164e-12,9.91523529947358e-13,1.299482743633007e-12,0.9999999999988672,0.9999999999987006,0.9999999999990085,1.7331616647187076e-5,1.9633250881937036e-17,1.718470571771332e-17,2.2522136752282158e-17
TUR.39.3_1,2068,7,albopictus,25.474950566011316,37.158297745399096,2.0353287676267898e-4,0.11380767475695171,0.11318897928273598,0.11441986414818946,3.425817804492137e-8,2.937617012421789e-8,3.9629132089769034e-8,0.9999999657418219,0.9999999603708679,0.9999999706238298,1.9696536029956135e-5,6.74767438182446e-13,5.786087932737787e-13,7.805566280420266e-13
TUR.39.3_1,2068,8,albopictus,24.426899909973145,40.16677268396993,2.4168246149214258e-4,0.11302278212071785,0.11244380882855541,0.1135908118283351,2.8268509046580627e-8,2.446346133722077e-8,3.240507376600643e-8,0.9999999717314909,0.9999999675949262,0.9999999755365386,2.3388351793940387e-5,6.61153834271614e-13,5.721600398523788e-13,7.579012651479471e-13
TUR.39.3_1,2068,9,albopictus,22.366648505715762,37.28990403930054,1.9263259258681982e-4,0.08417441159960114,0.08373108314875337,0.08456308144596597,7.314462258101173e-12,6.284622822150255e-12,8.311690224971358e-12,0.9999999999926855,0.9999999999916883,0.9999999999937154,1.926307372324132e-5,1.4089902572366908e-16,1.2106115274584528e-16,1.601087015683675e-16
TUR.39.3_1,2068,10,albopictus,12.04766687224893,61.17394869656002,1.898313805982788e-4,7.808614211111457e-5,7.577995973929354e-5,8.041073901371802e-5,0,0,0,1,1,1,1.837061002585294e-5,0,0,0
TUR.39.3_1,2068,11,albopictus,8.788262621883085,77.22155177304717,1.101116164256102e-4,0,0,0,0,0,0,1,1,1,1.1011101019975378e-5,0,0,0
TUR.39.3_1,2068,12,albopictus,5.454644423854702,83.11052684800909,9.056853338393426e-5,0,0,0,0,0,0,1,1,1,8.764658369297962e-6,0,0,0
TUR.39.3_1,2069,1,albopictus,4.555774249246015,85.97359148967782,9.609853681022695e-5,0,0,0,0,0,0,1,1,1,9.29981515740419e-6,0,0,0
TUR.39.3_1,2069,2,albopictus,2.4026547867585633,74.6790458784966,7.188461372510461e-5,0,0,0,0,0,0,1,1,1,7.701893239397961e-6,0,0,0
TUR.39.3_1,2069,3,albopictus,8.301117565044585,62.4465989814061,8.824435739827408e-5,0,0,0,0,0,0,1,1,1,8.539740058655099e-6,0,0,0
TUR.39.3_1,2069,4,albopictus,10.245132782879999,69.95054679065949,1.1668693221440383e-4,0,0,0,0,0,0,1,1,1,1.1668625142458033e-5,0,0,0
TUR.39.3_1,2069,5,albopictus,12.821155491997214,65.76513837243462,1.6309747725975295e-4,6.01037938475499e-4,5.895109957610777e-4,6.112102677350265e-4,0,0,0,1,1,1,1.5783502270827476e-5,0,0,0
TUR.39.3_1,2069,6,albopictus,22.009880346410412,43.26124544137007,1.8344728652800395e-4,0.0878660701852937,0.0874545743497622,0.0882919497323052,2.458293346663254e-11,2.14842726942166e-11,2.8112309702343906e-11,0.9999999999754171,0.9999999999718877,0.9999999999785157,1.8344560389293996e-5,4.50963107524637e-16,3.941195378591164e-16,5.157079630171832e-16
TUR.39.3_1,2069,7,albopictus,26.541436924653894,33.34579393070183,2.1542843440686506e-4,0.10742210092962409,0.10676572252883383,0.10811650950141703,6.9033398407691845e-9,5.796945451441715e-9,8.226329265004218e-9,0.9999999930966602,0.9999999917736707,0.9999999942030545,2.0847695690884294e-5,1.439187282511136e-13,1.2085295470831275e-13,1.7150000916982377e-13
TUR.39.3_1,2069,8,albopictus,26.206686973571777,39.81736548792501,2.558076863599696e-4,0.12314839671862443,0.12244147620442292,0.12380239749728257,3.009334256093288e-7,2.562465557631732e-7,3.468840095638415e-7,0.9999996990665744,0.9999996531159904,0.9999997437534442,2.4755276134103e-5,7.449690048940477e-12,6.343454246330176e-12,8.58720944325772e-12
TUR.39.3_1,2069,9,albopictus,23.165247748879825,41.49903337279663,2.038910789095843e-4,0.10142906285169558,0.10095886602018828,0.10191530028710635,1.3884076968118109e-9,1.216480560728428e-9,1.5835934508157123e-9,0.9999999986115923,0.9999999984164065,0.9999999987835195,2.03889000345292e-5,2.8308105737466938e-14,2.4802700546639945e-14,3.228772856401669e-14
TUR.39.3_1,2069,10,albopictus,14.880514467463774,52.49758379787838,2.00926149003755e-4,0.005961015448459256,0.005901117521674499,0.006020988351653976,0,0,0,1,1,1,1.9444276990188136e-5,0,0,0
TUR.39.3_1,2069,11,albopictus,9.48038126659744,70.73973262021514,1.1654713240376167e-4,0,0,0,0,0,0,1,1,1,1.1654645324488122e-5,0,0,0
TUR.39.3_1,2069,12,albopictus,5.4857909501913715,77.1661680223255,9.586184632066536e-5,0,0,0,0,0,0,1,1,1,9.276909838984437e-6,0,0,0
TUR.39.3_1,2070,1,albopictus,4.862348593881025,83.39820544231453,8.982379931202298e-5,0,0,0,0,0,0,1,1,1,8.69258795910266e-6,0,0,0
TUR.39.3_1,2070,2,albopictus,1.248076548032901,74.32901688679738,6.71909201866113e-5,0,0,0,0,0,0,1,1,1,7.199001249902359e-6,0,0,0
TUR.39.3_1,2070,3,albopictus,7.070691730388823,76.51222703316391,8.248245719925941e-5,0,0,0,0,0,0,1,1,1,7.982141419837774e-6,0,0,0
TUR.39.3_1,2070,4,albopictus,10.884471276227167,61.255150367319644,1.0906787896532059e-4,5.491878336169326e-9,4.5858396273013946e-9,6.585414456320635e-9,0,0,0,1,1,1,1.0906728417747757e-5,0,0,0
TUR.39.3_1,2070,5,albopictus,13.048664990593405,74.51555798913384,1.5244805542261077e-4,0.001048913140265305,0.0010322141537477687,0.0010660091482504028,0,0,0,1,1,1,1.4752928796046838e-5,0,0,0
TUR.39.3_1,2070,6,albopictus,20.437658590428967,48.89192171090132,1.7146912738085515e-4,0.069368983251576,0.06902782057257593,0.06968686041736245,3.0194957645335305e-14,2.6201263381153694e-14,3.430589146091734e-14,0.9999999999999698,0.9999999999999657,0.9999999999999738,1.7146765730613467e-5,5.177458649903605e-19,4.492669250427437e-19,5.882350840602026e-19
TUR.39.3_1,2070,7,albopictus,25.865737690645105,34.764315811805346,2.013620716877162e-4,0.10976568799879755,0.10912925672836826,0.11036723956900145,1.2568768007148457e-8,1.0661515362220265e-8,1.4585863511440421e-8,0.999999987431232,0.9999999854141365,0.9999999893384847,1.948646223526307e-5,2.4492082311508106e-13,2.0775521647658222e-13,2.842268784843854e-13
TUR.39.3_1,2070,8,albopictus,27.070630073547363,35.88895972620626,2.3910476730198784e-4,0.11327920302441873,0.11257886792985841,0.11397815258185647,3.0147850815898105e-8,2.529100057990785e-8,3.560702643568003e-8,0.9999999698521492,0.9999999643929736,0.9999999747089995,2.313890332061863e-5,6.975882053534997e-13,5.852060173001976e-13,8.239075422299121e-13
TUR.39.3_1,2070,9,albopictus,20.72178919175092,41.06989900390015,1.9057804584114444e-4,0.06565593596835617,0.06533600677008508,0.06597628267355586,6.300959753957613e-15,5.440092820663267e-15,7.216449660063518e-15,0.9999999999999937,0.9999999999999928,0.9999999999999946,1.9057622985263478e-5,1.2008131543624271e-19,1.0367523798103911e-19,1.375283769136233e-19
TUR.39.3_1,2070,10,albopictus,15.146803224787993,57.74903719753658,1.878067105255886e-4,0.007927745467058154,0.007855715439181675,0.0079989955654569,0,0,0,1,1,1,1.817467779263726e-5,0,0,0
TUR.39.3_1,2070,11,albopictus,7.381479994777371,57.683084365820605,1.0893720735936495e-4,0,0,0,0,0,0,1,1,1,1.0893661399613563e-5,0,0,0
TUR.39.3_1,2070,12,albopictus,1.450573596117251,75.10450725572393,8.96025634874294e-5,0,0,0,0,0,0,1,1,1,8.67117822644925e-6,0,0,0
TUR.39.3_1,2071,1,albopictus,2.846786476781263,79.49580065715828,9.532087164827873e-5,0,0,0,0,0,0,1,1,1,9.224557935616495e-6,0,0,0
TUR.39.3_1,2071,2,albopictus,3.629726906471393,79.39235612019581,7.130289664980184e-5,0,0,0,0,0,0,1,1,1,7.639566887984728e-6,0,0,0
TUR.39.3_1,2071,3,albopictus,8.442193176159087,60.57448289253891,8.75302511822485e-5,0,0,0,0,0,0,1,1,1,8.470633593216093e-6,0,0,0
TUR.39.3_1,2071,4,albopictus,12.076182702008417,58.0417981639505,1.157426580865162e-4,7.944628086389708e-5,7.702303047787398e-5,8.199213026801218e-5,0,0,0,1,1,1,1.1574198827135618e-5,0,0,0
TUR.39.3_1,2071,5,albopictus,15.177708569694968,58.03364728356743,1.6177763171083451e-4,0.008146786875575428,0.008068940326888279,0.008218211189606858,0,0,0,1,1,1,1.565577729001344e-5,0,0,0
TUR.39.3_1,2071,6,albopictus,19.5524704877068,53.47530336373335,1.8196276274104467e-4,0.05868641194335035,0.05840395793859915,0.05896490023139792,2.332578574737454e-16,2.220446049250313e-16,3.3306690738754696e-16,0.9999999999999998,0.9999999999999997,0.9999999999999998,1.819611072284566e-5,4.2443858015660235e-21,4.0403482166263904e-21,6.0605223249395856e-21
TUR.39.3_1,2071,7,albopictus,24.9473035475787,34.57022782962761,2.1368510725650373e-4,0.10512723698451809,0.10456532745862483,0.10571995795864499,3.77812448204562e-9,3.2437671715346283e-9,4.406282877456036e-9,0.9999999962218755,0.9999999955937171,0.9999999967562329,2.0678990114819662e-5,7.812779881677952e-14,6.707782927494112e-14,9.11174800660125e-14
TUR.39.3_1,2071,8,albopictus,26.426337242126465,37.73643287073751,2.537375952592739e-4,0.11818247001251149,0.11751294012318718,0.11884064338442933,9.713444343451006e-8,8.27887035537156e-8,1.1282977142035299e-7,0.9999999028655565,0.9999998871702285,0.9999999172112966,2.455494967645855e-5,2.3851313703852037e-12,2.0328724495407316e-12,2.7705293592330885e-12
TUR.39.3_1,2071,9,albopictus,22.98122293808881,45.59205095092163,2.0224111633821717e-4,0.1063553029511136,0.10586855053685838,0.10686874872437038,5.218271786788797e-9,4.582230478389348e-9,5.9547917541369346e-9,0.9999999947817282,0.9999999940452082,0.9999999954177695,2.022390712785871e-5,1.0553384398394196e-13,9.267060363338978e-14,1.2042915540140421e-13
TUR.39.3_1,2071,10,albopictus,17.306035364375397,47.488779476589315,1.9930017974978807e-4,0.02389496721491438,0.023740730408338566,0.024057163524026693,0,0,0,1,1,1,1.9286928174100382e-5,0,0,0
TUR.39.3_1,2071,11,albopictus,8.337557093623808,73.06897914121123,1.15603989588025e-4,0,0,0,0,0,0,1,1,1,1.1560332137672269e-5,0,0,0
TUR.39.3_1,2071,12,albopictus,4.182797175777309,67.06249980943487,9.508609654633911e-5,0,0,0,0,0,0,1,1,1,9.201837973815685e-6,0,0,0
TUR.39.3_1,2072,1,albopictus,1.1076408402227305,76.64366595256844,9.620725482001087e-5,0,0,0,0,0,0,1,1,1,9.310336157253296e-6,0,0,0
TUR.39.3_1,2072,2,albopictus,5.1155212122727844,76.01225968464894,7.45361501610303e-5,0,0,0,0,0,0,1,1,1,7.710606496624806e-6,0,0,0
TUR.39.3_1,2072,3,albopictus,5.8234435576288135,67.7300233588475,8.834418983307947e-5,0,0,0,0,0,0,1,1,1,8.549401179447358e-6,0,0,0
TUR.39.3_1,2072,4,albopictus,9.899937012616327,73.75764517933136,1.1681894224763871e-4,0,0,0,0,0,0,1,1,1,1.1681825991649575e-5,0,0,0
TUR.39.3_1,2072,5,albopictus,15.920655194450827,56.48957990075493,1.6328199238055518e-4,0.013141144441114057,0.01304521269131848,0.013240637588707346,0,0,0,1,1,1,1.580135829082341e-5,0,0,0
TUR.39.3_1,2072,6,albopictus,25.46842984592213,22.59713335030562,1.8365482375545382e-4,0.08382038007109519,0.08324347699918513,0.0843647790955404,6.507982597270257e-12,5.327702168322901e-12,7.777972710343306e-12,0.999999999993492,0.999999999992222,0.9999999999946724,1.8365313731116828e-5,1.195211421555168e-16,9.784492178720147e-17,1.428449090175199e-16
TUR.39.3_1,2072,7,albopictus,25.345128788667566,32.53861543338738,2.156721524843404e-4,0.10291383771409754,0.10230441269146037,0.10351023615626842,2.086853138072442e-9,1.7616179626145367e-9,2.443976701571593e-9,0.9999999979131469,0.9999999975560233,0.999999998238382,2.0871280819290128e-5,4.3555297873326774e-14,3.6767223194033737e-14,5.100892405430314e-14
TUR.39.3_1,2072,8,albopictus,25.474207878112793,38.99421866785665,2.5609708621424e-4,0.11812246080565186,0.11745547448150788,0.11878574408827879,9.575247509918672e-8,8.167950856230456e-8,1.1140324071012841e-7,0.9999999042475249,0.9999998885967593,0.9999999183204914,2.478328187782708e-5,2.373060580882763e-12,2.024286284341984e-12,2.7609379166225334e-12
TUR.39.3_1,2072,9,albopictus,23.45743257859174,26.58736268798218,2.041217445684748e-4,0.07986668414328929,0.07939875807730513,0.08030617583551297,1.6551059411895608e-12,1.3964857048520684e-12,1.9270224305145686e-12,0.9999999999983449,0.999999999998073,0.9999999999986035,2.0411966129785242e-5,3.378396641276764e-17,2.850501890816969e-17,3.9334316582999816e-17
TUR.39.3_1,2072,10,albopictus,18.029756868586823,42.69335406155025,2.0115346038391028e-4,0.03011956974713193,0.02992853471496357,0.030305955316949757,0,0,0,1,1,1,1.946627443771831e-5,0,0,0
TUR.39.3_1,2072,11,albopictus,10.24267079067581,73.56398951718779,1.1667898427894662e-4,0,0,0,0,0,0,1,1,1,1.166783035821961e-5,0,0,0
TUR.39.3_1,2072,12,albopictus,1.1824668170336414,72.17982463853643,9.597029655822491e-5,0,0,0,0,0,0,1,1,1,9.28740492578406e-6,0,0,0
TUR.39.3_1,2073,1,albopictus,2.693842746426954,75.74168841350594,9.090007388333477e-5,0,0,0,0,0,0,1,1,1,8.796742651973055e-6,0,0,0
TUR.39.3_1,2073,2,albopictus,3.7723343569566223,86.26747819050831,6.799600613681349e-5,0,0,0,0,0,0,1,1,1,7.285259834177715e-6,0,0,0
TUR.39.3_1,2073,3,albopictus,5.180543090709868,69.06945512154282,8.347076733468911e-5,0,0,0,0,0,0,1,1,1,8.077783568261054e-6,0,0,0
TUR.39.3_1,2073,4,albopictus,9.618162491742304,67.27592520862824,1.103747373433493e-4,0,0,0,0,0,0,1,1,1,1.1037412821601755e-5,0,0,0
TUR.39.3_1,2073,5,albopictus,17.632044736076804,52.810735448850636,1.5427469787988795e-4,0.0296695855277909,0.02950137549804175,0.02984102208136639,0,0,0,1,1,1,1.4929698023191662e-5,0,0,0
TUR.39.3_1,2073,6,albopictus,22.751505178563733,35.44238252633101,1.7352368155222755e-4,0.0862149374201301,0.08579276255106967,0.08665201727389715,1.4396652425752166e-11,1.2498677093297772e-11,1.656129955396324e-11,0.9999999999856033,0.9999999999834387,0.9999999999875012,1.735221760379435e-5,2.4981384565784537e-16,2.1687976468246283e-16,2.8737527366199237e-16
TUR.39.3_1,2073,7,albopictus,27.68596435995663,23.554530350379565,2.0377480505063398e-4,0.08261393963810743,0.08193453993580206,0.0833111469417378,4.327101232881603e-12,3.4022534789457383e-12,5.451519791144221e-12,0.9999999999956729,0.9999999999945485,0.9999999999965977,1.9719947983554142e-5,8.53302112319982e-17,6.709226163167607e-17,1.0750368671267997e-16
TUR.39.3_1,2073,8,albopictus,27.11533260345459,35.04868110071798,2.4196973608417677e-4,0.11103594725417384,0.11026108551695536,0.11173330342082381,1.7320369882223296e-8,1.4201251380407953e-8,2.052076486513954e-8,0.9999999826796301,0.9999999794792351,0.9999999857987486,2.3416151910260474e-5,4.05576412304041e-13,3.325386596394289e-13,4.805173473968433e-13
TUR.39.3_1,2073,9,albopictus,22.252692054299747,38.12677995482788,1.928615643090797e-4,0.08388778261790981,0.08344985948120735,0.08430826770529208,6.6426515399342636e-12,5.714195783212972e-12,7.63200058706559e-12,0.9999999999933573,0.9999999999923681,0.9999999999942858,1.9285970454197e-5,1.281099813366984e-16,1.1020381104454246e-16,1.4719053782856112e-16
TUR.39.3_1,2073,10,albopictus,12.654972398982329,70.55563967556392,1.9005702267457995e-4,4.7473048935543197e-4,4.657983667644016e-4,4.83316889381728e-4,0,0,0,1,1,1,1.8392445954473757e-5,0,0,0
TUR.39.3_1,2073,11,albopictus,7.978385226253201,79.05716120908232,1.1024250002176194e-4,0,0,0,0,0,0,1,1,1,1.1024189235375736e-5,0,0,0
TUR.39.3_1,2073,12,albopictus,3.746896010768764,80.90577678697393,9.067618719678594e-5,0,0,0,0,0,0,1,1,1,8.775076388856107e-6,0,0,0
TUR.39.3_1,2074,1,albopictus,1.0344853774808787,76.66613451946297,9.433401468817053e-5,0,0,0,0,0,0,1,1,1,9.12905652550311e-6,0,0,0
TUR.39.3_1,2074,2,albopictus,4.806061525993488,79.90275498494191,7.056469777878886e-5,0,0,0,0,0,0,1,1,1,7.560474752921209e-6,0,0,0
TUR.39.3_1,2074,3,albopictus,5.8593250769464404,75.27285477974594,8.662405051385814e-5,0,0,0,0,0,0,1,1,1,8.382937493389697e-6,0,0,0
TUR.39.3_1,2074,4,albopictus,11.433520653668573,54.10978369861847,1.1454437437656898e-4,3.211339421578023e-6,3.029321877368009e-6,3.383635144636885e-6,0,0,0,1,1,1,1.145437183580622e-5,0,0,0
TUR.39.3_1,2074,5,albopictus,15.260130826164694,67.34897778893853,1.6010274793057754e-4,0.009865826470241906,0.009795855260811075,0.009945276492692577,0,0,0,1,1,1,1.5493694287327386e-5,0,0,0
TUR.39.3_1,2074,6,albopictus,21.759142202489514,45.35310716622359,1.8007890230432822e-4,0.08696834296614259,0.08654685899531167,0.08737899055295892,1.8396540402143557e-11,1.6003071090509022e-11,2.0966361979901647e-11,0.9999999999816035,0.9999999999790337,0.999999999983997,1.8007728089353137e-5,3.312798973466004e-16,2.8817895279247454e-16,3.7755654555702055e-16
TUR.39.3_1,2074,7,albopictus,26.57307030172909,34.77379151981316,2.1147282539502794e-4,0.11086576461014382,0.11018741185801212,0.11151644829807601,1.658661246961568e-8,1.3940066767581527e-8,1.944426945565958e-8,0.9999999834133876,0.9999999805557305,0.9999999860599332,2.0464902726002876e-5,3.3944341074459124e-13,2.852821103925413e-13,3.979250829882622e-13
TUR.39.3_1,2074,8,albopictus,26.353474617004395,40.44831260096212,2.511106499996178e-4,0.12516540551195615,0.12448661767893823,0.1258497192635151,4.6934174150203845e-7,4.033496622674049e-7,5.43161677671322e-7,0.9999995306582585,0.9999994568383224,0.9999995966503377,2.430073537751376e-5,1.1405349461862503e-11,9.801693407369752e-12,1.3199228196297222e-11
TUR.39.3_1,2074,9,albopictus,23.470207999734317,34.95290223876343,2.0014731411182907e-4,0.09345217849757247,0.09292432188120617,0.09394236372586726,1.3963565737018513e-10,1.1872542116098116e-10,1.612965400132893e-10,0.9999999998603644,0.9999999998387035,0.9999999998812746,2.0014531117773515e-5,2.794742209586331e-15,2.376233636297224e-15,3.2282746192851795e-15
TUR.39.3_1,2074,10,albopictus,16.709356630549713,58.50349276394283,1.9723682503915746e-4,0.020967832259646692,0.020830988962380833,0.021101172008379264,0,0,0,1,1,1,1.908725251731358e-5,0,0,0
TUR.39.3_1,2074,11,albopictus,9.20582415294998,74.66258418271514,1.1440714151300764e-4,0,0,0,0,0,0,1,1,1,1.1440648706617651e-5,0,0,0
TUR.39.3_1,2074,12,albopictus,4.7633764566305805,80.53849773423956,9.410167021280202e-5,0,0,0,0,0,0,1,1,1,9.106571781325457e-6,0,0,0
TUR.39.3_1,2075,1,albopictus,1.5883611218236826,75.54417101848641,9.136636458095612e-5,0,0,0,0,0,0,1,1,1,8.841867160214179e-6,0,0,0
TUR.39.3_1,2075,2,albopictus,2.535043259315631,81.37780686482472,6.834480568980057e-5,0,0,0,0,0,0,1,1,1,7.32263094183061e-6,0,0,0
TUR.39.3_1,2075,3,albopictus,7.779777194866362,75.28071305611313,8.389894787039952e-5,0,0,0,0,0,0,1,1,1,8.11922005872212e-6,0,0,0
TUR.39.3_1,2075,4,albopictus,11.371129372540643,63.98588614612824,1.1094092734822937e-4,2.9118111462967904e-6,2.7450955411367573e-6,3.076887647902784e-6,0,0,0,1,1,1,1.1094031195590937e-5,0,0,0
TUR.39.3_1,2075,5,albopictus,13.74244779698989,60.7487275447979,1.5506608179660582e-4,0.0021968972358772493,0.0021684761368347878,0.0022236015186881436,0,0,0,1,1,1,1.5006282417240335e-5,0,0,0
TUR.39.3_1,2075,6,albopictus,22.44043378268971,34.28862352364546,1.7441380710513592e-4,0.08079283316787149,0.08037202092660804,0.08123719785748999,2.29328600553913e-12,1.972272345440729e-12,2.6710078593339407e-12,0.9999999999977067,0.9999999999973289,0.9999999999980277,1.7441228610470816e-5,3.999772549180141e-17,3.4398852858941214e-17,4.658565869500753e-17
TUR.39.3_1,2075,7,albopictus,27.39425255270565,28.581664292029956,2.048201099876428e-4,0.09473528868140409,0.09405042087168933,0.09544179410860691,2.0537630307515542e-10,1.6659456314460642e-10,2.5169668016467027e-10,0.9999999997946237,0.9999999997483032,0.9999999998334055,1.9821104525807876e-5,4.070785170376653e-15,3.3020882495205437e-15,4.9889062063427635e-15
TUR.39.3_1,2075,8,albopictus,24.13158893585205,41.3088663424172,2.4321096980623906e-4,0.11253390180708364,0.11197776839577815,0.11307831242045323,2.50688879929184e-8,2.180293487141771e-8,2.8590946840600927e-8,0.999999974931112,0.9999999714090532,0.9999999781970651,2.353626848283774e-5,5.900280783675147e-13,5.131597288475126e-13,6.72924201018925e-13
TUR.39.3_1,2075,9,albopictus,20.36984140732709,52.00612489501343,1.9385088752438807e-4,0.07155483989233279,0.07124025208105021,0.07185043338339313,7.297928927840758e-14,6.428191312579656e-14,8.193445921733655e-14,0.9999999999999271,0.9999999999999181,0.9999999999999357,1.938490086283995e-5,1.4146962877024493e-18,1.2460985132172564e-18,1.588291369178472e-18
TUR.39.3_1,2075,10,albopictus,14.904224718318266,41.94314425320064,1.9103195941450502e-4,0.005180692399122206,0.005127324715812962,0.005235857210525486,0,0,0,1,1,1,1.8486792931482476e-5,0,0,0
TUR.39.3_1,2075,11,albopictus,8.181303278926542,79.53362452695342,1.1080801168799716e-4,0,0,0,0,0,0,1,1,1,1.108073977695856e-5,0,0,0
TUR.39.3_1,2075,12,albopictus,3.543315392864101,79.6224210740833,9.114132942142152e-5,0,0,0,0,0,0,1,1,1,8.820089756444993e-6,0,0,0
TUR.40.25_1,2025,1,albopictus,8.364152789115906,78.00742967574693,0.20442355541753904,0,0,0,0,0,0,1,1,1,0.019588526693676056,0,0,0
TUR.40.25_1,2025,2,albopictus,7.557945409241845,76.56355332795209,0.1529150058394901,0,0,0,0,0,0,1,1,1,0.016250266965253446,0,0,0
TUR.40.25_1,2025,3,albopictus,6.97595580886392,69.08456531056709,0.18771592038403895,0,0,0,0,0,0,1,1,1,0.018002048630244127,0,0,0
TUR.40.25_1,2025,4,albopictus,10.251871389501236,73.77602778784416,0.24821977884157828,0,0,0,0,0,0,1,1,1,0.024516445781909812,0,0,0
TUR.40.25_1,2025,5,albopictus,15.728926490334903,71.92201376493414,0.34694561736055196,0.014417990306039028,0.01432339654505951,0.014518885736880142,0,0,0,1,1,1,0.033017984868842776,0,0,0
TUR.40.25_1,2025,6,albopictus,22.053119883817786,67.26616697219458,0.39023431353393584,0.1307531691566318,0.13031435218129364,0.13120763395859414,1.5385346318335102e-6,1.4028778037161738e-6,1.6883239945503224e-6,0.9999984614653682,0.9999983116760054,0.9999985971221963,0.038271825710363694,5.888252927889068e-8,5.369069479676321e-8,6.461524166205497e-8
TUR.40.25_1,2025,7,albopictus,25.10621171839097,62.846451356714546,0.45826552579517305,0.1835740237594878,0.1829008073070406,0.1842500149082758,0.007412333043656134,0.00687285172003842,0.007979123642796074,0.9925876669563438,0.9920208763572039,0.9931271482799616,0.043379269252687314,3.215415908913507e-4,2.981392852973418e-4,3.461285529013341e-4
TUR.40.25_1,2025,8,albopictus,23.897754052106073,72.49150305831103,0.5441614251849314,0.19142766795913396,0.19081712736520687,0.19201704048937032,0.016457359766167655,0.015542994750256129,0.017366298791262995,0.9835426402338323,0.9826337012087369,0.9844570052497439,0.05129822640284476,8.442333672779367e-4,7.973280636768664e-4,8.908603271736584e-4
TUR.40.25_1,2025,9,albopictus,20.046708892373477,70.30748666814661,0.43372293327341865,0.08619264355189411,0.08586612349633231,0.08651469729589072,1.4272349302402176e-11,1.2804046711778484e-11,1.5836049138684414e-11,0.9999999999857276,0.999999999984164,0.9999999999871959,0.042445167575542175,6.057922578371329e-13,5.434699083265075e-13,6.721637594259803e-13
TUR.40.25_1,2025,10,albopictus,18.261514383203846,75.24035784013337,0.42741584959627243,0.051854838636551666,0.05163860531246552,0.05208028420416261,0,0,0,1,1,1,0.04051905607574824,0,0,0
TUR.40.25_1,2025,11,albopictus,11.279716113034418,77.21592807514882,0.24792239268683788,2.285950292030386e-6,2.1601275288796185e-6,2.4120606882599755e-06,0,0,0,1,1,1,0.024487435820233716,0,0,0
TUR.40.25_1,2025,12,albopictus,10.22014690847958,76.9353400748403,0.20392006064003532,0,0,0,0,0,0,1,1,1,0.019540754685644313,0,0,0
TUR.40.25_1,2026,1,albopictus,3.0299044847488403,77.57790239303209,0.2326476616034099,0,0,0,0,0,0,1,1,1,0.022262734608328283,0,0,0
TUR.40.25_1,2026,2,albopictus,5.280383744660546,81.29277085724897,0.17402749140120313,0,0,0,0,0,0,1,1,1,0.01847304507276948,0,0,0
TUR.40.25_1,2026,3,albopictus,9.061631048426907,71.83297839650459,0.21363325686160925,0,0,0,0,0,0,1,1,1,0.02046194034766613,0,0,0
TUR.40.25_1,2026,4,albopictus,14.19011620914235,73.2318993698754,0.2824906894572783,0.004348626796247973,0.0043046278784422,0.004391888101721147,0,0,0,1,1,1,0.02785379478539285,0,0,0
TUR.40.25_1,2026,5,albopictus,17.370907615212833,71.18054342802007,0.39484728859949475,0.03410658824006856,0.03392931668149112,0.03427610990357092,0,0,0,1,1,1,0.03749019699228495,0,0,0
TUR.40.25_1,2026,6,albopictus,21.907657847684973,64.96641950515357,0.4441127165391859,0.12260608500408178,0.12217117482516762,0.12302535624026713,2.6617289765740184e-7,2.4117624237707246e-7,2.91939143223785e-7,0.9999997338271024,0.9999997080608568,0.9999997588237577,0.043439529643172325,1.156242547799778e-8,1.0476582529967752e-8,1.268169906607194e-8
TUR.40.25_1,2026,7,albopictus,25.05054765589097,65.15324838430243,0.521536780592345,0.19068375941274868,0.19001452831165483,0.19134650895301125,0.015355079321358848,0.014404206772731363,0.01632937897483854,0.9846449206786412,0.9836706210251616,0.9855957932272686,0.049218785579669966,7.557583566767854e-4,7.089575645922948e-4,8.03712202411749e-4
TUR.40.25_1,2026,8,albopictus,25.706578591290643,64.15572959029345,0.6192920519627719,0.19691934583421894,0.19620356778806336,0.19755963992675912,0.026383027436275373,0.024902062081066028,0.027740796704545805,0.9736169725637246,0.9722592032954542,0.9750979379189341,0.05817094288099556,0.0015347255820233135,0.0014485764309366974,0.0016137083005734437
TUR.40.25_1,2026,9,albopictus,23.143297027139102,72.63515390447473,0.49360567085203566,0.172138079857605,0.17159443259752283,0.17267961163379408,0.0018182359387026192,0.001688509824669393,0.001953927629975194,0.9981817640612973,0.9980460723700249,0.9983114901753306,0.04816213358757615,8.757012217352747e-5,8.132223573966209e-5,9.410532353532134e-5
TUR.40.25_1,2026,10,albopictus,16.80104036892162,78.83833452470368,0.486427788312873,0.02885887415868208,0.02871569673383705,0.029000293290010363,0,0,0,1,1,1,0.045982874973567456,0,0,0
TUR.40.25_1,2026,11,albopictus,11.691443064633539,77.61600589497304,0.2821522441477236,2.947933636604068e-5,2.8405731204299125e-5,3.0499912813056886e-5,0,0,0,1,1,1,0.027820892396277386,0,0,0
TUR.40.25_1,2026,12,albopictus,9.171535267549404,80.25923839026999,0.23207465091304932,0,0,0,0,0,0,1,1,1,0.02220851498515075,0,0,0
TUR.40.25_1,2027,1,albopictus,7.634817004203796,81.16039140670397,0.22147677222223913,0,0,0,0,0,0,1,1,1,0.021205176475711185,0,0,0
TUR.40.25_1,2027,2,albopictus,7.977473416749169,83.70935868683881,0.16567132808399146,0,0,0,0,0,0,1,1,1,0.017593887339164227,0,0,0
TUR.40.25_1,2027,3,albopictus,10.380368078456204,71.76090350636787,0.20337536961661104,0,0,0,0,0,0,1,1,1,0.019489071321899365,0,0,0
TUR.40.25_1,2027,4,albopictus,11.978947919957779,74.96816645971916,0.26892652026946445,8.675134930170599e-5,8.431032587668552e-5,8.920951058902734e-5,0,0,0,1,1,1,0.02653426451082941,0,0,0
TUR.40.25_1,2027,5,albopictus,16.862898658303653,73.50525045927007,0.3758881666680688,0.02774002269143224,0.027600994777645098,0.02787961628328184,0,0,0,1,1,1,0.03572260748608602,0,0,0
TUR.40.25_1,2027,6,albopictus,20.539432750028723,70.82931547072974,0.42278804903538075,0.09888943986870574,0.09854904280438107,0.09924778458414628,6.820397890905383e-10,6.184095846517578e-10,7.538042134935807e-10,0.9999999993179602,0.9999999992461958,0.9999999993815903,0.04139751976014028,2.8234755646077467e-11,2.560062300048129e-11,3.120562482337751e-11
TUR.40.25_1,2027,7,albopictus,24.90397554285386,69.87087304860907,0.4964944928510629,0.205139765647707,0.20446118411558972,0.20584951746681543,0.047020665134913035,0.04507263256497897,0.0490885814913569,0.952979334865087,0.9509114185086431,0.9549273674350209,0.04691182323540555,0.0022058251312202367,0.002114439371642677,0.0023028348577993356
TUR.40.25_1,2027,8,albopictus,26.74345526975744,64.88645773970751,0.5895559138067502,0.21060543089695902,0.20975230487833713,0.21140339142685555,0.06392861874956363,0.06115399937289285,0.06655078786153283,0.9360713812504364,0.9334492121384671,0.9388460006271072,0.0554567466425232,0.0035452732132010083,0.003391401849399541,0.0036906901812973356
TUR.40.25_1,2027,9,albopictus,22.048898528603946,72.12284769109583,0.46990453279200084,0.1410334119176839,0.14054576241540914,0.14145957918172794,1.1761808412256602e-5,1.0715412295767e-5,1.273232842685934e-5,0.9999882381915878,0.9999872676715732,0.9999892845877042,0.04590349396014748,5.399081014124328e-7,4.918748635992306e-7,5.844583610409517e-7
TUR.40.25_1,2027,10,albopictus,16.416986184961658,76.08329149491853,0.46307130590629886,0.022798645621998955,0.02267155290702141,0.022922746777809495,0,0,0,1,1,1,0.043824066672001005,0,0,0
TUR.40.25_1,2027,11,albopictus,11.392483332577875,73.17818546040273,0.2686043258651995,4.687227893438028e-6,4.475658515103072e-6,4.927899464070229e-6,0,0,0,1,1,1,0.02650289948427842,0,0,0
TUR.40.25_1,2027,12,albopictus,8.703906788545497,83.25244059974264,0.2209312754084081,0,0,0,0,0,0,1,1,1,0.021153504519167976,0,0,0
TUR.40.25_1,2028,1,albopictus,6.410178065299988,80.63519914596178,0.21037634201815528,0,0,0,0,0,0,1,1,1,0.0201531556835558,0,0,0
TUR.40.25_1,2028,2,albopictus,7.885035672608544,80.31953477326459,0.16298815144792964,0,0,0,0,0,0,1,1,1,0.016719494768799414,0,0,0
TUR.40.25_1,2028,3,albopictus,8.701782072291653,77.03797259816474,0.19318218288643046,0,0,0,0,0,0,1,1,1,0.018521381441449214,0,0,0
TUR.40.25_1,2028,4,albopictus,10.765489858739517,74.85396205298088,0.2554479056123804,5.788133405728695e-10,4.471789176048339e-10,7.765302200628462e-10,0,0,0,1,1,1,0.02522128289789316,0,0,0
TUR.40.25_1,2028,5,albopictus,17.24514658310834,74.4964919143482,0.3570486273485547,0.03367667664891647,0.03351419457606485,0.0338437598915945,0,0,0,1,1,1,0.03396295145037487,0,0,0
TUR.40.25_1,2028,6,albopictus,20.925659404081458,81.23207120803443,0.401597884566446,0.12670710249717004,0.12631430531150503,0.12710420805581088,6.542929379930173e-7,6.006304727579348e-7,7.119361903451526e-7,0.9999993457070621,0.9999992880638097,0.9999993993695273,0.03936407164436606,2.5755634087559895e-8,2.3643260961432802e-8,2.8024707202963623e-8
TUR.40.25_1,2028,7,albopictus,23.513684328864603,70.20819909841376,0.47161015663238726,0.17469483610035536,0.17412910719056665,0.1752781500623452,0.002548477046591154,0.0023661561410909028,0.002745744146655174,0.9974515229534089,0.9972542558533448,0.9976338438589091,0.044613867101437665,1.1369741626768211e-4,1.0556337561988011e-4,1.224982644534243e-4
TUR.40.25_1,2028,8,albopictus,24.818492272320917,70.16904288375048,0.5600073331273737,0.20451591843192224,0.20382940290782062,0.20518359098817218,0.04523328522331845,0.04329889975937174,0.04714249694026858,0.9547667147766815,0.9528575030597314,0.9567011002406283,0.05275192193150691,0.00238614273080608,0.002284100179826521,0.0024868573182493512
TUR.40.25_1,2028,9,albopictus,20.59458334305707,66.45402063421106,0.4463528870979497,0.09398633490965524,0.0936401353221308,0.09433978531510942,1.6368048472159558e-10,1.473251992623048e-10,1.8161979697950414e-10,0.9999999998363195,0.9999999998183802,0.9999999998526747,0.04365379150345783,7.145273753221448e-12,6.431303531802033e-12,7.928392750243614e-12
TUR.40.25_1,2028,10,albopictus,17.00980158413158,74.77667375810212,0.4398621419874349,0.030292439096975623,0.030139770302341676,0.030449630307057305,0,0,0,1,1,1,0.041674035880983173,0,0,0
TUR.40.25_1,2028,11,albopictus,12.226839640561273,81.16471194966054,0.25514185961257707,2.1360961789448652e-4,2.0846352190063516e-4,2.1844772672778505e-4,0,0,0,1,1,1,0.025191449728673154,0,0,0
TUR.40.25_1,2028,12,albopictus,7.1941440245684465,77.84285655433249,0.2098581855400521,0,0,0,0,0,0,1,1,1,0.02010402083972418,0,0,0
TUR.40.25_1,2029,1,albopictus,3.6785258054733276,76.724485950161,0.1986208936504363,0,0,0,0,0,0,1,1,1,0.019037824068529607,0,0,0
TUR.40.25_1,2029,2,albopictus,5.558358827058007,78.70096635285444,0.148574439234097,0,0,0,0,0,0,1,1,1,0.015792657218279493,0,0,0
TUR.40.25_1,2029,3,albopictus,7.3378208525040565,76.59189715871162,0.18238751294065922,0,0,0,0,0,0,1,1,1,0.017495548517633686,0,0,0
TUR.40.25_1,2029,4,albopictus,10.881088537328385,70.6576806198754,0.24117394003116913,8.847659483566586e-9,7.513300309470486e-9,1.0422982373216172e-8,0,0,0,1,1,1,0.023828893602739765,0,0,0
TUR.40.25_1,2029,5,albopictus,17.23234827378217,78.29174948270757,0.33709739774119396,0.035206056206964056,0.03503525645399656,0.03538454125428382,0,0,0,1,1,1,0.0320959599639693,0,0,0
TUR.40.25_1,2029,6,albopictus,23.43710921792423,68.88652830031958,0.3791573232784349,0.16899112659375515,0.16843380187355608,0.16954567281827143,0.0011796149567917858,0.0010896537159575364,0.0012738928324479287,0.9988203850432082,0.9987261071675521,0.9989103462840425,0.037205930112088725,4.3888671641569744e-5,4.0541580002293884e-5,4.739636769434839e-5
TUR.40.25_1,2029,7,albopictus,24.295640047858743,65.52362878591376,0.44525743658411565,0.1779426970755422,0.17732498083683165,0.1785671767892795,0.0038397517497810963,0.0035553785234474582,0.004141516850656549,0.9961602482502189,0.9958584831493434,0.99644462147655255,0.042174271492537385,1.6193873275921342e-4,1.4994549910660982e-4,1.746654560505077e-4
TUR.40.25_1,2029,8,albopictus,26.006940224591425,68.03130560958056,0.5287151392097007,0.2164132957895888,0.21568762061924454,0.21721860134250517,0.08369836586328272,0.08115600450566643,0.08653241376092223,0.9163016341367173,0.9134675862390778,0.9188439954943336,0.04987904478554417,0.00417479453937154,0.00404798398335396,0.004316154141382277
TUR.40.25_1,2029,9,albopictus,21.718431304482852,71.06227792791223,0.4214114974543869,0.12987351688113039,0.12942331476660357,0.13028054033206551,1.280939048473817e-6,1.1644620971473785e-6,1.3930357725594477e-6,0.9999987190609515,0.9999986069642275,0.9999988355379028,0.04126555410150001,5.285865960552024e-8,4.8052173668981306e-8,5.748439303787676e-8
TUR.40.25_1,2029,10,albopictus,15.926255899317125,78.42101427323884,0.41528344340638756,0.017759549514389964,0.01764517767943218,0.017864537538581398,0,0,0,1,1,1,0.03939186423900232,0,0,0
TUR.40.25_1,2029,11,albopictus,11.841483691159418,78.96166324360586,0.24088499532666505,5.77783191988669e-5,5.6111956151628e-5,5.9609773919501894e-5,0,0,0,1,1,1,0.023800687248049512,0,0,0
TUR.40.25_1,2029,12,albopictus,6.783790840822109,76.53063884193014,0.19813169081638982,0,0,0,0,0,0,1,1,1,0.018991382052118144,0,0,0
TUR.40.25_1,2030,1,albopictus,6.227589964866638,80.86552293746568,0.2346473649294147,0,0,0,0,0,0,1,1,1,0.022451927700950836,0,0,0
TUR.40.25_1,2030,2,albopictus,6.329198995057275,78.85411118928022,0.17552333000526568,0,0,0,0,0,0,1,1,1,0.0186303402437914,0,0,0
TUR.40.25_1,2030,3,albopictus,8.17478164504556,80.94757190236396,0.21546952347760323,0,0,0,0,0,0,1,1,1,0.02063599195063981,0,0,0
TUR.40.25_1,2030,4,albopictus,12.293720525853775,73.33591090551994,0.2849188143194834,2.1598112470884592e-4,2.1107381977604622e-4,2.211080325051971e-4,0,0,0,1,1,1,0.028089815366919124,0,0,0
TUR.40.25_1,2030,5,albopictus,18.36820108750287,71.57586050565679,0.3982411651200435,0.051344012853042215,0.05110884001337106,0.05156387519629791,0,0,0,1,1,1,0.03780627147934712,0,0,0
TUR.40.25_1,2030,6,albopictus,22.417654261869544,66.22322873977271,0.44793004988465646,0.13745141082248583,0.13691205822002378,0.13794214760043993,5.9177528861260596e-6,5.3193771454684844e-6,6.503028574986192e-6,0.9999940822471138,0.9999934969714249,0.9999946806228546,0.04380461097492716,2.592248630225045e-7,2.330132464861655e-7,2.8486263688610505e-7
TUR.40.25_1,2030,7,albopictus,25.691445406745462,68.19551904470282,0.526019605941186,0.2125904268040086,0.2118345640807648,0.21331340518351427,0.0705223494610771,0.06798424436398065,0.07296815996363774,0.9294776505389228,0.9270318400363623,0.9320157556360193,0.04963116574885418,0.003500106415101335,0.0033741373003393295,0.0036214948415442105
TUR.40.25_1,2030,8,albopictus,25.25410971922033,69.66840964400438,0.6246151244903153,0.21112083591825848,0.2103401833942999,0.2118258205776863,0.0656203768629345,0.06305797975113664,0.06795508334754884,0.9343796231370655,0.9320449166524511,0.9369420202488633,0.058655988039396534,0.0038490280404129785,0.0036987281060711797,0.003985972556050019
TUR.40.25_1,2030,9,albopictus,20.957340072183047,72.51697458318567,0.49784841670615165,0.11226830631173705,0.11185821659114137,0.11264696854711961,2.3453412926199847e-8,2.116658577300257e-8,2.5718396343132888e-8,0.9999999765465871,0.9999999742816037,0.9999999788334142,0.04856588854618693,1.1390358382015217e-9,1.0279740455549485e-9,1.2490367703872532e-9
TUR.40.25_1,2030,10,albopictus,16.646251397974353,81.24731584794587,0.49060883728386406,0.0275332634567846,0.027389657134240564,0.027678305285767,0,0,0,1,1,1,0.046368809050327586,0,0,0
TUR.40.25_1,2030,11,albopictus,12.712228396359613,77.07310580952382,0.2845774599318553,6.028618531569324e-4,5.921748265536261e-4,6.138305183205857e-4,0,0,0,1,1,1,0.02805663822007365,0,0,0
TUR.40.25_1,2030,12,albopictus,11.142168774324306,79.11920085364889,0.23406942897406136,6.758149048894155e-7,6.266911686996813e-7,7.305391221104101e-7,0,0,0,1,1,1,0.02239725260627934,0,0,0
TUR.40.25_1,2031,1,albopictus,10.019174456596375,78.20597703902818,0.22446786070962801,0,0,0,0,0,0,1,1,1,0.021488457596511634,0,0,0
TUR.40.25_1,2031,2,albopictus,4.008350530091454,72.27468156281537,0.16790875279065642,0,0,0,0,0,0,1,1,1,0.017829365510476536,0,0,0
TUR.40.25_1,2031,3,albopictus,8.316811407313626,74.18106952199287,0.20612199501021347,0,0,0,0,0,0,1,1,1,0.019749658902350142,0,0,0
TUR.40.25_1,2031,4,albopictus,10.723464292638443,76.77691279760978,0.2725584271762727,1.564156186308841e-10,1.1082406126401903e-10,2.2682556626670057e-10,0,0,0,1,1,1,0.02688775400772292,0,0,0
TUR.40.25_1,2031,5,albopictus,18.407959769753848,72.90706778104742,0.38096461218687194,0.05305702969472227,0.052820878659405164,0.05327676771635001,0,0,0,1,1,1,0.036196210657634564,0,0,0
TUR.40.25_1,2031,6,albopictus,23.500465617460364,63.24831037429419,0.42849788692667157,0.15489267503592982,0.15433183629088384,0.15539937248612076,1.3642156970735964e-4,1.2419557096973177e-4,1.481473127217858e-4,0.9998635784302926,0.9998518526872782,0.9998758044290302,0.041944710003330665,5.722163179574359e-6,5.2093472080234725e-6,6.2139960698880465e-6
TUR.40.25_1,2031,7,albopictus,23.85792070276597,66.44738443166571,0.5031997511348915,0.17159606568118796,0.17099115700864526,0.17216521789608213,0.001690145656894246,0.0015553562330292785,0.001823798004599886,0.9983098543431057,0.9981762019954001,0.9984446437669707,0.04753007769254003,8.033275438389261e-5,7.3926202595458e-5,8.668526085413205e-5
TUR.40.25_1,2031,8,albopictus,26.670583107892206,69.45115119063524,0.5975179853538736,0.2304452672449081,0.22964567574323844,0.23126487196367604,0.13402396796506638,0.1311679304655027,0.13694526580798805,0.8659760320349337,0.863054734192012,0.8688320695344973,0.05618425867535082,0.00753003728484622,0.007369572935184233,0.007694168238520677
TUR.40.25_1,2031,9,albopictus,20.821567367104922,67.32996286443567,0.47625068830123696,0.1006215451817285,0.10026616385090269,0.10096397771842079,1.1091490104142566e-9,1.0032756014854982e-9,1.2182051645215353e-9,0.999999998890851,0.9999999987817948,0.9999999989967244,0.046508786355664244,5.158517436195307e-11,4.666113060533957e-11,5.66572437340989e-11
TUR.40.25_1,2031,10,albopictus,18.177524286157947,78.88386675126618,0.4693251773079762,0.05273078421234545,0.05250544181376649,0.05294796055765423,0,0,0,1,1,1,0.04440258204247627,0,0,0
TUR.40.25_1,2031,11,albopictus,10.10513363165014,79.0017633412621,0.2722318814715819,0,0,0,0,0,0,1,1,1,0.026855976926481118,0,0,0
TUR.40.25_1,2031,12,albopictus,8.257212414461025,80.29456248694967,0.22391499685128305,0,0,0,0,0,0,1,1,1,0.021436102937885337,0,0,0
TUR.40.25_1,2032,1,albopictus,5.840969920158386,78.37835557906725,0.19798545164350595,0,0,0,0,0,0,1,1,1,0.018977498545276084,0,0,0
TUR.40.25_1,2032,2,albopictus,3.8776017813121575,75.98045396271772,0.15338836328931746,0,0,0,0,0,0,1,1,1,0.01574253203512266,0,0,0
TUR.40.25_1,2032,3,albopictus,3.2968686468460975,75.26194873341865,0.18180400591311546,0,0,0,0,0,0,1,1,1,0.017440066475153504,0,0,0
TUR.40.25_1,2032,4,albopictus,11.0100014630486,78.10376368872306,0.24040235930944293,1.2405909590435104e-7,1.1159649681637426e-7,1.3728456513998078e-7,0,0,0,1,1,1,0.023753571216231784,0,0,0
TUR.40.25_1,2032,5,albopictus,16.96327288010541,74.35986471708257,0.336018931911065,0.02945233529002014,0.029285992300741127,0.02960734662015679,0,0,0,1,1,1,0.03199493681157406,0,0,0
TUR.40.25_1,2032,6,albopictus,22.917608485502356,68.28986387160865,0.3779442963605799,0.15461949360714353,0.15410237534464516,0.1551692844533567,1.3039040625320464e-4,1.1954608133913081e-4,1.4264519905425596e-4,0.9998696095937468,0.9998573548009457,0.9998804539186609,0.0370891335160487,4.8360671867369385e-6,4.433860572107441e-6,5.290586833146643e-6
TUR.40.25_1,2032,7,albopictus,24.83995729334214,67.84578378469305,0.443832937510007,0.19648568558982513,0.1958416339380314,0.19713101654263146,0.025482487202000942,0.024177345202874453,0.02682253574109759,0.974517512797999,0.9731774642589024,0.9758226547971255,0.04204222156539983,0.0010713403729839892,0.0010164693038824044,0.0011276789905730808
TUR.40.25_1,2032,8,albopictus,25.27290854734533,67.62088614546923,0.5270236363522764,0.20354176474422153,0.20276878021393266,0.2041986999584366,0.04250864260252377,0.04040068764745555,0.04433150598325359,0.9574913573974763,0.9556684940167464,0.9595993123525444,0.04972350312199847,0.0021136786231585078,0.0020088637183691416,0.002204317776161204
TUR.40.25_1,2032,9,albopictus,21.321533034829532,81.22654642156458,0.42006328799482606,0.13904599845789334,0.13861677569104386,0.139464411634662,8.054890882153499e-6,7.409946669975631e-6,8.720837608824915e-6,0.9999919451091178,0.9999912791623912,0.99999259005333,0.041136287902883484,3.3134831035457744e-7,3.048176995611303e-7,3.587428866309157e-7
TUR.40.25_1,2032,10,albopictus,16.931596475489002,83.7015699983365,0.41395483925063575,0.03278317501868505,0.032622747085317004,0.03294533549120868,0,0,0,1,1,1,0.03926834649585165,0,0,0
TUR.40.25_1,2032,11,albopictus,8.20970306676977,79.47518253071523,0.240114339017268,0,0,0,0,0,0,1,1,1,0.02372545293313666,0,0,0
TUR.40.25_1,2032,12,albopictus,10.053551449495204,79.62380900794577,0.19749781390175639,0,0,0,0,0,0,1,1,1,0.01893120226607936,0,0,0
TUR.40.25_1,2033,1,albopictus,3.8195213079452515,81.40643175094225,0.22828734372848639,0,0,0,0,0,0,1,1,1,0.02185007542691564,0,0,0
TUR.40.25_1,2033,2,albopictus,4.635153928223779,82.83985948029584,0.17076584167622844,0,0,0,0,0,0,1,1,1,0.018129978297215854,0,0,0
TUR.40.25_1,2033,3,albopictus,8.46541770766763,77.82552447804756,0.20962930985370964,0,0,0,0,0,0,1,1,1,0.020082316628574293,0,0,0
TUR.40.25_1,2033,4,albopictus,11.526158613317154,73.57880793921134,0.2771962059698845,1.1126746755944683e-5,1.0633971771368137e-5,1.1606321682935294e-5,0,0,0,1,1,1,0.02733895730440805,0,0,0
TUR.40.25_1,2033,5,albopictus,16.369870017556583,71.62274313505132,0.3874470006340805,0.020950429634261754,0.02082177517555788,0.021070168020260068,0,0,0,1,1,1,0.036800642070374034,0,0,0
TUR.40.25_1,2033,6,albopictus,23.60907195596134,62.60722761062232,0.4357890884267842,0.15545153336647413,0.15490524203195943,0.15602698317276076,1.4957165837305397e-4,1.3656745298473995e-4,1.6418404594760737e-4,0.999850428341627,0.9998358159540524,0.9998634325470153,0.04264299282312012,6.378183154544315e-6,5.823644917500059e-6,7.0012990930146445e-6
TUR.40.25_1,2033,7,albopictus,23.295496996711282,75.89650018483954,0.5117620588901195,0.18601569658753198,0.18542318443860573,0.18656299684366556,0.00964353795436082,0.00905448031103698,0.010207069321366877,0.9903564620456392,0.989792930678633,0.990945519688963,0.048318977312085676,4.6596589162499756e-4,4.3750322872172234e-4,4.931951509620119e-4
TUR.40.25_1,2033,8,albopictus,25.080039360943964,65.95978385054735,0.6076851860894561,0.19408725164310894,0.19339292369628622,0.19470679539009494,0.020867799272035616,0.019639330700380642,0.021995229997097604,0.9791322007279644,0.9780047700029024,0.9803606692996193,0.05711244365639878,0.0011918110101571736,0.0011216501680748722,0.001256201333918769
TUR.40.25_1,2033,9,albopictus,21.17495329239789,70.31344522527552,0.48435443825873886,0.11420889441278075,0.11380216276212551,0.11459718272275272,3.770336605968261e-8,3.411626548766034e-8,4.136343915994711e-8,0.9999999622966339,0.9999999586365608,0.9999999658837345,0.04728115879594408,1.7826588378094617e-9,1.613056566046655e-9,1.955711335267831e-9
TUR.40.25_1,2033,10,albopictus,18.69938440883861,73.52973314530915,0.4773110846863576,0.05938300954218557,0.059145139457034854,0.05961917524477791,3.4172664697962317e-16,3.3306690738754696e-16,4.440892098500626e-16,0.9999999999999997,0.9999999999999996,0.9999999999999997,0.04514081085322097,1.5425817934812584e-17,1.5034910267848523e-17,2.004654702379803e-17
TUR.40.25_1,2033,11,albopictus,14.354230502072504,78.18788242085195,0.2768641038538214,0.005470905149371618,0.005420935301435271,0.005518252544521917,0,0,0,1,1,1,0.027306654488970294,0,0,0
TUR.40.25_1,2033,12,albopictus,10.851973309236415,80.58264842444967,0.22772507249167748,8.223607045476096e-9,7.008227795001328e-9,9.677731534921146e-9,0,0,0,1,1,1,0.021796849569036048,0,0,0
TUR.40.25_1,2034,1,albopictus,7.329784274101257,75.39334733932115,0.23237926307325116,0,0,0,0,0,0,1,1,1,0.02223733848061482,0,0,0
TUR.40.25_1,2034,2,albopictus,6.273553052369286,76.68079423371381,0.17382672117820847,0,0,0,0,0,0,1,1,1,0.0184519311257908,0,0,0
TUR.40.25_1,2034,3,albopictus,7.084213102565092,73.10027423390693,0.21338679467179178,0,0,0,0,0,0,1,1,1,0.020438576930800312,0,0,0
TUR.40.25_1,2034,4,albopictus,10.580030721776627,77.64432155005119,0.2821647885420862,5.087975305885486e-14,1.2866986057670137e-14,1.760638257703967e-13,0,0,0,1,1,1,0.027822111935324245,0,0,0
TUR.40.25_1,2034,5,albopictus,18.45533068039838,66.64090872343023,0.3943917652937074,0.04953334478071855,0.04928834536103794,0.04976740006920116,0,0,0,1,1,1,0.03744776583311349,0,0,0
TUR.40.25_1,2034,6,albopictus,22.083019480985755,68.54928617385474,0.4436003572078159,0.13418027652401657,0.1337329256409653,0.13464492865204852,3.0966256920375025e-6,2.8269129611180335e-6,3.3954120037760217e-6,0.9999969033743079,0.9999966045879962,0.9999971730870388,0.04339051811930672,1.3436419319906395e-7,1.2266121806109502e-7,1.4732868607235502e-7
TUR.40.25_1,2034,7,albopictus,23.249159869025736,72.29919488698798,0.5209350994734806,0.1740055203749941,0.17342599344113563,0.17453806832625143,0.002329709971453967,0.002157450600283339,0.002495587948340538,0.997670290028546,0.9975044120516595,0.9978425493997167,0.04916342263513984,1.1453651594389097e-4,1.0606765567616596e-4,1.226916450274274e-4
TUR.40.25_1,2034,8,albopictus,25.777219155255487,70.35714179122118,0.6185775935609972,0.22293375553592631,0.2222048155355221,0.22371705155676344,0.10699358695862182,0.10436401786298602,0.1098208631789276,0.8930064130413782,0.8901791368210724,0.895635982137014,0.05810582149913568,0.006216950265369931,0.006064156992879273,0.006381231472755769
TUR.40.25_1,2034,9,albopictus,23.092782805947696,68.72382654241419,0.49303621300482736,0.16008772799093665,0.15956625790066922,0.16060923172721997,3.143999803799964e-4,2.894880784594628e-4,3.407549715902625e-4,0.99968560001962,0.9996592450284097,0.9997105119215406,0.04810792888999649,1.5125131899137158e-5,1.392667189302956e-5,1.639301594217712e-5
TUR.40.25_1,2034,10,albopictus,16.403392511255603,80.61494585282868,0.4858666113704024,0.02401870671488561,0.023889384837954077,0.02414420272035475,0,0,0,1,1,1,0.04593106333315733,0,0,0
TUR.40.25_1,2034,11,albopictus,11.469560244504144,83.17710971577382,0.2818267336865897,1.07233218567989e-5,1.0271119946174524e-5,1.120959615486909e-5,0,0,0,1,1,1,0.027789246434263504,0,0,0
TUR.40.25_1,2034,12,albopictus,8.204138531404384,79.01888194495749,0.2318069134478933,0,0,0,0,0,0,1,1,1,0.022183180004002656,0,0,0
TUR.40.25_1,2035,1,albopictus,8.01801860332489,83.19784410445787,0.22479169572682436,0,0,0,0,0,0,1,1,1,0.021519122564602533,0,0,0
TUR.40.25_1,2035,2,albopictus,8.045773663941553,78.5880436843974,0.16815099118360716,0,0,0,0,0,0,1,1,1,0.017854856547830367,0,0,0
TUR.40.25_1,2035,3,albopictus,8.962128484950345,74.80388751515693,0.20641936283644774,0,0,0,0,0,0,1,1,1,0.019777867681597172,0,0,0
TUR.40.25_1,2035,4,albopictus,11.77612237369313,75.60683833471916,0.27295164143274847,4.0575689130623385e-5,3.919231112884229e-5,4.198024775325016e-5,0,0,0,1,1,1,0.02692601741625955,0,0,0
TUR.40.25_1,2035,5,albopictus,17.053337882546817,71.81432486112554,0.38151422174500077,0.029729937032956767,0.029571158329829945,0.029888310299143815,0,0,0,1,1,1,0.036247472111289314,0,0,0
TUR.40.25_1,2035,6,albopictus,23.133360133451575,68.58206205276099,0.4291160717311368,0.16070567718266615,0.16020260681822843,0.16127925171184057,3.461959443800784e-4,3.198389351293768e-4,3.7801030007492966e-4,0.9996538040556199,0.9996219896999251,0.9996801610648706,0.0420039336949638,1.454159149320619e-5,1.343449342424217e-5,1.5877919580360715e-5
TUR.40.25_1,2035,7,albopictus,24.69200044519761,71.5342336443122,0.5039257067329305,0.20689449529778792,0.206206571459967,0.2075679505659203,0.05221717865290993,0.05014657812382603,0.054269363076006424,0.94778282134709,0.9457306369239936,0.9498534218761739,0.047596989942615964,0.0024853805271743347,0.0023868261746163534,0.0025830583285208516
TUR.40.25_1,2035,8,albopictus,25.041758873883417,66.65827399336962,0.5983800118660455,0.1959482234286729,0.19523521550839162,0.19661596034623394,0.02439594514433333,0.022994278667812184,0.025744758712955187,0.9756040548556667,0.9742552412870449,0.9770057213321878,0.056262990313103334,0.0013725888253346265,0.0012937268779439157,0.0014484771100801803
TUR.40.25_1,2035,9,albopictus,22.341590713052188,76.00712503484583,0.476937765058454,0.15845928728287922,0.15799439893245223,0.15894584631044217,2.431721601715141e-4,2.2562372926934193e-4,2.624972086568006e-4,0.9997568278398284,0.9997375027913432,0.9997743762707306,0.04657429627023213,1.132557223250044e-5,1.0508266412584976e-5,1.2225622766090772e-5
TUR.40.25_1,2035,10,albopictus,17.900451379663807,70.45274492509431,0.47000226277751167,0.042236813897074926,0.04204316149298087,0.042422851178159256,0,0,0,1,1,1,0.04446519493883605,0,0,0
TUR.40.25_1,2035,11,albopictus,12.506323435727289,76.43519687397695,0.27262462462750203,3.8667969231432345e-4,3.789725009443987e-4,3.948652579192595e-4,0,0,0,1,1,1,0.026894195741446025,0,0,0
TUR.40.25_1,2035,12,albopictus,10.862317814546474,81.99856486732077,0.22423803426352829,1.1164179837347857e-8,9.597638187244648e-9,1.2892024668190852e-8,0,0,0,1,1,1,0.021466694016075594,0,0,0
TUR.40.25_1,2036,1,albopictus,8.860301852226257,83.0589357182274,0.24839483710446247,0,0,0,0,0,0,1,1,1,0.023751593447740138,0,0,0
TUR.40.25_1,2036,2,albopictus,8.432949223939112,79.00968980256147,0.19244281434160546,0,0,0,0,0,0,1,1,1,0.019711024030305335,0,0,0
TUR.40.25_1,2036,3,albopictus,8.05086406539468,74.59124103078193,0.22809340817142965,0,0,0,0,0,0,1,1,1,0.021831717378789084,0,0,0
TUR.40.25_1,2036,4,albopictus,14.52108601962819,74.96564875952384,0.30161157996457366,0.006084216510835039,0.00602902634350744,0.006140584870060136,0,0,0,1,1,1,0.029710848907869347,0,0,0
TUR.40.25_1,2036,5,albopictus,17.57430155137006,71.92083883817632,0.4215732376455257,0.03763639328878534,0.03746180826487548,0.03781335938924551,0,0,0,1,1,1,0.039976398661382695,0,0,0
TUR.40.25_1,2036,6,albopictus,23.02625297097599,78.3929522505149,0.47417328470218556,0.18561727390135474,0.18508646655872144,0.1861359442900323,0.00924608616343059,0.00873460483283131,0.009762392043024664,0.9907539138365694,0.9902376079569754,0.9912653951671687,0.04631068717189002,4.2819260387897486e-4,4.0450555198332953e-4,4.5210308395386353e-4
TUR.40.25_1,2036,7,albopictus,26.609984453986673,62.21379525930244,0.5568379358141056,0.19847889130192362,0.19770206830132742,0.19930247420050085,0.029783661930907035,0.028050206464860207,0.03167227545000829,0.970216338069093,0.9683277245499917,0.9719497935351398,0.05246134135349967,0.001562490855314547,0.0014715514563891745,0.0016615700538249519
TUR.40.25_1,2036,8,albopictus,25.97572837156408,65.93115454756884,0.6612099485857303,0.20735919964606345,0.2065617754358968,0.20810030039094993,0.053633497067681994,0.051208902891811875,0.05591798663016644,0.946366502932318,0.9440820133698337,0.9487910971081881,0.061983800191745875,0.003324407965827789,0.0031741224048845848,0.003466009310408954
TUR.40.25_1,2036,9,albopictus,22.15902120926801,66.54926599553919,0.5270162586638835,0.13185704765153794,0.13133451531977391,0.13232766251148834,1.9321538254936097e-6,1.7331154606115006e-6,2.1251114126263903e-6,0.9999980678461745,0.9999978748885874,0.9999982668845394,0.051336973233171546,9.919092922173546e-8,8.897290201140837e-8,1.0909678770750837e-7
TUR.40.25_1,2036,10,albopictus,17.436889367945057,85.45457597978181,0.519352528232285,0.042367278547331605,0.04217474789645507,0.04254433126791008,0,0,0,1,1,1,0.04901778890700936,0,0,0
TUR.40.25_1,2036,11,albopictus,13.65938625616186,81.62592410786367,0.3012502263753898,0.0027594961431078252,0.0027278360293925743,0.002792084050692328,0,0,0,1,1,1,0.029675786527648018,0,0,0
TUR.40.25_1,2036,12,albopictus,10.882262959199794,79.99801555091452,0.2477830411546976,1.5219553721792876e-8,1.3140752141808466e-8,1.7578015014435412e-8,0,0,0,1,1,1,0.02369379191526033,0,0,0
TUR.40.25_1,2037,1,albopictus,5.702842593193054,76.92491777389147,0.24777139523107855,0,0,0,0,0,0,1,1,1,0.02369269159326659,0,0,0
TUR.40.25_1,2037,2,albopictus,10.676847615662744,76.66093491974897,0.1853405018381179,2.171368721552297e-11,1.3191815618584352e-11,3.7415070603827775e-11,0,0,0,1,1,1,0.019662041261702234,0,0,0
TUR.40.25_1,2037,3,albopictus,9.787122572169583,70.37909808644599,0.2275209205007736,0,0,0,0,0,0,1,1,1,0.02177752336644856,0,0,0
TUR.40.25_1,2037,4,albopictus,11.861802381627701,76.09258662573478,0.3008545703155836,5.811883008410152e-5,5.629879683955145e-5,5.992071351171668e-5,0,0,0,1,1,1,0.02963739430264345,0,0,0
TUR.40.25_1,2037,5,albopictus,18.1533706889433,72.32895041044195,0.4205151383222466,0.047846128338995264,0.047632602509518424,0.048058224567080074,0,0,0,1,1,1,0.03987809037119028,0,0,0
TUR.40.25_1,2037,6,albopictus,22.639883265775794,68.9575045576438,0.47298316543735147,0.14930669351561196,0.14881712431615057,0.14980614908452358,5.282092881764877e-5,4.844180541698218e-5,5.7568488167802916e-5,0.9999471790711824,0.9999424315118323,0.999951558194583,0.046197180015284944,2.4401779571634726e-6,2.237874805113731e-6,2.6595018110957927e-6
TUR.40.25_1,2037,7,albopictus,25.91009813196519,66.83108194143134,0.5554403379818722,0.21015771659082325,0.20941973130333497,0.2108993190295678,0.06246919125137576,0.060086004999824305,0.06488717743646763,0.9375308087486243,0.9351128225635325,0.9399139950001757,0.05233317675338234,0.003269211227399093,0.00314449152006042,0.003395752125810743
TUR.40.25_1,2037,8,albopictus,25.611371376935175,68.80636054122118,0.6595503892573171,0.21382199634358479,0.21304149316343163,0.21453425406379642,0.07470738787083617,0.07204438711564105,0.07715279881515347,0.9252926121291638,0.9228472011848465,0.927955612884359,0.06183314033248111,0.004619392398090509,0.004454730698689027,0.004770599836181066
TUR.40.25_1,2037,9,albopictus,22.082750152139102,70.01689065984583,0.5256935097394886,0.13732136713600726,0.13687720171643547,0.13777499670271037,5.768356356835591e-6,5.283160093286221e-6,6.29525001706599e-6,0.9999942316436432,0.9999937047499828,0.9999947168399067,0.05121148063376757,2.9540606985675594e-7,2.70558450802421e-7,3.223890743336999e-7
TUR.40.25_1,2037,10,albopictus,17.7336098727058,76.7398771882779,0.5180490143713603,0.042920171208185635,0.042718340719040515,0.04311152718466802,0,0,0,1,1,1,0.04889781826019879,0,0,0
TUR.40.25_1,2037,11,albopictus,11.839385607663324,77.60247897846914,0.30049412368147665,5.536736857189143e-5,5.3705465947904956e-5,5.719818183134128e-5,0,0,0,1,1,1,0.02960241727877111,0,0,0
TUR.40.25_1,2037,12,albopictus,7.915386929231532,77.13404002601217,0.24716113481730745,0,0,0,0,0,0,1,1,1,0.023635031661433437,0,0,0
TUR.40.25_1,2038,1,albopictus,6.8493412733078,76.706419543911,0.22886577846519435,0,0,0,0,0,0,1,1,1,0.0219048283357971,0,0,0
TUR.40.25_1,2038,2,albopictus,6.694483914796044,73.07373856965131,0.1711985283642219,0,0,0,0,0,0,1,1,1,0.01817549603723667,0,0,0
TUR.40.25_1,2038,3,albopictus,6.833567465052885,75.95654407033271,0.21016046884251338,0,0,0,0,0,0,1,1,1,0.02013268553587233,0,0,0
TUR.40.25_1,2038,4,albopictus,14.691451353185318,75.63330470434806,0.2778985660385502,0.007115837407244388,0.007058136117482867,0.007175543973089255,0,0,0,1,1,1,0.027407270733022404,0,0,0
TUR.40.25_1,2038,5,albopictus,18.35087854721967,67.12993765409429,0.3884287142943289,0.048005600327122595,0.04780160426927513,0.048239226183511716,0,0,0,1,1,1,0.03689214604306701,0,0,0
TUR.40.25_1,2038,6,albopictus,21.007192836088294,71.16222410110083,0.4368932913252338,0.11132031588241306,0.1109301590622764,0.11171053428216005,1.8539454059829375e-8,1.6798490309888337e-8,2.0405101935905277e-8,0.9999999814605459,0.9999999795948981,0.9999999832015096,0.04274869862519759,7.925375342793419e-10,7.181135996157186e-10,8.722915530744507e-10
TUR.40.25_1,2038,7,albopictus,22.771607455085306,75.42993219167548,0.513058762189376,0.16955013858446544,0.16900711213989184,0.1700623320245902,0.0012754768653627387,0.0011813959817173953,0.0013687291260738004,0.9987245231346372,0.9986312708739262,0.9988186040182826,0.04843839381174264,6.178205070220739e-5,5.72249238100375e-5,6.629904043036511e-5
TUR.40.25_1,2038,8,albopictus,26.395169594708612,68.444498358604,0.6092249395198305,0.222955542286496,0.22212709296883598,0.22378076910098316,0.10707224640212329,0.10408383755586112,0.11005093027947915,0.8929277535978767,0.8899490697205208,0.8959161624441389,0.05725293135205489,0.006130199972971071,0.005959104806444149,0.006300738356520799
TUR.40.25_1,2038,9,albopictus,21.688878844766055,68.46816934636927,0.4855816960970041,0.1240049633135214,0.12354519826104363,0.12443366368020368,3.6317572370725414e-7,3.2768410559713694e-7,3.9868283781829824e-7,0.9999996368242763,0.9999996013171623,0.9999996723158944,0.04739807478804703,1.7213830113479535e-8,1.5531595743947396e-8,1.8896798963622528e-8
TUR.40.25_1,2038,10,albopictus,18.78129931057201,74.75945421464509,0.4785204960671598,0.06213064605151762,0.06188487753940406,0.06237273375498844,1.304067964724709e-15,1.1102230246251565e-15,1.4432899320127035e-15,0.9999999999999987,0.9999999999999986,0.9999999999999989,0.04525256085256668,5.901241492958767e-17,5.0240434981770533e-17,6.531256547630169e-17
TUR.40.25_1,2038,11,albopictus,10.594828226987055,73.85797977192617,0.2775656224417596,1.1260347991750081e-13,3.749146640001033e-14,3.4473423635235184e-13,0,0,0,1,1,1,0.027374888341800463,0,0,0
TUR.40.25_1,2038,12,albopictus,8.483798756318935,76.43052592689108,0.22830208254487253,0,0,0,0,0,0,1,1,1,0.021851470597417766,0,0,0
TUR.40.25_1,2039,1,albopictus,9.19841182231903,86.89681871383287,0.2529239283018738,0,0,0,0,0,0,1,1,1,0.024179388534741997,0,0,0
TUR.40.25_1,2039,2,albopictus,7.721834340516259,77.24202012482709,0.18919475250409187,0,0,0,0,0,0,1,1,1,0.02006679356544272,0,0,0
TUR.40.25_1,2039,3,albopictus,10.050323332057278,76.91934314259834,0.23225233457738517,0,0,0,0,0,0,1,1,1,0.022225328154211743,0,0,0
TUR.40.25_1,2039,4,albopictus,12.844099325292252,77.50166713110588,0.30711099520113266,7.793246455629111e-4,7.660832269712062e-4,7.915496165609497e-4,0,0,0,1,1,1,0.0302443045038715,0,0,0
TUR.40.25_1,2039,5,albopictus,19.524533103494083,67.6506667190357,0.42925996600889166,0.07143701187684735,0.0711416617526527,0.0717224009037846,6.961720089293522e-14,6.17284001691587e-14,7.782663402622347e-14,0.9999999999999304,0.9999999999999222,0.9999999999999383,0.04069027252865687,2.8327428770157883e-15,2.5117454256410563e-15,3.1667869485150728e-15
TUR.40.25_1,2039,6,albopictus,25.050960765165442,63.58534650710669,0.48281909262165174,0.185237795314588,0.18456312085930124,0.18586952019554864,0.00888180217143465,0.008255484502403486,0.009492819952005004,0.9911181978285654,0.990507180047995,0.9917445154975966,0.04713487229459301,4.1864261109641115e-4,3.8912120775078e-4,4.474428561533205e-4
TUR.40.25_1,2039,7,albopictus,23.92307191736558,71.38904626638251,0.5669910043032858,0.1884651387987176,0.18788464505619354,0.1890529959222594,0.012387637325402358,0.01168443769880297,0.013122998608651258,0.9876123626745976,0.9868770013913488,0.9883155623011971,0.053391892980588884,6.61399406360231e-4,6.238542471528464e-4,7.006617372975248e-4
TUR.40.25_1,2039,8,albopictus,24.817717888775995,70.93858939253954,0.6732660774195234,0.20737608426843412,0.2067122741204574,0.20805398642561038,0.05368431672347917,0.051661905590485085,0.055773777686810494,0.9463156832765208,0.9442262223131895,0.9483380944095149,0.06307756627999228,0.0033862760463213553,0.003258707274034527,0.0035180741587253436
TUR.40.25_1,2039,9,albopictus,22.773118804482852,70.4004050641427,0.5366255755314617,0.15631954459586872,0.15581557281476863,0.15681534503490552,1.7234728173327651e-4,1.5860876531244295e-4,1.8663453044881207e-4,0.9998276527182667,0.9998133654695511,0.9998413912346876,0.05224813574307041,9.00482417094943e-6,8.287012300085316e-6,9.75130628123374e-6
TUR.40.25_1,2039,10,albopictus,16.439477640039783,76.74896379716462,0.5288221089666904,0.02328311880993332,0.023159278893572808,0.023417684544567777,0,0,0,1,1,1,0.049888880303121996,0,0,0
TUR.40.25_1,2039,11,albopictus,14.163431742612055,76.78032016499257,0.306743052894651,0.0044594761122473585,0.0044144120677223385,0.004504338242494574,0,0,0,1,1,1,0.030208622432695842,0,0,0
TUR.40.25_1,2039,12,albopictus,11.74702335806454,77.37958445960592,0.2523009772102268,3.758710028313304e-5,3.643290542084395e-5,3.874882865501893e-5,0,0,0,1,1,1,0.024120558840646122,0,0,0
TUR.40.25_1,2040,1,albopictus,6.899595141410828,77.81082017867662,0.21417339056372448,0,0,0,0,0,0,1,1,1,0.020513140446790534,0,0,0
TUR.40.25_1,2040,2,albopictus,7.085092702332665,76.12118577424116,0.1659298982121498,0,0,0,0,0,0,1,1,1,0.017018679819723936,0,0,0
TUR.40.25_1,2040,3,albopictus,8.15115817855386,72.7130595732624,0.1966688968368779,0,0,0,0,0,0,1,1,1,0.0188524999480143,0,0,0
TUR.40.25_1,2040,4,albopictus,11.958428663365982,75.58618556372306,0.26005844351397817,8.191263561581e-5,7.951770834184308e-5,8.428637983802689e-5,0,0,0,1,1,1,0.02567060473125371,0,0,0
TUR.40.25_1,2040,5,albopictus,17.081637214211856,76.33883047635992,0.36349294023167494,0.03199447981614596,0.031833000066303505,0.03214772720210031,0,0,0,1,1,1,0.03456522604774814,0,0,0
TUR.40.25_1,2040,6,albopictus,23.954696879667395,66.95272092727271,0.40884625978234884,0.17522578846542913,0.17463780111263585,0.1758032133065114,0.002729142642586833,0.0025280837605160447,0.002936317870432598,0.9972708573574132,0.9970636821295674,0.997471916239484,0.04006012431680406,1.0932979354031969e-4,1.0127534972956625e-4,1.1762925892318321e-4
TUR.40.25_1,2040,7,albopictus,26.480446871589212,62.327896669214546,0.4801221720146213,0.19797234864265154,0.197227986789225,0.198735476377493,0.02865114072315076,0.027028585443517723,0.030358677949634354,0.9713488592768492,0.9696413220503656,0.9729714145564823,0.04540053609468886,0.001300777148555416,0.0012271122690168084,0.0013783002540394091
TUR.40.25_1,2040,8,albopictus,25.56899009031408,62.88572913252977,0.5701148148401981,0.19037784991183568,0.1896157303973204,0.19104813022947,0.014918216547274132,0.0138619580958039,0.015882668593966143,0.9850817834527259,0.9841173314060339,0.9861380419041961,0.05367801338028799,8.007802274346146e-4,7.440823721435532e-4,8.525500973015945e-4
TUR.40.25_1,2040,9,albopictus,22.017030547646915,74.20180429509973,0.45440903811049854,0.14476401018711244,0.14427255918574736,0.14522520229370375,2.349008251961182e-5,2.1454662446365735e-5,2.5522782100306783e-5,0.9999765099174804,0.9999744772178997,0.9999785453375537,0.0444239281925245,1.0435217390877105e-6,9.531003839122034e-7,1.1338222392974781e-6
TUR.40.25_1,2040,10,albopictus,16.145648675806385,81.07734056718415,0.4478011425920761,0.020927540815598226,0.020808089960469435,0.021046197429403758,0,0,0,1,1,1,0.04241002573800212,0,0,0
TUR.40.25_1,2040,11,albopictus,9.42222748083227,83.00851535542226,0.2597468737394609,0,0,0,0,0,0,1,1,1,0.025640247099331215,0,0,0
TUR.40.25_1,2040,12,albopictus,7.378891720491298,78.92935100013327,0.21364588196321682,0,0,0,0,0,0,1,1,1,0.020463137130889653,0,0,0
TUR.40.25_1,2041,1,albopictus,8.485793948173523,81.23016221969225,0.25624980058814617,0,0,0,0,0,0,1,1,1,0.024493414260094104,0,0,0
TUR.40.25_1,2041,2,albopictus,7.247332730714013,77.25593614045209,0.1916826056237481,0,0,0,0,0,0,1,1,1,0.020327965528818548,0,0,0
TUR.40.25_1,2041,3,albopictus,10.201903188929837,74.98739734181709,0.235306381729741,0,0,0,0,0,0,1,1,1,0.022514269642275986,0,0,0
TUR.40.25_1,2041,4,albopictus,13.486146253698013,71.11954890600822,0.3111494108409922,0.0018803377670906579,0.001853240336350184,0.0019039136431485272,0,0,0,1,1,1,0.030635853093506027,0,0,0
TUR.40.25_1,2041,5,albopictus,18.808184455422793,67.8567214065357,0.4349046032487942,0.05700821335260727,0.05676695745228372,0.05724558386356101,1.1102230246251565e-16,1.1102230246251565e-16,1.1102230246251565e-16,0.9999999999999999,0.9999999999999999,0.9999999999999999,0.04121415737134004,4.5756906454186334e-18,4.5756906454186334e-18,4.5756906454186334e-18
TUR.40.25_1,2041,6,albopictus,21.99218963174259,69.38394193557349,0.48916801599246446,0.13361548315298283,0.13315915400469416,0.1340669015324397,2.763558790208287e-6,2.517120765463399e-6,3.02365255105963e-6,0.9999972364412097,0.9999969763474489,0.9999974828792345,0.04773964705869871,1.31931321270508e-7,1.2016645694734418e-7,1.443481056157207e-7
TUR.40.25_1,2041,7,albopictus,23.35569673426011,67.54564721853095,0.5744467625640358,0.1632782662848356,0.1627460335296426,0.16381432536151222,5.131981969299202e-4,4.7312000685155453e-4,5.558180744436425e-4,0.99948680180307,0.9994441819255564,0.9995268799931484,0.05407464804631479,2.775101187698878e-5,2.5583797854167854e-5,3.005566675332036e-5
TUR.40.25_1,2041,8,albopictus,23.479001381817987,71.099527655479,0.6821193203815904,0.17647113444510024,0.17595145006698443,0.17702815663490146,0.0031971591423897035,0.0029921736771214985,0.0034264380592362227,0.9968028408576103,0.9965735619407637,0.9970078263228784,0.06387994527422414,2.0423435104883963e-4,1.9113989074549532e-4,2.1888067570952866e-4
TUR.40.25_1,2041,9,albopictus,22.859775374917422,70.38214029363489,0.5436820376928231,0.15852419747608945,0.15799324492487454,0.15901275698156292,2.457105998559159e-4,2.2558209851357148e-4,2.652910792279084e-4,0.9997542894001441,0.9997347089207721,0.9997744179014865,0.05291667735524885,1.3002188535340159e-05,1.1937055124162624e-5,1.403832244472899e-5
TUR.40.25_1,2041,10,albopictus,16.579162317163807,79.75568529374665,0.5357759579298507,0.02607590538265117,0.025933860049316783,0.02621508275472789,0,0,0,1,1,1,0.050528045462445936,0,0,0
TUR.40.25_1,2041,11,albopictus,12.907512286130121,83.45500278218007,0.31077663020573587,9.676635740225143e-4,9.529266535355136e-4,9.816545334819012e-4,0,0,0,1,1,1,0.030599716401709443,0,0,0
TUR.40.25_1,2041,12,albopictus,10.816540493684657,81.53170695716452,0.2556186578802083,3.716354534823636e-9,3.0670617407306994e-9,4.476915615929873e-9,0,0,0,1,1,1,0.024433830130643597,0,0,0
TUR.40.25_1,2042,1,albopictus,9.968113780021667,80.61681230514147,0.24438833806312435,0,0,0,0,0,0,1,1,1,0.02337300344778659,0,0,0
TUR.40.25_1,2042,2,albopictus,9.421793141785791,77.81257676545209,0.18280987269640078,0,0,0,0,0,0,1,1,1,0.019396197529431336,0,0,0
TUR.40.25_1,2042,3,albopictus,9.572913015589993,67.8282939482624,0.22441436221448788,0,0,0,0,0,0,1,1,1,0.02148339156130108,0,0,0
TUR.40.25_1,2042,4,albopictus,13.867657941930435,68.99641810766838,0.2967467183592725,0.002898134034804527,0.0028644565003641807,0.0029333209284151994,0,0,0,1,1,1,0.029238701826952096,0,0,0
TUR.40.25_1,2042,5,albopictus,18.877177070168887,61.07975912626226,0.41477344747206774,0.05306145818011254,0.05281307228622548,0.05330120693103004,0,0,0,1,1,1,0.0393444527873793,0,0,0
TUR.40.25_1,2042,6,albopictus,22.536342845243567,63.89416913894263,0.4665250789957661,0.13510272690300298,0.13458634777041842,0.13559606934067378,3.72510125373815e-6,3.355836308341353e-6,4.1037620151201935e-6,0.9999962748987462,0.9999958962379848,0.9999966441636916,0.045581006965790816,1.6979386619491473e-7,1.5296239814656095e-7,1.8705360499714132e-7
TUR.40.25_1,2042,7,albopictus,24.81072145349839,75.17224176198798,0.5478563857866319,0.22366064418344273,0.22301696276771765,0.2243316710342506,0.10961729214423815,0.10729359017441212,0.11204023967652652,0.8903827078557618,0.8879597603234735,0.8927064098255879,0.0516373995341205,0.005660351910300434,0.0055403619832863045,0.005785466620075419
TUR.40.25_1,2042,8,albopictus,25.046466210309198,69.54267340743212,0.6505449240787279,0.2067324249685456,0.2060468632471258,0.20741520213475884,0.051727586330613355,0.04967210747964466,0.0538000015031983,0.9482724136693866,0.9461999984968017,0.9503278925203553,0.06101517470035356,0.0031561677167899946,0.0030307523156052575,0.0032826164905969285
TUR.40.25_1,2042,9,albopictus,22.402284453896915,72.86994089177942,0.5185157191207912,0.1524630941894665,0.1519729958969507,0.15295417252943333,9.086680487471777e-5,8.354620918971101e-5,9.863682060700927e-5,0.9999091331951253,0.9999013631793929,0.9999164537908103,0.05053021563079607,4.5915192440009605e-6,4.221607965491694e-6,4.984139814408328e-6
TUR.40.25_1,2042,10,albopictus,15.307927804834703,74.46146532304353,0.5109756012770597,0.011256209618989205,0.011178071367194432,0.01133965008246704,0,0,0,1,1,1,0.04824654325386357,0,0,0
TUR.40.25_1,2042,11,albopictus,12.483885386410883,79.72575473530507,0.296391193243923,3.921793731121353e-4,3.8414988776895614e-4,4.0001148771273064e-4,0,0,0,1,1,1,0.02920418821118187,0,0,0
TUR.40.25_1,2042,12,albopictus,9.649729504304775,77.44347300941061,0.2437864101118847,0,0,0,0,0,0,1,1,1,0.02331611220173402,0,0,0
TUR.40.25_1,2043,1,albopictus,5.6528133153915405,82.5908189579735,0.2216877140072236,0,0,0,0,0,0,1,1,1,0.02122515711633932,0,0,0
TUR.40.25_1,2043,2,albopictus,8.180149236146143,75.65657090607709,0.16582911892280555,0,0,0,0,0,0,1,1,1,0.017610495914974433,0,0,0
TUR.40.25_1,2043,3,albopictus,8.913567388758938,70.46402850636787,0.2035690710285395,0,0,0,0,0,0,1,1,1,0.019507451119111674,0,0,0
TUR.40.25_1,2043,4,albopictus,12.591725629918717,65.88570414892814,0.26918265475998515,3.781629578632984e-4,3.700584884963182e-4,3.8593912366626534e-4,0,0,0,1,1,1,0.026559198006531504,0,0,0
TUR.40.25_1,2043,5,albopictus,17.23629648545209,73.23359060819585,0.3762461749595746,0.03298961278028911,0.03282493128831123,0.03314875174253781,0,0,0,1,1,1,0.03575601522689309,0,0,0
TUR.40.25_1,2043,6,albopictus,22.222952113432044,66.88024930862036,0.4231907263222076,0.13413877216572997,0.1336718956892235,0.13459141554005258,3.071009552430004e-6,2.7923076455577124e-6,3.3592424388800837e-6,0.9999969289904476,0.9999966407575611,0.9999972076923545,0.04143611972755745,1.2725071949896227e-7,1.1570239391750342e-7,1.391939718913272e-7
TUR.40.25_1,2043,7,albopictus,25.161389406989603,64.74418695241766,0.49696737058675555,0.1911000047860754,0.19042940165012093,0.19176101715250402,0.01596574777407277,0.014984879137594316,0.016964955196252348,0.9840342522259272,0.9830350448037476,0.9850151208624056,0.04695543780314937,7.496786765862443e-4,7.036215603330204e-4,7.965968985508429e-4
TUR.40.25_1,2043,8,albopictus,24.369956353131464,68.9133704289165,0.59011742631011,0.19059756928305002,0.18995668073224628,0.19120608189806762,0.015230200255361528,0.014324587344477554,0.016118020286669095,0.9847697997446385,0.9838819797133309,0.9856754126555225,0.05550807165253391,8.45399047057048e-4,7.951302207102405e-4,8.946802249694232e-4
TUR.40.25_1,2043,9,albopictus,21.74436361649457,71.07567514470911,0.4703520853724582,0.13058322615858955,0.13013701568118577,0.13102200021880495,1.4852137858216708e-6,1.3519879201284724e-6,1.6247801423591168e-6,0.9999985147862142,0.9999983752198576,0.9999986480120799,0.04594619383994669,6.823992049712355e-8,6.211869904748916e-8,7.465246336812815e-8
TUR.40.25_1,2043,10,albopictus,17.26113672817455,79.0339445710904,0.4635123502960236,0.03601438483814804,0.03583207863291128,0.036187068621353506,0,0,0,1,1,1,0.04386487702987174,0,0,0
TUR.40.25_1,2043,11,albopictus,13.203760722104242,80.6591348622582,0.2688601534871395,0.0014805584204725995,0.0014609820474720547,0.0015005002539811945,0,0,0,1,1,1,0.02652780391053411,0,0,0
TUR.40.25_1,2043,12,albopictus,9.037928356843837,81.59160533362936,0.22114169764422964,0,0,0,0,0,0,1,1,1,0.021173437000230444,0,0,0
TUR.40.25_1,2044,1,albopictus,9.898720622062683,80.42725999801256,0.23515047137838269,0,0,0,0,0,0,1,1,1,0.022499521130012634,0,0,0
TUR.40.25_1,2044,2,albopictus,5.118515649262597,74.08553361359662,0.18218179988491448,0,0,0,0,0,0,1,1,1,0.018669910252621325,0,0,0
TUR.40.25_1,2044,3,albopictus,8.927410925135892,76.40140643605537,0.21593151079568046,0,0,0,0,0,0,1,1,1,0.020679776818775086,0,0,0
TUR.40.25_1,2044,4,albopictus,11.65243367587819,74.15810023657463,0.28552970757609236,2.219369108339002e-5,2.1304900200304274e-5,2.3018398465825496e-5,0,0,0,1,1,1,0.028149186891199718,0,0,0
TUR.40.25_1,2044,5,albopictus,16.881535361794864,74.64574575956304,0.3990950323623911,0.02841491496893906,0.028260906699661505,0.02856375540395042,0,0,0,1,1,1,0.037885776488548406,0,0,0
TUR.40.25_1,2044,6,albopictus,21.796142802518958,65.83392362502661,0.4488904548602303,0.12161163627030726,0.121187052785529,0.12203373867115704,2.1289510638800024e-7,1.9316494565269072e-7,2.3384311246543721e-7,0.9999997871048936,0.9999997661568876,0.9999998068350543,0.043896440046125806,9.345337273674428e-9,8.479253455856487e-9,1.0264880166538519e-8
TUR.40.25_1,2044,7,albopictus,25.16977029688218,62.400364473169624,0.5271474424123614,0.18300386845293873,0.1823070143772706,0.18363372419112323,0.006956708591880096,0.006427616829871786,0.007457064929848545,0.9930432914081199,0.9925429350701515,0.9935723831701282,0.049734888536605903,3.459911263988052e-4,3.1967680658968536e-4,3.708762930962503e-4
TUR.40.25_1,2044,8,albopictus,24.662564614239862,71.8811324223247,0.6259543592068377,0.2075527336321178,0.20684381315092792,0.20821971791284236,0.054226809215544895,0.05205923408573233,0.05629049519232815,0.9457731907844551,0.9437095048076719,0.9479407659142677,0.058777981480395036,0.003187342387812213,0.0030599366969747245,0.0033086416839369303
TUR.40.25_1,2044,9,albopictus,22.278035949258243,68.2880126386056,0.4989158514464851,0.13857440768561388,0.13809961588105207,0.1390677079786629,7.358177158657608e-6,6.70473524324311e-6,8.081989415101298e-6,0.9999926418228413,0.9999919180105848,0.9999932952647568,0.048667442508349534,3.5810366383521987e-7,3.2630231698423893e-7,3.933297552125319e-7
TUR.40.25_1,2044,10,albopictus,19.614127832300525,76.94293352372712,0.4916607496717677,0.08364931585768352,0.08336223738494147,0.0839467343171187,6.1212140911592886e-12,5.546907377862453e-12,6.7587407892588655e-12,0.9999999999938788,0.9999999999932413,0.9999999999944531,0.04646588183158773,2.8442761062565717e-13,2.577419427505189e-13,3.1405085084403446e-13
TUR.40.25_1,2044,11,albopictus,11.131095507565668,73.75331210835195,0.2851876212919273,4.771475553514678e-7,4.415086885619533e-7,5.151569727613512e-7,0,0,0,1,1,1,0.028115940639206638,0,0,0
TUR.40.25_1,2044,12,albopictus,7.754013790803798,78.64617839271139,0.2345712962729271,0,0,0,0,0,0,1,1,1,0.022444731471059076,0,0,0
TUR.40.25_1,2045,1,albopictus,7.828082919120789,79.87739427535631,0.24451583308120475,0,0,0,0,0,0,1,1,1,0.02338505321957096,0,0,0
TUR.40.25_1,2045,2,albopictus,5.854957261506249,74.80857896271772,0.18290524282825496,0,0,0,0,0,0,1,1,1,0.019406217511874324,0,0,0
TUR.40.25_1,2045,3,albopictus,9.964303816066067,73.48667254933662,0.22453143700371395,0,0,0,0,0,0,1,1,1,0.021494477913886922,0,0,0
TUR.40.25_1,2045,4,albopictus,12.496879858129166,77.1166649948754,0.29690152823490884,3.836921654635592e-4,3.7622576800401205e-4,3.910379914005949e-4,0,0,0,1,1,1,0.02925373005421017,0,0,0
TUR.40.25_1,2045,5,albopictus,19.734297584084903,65.16477346952398,0.4149898307438877,0.07332227036233342,0.07303772149757233,0.07362150175938788,1.4600187725477553e-13,1.305622276959184e-13,1.6364687382974807e-13,0.999999999999854,0.9999999999998364,0.9999999999998694,0.03936456900808738,5.7473009725059144e-15,5.139525821985598e-15,6.4418886578288865e-15
TUR.40.25_1,2045,6,albopictus,22.06880210427677,72.81436948684302,0.46676846059021104,0.14310422802278353,0.14263709124393506,0.14354312571338776,1.7318010698659568e-5,1.58668300778958e-5,1.876407884657816e-5,0.9999826819893013,0.9999812359211534,0.9999841331699221,0.045604235484749234,7.897746380290776e-7,7.235946552688622e-7,8.557214703737521e-7
TUR.40.25_1,2045,7,albopictus,25.216097887824564,64.86488015920477,0.5481421971324798,0.19238029630788095,0.19171732377099926,0.1930586944217927,0.017953672536993027,0.01689713249136165,0.019069028222478846,0.982046327463007,0.9809309717775212,0.9831028675086383,0.05166363008663777,9.275518966478352e-4,8.729672025586164e-4,9.851752201978027e-4
TUR.40.25_1,2045,8,albopictus,25.961741784039667,67.3263114079204,0.6508843070358481,0.21288242007352298,0.21216139889922658,0.21362945990215257,0.07150872944796066,0.06907697573264197,0.07404581056933586,0.9284912705520394,0.9259541894306641,0.9309230242673581,0.06104601375327756,0.004365322881359611,0.004216874010609682,0.0045202015703882615
TUR.40.25_1,2045,9,albopictus,22.023759673623477,72.83872903875208,0.5187862237263228,0.14191041090228235,0.14143422978460105,0.14235583887013512,1.3868615918000038e-5,1.2671809690448233e-5,1.5057569275339633e-5,0.999986131384082,0.9999849424307247,0.9999873281903096,0.0505558988783712,7.01140343933379e-7,6.406347293162651e-7,7.612489496381395e-7
TUR.40.25_1,2045,10,albopictus,17.314506250269275,76.7648024202115,0.5112421722764772,0.03581484694731119,0.035651617401031836,0.03598257489664913,0,0,0,1,1,1,0.0482710955052531,0,0,0
TUR.40.25_1,2045,11,albopictus,13.269350626889398,79.64449405415273,0.2965458176455659,0.0016022090042834725,0.0015798444129890388,0.0016240744037302644,0,0,0,1,1,1,0.029219198967281645,0,0,0
TUR.40.25_1,2045,12,albopictus,11.231607212739833,81.67901530677389,0.24391359111000974,1.7839945786720216e-6,1.6789361884061033e-6,1.8924106469402618e-6,0,0,0,1,1,1,0.023328132995343087,0,0,0
TUR.40.25_1,2046,1,albopictus,7.42998206615448,77.42290361373522,0.24812385282497706,0,0,0,0,0,0,1,1,1,0.02372599169549472,0,0,0
TUR.40.25_1,2046,2,albopictus,7.995963254395654,80.56687211457319,0.1856041507846352,0,0,0,0,0,0,1,1,1,0.019689733556650046,0,0,0
TUR.40.25_1,2046,3,albopictus,7.215888822779935,74.24006762990302,0.2278445715668157,0,0,0,0,0,0,1,1,1,0.021808161862184483,0,0,0
TUR.40.25_1,2046,4,albopictus,14.612807554357193,81.14040004126213,0.30128253932253013,0.007184437792209168,0.0071259915090828374,0.007244369287405381,0,0,0,1,1,1,0.029678921926084234,0,0,0
TUR.40.25_1,2046,5,albopictus,18.670517753152286,74.88841391141851,0.4211133258317964,0.05988935584005072,0.05964779271497524,0.06013767543184791,4.508615703002761e-16,4.440892098500626e-16,5.551115123125783e-16,0.9999999999999996,0.9999999999999994,0.9999999999999996,0.03993366936898002,1.8004556879550364e-17,1.7734111676483985e-17,2.216763959560498e-17
TUR.40.25_1,2046,6,albopictus,23.235004649442786,70.55651883987036,0.4736559893050504,0.1686829321514795,0.16815379195421618,0.16920612277362038,0.0011294688396245411,0.0010472395102066546,0.0012148427891283565,0.9988705311603755,0.9987851572108717,0.9989527604897934,0.04626135198667547,5.22507555478528e-5,4.8446715596023664e-5,5.620026987634145e-5
TUR.40.25_1,2046,7,albopictus,24.16565233118394,68.89851434499579,0.5562304581040787,0.1860716042742298,0.18545113047605477,0.18667902656504823,0.009701049788585644,0.009081443481115248,0.010330597961723894,0.9902989502114143,0.989669402038276,0.9909185565188847,0.05240563565662848,5.083896807074321e-4,4.759188183075895e-4,5.413815528972113e-4
TUR.40.25_1,2046,8,albopictus,27.832982399884393,65.26152258956103,0.6604886070973373,0.21623637611964933,0.21535327930042092,0.21707022182945807,0.08307839299599815,0.07999099157905684,0.08600860523295298,0.9169216070040018,0.913991394767047,0.9200090084209431,0.06191831758344657,0.005144074321848597,0.004952907620406842,0.0053255081337232665
TUR.40.25_1,2046,9,albopictus,23.8480146632475,66.00392831853723,0.5264413146642581,0.17006530890318816,0.16949583850745062,0.17065323280570321,0.001370364737496448,0.001265066904280368,0.0014849627900535428,0.9986296352625036,0.9985150372099465,0.9987349330957196,0.051282428853697715,7.027563215427774e-5,6.487570351392559e-5,7.615249863130927e-5
TUR.40.25_1,2046,10,albopictus,14.329317766077379,84.7081617952115,0.5187859449155684,0.005860010268573409,0.005807529655284107,0.005912212273557641,0,0,0,1,1,1,0.04896564451082508,0,0,0
TUR.40.25_1,2046,11,albopictus,12.387810328427484,83.17613315327382,0.3009215799490359,3.3598526023142204e-4,3.2951088903500933e-4,3.4244947636473996e-4,0,0,0,1,1,1,0.029643896645109802,0,0,0
TUR.40.25_1,2046,12,albopictus,8.743160023408779,79.50363078528952,0.24751272430890997,0,0,0,0,0,0,1,1,1,0.023668251708810262,0,0,0
TUR.40.25_1,2047,1,albopictus,8.907557368278503,79.98033006637193,0.24645196829005006,0,0,0,0,0,0,1,1,1,0.02356802239233413,0,0,0
TUR.40.25_1,2047,2,albopictus,7.228053250733544,81.73971604767866,0.18435353055694606,0,0,0,0,0,0,1,1,1,0.019558368057618014,0,0,0
TUR.40.25_1,2047,3,albopictus,10.29783614944009,75.39383044728584,0.2263093309551913,0,0,0,0,0,0,1,1,1,0.021662819468551087,0,0,0
TUR.40.25_1,2047,4,albopictus,11.657979292028092,73.87763606421134,0.2992524659845501,2.2646529976321315e-5,2.1788378842435567e-5,2.3512553491440097e-5,0,0,0,1,1,1,0.0294819196353181,0,0,0
TUR.40.25_1,2047,5,albopictus,17.851637671975528,70.90745688016851,0.4182758200906354,0.04167148548857937,0.041477289046183405,0.04186664636039566,0,0,0,1,1,1,0.03967000151858069,0,0,0
TUR.40.25_1,2047,6,albopictus,23.089346156400794,65.23323087600318,0.47046444558856115,0.15098443825997712,0.15045098407320237,0.1515448170015134,7.06341396732355e-5,6.43688851762636e-5,7.766715398709877e-5,0.9999293658603268,0.999922332846013,0.9999356311148238,0.04595691354890652,3.2461270505642724e-6,2.9581952912850366e-6,3.5693426813747087e-6
TUR.40.25_1,2047,7,albopictus,25.377366122077493,68.91538675100165,0.5524825189592858,0.21035806850189678,0.2096373934731309,0.2110748025597618,0.06311989564514071,0.06078422389989346,0.06546480331389225,0.9368801043548592,0.9345351966861077,0.9392157761001065,0.05206187725352984,0.0032861402593329287,0.0031645408036273283,0.0034082205545543317
TUR.40.25_1,2047,8,albopictus,25.919394829693964,71.5464041813579,0.6560381656136623,0.2303210988767401,0.2295661514653247,0.23105613077929005,0.13358099928709757,0.13088336104884954,0.13620237925107628,0.8664190007129025,0.8637976207489236,0.8691166389511504,0.06151421015136327,0.008217129662375627,0.008051186576875684,0.008378381780366385
TUR.40.25_1,2047,9,albopictus,22.510459731606876,66.29239191106653,0.5228940978912111,0.13985585289599858,0.13936362805626848,0.14034812845579275,9.408545689055913e-6,8.55412817082346e-6,1.0321121647535737e-5,0.9999905914543109,0.9999896788783524,0.9999914458718292,0.050945838471149085,4.793262489230687e-7,4.35797232052278e-7,5.258181962964358e-7
TUR.40.25_1,2047,10,albopictus,16.26283236110912,82.21811052568025,0.5152903108265167,0.022698477857906754,0.022573729001398972,0.022826949005128182,0,0,0,1,1,1,0.04864386736675008,0,0,0
TUR.40.25_1,2047,11,albopictus,13.742910960141351,78.98502444966054,0.2988939387931593,0.0029265090353516312,0.0028923158769732114,0.0029594899174857714,0,0,0,1,1,1,0.029447123299395472,0,0,0
TUR.40.25_1,2047,12,albopictus,7.840252651887782,73.22788157874655,0.2458449576219981,0,0,0,0,0,0,1,1,1,0.023510662195302845,0,0,0
TUR.40.25_1,2048,1,albopictus,7.7305744886398315,81.73588426559068,0.2561704789259053,0,0,0,0,0,0,1,1,1,0.024485925960006982,0,0,0
TUR.40.25_1,2048,2,albopictus,8.084385075989893,76.10518693390912,0.19846695885633803,0,0,0,0,0,0,1,1,1,0.020321737418601216,0,0,0
TUR.40.25_1,2048,3,albopictus,11.615430677638333,75.08541980275459,0.23523354306492308,1.8934778270522818e-5,1.8212946884597163e-5,1.964296075337079e-5,0,0,0,1,1,1,0.022507379415848794,0,0,0
TUR.40.25_1,2048,4,albopictus,15.267771047704361,69.85170375219963,0.3110530951037056,0.010272813490074098,0.010198156207577734,0.010352063916986762,0,0,0,1,1,1,0.030626516546292448,0,0,0
TUR.40.25_1,2048,5,albopictus,17.772066901711856,67.39985800321539,0.434769979315559,0.03847013487520237,0.03827361294253988,0.03864943277423454,0,0,0,1,1,1,0.04120166611049414,0,0,0
TUR.40.25_1,2048,6,albopictus,22.43770431069767,64.6229098310813,0.4890165949179717,0.1344249858459756,0.13394153395434238,0.13489778137386166,3.2526215749999475e-6,2.9483157545945324e-6,3.5714003689957252e-6,0.999996747378425,0.999996428599631,0.9999970516842455,0.04772522772094545,1.5523210535693276e-7,1.407090407812752e-7,1.7044589589298957e-7
TUR.40.25_1,2048,7,albopictus,25.17393403894761,65.02974374563055,0.5742689436078029,0.19231294431243168,0.19161719054785561,0.19300020310072713,0.017844967056786266,0.01674243720669249,0.018970425489062318,0.9821550329432137,0.9810295745109378,0.9832575627933076,0.0540583701521844,9.646698345092886e-4,9.050688677690866e-4,0.0010255102830321644
TUR.40.25_1,2048,8,albopictus,25.8506539849674,69.68430167281298,0.6819081715798542,0.22119872108768746,0.2204642804305053,0.22194508219490264,0.10074121023233087,0.09810104292180673,0.10342786022702309,0.8992587897676692,0.896572139772977,0.9018989570781933,0.06386081663093457,0.006433415953825311,0.006264812713332941,0.006604987616487853
TUR.40.25_1,2048,9,albopictus,20.18985922196332,76.18707193425989,0.5435137419015236,0.09751978428807588,0.09719153160901817,0.09786007740294417,4.612688383476282e-10,4.191344132875585e-10,5.079918652395321e-10,0.9999999995387312,0.9999999994920081,0.9999999995808656,0.052900738207403486,2.4401462060660998e-11,2.217251987103879e-11,2.687314467452708e-11
TUR.40.25_1,2048,10,albopictus,17.511777597315174,79.69127794511384,0.5356101094512405,0.040606417109510726,0.04041546576403961,0.040791534757222234,0,0,0,1,1,1,0.05051280645507594,0,0,0
TUR.40.25_1,2048,11,albopictus,12.849991419736078,84.13175296528554,0.31068042986202066,8.855481049392926e-4,8.719434123799968e-4,8.995810190791768e-4,0,0,0,1,1,1,0.03059039069280478,0,0,0
TUR.40.25_1,2048,12,albopictus,10.040267719941982,77.42675700599264,0.255539531587051,0,0,0,0,0,0,1,1,1,0.02442635981803387,0,0,0
TUR.40.25_1,2049,1,albopictus,6.600338339805603,80.20012529342272,0.23273490177042455,0,0,0,0,0,0,1,1,1,0.022270989214998815,0,0,0
TUR.40.25_1,2049,2,albopictus,9.135600247803858,81.96962022248334,0.17409274968624386,0,0,0,0,0,0,1,1,1,0.018479907845113108,0,0,0
TUR.40.25_1,2049,3,albopictus,9.836882436976712,75.5105449248249,0.21371336684801545,0,0,0,0,0,0,1,1,1,0.02046953426474374,0,0,0
TUR.40.25_1,2049,4,albopictus,13.191941541783951,74.2791863571801,0.28259662017997933,0.0013079145382747025,0.0012899843062779506,0.0013272531112133788,0,0,0,1,1,1,0.027864092745858215,0,0,0
TUR.40.25_1,2049,5,albopictus,17.60312540390912,70.92785788114507,0.3949953517399763,0.03759875907906595,0.03742174716822415,0.03777389974556473,0,0,0,1,1,1,0.0375039883990439,0,0,0
TUR.40.25_1,2049,6,albopictus,24.16910956887638,66.33638029006568,0.4442792536421044,0.17791109916376843,0.17727785330432952,0.17855256272583636,0.003824914526621834,0.0035346300011044997,0.004134166188818427,0.9961750854733782,0.9958658338111815,0.9964653699988956,0.043455459791473916,1.6621341941743957e-4,1.5359897189073395e-4,1.7965209258947014e-4
TUR.40.25_1,2049,7,albopictus,26.429884966681986,58.887772157495796,0.5217323508187104,0.18425105838138703,0.18349221855607306,0.18497100855727705,0.007985729790414895,0.007341214656001815,0.008627030119007015,0.9920142702095851,0.991372969880993,0.9926587853439982,0.04923678003816023,3.9319162113484157e-4,3.614577712304795e-4,4.247671843521317e-4
TUR.40.25_1,2049,8,albopictus,25.474322655621698,65.27794104659228,0.6195242792788418,0.19790734732654305,0.19718554842862163,0.198564410289487,0.02850633533813328,0.02693828723109309,0.029968869326348894,0.9714936646618667,0.9700311306736511,0.9730617127689069,0.0581921089432329,0.0016588437715689816,0.0015675957452958688,0.001743951708744406
TUR.40.25_1,2049,9,albopictus,20.362125228433047,72.01271738103723,0.49379076723713455,0.09613147629425005,0.09579659436506394,0.09647529526729982,3.084974226075232e-10,2.793406256307307e-10,3.40573977353209e-10,0.9999999996915026,0.9999999996594261,0.9999999997206593,0.048179751599351506,1.4863329190270634e-11,1.3458561954496048e-11,1.6408769630080777e-11
TUR.40.25_1,2049,10,albopictus,14.716689782984117,78.64808794267243,0.4866101930755106,0.007579502985431958,0.00751912418868297,0.007642964478513499,0,0,0,1,1,1,0.045999715205635394,0,0,0
TUR.40.25_1,2049,11,albopictus,12.106350520077875,80.85995578510976,0.28225804795737014,1.5001205591333563e-4,1.4635576111774552e-4,1.5374143855876178e-4,0,0,0,1,1,1,0.02783117836718696,0,0,0
TUR.40.25_1,2049,12,albopictus,8.6227185866412,82.42780223304342,0.23216167620772016,0,0,0,0,0,0,1,1,1,0.022216749717453466,0,0,0
TUR.40.25_1,2050,1,albopictus,6.3122323751449585,75.88892991988756,0.2377658842556885,0,0,0,0,0,0,1,1,1,0.02274689956497955,0,0,0
TUR.40.25_1,2050,2,albopictus,8.416078725281885,79.44165086213178,0.17785607683580437,0,0,0,0,0,0,1,1,1,0.018875590340035164,0,0,0
TUR.40.25_1,2050,3,albopictus,6.91412719558267,75.18435779103584,0.21833316472663253,0,0,0,0,0,0,1,1,1,0.020907362137725705,0,0,0
TUR.40.25_1,2050,4,albopictus,15.403351110570572,66.7032128464379,0.2887054531728181,0.010819622107388063,0.01074299616070769,0.010903874874584173,0,0,0,1,1,1,0.028457772983100482,0,0,0
TUR.40.25_1,2050,5,albopictus,19.43869669297162,71.26713705594976,0.4035338849863767,0.07326719569708211,0.07296222426861296,0.07354285657376305,1.4289847083404084e-13,1.2678191829706976e-13,1.5876189252139739e-13,0.9999999999998571,0.9999999999998412,0.9999999999998732,0.03829897966009288,5.4728656279313055e-15,4.855618110127031e-15,6.0804184924748505e-15
TUR.40.25_1,2050,6,albopictus,23.302398906034583,71.03971128371802,0.4538831468555271,0.17179470608535194,0.1712291600802339,0.17236064966626463,0.0017360911712462517,0.0016067188827932788,0.0018722974914427315,0.9982639088287537,0.9981277025085573,0.9983932811172067,0.04437367396116065,7.70367435997307e-5,7.129601985230925e-5,8.308071844357876e-5
TUR.40.25_1,2050,7,albopictus,25.084147509406595,68.07625634939032,0.5330105316974585,0.20192020301200445,0.20123030338198844,0.2026239312437298,0.038162358413238215,0.03638196793962077,0.04001282251533332,0.9618376415867618,0.9599871774846667,0.9636180320603792,0.050273911975862284,0.0019185710476584453,0.0018290638537051382,0.002011601117041668
TUR.40.25_1,2050,8,albopictus,26.015050270978143,69.14378195845751,0.6329164081539604,0.22125699495199533,0.22045042619604568,0.22197208785709957,0.10095085376920637,0.09805130978639678,0.10352517647216164,0.8990491462307936,0.8964748235278384,0.9019486902136032,0.05941191310462868,0.005997683351974165,0.005825415896824433,0.006150628788705416
TUR.40.25_1,2050,9,albopictus,22.891679595498477,68.74775613836145,0.5044649406527127,0.15513792038840274,0.15462556228765317,0.15567570812968054,1.4204162830131183e-4,1.303952559397026e-4,1.5501830093372362e-4,0.9998579583716987,0.9998449816990663,0.9998696047440603,0.04919519898904856,6.987766169011508e-6,6.4148205631815845e-6,7.6261561613787445e-6
TUR.40.25_1,2050,10,albopictus,17.951673227197986,79.7271818757779,0.4971291454968742,0.04880227219279236,0.048603019349915226,0.049004863873402346,0,0,0,1,1,1,0.04697035820555373,0,0,0
TUR.40.25_1,2050,11,albopictus,12.204581835690668,83.73745822651601,0.2883595621041356,2.1207995455949238e-4,2.0714589107724096e-4,2.1678948110980063e-4,0,0,0,1,1,1,0.02842416762399691,0,0,0
TUR.40.25_1,2050,12,albopictus,7.466406597810634,77.3579474967153,0.237180267393939,0,0,0,0,0,0,1,1,1,0.022691514521992473,0,0,0
TUR.40.25_1,2051,1,albopictus,8.72996985912323,80.38119371383287,0.24525092529523088,0,0,0,0,0,0,1,1,1,0.023454525139800952,0,0,0
TUR.40.25_1,2051,2,albopictus,6.256593862000634,78.30072068635053,0.18345511405014409,0,0,0,0,0,0,1,1,1,0.019463987270970762,0,0,0
TUR.40.25_1,2051,3,albopictus,10.980899656520169,69.85699573048896,0.225206449779229,5.3382004415660775e-8,4.765572232958598e-8,6.019852946925708e-8,0,0,0,1,1,1,0.02155839554183636,0,0,0
TUR.40.25_1,2051,4,albopictus,11.574065488927506,70.38421260229728,0.2977941084780273,1.321305922051663e-5,1.2647014819495836e-5,1.3786094367187392e-5,0,0,0,1,1,1,0.029340373081523374,0,0,0
TUR.40.25_1,2051,5,albopictus,16.89505655625287,66.63295889432867,0.4162374219106263,0.02570471739000008,0.025560693572261727,0.0258457709623168,0,0,0,1,1,1,0.03948054396925227,0,0,0
TUR.40.25_1,2051,6,albopictus,22.291181788725012,63.199104594264895,0.4681717147550195,0.1280087707611793,0.12756794327693577,0.1284613486748863,8.646658408083541e-7,7.862064743097142e-7,9.506999254560444e-7,0.9999991353341592,0.9999990493000745,0.9999992137935257,0.04573815207172227,3.95482177181161e-8,3.5959631281750314e-08,4.348325776508359e-8
TUR.40.25_1,2051,7,albopictus,24.808632906745462,70.96122033864813,0.5497900865808388,0.20727740613690296,0.20660584117646116,0.20792066916760582,0.05338215475762452,0.0513413640971824,0.05535948744072253,0.9466178452423755,0.9446405125592775,0.9486586359028175,0.05181485223781235,0.002765988460902346,0.0026602451943832303,0.002868443661702066
TUR.40.25_1,2051,8,albopictus,25.549075463238886,68.1345389469829,0.6528410718813169,0.21013981102438017,0.20943382644958886,0.21088919435437264,0.062410695618736425,0.060131131575213825,0.0648539015253646,0.9375893043812635,0.9351460984746354,0.9398688684247861,0.06122380132122063,0.0038210200288806935,0.003681456452781068,0.00397060238189493
TUR.40.25_1,2051,9,albopictus,21.42706091263715,67.69016183904505,0.5203458597997814,0.11600290275198624,0.11558483097379367,0.11639744726111388,5.8005578444486615e-8,5.2437875203148464e-8,6.363264117570377e-8,0.9999999419944215,0.9999999363673588,0.9999999475621248,0.05070396605850935,2.941112880653451e-9,2.6588082444807893e-9,3.2264272783861887e-9
TUR.40.25_1,2051,10,albopictus,17.26176233852611,69.89550157792634,0.5127791285364729,0.031920307521619236,0.03176225137278676,0.032086124528984704,0,0,0,1,1,1,0.04841264294900505,0,0,0
TUR.40.25_1,2051,11,albopictus,13.599428751889398,83.79476260884023,0.29743732850973503,0.00265118672294093,0.0026186695726527517,0.0026794319698124655,0,0,0,1,1,1,0.029305741272638852,0,0,0
TUR.40.25_1,2051,12,albopictus,10.184887661653407,79.04952159339499,0.244646872793493,0,0,0,0,0,0,1,1,1,0.023397437851525926,0,0,0
TUR.40.25_1,2052,1,albopictus,6.962451338768005,78.46737535445787,0.23682393708491087,0,0,0,0,0,0,1,1,1,0.02265781284724322,0,0,0
TUR.40.25_1,2052,2,albopictus,6.11108175796621,75.55412339631147,0.1834783101265223,0,0,0,0,0,0,1,1,1,0.018801519134729938,0,0,0
TUR.40.25_1,2052,3,albopictus,6.895332182154935,76.16590991505927,0.21746820334899425,0,0,0,0,0,0,1,1,1,0.020825402838157925,0,0,0
TUR.40.25_1,2052,4,albopictus,13.727592748754166,82.5821419846215,0.28756170083990656,0.003035167565948843,0.0030012934928651336,0.003069149554995117,0,0,0,1,1,1,0.02834664625928196,0,0,0
TUR.40.25_1,2052,5,albopictus,16.861475776223575,75.38140249784429,0.40193522165220774,0.028417859934000117,0.028271123276355375,0.0285747346222348,0,0,0,1,1,1,0.03815018400586756,0,0,0
TUR.40.25_1,2052,6,albopictus,22.600877986234778,70.9687579145774,0.4520850169539957,0.1531966399976244,0.1526938131012655,0.15370797066584868,1.0283200553800909e-4,9.4400036921502e-5,1.1193426825792663e-4,0.999897167994462,0.9998880657317422,0.9999055999630785,0.044201824484085495,4.545362260137585e-6,4.172653863295422e-6,4.947698879291415e-6
TUR.40.25_1,2052,7,albopictus,25.70828920252183,65.77828653127509,0.5308989261410145,0.20320843893730522,0.20244983549263734,0.20395425525947303,0.04159628132724361,0.039549216186266,0.04364667154893304,0.9584037186727564,0.9563533284510669,0.960450783813734,0.050079816639992614,0.0020831341417739085,0.0019806174948636293,0.002185817308116549
TUR.40.25_1,2052,8,albopictus,24.901099541608026,76.61664038741259,0.6304090096604144,0.23175806411622363,0.23106436447542328,0.23241850795690935,0.13869717342948285,0.1362316933150164,0.14103972806758383,0.8613028265705172,0.8589602719324161,0.8637683066849836,0.05918365033236217,0.008208605014337506,0.00806268890134153,0.008347245948923325
TUR.40.25_1,2052,9,albopictus,22.61982328751508,72.92218698552942,0.5024664229717938,0.15862890101498256,0.1581312692972863,0.15915363543349198,2.4983061156771345e-4,2.306125708616852e-4,2.7126431334901775e-4,0.9997501693884323,0.999728735686651,0.9997693874291383,0.049005159979272794,1.224298908759536e-5,1.1301205928308266e-5,1.32933510723362e-5
TUR.40.25_1,2052,10,albopictus,17.22976656521068,73.47367235429353,0.4951596897291648,0.032999741016071324,0.032831626589296926,0.033173452252633025,0,0,0,1,1,1,0.0467887005988642,0,0,0
TUR.40.25_1,2052,11,albopictus,14.768803217831781,76.42987918598867,0.287217180073421,0.00767370130721366,0.007605700683177153,0.007737447251514631,0,0,0,1,1,1,0.02831317020680657,0,0,0
TUR.40.25_1,2052,12,albopictus,11.574892773347743,84.52996745521139,0.2362406402370179,2.017403421520357e-5,1.9403421930155423e-5,2.0899297139727304e-5,0,0,0,1,1,1,0.022602642198143785,0,0,0
TUR.40.25_1,2053,1,albopictus,9.496500849723816,79.14652116744615,0.24653080091942572,0,0,0,0,0,0,1,1,1,0.023575471528455072,0,0,0
TUR.40.25_1,2053,2,albopictus,6.054391541901757,77.95768022004194,0.18441249974939894,0,0,0,0,0,0,1,1,1,0.019564562593543666,0,0,0
TUR.40.25_1,2053,3,albopictus,8.788111532435696,75.18878283986396,0.22638172055603412,0,0,0,0,0,0,1,1,1,0.021669673132091893,0,0,0
TUR.40.25_1,2053,4,albopictus,13.749267858617447,71.3290673386254,0.2993481879173242,0.0026198252729955503,0.0025876674768239008,0.0026500811302039616,0,0,0,1,1,1,0.029491209577499955,0,0,0
TUR.40.25_1,2053,5,albopictus,17.876232932595645,81.79588461454351,0.41840961404217414,0.04865150334705961,0.04844140268880603,0.04886779920563693,0,0,0,1,1,1,0.03968243560052975,0,0,0
TUR.40.25_1,2053,6,albopictus,21.990776286405676,79.31132535842505,0.4706149331238438,0.15586670435453231,0.15538450705295817,0.15633717703499703,1.6005819365558948e-4,1.4778590536619894e-4,1.7269752653276683e-4,0.9998399418063444,0.9998273024734673,0.9998522140946339,0.04597127060014172,7.358078532310991e-6,6.793905846476469e-6,7.939124724212977e-6
TUR.40.25_1,2053,7,albopictus,24.71842866785386,74.41926629812079,0.5526592416284365,0.21851415915317704,0.2178527667761873,0.2191858419616563,0.09112835811896988,0.08877699899195457,0.09352250109746439,0.9088716418810301,0.9064774989025356,0.9112230010080454,0.052078088936376665,0.004745790738745695,0.004623336449007632,0.004870473129706135
TUR.40.25_1,2053,8,albopictus,26.11644110960119,66.83573752486376,0.6562480126435926,0.21281805561752587,0.21205560501313916,0.21358109187731936,0.0712909207414374,0.06872269918859017,0.07388062338262016,0.9287090792585626,0.9261193766173799,0.9312773008114098,0.06153326851806851,0.004386763368883208,0.004228732302457967,0.004546116236885058
TUR.40.25_1,2053,9,albopictus,22.428504775552188,64.1649199872384,0.5230613561075191,0.13321106176524544,0.1327347764156679,0.13367523487350458,2.5466828759752593e-6,2.309136763481434e-6,2.794190585120315e-6,0.999997453317124,0.9999972058094149,0.9999976908632365,0.05096171204902311,1.2978331940562919e-7,1.1767756282235404e-7,1.4239673600899292e-7
TUR.40.25_1,2053,10,albopictus,18.093017297632557,71.96356340653962,0.5154551368182753,0.04651252174856398,0.04627215197869533,0.04672326448378058,0,0,0,1,1,1,0.048659042234569516,0,0,0
TUR.40.25_1,2053,11,albopictus,13.147136309567621,74.67318057759023,0.2989895460437851,0.0012295789706582374,0.0012108309376313553,0.0012478498200415473,0,0,0,1,1,1,0.029456402444250518,0,0,0
TUR.40.25_1,2053,12,albopictus,10.887752308565029,80.17753520423483,0.24592359608677714,1.723875998954116e-8,1.4974593871291447e-8,1.9741569605600672e-8,0,0,0,1,1,1,0.023518093420806796,0,0,0
TUR.40.25_1,2054,1,albopictus,9.181223750114441,76.97882707564928,0.24129828973090608,0,0,0,0,0,0,1,1,1,0.023080912232877893,0,0,0
TUR.40.25_1,2054,2,albopictus,4.880136170808007,75.38156175080366,0.18049842303102176,0,0,0,0,0,0,1,1,1,0.019153315705425,0,0,0
TUR.40.25_1,2054,3,albopictus,7.757024610743803,74.25166430959052,0.22157686501154206,0,0,0,0,0,0,1,1,1,0.021214657426958272,0,0,0
TUR.40.25_1,2054,4,albopictus,11.689473432653092,78.68510829321525,0.2929946501983095,3.0074810489585507e-5,2.9022841023394116e-5,3.108337566816349e-5,0,0,0,1,1,1,0.028874397230565174,0,0,0
TUR.40.25_1,2054,5,albopictus,18.34552843430463,70.65401602323492,0.40952904829260106,0.05028295773398474,0.05005799228772879,0.050502000635793375,0,0,0,1,1,1,0.038856774737905386,0,0,0
TUR.40.25_1,2054,6,albopictus,22.124878154081458,72.24801664260474,0.46062633172446016,0.14337512978678732,0.1428831265039316,0.14390118593172327,1.8209497035018172e-5,1.6608484149543967e-5,2.0042087685703813e-5,0.999981790502965,0.9999799579123143,0.9999833915158504,0.04501785324396168,8.197524651688035e-7,7.476783020488341e-7,9.022517621376259e-7
TUR.40.25_1,2054,7,albopictus,25.066712435554056,71.3433156755622,0.5409292847448554,0.21408887039937893,0.21341448750799136,0.21482427446317287,0.07562178290781987,0.0733123692567765,0.07815516304446359,0.9243782170921802,0.9218448369555364,0.9266876307432235,0.05100143766338139,0.0038568196469669354,0.003739036230604285,0.003986025676083618
TUR.40.25_1,2054,8,albopictus,26.06864295286291,71.37608557784228,0.6423194282403655,0.23183865070436357,0.2310567710921493,0.23256381838707238,0.13898300477311198,0.1362046589364296,0.1415540547623821,0.861016995226888,0.8584459452376179,0.8637953410635705,0.06026743044405425,0.008376148573069186,0.008208704808607404,0.008531099149465707
TUR.40.25_1,2054,9,albopictus,23.22512228348676,64.03065027288294,0.51195960173075306,0.1509815857024971,0.15044894907592288,0.15151042446362553,7.059987171019432e-5,6.434627964638784e-5,7.721225011905475e-5,0.9999294001282898,0.999922787749881,0.9999356537203536,0.04990752799597664,3.5234650738888828e-6,3.211363752889043e-6,3.853472534449076e-6
TUR.40.25_1,2054,10,albopictus,16.86764498317943,74.91536852128571,0.5045148212044747,0.028324047614989654,0.028162340758692485,0.028475413384713443,0,0,0,1,1,1,0.047651285917055586,0,0,0
TUR.40.25_1,2054,11,albopictus,13.752402880612543,77.39244174702382,0.2926436203456982,0.0028881205287522487,0.0028567251593146366,0.00291958011161279,0,0,0,1,1,1,0.02884030722451747,0,0,0
TUR.40.25_1,2054,12,albopictus,6.9095370909746965,79.48701396400045,0.2407039725620654,0,0,0,0,0,0,1,1,1,0.023024723540953418,0,0,0
TUR.40.25_1,2055,1,albopictus,7.323602557182312,78.18649156539537,0.23694484851498077,0,0,0,0,0,0,1,1,1,0.02266924876499954,0,0,0
TUR.40.25_1,2055,2,albopictus,6.509697595063378,76.0378956741435,0.17724191725508326,0,0,0,0,0,0,1,1,1,0.018811027470555852,0,0,0
TUR.40.25_1,2055,3,albopictus,7.395387495265287,77.32877460011787,0.21757923263000917,0,0,0,0,0,0,1,1,1,0.020835923786620136,0,0,0
TUR.40.25_1,2055,4,albopictus,11.823645872228287,75.46896754614494,0.28770851664286073,4.92490459979869e-5,4.766686619681652e-5,5.081554249410223e-5,0,0,0,1,1,1,0.028360911561295388,0,0,0
TUR.40.25_1,2055,5,albopictus,16.22824556687299,71.40873861844976,0.4021404313241844,0.019310182072228094,0.019196444234906653,0.019431387520040033,0,0,0,1,1,1,0.03816928519219176,0,0,0
TUR.40.25_1,2055,6,albopictus,23.641477809232825,68.24555234817115,0.4523158308091571,0.17200114173989267,0.17139222696599238,0.172550217082779,0.0017852048038820326,0.00164278293763796,0.0019204376678746138,0.998214795196118,0.9980795623321254,0.998357217062362,0.04422388537565125,7.894869261894099e-5,7.265024433117677e-5,8.492921529516993e-5
TUR.40.25_1,2055,7,albopictus,25.222250994514017,65.87654931814032,0.5311699787599873,0.19617951931151562,0.1954875228605383,0.19687088545359896,0.02485970876359553,0.02348176034370929,0.02627469389164432,0.9751402912364044,0.9737253061083556,0.9765182396562907,0.05010473357321199,0.0012455890843075972,0.001176547345851569,0.001316486537158539
TUR.40.25_1,2055,8,albopictus,25.205241539899042,68.14708548628954,0.6307308675596843,0.20436657777418304,0.2036900212541521,0.2050422891223383,0.04481031315159931,0.04291227828563346,0.04673420563270366,0.9551896868484007,0.9532657943672964,0.9570877217143665,0.05921295398959492,0.0026533510109049896,0.002540962759715907,0.0027672703678695496
TUR.40.25_1,2055,9,albopictus,23.974830459145938,65.8135024457345,0.5027229592599386,0.17220527154864002,0.1716003228295141,0.17280553559527204,0.0018350626274508109,0.0016898588094497568,0.0019870177167664177,0.9981649373725492,0.9980129822832335,0.9983101411905503,0.04902955613497684,8.997230610379762e-5,8.285302735810198e-5,9.742259668539259e-5
TUR.40.25_1,2055,10,albopictus,16.63462610805736,69.529084646774,0.4954124955347563,0.02344506219692955,0.023313683424414963,0.023576036368793952,0,0,0,1,1,1,0.046812020702351576,0,0,0
TUR.40.25_1,2055,11,albopictus,14.132360079709223,81.34704684956289,0.2873638199798882,0.0046183143969284095,0.004573674183824447,0.004660712128922571,0,0,0,1,1,1,0.028327418908918545,0,0,0
TUR.40.25_1,2055,12,albopictus,10.753595127778896,80.03263774329733,0.23636125386249546,5.562241993584236e-10,4.2618696235423487e-10,7.294240082773702e-10,0,0,0,1,1,1,0.022614050593387502,0,0,0
TUR.40.25_1,2056,1,albopictus,10.14433753490448,80.06633623092272,0.2618429764716388,0,0,0,0,0,0,1,1,1,0.02502128879514054,0,0,0
TUR.40.25_1,2056,2,albopictus,9.045560994568994,76.626640791331,0.202861701536065,0,0,0,0,0,0,1,1,1,0.020767025901498815,0,0,0
TUR.40.25_1,2056,3,albopictus,11.546322668299954,74.66170611867256,0.24044242467105043,1.2914594726737103e-5,1.238340235758539e-5,1.3433934354384663e-5,0,0,0,1,1,1,0.022999994922536238,0,0,0
TUR.40.25_1,2056,4,albopictus,13.153954786412857,74.28772364966056,0.31794088297827533,0.0012347355093558937,0.0012158737586149427,0.0012533041138357024,0,0,0,1,1,1,0.031293970548351924,0,0,0
TUR.40.25_1,2056,5,albopictus,19.762482474831973,65.09619665677984,0.4443972855179238,0.07384118533158031,0.07355874101214993,0.07414033704340257,1.7839618671189327e-13,1.5975831768599848e-13,1.9975132659055814e-13,0.9999999999998216,0.9999999999998003,0.9999999999998402,0.042094538352627775,7.509505123506337e-15,6.724952630984555e-15,8.408439878154527e-15
TUR.40.25_1,2056,6,albopictus,24.260198817533606,64.12225370315161,0.49984510820383515,0.17287035882590138,0.1722592018106668,0.17347383708663336,0.002005890035660869,0.001846979806499588,0.002171116301472961,0.9979941099643391,0.9978288836985271,0.9981530201935004,0.04875584162176583,9.779885688935953e-5,9.00510549242936e-5,1.058546025370497e-4
TUR.40.25_1,2056,7,albopictus,25.45442300684312,59.55477197439033,0.5869852377993301,0.17716307741725726,0.1764350353233296,0.17781944861314863,0.0034874970944719407,0.0031808912643733755,0.003779502711573321,0.9965125029055281,0.9962204972884267,0.9968191087356266,0.05522173857171775,1.9258565282055475e-4,1.7565434582628728e-4,2.0871071066960026e-4
TUR.40.25_1,2056,8,albopictus,26.631610253277948,62.795294104453596,0.697007969362647,0.20100102019516314,0.20024596885820542,0.20175742338130542,0.03580996514004765,0.03393079798859138,0.03773353133634436,0.9641900348599524,0.9622664686636557,0.9660692020114087,0.065227770452432,0.0023358041860646202,0.00221323030246768,0.0024612741203667195
TUR.40.25_1,2056,9,albopictus,20.67550833085004,75.10433877996302,0.5555490098993656,0.10894316375761504,0.10856450782626861,0.10933312410272684,1.0179496433004865e-8,9.229179831482526e-9,1.1229225105324758e-8,0.9999999898205035,0.9999999887707749,0.9999999907708201,0.054039911900486626,5.500990904309007e-10,4.987440650070638e-10,6.068263354024826e-10
TUR.40.25_1,2056,10,albopictus,18.14348955715404,77.48839708573884,0.5474703637790275,0.051080135575707133,0.0508620876602979,0.05128368738764341,0,0,0,1,1,1,0.05160197092060059,0,0,0
TUR.40.25_1,2056,11,albopictus,13.446518519345453,80.18134402973867,0.31755996564338396,0.0020638932259701122,0.0020388685554428494,0.0020911521081917826,0,0,0,1,1,1,0.0312570701536532,0,0,0
TUR.40.25_1,2056,12,albopictus,6.767702355104335,73.59989848548483,0.2611980577835247,0,0,0,0,0,0,1,1,1,0.024960437026103066,0,0,0
TUR.40.25_1,2057,1,albopictus,6.8428486585617065,81.86781175582506,0.22507732853480028,0,0,0,0,0,0,1,1,1,0.02154616924632946,0,0,0
TUR.40.25_1,2057,2,albopictus,4.967754044953515,75.51822709504194,0.16836465316796295,0,0,0,0,0,0,1,1,1,0.017877339906224643,0,0,0
TUR.40.25_1,2057,3,albopictus,8.369532430873196,72.63060107716865,0.206681650738307,0,0,0,0,0,0,1,1,1,0.01980274805032478,0,0,0
TUR.40.25_1,2057,4,albopictus,11.70717648898854,76.62439357153556,0.2732984689413536,3.083495063100382e-5,2.9722897107511556e-5,3.1828278669161986e-5,0,0,0,1,1,1,0.0269597657135211,0,0,0
TUR.40.25_1,2057,5,albopictus,18.761399100808536,73.04622793729742,0.3819989948950383,0.06026493860020022,0.06002377243038926,0.0605096031828317,5.502265310042276e-16,4.440892098500626e-16,6.661338147750939e-16,0.9999999999999994,0.9999999999999993,0.9999999999999996,0.03629268408450936,1.9969197664651927e-17,1.6117189398427706e-17,2.417578409764156e-17
TUR.40.25_1,2057,6,albopictus,23.959465251249426,69.75472288039771,0.42966133043439914,0.18409161701094579,0.18347331050307325,0.1847031308032197,0.007846026743381267,0.007325846710218176,0.008381537807824798,0.9921539732566187,0.9916184621921752,0.9926741532897818,0.04205616784017918,3.2997381759817705e-4,3.0809703881636013e-4,3.524953608046872e-4
TUR.40.25_1,2057,7,albopictus,24.73125368006089,70.4216619280036,0.5045660227115077,0.2036479222656375,0.2029675678186371,0.20432547284437808,0.04280110536601395,0.040936130093374656,0.044688711031072435,0.957198894633986,0.9553112889689275,0.9590638699066253,0.0476560047785306,0.0020397296818491528,0.001950852411344413,0.0021296854264431613
TUR.40.25_1,2057,8,albopictus,26.311707833234003,71.16361075484423,0.5991403467283869,0.23428113909870227,0.2334816514733905,0.23511610953944528,0.1476053502490966,0.14479502285911977,0.1505315070226922,0.8523946497509034,0.8494684929773078,0.8552049771408803,0.05633242867608579,0.008314967865115895,0.008156655297863575,0.008479805382859515
TUR.40.25_1,2057,9,albopictus,22.70269567826215,74.51599039129114,0.47754378866009517,0.16508942336581936,0.1645618853261251,0.16561204223665613,6.72352996189041e-4,6.213989784098761e-4,7.255827367807998e-4,0.9993276470038109,0.9992744172632192,0.9993786010215902,0.04663207436735706,3.13532149194027e-5,2.8977123373009045e-5,3.3835428141232716e-5
TUR.40.25_1,2057,10,albopictus,16.394332605249744,76.14022203691071,0.47059947374492805,0.02254006552965258,0.022411185721632,0.022666658286222382,0,0,0,1,1,1,0.04452041810418106,0,0,0
TUR.40.25_1,2057,11,albopictus,10.548694231930902,78.39014529926992,0.2729710366104,3.1032506370817187e-15,3.3852177586662736e-16,1.7971897379290414e-14,0,0,0,1,1,1,0.02692790470870543,0,0,0
TUR.40.25_1,2057,12,albopictus,9.469638600068935,81.99623790198874,0.22452296355851223,0,0,0,0,0,0,1,1,1,0.021493675528436507,0,0,0
TUR.40.25_1,2058,1,albopictus,6.9809077978134155,85.39610155074693,0.24323948484433378,0,0,0,0,0,0,1,1,1,0.0232644166630257,0,0,0
TUR.40.25_1,2058,2,albopictus,8.368458905640772,80.81231736603803,0.1819504957214663,0,0,0,0,0,0,1,1,1,0.01930590319437242,0,0,0
TUR.40.25_1,2058,3,albopictus,8.881110037074368,75.37114825734443,0.22335940531917828,0,0,0,0,0,0,1,1,1,0.021383487154226333,0,0,0
TUR.40.25_1,2058,4,albopictus,12.899871152990006,77.33928309790275,0.29535173189938446,8.580207907566825e-4,8.444577222674616e-4,8.721837381225182e-4,0,0,0,1,1,1,0.02910327249439404,0,0,0
TUR.40.25_1,2058,5,albopictus,17.2285660014433,75.61700583036382,0.41282362525888966,0.03392922322678637,0.03376655444284195,0.03410351935019894,0,0,0,1,1,1,0.03916316721412816,0,0,0
TUR.40.25_1,2058,6,albopictus,22.69464324502384,68.03407316115943,0.4643319758268564,0.14844537831413457,0.1478906739564295,0.1489524917831417,4.542810187293455e-5,4.114804022838092e-5,4.9604713487649836e-5,0.9999545718981271,0.9999503952865123,0.9999588519597716,0.045371670079951354,2.061148850537207e-6,1.8669553056786653e-6,2.2506486947721615e-6
TUR.40.25_1,2058,7,albopictus,23.922669466804056,66.20037896901923,0.5452809495885127,0.17224866763251265,0.1716512855578004,0.17280415492922527,0.0018456614477019978,0.0017015702796825348,0.001986652220451268,0.998154338552298,0.9980133477795488,0.9982984297203175,0.05140100420172511,9.486885182829243e-5,8.746242109549255e-5,1.0211591913078214e-4
TUR.40.25_1,2058,8,albopictus,25.930409768048456,71.73774176680712,0.6474867559356855,0.2313591284800279,0.23056589923881518,0.23215575128278185,0.13727940244184308,0.13445540263267622,0.1401088812693831,0.8627205975581569,0.859891118730617,0.8655445973673237,0.06073723936696063,0.008337971926263541,0.008166449973881922,0.008509826659095587
TUR.40.25_1,2058,9,albopictus,21.71608335831586,73.00337900213098,0.5160782114327134,0.133755742005179,0.1332970185889073,0.13415413274347004,2.8427349559319024e-6,2.5884530055225727e-6,3.0771523667150188e-06,0.9999971572650441,0.9999969228476332,0.9999974115469945,0.0502987534324979,1.4298602462236155e-7,1.3019595949638804e-7,1.547769281676261e-7
TUR.40.25_1,2058,10,albopictus,19.138095575220447,78.56182237870759,0.5085735391782578,0.07373532333125564,0.07344665232948315,0.07398858066653,1.7121704054545716e-13,1.5298873279334657e-13,1.8851586958135158e-13,0.9999999999998288,0.9999999999998115,0.999999999999847,0.04802527519140842,8.222745489654114e-15,7.34732599358532e-15,9.05352651459207e-15
TUR.40.25_1,2058,11,albopictus,13.623316386166742,80.39635562641836,0.2949978780838047,0.0025919252323394373,0.0025632765089538745,0.0026223077008002086,0,0,0,1,1,1,0.02906891633538844,0,0,0
TUR.40.25_1,2058,12,albopictus,7.706561817842372,79.49379649573874,0.24264038651610206,0,0,0,0,0,0,1,1,1,0.023207786570919042,0,0,0
TUR.40.25_1,2059,1,albopictus,6.301433444023132,80.52757127730943,0.23327326526528738,0,0,0,0,0,0,1,1,1,0.02232192726940796,0,0,0
TUR.40.25_1,2059,2,albopictus,7.706661382142236,78.34584855500287,0.17449546187267742,0,0,0,0,0,0,1,1,1,0.01852225729957291,0,0,0
TUR.40.25_1,2059,3,albopictus,8.95429881881265,76.87450519093818,0.2142077296367505,0,0,0,0,0,0,1,1,1,0.02051639540952399,0,0,0
TUR.40.25_1,2059,4,albopictus,14.686140340917252,74.64040767065666,0.2832503240418375,0.0069864336628331055,0.006930619259811697,0.007044151011740062,0,0,0,1,1,1,0.027927639568477658,0,0,0
TUR.40.25_1,2059,5,albopictus,21.487715552834903,58.71025229032476,0.3959090568886225,0.10220926140714132,0.10183654645386228,0.1026377930232767,1.7189035712572576e-9,1.5497304634015662e-9,1.9293116437779647e-9,0.9999999982810964,0.9999999980706884,0.9999999984502695,0.037589091497225335,6.461202361489644e-11,5.825296018483889e-11,7.252107190463212e-11
TUR.40.25_1,2059,6,albopictus,22.166778788847083,70.98813657668677,0.44530696254982016,0.14167853720155887,0.14119398024148172,0.1421619092078625,1.3280118228071181e-5,1.2111663520164573e-5,1.4522579327441719e-5,0.9999867198817719,0.9999854774206726,0.9999878883364799,0.04355375967466402,5.783990777565371e-7,5.27508482217643e-7,6.325129298836405e-7
TUR.40.25_1,2059,7,albopictus,24.108386095832376,76.76756341726141,0.5229392246035749,0.21179749984427831,0.21118471215524556,0.21241414175987125,0.06786303308525408,0.06582742188648669,0.0699255038074428,0.9321369669147459,0.9300744961925572,0.9341725781135133,0.049347817218858614,0.0033488925526084733,0.0032484395832430386,0.0034506709808262894
TUR.40.25_1,2059,8,albopictus,27.16900000852697,68.27327567183642,0.6209573658232653,0.22874717213841259,0.22790187631366507,0.2295826829407903,0.12794779846416837,0.12491287368593765,0.1309425231577157,0.8720522015358316,0.8690574768422843,0.8750871263140624,0.058322715262155156,0.007462263018245306,0.007285257964562494,0.007636923493835611
TUR.40.25_1,2059,9,albopictus,23.23328955033246,67.7961684613595,0.49493300641638327,0.1610409608057118,0.1604888554530144,0.1615903789851366,3.646626985074721e-4,3.344343000883182e-4,3.965642798240077e-4,0.9996353373014926,0.999603435720176,0.9996655656999117,0.04828846602827186,1.760900232865601e-5,1.614931933850363e-5,1.914948075430769e-5
TUR.40.25_1,2059,10,albopictus,19.1794106539558,70.06708666093415,0.4877358221160506,0.06643985196087086,0.06616820462167204,0.06671324381833729,8.830824960170957e-15,7.882583474838611e-15,9.880984919163893e-15,0.9999999999999911,0.9999999999999901,0.9999999999999921,0.04610363055458244,4.0713309145590705e-16,3.6341571633961606e-16,4.555492782285328e-16
TUR.40.25_1,2059,11,albopictus,13.355823138180902,75.39859103901601,0.2829109686323335,0.0016895838539882882,0.0016679016132886038,0.0017110207207607423,0,0,0,1,1,1,0.027894651207347798,0,0,0
TUR.40.25_1,2059,12,albopictus,10.033917202669032,79.45709147864889,0.23269871371445253,0,0,0,0,0,0,1,1,1,0.02226756513363204,0,0,0
TUR.40.25_1,2060,1,albopictus,6.7071861028671265,82.51799638717272,0.24142092656245176,0,0,0,0,0,0,1,1,1,0.02309250631842641,0,0,0
TUR.40.25_1,2060,2,albopictus,6.146512666169335,75.19997453156537,0.18703980763133832,0,0,0,0,0,0,1,1,1,0.01916295626642861,0,0,0
TUR.40.25_1,2060,3,albopictus,8.221543157801907,72.39880481252021,0.22168947867614425,0,0,0,0,0,0,1,1,1,0.021225324266023082,0,0,0
TUR.40.25_1,2060,4,albopictus,12.50899819766774,72.50476466528556,0.2931435610571483,3.5971141935475093e-4,3.524733257799453e-4,3.675694571817075e-4,0,0,0,1,1,1,0.02888885823764964,0,0,0
TUR.40.25_1,2060,5,albopictus,17.588539908914004,69.2948088699146,0.4097371862987366,0.03655121203948823,0.036358204812046185,0.03673823128177416,0,0,0,1,1,1,0.03887613426240055,0,0,0
TUR.40.25_1,2060,6,albopictus,22.577797160429114,74.30958585647193,0.46086043928449383,0.16099477665154202,0.16045794250764614,0.16151869277159275,3.6205064722294434e-4,3.3282880681842486e-4,3.9221595916628384e-4,0.99963794935277706,0.9996077840408336,0.9996671711931816,0.04504020983629353,1.6306837122287298e-5,1.499067929866506e-5,1.7665489101992557e-5
TUR.40.25_1,2060,7,albopictus,26.391379412482767,67.0814519670661,0.5412042052743185,0.21697286978727873,0.21615828669668116,0.21771304909728698,0.08566726772135441,0.08280187169250636,0.0882816934146662,0.9143327322786456,0.9117183065853338,0.9171981283074937,0.05102668563595647,0.004371316739308872,0.004225105076922325,0.00450472221728006
TUR.40.25_1,2060,8,albopictus,27.292159417096308,64.48963385665087,0.6426458790395299,0.2117888966889743,0.21093644798397101,0.21262083263607928,0.0678367757827569,0.06500925364280634,0.07062163788498159,0.9321632242172431,0.9293783621150183,0.9349907463571937,0.06029711801849358,0.00409036207536698,0.0039198706391944775,0.0042582812342100524
TUR.40.25_1,2060,9,albopictus,22.792299102334415,65.8221465497384,0.5122197987819036,0.1455039582004083,0.1449946010103907,0.14599831822089934,2.687306754248986e-5,2.4475781893742998e-5,2.935145389761362e-5,0.9999731269324575,0.9999706485461023,0.9999755242181062,0.04993224880031477,1.341832694559267e-6,1.2221308311006149e-6,1.465584098666612e-6
TUR.40.25_1,2060,10,albopictus,15.452525812036852,78.74220415360993,0.5047712345392288,0.013174818306871077,0.013082911031412642,0.013261526899856676,0,0,0,1,1,1,0.04767491738930418,0,0,0
TUR.40.25_1,2060,11,albopictus,13.455492594662836,80.70556735737539,0.29279235279801386,0.0021045263889355494,0.0020778539793967583,0.002130053563181177,0,0,0,1,1,1,0.028854751413370794,0,0,0
TUR.40.25_1,2060,12,albopictus,8.178184284883388,85.64461436683249,0.24082630733935867,0,0,0,0,0,0,1,1,1,0.023036289735668736,0,0,0
TUR.40.25_1,2061,1,albopictus,6.154404997825623,77.04897172896959,0.22527350845356597,0,0,0,0,0,0,1,1,1,0.021564745166095522,0,0,0
TUR.40.25_1,2061,2,albopictus,5.61186996978872,78.27736710969037,0.16851140168411305,0,0,0,0,0,0,1,1,1,0.01789278175372555,0,0,0
TUR.40.25_1,2061,3,albopictus,7.745378339991849,80.13184466847724,0.20686179677840863,0,0,0,0,0,0,1,1,1,0.019819836158157855,0,0,0
TUR.40.25_1,2061,4,albopictus,13.276553434484146,72.91214381567619,0.27353667894582073,0.0014488043587093046,0.0014276239663307297,0.001468084697661089,0,0,0,1,1,1,0.026982944229307915,0,0,0
TUR.40.25_1,2061,5,albopictus,18.512213538674747,65.43316793973882,0.38233194949457494,0.04972775944741747,0.049489310572888634,0.04995792694708268,0,0,0,1,1,1,0.03632373559554569,0,0,0
TUR.40.25_1,2061,6,albopictus,24.084900126737708,60.43287687209693,0.4300358280590604,0.15867591749958984,0.15807908233932005,0.15927780140807637,2.517787052106486e-4,2.2869836594481828e-4,2.7663257335081845e-4,0.9997482212947894,0.9997233674266491,0.9997713016340553,0.04209204193740701,1.0597879818672658e-5,9.626381210365746e-6,1.1644029878735473e-5
TUR.40.25_1,2061,7,albopictus,25.731682833503275,71.88948114187079,0.5050058081043407,0.2287636698191158,0.2280348858196906,0.2295015973286718,0.12800718036333966,0.1253909965872534,0.13065230835200004,0.8719928196366603,0.869347691648,0.8746090034127466,0.047696535559069164,0.00610549903001621,0.005980716127511052,0.006231662471185639
TUR.40.25_1,2061,8,albopictus,25.94754348081701,69.60396796309618,0.5996625641605715,0.22229864472621957,0.22156163198425086,0.22300134704000338,0.10470270649292261,0.10204664145183491,0.10723723433330101,0.8952972935070774,0.892762765666699,0.897953358548165,0.0563801177603237,0.005903150921895586,0.0057534016620999825,0.006046047900002939
TUR.40.25_1,2061,9,albopictus,20.244733642129336,80.95542062810755,0.4779600211712781,0.10594604268729436,0.10558777373005611,0.10628589250898934,4.681757002411579e-9,4.255236807360063e-9,5.113264159306574e-9,0.999999995318243,0.9999999948867359,0.9999999957447632,0.046671755814092664,2.1850581959747168e-10,1.9859937320424812e-10,2.386450162561082e-10
TUR.40.25_1,2061,10,albopictus,15.919471460230211,76.18583818681306,0.47100965351350554,0.017177225274401457,0.017070273372771314,0.01729304685636413,0,0,0,1,1,1,0.04455834493792188,0,0,0
TUR.40.25_1,2061,11,albopictus,13.579720118466547,81.13533878071523,0.27320896122118254,0.0024840019082517364,0.002453986867729301,0.0025135280061401206,0,0,0,1,1,1,0.02695105621324223,0,0,0
TUR.40.25_1,2061,12,albopictus,10.48568703146542,80.34650340491842,0.22471866028655976,1.0562918281255846e-19,3.4971540348256044e-22,7.749144853958128e-19,0,0,0,1,1,1,0.02151220669032261,0,0,0
TUR.40.25_1,2062,1,albopictus,5.045476794242859,80.43137987105943,0.24296638502529064,0,0,0,0,0,0,1,1,1,0.023238602162766187,0,0,0
TUR.40.25_1,2062,2,albopictus,7.606206098023583,73.91008042756147,0.18174620879211292,0,0,0,0,0,0,1,1,1,0.019284437639562113,0,0,0
TUR.40.25_1,2062,3,albopictus,8.152247274623196,78.1100322295124,0.22310862607906728,0,0,0,0,0,0,1,1,1,0.021359736862276768,0,0,0
TUR.40.25_1,2062,4,albopictus,11.603207868688248,73.30202113501213,0.2950201224791975,1.6865822960367908e-5,1.6185500243504604e-5,1.7532185408714624e-5,0,0,0,1,1,1,0.029071076110478766,0,0,0
TUR.40.25_1,2062,5,albopictus,17.575024436501895,72.07096243436773,0.4123601229725438,0.03772455671262748,0.03754402083850143,0.037906155705390014,0,0,0,1,1,1,0.0391200678537682,0,0,0
TUR.40.25_1,2062,6,albopictus,22.090030894559973,67.82507352737036,0.46381064197081984,0.1328416468370641,0.1323938016976126,0.13329499528782032,2.3624770505276115e-6,2.154023523032178e-6,2.5873922371577596e-6,0.9999976375229495,0.9999974126077629,0.9999978459764769,0.045321900775809554,1.0707195046913963e-7,9.762444037962411e-8,1.1726553424056387e-7
TUR.40.25_1,2062,7,albopictus,25.036894854377298,71.10340936452704,0.5446687293778196,0.2125378699046237,0.21185499206064448,0.21324369584008668,0.07034475082694623,0.06805238964254809,0.07273103376874236,0.9296552491730538,0.9272689662312577,0.9319476103574519,0.05134480078095072,0.0036118372171951726,0.0034941363888642656,0.0037343604394486753
TUR.40.25_1,2062,8,albopictus,25.737855294171503,66.87785178267626,0.6467597830266941,0.20796513825267385,0.20724046600764656,0.2086668985168201,0.05550234083815239,0.053265130141010766,0.057693936229763494,0.9444976591618476,0.9423060637702365,0.9467348698589892,0.060671157824941035,0.003367391280645214,0.003231657117351288,0.0035003579105380646
TUR.40.25_1,2062,9,albopictus,22.193633864907657,70.79982675603723,0.5154987789189314,0.14197792040897336,0.14149755277260856,0.1424577768269159,1.4045400108003592e-5,1.2823499809594409e-5,1.5346239994565303e-5,0.999985954599892,0.9999846537600054,0.9999871765001903,0.05024372306012992,7.056931932952513e-7,6.443003730948902e-7,7.710522323012287e-7
TUR.40.25_1,2062,10,albopictus,16.870637613184314,75.37400957353181,0.5080025326181651,0.028534682133984666,0.028378901644610984,0.028688396303099117,0,0,0,1,1,1,0.0479726688528227,0,0,0
TUR.40.25_1,2062,11,albopictus,12.531821825925043,80.46131229145742,0.2946666659568988,4.426366519378733e-4,4.3438117695834144e-4,4.5090511345585824e-4,0,0,0,1,1,1,0.0290367573878898,0,0,0
TUR.40.25_1,2062,12,albopictus,10.574114575105556,77.65755381995749,0.24236795934132613,3.2738113171334656e-14,7.509294746446289e-15,1.3261337889960109e-13,0,0,0,1,1,1,0.02318203415954545,0,0,0
TUR.40.25_1,2063,1,albopictus,10.110528826713562,79.53822954146959,0.26578538767038107,0,0,0,0,0,0,1,1,1,0.02539319529566919,0,0,0
TUR.40.25_1,2063,2,albopictus,9.92702118438833,78.75873612824506,0.1988155133328653,0,0,0,0,0,0,1,1,1,0.02107638417166291,0,0,0
TUR.40.25_1,2063,3,albopictus,9.970604742274563,75.07628741750068,0.24406262071544793,0,0,0,0,0,0,1,1,1,0.023342218670187154,0,0,0
TUR.40.25_1,2063,4,albopictus,15.965143484227799,63.333183396975016,0.3227279263982745,0.014847008462311559,0.014740420233136766,0.014943346881849222,0,0,0,1,1,1,0.03175758335518675,0,0,0
TUR.40.25_1,2063,5,albopictus,17.38158113816205,63.55889273221929,0.4510883064447589,0.030912457391563605,0.03074079027520468,0.031081749450082997,0,0,0,1,1,1,0.04271459875721206,0,0,0
TUR.40.25_1,2063,6,albopictus,21.629644618314856,68.3543780317649,0.5073709734333453,0.12229703258423345,0.12187059335814601,0.12273120652201139,2.4835457631355863e-7,2.2541543577558887e-7,2.7340066008074703e-7,0.9999997516454237,0.9999997265993399,0.9999997745845642,0.04947146583705053,1.2286464937571375e-8,1.1151632030115904e-8,1.3525531415011741e-8
TUR.40.25_1,2063,7,albopictus,25.196513232062845,71.52487237722235,0.5958231192127623,0.21738871441282304,0.21665849584374955,0.21807042608815463,0.08713515572945302,0.08455804859746935,0.0895494496247566,0.9128648442705469,0.9104505503752434,0.9154419514025306,0.05602944197825843,0.004882134152209901,0.004737740277686665,0.005017405691935276
TUR.40.25_1,2063,8,albopictus,27.088096001568964,69.70576315962938,0.7075023964466041,0.23513073286104616,0.23430786860699299,0.23598450637777446,0.15058099321380222,0.14770060568900142,0.15355991395598567,0.84941900678619775,0.8464400860440143,0.8522993943109985,0.06617663360785897,0.009964943216217288,0.009774328866339898,0.010162078162719612
TUR.40.25_1,2063,9,albopictus,22.513931106118594,64.36309351018762,0.5639135750581896,0.1356150644910068,0.13509995108693892,0.1360884489212594,4.124239395776552e-6,3.7183400091761467e-6,4.523768169256703e-6,0.9999958757606042,0.9999954762318307,0.9999962816599908,0.054830835547208356,2.261354920671421e-7,2.0387968955174252e-7,2.4804198854221014e-7
TUR.40.25_1,2063,10,albopictus,17.065326410181385,69.18763872392243,0.5557132936533589,0.028869256870489805,0.028710591903136146,0.029030603601776003,0,0,0,1,1,1,0.0523582091034831,0,0,0
TUR.40.25_1,2063,11,albopictus,12.439026453915766,81.79995822651601,0.32234127382164734,3.6887722064059036e-4,3.6150107713346625e-4,3.7650674903123876e-4,0,0,0,1,1,1,0.03172014528889566,0,0,0
TUR.40.25_1,2063,12,albopictus,9.605428471284755,77.36614146644186,0.26513075883196024,0,0,0,0,0,0,1,1,1,0.025331450850819448,0,0,0
TUR.40.25_1,2064,1,albopictus,7.008845686912537,76.59975297896959,0.2406655896461795,0,0,0,0,0,0,1,1,1,0.023021094583259516,0,0,0
TUR.40.25_1,2064,2,albopictus,5.089796224061181,75.21586656037397,0.18645461365694657,0,0,0,0,0,0,1,1,1,0.019103577235207614,0,0,0
TUR.40.25_1,2064,3,albopictus,9.323411787257474,76.79318347462959,0.2209958758075879,0,0,0,0,0,0,1,1,1,0.02115962390723436,0,0,0
TUR.40.25_1,2064,4,albopictus,13.473227781407974,77.34309016577384,0.292226398835187,0.002042970429758333,0.0020161596610188235,0.002067405166886118,0,0,0,1,1,1,0.028799787507841734,0,0,0
TUR.40.25_1,2064,5,albopictus,20.360253165749942,68.25204611356695,0.408455236025462,0.09096622187067537,0.09063291955927544,0.0913084398059013,6.528084173229587e-11,5.878679210091775e-11,7.246243605152358e-11,0.9999999999347191,0.9999999999275376,0.9999999999412132,0.038756890123695986,2.5300824102009786e-12,2.2783932421798282e-12,2.808418672144246e-12
TUR.40.25_1,2064,6,albopictus,24.350551829618567,64.14737729934302,0.4594185389985591,0.1746948082974729,0.17405929419217483,0.17525721762250754,0.002548593488770674,0.002344663740714939,0.00273837685343285,0.9974514065112293,0.9972616231465672,0.997655336259285,0.04490250422919506,1.1443822990802418e-4,1.0528127353349285e-4,1.2295997824239842e-4
TUR.40.25_1,2064,7,albopictus,25.403227862189798,72.11472375661688,0.5395109323617082,0.2237936150660564,0.2230664395939511,0.22451457895589677,0.110097399468738,0.10747215344421333,0.11270073196297059,0.889902600531262,0.8872992680370294,0.8925278465557867,0.050871169267869276,0.005600783444326392,0.005467234109442997,0.005733218012301043
TUR.40.25_1,2064,8,albopictus,26.68052802366369,69.43086463057665,0.6406352241910024,0.23041994329375973,0.2296363285494854,0.23117211838363502,0.13393366377231478,0.1311344862498525,0.13661523982173207,0.8660663362276853,0.8633847601782679,0.8688655137501475,0.06011425330990239,0.008051322190732227,0.007883051724087545,0.008212523132636663
TUR.40.25_1,2064,9,albopictus,23.298410247353946,70.03992380193567,0.5106172097736744,0.16881532786492434,0.16825271361555902,0.16940970456888865,0.0011508078982662739,0.0010620491046591878,0.001249942366348794,0.9988491921017337,0.9987500576336512,0.9989379508953409,0.04977997978589366,5.728719391314187e-5,5.286878296156082e-5,6.222210573037505e-5
TUR.40.25_1,2064,10,albopictus,19.01700945461498,76.71493669755525,0.5031919499546293,0.06909318164805724,0.06883176667554183,0.06936614976327726,2.6938451469504797e-14,2.4091839634365897e-14,3.008704396734174e-14,0.999999999999973,0.9999999999999699,0.9999999999999759,0.047529358622311446,1.2803673206238263e-15,1.1450696858529935e-15,1.4300179026090378e-15
TUR.40.25_1,2064,11,albopictus,13.376745799008539,77.22331332905507,0.29187628940608024,0.001791563290905106,0.0017697952355871583,0.0018140917072507086,0,0,0,1,1,1,0.02876578427740817,0,0,0
TUR.40.25_1,2064,12,albopictus,8.329290165620693,75.68630137855124,0.24007283081628727,0,0,0,0,0,0,1,1,1,0.022965049794565928,0,0,0
TUR.40.25_1,2065,1,albopictus,8.516727328300476,78.17655809371568,0.25026226003930274,0,0,0,0,0,0,1,1,1,0.023928003506782702,0,0,0
TUR.40.25_1,2065,2,albopictus,8.899572530213526,79.48340653840131,0.1872037440947013,0,0,0,0,0,0,1,1,1,0.019857729632805854,0,0,0
TUR.40.25_1,2065,3,albopictus,10.45426925490884,70.25959125050849,0.22980820573594618,2.238002805466624e-25,6.473501890978205e-31,1.5982505048745946e-25,0,0,0,1,1,1,0.02199402912901305,0,0,0
TUR.40.25_1,2065,4,albopictus,13.470423025243424,77.48889552466056,0.3038790843475347,0.0020409363381177913,0.0020146787852703832,0.00206759723820413,0,0,0,1,1,1,0.029930837455961035,0,0,0
TUR.40.25_1,2065,5,albopictus,17.60105593064252,73.7044768386646,0.4247426092068317,0.03898643994844252,0.0387965288320511,0.03916277023993707,0,0,0,1,1,1,0.04027080559047391,0,0,0
TUR.40.25_1,2065,6,albopictus,22.75066016702091,79.90465574172583,0.47773810141602496,0.18149988962184635,0.18097656161590217,0.18201541616475625,0.005863272478720525,0.0055163286491114434,0.0062178711394797435,0.9941367275212795,0.9937821288605203,0.9944836713508886,0.046650599342279,2.7352517523940225e-4,2.573400376500331e-4,2.900674152897893e-4
TUR.40.25_1,2065,7,albopictus,24.283551272223978,68.94920022756415,0.5610242222299181,0.1888410022149548,0.18819524713394245,0.18943420713709663,0.012857144112096435,0.01205447949704512,0.013620259442827512,0.9871428558879035,0.9863797405571725,0.9879455205029549,0.05284513472379848,6.794375127670285e-4,6.370205930466159e-4,7.197644452293083e-4
TUR.40.25_1,2065,8,albopictus,24.80461249631994,72.60993796431688,0.6661808998225882,0.21346931215265103,0.2127670459560112,0.21412326772401613,0.07350163790808636,0.0711152620698115,0.07573761072954191,0.9264983620919136,0.9242623892704581,0.9288847379301886,0.06243493355475438,0.004589069878956987,0.004440076662057625,0.004728672693494801
TUR.40.25_1,2065,9,albopictus,22.242799590615665,66.21677316717005,0.530978346845486,0.13319239864689575,0.13273023018019678,0.13365070463182918,2.537119540789945e-6,2.307000187035113e-6,2.780386832101911e-6,0.9999974628804592,0.9999972196131679,0.999997692999813,0.051712767438434115,1.3120147277637717e-7,1.1930136415257082e-7,1.4378149763737068e-7
TUR.40.25_1,2065,10,albopictus,14.901817994959215,78.5964445710904,0.5232570007800795,0.008798523536335187,0.008728173958479805,0.008867397853350506,0,0,0,1,1,1,0.04937705173216089,0,0,0
TUR.40.25_1,2065,11,albopictus,13.438649752560785,81.3612832997582,0.30351501411581555,0.0020807583017612677,0.002055831482172012,0.002107687948699834,0,0,0,1,1,1,0.02989551948257474,0,0,0
TUR.40.25_1,2065,12,albopictus,11.170239224153407,80.45996013099264,0.24964586463086413,9.527548977253541e-7,8.834269301106176e-7,1.0156794962304372e-6,0,0,0,1,1,1,0.023869777935000225,0,0,0
TUR.40.25_1,2066,1,albopictus,9.628571391105652,78.65371568648912,0.24426811326641498,0,0,0,0,0,0,1,1,1,0.023361640660835237,0,0,0
TUR.40.25_1,2066,2,albopictus,7.710962453309228,74.93580674592084,0.18271994091014793,0,0,0,0,0,0,1,1,1,0.019386748828385203,0,0,0
TUR.40.25_1,2066,3,albopictus,8.484157407985013,68.92774310597724,0.2243039634479603,0,0,0,0,0,0,1,1,1,0.02147293727707522,0,0,0
TUR.40.25_1,2066,4,albopictus,12.970756811254166,81.88858424536369,0.2966007362957597,0.0010484037400307986,0.0010328886702663,0.0010643374811676687,0,0,0,1,1,1,0.029224530349764688,0,0,0
TUR.40.25_1,2066,5,albopictus,17.175833533791934,71.49430990751226,0.41456940314737545,0.031348259710522804,0.0311934408700949,0.03150765747290608,0,0,0,1,1,1,0.039325483279537665,0,0,0
TUR.40.25_1,2066,6,albopictus,22.51639960793888,70.44741086867896,0.4662955758892489,0.14970980473465823,0.14920794674557614,0.15019838916419292,5.666217608489088e-5,5.187149200076846e-5,6.161936251510292e-5,0.9999433378239151,0.999938380637485,0.9999481285079993,0.04555910250205253,2.5814778882408932e-6,2.363218620997408e-6,2.807322852936707e-6
TUR.40.25_1,2066,7,albopictus,25.688509997199564,68.43580301076727,0.5475868724247049,0.2135177427269389,0.21281302444628322,0.21421807599120035,0.07366719370079895,0.0712706870996375,0.07606351175265798,0.926332806299201,0.923936488247342,0.9287293129003625,0.05161266407676268,0.0038021601219571438,0.003678470031793654,0.003925840480588827
TUR.40.25_1,2066,8,albopictus,24.883969643536737,77.98256903731493,0.650224893950173,0.23706367280327953,0.23634693723409586,0.23776959485906568,0.1573021871716762,0.15481966922190452,0.15974003709191453,0.8426978128283238,0.8402599629080855,0.8451803307780954,0.060986093272502484,0.009593245858820489,0.009441846787585051,0.009741920801440507
TUR.40.25_1,2066,9,albopictus,22.381933043984805,73.54686655095911,0.5182606396541687,0.15353657199398202,0.15302545672527904,0.15406092399777888,1.0886079262122717e-4,9.982762835790692e-5,1.1872378043285004e-4,0.9998911392073788,0.9998812762195671,0.9999001723716421,0.05050599629728747,5.498122789047478e-6,5.041893828211437e-6,5.9962628149414946e-6
TUR.40.25_1,2066,10,albopictus,17.779426294214588,72.46510454423493,0.510724231108279,0.04131112310021271,0.041106882656228805,0.041503987931071976,0,0,0,1,1,1,0.048223390479314565,0,0,0
TUR.40.25_1,2066,11,albopictus,14.329791644040277,81.46243381245351,0.29624538607801404,0.005602059762587013,0.0055519139771615265,0.00565262765072472,0,0,0,1,1,1,0.029190033209387733,0,0,0
TUR.40.25_1,2066,12,albopictus,7.908216252046474,83.28372111732077,0.24366648142859118,0,0,0,0,0,0,1,1,1,0.023304776741181144,0,0,0
TUR.40.25_1,2067,1,albopictus,9.07247245311737,79.20179613082506,0.25334305016017833,0,0,0,0,0,0,1,1,1,0.024218967191566465,0,0,0
TUR.40.25_1,2067,2,albopictus,7.003317990723779,81.96057938996381,0.18950826833781853,0,0,0,0,0,0,1,1,1,0.02009970993147292,0,0,0
TUR.40.25_1,2067,3,albopictus,9.7181537992814,76.91278186330146,0.23263720140559394,0,0,0,0,0,0,1,1,1,0.0222617448666782,0,0,0
TUR.40.25_1,2067,4,albopictus,11.25576619540944,76.61794673315666,0.30761991079436524,1.8252652719904894e-6,1.7273300194309391e-6,1.940547280386085e-6,0,0,0,1,1,1,0.030293655627589344,0,0,0
TUR.40.25_1,2067,5,albopictus,16.506651710061465,77.94748831327398,0.42997129544243845,0.02451223599481117,0.02437598921720129,0.02464766279148849,0,0,0,1,1,1,0.04075630753753867,0,0,0
TUR.40.25_1,2067,6,albopictus,22.724260554594153,72.89379148391333,0.48361917522626385,0.16143438322974699,0.1609390939789492,0.16196092995991604,3.874538912911455e-4,3.586483115527034e-4,4.197619894509147e-4,0.9996125461087089,0.9995802380105491,0.9996413516884474,0.04721110632619807,1.829212685824546e-5,1.6932183570426092e-5,1.9817427915663566e-5
TUR.40.25_1,2067,7,albopictus,25.01740556604722,63.6709523943122,0.567930568720781,0.184995462399009,0.18433616222357552,0.1856195680984056,0.008653930193537027,0.008054403427262474,0.009245315385847561,0.991346069806463,0.9907546846141524,0.9919455965727376,0.053477959967167865,4.6279453244863844e-4,4.307330640425623e-4,4.94420606088197e-4
TUR.40.25_1,2067,8,albopictus,25.387507775250604,70.27030020796923,0.6743817509400005,0.21593361219379298,0.21521713294346745,0.2166366431219271,0.08201736146968702,0.07951762055933288,0.08448118276408312,0.917982638530313,0.9155188172359169,0.9204823794406671,0.06317871884022563,0.005181751820310511,0.005023821392161837,0.0053374128931417235
TUR.40.25_1,2067,9,albopictus,23.13028128006879,66.79654230169153,0.5375148212028401,0.1559324028822164,0.15539383591247063,0.15643946082657648,1.6181241646846378e-4,1.480126186967856e-4,1.7559419983828316e-4,0.9998381875835315,0.9998244058001617,0.9998519873813032,0.052332410420253384,8.468033789720614e-6,7.745857109016654e-6,9.189267733353025e-6
TUR.40.25_1,2067,10,albopictus,18.755382257349353,75.86257311112946,0.5296984234637437,0.06250182814929535,0.06224895564481568,0.06275541525270062,1.5463186286979181e-15,1.3322676295501878e-15,1.7763568394002505e-15,0.9999999999999984,0.9999999999999982,0.9999999999999987,0.04996945070747649,7.726869249477326e-17,6.657268164397466e-17,8.876357552529955e-17
TUR.40.25_1,2067,11,albopictus,13.500159838620355,82.2966852162621,0.30725135876833554,0.002287885402849065,0.0022602211572845016,0.002317168452160101,0,0,0,1,1,1,0.030257916245215122,0,0,0
TUR.40.25_1,2067,12,albopictus,9.60821892233456,77.55747142249655,0.2527190667722954,0,0,0,0,0,0,1,1,1,0.024160042397513792,0,0,0
TUR.40.25_1,2068,1,albopictus,5.797420382499695,75.37016923873522,0.24309959046869956,0,0,0,0,0,0,1,1,1,0.023251193365652623,0,0,0
TUR.40.25_1,2068,2,albopictus,7.7923919348155755,82.57196092072553,0.18834034515545817,0,0,0,0,0,0,1,1,1,0.01929490760173902,0,0,0
TUR.40.25_1,2068,3,albopictus,8.949978674159329,74.96434131154365,0.22323094457782638,0,0,0,0,0,0,1,1,1,0.021371321226727025,0,0,0
TUR.40.25_1,2068,4,albopictus,13.15812043582692,75.76749812475822,0.29518186619623604,0.0012737617016395036,0.0012563631971455646,0.001293648656830318,0,0,0,1,1,1,0.02908678014878996,0,0,0
TUR.40.25_1,2068,5,albopictus,19.271996329812442,75.46977377469976,0.41258619792122037,0.07375729275759316,0.07346901006409268,0.0740354347786752,1.7269263796748647e-13,1.543182248653352e-13,1.9196311207281266e-13,0.9999999999998274,0.999999999999808,0.9999999999998457,0.039141089967160037,6.759378079351585e-15,6.040183523026517e-15,7.513645440017985e-15
TUR.40.25_1,2068,6,albopictus,22.83646796731388,68.67886381057349,0.46406492448078546,0.15358256212899277,0.15303927756805732,0.15411300672462083,1.0971344467777156e-4,1.0006006787360299e-4,1.1975782161763315e-4,0.9998902865553222,0.9998802421783823,0.9998999399321264,0.04534617626149462,4.975085200613967e-6,4.5373414745335165e-6,5.430559287765823e-6
TUR.40.25_1,2068,7,albopictus,26.297417696784525,65.09034021169501,0.5449673420422843,0.20755070834540912,0.20681481786619488,0.20828584587094134,0.05422154123441273,0.05197153940006778,0.05649718964195455,0.9457784587655873,0.9435028103580454,0.9480284605999322,0.051372214622591006,0.002785480653461919,0.0026698930763267266,0.0029023857518597146
TUR.40.25_1,2068,8,albopictus,25.028626778546503,69.76377326094774,0.6471143667427426,0.2072278489615965,0.2065764750365891,0.20788221479106925,0.05323094056521719,0.05125307339920416,0.055240216674730544,0.9467690594347828,0.9447597833252694,0.9487469266007958,0.060703389921417994,0.0032312985410142053,0.0031112352992229467,0.003353268412149784
TUR.40.25_1,2068,9,albopictus,24.229858230142032,66.25255502752161,0.5157813992633692,0.17891163513564576,0.1782826347908467,0.17948761440962505,0.004320633611006431,0.004000392718755977,0.0046275944608502205,0.9956793663889936,0.9953724055391497,0.9959996072812439,0.050270564725440114,2.1720069159701083e-4,2.011020010954017e-4,0.00023263178686725916
TUR.40.25_1,2068,10,albopictus,15.366494851953844,75.88951250321931,0.5082810431726321,0.011956117628196228,0.011873042629293697,0.012040129458399306,0,0,0,1,1,1,0.04799832815153138,0,0,0
TUR.40.25_1,2068,11,albopictus,13.709045985165766,77.72677707417226,0.294828215892675,0.002759242722085769,0.002727281858949702,0.00279047334032579,0,0,0,1,1,1,0.0290524431661362,0,0,0
TUR.40.25_1,2068,12,albopictus,11.027230038362392,79.80171122962545,0.2425008367000143,1.718862830447322e-7,1.5622385346796257e-7,1.8837229029884803e-7,0,0,0,1,1,1,0.023194595077934643,0,0,0
TUR.40.25_1,2069,1,albopictus,9.193631052970886,77.86673601119615,0.2573076399872563,0,0,0,0,0,0,1,1,1,0.024593273274499117,0,0,0
TUR.40.25_1,2069,2,albopictus,7.044779935303857,79.70424699250287,0.19247390150724727,0,0,0,0,0,0,1,1,1,0.020411020270299396,0,0,0
TUR.40.25_1,2069,3,albopictus,10.627118910060208,71.64056506642646,0.23627776340841722,9.523056730501107e-13,4.03729141702229e-13,2.2381614118418965e-12,0,0,0,1,1,1,0.022606153555349895,0,0,0
TUR.40.25_1,2069,4,albopictus,12.94720677768483,77.57432185522697,0.31243388444855025,9.346724128478179e-4,9.200537561860045e-4,9.488288922227582e-4,0,0,0,1,1,1,0.030760357363493918,0,0,0
TUR.40.25_1,2069,5,albopictus,16.602612327126895,73.77938986356695,0.4366999577158611,0.024404932049113932,0.024267346747284785,0.0245375470938943,0,0,0,1,1,1,0.041380726169679694,0,0,0
TUR.40.25_1,2069,6,albopictus,24.195722804350012,64.83848218825904,0.4911873783448007,0.17380452991553177,0.1731659982712632,0.17443300785422872,0.0022695248868849394,0.002084513539552629,0.002461754955623724,0.9977304751131151,0.9975382450443763,0.9979154864604474,0.04793192351488862,1.0878269329330515e-4,9.991474354358638e-5,1.1799665024535436e-4
TUR.40.25_1,2069,7,albopictus,26.021212633918314,66.5714650896247,0.5768181689680085,0.2105576590427998,0.2097968006489365,0.2114126104422563,0.06377185824814392,0.061297396456748164,0.0665813379399841,0.9362281417518561,0.9334186620600159,0.9387026035432519,0.05429170443950826,0.0034622828795664467,0.003327940131341132,0.0036148143206246345
TUR.40.25_1,2069,8,albopictus,25.21918235105627,75.50851660811571,0.6849352160050706,0.23441683991202633,0.2336940367820267,0.23512822659594657,0.14808184798826463,0.1455430256194453,0.15057385872003543,0.8519181520117354,0.8494261412799645,0.8544569743805548,0.06413500887737911,0.009497230635306055,0.00933440324014374,0.009657055765710697
TUR.40.25_1,2069,9,albopictus,23.492196868447696,70.03814615300989,0.5459264424835386,0.17366251286603415,0.17309833655588142,0.17416105981260638,0.0022271155995825,0.0020658949440713475,0.0023760508676438866,0.9977728844004174,0.9976239491323561,0.9979341050559286,0.05312921733772391,1.1832490872645394e-4,1.097593814804716e-4,1.262377229525395e-4
TUR.40.25_1,2069,10,albopictus,16.903293329126697,75.9585051179654,0.5379877251823258,0.029226389281667427,0.02907286500937894,0.029377348763244465,0,0,0,1,1,1,0.050731250583119225,0,0,0
TUR.40.25_1,2069,11,albopictus,13.396193125668695,78.78688144428945,0.3120595649163181,0.0018862522047879008,0.0018603647765748524,0.0019120798187934498,0,0,0,1,1,1,0.030724076151494528,0,0,0
TUR.40.25_1,2069,12,albopictus,11.373419537263759,79.48010173255514,0.2566738918231527,5.0849472839976506e-6,4.835494390984808e-6,5.34777092620126e-6,0,0,0,1,1,1,0.024533449289454667,0,0,0
TUR.40.25_1,2070,1,albopictus,8.501780390739441,80.02073533980943,0.24050678171414067,0,0,0,0,0,0,1,1,1,0.02300607975824187,0,0,0
TUR.40.25_1,2070,2,albopictus,5.3485843328868645,77.82453965607709,0.17990635108139505,0,0,0,0,0,0,1,1,1,0.019091092466627435,0,0,0
TUR.40.25_1,2070,3,albopictus,10.45418437789468,77.62146869191474,0.22085004732384947,1.3332005036216358e-24,6.370671217185581e-30,1.7322423863427906e-24,0,0,0,1,1,1,0.021145809989644326,0,0,0
TUR.40.25_1,2070,4,albopictus,13.613359731786392,70.93182765356681,0.2920335674871143,0.002208511629561932,0.0021822080399047372,0.0022350220547011305,0,0,0,1,1,1,0.028781059542652976,0,0,0
TUR.40.25_1,2070,5,albopictus,16.03966791489545,81.24987936552007,0.4081857087886892,0.019722493353676762,0.01961181546299272,0.01984244107032056,0,0,0,1,1,1,0.038731817422585135,0,0,0
TUR.40.25_1,2070,6,albopictus,22.653427348417395,71.70097379592505,0.4591153826220039,0.15644095079414436,0.15594849347618805,0.15696728367788204,1.7578671670386803e-4,1.6209303843154056e-4,1.912788459962039e-4,0.9998242132832962,0.9998087211540039,0.9998379069615685,0.044873549400697765,7.888173915997485e-6,7.273689967566936e-6,8.583360745119117e-6
TUR.40.25_1,2070,7,albopictus,25.144036349128275,69.5779233720954,0.53915492544104,0.2087181103418806,0.20798323692731327,0.20940887997050947,0.05785975733708061,0.05555376742273518,0.06005127200556043,0.9421402426629194,0.9399487279944395,0.9444462325772649,0.0508384690498308,0.002941501482611893,0.0028242684857222207,0.003052914733257655
TUR.40.25_1,2070,8,albopictus,28.092524865094354,64.68953543746142,0.6402124884135504,0.21316980699566268,0.21223740816632522,0.21407816443314187,0.07248436318630362,0.06933184219124808,0.07558268976739602,0.9275156368136964,0.924417310232604,0.930668157808752,0.06007580187836836,0.004354556242060074,0.00416516601534372,0.004540690695900263
TUR.40.25_1,2070,9,albopictus,21.973857711343204,66.11589731267786,0.5102802689452542,0.1264651903376292,0.12602450545126795,0.12690494625655319,6.212245986579878e-7,5.641355640129131e-7,6.821290892133902e-7,0.9999993787754013,0.9999993178709108,0.9999994358644361,0.04974796245442015,3.09046580097998e-8,2.8064594857717533e-8,3.393453231925555e-8
TUR.40.25_1,2070,10,albopictus,19.307624536402088,75.26052232987946,0.5028599088302278,0.0743745328810695,0.07408304533786797,0.07464469729616392,2.188257353097356e-13,1.9539370121890443e-13,2.422589906458939e-13,0.9999999999997812,0.9999999999997577,0.9999999999998046,0.04749875237999257,1.0393949415846927e-14,9.280957030806993e-15,1.1506999808516248e-14
TUR.40.25_1,2070,11,albopictus,12.524934390011957,70.26537418110586,0.2916836890846139,3.5635718375411123e-4,3.491587908828152e-4,3.6392796626399373e-4,0,0,0,1,1,1,0.02874707809505117,0,0,0
TUR.40.25_1,2070,12,albopictus,7.040949597078212,77.91599955970358,0.23991441402784364,0,0,0,0,0,0,1,1,1,0.022950071092103452,0,0,0
TUR.40.25_1,2071,1,albopictus,6.307525992393494,76.73686082809068,0.255225410702992,0,0,0,0,0,0,1,1,1,0.024396703103950812,0,0,0
TUR.40.25_1,2071,2,albopictus,8.294267812195947,74.63199662629194,0.19091633098895702,0,0,0,0,0,0,1,1,1,0.02024753031656079,0,0,0
TUR.40.25_1,2071,3,albopictus,11.726480329737942,69.97419848927802,0.23436571572023415,2.799722685384511e-5,2.699184677723321e-5,2.9034344147850937e-5,0,0,0,1,1,1,0.02242528292091317,0,0,0
TUR.40.25_1,2071,4,albopictus,14.804474157445572,70.44076930395744,0.3099055530564958,0.007263949239511739,0.007203193200781471,0.007321003835569899,0,0,0,1,1,1,0.030515270480266365,0,0,0
TUR.40.25_1,2071,5,albopictus,18.134024451760684,67.28527975614507,0.43316601896286494,0.0443395629995917,0.0441419123053061,0.04454906227911928,0,0,0,1,1,1,0.041052827993469654,0,0,0
TUR.40.25_1,2071,6,albopictus,22.038137660307044,68.1107027998313,0.48721250708446334,0.13211565492249336,0.13168819251376804,0.1325533140137652,2.0370524994479666e-6,1.8640421847071486e-6,2.2253061050248046e-6,0.9999979629475005,0.999997774693895,0.9999981359578153,0.047553413489930696,9.686879980694598e-8,8.86415687720528e-8,1.0582090135391168e-7
TUR.40.25_1,2071,7,albopictus,25.279873904059915,64.41857202321845,0.5721503414476894,0.19179424074225362,0.19110254510942906,0.1924583255624097,0.01702304477069626,0.015963463684813734,0.018073901869682038,0.9829769552293037,0.981926098130318,0.9840365363151863,0.05386440762592348,9.169362225631285e-4,8.598625150404335e-4,9.73540017699494e-4
TUR.40.25_1,2071,8,albopictus,27.580167153302362,64.85862952315478,0.6793924650604803,0.21420451035467505,0.21334697913074543,0.21507180401386425,0.07602047087931206,0.07308243968860567,0.07901300018939642,0.9239795291206879,0.9209869998106036,0.9269175603113943,0.06363288068141981,0.004837401552808613,0.004650446164612104,0.005027824813332863
TUR.40.25_1,2071,9,albopictus,23.341312240151797,71.01451028875208,0.5415086023228276,0.1727038010998156,0.17214379275136546,0.1732543033511157,0.0019614936227164556,0.0018185498578049963,0.0021090365033248296,0.9980385063772835,0.9978909634966752,0.9981814501421951,0.05271081254518939,1.0339192265559152e-4,9.585724065884e-5,1.1116902777771676e-4
TUR.40.25_1,2071,10,albopictus,19.588838296778064,72.097444021774,0.5336341280796326,0.0775630273226677,0.07726447760876981,0.07785811608500677,7.205335217363995e-13,6.449285550047534e-13,8.012840391202758e-13,0.9999999999992795,0.9999999999991986,0.9999999999993551,0.050331224351585546,3.626533433535277e-14,3.2460043792688124e-14,4.032960674230725e-14
TUR.40.25_1,2071,11,albopictus,12.598861315671137,78.22545718891836,0.30953426265737344,4.896342885327618e-4,4.8049784483854995e-4,4.978383825590707e-4,0,0,0,1,1,1,0.030479273774792204,0,0,0
TUR.40.25_1,2071,12,albopictus,10.187837376314052,77.7658835929067,0.25459679106513894,0,0,0,0,0,0,1,1,1,0.024337351293062026,0,0,0
TUR.40.25_1,2072,1,albopictus,8.46046245098114,80.47842271773912,0.2575987367661475,0,0,0,0,0,0,1,1,1,0.02462075073484815,0,0,0
TUR.40.25_1,2072,2,albopictus,9.457031407777002,77.83882951203412,0.199573495375316,0,0,0,0,0,0,1,1,1,0.020433874080486247,0,0,0
TUR.40.25_1,2072,3,albopictus,9.822485769496243,70.19439807423896,0.23654506870823347,0,0,0,0,0,0,1,1,1,0.02263143670141321,0,0,0
TUR.40.25_1,2072,4,albopictus,11.617658895604752,78.33102809301994,0.31278734654312285,2.105078804201887e-5,2.0287547056705333e-5,2.1876226071104577e-5,0,0,0,1,1,1,0.030794615705461936,0,0,0
TUR.40.25_1,2072,5,albopictus,19.213616202859317,67.7604079299732,0.43719400426278554,0.0650264228084237,0.06475113693916977,0.0652953492747229,4.7830628346900995e-15,4.218847493575595e-15,5.3290705182007514e-15,0.9999999999999952,0.9999999999999947,0.9999999999999958,0.04142655757811864,1.9814582792104875e-16,1.7477232860591089e-16,2.2076504666009796e-16
TUR.40.25_1,2072,6,albopictus,23.87528060464298,61.043152140651614,0.49174306749447083,0.1564791173670413,0.1558528522708079,0.15705527195668065,1.7692085563636773e-4,1.5957882505793496e-4,1.940175837866348e-4,0.9998230791443636,0.9998059824162134,0.9998404211749421,0.04798482743495336,8.4895167273554e-6,7.65736238267762e-6,9.309900277348276e-6
TUR.40.25_1,2072,7,albopictus,24.658894594977884,65.0937696245368,0.5774707337772027,0.18357915070364392,0.18295614149444578,0.18417106001496744,0.007416080138303481,0.0069156048123561265,0.007910630398135509,0.9925839198616965,0.9920893696018644,0.9930843951876438,0.054351425387961005,4.030745263081412e-4,3.7587297897139806e-4,4.299540378559984e-4
TUR.40.25_1,2072,8,albopictus,25.77928290647619,67.54523306929735,0.6857100955816665,0.2112423858458541,0.21048082570615168,0.2119942267627479,0.06602177500006999,0.06351644374452012,0.06851740715754327,0.93397822499993,0.9314825928424567,0.9364835562554799,0.06420518521402052,0.0042389402920378835,0.004078085034752829,0.004399172816934521
TUR.40.25_1,2072,9,albopictus,23.76710302689496,65.45465387395716,0.5465440589248007,0.16670394306813704,0.16614804988457202,0.16728734986825594,8.513886525356267e-4,7.847213913880658e-4,9.253286785228825e-4,0.9991486113474644,0.9990746713214771,0.9992152786086119,0.05318769582815375,4.5283400682606594e-5,4.1737522674994035e-5,4.921610029434254e-5
TUR.40.25_1,2072,10,albopictus,18.63368959987865,74.04447313554353,0.5385963604093689,0.05843327827792549,0.058195733452925516,0.058680101127111556,2.221556272274938e-16,2.220446049250313e-16,2.220446049250313e-16,0.9999999999999998,0.9999999999999998,0.9999999999999998,0.05078716103984071,1.1282653615909551e-17,1.1277015108355373e-17,1.1277015108355373e-17
TUR.40.25_1,2072,11,albopictus,14.162154772702387,72.95721530659414,0.3124126035364454,0.004209881969569824,0.004165785931709119,0.0042533224839213755,0,0,0,1,1,1,0.030758294730934832,0,0,0
TUR.40.25_1,2072,12,albopictus,5.34306885214413,79.18232646400045,0.25696427163130325,0,0,0,0,0,0,1,1,1,0.024560860754935243,0,0,0
TUR.40.25_1,2073,1,albopictus,7.903380274772644,79.9999986454735,0.24338854952366948,0,0,0,0,0,0,1,1,1,0.023278506572029123,0,0,0
TUR.40.25_1,2073,2,albopictus,8.443867841187647,81.74617814484662,0.18206200061269334,0,0,0,0,0,0,1,1,1,0.019317619430306077,0,0,0
TUR.40.25_1,2073,3,albopictus,8.38048347304849,74.3725825835163,0.22349628687092069,0,0,0,0,0,0,1,1,1,0.02139645041160909,0,0,0
TUR.40.25_1,2073,4,albopictus,11.692389768712662,73.68782435766838,0.29553273257546714,2.654779495767027e-5,2.559819929809039e-5,2.7488220156977838e-5,0,0,0,1,1,1,0.029120845631764536,0,0,0
TUR.40.25_1,2073,5,albopictus,17.89464838364545,70.40513754423101,0.41307661634444803,0.04211680920518788,0.041924923576771904,0.0423193952738001,0,0,0,1,1,1,0.03918669110229189,0,0,0
TUR.40.25_1,2073,6,albopictus,23.450247035307044,68.09124021438208,0.4646165328227169,0.16704525499396392,0.1664911431229524,0.16757909019929879,8.943387329266932e-4,8.248574888925081e-4,9.648524438829075e-4,0.9991056612670733,0.9990351475561171,0.9991751425111075,0.045398834310433456,4.0601935953541944e-5,3.744756846795118e-5,4.3803176233856915e-5
TUR.40.25_1,2073,7,albopictus,25.883008059333353,66.54624231130438,0.5456151146191216,0.20864034828732642,0.20792175503190286,0.2094090648943811,0.05761522773716256,0.055362856867171316,0.060051863848120085,0.9423847722628375,0.9399481361518799,0.9446371431328286,0.051431680023052095,0.0029632479574330205,0.0028474047395543873,0.003088568246224402
TUR.40.25_1,2073,8,albopictus,25.70685324949377,70.10183936202196,0.6478835558454923,0.22070685137258708,0.21998347736299084,0.22142435379367567,0.09897289329154203,0.0963764649370833,0.10155243084200163,0.901027106708458,0.8984475691579984,0.9036235350629167,0.0607733063562802,0.006014909964974313,0.00585711642915666,0.006171676990785924
TUR.40.25_1,2073,9,albopictus,22.94717008927289,64.21179880193567,0.5163944801221846,0.14523063463579053,0.14471577818321765,0.1457328399883915,2.5574685842839507e-5,2.3264216081644862e-5,2.7979199272076814e-5,0.9999744253141571,0.9999720208007279,0.9999767357839183,0.05032878903439353,1.2871429684051604e-6,1.1708598232236495e-6,1.4081592175156109e-6
TUR.40.25_1,2073,10,albopictus,15.631812768823961,77.03633257157868,0.5088852087724636,0.014504266604632545,0.014406846754481412,0.01458906756863536,0,0,0,1,1,1,0.04805398781415615,0,0,0
TUR.40.25_1,2073,11,albopictus,12.098606684628656,78.70877933247304,0.29517866190732506,1.396746061835529e-4,1.3625581551793444e-4,1.4339518377232583e-4,0,0,0,1,1,1,0.02908646904009371,0,0,0
TUR.40.25_1,2073,12,albopictus,8.41199089499081,78.73410716468405,0.24278908404945307,0,0,0,0,0,0,1,1,1,0.0232218425916626,0,0,0
TUR.40.25_1,2074,1,albopictus,6.288762927055359,79.3486085697899,0.25258306209042275,0,0,0,0,0,0,1,1,1,0.02414719855786196,0,0,0
TUR.40.25_1,2074,2,albopictus,9.345359960023096,78.34252213898725,0.18893977426243053,0,0,0,0,0,0,1,1,1,0.020040022309126493,0,0,0
TUR.40.25_1,2074,3,albopictus,8.234028661952298,75.13399615773506,0.23193932752455476,0,0,0,0,0,0,1,1,1,0.022195709928047203,0,0,0
TUR.40.25_1,2074,4,albopictus,13.826342863195084,73.37150966040275,0.30669710094394625,0.002958160568169228,0.0029243401495194607,0.002989185560630774,0,0,0,1,1,1,0.03020416604189924,0,0,0
TUR.40.25_1,2074,5,albopictus,18.573496650247012,79.30776358182867,0.4286814512779073,0.06143221330966585,0.06118339621807437,0.06166591134392469,9.44577749351083e-16,8.881784197001252e-16,9.992007221626409e-16,0.999999999999999,0.999999999999999,0.9999999999999991,0.04063656378564817,3.838439396200928e-17,3.609251900518033e-17,4.0604083880827874e-17
TUR.40.25_1,2074,6,albopictus,23.982662425321692,67.29290800002661,0.4821683961216284,0.17689570234855728,0.1763129226760263,0.17752332712210298,0.0033722434580486862,0.003132283809417607,0.0036438622513908945,0.9966277565419513,0.9963561377486092,0.9968677161905825,0.047072867676946295,1.5874117007517362e-4,1.4744558128735634e-4,1.7152704559274322e-4
TUR.40.25_1,2074,7,albopictus,27.80033021814683,62.17386682302314,0.5662268691071368,0.2021150642194775,0.20125167536185887,0.20290770387997692,0.03867446272501883,0.03643624394193343,0.040774502689315054,0.9613255372749812,0.959225497310685,0.9635637560580665,0.053321890078939393,0.0020621954502854927,0.0019428493943611956,0.0021741735504230758
TUR.40.25_1,2074,8,albopictus,25.640033104840448,73.83786994063524,0.6723587150412409,0.23568787137277872,0.23492896478197817,0.23639496934074145,0.15252574489033421,0.14987705915125427,0.15498643404646997,0.8474742551096658,0.84501356595353,0.8501229408487457,0.06299529219998756,0.009608403867387363,0.009441549135308083,0.009763415699791477
TUR.40.25_1,2074,9,albopictus,23.100646804360782,70.10732187322473,0.5359023638996985,0.16398988261886194,0.16340519699199263,0.16453912207683286,5.710555835781456e-4,5.226874327157488e-4,6.193011627086242e-4,0.9994289444164218,0.9993806988372914,0.9994773125672842,0.05217959074724776,2.9797446645038374e-5,2.727361632783737e-5,3.2314881219430715e-5
TUR.40.25_1,2074,10,albopictus,19.454704004175525,76.6261076570279,0.528109414086355,0.07935048751266156,0.07905441365242735,0.07963558777850314,1.3745524718444813e-12,1.2346651478978288e-12,1.5194734359624818e-12,0.9999999999986254,0.9999999999984805,0.9999999999987653,0.04982334843061187,6.84848067408664e-14,6.151515185884646e-14,7.570525443101774e-14
TUR.40.25_1,2074,11,albopictus,14.433196642819574,75.61591434223867,0.3063296545142323,0.005673176022043964,0.005625573293229594,0.005724858796107223,0,0,0,1,1,1,0.030168530585523268,0,0,0
TUR.40.25_1,2074,12,albopictus,10.087771191316493,73.60688701087545,0.2519609505515217,0,0,0,0,0,0,1,1,1,0.024088446213044068,0,0,0
TUR.40.25_1,2075,1,albopictus,7.9254902601242065,80.32070024459459,0.24463706134221982,0,0,0,0,0,0,1,1,1,0.023396510571558116,0,0,0
TUR.40.25_1,2075,2,albopictus,7.643505254212548,79.54627274933881,0.18299592523617594,0,0,0,0,0,0,1,1,1,0.01941574488759623,0,0,0
TUR.40.25_1,2075,3,albopictus,11.069866979823392,72.63011279591865,0.2246427572209292,2.186758036841321e-7,2.0031434535304382e-7,2.3896713566391e-7,0,0,0,1,1,1,0.021505019222970767,0,0,0
TUR.40.25_1,2075,4,albopictus,14.40090207492604,68.71853267065666,0.2970487287474772,0.0049844591998537465,0.0049351157478271885,0.005031680253066139,0,0,0,1,1,1,0.02926801938389101,0,0,0
TUR.40.25_1,2075,5,albopictus,17.087984870461856,68.92460775907476,0.41519557813818136,0.029079420619167996,0.028913251113197893,0.02923627896543552,0,0,0,1,1,1,0.03938369606638881,0,0,0
TUR.40.25_1,2075,6,albopictus,22.363455043119544,68.5752032270774,0.4669998792597547,0.14138099569595802,0.1409395001808241,0.14184332370808625,1.2557862485265802e-5,1.154405256637292e-5,1.3682714917900852e-5,0.9999874421375148,0.999986317285082,0.9999884559474337,0.04562632172899406,5.729690739812024e-7,5.267126564497503e-7,6.242919529702508e-7
TUR.40.25_1,2075,7,albopictus,24.581345614264993,69.07234246999579,0.5484139600057055,0.1956641748085318,0.1949564529817771,0.19635916855523072,0.023833589325775152,0.02246354649180607,0.02521790304949202,0.9761664106742248,0.974782096950508,0.977536453508194,0.05168857065706001,0.0012319241658766801,0.0011611086100498705,0.0013034773635965573
TUR.40.25_1,2075,8,albopictus,24.913737633649042,72.48700171553759,0.6512070083172729,0.2153749454459613,0.21469700077071943,0.21603108961283918,0.08006827622361648,0.07771491295837624,0.082356427254577,0.9199317237763835,0.9176435727454231,0.9222850870416237,0.06107533603618398,0.004890196876195377,0.004746464423955618,0.00502994646931283
TUR.40.25_1,2075,9,albopictus,22.431033919839297,71.56706155828333,0.5190434322307718,0.15012739576173165,0.1496411048240654,0.15058427476609745,6.0918975571333964e-5,5.594029901322961e-5,6.586603067995079e-5,0.9999390810244286,0.9999341339693201,0.9999440597009868,0.050580319074046476,3.0813012220621146e-6,2.829478173186721e-6,3.331524847932845e-6
TUR.40.25_1,2075,10,albopictus,17.24148340786205,72.29438921220368,0.511495640523182,0.032663113323078675,0.03250098592450804,0.03282142990622087,0,0,0,1,1,1,0.04829444035346209,0,0,0
TUR.40.25_1,2075,11,albopictus,12.258991816464594,79.12310886128164,0.2966928418007359,2.2288666286831804e-4,2.176901140418722e-4,2.2814187590607227e-4,0,0,0,1,1,1,0.0292334716850724,0,0,0
TUR.40.25_1,2075,12,albopictus,8.916844143587001,77.8462287467153,0.2440345207860785,0,0,0,0,0,0,1,1,1,0.02333956279418825,0,0,0
TUR.59.4_1,2025,1,albopictus,6.417662176139214,77.05788846229612,0.06320792421232822,0,0,0,0,0,0,1,1,1,0.0060982257709665255,0,0,0
TUR.59.4_1,2025,2,albopictus,5.300040262586931,68.47041050694055,0.0472814401466033,0,0,0,0,0,0,1,1,1,0.005053058715036474,0,0,0
TUR.59.4_1,2025,3,albopictus,6.994823834475349,58.27931918354798,0.058041910311397375,0,0,0,0,0,0,1,1,1,0.005601213442467334,0,0,0
TUR.59.4_1,2025,4,albopictus,10.657383764491362,64.13983739791068,0.0767497509617878,2.931370128078568e-12,1.4551504319497721e-12,6.342174440353647e-12,0,0,0,1,1,1,0.0076455976798393,0,0,0
TUR.59.4_1,2025,5,albopictus,16.234515330370733,59.7750282703888,0.10727585792710304,0.01654034358556878,0.016424967935257162,0.016650811129086732,0,0,0,1,1,1,0.010327832504898882,0,0,0
TUR.59.4_1,2025,6,albopictus,21.487884605632107,47.428368130794134,0.12066075685124628,0.08544093563955721,0.08506765701598558,0.08581487737313458,1.1151922829633065e-11,9.833572844897276e-12,1.2589962405940013e-11,0.999999999988848,0.9999999999874101,0.9999999999901664,0.011993572496537874,1.3375139493299995e-13,1.1793966881526165e-13,1.5099862684432797e-13
TUR.59.4_1,2025,7,albopictus,25.958779839908377,40.96706828441224,0.1416960612216161,0.1253555435961671,0.12472384905144128,0.12602298555221816,4.890876215798423e-7,4.2490660810412527e-7,5.639498760534599e-7,0.9999995109123784,0.999999436050124,0.999999575093392,0.013618933689051205,6.6608518864316414e-9,5.786774919809749e-9,7.680395965920718e-9
TUR.59.4_1,2025,8,albopictus,25.377353556015912,42.28030934382277,0.16825514091127397,0.12564560931999103,0.1250401573943414,0.1263138697662679,5.208446156456103e-7,4.553705797855079e-7,6.005739651787634e-7,0.9999994791553843,0.9999993994260348,0.9999995446294202,0.016150908090942773,8.412113516954667e-9,7.354648381435061e-9,9.699814913415273e-9
TUR.59.4_1,2025,9,albopictus,21.183403127333698,43.32588875491181,0.1341074722993631,0.07519771955133804,0.07481796000483061,0.07555714792231846,2.9941527035504123e-13,2.5867363806497675e-13,3.4205971388701073e-13,0.9999999999997006,0.9999999999996579,0.9999999999997413,0.013321223798181014,3.9885778249923775e-15,3.4458494233532307e-15,4.556654001030636e-15
TUR.59.4_1,2025,10,albopictus,18.190073574290558,45.872029949045135,0.13215731706284153,0.03352465518450049,0.03332936536153089,0.03371818093611525,0,0,0,1,1,1,0.012707980723908663,0,0,0
TUR.59.4_1,2025,11,albopictus,10.09295647284564,66.42916255672243,0.07665779892870517,0,0,0,0,0,0,1,1,1,0.00763647273740331,0,0,0
TUR.59.4_1,2025,12,albopictus,7.740716204923742,74.32426846659918,0.06305224323088378,0,0,0,0,0,0,1,1,1,0.006083251632005626,0,0,0
TUR.59.4_1,2026,1,albopictus,2.8997087802957084,72.41125912880003,0.07193484005680319,0,0,0,0,0,0,1,1,1,0.006937261467330091,0,0,0
TUR.59.4_1,2026,2,albopictus,4.302268045790056,74.9658328702218,0.053809437297386326,0,0,0,0,0,0,1,1,1,0.0057487094218527934,0,0,0
TUR.59.4_1,2026,3,albopictus,8.54355849939234,63.77552737446595,0.06605557114668446,0,0,0,0,0,0,1,1,1,0.006372086228409679,0,0,0
TUR.59.4_1,2026,4,albopictus,15.596580351100249,49.54158986983451,0.08734634349467939,0.009679448848592224,0.009600080873026847,0.009763353480779757,0,0,0,1,1,1,0.008696598255212185,0,0,0
TUR.59.4_1,2026,5,albopictus,18.480006358202765,43.922531169558724,0.12208709237183561,0.0362005891475183,0.0359807358141734,0.036418184449542056,0,0,0,1,1,1,0.011745358279264928,0,0,0
TUR.59.4_1,2026,6,albopictus,22.286838615641873,37.911591092219915,0.1373200014616887,0.08402496160649865,0.08360031072256695,0.08445214622248205,6.9571305383320235e-12,6.012887410200563e-12,8.008910201695584e-12,0.9999999999930429,0.9999999999919911,0.9999999999939871,0.013638146323552314,9.488236427382642e-14,8.200463832736079e-14,1.0922668922291526e-13
TUR.59.4_1,2026,7,albopictus,27.534585503970877,35.40584239329896,0.16125958299810617,0.1107669046564259,0.11006461674439533,0.11153284808760414,1.61975818619986e-8,1.3514960808813647e-8,1.9523746885852234e-8,0.9999999838024182,0.9999999804762532,0.9999999864850393,0.015484627103110715,2.5081351510515805e-10,2.0927412843763492e-10,3.0231794018294094e-10
TUR.59.4_1,2026,8,albopictus,27.121551401474896,37.074731493480975,0.19148558983727393,0.1162843133997848,0.11560169309784757,0.11697572683689524,6.215497074091303e-8,5.264965782514342e-8,7.295953815822376e-8,0.9999999378450293,0.9999999270404618,0.9999999473503421,0.018360222747052957,1.1411791076397224e-9,9.66659445225753e-10,1.339553372107098e-9
TUR.59.4_1,2026,9,albopictus,22.613407247206744,50.90537178713837,0.1526232618851811,0.11031393250190784,0.10982703828727726,0.1108269292627425,1.4417277044986854e-8,1.2727566081616183e-8,1.636995839160438e-8,0.999999985582723,0.9999999836300416,0.9999999872724339,0.015146447165027332,2.1837052502545476e-10,1.9277740719459345e-10,2.479467098721315e-10
TUR.59.4_1,2026,10,albopictus,17.39845522712259,55.6581665762424,0.1504038549552229,0.02793107983463533,0.02775970312304545,0.028083943870376757,0,0,0,1,1,1,0.014449796740799159,0,0,0
TUR.59.4_1,2026,11,albopictus,10.190421987982358,66.23319392879274,0.08724169593861542,0,0,0,0,0,0,1,1,1,0.008686224453101632,0,0,0
TUR.59.4_1,2026,12,albopictus,6.471782908720129,75.98585904277105,0.0717576647003958,0,0,0,0,0,0,1,1,1,0.006920234265423986,0,0,0
TUR.59.4_1,2027,1,albopictus,6.255280050284722,71.1998028299719,0.06848079226888,0,0,0,0,0,0,1,1,1,0.00660526216145052,0,0,0
TUR.59.4_1,2027,2,albopictus,7.112601297743181,75.08722416660852,0.05122570502357207,0,0,0,0,0,0,1,1,1,0.005473434270068411,0,0,0
TUR.59.4_1,2027,3,albopictus,10.56432094293482,59.05619754048158,0.06288382433778014,1.7528354404849204e-15,2.0253341455636456e-16,9.427038629623979e-15,0,0,0,1,1,1,0.00606705204593283,0,0,0
TUR.59.4_1,2027,4,albopictus,11.157049024806303,65.97464574752006,0.08315229170707909,4.5677481071238564e-7,4.202149173916183e-7,4.948078417660204e-7,0,0,0,1,1,1,0.008280753277124964,0,0,0
TUR.59.4_1,2027,5,albopictus,16.187619349535773,62.69681171765443,0.1162249169501912,0.01676997039118842,0.016662587354344095,0.016878625797789013,0,0,0,1,1,1,0.011184555149061914,0,0,0
TUR.59.4_1,2027,6,albopictus,21.943180168376248,45.77225927459296,0.13072639748742787,0.09055075436009562,0.0901312211159799,0.09095457185618049,5.742096198524393e-11,5.027559202286369e-11,6.495596005517968e-11,0.999999999942579,0.9999999999350441,0.9999999999497244,0.012987563919140244,7.457584140818776e-13,6.529574649695595e-13,8.436196831457664e-13
TUR.59.4_1,2027,7,albopictus,25.373445062076346,44.05104884471498,0.15351648792072514,0.1301332699744071,0.12945988425377442,0.13077435932391765,1.3540737245474332e-6,1.1734334858876093e-6,1.5435610788733233e-6,0.9999986459262754,0.9999984564389212,0.9999988265665141,0.0147466219738277,1.9968013340593895e-8,1.7304180027815455e-8,2.276231172365854e-8
TUR.59.4_1,2027,8,albopictus,26.711963541367474,40.92135396052199,0.18229115251768957,0.12694437306776746,0.12623869987942896,0.12762827993923034,6.899754166211913e-7,5.908973706225672e-7,7.963980826142247e-7,0.9999993100245834,0.9999992036019174,0.9999994091026294,0.017486386422219558,1.2065176756870083e-8,1.0332659758579698e-8,1.392612461850707e-8
TUR.59.4_1,2027,9,albopictus,21.83529483570772,55.48732292849579,0.14529485134469955,0.10399637526342853,0.10358909147229814,0.10440132648535604,2.7899706681600024e-9,2.496508219596016e-9,3.10474893294721e-9,0.9999999972100293,0.9999999968952511,0.9999999975034918,0.014424441523910314,4.024376875629894e-11,3.601073682752419e-11,4.478426942971997e-11
TUR.59.4_1,2027,10,albopictus,16.65587195228128,53.68662421784396,0.14318201221402843,0.01908406259329188,0.01895534429062117,0.01920784884365593,0,0,0,1,1,1,0.013760766773891486,0,0,0
TUR.59.4_1,2027,11,albopictus,10.150300909491147,72.06481319148806,0.08305266894371988,0,0,0,0,0,0,1,1,1,0.008270873446728721,0,0,0
TUR.59.4_1,2027,12,albopictus,6.829115615171545,77.06677640116949,0.06831212422474842,0,0,0,0,0,0,1,1,1,0.00658904713097086,0,0,0
TUR.59.4_1,2028,1,albopictus,4.59037164116607,73.47684903358518,0.06504853051396203,0,0,0,0,0,0,1,1,1,0.006275246959759118,0,0,0
TUR.59.4_1,2028,2,albopictus,7.685531156904558,75.59496037266321,0.050396064696095734,0,0,0,0,0,0,1,1,1,0.005199819891599788,0,0,0
TUR.59.4_1,2028,3,albopictus,8.019368073519537,74.52022494526673,0.05973208297897545,0,0,0,0,0,0,1,1,1,0.005763849075191452,0,0,0
TUR.59.4_1,2028,4,albopictus,9.957483137355132,72.48682226119193,0.07898469344771016,0,0,0,0,0,0,1,1,1,0.007867358399277324,0,0,0
TUR.59.4_1,2028,5,albopictus,16.85551466661341,58.456501048709114,0.11039971656625905,0.022550174526488557,0.02240905413910119,0.022688394985859717,0,0,0,1,1,1,0.010626973990927602,0,0,0
TUR.59.4_1,2028,6,albopictus,20.495103920207303,59.068607846370305,0.12417438195740017,0.08212478976862408,0.08175685886385531,0.08246283837195252,3.639584966741438e-12,3.199501774631131e-12,4.080985549492766e-12,0.9999999999963605,0.999999999995919,0.9999999999968006,0.012340659935081932,4.4914880379392574e-14,3.948396336241393e-14,5.0362054866273696e-14
TUR.59.4_1,2028,7,albopictus,25.057899026309745,46.22402629222474,0.1458222315784387,0.13320610226130772,0.13258377741671157,0.13387959279945458,2.5466144310913875e-6,2.2391733504295577e-6,2.9117582316523505e-6,0.9999974533855689,0.9999970882417684,0.9999977608266496,0.014012723738070165,3.5685004490266335e-8,3.137691756121836e-8,4.0801663692196104e-8
TUR.59.4_1,2028,8,albopictus,25.530485041001263,44.11815037775832,0.1731547081174879,0.13139561546027076,0.13070695308837074,0.13198761264264336,1.7589220143493511e-6,1.5221347048677282e-6,1.9822199996327726e-6,0.9999982410779856,0.9999980177800004,0.999998477865295,0.016617291199194417,2.9228519309116788e-8,2.5293755635186886e-8,3.293912695476483e-8
TUR.59.4_1,2028,9,albopictus,21.07515537037569,48.437926413603215,0.13801266396142764,0.07973424301484805,0.07938656551978489,0.08011204417580087,1.5771057793045885e-12,1.3904599693859154e-12,1.7993412315675527e-12,0.9999999999984229,0.9999999999982007,0.9999999999986096,0.013706465544138347,2.1616546023499798e-14,1.905829166089171e-14,2.466260859262812e-14
TUR.59.4_1,2028,10,albopictus,17.175505245433136,51.90083472809787,0.13600572046517065,0.023970680089255274,0.02381573836851,0.024115483145329353,0,0,0,1,1,1,0.013075605614656372,0,0,0
TUR.59.4_1,2028,11,albopictus,10.42558472296771,65.35962825496462,0.07889006378371892,1.0606836770559704e-37,2.191864990040121e-50,6.550974841153456e-40,0,0,0,1,1,1,0.007857969837004597,0,0,0
TUR.59.4_1,2028,12,albopictus,4.972931132597082,71.95366299784918,0.06488831612315381,0,0,0,0,0,0,1,1,1,0.006259839517160692,0,0,0
TUR.59.4_1,2029,1,albopictus,2.6733973350595024,68.04183621620237,0.06141373662736199,0,0,0,0,0,0,1,1,1,0.005925638572925718,0,0,0
TUR.59.4_1,2029,2,albopictus,4.728497522718767,67.83862034580774,0.04593933353627717,0,0,0,0,0,0,1,1,1,0.00490997790653247,0,0,0
TUR.59.4_1,2029,3,albopictus,7.293135067995856,69.89474429341126,0.056394362536554915,0,0,0,0,0,0,1,1,1,0.0054426537532454855,0,0,0
TUR.59.4_1,2029,4,albopictus,10.806597555384917,65.56421483931693,0.0745711720566759,1.072120748844329e-9,8.337555939087468e-10,1.4340252119823566e-9,0,0,0,1,1,1,0.0074293818918077514,0,0,0
TUR.59.4_1,2029,5,albopictus,15.983557841357062,69.0475120960724,0.10423078067044683,0.016227901702071532,0.016125311934790797,0.016332468718715534,0,0,0,1,1,1,0.010036148089954233,0,0,0
TUR.59.4_1,2029,6,albopictus,21.874994362101834,57.586552182307805,0.1172357427468769,0.10838111263277186,0.10796007763177928,0.10880216028313862,8.818230430751583e-9,7.901487278361153e-9,9.807826154006882e-9,0.9999999911817695,0.9999999901921739,0.9999999920985126,0.011655120944838893,1.0277754218986847e-10,9.209278987340512e-11,1.1431140003090428e-10
TUR.59.4_1,2029,7,albopictus,25.59605553570916,39.865086167713024,0.13767394980045267,0.12089440943240762,0.12026917816091913,0.12150889562872627,1.8120356307216312e-7,1.5674817350208591e-7,2.077566097630212e-7,0.999999818796437,0.9999997922433902,0.9999998432518264,0.01323492335661558,2.398215269205736e-9,2.0745500625895885e-9,2.749642807043878e-9
TUR.59.4_1,2029,8,albopictus,25.725791818955365,49.409299517162616,0.16347913713181633,0.14753378942105996,0.14684988676995714,0.14818754087209973,3.869465487313639e-5,3.419638667929437e-5,4.3363790679862293e-5,0.9999613053451268,0.9999566362093202,0.9999658036133208,0.015696073925534515,6.073541634117932e-7,5.367490133043682e-7,6.806412642025231e-7
TUR.59.4_1,2029,9,albopictus,20.289888494154987,64.2427588720993,0.1303007666552662,0.08419607132552111,0.08386368580592822,0.08452615342976721,7.362097376173437e-12,6.572190014431101e-12,8.209719015717098e-12,0.9999999999926379,0.9999999999917903,0.9999999999934278,0.012945552732631538,9.530641980602151e-14,8.508063240069224e-14,1.0627935043805358e-13
TUR.59.4_1,2029,10,albopictus,15.03213747809915,63.00077216706271,0.12840596752096956,0.007835196738454984,0.007764525740304068,0.007903363747061841,0,0,0,1,1,1,0.012349495256908649,0,0,0
TUR.59.4_1,2029,11,albopictus,10.895360876532163,72.9936309405115,0.07448183012664958,1.3585689666054382e-8,1.1717714477555709e-8,1.5945012495553236e-8,0,0,0,1,1,1,0.0074205140347233245,0,0,0
TUR.59.4_1,2029,12,albopictus,5.674996600431554,71.5629693332984,0.06126247472608201,0,0,0,0,0,0,1,1,1,0.005911086958879985,0,0,0
TUR.59.4_1,2030,1,albopictus,7.195159467704156,77.26526303505003,0.07255314989893016,0,0,0,0,0,0,1,1,1,0.006996681024915796,0,0,0
TUR.59.4_1,2030,2,albopictus,6.82963468397365,66.56789128086633,0.05427195177095735,0,0,0,0,0,0,1,1,1,0.005797978445246987,0,0,0
TUR.59.4_1,2030,3,albopictus,9.07008733468897,70.61622561665345,0.06662334622945468,0,0,0,0,0,0,1,1,1,0.006426680583782374,0,0,0
TUR.59.4_1,2030,4,albopictus,12.007130468592925,63.278959407188026,0.0880971216129586,7.161867825765656e-5,6.933038219873855e-5,7.380068151999855e-5,0,0,0,1,1,1,0.008771020351713732,0,0,0
TUR.59.4_1,2030,5,albopictus,20.079735896166632,47.90231327405091,0.12313648166290182,0.06244726681126582,0.062146870341135856,0.06275323361059533,1.5083490012557377e-15,1.3322676295501878e-15,1.7763568394002505e-15,0.9999999999999984,0.9999999999999982,0.9999999999999987,0.011845714199983925,1.7867471182706665e-17,1.5781661577541584e-17,2.1042215436722112e-17
TUR.59.4_1,2030,6,albopictus,24.8749924547532,30.31835226165351,0.13850032393627276,0.09610752312703133,0.09556988072562105,0.0966638862556162,3.069706651093185e-10,2.613582156252292e-10,3.597622616480222e-10,0.9999999996930293,0.9999999996402377,0.9999999997386418,0.013754561959414269,4.2222470329687284e-12,3.59486777041917e-12,4.94837231849673e-12
TUR.59.4_1,2030,7,albopictus,26.819861916934745,39.53799495067201,0.16264567612386116,0.12316795449695109,0.12246157286473003,0.12386691569977135,3.022385820160567e-7,2.574023250490054e-7,3.51866719180971e-7,0.999999697761418,0.9999996481332808,0.999999742597675,0.015616679213136364,4.719962981177963e-9,4.019769539005773e-9,5.494989679227961e-9
TUR.59.4_1,2030,8,albopictus,26.972995645859662,46.57293858576613,0.1931314880519413,0.14374485043256757,0.14299659591067096,0.1444759022645095,1.951827377540849e-5,1.6961517410143958e-5,2.2267622717711545e-5,0.9999804817262246,0.9999777323772824,0.9999830384825898,0.01851656634291643,3.6141141126155725e-7,3.1406906240146264e-7,4.123199133515389e-7
TUR.59.4_1,2030,9,albopictus,21.951080434462604,52.63967049319306,0.1539351222422294,0.10147738694069564,0.1010358242996667,0.10189916623023752,1.4064430954308093e-9,1.2426946555121887e-9,1.5765985683646734e-9,0.9999999985935569,0.9999999984234015,0.9999999987573054,0.015275637724189606,2.1484315205488873e-11,1.8982953359390796e-11,2.4083548566814725e-11
TUR.59.4_1,2030,10,albopictus,16.465268696055695,68.27641456208224,0.15169663858745475,0.021090379443327333,0.020966502105658952,0.02121602399304193,0,0,0,1,1,1,0.014573089335108591,0,0,0
TUR.59.4_1,2030,11,albopictus,10.941055227728452,64.6989303179529,0.08799157456766499,2.0653988718055992e-8,1.7908192282150555e-8,2.3786623509890596e-8,0,0,0,1,1,1,0.008760558167500099,0,0,0
TUR.59.4_1,2030,12,albopictus,8.374376521391028,74.21261227763434,0.07237445164671091,0,0,0,0,0,0,1,1,1,0.006979508493442088,0,0,0
TUR.59.4_1,2031,1,albopictus,8.560750993735649,74.24206967567503,0.0694056391831071,0,0,0,0,0,0,1,1,1,0.006694168317417759,0,0,0
TUR.59.4_1,2031,2,albopictus,2.4961679157088787,65.18835179112024,0.051917518503681113,0,0,0,0,0,0,1,1,1,0.00554714870426809,0,0,0
TUR.59.4_1,2031,3,albopictus,9.82572116571314,68.9900659486847,0.06373308307102094,0,0,0,0,0,0,1,1,1,0.006148736389506304,0,0,0
TUR.59.4_1,2031,4,albopictus,9.716750944361968,71.77193273482474,0.08427528018090187,0,0,0,0,0,0,1,1,1,0.008392115952391643,0,0,0
TUR.59.4_1,2031,5,albopictus,17.590237757738898,58.629020732547005,0.11779455789966563,0.031622205695195534,0.03145189534846447,0.03179473325114789,0,0,0,1,1,1,0.01133474553663305,0,0,0
TUR.59.4_1,2031,6,albopictus,22.97547539542703,43.925316372981634,0.13249188385694255,0.10321734734630783,0.10270973811217919,0.10368240756964188,2.2628620047759895e-9,1.9674629619936824e-9,2.5600760594768347e-9,0.999999997737138,0.999999997439924,0.999999998032537,0.013161804237986519,2.9783346724439286e-11,2.589536235124996e-11,3.369521992919003e-11
TUR.59.4_1,2031,7,albopictus,26.34832146588494,34.39331111278138,0.1555897590589883,0.10982643836422475,0.10918412503707488,0.11047837937573646,1.2769308488813635e-8,1.0811535675059325e-8,1.4999252842540223e-8,0.9999999872306915,0.9999999850007472,0.9999999891884643,0.014944282536767939,1.908281538559802e-10,1.6157064378443265e-10,2.2415307231934074e-10
TUR.59.4_1,2031,8,albopictus,24.976657755234662,52.31123890925246,0.1847530313060502,0.14890856690405876,0.14824312351682253,0.14958623236056995,4.930428017521693e-5,4.379099547003884e-5,5.54086769505413e-5,0.9999506957198248,0.9999445913230495,0.99995620900453,0.017720438806942296,8.736934797652698e-7,7.759956555219104e-7,9.81866069275701e-7
TUR.59.4_1,2031,9,albopictus,22.222978704115924,44.85099709231415,0.14725708762245207,0.09356891583171903,0.09314842066844647,0.09397960283022551,1.4449825413986872e-10,1.2704881591218964e-10,1.6310389427953705e-10,0.9999999998555017,0.9999999998368961,0.9999999998729512,0.0146178157625233,2.1122488570228706e-12,1.8571761838511268e-12,2.384222676728351e-12
TUR.59.4_1,2031,10,albopictus,16.749125087962433,65.97405402741427,0.14511571417309801,0.02369814517214333,0.023560187709576786,0.023828709007144084,0,0,0,1,1,1,0.013945306868317076,0,0,0
TUR.59.4_1,2031,11,albopictus,9.238947798224057,68.52346950252321,0.08417431199202657,0,0,0,0,0,0,1,1,1,0.008382103816633735,0,0,0
TUR.59.4_1,2031,12,albopictus,6.84458516625797,73.32184231913824,0.0692346932430141,0,0,0,0,0,0,1,1,1,0.006677735768669479,0,0,0
TUR.59.4_1,2032,1,albopictus,5.725435289389947,77.83890958046018,0.06121725745873905,0,0,0,0,0,0,1,1,1,0.00590673695089694,0,0,0
TUR.59.4_1,2032,2,albopictus,4.3122837718795335,65.51645390293665,0.04742780264261271,0,0,0,0,0,0,1,1,1,0.004894308061758945,0,0,0
TUR.59.4_1,2032,3,albopictus,4.329008004244636,66.7117685243683,0.0562139417044301,0,0,0,0,0,0,1,1,1,0.005425288550291674,0,0,0
TUR.59.4_1,2032,4,albopictus,11.193022573695464,66.77574743209037,0.07433259869029965,6.888207540808764e-7,6.400057927008362e-7,7.426510208243641e-7,0,0,0,1,1,1,0.007405701517960717,0,0,0
TUR.59.4_1,2032,5,albopictus,17.475461146410773,64.04978565564271,0.10389731818704007,0.03242926235019966,0.03225777947954625,0.03260841879400108,0,0,0,1,1,1,0.010004200883717784,0,0,0
TUR.59.4_1,2032,6,albopictus,21.776640022502225,55.10413793670234,0.11686067386924835,0.1022002952172765,0.10178891991662281,0.10260160061644318,1.7149391526860569e-9,1.529590928917024e-9,1.9103894077776574e-9,0.9999999982850608,0.9999999980896106,0.9999999984704091,0.011618050509195177,1.992424969610299e-11,1.7770864670564754e-11,2.2195000631792284e-11
TUR.59.4_1,2032,7,albopictus,25.541677026187674,42.556202500720836,0.13723349356568615,0.12738344382835529,0.12672372511272248,0.12802652405721876,7.575858796091684e-7,6.560607496070015e-7,8.669059073318497e-7,0.9999992424141204,0.9999991330940927,0.9999993439392504,0.013192861799196653,9.994725810706592e-9,8.655318801442531e-9,1.1436969828336273e-8
TUR.59.4_1,2032,8,albopictus,27.543941385605756,38.873986864574725,0.16295612311712207,0.12007026330948481,0.11933957143280419,0.12085087460649176,1.5032671354131555e-7,1.2662238528249327e-7,1.789742888252954e-7,0.9999998496732865,0.9999998210257112,0.9999998733776148,0.015646252850388787,2.352049770235387e-9,1.9811658566492376e-9,2.8002769766790836e-9
TUR.59.4_1,2032,9,albopictus,20.64843951954561,62.488028647489934,0.12988389922935628,0.08976828205585446,0.0894297277139048,0.09011808539708237,4.493401362104521e-11,4.0337902462717064e-11,5.006948744501472e-11,0.9999999999550659,0.9999999999499306,0.9999999999596622,0.012904404790309076,5.798467006192291e-13,5.205366217709064e-13,6.46116933633768e-13
TUR.59.4_1,2032,10,albopictus,16.831442440257355,63.49275367341037,0.12799516207042638,0.02387630018989266,0.023742180919354084,0.024008300884733262,0,0,0,1,1,1,0.012310230068937389,0,0,0
TUR.59.4_1,2032,11,albopictus,7.822435785742368,65.27548366267946,0.07424354258929301,0,0,0,0,0,0,1,1,1,0.007396861820788914,0,0,0
TUR.59.4_1,2032,12,albopictus,8.678735003751868,72.81363309062262,0.06106647948522898,0,0,0,0,0,0,1,1,1,0.00589223161593988,0,0,0
TUR.59.4_1,2033,1,albopictus,4.679573329932549,73.61863370155393,0.0705866263383944,0,0,0,0,0,0,1,1,1,0.006807685839596234,0,0,0
TUR.59.4_1,2033,2,albopictus,3.890354650862077,67.96537510654993,0.05280093263557144,0,0,0,0,0,0,1,1,1,0.00564127071790943,0,0,0
TUR.59.4_1,2033,3,albopictus,8.105534932192633,67.72436465473939,0.06481754758081619,0,0,0,0,0,0,1,1,1,0.006253033796183138,0,0,0
TUR.59.4_1,2033,4,albopictus,13.345885122523589,60.45696844039115,0.08570928503372523,0.001295578176827944,0.001275911194921852,0.001315991399593005,0,0,0,1,1,1,0.00853430280909806,0,0,0
TUR.59.4_1,2033,5,albopictus,14.590162417467901,71.36043171277161,0.1197989175090518,0.0061415941531338634,0.006079664731401527,0.00619649932867647,0,0,0,1,1,1,0.011526498619791381,0,0,0
TUR.59.4_1,2033,6,albopictus,24.21713455985574,36.76844457732734,0.13474632909880624,0.10406817045241736,0.10354525606791774,0.10463206694193379,2.847006266293306e-9,2.467173629283614e-9,3.3020362139035697e-9,0.9999999971529937,0.9999999966979638,0.9999999975328263,0.013384256429222696,3.8105061923673483e-11,3.302128450974791e-11,4.419529942546503e-11
TUR.59.4_1,2033,7,albopictus,26.460094003116385,41.009571641345836,0.1582372313552687,0.1269102469380939,0.12618889904660063,0.12762163188074202,6.848689953180553e-7,5.845688056782539e-7,7.952689964674242e-7,0.9999993151310047,0.9999992047310036,0.9999994154311943,0.015196628375674703,1.0407699607870185e-8,8.883474899904424e-9,1.2085407398011204e-8
TUR.59.4_1,2033,8,albopictus,27.30202091441435,35.67865147639113,0.18789673777487476,0.11224657326231186,0.11154176005658921,0.11290589615504668,2.338631100062827e-8,1.9567067066628138e-08,2.740759620367683e-8,0.999999976613689,0.9999999725924038,0.9999999804329329,0.018019231929003676,4.214033618841308e-10,3.5258351964394207e-10,4.938638326105335e-10
TUR.59.4_1,2033,9,albopictus,22.956344716689166,54.68854057986298,0.1497627734867998,0.1239042578437962,0.12341682676955526,0.12440515639572108,3.553130767730561e-7,3.1848621982188966e-7,3.96191968310422e-7,0.9999996446869233,0.9999996038080317,0.9999996815137802,0.014864690652687917,5.281618971086232e-9,4.734199134796352e-9,5.889271048013958e-9
TUR.59.4_1,2033,10,albopictus,17.84483965705423,55.23642890534396,0.14758496301924198,0.033504742951029544,0.03331329973061222,0.03369165837448957,0,0,0,1,1,1,0.014180905919154774,0,0,0
TUR.59.4_1,2033,11,albopictus,14.531035353155698,61.22723537166384,0.08560659879808086,0.005031246700867161,0.0049806084515766225,0.005083755539213956,0,0,0,1,1,1,0.008524121768804016,0,0,0
TUR.59.4_1,2033,12,albopictus,9.042431578916663,78.21169675029059,0.07041277162947693,0,0,0,0,0,0,1,1,1,0.0067909755867009425,0,0,0
TUR.59.4_1,2034,1,albopictus,5.310144933707574,70.66432614540159,0.07185185102005386,0,0,0,0,0,0,1,1,1,0.006929285952713138,0,0,0
TUR.59.4_1,2034,2,albopictus,5.243433493025163,70.52864567539758,0.053747358986434256,0,0,0,0,0,0,1,1,1,0.005742096388348106,0,0,0
TUR.59.4_1,2034,3,albopictus,6.553789994295905,71.63712252827455,0.06597936484363214,0,0,0,0,0,0,1,1,1,0.00636475839075179,0,0,0
TUR.59.4_1,2034,4,albopictus,11.786911810145659,62.82121099410209,0.08724557467522451,2.9993817821819698e-5,2.892724253891576e-5,3.1173208582393254e-5,0,0,0,1,1,1,0.008686608957530262,0,0,0
TUR.59.4_1,2034,5,albopictus,18.40182985978968,47.00336841931458,0.12194624420719849,0.03681776951286302,0.036628155815947534,0.037028059287714694,0,0,0,1,1,1,0.011731887814640074,0,0,0
TUR.59.4_1,2034,6,albopictus,25.08255204032449,29.477028409114446,0.13716157955321262,0.0955023137842547,0.09489393039286388,0.09606903596404205,2.571625952185741e-10,2.1411279416128083e-10,3.025273226375802e-10,0.9999999997428374,0.9999999996974727,0.9999999997858872,0.013622520067044785,3.503202613858341e-12,2.9167558350730773e-12,4.1211845234597685e-12
TUR.59.4_1,2034,7,albopictus,26.28534653607537,37.150730698963024,0.16107354272264238,0.11650808353742999,0.115857682442185,0.11715734969163193,6.553152166444143e-8,5.596737092661286e-8,7.615015313044981e-8,0.9999999344684783,0.9999999238498468,0.999999944032629,0.015466901829564783,1.0135696123259134e-9,8.656418317807593e-10,1.1778069427749925e-9
TUR.59.4_1,2034,8,albopictus,27.92215145335478,37.35867848444777,0.19126467873718078,0.11423436179074821,0.11347398709609473,0.11494796490388441,3.8044687387106534e-8,3.1494880745053244e-8,4.5011364863123406e-8,0.9999999619553126,0.9999999549886351,0.9999999685051193,0.018339236543073345,6.977105211994257e-10,5.775920678794175e-10,8.254740673514002e-10
TUR.59.4_1,2034,9,albopictus,22.72773753895479,50.53306877810517,0.15244718507067245,0.1115755096518393,0.11109162460612336,0.11202822595993131,1.9767191806296935e-8,1.7490452125512593e-8,2.2076989120156652e-8,0.9999999802328082,0.9999999779230109,0.9999999825095479,0.015129106024725059,2.990599406485428e-10,2.6461490462725775e-10,3.3400510910555156e-10
TUR.59.4_1,2034,10,albopictus,17.06417330573587,58.05936591706271,0.150230338602976,0.024795835833920164,0.024647896397733102,0.02494663007468107,0,0,0,1,1,1,0.014433247336410382,0,0,0
TUR.59.4_1,2034,11,albopictus,10.436241079779233,67.32919460017946,0.08714104784786264,1.670839317864889e-32,1.749943097239401e-40,2.3200368844393743e-32,0,0,0,1,1,1,0.0086762470190066,0,0,0
TUR.59.4_1,2034,12,albopictus,6.067804560941808,69.61938107646246,0.07167488006546556,0,0,0,0,0,0,1,1,1,0.006912278258148441,0,0,0
TUR.59.4_1,2035,1,albopictus,6.0161075916360405,78.84298367713987,0.06950576922527586,0,0,0,0,0,0,1,1,1,0.006703793408346592,0,0,0
TUR.59.4_1,2035,2,albopictus,7.342825907118181,74.99605290196008,0.05199241880541822,0,0,0,0,0,0,1,1,1,0.005555129188527519,0,0,0
TUR.59.4_1,2035,3,albopictus,9.177217862185309,69.53432406636048,0.06382502943691508,0,0,0,0,0,0,1,1,1,0.0061575796738972954,0,0,0
TUR.59.4_1,2035,4,albopictus,10.399212682948393,68.6319791215435,0.08439686233845588,2.1853953071644576e-114,5.824716961586987e-169,2.7978027385295737e-125,0,0,0,1,1,1,0.008404172061700077,0,0,0
TUR.59.4_1,2035,5,albopictus,17.124526164110968,57.72093586316224,0.11796449760757073,0.02538826810084448,0.025234843977142898,0.025533847563551346,0,0,0,1,1,1,0.011351004772408246,0,0,0
TUR.59.4_1,2035,6,albopictus,22.21811112235574,53.30980352508124,0.1326830270849822,0.1075818967223445,0.10713197839581891,0.1080176772817362,7.1779942607541616e-9,6.377066641416462e-9,8.019636862921508e-9,0.9999999928220057,0.999999991980363,0.9999999936229333,0.013180666801542507,9.461075065438502e-11,8.405399057174213e-11,1.0570416135953603e-10
TUR.59.4_1,2035,7,albopictus,26.232743768131034,43.90683039989076,0.1558142251012144,0.1343343770052814,0.1336202891019294,0.13504703949756294,3.1981078148267674e-6,2.763361544072529e-6,3.6793354302205873e-6,0.9999968018921852,0.9999963206645698,0.999997236638456,0.01496568019709743,4.7861858792535486e-8,4.135558513754682e-8,5.506375738653119e-8
TUR.59.4_1,2035,8,albopictus,27.258832819321576,37.41323628474074,0.18501957058201127,0.11690222612511628,0.11618373673698207,0.11760151534094827,7.196358016992032e-8,6.048439456507459e-8,8.452672392855742e-8,0.9999999280364198,0.999999915473276,0.9999999395156055,0.01774577552046519,1.2770495393444063e-9,1.0733424884430586e-9,1.4999922683165134e-9
TUR.59.4_1,2035,9,albopictus,22.87452518238741,47.42442619998017,0.14746953229649917,0.10812485386679982,0.10766681907332953,0.10858664326674321,8.259649324937613e-9,7.325419854042892e-9,9.281659923976448e-9,0.9999999917403507,0.99999999071834,0.9999999926745802,0.014638749459854106,1.209109370940148e-10,1.0723498593157492e-10,1.3587189419865972e-10
TUR.59.4_1,2035,10,albopictus,17.71794184516458,51.9626099356174,0.14532506953313107,0.030381920277539245,0.030216131348678402,0.030565818881079062,0,0,0,1,1,1,0.013965284327422722,0,0,0
TUR.59.4_1,2035,11,albopictus,11.092541624518002,58.22340541560915,0.08429574848491804,1.5061766942825488e-7,1.3661812976316158e-7,1.666588259510919e-7,0,0,0,1,1,1,0.008394145603478065,0,0,0
TUR.59.4_1,2035,12,albopictus,8.366823897642249,79.62677395976324,0.06933457666510427,0,0,0,0,0,0,1,1,1,0.006687337311973129,0,0,0
TUR.59.4_1,2036,1,albopictus,6.28377345467315,78.70344205116331,0.07680387911443894,0,0,0,0,0,0,1,1,1,0.007405079750402055,0,0,0
TUR.59.4_1,2036,2,albopictus,6.149423616773943,78.14406315586633,0.05950346964304737,0,0,0,0,0,0,1,1,1,0.006136624872344787,0,0,0
TUR.59.4_1,2036,3,albopictus,7.3462547274196845,66.19903506489564,0.07052666131152907,0,0,0,0,0,0,1,1,1,0.006801922261214788,0,0,0
TUR.59.4_1,2036,4,albopictus,15.076245153651518,56.827562465049354,0.09325853788729122,0.0074147125674117855,0.007344676397505748,0.007484012233035256,0,0,0,1,1,1,0.009282502880361032,0,0,0
TUR.59.4_1,2036,5,albopictus,17.708962580736944,58.4549713551056,0.13035077684965257,0.03314958419194772,0.03297662983799977,0.03332472528349829,0,0,0,1,1,1,0.012535360854282196,0,0,0
TUR.59.4_1,2036,6,albopictus,21.30921562980203,62.73762945281562,0.14661475279475053,0.10480233862443046,0.10441725892090356,0.10521556671384008,3.4603659906373706e-9,3.1179990561680525e-9,3.856178440453384e-9,0.999999996539634,0.9999999961438216,0.9999999968820009,0.014554519200112526,5.0363963250148013e-11,4.5380977128930656e-11,5.612482315063875e-11
TUR.59.4_1,2036,7,albopictus,28.612756280338065,33.367874711414196,0.17217472797397343,0.09908799550911146,0.09832895382036679,0.09976600200144795,7.2430730913009e-10,5.808427183673359e-10,8.721872585271129e-10,0.9999999992756927,0.9999999991278127,0.9999999994191573,0.016524025919216423,1.196847274954351e-11,9.597860133289984e-12,1.4412044866312328e-11
TUR.59.4_1,2036,8,albopictus,28.098705179551068,36.66263737727004,0.2044466364616339,0.11138454492661493,0.11063185152366627,0.11215455940004207,1.8900128055165944e-8,1.558863735595661e-8,2.2777730368517268e-8,0.999999981099872,0.9999999772222696,0.9999999844113626,0.019590716586757373,3.7026705218217783e-10,3.0539257641428483e-10,4.462320601391984e-10
TUR.59.4_1,2036,9,albopictus,24.16974651112276,45.73515618044892,0.16295384193006485,0.12265058227888624,0.12206979230319885,0.12325229363695775,2.6906501836443385e-7,2.3574587146302228e-7,3.0705843989953237e-7,0.9999997309349816,0.9999996929415601,0.9999997642541285,0.01616333266974146,4.34898740161444e-9,3.810438945974938e-9,4.963087713147957e-9
TUR.59.4_1,2036,10,albopictus,16.93783911536722,67.67202155671114,0.16058421044941296,0.02661252984916988,0.02646766694633135,0.026765655499811962,0,0,0,1,1,1,0.015420278420589573,0,0,0
TUR.59.4_1,2036,11,albopictus,13.209840704413022,70.54690700252321,0.09314680707313759,0.0012607974968538876,0.0012430207431332605,0.0012788049850073389,0,0,0,1,1,1,0.009271433451266353,0,0,0
TUR.59.4_1,2036,12,albopictus,9.153597579282874,69.2964898411109,0.07661471132530052,0,0,0,0,0,0,1,1,1,0.007386908585376162,0,0,0
TUR.59.4_1,2037,1,albopictus,5.6356144275735405,69.29817624305784,0.07661111039655243,0,0,0,0,0,0,1,1,1,0.0073865626825078134,0,0,0
TUR.59.4_1,2037,2,albopictus,9.925355928785661,66.29150120518274,0.05730742902759197,0,0,0,0,0,0,1,1,1,0.006121269901647186,0,0,0
TUR.59.4_1,2037,3,albopictus,9.552280804690191,68.24858798237611,0.07034964767322596,0,0,0,0,0,0,1,1,1,0.006784908282716939,0,0,0
TUR.59.4_1,2037,4,albopictus,12.301904524073882,69.39222539839896,0.09302446990807214,2.0268050541679357e-4,1.9781308217888715e-4,2.0725180373346554e-4,0,0,0,1,1,1,0.009259313084709841,0,0,0
TUR.59.4_1,2037,5,albopictus,17.81860651689417,55.078598064089974,0.13002361170619178,0.033077143387299494,0.032892718259504045,0.03325891148418488,0,0,0,1,1,1,0.012504096100281803,0,0,0
TUR.59.4_1,2037,6,albopictus,23.209358299479764,41.46614126311835,0.1462467669814639,0.10193195137341664,0.10143009769409435,0.1024212772309733,1.5946282726497784e-9,1.385744133330924e-9,1.8187403000302636e-9,0.9999999984053717,0.9999999981812597,0.9999999986142558,0.014518255537220748,2.3151220749206402e-11,2.0118587436902853e-11,2.6404936431680898e-11
TUR.59.4_1,2037,7,albopictus,27.14369156781365,36.808628648181774,0.17174258962436548,0.11554420011307022,0.11485580620259293,0.11622220091545396,5.2121491801671026e-8,4.402413976145602e-8,6.10397691613862e-8,0.9999999478785082,0.9999999389602309,0.9999999559758602,0.016482896251044488,8.591131418166094e-10,7.256453282295621e-10,1.0061121822748335e-9
TUR.59.4_1,2037,8,albopictus,25.859962351181927,47.04718174982863,0.20393349941124878,0.14154048141926545,0.1408724366488845,0.14219557924717455,1.2952501381505165e-5,1.1398735579842834e-5,1.461414940803485e-5,0.9999870474986184,0.999985385850592,0.9999886012644202,0.019542029797797178,2.5311816795338307e-7,2.2275443035849956e-7,2.85590143201277e-7
TUR.59.4_1,2037,9,albopictus,22.602426641127643,47.64091789919892,0.16254484692166515,0.10422372892545406,0.10375300399858473,0.10471408202356895,2.9669632448658943e-9,2.609197990999235e-9,3.3750211209104816e-9,0.9999999970330368,0.9999999966249788,0.999999997390802,0.016123093418262457,4.783662556552393e-11,4.206834295562339e-11,5.441578082104857e-11
TUR.59.4_1,2037,10,albopictus,15.229851330027861,71.48273627839083,0.16018116293777585,0.010223044075920612,0.010140355600011834,0.01029873331149228,0,0,0,1,1,1,0.015381874535489337,0,0,0
TUR.59.4_1,2037,11,albopictus,10.07116406104144,70.17233424861696,0.09291301952514204,0,0,0,0,0,0,1,1,1,0.009248271180284706,0,0,0
TUR.59.4_1,2037,12,albopictus,5.699844584745519,73.19826138652105,0.07642241739635172,0,0,0,0,0,0,1,1,1,0.00736843678725263,0,0,0
TUR.59.4_1,2038,1,albopictus,6.600513490683892,73.98286862587034,0.070765478814201,0,0,0,0,0,0,1,1,1,0.006824876165441585,0,0,0
TUR.59.4_1,2038,2,albopictus,6.119874971754411,65.67590061924524,0.05293471970001474,0,0,0,0,0,0,1,1,1,0.005655524080259489,0,0,0
TUR.59.4_1,2038,3,albopictus,6.938528916415046,72.81607760639955,0.064981782358165735,0,0,0,0,0,0,1,1,1,0.006268827975030478,0,0,0
TUR.59.4_1,2038,4,albopictus,13.647615278468413,66.0179654496685,0.08592645531969989,0.0021303021895584012,0.002102285958189672,0.002159734854651053,0,0,0,1,1,1,0.008555834264196926,0,0,0
TUR.59.4_1,2038,5,albopictus,18.965596339281866,49.18839268078919,0.1201024641453895,0.0460490033525726,0.04582076517039629,0.04628979120785942,0,0,0,1,1,1,0.011555535077804824,0,0,0
TUR.59.4_1,2038,6,albopictus,21.961881721720975,46.51257375823554,0.13508774950399233,0.09196247213700569,0.0915516635711406,0.09236777534727494,8.876605162022599e-11,7.809876634290446e-11,1.0026201535673351e-10,0.9999999999112339,0.999999999899738,0.9999999999219011,0.013417940928883931,1.1910576371304543e-12,1.0479246334078007e-12,1.3453097994675038e-12
TUR.59.4_1,2038,7,albopictus,26.823735742007987,38.74123057689271,0.15863817303587824,0.12103047003097614,0.1203042936403013,0.1217274948137665,1.8705535154550646e-7,1.5801119647440576e-7,2.182636207187505e-7,0.9999998129446485,0.9999997817363793,0.9999998419888034,0.01523483880071641,2.84975812760713e-9,2.4072751069959008e-9,3.3252110777108705e-9
TUR.59.4_1,2038,8,albopictus,27.467687494614545,45.40552296686965,0.1883728307473015,0.13962854661530016,0.13884472374284215,0.14039305893618245,9.023832598910708e-6,7.742723335307788e-6,1.0409528954166692e-5,0.9999909761674011,0.9999895904710459,0.9999922572766646,0.018064474190896518,1.6301079108599313e-7,1.3986822585791974e-7,1.8804266713193422e-7
TUR.59.4_1,2038,9,albopictus,21.80624210133272,57.54988396365204,0.15014224257621867,0.10688707921671702,0.10645135183388128,0.10729547229350164,5.9923277145879085e-9,5.339761965927892e-9,6.653674577972169e-9,0.9999999940076723,0.9999999933463254,0.999999994660238,0.014902072783294473,8.929810374414165e-11,7.957352146172503e-11,9.91535428372974e-11
TUR.59.4_1,2038,10,albopictus,19.112204159007355,50.27814261994357,0.14795891396996846,0.049022690954852656,0.04877490884338011,0.04925537671586437,0,0,0,1,1,1,0.014216580885324959,0,0,0
TUR.59.4_1,2038,11,albopictus,9.547526289434995,52.57780986507204,0.08582350889755236,0,0,0,0,0,0,1,1,1,0.00854562764869815,0,0,0
TUR.59.4_1,2038,12,albopictus,6.180003867429845,73.55982602275152,0.07059118359202014,0,0,0,0,0,0,1,1,1,0.006808123861687498,0,0,0
TUR.59.4_1,2039,1,albopictus,8.054243597037651,79.76648373817503,0.07820427767698217,0,0,0,0,0,0,1,1,1,0.007539589522698731,0,0,0
TUR.59.4_1,2039,2,albopictus,6.083656805403093,68.2865344693429,0.05849916636672886,0,0,0,0,0,0,1,1,1,0.006248166342148198,0,0,0
TUR.59.4_1,2039,3,albopictus,10.188008687075445,67.02761019917298,0.07181260462924194,0,0,0,0,0,0,1,1,1,0.006925514225420204,0,0,0
TUR.59.4_1,2039,4,albopictus,12.473928297267241,69.36332525191459,0.09495896140636441,3.113190440462165e-4,3.042666643397597e-4,3.179879127900227e-4,0,0,0,1,1,1,0.00945095249145711,0,0,0
TUR.59.4_1,2039,5,albopictus,17.899352213915655,54.264240306521614,0.1327275193089059,0.03377756619096803,0.03360195252702935,0.03396086329891997,0,0,0,1,1,1,0.012762458846005131,0,0,0
TUR.59.4_1,2039,6,albopictus,28.065839851603787,27.42382101165351,0.14928804340752636,0.08882849951675267,0.08813690301799477,0.08951643108595113,3.355154798434512e-11,2.6752372539462497e-11,4.1455039401228076e-11,0.9999999999664485,0.9999999999585449,0.9999999999732476,0.01481792220622713,4.971642279305227e-13,3.9641457512176225e-13,6.142775489034782e-13
TUR.59.4_1,2039,7,albopictus,27.36077263775994,34.97317561473451,0.1753140647410886,0.11022227285809093,0.10942403913753974,0.11095341130665076,1.4124061321396652e-8,1.149165565483834e-8,1.689649205272037e-8,0.9999999858759386,0.9999999831035079,0.9999999885083444,0.016822767209845768,2.376057956674425e-10,1.9332144793705313e-10,2.8424575246592386e-10
TUR.59.4_1,2039,8,albopictus,27.748939401963177,38.07742085505324,0.20817440098497353,0.11703695153346752,0.11629941193502832,0.11781388062871047,7.431175729433192e-8,6.216940775238821e-8,8.883744049281716e-8,0.9999999256882427,0.9999999111625595,0.9999999378305922,0.019944336825364672,1.482098717562906e-9,1.2399276084470685e-9,1.771803835892036e-9
TUR.59.4_1,2039,9,albopictus,23.42218791737276,46.395148398466496,0.16592505026785906,0.11426243427187295,0.11370746030627073,0.11479723808708486,3.822536567055224e-8,3.3339051069836144e-8,4.3407580052612365e-8,0.9999999617746343,0.9999999565924199,0.9999999666609489,0.01645560761800302,6.290216185292905e-10,5.486143427617875e-10,7.142981049928439e-10
TUR.59.4_1,2039,10,albopictus,16.012616718516632,53.92286841950412,0.1635122122648606,0.013399586810583475,0.01329599308767619,0.013494771795671271,0,0,0,1,1,1,0.015699224499522324,0,0,0
TUR.59.4_1,2039,11,albopictus,11.289709021063413,75.25145869930056,0.0948451933556371,2.315075486972423e-6,2.1826743697573825e-6,2.448613111414159e-6,0,0,0,1,1,1,0.009439683143924182,0,0,0
TUR.59.4_1,2039,12,albopictus,9.44593595055973,69.4888497654273,0.07801166070919492,0,0,0,0,0,0,1,1,1,0.007521089539155312,0,0,0
TUR.59.4_1,2040,1,albopictus,6.223430665976861,76.99830289100706,0.06622258091245284,0,0,0,0,0,0,1,1,1,0.006388145346873042,0,0,0
TUR.59.4_1,2040,2,albopictus,5.919694918043474,73.8641711880929,0.05130565511068811,0,0,0,0,0,0,1,1,1,0.005293421767935236,0,0,0
TUR.59.4_1,2040,3,albopictus,8.048651597079107,62.44268740864564,0.06081017767642752,0,0,0,0,0,0,1,1,1,0.005867574056676483,0,0,0
TUR.59.4_1,2040,4,albopictus,11.155813062892241,68.66749395308646,0.08041027539528474,5.053096025775145e-7,4.654439378851915e-7,5.460881894685049e-7,0,0,0,1,1,1,0.008008784956626935,0,0,0
TUR.59.4_1,2040,5,albopictus,16.13611426072962,69.58365253796693,0.11239230318126442,0.017874393076712305,0.01776692929707856,0.017981698517606105,0,0,0,1,1,1,0.01081773735091196,0,0,0
TUR.59.4_1,2040,6,albopictus,24.082073295817654,44.36577657805976,0.1264155852784828,0.11854952891922435,0.11801770936089288,0.11911560425741137,1.0568381099651525e-7,9.317265838859611e-8,1.2024196066329206e-7,0.999999894316189,0.9999998797580393,0.9999999068273416,0.012561989671213691,1.3275989421527244e-9,1.170433972317066e-9,1.5104782678987578e-9
TUR.59.4_1,2040,7,albopictus,26.388864068424002,39.62731608714662,0.1484541534334103,0.12306879158934743,0.12238056289810645,0.12378768286836903,2.956734247866466e-7,2.5277361939135543e-7,3.457571087855937e-7,0.9999997043265753,0.9999996542428913,0.9999997472263806,0.014263824803350755,4.217433930163434e-9,3.6055186219071594e-9,4.931818824230797e-9
TUR.59.4_1,2040,8,albopictus,26.77098835215849,36.37955632258254,0.17627994941747793,0.11486395238897437,0.11414731737964506,0.11557773930128994,4.427565957410007e-8,3.709877787749782e-8,5.234907183571113e-8,0.9999999557243404,0.9999999476509281,0.9999999629012222,0.01691466315586443,7.489078676996266e-10,6.275133312921108e-10,8.854669166232034e-10
TUR.59.4_1,2040,9,albopictus,21.67544376148897,52.912345053739934,0.14050363219453652,0.09677854326236646,0.09636816373925021,0.09718762216083385,3.725959125677747e-10,3.301164674951451e-10,4.1866179967264827e-10,0.999999999627404,0.9999999995813381,0.9999999996698836,0.013952117533588049,5.198501964680089e-12,4.605823754265164e-12,5.841218635856283e-12
TUR.59.4_1,2040,10,albopictus,14.774064625010771,56.16886298737521,0.13846046569995948,0.005765570705245189,0.005715316703588297,0.005818892714679886,0,0,0,1,1,1,0.013310027571404648,0,0,0
TUR.59.4_1,2040,11,albopictus,8.37822144171771,72.3818145342615,0.08031393777580488,0,0,0,0,0,0,1,1,1,0.007999228303373518,0,0,0
TUR.59.4_1,2040,12,albopictus,6.463274226469152,69.1221505466773,0.06605947483803722,0,0,0,0,0,0,1,1,1,0.006372461597696333,0,0,0
TUR.59.4_1,2041,1,albopictus,7.872384103782037,80.57570309852659,0.07923264000529216,0,0,0,0,0,0,1,1,1,0.007638353211266713,0,0,0
TUR.59.4_1,2041,2,albopictus,7.705844419844011,65.60266606113977,0.0592684125092169,0,0,0,0,0,0,1,1,1,0.006330067227494185,0,0,0
TUR.59.4_1,2041,3,albopictus,11.348438641604254,67.79720248432923,0.07275691841222402,2.817259451882674e-6,2.6628466741653792e-6,2.9798730521312157e-6,0,0,0,1,1,1,0.00701626239410591,0,0,0
TUR.59.4_1,2041,4,albopictus,13.685771787867827,56.2491551774517,0.09620764270036082,0.0019041492918914357,0.001876635771076905,0.0019293147203959544,0,0,0,1,1,1,0.00957463277607451,0,0,0
TUR.59.4_1,2041,5,albopictus,18.11569895463831,55.397724193240364,0.1344728455856997,0.037337118525648916,0.03714656430524668,0.037528520385783935,0,0,0,1,1,1,0.012929191695970066,0,0,0
TUR.59.4_1,2041,6,albopictus,23.6099835283616,44.00147680388984,0.1512511355102566,0.11195301911576898,0.11143101888967341,0.1124570253266349,2.1712968460096958e-8,1.9035256687560675e-8,2.454328072720724e-8,0.9999999782870316,0.9999999754567193,0.9999999809647433,0.015011303540004461,3.259399603090587e-10,2.857440160988732e-10,3.684266368636493e-10
TUR.59.4_1,2041,7,albopictus,25.746951608096854,34.17442378367982,0.17761939106284425,0.10803525121974698,0.10739887407713208,0.10867350902856092,8.083437604833321e-9,6.834527949139968e-9,9.49038723441209e-9,0.9999999919165624,0.9999999905096127,0.999999993165472,0.017042085746352686,1.3775863678686123e-10,1.164746113450873e-10,1.6173599301494176e-10
TUR.59.4_1,2041,8,albopictus,25.97772777781767,43.19396367121535,0.21091183067616875,0.13136006749090018,0.1306765621615986,0.1320087993645354,1.7464879412950607e-6,1.5125675512234205e-6,1.9908478557095766e-6,0.9999982535120587,0.9999980091521443,0.9999984874324488,0.02020393148452404,3.528592270447285e-8,3.055981117063229e-8,4.022295367286789e-8
TUR.59.4_1,2041,9,albopictus,23.32531177296358,51.501280905790715,0.16810691392144575,0.12349586893890534,0.12297168983690994,0.12400267597010538,3.246695058075622e-7,2.8846942866922467e-7,3.6257624738134096e-7,0.9999996753304942,0.9999996374237525,0.9999997115305713,0.016670180184890304,5.41229916235135e-9,4.808837353748336e-9,6.044211374608315e-9
TUR.59.4_1,2041,10,albopictus,18.36389597724466,63.858331371164276,0.16566234783680903,0.04610858772878064,0.04589934112954449,0.046318790917498985,0,0,0,1,1,1,0.015904014171182257,0,0,0
TUR.59.4_1,2041,11,albopictus,12.555568624945249,74.12328487117556,0.09609237863456874,4.1210148193952003e-4,4.042071215165661e-4,4.20246727991529e-4,0,0,0,1,1,1,0.00956321666481219,0,0,0
TUR.59.4_1,2041,12,albopictus,9.052448020261878,79.44363034404059,0.07903749018330117,0,0,0,0,0,0,1,1,1,0.007619611821517824,0,0,0
TUR.59.4_1,2042,1,albopictus,8.50261357689605,72.95973630165159,0.07556506645782306,0,0,0,0,0,0,1,1,1,0.0072860752800071316,0,0,0
TUR.59.4_1,2042,2,albopictus,7.909171598799089,69.52303807041712,0.05652495650541882,0,0,0,0,0,0,1,1,1,0.006037943252008682,0,0,0
TUR.59.4_1,2042,3,albopictus,9.587952992495367,63.82677401753236,0.06938909740630754,0,0,0,0,0,0,1,1,1,0.006692578215174549,0,0,0
TUR.59.4_1,2042,4,albopictus,13.76017555068521,60.07347692427787,0.09175431885038389,0.002220117488409765,0.002190944013990019,0.0022483712137778026,0,0,0,1,1,1,0.009133466059504491,0,0,0
TUR.59.4_1,2042,5,albopictus,19.604546687182257,40.57717899670716,0.12824827637672132,0.049109735009652676,0.04884195865528705,0.04936826546452324,0,0,0,1,1,1,0.012334423167240094,0,0,0
TUR.59.4_1,2042,6,albopictus,24.398603523478787,34.06665853606757,0.14424992157134164,0.10030403796492345,0.09975080559383039,0.10082219832295433,1.0167656876447494e-9,8.684744562392765e-10,1.1712330466595587e-9,0.9999999989832343,0.9999999988287669,0.9999999991315256,0.01432145041858579,1.4561559382923568e-11,1.2437813864839054e-11,1.677375600634405e-11
TUR.59.4_1,2042,7,albopictus,27.81494858685662,40.39502009715638,0.1693976256371794,0.12329469522995419,0.12256951404707578,0.12406053464461189,3.110098813234874e-7,2.6369613285726067e-7,3.672347375444085e-7,0.9999996889901187,0.9999996327652625,0.9999997363038672,0.016259679422313544,5.056920967491685e-9,4.28761458516286e-9,5.971119105209534e-9
TUR.59.4_1,2042,8,albopictus,27.272067911484662,38.801477098949725,0.20114900249090906,0.12065331434842158,0.11986899725117015,0.12139371489852026,1.7171589481146388e-7,1.430210949199262e-7,2.02417203709615e-7,0.9999998282841052,0.9999997975827962,0.999999856978905,0.019277792694662232,3.3103034225538266e-9,2.757131018829947e-9,3.902156890947173e-9
TUR.59.4_1,2042,9,albopictus,23.53414737477022,46.59177696902314,0.16032546841358714,0.11625901542441514,0.11573860689860677,0.11676142351408068,6.168927515415312e-8,5.43999003344009e-8,6.935964617094116e-8,0.9999999383107249,0.9999999306403538,0.9999999456000996,0.015904709659241623,9.811500104158734e-10,8.652146203103275e-10,1.103145034416549e-9
TUR.59.4_1,2042,10,albopictus,15.61481913398294,56.46059577546115,0.15799405804238434,0.010817206244969726,0.010736829790927204,0.010902321817670643,0,0,0,1,1,1,0.01517345282248983,0,0,0
TUR.59.4_1,2042,11,albopictus,10.528300215216245,73.031838948324,0.09164439020492672,1.2734850521464667e-16,5.030659197743772e-18,6.644135021966137e-16,0,0,0,1,1,1,0.009122573538044021,0,0,0
TUR.59.4_1,2042,12,albopictus,7.14699052361881,77.19479764140387,0.07537894986159456,0,0,0,0,0,0,1,1,1,0.007268195067046457,0,0,0
TUR.59.4_1,2043,1,albopictus,4.013783248908379,69.25906796669065,0.06854601563480416,0,0,0,0,0,0,1,1,1,0.006611532388290264,0,0,0
TUR.59.4_1,2043,2,albopictus,6.291642683393816,64.45039097569055,0.0512744940751116,0,0,0,0,0,0,1,1,1,0.005478633043038084,0,0,0
TUR.59.4_1,2043,3,albopictus,8.668857953127691,68.75920809956361,0.06294371696678754,0,0,0,0,0,0,1,1,1,0.006072812925106308,0,0,0
TUR.59.4_1,2043,4,albopictus,12.024252737269682,57.746141566611854,0.08323148869312078,6.609671943103813e-5,6.421136063652856e-5,6.818340314387524e-5,0,0,0,1,1,1,0.008288607363557854,0,0,0
TUR.59.4_1,2043,5,albopictus,17.3052617521847,59.85528187146302,0.11633561339567013,0.028403094734615067,0.02824750056759235,0.0285657417943589,0,0,0,1,1,1,0.011195147836354669,0,0,0
TUR.59.4_1,2043,6,albopictus,23.986633384928982,36.85453466521796,0.13085090562141366,0.10208721460229579,0.10157358929412648,0.10259677193153284,1.6642692131085823e-9,1.441633795673525e-9,1.90787852183405e-9,0.9999999983357308,0.9999999980921215,0.9999999985583662,0.012999852950299595,2.163525504012239e-11,1.8741027351938076e-11,2.4802140230877604e-11
TUR.59.4_1,2043,7,albopictus,27.66179230633904,30.47392329539857,0.15366270208874655,0.09799350397434364,0.09727396425797502,0.0987074211622847,5.304547119333592e-10,4.2922251586308137e-10,6.468776486689974e-10,0.9999999994695453,0.9999999993531223,0.9999999995707776,0.01476056297225703,7.82981017942281e-12,6.335565974507604e-12,9.548278268524296e-12
TUR.59.4_1,2043,8,albopictus,26.303138620713177,39.64527287531691,0.18246477262562744,0.1229347259762107,0.12219705024615367,0.12362414869736973,2.8696595364563484e-7,2.425812969053531e-7,3.3346675764600595e-7,0.9999997130340463,0.9999996665332423,0.9999997574187032,0.01750289442414621,5.022734789983981e-9,4.245874829006861e-9,5.836633453040393e-9
TUR.59.4_1,2043,9,albopictus,22.90448772206026,46.943106772489934,0.14543323495479185,0.10770157228858555,0.10720528173098734,0.1081457112657838,7.4057117998016506e-9,6.499690594075069e-9,8.288373448683829e-9,0.9999999925942882,0.9999999917116266,0.9999999935003093,0.014438080179921764,1.0692426075492895e-10,9.384305394193917e-11,1.1966820041323178e-10
TUR.59.4_1,2043,10,albopictus,17.875456417308136,54.08612983307834,0.1433183834864244,0.033373787776001716,0.033200233590563226,0.03355660152780191,0,0,0,1,1,1,0.013773782304050908,0,0,0
TUR.59.4_1,2043,11,albopictus,12.321985174627866,60.375588948323994,0.083131771045754907,1.7515561122445915e-4,1.7074679205898307e-4,1.7924320644336814e-4,0,0,0,1,1,1,0.008278718201557789,0,0,0
TUR.59.4_1,2043,12,albopictus,6.948438391965978,71.0640450779273,0.06837718694566251,0,0,0,0,0,0,1,1,1,0.0065953020163997955,0,0,0
TUR.59.4_1,2044,1,albopictus,8.039268526084282,76.92403836463987,0.07270871080888572,0,0,0,0,0,0,1,1,1,0.0070116298639956165,0,0,0
TUR.59.4_1,2044,2,albopictus,4.203624504453996,69.03650395176477,0.05633075589782659,0,0,0,0,0,0,1,1,1,0.005810373681277903,0,0,0
TUR.59.4_1,2044,3,albopictus,9.081168553408453,66.00296725483705,0.0667661930717789,0,0,0,0,0,0,1,1,1,0.00644041553510144,0,0,0
TUR.59.4_1,2044,4,albopictus,12.168730581507964,64.08440221724662,0.08828601028866279,1.2331265619654734e-4,1.200357873842159e-4,1.2658885933174112e-4,0,0,0,1,1,1,0.008789743367813463,0,0,0
TUR.59.4_1,2044,5,albopictus,16.360008379992315,63.83111194958802,0.12340049808621206,0.01875829776643298,0.018635491859147223,0.01887252467860056,0,0,0,1,1,1,0.011870961196183027,0,0,0
TUR.59.4_1,2044,6,albopictus,23.504285896525662,37.918209591975774,0.13879728191053958,0.09905362327752569,0.09853947149712909,0.09953456118156177,7.152971674972974e-10,6.167282684543807e-10,8.172597376621127e-10,0.9999999992847028,0.9999999991827403,0.9999999993832718,0.01378384886930406,9.85954805342402e-12,8.500889245802765e-12,1.1264984710901646e-11
TUR.59.4_1,2044,7,albopictus,27.70532181683709,28.099835008045055,0.16299440404833324,0.09231187623950043,0.09157999917826405,0.09304794523384492,9.919361798615967e-11,7.878221963686372e-11,1.2324977427535798e-10,0.9999999999008063,0.9999999998767503,0.9999999999212178,0.01564989948667428,1.5523701512029646e-12,1.2329338186540138e-12,1.9288465791646454e-12
TUR.59.4_1,2044,8,albopictus,27.81915844188017,41.48615803767043,0.19354558048024084,0.12648273416142433,0.12571331589395482,0.12727974554641805,6.251473043596967e-7,5.273132312133555e-7,7.392234678937904e-7,0.9999993748526956,0.9999992607765321,0.9999994726867688,0.018555896992761167,1.1600168985000845e-8,9.784770001315077e-9,1.3716954524868864e-8
TUR.59.4_1,2044,9,albopictus,22.81838046803194,53.60280525881806,0.15426517390399017,0.11916586693443489,0.1186706837606332,0.11963211632410213,1.218255124425527e-7,1.084693958930405e-7,1.3544673304610733e-7,0.9999998781744875,0.999999864553267,0.9999998915306041,0.015308138179059738,1.864921778205358e-9,1.660464500529799e-9,2.073437305372028e-9
TUR.59.4_1,2044,10,albopictus,19.414015377269074,54.82301490387912,0.1520218907256284,0.05746820170906613,0.05718811461450901,0.05773665745226199,1.1191048088221578e-16,1.1102230246251565e-16,1.1102230246251565e-16,0.9999999999999999,0.9999999999999999,0.9999999999999999,0.0146041061575799,1.6343525429496951e-18,1.6213814910215229e-18,1.6213814910215229e-18
TUR.59.4_1,2044,11,albopictus,11.051060606451596,63.23523097713259,0.08818023694038395,1.0992502329788898e-7,9.953965949482565e-8,1.2186500017652467e-7,0,0,0,1,1,1,0.008779258949595636,0,0,0
TUR.59.4_1,2044,12,albopictus,7.191512809080236,73.2326241794898,0.07252962941047968,0,0,0,0,0,0,1,1,1,0.006994420771721299,0,0,0
TUR.59.4_1,2045,1,albopictus,6.28418210411773,67.03969235633909,0.07560448801774952,0,0,0,0,0,0,1,1,1,0.007289862466151487,0,0,0
TUR.59.4_1,2045,2,albopictus,3.9880800422500164,65.52618138096399,0.05655444502524252,0,0,0,0,0,0,1,1,1,0.0060410836545278235,0,0,0
TUR.59.4_1,2045,3,albopictus,11.132381817873785,60.60671176167298,0.06942529702327174,2.735464534449453e-7,2.4861910549686073e-7,2.9812634594502186e-7,0,0,0,1,1,1,0.006696057952453316,0,0,0
TUR.59.4_1,2045,4,albopictus,12.28219589065103,66.08358587203178,0.09180218618576291,1.7844182258630983e-4,1.7418958643139316e-4,1.826141523472139e-4,0,0,0,1,1,1,0.009138209062222291,0,0,0
TUR.59.4_1,2045,5,albopictus,18.083686015185187,56.39151005139466,0.12831518225465732,0.03740069327976993,0.03720466297036961,0.03759857570011517,0,0,0,1,1,1,0.012340818046459257,0,0,0
TUR.59.4_1,2045,6,albopictus,23.113596046672146,47.24351934539374,0.1443251753518804,0.11144683131511679,0.11094255083098355,0.11195655532009191,1.9148077392117103e-8,1.685065006140629e-8,2.168869810137419e-8,0.9999999808519227,0.9999999783113018,0.9999999831493499,0.014328867994400918,2.743702732982185e-10,2.414507403497345e-10,3.107744920650046e-10
TUR.59.4_1,2045,7,albopictus,27.506360558902518,34.677010148425914,0.16948599873024336,0.1089855100498949,0.10826828014121913,0.10971190100588056,1.0319956769921923e-8,8.55373110397739e-9,1.2362010690103453e-8,0.9999999896800432,0.9999999876379894,0.9999999914462689,0.016268092564554082,1.678860119952864e-10,1.3915288937180956e-10,2.0110633419061008e-10
TUR.59.4_1,2045,8,albopictus,27.329917795517865,43.30922474909621,0.20125393996833818,0.13347914318799026,0.1326972461255652,0.1341651979709162,2.6929832634529084e-6,2.291555235217624e-6,3.0840030823570117e-6,0.9999973070167365,0.9999969159969176,0.9999977084447648,0.019287752113236523,5.194159363057442e-8,4.4198949330666943e-08,5.94834869689594e-8
TUR.59.4_1,2045,9,albopictus,23.324514501235065,51.80231774050751,0.16040910865049918,0.12413696460532782,0.1236131686362648,0.12467319795839057,3.7411093315775634e-7,3.3265671313398304e-7,4.20213378737877e-7,0.9999996258890669,0.9999995797866212,0.9999996673432868,0.015912940621142457,5.953205065059571e-9,5.293546523325493e-9,6.686830544065483e-9
TUR.59.4_1,2045,10,albopictus,15.773904407725615,69.39566199860568,0.15807648200519023,0.014333389913407059,0.014240797133369162,0.014433725996847259,0,0,0,1,1,1,0.015181308272453231,0,0,0
TUR.59.4_1,2045,11,albopictus,12.909170080633725,67.28679042537478,0.091692200191601,7.271300582778249e-4,7.149926294249204e-4,7.400080336364533e-4,0,0,0,1,1,1,0.009127310910374886,0,0,0
TUR.59.4_1,2045,12,albopictus,9.385578856748694,78.12559903300543,0.07541827432630369,0,0,0,0,0,0,1,1,1,0.00727197299342186,0,0,0
TUR.59.4_1,2046,1,albopictus,6.998240980155328,72.83490414833128,0.07672009056196286,0,0,0,0,0,0,1,1,1,0.007397031192781012,0,0,0
TUR.59.4_1,2046,2,albopictus,6.123979586012224,73.4677859952218,0.05738894948934154,0,0,0,0,0,0,1,1,1,0.0061299507337008174,0,0,0
TUR.59.4_1,2046,3,albopictus,8.262401959475348,68.34008731098939,0.07044972083755306,0,0,0,0,0,0,1,1,1,0.006794527027471409,0,0,0
TUR.59.4_1,2046,4,albopictus,13.883437002406401,68.36939824996146,0.09315679826182299,0.002922459995678302,0.0028904292149062563,0.0029568558816747063,0,0,0,1,1,1,0.009272423306376343,0,0,0
TUR.59.4_1,2046,5,albopictus,15.37791456895716,76.24446491589661,0.13020857175490613,0.012109709798531567,0.012027816068704674,0.012190444976871693,0,0,0,1,1,1,0.012521771486333266,0,0,0
TUR.59.4_1,2046,6,albopictus,22.71225746940164,47.6687169467121,0.14645480465085528,0.10602098078800397,0.10558033695105426,0.10648647447481865,4.778528792104275e-9,4.246889181991342e-9,5.389067006533743e-9,0.9999999952214712,0.999999994610933,0.9999999957531108,0.014538757056500207,6.947386919589544e-11,6.174449006285101e-11,7.83503359691949e-11
TUR.59.4_1,2046,7,albopictus,26.41436913434197,37.50946101512513,0.1719868953879604,0.11758070490733204,0.11688919731794817,0.1182517176843601,8.439009034921785e-8,7.148494123865311e-8,9.840000210759036e-8,0.9999999156099096,0.9999999015999979,0.9999999285150587,0.016506148772657325,1.392955386242183e-9,1.1799410750898751e-9,1.6242050740176808e-9
TUR.59.4_1,2046,8,albopictus,27.11376178965849,44.87538685847121,0.2042235971057415,0.13847578202541258,0.13773414667552564,0.13924653058718042,7.229583790841155e-6,6.24544148956352e-6,8.364243254815884e-6,0.9999927704162092,0.9999916357567452,0.9999937545585105,0.019569554759495955,1.4147973588323033e-7,1.2222050922724127e-7,1.6368451639686412e-7
TUR.59.4_1,2046,9,albopictus,25.571794622084674,42.21162712771454,0.16277606879291132,0.12667690996690606,0.12603818937759861,0.12732331378768277,6.51047803507776e-7,5.658099705374565e-7,7.461495485666658e-7,0.9999993489521964,0.9999992538504514,0.9999994341900295,0.01614584254119833,1.0511715322229581e-8,9.135478692537837e-9,1.2047213123343603e-8
TUR.59.4_1,2046,10,albopictus,14.710671032176299,56.7203003653049,0.16040902244199448,0.005508108418413391,0.005453303499006364,0.005558133475105919,0,0,0,1,1,1,0.015403586031391137,0,0,0
TUR.59.4_1,2046,11,albopictus,12.278215338202084,70.58746486385134,0.09304518933947083,1.9533946301207987e-4,1.904347515502503e-4,2.0031366487540718e-4,0,0,0,1,1,1,0.00926136584095294,0,0,0
TUR.59.4_1,2046,12,albopictus,6.810916171354406,75.07506192363043,0.07653112914384906,0,0,0,0,0,0,1,1,1,0.007378879704435515,0,0,0
TUR.59.4_1,2047,1,albopictus,7.617848905570367,76.05665250038206,0.07620314254802395,0,0,0,0,0,0,1,1,1,0.00734737277645936,0,0,0
TUR.59.4_1,2047,2,albopictus,6.235435026533464,70.09655491612024,0.05700225673072709,0,0,0,0,0,0,1,1,1,0.006088772485915217,0,0,0
TUR.59.4_1,2047,3,albopictus,9.838688275393316,70.45392550679017,0.06997502323223531,0,0,0,0,0,0,1,1,1,0.006748899631748739,0,0,0
TUR.59.4_1,2047,4,albopictus,12.215616071925444,63.7318097489849,0.0925290979880927,1.404503979040798e-4,1.3684308697383578e-4,1.4409462493524761e-4,0,0,0,1,1,1,0.009210233357456077,0,0,0
TUR.59.4_1,2047,5,albopictus,18.12146296220667,51.199401897097786,0.12933121274667922,0.03526127235370149,0.035068119315316365,0.03544430509484722,0,0,0,1,1,1,0.012437925386308168,0,0,0
TUR.59.4_1,2047,6,albopictus,26.76402863334207,34.467289486995305,0.1454679768220361,0.11006820743060794,0.10940829585973884,0.11075853683840226,1.357809118640585e-8,1.1445794090292338e-8,1.6091848131782882e-8,0.9999999864219088,0.9999999839081518,0.9999999885542059,0.014441504200111921,1.9608806089798273e-10,1.6529448342857302e-10,2.3239049238270564e-10
TUR.59.4_1,2047,7,albopictus,26.72499611798455,38.73278865184388,0.17082802965483773,0.12098090718003267,0.12026535341302348,0.12169451832535393,1.8496186613947695e-7,1.5661117008236578e-7,2.1664661540299334e-7,0.9999998150381338,0.9999997833533846,0.9999998433888299,0.016395845427323863,3.032606167172232e-9,2.567772536862797e-9,3.55210441850036e-9
TUR.59.4_1,2047,8,albopictus,26.949336893418256,48.25082936335402,0.20284751709658136,0.14909924624203358,0.14836146671260544,0.14986200702221075,5.100444667378423e-5,4.471386829568713e-5,5.8129598034775684e-5,0.9999489955533262,0.9999418704019651,0.9999552861317043,0.019438983091179307,9.914745764666483e-7,8.691921297410807e-7,1.1299802732950545e-6
TUR.59.4_1,2047,9,albopictus,24.02497112049776,43.724879386015324,0.16167926657509696,0.1164843952876239,0.11589631541936027,0.11703914018434253,6.510885433841374e-8,5.648516873402176e-8,7.405869468235515e-8,0.9999999348911457,0.9999999259413053,0.9999999435148312,0.01603792728103104,1.0442110712307218e-9,9.059050286130092e-10,1.187747959843692e-9
TUR.59.4_1,2047,10,albopictus,16.885695064769074,45.57539527497287,0.159328169630666,0.019098685850230345,0.01896702865072368,0.019238009029260754,0,0,0,1,1,1,0.015300593180312294,0,0,0
TUR.59.4_1,2047,11,albopictus,12.453774382086362,67.24820094783571,0.09241824109836098,2.838875945676796e-4,2.7818072661431575e-4,2.9060458036197026e-4,0,0,0,1,1,1,0.009199249709384794,0,0,0
TUR.59.4_1,2047,12,albopictus,5.5651523926678825,66.00358975566168,0.0760154543717571,0,0,0,0,0,0,1,1,1,0.007329342693883634,0,0,0
TUR.59.4_1,2048,1,albopictus,5.432150873191216,75.55511899208128,0.07920811368490271,0,0,0,0,0,0,1,1,1,0.007635997823340124,0,0,0
TUR.59.4_1,2048,2,albopictus,5.999023455030779,67.87144200108118,0.0613661398678832,0,0,0,0,0,0,1,1,1,0.006328113979601535,0,0,0
TUR.59.4_1,2048,3,albopictus,11.711240193423102,65.18322695942689,0.07273439663973977,2.275749032361711e-5,2.1863596694313806e-5,2.3609531255893058e-5,0,0,0,1,1,1,0.007014098157506865,0,0,0
TUR.59.4_1,2048,4,albopictus,14.204002226100249,58.282011165000526,0.09617786179859325,0.003519057050055654,0.003477765486017692,0.003559829856659769,0,0,0,1,1,1,0.009571683195625513,0,0,0
TUR.59.4_1,2048,5,albopictus,16.811610362109015,58.93097309460755,0.13443121975959704,0.022204946620852522,0.022068567659277928,0.022338725077217438,0,0,0,1,1,1,0.012925215464946849,0,0,0
TUR.59.4_1,2048,6,albopictus,25.544395530925076,27.733673611751165,0.1512043159948581,0.09375679594493241,0.0931800571300338,0.09436901623852043,1.5317185875218798e-10,1.2826813500232958e-10,1.832081819586051e-10,0.9999999998468282,0.9999999998167918,0.9999999998717318,0.015006691859864474,2.29860288589677e-12,1.924880377419457e-12,2.7493487328587686e-12
TUR.59.4_1,2048,7,albopictus,27.927777795230643,29.614555924793102,0.17756440930163706,0.09462698311924661,0.09395032713584511,0.09529262731612438,1.9884571356154623e-10,1.616814487848117e-10,2.4087807026784696e-10,0.9999999998011543,0.999999999759122,0.9999999998383186,0.017036855594633415,3.3877057075599028e-12,2.754543495277956e-12,4.10380489906727e-12
TUR.59.4_1,2048,8,albopictus,28.06907070384306,39.66233220148879,0.21084654330050207,0.11991157724982937,0.11915606410351821,0.12066292141396648,1.4494924940178234e-7,1.2137129691836e-7,1.7148166480684954e-7,0.9999998550507506,0.9999998285183352,0.9999998786287031,0.02019774098296767,2.927647395092781e-9,2.451426017923898e-9,3.46354224909683e-9
TUR.59.4_1,2048,9,albopictus,21.661394231459674,56.013739707060246,0.16805487673033054,0.10142236993027373,0.10103507421503974,0.10184093593245291,1.3849410717137189e-9,1.2424366341301506e-9,1.55159952663908e-9,0.999999998615059,0.9999999984484005,0.9999999987575633,0.01666506319940031,2.3080130487554322e-11,2.0705285029029158e-11,2.5857504171599877e-11
TUR.59.4_1,2048,10,albopictus,17.28284891913919,58.30549018464084,0.16561106735670333,0.027524202869757874,0.027368034283468165,0.027678904274627526,0,0,0,1,1,1,0.015899130457649124,0,0,0
TUR.59.4_1,2048,11,albopictus,10.418229986639584,70.3958297320154,0.09606263341258425,7.727559925564087e-43,7.254906094900477e-60,5.008601812500658e-46,0,0,0,1,1,1,0.009560270584232478,0,0,0
TUR.59.4_1,2048,12,albopictus,8.807082877439612,76.50787747538824,0.0790130242711861,0,0,0,0,0,0,1,1,1,0.007617262190540042,0,0,0
TUR.59.4_1,2049,1,albopictus,5.273292573935845,71.85638089393674,0.07196181478510037,0,0,0,0,0,0,1,1,1,0.006939853812096941,0,0,0
TUR.59.4_1,2049,2,albopictus,7.821508425123552,71.38737217686243,0.05382961521047788,0,0,0,0,0,0,1,1,1,0.005750858910543388,0,0,0
TUR.59.4_1,2049,3,albopictus,9.643674275454352,66.74949588032533,0.06608034121752622,0,0,0,0,0,0,1,1,1,0.0063744680546337085,0,0,0
TUR.59.4_1,2049,4,albopictus,13.811862791285796,61.52039159712943,0.08737909735750386,0.0024170635632957244,0.0023876121999762616,0.0024457328703504093,0,0,0,1,1,1,0.008699845151458607,0,0,0
TUR.59.4_1,2049,5,albopictus,15.935888430651495,67.19562153210755,0.12213287361139522,0.01537318035412812,0.015268620520302199,0.015477740631312202,0,0,0,1,1,1,0.011749736674968925,0,0,0
TUR.59.4_1,2049,6,albopictus,23.36187561820535,49.31102422820624,0.13737149486497247,0.11940540704517304,0.11891217884903664,0.11992384806940128,1.287668737341985e-7,1.1471484015201927e-7,1.448320008118342e-7,0.9999998712331263,0.9999998551679992,0.9999998852851599,0.013643225423346728,1.7567954854152947e-9,1.565080423597185e-9,1.9759756355901906e-9
TUR.59.4_1,2049,7,albopictus,28.764218835269705,23.782066911121227,0.1613200534660082,0.07600202938794084,0.07526306324628529,0.07671234826280082,4.07429423532335e-13,3.0619118351893345e-13,5.261374669274232e-13,0.9999999999995925,0.9999999999994738,0.9999999999996938,0.015490388451277814,6.31124003699606e-15,4.743020373064773e-15,8.150073741477121e-15
TUR.59.4_1,2049,8,albopictus,28.487848169663373,33.7954594140132,0.19155739470616093,0.10114502912860349,0.10037213312585419,0.1019029010933579,1.287795349913523e-9,1.033385935156339e-9,1.578215208519751e-9,0.9999999987122047,0.9999999984217848,0.999999998966614,0.01836704399904654,2.365299385362921e-11,1.8980244939012333e-11,2.8987148174846672e-11
TUR.59.4_1,2049,9,albopictus,20.908729665419635,59.721129538603215,0.15268049383312082,0.09154424919708586,0.09115912430927875,0.09189807876292001,7.805019131001956e-11,6.919849415698565e-11,8.686006358615827e-11,0.9999999999219498,0.9999999999131399,0.9999999999308016,0.015152083657624327,1.1826230282229996e-12,1.0485013724482746e-12,1.3161109499640387e-12
TUR.59.4_1,2049,10,albopictus,13.724175060496611,59.50570838532443,0.15046025465137933,0.0021061620638349247,0.0020792591988981705,0.002133226678836521,0,0,0,1,1,1,0.014455175893733352,0,0,0
TUR.59.4_1,2049,11,albopictus,10.8407220139223,65.15819698055056,0.0872744105598236,2.530077363984704e-9,2.0239538970206384e-9,3.132390555429669e-9,0,0,0,1,1,1,0.00868946749326338,0,0,0
TUR.59.4_1,2049,12,albopictus,8.294234977048987,78.60843289531012,0.07178457298999517,0,0,0,0,0,0,1,1,1,0.006922820269598673,0,0,0
TUR.59.4_1,2050,1,albopictus,4.5635719623635795,76.21590848182737,0.07351739852882598,0,0,0,0,0,0,1,1,1,0.0070893381942869205,0,0,0
TUR.59.4_1,2050,2,albopictus,6.3725347694228685,70.6931506802804,0.05499323892678473,0,0,0,0,0,0,1,1,1,0.0058748081709549815,0,0,0
TUR.59.4_1,2050,3,albopictus,7.307840725954841,65.31658114643861,0.0675087863572826,0,0,0,0,0,0,1,1,1,0.006511814002763572,0,0,0
TUR.59.4_1,2050,4,albopictus,16.2842691786149,47.25242437300834,0.08926795332641828,0.014266458703454653,0.014162916444102922,0.01436921940408349,0,0,0,1,1,1,0.008887069790330271,0,0,0
TUR.59.4_1,2050,5,albopictus,17.828021189745733,58.9225006519806,0.1247729948108361,0.03503570677329215,0.034857553200554996,0.03521791131872182,0,0,0,1,1,1,0.012002198016139554,0,0,0
TUR.59.4_1,2050,6,albopictus,23.242887581095975,44.99605993377265,0.14034102620463348,0.1089835381532689,0.10847281969724974,0.109477318568877,1.0293392781690613e-8,9.01482241910667e-9,1.1648177078438237e-8,0.9999999897066072,0.9999999883518229,0.9999999909851776,0.013936083674026323,1.4344958309525895e-10,1.25631319539159e-10,1.6232997041499074e-10
TUR.59.4_1,2050,7,albopictus,25.380061654483573,49.785023301502086,0.16480727586941854,0.14583239632387257,0.1451561038779125,0.14648203732052656,2.8538442749049263e-5,2.520467975298257e-5,3.201728775368007e-5,0.9999714615572509,0.9999679827122463,0.999974795320247,0.015822577941458915,4.51551734724695e-7,3.9880300988107817e-7,5.065960309567209e-7
TUR.59.4_1,2050,8,albopictus,27.45721233592314,40.931760454662616,0.1956982514936836,0.12615608927361494,0.1254139309429808,0.12687142367214724,5.822283853259558e-7,4.940670055381125e-7,6.772333699389677e-7,0.9999994177716147,0.9999993227666301,0.9999995059329945,0.018760333078799873,1.0922798436646768e-8,9.268861587140252e-9,1.2705123592133127e-8
TUR.59.4_1,2050,9,albopictus,24.62799083485323,29.90851891238251,0.15598095665357734,0.09393668810364457,0.09335699172466946,0.09446653111631975,1.6158692539569587e-10,1.3529791176303263e-10,1.8860426831412978e-10,0.999999999838413,0.9999999998113956,0.9999999998647021,0.015477075416682529,2.500893030699038e-12,2.0940159840761146e-12,2.9190424846060136e-12
TUR.59.4_1,2050,10,albopictus,16.600897396312043,54.25259559235568,0.15371272301826885,0.018695208272103078,0.018563859868350373,0.018820188009729916,0,0,0,1,1,1,0.014765332243853235,0,0,0
TUR.59.4_1,2050,11,albopictus,10.642715383978452,67.89236598689821,0.08916100353577236,1.7688652671761887e-12,8.460083203919576e-13,3.903166702201601e-12,0,0,0,1,1,1,0.008876469801607834,0,0,0
TUR.59.4_1,2050,12,albopictus,5.602767691892736,72.98168576396246,0.07333632533430434,0,0,0,0,0,0,1,1,1,0.0070719390574487395,0,0,0
TUR.59.4_1,2051,1,albopictus,7.609721693045953,75.34456296180784,0.07583177910882918,0,0,0,0,0,0,1,1,1,0.00731169779087304,0,0,0
TUR.59.4_1,2051,2,albopictus,5.757179277784685,69.08263890049524,0.05672446563978822,0,0,0,0,0,0,1,1,1,0.00605918993665977,0,0,0
TUR.59.4_1,2051,3,albopictus,10.486170193728277,65.40684451313783,0.06963401150468247,8.415694797778259e-21,1.1056364884094353e-23,7.983257665822144e-20,0,0,0,1,1,1,0.006716120677303317,0,0,0
TUR.59.4_1,2051,4,albopictus,12.6889208204606,60.4862042802349,0.09207817269937782,4.172941000056892e-4,4.092260766815086e-4,4.2550608548622723e-4,0,0,0,1,1,1,0.009165555133978764,0,0,0
TUR.59.4_1,2051,5,albopictus,17.66368403154261,58.39118961682435,0.12870093842524205,0.03249740076862944,0.0323307641379605,0.032672814247543806,0,0,0,1,1,1,0.012377687902501933,0,0,0
TUR.59.4_1,2051,6,albopictus,23.841859901652615,37.66529516326484,0.144759062643972,0.10220068027403645,0.10163888784656298,0.10272595545411545,1.7168261312594525e-9,1.4677793425121877e-9,1.9761621922187445e-9,0.9999999982831739,0.9999999980238378,0.9999999985322207,0.014371634084446971,2.4673596945077575e-11,2.109438762729532e-11,2.8400679918086357e-11
TUR.59.4_1,2051,7,albopictus,29.00986245099236,34.7118459638556,0.1699955274445318,0.09904461785819288,0.09831189663274563,0.09979823885695956,7.156366108596047e-10,5.780247530617899e-10,8.801140122249861e-10,0.9999999992843633,0.999999999119886,0.9999999994219753,0.01631659843194111,1.1676755202591474e-11,9.431397779431147e-12,1.4360466911799606e-11
TUR.59.4_1,2051,8,albopictus,27.354698068955365,46.70899739313918,0.2018589731984917,0.14402398609858902,0.14322371271871526,0.14474137637903137,2.054991551849006e-5,1.7689656425298737e-5,2.3373030563805794e-5,0.9999794500844815,0.9999766269694361,0.9999823103435748,0.019345172706301428,3.97541664805094e-7,3.422094586625389e-7,4.52155312926485e-7
TUR.59.4_1,2051,9,albopictus,23.049770467421588,45.97552788455048,0.1608913493518148,0.10807687798989032,0.10757833950042879,0.10854189989125775,8.159287396947157e-9,7.159689061064789e-9,9.175876061751077e-9,0.9999999918407126,0.9999999908241239,0.9999999928403109,0.01596039616025069,1.3022545924061724e-10,1.1427147379880732e-10,1.4645061706290808e-10
TUR.59.4_1,2051,10,albopictus,17.120713794932648,49.62793891510959,0.15855171009033456,0.022635180111207787,0.02247977302930845,0.022787439081838046,0,0,0,1,1,1,0.015226598860129559,0,0,0
TUR.59.4_1,2051,11,albopictus,13.22139256140765,65.60228877742556,0.09196785605240321,0.0011786715756998021,0.001160758150455387,0.001196567902947544,0,0,0,1,1,1,0.009154624520320898,0,0,0
TUR.59.4_1,2051,12,albopictus,8.50887082604801,75.64101803935309,0.07564500559991467,0,0,0,0,0,0,1,1,1,0.007293754930897345,0,0,0
TUR.59.4_1,2052,1,albopictus,5.380017551429131,62.93010373329221,0.07322614772232808,0,0,0,0,0,0,1,1,1,0.007061352054947734,0,0,0
TUR.59.4_1,2052,2,albopictus,4.939942377455095,69.9305545499093,0.0567316378848592,0,0,0,0,0,0,1,1,1,0.005851602417370927,0,0,0
TUR.59.4_1,2052,3,albopictus,5.913186928805183,69.19131411763001,0.06724133961860965,0,0,0,0,0,0,1,1,1,0.006486100265947425,0,0,0
TUR.59.4_1,2052,4,albopictus,12.262278402552885,72.659689082481,0.08891430420497197,1.9571369641038886e-4,1.912504229678892e-4,2.0020723017753905e-4,0,0,0,1,1,1,0.008852018548839546,0,0,0
TUR.59.4_1,2052,5,albopictus,15.939129015978644,69.39308552136536,0.12427868684979519,0.015873008492619974,0.015770607870364932,0.01597132935874575,0,0,0,1,1,1,0.011954934771602366,0,0,0
TUR.59.4_1,2052,6,albopictus,23.36839302848367,47.766014615169134,0.13978504302398792,0.11630876946320304,0.1157511729883995,0.11680268019438615,6.242481782336995e-8,5.4563302270826953e-8,7.003916380476926e-8,0.9999999375751821,0.9999999299608362,0.9999999454366978,0.013881258654699136,8.66535042678671e-10,7.574073118758816e-10,9.722317487328439e-10
TUR.59.4_1,2052,7,albopictus,26.84500649396111,37.49300822581849,0.16415436576957498,0.117708380972835,0.11699143667357456,0.11843983077333987,8.698381004579315e-8,7.323037090889439e-8,1.0280491961334182e-7,0.99999991301619,0.9999998971950804,0.9999999267696291,0.015760390875655506,1.37089884617547e-9,1.1541392694934075e-9,1.62024571704661e-9
TUR.59.4_1,2052,8,albopictus,26.349870569565716,48.408647203930194,0.194922961906207,0.14808464113987324,0.14733593142861995,0.14883068169890146,4.2668687729392585e-5,3.7291629659755304e-5,4.855710190641293e-5,0.9999573313122706,0.9999514428980936,0.9999627083703402,0.018686709843068527,7.973373869836577e-7,6.968578630270156e-7,9.073724741454481e-7
TUR.59.4_1,2052,9,albopictus,22.912235372206744,53.80276406008759,0.15536301341384398,0.12125737701255311,0.1207502655792956,0.12173969790469774,1.9656629509356982e-7,1.7492537168484203e-7,2.1886492962419624e-7,0.9999998034337049,0.9999997811350704,0.9999998250746283,0.015416235608363582,3.030312317825595e-9,2.696690743774096e-9,3.3740733214945235e-9
TUR.59.4_1,2052,10,albopictus,19.126635158763214,49.88843696198459,0.15310376574497103,0.048961526995410294,0.04871751614277808,0.04921561417169547,0,0,0,1,1,1,0.014707269324926053,0,0,0
TUR.59.4_1,2052,11,albopictus,13.08829109808978,64.52298885066774,0.08880777811284374,9.385931918600885e-4,9.231875588894443e-4,9.538207204565872e-4,0,0,0,1,1,1,0.00884146018048415,0,0,0
TUR.59.4_1,2052,12,albopictus,10.766458258909338,73.34813321269293,0.07304579187791667,5.360197110228824e-10,4.1203551771772396e-10,7.121974963121706e-10,0,0,0,1,1,1,0.007044021359676078,0,0,0
TUR.59.4_1,2053,1,albopictus,7.386398347861626,68.33589596962034,0.07622751765906662,0,0,0,0,0,0,1,1,1,0.007349714323828138,0,0,0
TUR.59.4_1,2053,2,albopictus,6.028302210218767,73.19090763828821,0.0570204900514411,0,0,0,0,0,0,1,1,1,0.0060907141592514424,0,0,0
TUR.59.4_1,2053,3,albopictus,10.00230922418482,67.72684420796205,0.06999740615378508,0,0,0,0,0,0,1,1,1,0.006751051099882388,0,0,0
TUR.59.4_1,2053,4,albopictus,14.323854292140288,55.68472875533256,0.09255869528503768,0.0038099344479638375,0.003766435551771369,0.0038529287803477736,0,0,0,1,1,1,0.009213165823009795,0,0,0
TUR.59.4_1,2053,5,albopictus,18.259772440966437,68.34804157605286,0.12937258194178816,0.04719072860481419,0.04698418452158757,0.047404547972832695,0,0,0,1,1,1,0.012441879054021054,0,0,0
TUR.59.4_1,2053,6,albopictus,20.438009346232693,66.71430639373358,0.14551450768637617,0.09071805396085907,0.09035642771343631,0.09106477516559768,6.045192202375205e-11,5.393812618770255e-11,6.720952128169699e-11,0.999999999939548,0.9999999999327904,0.9999999999460619,0.014446090078309326,8.732939109620535e-13,7.791950295627663e-13,9.709147985554424e-13
TUR.59.4_1,2053,7,albopictus,25.586598901187674,48.566883653064586,0.1708826724432163,0.14403992400459514,0.14332848686481608,0.14473477328650658,2.060168791425998e-5,1.803548028689317e-5,2.3344915863712786e-5,0.9999793983120857,0.9999766550841362,0.9999819645197131,0.016401046723926394,3.3788924607352763e-7,2.9580075487378825e-7,3.8288105584688394e-7
TUR.59.4_1,2053,8,albopictus,25.85917652354521,45.6092964654048,0.20291240196338117,0.13744397901220076,0.1367550238125003,0.13811435495388902,5.914829603097749e-6,5.1580602056233715e-6,6.723916832512833e-6,0.9999940851703969,0.9999932760831676,0.9999948419397944,0.019445140191620025,1.1501469084177995e-7,1.0029920381516287e-7,1.307475054450057e-7
TUR.59.4_1,2053,9,albopictus,23.627094380995807,49.31387245852509,0.16173098294720825,0.12340640070167415,0.1228819303740785,0.12394664007492592,3.1831579924557207e-7,2.827543197136961e-7,3.581185277184984e-7,0.9999996816842007,0.9999996418814723,0.9999997172456804,0.016043015962742158,5.106745448489741e-9,4.5362320647011266e-9,5.745301256741589e-9
TUR.59.4_1,2053,10,albopictus,18.77436503242044,43.43176810822482,0.15937913395703251,0.03974540523559613,0.03952950982239147,0.03995719736714185,0,0,0,1,1,1,0.015305449736911059,0,0,0
TUR.59.4_1,2053,11,albopictus,12.23547356268939,72.27718501765993,0.09244780293549545,1.8014536162983433e-4,1.7586500045024914e-4,1.8455388787672064e-4,0,0,0,1,1,1,0.009202178694096674,0,0,0
TUR.59.4_1,2053,12,albopictus,8.684709773344153,75.90011990702887,0.07603976944695365,0,0,0,0,0,0,1,1,1,0.007331678516459106,0,0,0
TUR.59.4_1,2054,1,albopictus,7.363546880729058,72.97488827919065,0.07460962108169529,0,0,0,0,0,0,1,1,1,0.007194282269027852,0,0,0
TUR.59.4_1,2054,2,albopictus,3.490788238890031,74.2498904874093,0.05581025444981925,0,0,0,0,0,0,1,1,1,0.00596182747434626,0,0,0
TUR.59.4_1,2054,3,albopictus,8.258239647921393,69.28003634663392,0.06851174103810347,0,0,0,0,0,0,1,1,1,0.00660823741613914,0,0,0
TUR.59.4_1,2054,4,albopictus,11.622741544947905,65.87860692916068,0.09059417642221199,1.4970501271365681e-5,1.4340596675650825e-5,1.5620596478171132e-5,0,0,0,1,1,1,0.009018504760391344,0,0,0
TUR.59.4_1,2054,5,albopictus,18.024630686816046,50.61891941418763,0.12662670402319356,0.033695920504130214,0.03350057692936034,0.03389227403541446,0,0,0,1,1,1,0.012179420244833983,0,0,0
TUR.59.4_1,2054,6,albopictus,21.75539597342996,52.680538693538274,0.14242602427285841,0.09790544488388071,0.09752360399474129,0.09828332408709015,5.154537039420149e-10,4.612182885610494e-10,5.733338109825681e-10,0.9999999994845463,0.9999999994266662,0.9999999995387817,0.014141656378415579,7.28936916012953e-12,6.522390552271282e-12,8.107889745042946e-12
TUR.59.4_1,2054,7,albopictus,26.602246789371268,36.91602000560365,0.16725576054357294,0.11623657254557293,0.11557032320269282,0.11691191793672594,6.143543299341747e-8,5.2256320948185216e-8,7.186934567748881e-8,0.999999938564567,0.9999999281306543,0.9999999477436791,0.01605575128300174,9.8639203210583e-10,8.390144921087755e-10,1.1539163390698368e-9
TUR.59.4_1,2054,8,albopictus,29.61233127818388,34.50816502619582,0.19860567270438767,0.09214657555491522,0.09142406039803615,0.09288516432979575,9.434044578870981e-11,7.50910722491227e-11,1.1732590732282943e-10,0.9999999999056596,0.9999999998826741,0.999999999924909,0.019036379115301982,1.7959004919404743e-12,1.4294621195088316e-12,2.2334604518441664e-12
TUR.59.4_1,2054,9,albopictus,25.851446263930377,34.91499245364228,0.15829831175705486,0.11006013912387191,0.10938881159168366,0.110697344157825,1.3544372774232371e-8,1.1389277757012373e-8,1.5846864948043657e-8,0.9999999864556273,0.9999999841531351,0.9999999886107223,0.015705197905998336,2.127170549319351e-10,1.7887086118026416e-10,2.488781501986537e-10
TUR.59.4_1,2054,10,albopictus,16.84710081885843,53.40091865143771,0.15599637975943711,0.020933166128025923,0.0207971057282298,0.021066096309759325,0,0,0,1,1,1,0.014983044101136045,0,0,0
TUR.59.4_1,2054,11,albopictus,12.632475782843198,68.13803249080446,0.09048563771553114,4.319534466962416e-4,4.22769247770879e-4,4.408336039881531e-4,0,0,0,1,1,1,0.009007748717035358,0,0,0
TUR.59.4_1,2054,12,albopictus,7.002483592313879,71.7175103489234,0.07442585774537411,0,0,0,0,0,0,1,1,1,0.0071766265032299215,0,0,0
TUR.59.4_1,2055,1,albopictus,6.872762235648492,72.71517605995237,0.07326353363166054,0,0,0,0,0,0,1,1,1,0.0070649444917649795,0,0,0
TUR.59.4_1,2055,2,albopictus,3.802421825773576,68.44199864170618,0.05480334030109454,0,0,0,0,0,0,1,1,1,0.0058545812143598885,0,0,0
TUR.59.4_1,2055,3,albopictus,7.056466481264899,70.29825534077455,0.06727566995967726,0,0,0,0,0,0,1,1,1,0.00648940100282247,0,0,0
TUR.59.4_1,2055,4,albopictus,12.147871816859526,61.65581335005912,0.08895969976678647,1.0926777855502252e-4,1.062657984686413e-4,1.1239129876788996e-4,0,0,0,1,1,1,0.008856517910572959,0,0,0
TUR.59.4_1,2055,5,albopictus,16.97019400316126,56.38498691907044,0.12434213784186626,0.023169658517917417,0.02301612185861401,0.023309880202128673,0,0,0,1,1,1,0.011961001763259205,0,0,0
TUR.59.4_1,2055,6,albopictus,24.950557792887967,40.15974859344062,0.1398564108496497,0.11747091935574813,0.11688815002805714,0.11806164519351485,8.217150481060198e-8,7.146727080131755e-8,9.413335179397908e-8,0.9999999178284952,0.9999999058666481,0.9999999285327292,0.013888296344627293,1.1412222098936074e-9,9.925586358304272e-10,1.3073518856278347e-9
TUR.59.4_1,2055,7,albopictus,26.595523385440604,42.136524766345836,0.1642381754526743,0.13021525165242545,0.1295296193996204,0.13089570191412755,1.3778837442389724e-6,1.1907245065251315e-6,1.5828607836221307e-6,0.9999986221162558,0.9999984171392163,0.9999988092754934,0.015768373631321775,2.172698569968473e-8,1.8775788910859514e-8,2.4959140242520528e-8
TUR.59.4_1,2055,8,albopictus,25.250131494858685,51.81233754206496,0.19502248062195696,0.15041736945758233,0.14978147442445622,0.1510432985510011,6.409339317059703e-5,5.732225578480576e-5,7.127712165118372e-5,0.9999359066068294,0.9999287228783488,0.9999426777442152,0.018696160672241113,1.1983003767466033e-6,1.0717061042480311e-6,1.3326085186454066e-6
TUR.59.4_1,2055,9,albopictus,25.67603313221651,40.25627434451142,0.15544233463602725,0.12226022692167896,0.12165850627615815,0.1228808262895973,2.4663233541533104e-7,2.1489387629913815e-7,2.8268467968939336e-7,0.9999997533676646,0.9999997173153202,0.9999997851061236,0.015424045416142729,3.804068342535412e-9,3.314532907688864e-9,4.360141337976963e-9
TUR.59.4_1,2055,10,albopictus,17.916523540721222,57.23890082917209,0.15318193349901302,0.03545397305807091,0.035260646495417734,0.03563374001163542,0,0,0,1,1,1,0.014714722663170421,0,0,0
TUR.59.4_1,2055,11,albopictus,12.89487068793353,73.94542842586306,0.08885311928732605,8.000289677958734e-4,7.860648593822969e-4,8.126145890180087e-4,0,0,0,1,1,1,0.008845954199525274,0,0,0
TUR.59.4_1,2055,12,albopictus,9.211551413816565,74.94640744364996,0.07308308570583483,0,0,0,0,0,0,1,1,1,0.0070476050108928545,0,0,0
TUR.59.4_1,2056,1,albopictus,8.009830030448295,78.78722043251096,0.08096205439018496,0,0,0,0,0,0,1,1,1,0.007804423621010859,0,0,0
TUR.59.4_1,2056,2,albopictus,8.312519091017107,71.28915898106165,0.06272499776302885,0,0,0,0,0,0,1,1,1,0.006467786116289842,0,0,0
TUR.59.4_1,2056,3,albopictus,14.071189305361578,58.164370910842905,0.07434498693163935,0.003060544871525097,0.003020004214833796,0.0030993719057976913,0,0,0,1,1,1,0.007168856430814219,0,0,0
TUR.59.4_1,2056,4,albopictus,14.157807195887846,56.44562734542045,0.0983075712299607,0.0032622391725211,0.0032231456028688596,0.0032989623837083354,0,0,0,1,1,1,0.009782593188717437,0,0,0
TUR.59.4_1,2056,5,albopictus,17.72701945024378,57.91194156994935,0.1374079904138645,0.03314613356303523,0.032964185202587,0.033326529972125415,0,0,0,1,1,1,0.013209525665145883,0,0,0
TUR.59.4_1,2056,6,albopictus,25.39327439139871,31.96887258636054,0.15455250082466918,0.10190792557411806,0.10126397359861276,0.10251504477747433,1.5857347588354997e-9,1.3236396034788099e-9,1.865856813498823e-9,0.9999999984142652,0.9999999981341431,0.9999999986763604,0.015336430620646269,2.4319511111627883e-11,2.029990694549251e-11,2.8615583568284823e-11
TUR.59.4_1,2056,7,albopictus,29.18930581036736,23.89591273631654,0.18149629747312496,0.07257408065445682,0.0718738343678287,0.07324582308670122,1.0988743248674382e-13,8.270606421945103e-14,1.4155343563970746e-13,0.9999999999998901,0.9999999999998584,0.9999999999999173,0.01741080713779941,1.91322889389465e-15,1.4399793332513148e-15,2.4645595676158482e-15
TUR.59.4_1,2056,8,albopictus,27.712549097397748,41.16725697565871,0.21551541265817867,0.12598379782921326,0.12523818913980975,0.1267166597437381,5.609992256409013e-7,4.7549607294361533e-7,6.55063898968855e-7,0.9999994390007744,0.999999344936101,0.999999524503927,0.020640341187287192,1.1579215423032116e-8,9.814401178771417e-9,1.3520742374191794e-8
TUR.59.4_1,2056,9,albopictus,22.745689504286823,61.97719490725556,0.17177619106677708,0.13552222825268298,0.13501411556671622,0.13601275523509634,4.048940252040611e-6,3.6552624237545794e-6,4.456636064006925e-6,0.9999959510597479,0.9999955433639359,0.9999963447375761,0.017030924960631855,6.895719760258549e-8,6.225250005038157e-8,7.590063438294763e-8
TUR.59.4_1,2056,10,albopictus,16.77150210212259,68.44336097321505,0.16927826732863657,0.02477265755345912,0.024627653043005855,0.024900875048508315,0,0,0,1,1,1,0.0162483163650059,0,0,0
TUR.59.4_1,2056,11,albopictus,12.250881124945249,72.40804439265993,0.09818979129023804,1.8856710772319584e-4,1.8409866076743496e-4,1.9325586685172002e-4,0,0,0,1,1,1,0.009770930345386453,0,0,0
TUR.59.4_1,2056,12,albopictus,6.053568110746496,71.85786069072027,0.08076264502428201,0,0,0,0,0,0,1,1,1,0.007785276362965443,0,0,0
TUR.59.4_1,2057,1,albopictus,6.502848657615044,72.56593747352659,0.06959408711428929,0,0,0,0,0,0,1,1,1,0.006712282967950567,0,0,0
TUR.59.4_1,2057,2,albopictus,5.8824296172927415,71.97538487217493,0.05205848325912872,0,0,0,0,0,0,1,1,1,0.005562168176879823,0,0,0
TUR.59.4_1,2057,3,albopictus,9.882280728396246,63.629126922805796,0.06390612906258526,0,0,0,0,0,0,1,1,1,0.00616537966731423,0,0,0
TUR.59.4_1,2057,4,albopictus,12.806382024989409,61.72004522261771,0.08450410167706288,5.410883635404664e-4,5.316750359753473e-4,5.50825343569255e-4,0,0,0,1,1,1,0.008414805812757553,0,0,0
TUR.59.4_1,2057,5,albopictus,18.913575312670538,49.177543681765755,0.11811438984706904,0.045260952745143454,0.045023060819833725,0.045511800843254215,0,0,0,1,1,1,0.011365345714715258,0,0,0
TUR.59.4_1,2057,6,albopictus,24.602228248820584,39.671181241145696,0.13285162150513852,0.11353879825539719,0.11295282246350057,0.11412270113672378,3.207378551217666e-8,2.7724924978045354e-8,3.687803654672805e-8,0.9999999679262145,0.9999999631219635,0.9999999722750751,0.013197303884624034,4.2328749413444705e-10,3.658942601136678e-10,4.866906549754412e-10
TUR.59.4_1,2057,7,albopictus,25.79860451642205,47.9867597516974,0.15601221130570628,0.14386769197012947,0.1432002841711921,0.14454709066892396,1.995908227753207e-5,1.761319388556837e-5,2.255907554132852e-5,0.9999800409177224,0.9999774409244587,0.9999823868061144,0.014984553229803854,2.9907793080571406e-7,2.63925841325155e-7,3.380376682642034e-7
TUR.59.4_1,2057,8,albopictus,26.702529795029584,46.66124119807082,0.1852546667198155,0.14372529960150277,0.14296658714377428,0.14446631747365862,1.944847903807878e-5,1.6867464373870875e-5,2.2228655277747866e-5,0.9999805515209619,0.9999777713447222,0.9999831325356261,0.01776812276701012,3.4556296318020666e-7,2.9970317776310723e-7,3.9496147592057154e-7
TUR.59.4_1,2057,9,albopictus,23.145734899184284,49.205817343778996,0.14765691527105498,0.1158317399100273,0.11534812406982758,0.11633577818961341,5.57208715988855e-8,4.9549844607921224e-8,6.270839359445723e-8,0.9999999442791284,0.9999999372916064,0.9999999504501554,0.014657213279077097,8.167126991209345e-10,7.262626403634296e-10,9.191302993022717e-10
TUR.59.4_1,2057,10,albopictus,16.998212421641632,48.07450263581271,0.14550972763424921,0.020897206875370493,0.02075714685109852,0.021029143169700858,0,0,0,1,1,1,0.013982904747230962,0,0,0
TUR.59.4_1,2057,11,albopictus,9.75661270758685,66.80069118221071,0.08440285934264936,0,0,0,0,0,0,1,1,1,0.00840476672195567,0,0,0
TUR.59.4_1,2057,12,albopictus,7.979816661161535,73.62036526835699,0.06942267702734692,0,0,0,0,0,0,1,1,1,0.006695806102200663,0,0,0
TUR.59.4_1,2058,1,albopictus,6.625381025321343,68.92469449256956,0.07520984013844864,0,0,0,0,0,0,1,1,1,0.007251948424360721,0,0,0
TUR.59.4_1,2058,2,albopictus,6.192134874708513,77.2605334927804,0.05625923646845668,0,0,0,0,0,0,1,1,1,0.006009644745489373,0,0,0
TUR.59.4_1,2058,3,albopictus,8.330928704317877,66.85853518696595,0.06906290390404797,0,0,0,0,0,0,1,1,1,0.006661221872514167,0,0,0
TUR.59.4_1,2058,4,albopictus,14.20754989455728,63.95071996627006,0.09132298793916024,0.0038528212400267166,0.003814364166745632,0.003893502290471762,0,0,0,1,1,1,0.009090726001257043,0,0,0
TUR.59.4_1,2058,5,albopictus,15.73113550859339,69.90807728161927,0.1276453898139358,0.014050333983702363,0.013954993280802748,0.014147311016614778,0,0,0,1,1,1,0.012276797263152561,0,0,0
TUR.59.4_1,2058,6,albopictus,25.110286796794217,34.527828732600774,0.1435718123455867,0.10599736167469076,0.10539373064461569,0.10658882197987017,4.754625912428701e-9,4.042486759225916e-9,5.535249411603438e-9,0.9999999952453741,0.9999999944647505,0.9999999959575132,0.014254608380491307,6.777533037740728e-11,5.762406563608689e-11,7.890281265075195e-11
TUR.59.4_1,2058,7,albopictus,27.78905632916619,33.8450361188849,0.1686012987379045,0.10567110579092359,0.10491569429492799,0.10635746339703112,4.370490074179223e-9,3.5610846021993935e-9,5.210080883388812e-9,0.9999999956295099,0.9999999947899192,0.9999999964389155,0.01618386564182328,7.07314241494388e-11,5.763211474116069e-11,8.431924899979647e-11
TUR.59.4_1,2058,8,albopictus,27.089038736679974,48.70276417780715,0.20020341449436355,0.15063394970271363,0.14984807150042245,0.1514001973256025,6.657679250227743e-5,5.7989130141383737e-5,7.577115975438697e-5,0.9999334232074977,0.9999242288402456,0.9999420108698586,0.019188044154749617,1.2774784342153028e-6,1.112697989648393e-6,1.4539003590237645e-6
TUR.59.4_1,2058,9,albopictus,21.050102346083698,57.928805472441105,0.15957178911816394,0.09194679621470658,0.09157347940698893,0.09231157568084822,8.830478437360511e-11,7.862443751616155e-11,9.85593245905747e-11,0.9999999999116952,0.9999999999014406,0.9999999999213756,0.01583053763967568,1.3979122127898005e-12,1.244667117497924e-12,1.5602470976721056e-12
TUR.59.4_1,2058,10,albopictus,16.915034855113312,72.66307227692599,0.15725133855106024,0.028132875152667675,0.02797552603638502,0.02828070901074076,0,0,0,1,1,1,0.015102664807038146,0,0,0
TUR.59.4_1,2058,11,albopictus,11.394879271002377,74.82013850887087,0.09121357606090716,5.048966359328605e-6,4.79267846959218e-6,5.307806798381099e-6,0,0,0,1,1,1,0.009079884217461531,0,0,0
TUR.59.4_1,2058,12,albopictus,5.216773257536047,63.674579745896054,0.07502459846388107,0,0,0,0,0,0,1,1,1,0.007234151654053167,0,0,0
TUR.59.4_1,2059,1,albopictus,3.634717020041802,71.4435772440344,0.0721282772013932,0,0,0,0,0,0,1,1,1,0.00695585115338504,0,0,0
TUR.59.4_1,2059,2,albopictus,4.795294302351335,71.00234715244837,0.05395413413544952,0,0,0,0,0,0,1,1,1,0.00576412341143917,0,0,0
TUR.59.4_1,2059,3,albopictus,8.773468873080084,67.40592898579408,0.06623319858085666,0,0,0,0,0,0,1,1,1,0.006389166298722215,0,0,0
TUR.59.4_1,2059,4,albopictus,14.790271604762358,65.89465917525443,0.0875812231060422,0.006732656685373598,0.006674811696785626,0.006790745780751213,0,0,0,1,1,1,0.00871988167754556,0,0,0
TUR.59.4_1,2059,5,albopictus,22.30476488786585,39.839843791629036,0.12241539196242421,0.0870948594015826,0.0866490580070644,0.0875049384909297,1.9170362741682823e-11,1.65453872824628e-11,2.183619118856228e-11,0.9999999999808297,0.9999999999781638,0.9999999999834547,0.011776755547689977,2.257646757693424e-13,1.9485098146742292e-13,2.571594857203198e-13
TUR.59.4_1,2059,6,albopictus,23.231723869548123,49.3220372592121,0.13768926326802441,0.1174320338072375,0.11691414878884882,0.11792263832635139,8.137697918375597e-8,7.190719457372818e-8,9.112593806759327e-8,0.9999999186230208,0.9999999088740619,0.9999999280928054,0.013674568227066142,1.1127950539608123e-9,9.832998382153663e-10,1.2461078573607081e-9
TUR.59.4_1,2059,7,albopictus,22.949664620792166,61.49671611156068,0.16169321979007367,0.13883653015010827,0.1383150078520172,0.1393566669235485,7.739924704021294e-6,6.990308092494346e-6,8.542726124352585e-6,0.999992260075296,0.9999914572738757,0.9999930096919074,0.01552594127700202,1.2016961644305187e-7,1.0853111295221922e-7,1.3263386415220928e-7
TUR.59.4_1,2059,8,albopictus,27.377803690293256,46.46072926569777,0.19200050619350695,0.14318154766980074,0.14245374938784933,0.14392700045084914,1.7593430606158256e-05,1.5334735707800416e-5,2.0137350319113233e-5,0.9999824065693939,0.9999798626496809,0.9999846652642922,0.01840913724224924,3.2387987859075555e-7,2.822992542185179e-7,3.707112457198071e-7
TUR.59.4_1,2059,9,albopictus,22.33375560536104,48.39639961916962,0.15303367508626375,0.10112190396463452,0.10070418677304559,0.10156632815286595,1.2749411764101381e-9,1.1334682081809433e-9,1.4387543184612993e-9,0.9999999987250588,0.9999999985612457,0.9999999988665318,0.015186866025521661,1.9362360836561746e-11,1.7213829821832084e-11,2.185016907811248e-11
TUR.59.4_1,2059,10,albopictus,19.142700756297394,46.676927257394745,0.1508083000365617,0.04693261256077269,0.04669892171976748,0.04718184489364934,0,0,0,1,1,1,0.014488370269666873,0,0,0
TUR.59.4_1,2059,11,albopictus,10.871742178412045,63.06616359432009,0.08747629414635773,4.637507199814623e-9,3.8666563564812046e-9,5.5400119914553186e-9,0,0,0,1,1,1,0.00870948022381779,0,0,0
TUR.59.4_1,2059,12,albopictus,7.952908263486974,78.22938168681402,0.07195062540971454,0,0,0,0,0,0,1,1,1,0.006938778483505992,0,0,0
TUR.59.4_1,2060,1,albopictus,7.015118154532769,75.82002682899534,0.07464754048652195,0,0,0,0,0,0,1,1,1,0.00719792548188436,0,0,0
TUR.59.4_1,2060,2,albopictus,4.793396967298845,65.83945194981165,0.057832855716175184,0,0,0,0,0,0,1,1,1,0.005964848443605786,0,0,0
TUR.59.4_1,2060,3,albopictus,8.24424209314234,68.34727420063783,0.06854656127182317,0,0,0,0,0,0,1,1,1,0.0066115848427587,0,0,0
TUR.59.4_1,2060,4,albopictus,12.508464658961577,62.71516241011771,0.09064021977695479,2.937327261021105e-4,2.874674912914449e-4,2.998926224029894e-4,0,0,0,1,1,1,0.009023067561139908,0,0,0
TUR.59.4_1,2060,5,albopictus,18.42052187639124,49.1121864735138,0.12669106045849116,0.038212887849399746,0.03800723898986835,0.038421085132908935,0,0,0,1,1,1,0.012185572413859203,0,0,0
TUR.59.4_1,2060,6,albopictus,23.040653312907498,51.08328680144843,0.14249841051465875,0.11792410015021763,0.11743919196790122,0.11843652902844487,9.132187626148536e-8,8.136782259360321e-8,1.0272599643701418e-7,0.9999999086781237,0.9999998972740035,0.9999999186321774,0.014148792610631511,1.2920942880375092e-9,1.1512564470555486e-9,1.4534488193077854e-9
TUR.59.4_1,2060,7,albopictus,25.724084405338065,45.90864238109193,0.16734076618763988,0.13748673010922657,0.13682036197456937,0.1381419828123396,5.964539347038555e-6,5.224606448259172e-6,6.760013399895182e-6,0.9999940354606529,0.9999932399866002,0.9999947753935517,0.01606384552208817,9.581343868124401e-8,8.39272708985411e-8,1.0859181098316226e-7
TUR.59.4_1,2060,8,albopictus,27.702510721543256,42.199086809643084,0.1987066115483995,0.1290799897333381,0.12836060235223748,0.12981999573515818,1.0867120319366652e-6,9.306222545468757e-7,1.2653792714006905e-6,0.9999989132879681,0.9999987346207286,0.9999990693777455,0.019045961391137123,2.0697475403549898e-8,1.7724595529832778e-8,2.4100364748242774e-8
TUR.59.4_1,2060,9,albopictus,23.724723928114948,43.7573195715622,0.15837876489004046,0.1129198805352237,0.11236568962414363,0.11343256888346306,2.756518394864127e-8,2.399674047526279e-8,3.117812111819163e-8,0.9999999724348161,0.9999999688218788,0.9999999760032595,0.015713116834204177,4.331349559413299e-10,3.770635867278805e-10,4.899054598011136e-10
TUR.59.4_1,2060,10,albopictus,16.142501438365265,55.0138794668674,0.1560756629643352,0.014688155898021202,0.014583750686198218,0.014785988441766752,0,0,0,1,1,1,0.014990601681931004,0,0,0
TUR.59.4_1,2060,11,albopictus,12.377592970343198,73.35535579402712,0.09053162590683661,2.680083969022571e-4,2.622109936192912e-4,2.740000266185997e-4,0,0,0,1,1,1,0.00901230610067938,0,0,0
TUR.59.4_1,2060,12,albopictus,7.07499574212467,74.41846860087652,0.07446368375478818,0,0,0,0,0,0,1,1,1,0.007180260807507666,0,0,0
TUR.59.4_1,2061,1,albopictus,4.852314266211846,56.995323612442604,0.0696547460995613,0,0,0,0,0,0,1,1,1,0.006718113772610446,0,0,0
TUR.59.4_1,2061,2,albopictus,3.5528571780990155,69.97880284092493,0.052103858015810446,0,0,0,0,0,0,1,1,1,0.0055670027052695525,0,0,0
TUR.59.4_1,2061,3,albopictus,8.47726382928736,73.84024752827455,0.06396183035995599,0,0,0,0,0,0,1,1,1,0.006170736866848769,0,0,0
TUR.59.4_1,2061,4,albopictus,13.872956121669096,57.1109715837017,0.08457775639791057,0.0024163761326375056,0.0023857064115120536,0.002444729742838476,0,0,0,1,1,1,0.00842210927892828,0,0,0
TUR.59.4_1,2061,5,albopictus,18.322739741381476,53.1562538563263,0.11821733967127435,0.039081398910213914,0.03887164845942408,0.039287908101603375,0,0,0,1,1,1,0.011375195320217246,0,0,0
TUR.59.4_1,2061,6,albopictus,22.927858436808865,48.63202718841132,0.1329674164654059,0.11124845071125178,0.11077775389838727,0.11171910185542555,1.822011813623625e-8,1.616953022587353e-8,2.0448550250296015e-8,0.9999999817798819,0.9999999795514497,0.9999999838304698,0.013208730496365617,2.4066463007348804e-10,2.135789670064013e-10,2.7009938929754975e-10
TUR.59.4_1,2061,7,albopictus,26.74083092633416,48.12837657298646,0.1561481932952725,0.14837680410757062,0.14756553294256458,0.14909924223436283,4.493504305885332e-5,3.8844324130554715e-5,5.089519557650857e-5,0.9999550649569412,0.9999491048044234,0.9999611556758694,0.01499751550195405,6.739140048561254e-7,5.825683533109222e-7,7.633014846336704e-7
TUR.59.4_1,2061,8,albopictus,28.194446451523724,41.08023991633254,0.18541613676082158,0.12330280988040843,0.12252187991115918,0.1240630063475659,3.116960641984523e-7,2.6090072558493384e-7,3.674349964344348e-7,0.9999996883039358,0.9999996325650036,0.9999997390992744,0.017783471133043127,5.543037959956334e-9,4.639720522029677e-9,6.534269652361575e-9
TUR.59.4_1,2061,9,albopictus,21.11103832020479,64.95304787356415,0.14778561469107937,0.10381531021608205,0.10343291256934871,0.10419698388734912,2.657126300764645e-9,2.3934983828244325e-9,2.9395347406202532e-9,0.9999999973428737,0.9999999970604653,0.9999999976065016,0.014669894501991299,3.897976251068374e-11,3.5112368766721205e-11,4.312266452983747e-11
TUR.59.4_1,2061,10,albopictus,16.69085844825296,44.93100898346896,0.1456365555414966,0.017164705761250152,0.01703926432112229,0.01728765119602955,0,0,0,1,1,1,0.01399500671986953,0,0,0
TUR.59.4_1,2061,11,albopictus,12.370306898565854,71.32485347469118,0.0844764258195452,2.5209686246381157e-4,2.4633941718064765e-4,2.58066378712608e-4,0,0,0,1,1,1,0.008412061511904878,0,0,0
TUR.59.4_1,2061,12,albopictus,8.152429805082434,74.46452725566168,0.06948318660966861,0,0,0,0,0,0,1,1,1,0.0067016226421277025,0,0,0
TUR.59.4_1,2062,1,albopictus,4.703000339515069,70.96233029579221,0.07512539745947643,0,0,0,0,0,0,1,1,1,0.007243835781049812,0,0,0
TUR.59.4_1,2062,2,albopictus,7.540384310133318,64.39612309238977,0.056196070789130914,0,0,0,0,0,0,1,1,1,0.006002917643150751,0,0,0
TUR.59.4_1,2062,3,albopictus,9.194821736391852,69.37128390522767,0.06898536276564743,0,0,0,0,0,0,1,1,1,0.0066537678490945495,0,0,0
TUR.59.4_1,2062,4,albopictus,14.743593061671538,47.99480260787162,0.09122045404546851,0.004969253276663425,0.004915902273367346,0.005020145155172347,0,0,0,1,1,1,0.00908056577055294,0,0,0
TUR.59.4_1,2062,5,albopictus,18.43470110612757,55.14581684460755,0.1275020745422307,0.041867204810298014,0.04166012162109231,0.04208144846233231,0,0,0,1,1,1,0.012263098217913049,0,0,0
TUR.59.4_1,2062,6,albopictus,22.324335182414334,44.80531744109687,0.1434106155070209,0.095045956661969,0.09458562379345774,0.09549344792446632,2.2446883563009835e-10,1.9540186690925055e-10,2.5555085547690477e-10,0.9999999997755311,0.9999999997444492,0.9999999998045981,0.014238718348344559,3.19614852851782e-12,2.7822721476615273e-12,3.638716654814153e-12
TUR.59.4_1,2062,7,albopictus,26.941228417789237,43.16585978831849,0.1684119997669532,0.13342595818891048,0.13268694400775882,0.1341860867437091,2.6644027969776605e-6,2.2867514385543908e-6,3.096975529492951e-6,0.999997335597203,0.9999969030244705,0.9999977132485615,0.016165842697852595,4.307231649965935e-8,3.696726404475841e-8,5.00652192488818e-8
TUR.59.4_1,2062,8,albopictus,27.453163034775677,43.87420811701613,0.19997863389879034,0.13492764093065493,0.1341817508744231,0.13566283542847832,3.6027192121086405e-6,3.094278332810285e-6,4.158451755673087e-6,0.9999963972807879,0.9999958415482443,0.9999969057216672,0.01916670835860368,6.905226843642473e-8,5.930713038532115e-8,7.97038320243095e-8
TUR.59.4_1,2062,9,albopictus,22.040165059706744,55.499945761747746,0.15939262812890084,0.10803902295390624,0.10759512812777837,0.10843526391316752,8.076652471822321e-9,7.190856368688436e-9,8.928408828934308e-9,0.9999999919233475,0.9999999910715912,0.9999999928091436,0.015812905004274236,1.2771533828946305e-10,1.1370832865745064e-10,1.411840806512616e-10
TUR.59.4_1,2062,10,albopictus,17.18895014594583,58.52286689362521,0.15707478287330887,0.026451345963890507,0.026293834313598212,0.026603201601335894,0,0,0,1,1,1,0.015085836674579078,0,0,0
TUR.59.4_1,2062,11,albopictus,11.22216789862689,74.4328399248865,0.09111116501061056,1.2402135902430146e-6,1.166483015804893e-6,1.3257778033058567e-6,0,0,0,1,1,1,0.009069736048515686,0,0,0
TUR.59.4_1,2062,12,albopictus,8.521170363706702,72.91251767314215,0.07494036376704562,0,0,0,0,0,0,1,1,1,0.007226058847171424,0,0,0
TUR.59.4_1,2063,1,albopictus,7.820636304862359,74.45770688270628,0.08218105103543437,0,0,0,0,0,0,1,1,1,0.007921463467015166,0,0,0
TUR.59.4_1,2063,2,albopictus,7.493578928358415,70.85312382481165,0.0614739131863308,0,0,0,0,0,0,1,1,1,0.0065648473127308815,0,0,0
TUR.59.4_1,2063,3,albopictus,9.707736393984625,69.42955722065736,0.07546435439758852,0,0,0,0,0,0,1,1,1,0.007276399916930298,0,0,0
TUR.59.4_1,2063,4,albopictus,16.681898916468903,43.30124486861381,0.0997877288227313,0.016686079846108676,0.016570768963521523,0.016811272240539327,0,0,0,1,1,1,0.009929150123400343,0,0,0
TUR.59.4_1,2063,5,albopictus,18.817742487963507,41.44600681653138,0.13947685935014079,0.03915225852500948,0.038926950730644866,0.039380103321447285,0,0,0,1,1,1,0.013407074291052812,0,0,0
TUR.59.4_1,2063,6,albopictus,23.481021965251248,41.06513265716132,0.15687950427633818,0.10460228328197546,0.10407772124639614,0.10511907733041653,3.2840757917540486e-9,2.8470502122512894e-9,3.758752425975231e-9,0.9999999967159242,0.9999999962412476,0.9999999971529497,0.01556553551568629,5.111839837275322e-11,4.431586119373964e-11,5.850699438118947e-11
TUR.59.4_1,2063,7,albopictus,29.659371880924002,27.335289567371227,0.18422897736139307,0.07497680666513606,0.07420044215811723,0.07565532863132561,2.773431484470734e-13,2.0439205883349132e-13,3.548328297853232e-13,0.9999999999997227,0.9999999999996452,0.9999999999997956,0.017670621336083325,4.9008257563653805e-15,3.61173467574909e-15,6.270116572747354e-15
TUR.59.4_1,2063,8,albopictus,27.197538263657513,46.13732304621535,0.21876029777144115,0.14237581188284934,0.14156700338328043,0.14311794728902713,1.5150171942165725e-5,1.29918529522155e-5,1.73469531477094e-5,0.9999848498280578,0.9999826530468523,0.9999870081470478,0.020947832541891143,3.173632648253453e-7,2.7215116005188435e-7,3.6338106965024795e-7
TUR.59.4_1,2063,9,albopictus,24.949127309462604,32.161254050321965,0.17436252119662995,0.10016614992164292,0.09955112146757972,0.10073347313471784,9.788327265392026e-10,8.210768842609185e-10,1.1427304713595984e-9,0.9999999990211673,0.9999999988572695,0.9999999991789231,0.017285120341105076,1.6919241472042116e-11,1.4192412753749577e-11,1.975223371489839e-11
TUR.59.4_1,2063,10,albopictus,17.76824625800638,45.58255546174045,0.1718269877327998,0.028317258403933388,0.02813961266360182,0.028488428152702874,0,0,0,1,1,1,0.016490929152094935,0,0,0
TUR.59.4_1,2063,11,albopictus,11.330357481451596,73.11657100398806,0.09966817554175042,2.9610973407820757e-6,2.7912860536492787e-6,3.1277982590056976e-6,0,0,0,1,1,1,0.009917313430794161,0,0,0
TUR.59.4_1,2063,12,albopictus,8.382178530973547,72.83224118388434,0.0819786392834149,0,0,0,0,0,0,1,1,1,0.007902030210098387,0,0,0
TUR.59.4_1,2064,1,albopictus,6.63514760399566,72.69058652137815,0.0744139897175756,0,0,0,0,0,0,1,1,1,0.00717548622624653,0,0,0
TUR.59.4_1,2064,2,albopictus,3.950380342848161,65.38009373447962,0.057651913278757384,0,0,0,0,0,0,1,1,1,0.005946241737409097,0,0,0
TUR.59.4_1,2064,3,albopictus,10.283811947878668,66.72408999653626,0.06833209871901404,0,0,0,0,0,0,1,1,1,0.006590967407958281,0,0,0
TUR.59.4_1,2064,4,albopictus,14.04247363875894,59.74298681197318,0.09035663249613612,0.0030422629448273206,0.0030066021373393414,0.003075363770584716,0,0,0,1,1,1,0.008994964317293186,0,0,0
TUR.59.4_1,2064,5,albopictus,20.228415629443,53.70795063367005,0.12629468042512554,0.07084079866507595,0.07051956254820638,0.07116002977273628,5.4869886412234335e-14,4.807265696626928e-14,6.228351168147128e-14,0.9999999999999452,0.9999999999999377,0.9999999999999519,0.01214767975976283,6.665418085903846e-16,5.839712420271709e-16,7.566001542199605e-16
TUR.59.4_1,2064,6,albopictus,22.614627922282498,54.473881283870305,0.14205257381150124,0.11715378734801268,0.11665884821834319,0.11763037144068492,7.620995170987133e-8,6.76974824531662e-8,8.510045477194694e-8,0.9999999237900483,0.9999999148995452,0.9999999323025175,0.014104838765616301,1.0749290812031393e-9,9.54862074840048e-10,1.2003281934389338e-9
TUR.59.4_1,2064,7,albopictus,25.498925713931815,48.50950679149232,0.16681720487048907,0.14319529526430064,0.14255490813704758,0.14383058827340112,1.762895015700039e-5,1.562618512008507e-5,1.97837425663816e-5,0.999982371049843,0.9999802162574336,0.9999843738148798,0.016013990945325074,2.8230984818979125e-7,2.5023758702301566e-7,3.1681667432267726e-7
TUR.59.4_1,2064,8,albopictus,28.116498834946576,45.34499898005324,0.1980849154868899,0.13694552628084405,0.13618775887412427,0.13774746585793626,5.370199066216941e-6,4.613308875714428e-6,6.26164079720326e-6,0.9999946298009338,0.9999937383592028,0.9999953866911243,0.01898694136451773,1.0196365478604892e-7,8.759262511959905e-8,1.1888940666217035e-7
TUR.59.4_1,2064,9,albopictus,22.65557300343233,49.709445120878605,0.15788324310749063,0.108823422751219,0.10833761352148708,0.1093225303420017,9.880002702411517e-9,8.70742959124815e-9,1.119902245660942e-8,0.9999999901199973,0.9999999888009776,0.9999999912925704,0.01566434206667744,1.547637419502715e-10,1.3639615563882034e-10,1.7542531857273224e-10
TUR.59.4_1,2064,10,albopictus,17.00633581946878,68.66362159333224,0.15558734692791185,0.027875252593974983,0.027731882679244625,0.028020043641909638,0,0,0,1,1,1,0.014944052593175772,0,0,0
TUR.59.4_1,2064,11,albopictus,11.897175718756284,69.5598693438318,0.09024837838512728,5.635063137063328e-5,5.451813627191872e-5,5.812304963143879e-5,0,0,0,1,1,1,0.008984236222311037,0,0,0
TUR.59.4_1,2064,12,albopictus,6.565002665800207,66.14741147197027,0.07423070822088364,0,0,0,0,0,0,1,1,1,0.007157876422058673,0,0,0
TUR.59.4_1,2065,1,albopictus,5.934632333762505,79.26282925819456,0.07738128775551584,0,0,0,0,0,0,1,1,1,0.007460542673451087,0,0,0
TUR.59.4_1,2065,2,albopictus,8.265904444105486,70.92027775547571,0.05788354499966174,0,0,0,0,0,0,1,1,1,0.006182616873687485,0,0,0
TUR.59.4_1,2065,3,albopictus,9.727245709475348,66.85238589497376,0.07105687806798879,0,0,0,0,0,0,1,1,1,0.006852883237311924,0,0,0
TUR.59.4_1,2065,4,albopictus,12.4233597166398,69.57383550582084,0.09395965202698311,2.7722976949408383e-4,2.712874996066267e-4,2.8318693256968483e-4,0,0,0,1,1,1,0.009351961049994362,0,0,0
TUR.59.4_1,2065,5,albopictus,15.807790896471808,70.23992542615052,0.13133074903064004,0.01480890382631139,0.014707446764058893,0.01491228948242968,0,0,0,1,1,1,0.012629003627671498,0,0,0
TUR.59.4_1,2065,6,albopictus,22.685968483195584,56.13045934783515,0.1477169969281087,0.1218058625609635,0.1212692916078253,0.12227905615133944,2.224898106845119e-7,1.967971478000763e-7,2.470862758591208e-7,0.9999997775101893,0.9999997529137241,0.9999998032028522,0.01466313336403191,3.26239776620521e-9,2.8856628238536172e-9,3.6230590153442663e-9
TUR.59.4_1,2065,7,albopictus,28.348081139957205,31.224381059070446,0.17346913102826586,0.09579230786945327,0.09502868404945404,0.09649512121263815,2.805121744886563e-10,2.2282171385779037e-10,3.4254394043475854e-10,0.9999999997194878,0.999999999657456,0.9999999997771782,0.016647213136253836,4.669745956026687e-12,3.709360561976001e-12,5.7024019849496636e-12
TUR.59.4_1,2065,8,albopictus,27.685275919297162,43.347165728100116,0.205983658496109,0.13261794080233216,0.1318052079376054,0.13340143442525018,2.2618279862950395e-6,1.909402592423226e-6,2.6437585753102955e-6,0.9999977381720137,0.9999973562414246,0.9999980905974076,0.019736535806591737,4.4640649039863336e-8,3.768499263456009e-8,5.21786357855956e-8
TUR.59.4_1,2065,9,albopictus,24.367298238417682,37.67494118411103,0.1641789227139,0.10725461864211272,0.10671267180703288,0.10782430110840299,6.6004801332342215e-9,5.717242601566141e-9,7.629559659050323e-9,0.9999999933995198,0.9999999923704403,0.9999999942827574,0.01628385322677761,1.0748124971584759e-10,9.309873938578324e-11,1.2423862967291888e-10
TUR.59.4_1,2065,10,albopictus,14.85874995063333,66.11870734772677,0.16179147643393235,0.007141615167973776,0.007083952121350303,0.007207859534097401,0,0,0,1,1,1,0.015535302308332666,0,0,0
TUR.59.4_1,2065,11,albopictus,11.544507910223569,71.58326869685915,0.0938470812248196,1.1647248814005832e-5,1.1175046022576479e-5,1.2181723610017672e-5,0,0,0,1,1,1,0.009340809182785126,0,0,0
TUR.59.4_1,2065,12,albopictus,8.178025470060462,79.43789303935309,0.07719069781013581,0,0,0,0,0,0,1,1,1,0.007442235920016027,0,0,0
TUR.59.4_1,2066,1,albopictus,8.125273736960747,65.74244351600706,0.07552789285606602,0,0,0,0,0,0,1,1,1,0.007282504039509696,0,0,0
TUR.59.4_1,2066,2,albopictus,7.312295931227068,62.93260685703821,0.056497149526334924,0,0,0,0,0,0,1,1,1,0.006034981917369953,0,0,0
TUR.59.4_1,2066,3,albopictus,8.28816356378443,69.32383670063783,0.0693549620208156,0,0,0,0,0,0,1,1,1,0.006689296893778507,0,0,0
TUR.59.4_1,2066,4,albopictus,11.131496275172514,77.26609624800834,0.0917091810814608,5.567964046071877e-7,5.134763268556421e-7,6.012875512369042e-7,0,0,0,1,1,1,0.009128993498946136,0,0,0
TUR.59.4_1,2066,5,albopictus,16.51774611192591,61.15180591931458,0.12818518571094767,0.019689888265298924,0.019559269438437932,0.01981798180055457,0,0,0,1,1,1,0.012328392908946828,0,0,0
TUR.59.4_1,2066,6,albopictus,24.36251457999734,36.70197347747382,0.14417895903019218,0.10521243527506177,0.1046447632233148,0.10580080763179288,3.863383413182931e-9,3.3132345200748148e-9,4.501194852957191e-9,0.9999999961366166,0.9999999954988051,0.9999999966867654,0.01431445576830448,5.530223098400825e-11,4.742714898763046e-11,6.443215462717551e-11
TUR.59.4_1,2066,7,albopictus,27.712398080264823,36.15559825267396,0.16931429189357003,0.11201163565567848,0.11126281754993206,0.11271291440237252,2.207258847475302e-8,1.8253969885639874e-8,2.6138872644132503e-8,0.9999999779274116,0.9999999738611274,0.9999999817460301,0.016251745961582964,3.5871810060625007e-10,2.9665888137180487e-10,4.248023179346118e-10
TUR.59.4_1,2066,8,albopictus,26.988675958970013,48.11005559016066,0.2010500489233026,0.148668419214286,0.14792004561153754,0.14942280506045755,4.729479467078823e-5,4.1362394570299e-5,5.385346260214363e-5,0.9999527052053292,0.9999461465373979,0.9999586376054297,0.01926840110505812,9.112950738981128e-7,7.969872092461992e-7,1.0376701183143505e-6
TUR.59.4_1,2066,9,albopictus,22.541048162123737,53.04314720828095,0.16024659764176505,0.11306599761438169,0.11260884841479216,0.11352906179705985,2.8549798441579454e-8,2.547830939558793e-8,3.1920871274016e-8,0.9999999714502016,0.9999999680791287,0.9999999745216906,0.01589694799312369,4.538546610399523e-10,4.0502735941437595e-10,5.074444305382282e-10
TUR.59.4_1,2066,10,albopictus,16.602841938243195,61.679986644601776,0.15791633418837406,0.020737209070652927,0.02060750230913529,0.020869340229859194,0,0,0,1,1,1,0.015166045260943006,0,0,0
TUR.59.4_1,2066,11,albopictus,12.445908476324643,73.21287685115603,0.09159930651448037,3.151984112470447e-4,3.0887462659878436e-4,3.2194614693650234e-4,0,0,0,1,1,1,0.009118106286857608,0,0,0
TUR.59.4_1,2066,12,albopictus,7.5515978196088005,73.4141656223609,0.07534186781833875,0,0,0,0,0,0,1,1,1,0.007264632558357631,0,0,0
TUR.59.4_1,2067,1,albopictus,8.774478944785454,76.27242703651487,0.0783338704854104,0,0,0,0,0,0,1,1,1,0.007552036128377848,0,0,0
TUR.59.4_1,2067,2,albopictus,6.5467105087111985,72.58061711094446,0.05859610570924779,0,0,0,0,0,0,1,1,1,0.006258487750980923,0,0,0
TUR.59.4_1,2067,3,albopictus,10.37368430810816,68.54175509663392,0.07193160575540654,0,0,0,0,0,0,1,1,1,0.006936950641713513,0,0,0
TUR.59.4_1,2067,4,albopictus,11.601732099757475,58.19001592574271,0.09511631850829826,1.0531452398809975e-5,1.003543200799675e-5,1.1027680140792929e-5,0,0,0,1,1,1,0.009466539361565496,0,0,0
TUR.59.4_1,2067,5,albopictus,15.818664691027472,65.58605579724427,0.1329474629295605,0.013996482796417138,0.013901751217006588,0.014094209580221822,0,0,0,1,1,1,0.012783471841656957,0,0,0
TUR.59.4_1,2067,6,albopictus,23.59836586783914,39.88733724700507,0.14953542957852137,0.1037760736961085,0.10321897794730005,0.10428244736548123,2.6324179240866384e-9,2.2590061599103707e-9,3.0075783308269877e-09,0.999999997367582,0.9999999969924217,0.9999999977409938,0.014842293946960128,3.907112062054046e-11,3.3528833453383333e-11,4.463936165464184e-11
TUR.59.4_1,2067,7,albopictus,27.43747475567986,31.779060929675914,0.1756045787983964,0.10203477946781982,0.10128575681551781,0.10273298347292359,1.6439707797299973e-9,1.3316279023900536e-9,1.9799438172318775e-9,0.9999999983560293,0.9999999980200562,0.9999999986683721,0.016850408125190453,2.7701578584338032e-11,2.2438473626163677e-11,3.3362861385304625e-11
TUR.59.4_1,2067,8,albopictus,28.814971811631146,34.54526295710402,0.2085193681155177,0.10041140985358873,0.09967544832462218,0.10113148343657326,1.0504507621522664e-9,8.50286094311592e-10,1.2760364986874606e-9,0.9999999989495493,0.9999999987239635,0.9999999991497139,0.019977054375038383,2.0984911993816337e-11,1.6986211540401687e-11,2.5491450518812996e-11
TUR.59.4_1,2067,9,albopictus,24.70761501087862,39.1555014868454,0.16620000572926777,0.1132855720468676,0.11269332941655431,0.11386817915190614,3.0153936991128564e-8,2.601331290652542e-8,3.4668310872065784e-8,0.999999969846063,0.9999999653316891,0.9999999739866872,0.01648265033644647,4.970167996920108e-10,4.287683407308285e-10,5.714256458594859e-10
TUR.59.4_1,2067,10,albopictus,18.673090542063996,49.391500163888885,0.16378316939699142,0.04191259368995737,0.041682154837263466,0.04212669608028329,0,0,0,1,1,1,0.015725034159388085,0,0,0
TUR.59.4_1,2067,11,albopictus,12.435734678717221,68.29703670223024,0.09500236193180686,2.780344228021023e-4,2.717965085538025e-4,2.8380607742275874e-4,0,0,0,1,1,1,0.009455251517041963,0,0,0
TUR.59.4_1,2067,12,albopictus,8.20782683877384,74.31148923075934,0.0781409343308146,0,0,0,0,0,0,1,1,1,0.007533505720502931,0,0,0
TUR.59.4_1,2068,1,albopictus,5.292027267463067,74.59988064979612,0.07516658468740847,0,0,0,0,0,0,1,1,1,0.0072477927610106185,0,0,0
TUR.59.4_1,2068,2,albopictus,7.328121202833513,78.65868870518274,0.05823498294212992,0,0,0,0,0,0,1,1,1,0.006006198817800623,0,0,0
TUR.59.4_1,2068,3,albopictus,9.077577492770025,69.54604281636048,0.06902318374172593,0,0,0,0,0,0,1,1,1,0.006657403583481325,0,0,0
TUR.59.4_1,2068,4,albopictus,11.894887769923491,69.46336950240287,0.09127046533006586,5.57099198100616e-5,5.408003071222702e-5,5.7442668954765954e-5,0,0,0,1,1,1,0.009085521473544689,0,0,0
TUR.59.4_1,2068,5,albopictus,16.330233714159796,75.14844898572083,0.12757197709427792,0.021477555760344953,0.021360905328170556,0.021600943939130486,0,0,0,1,1,1,0.01226978000145973,0,0,0
TUR.59.4_1,2068,6,albopictus,23.11343582938699,47.75569585906562,0.1434892398592175,0.11243482255058532,0.11195565262250814,0.1128788429399618,2.4450916630947005e-8,2.168384905520959e-8,2.7226244783684624e-8,0.9999999755490834,0.9999999727737552,0.999999978316151,0.014246468802094792,3.483392209654072e-10,3.0891827907437605e-10,3.8787784690895907e-10
TUR.59.4_1,2068,7,albopictus,27.316194085513846,37.90029200877748,0.16850433103780782,0.1180673770409688,0.11732758034500848,0.11877746587651021,9.459224340624405e-8,7.926183989981351e-8,1.1118967769840892e-7,0.9999999054077566,0.9999998888103223,0.99999992073816,0.01617463349645465,1.5299948687034266e-9,1.2820312106341491e-9,1.7984522853606812e-9
TUR.59.4_1,2068,8,albopictus,27.24827755198759,41.03888859797316,0.20008827146284278,0.12697451197323031,0.1262376323255747,0.12765683352544696,6.94405331100989e-7,5.907609692323844e-7,8.012651078803667e-7,0.9999993055946689,0.9999991987348922,0.9999994092390307,0.01917711502979924,1.3316690911829495e-8,1.1329091062085127e-8,1.5365953143186292e-8
TUR.59.4_1,2068,9,albopictus,24.91542636646944,38.80774224001923,0.1594800145618175,0.11412538476244391,0.11354155932521891,0.11478600732964775,3.699975583548731e-8,3.201830426347029e-8,4.329030190708405e-8,0.9999999630002442,0.9999999567096981,0.9999999679816958,0.015821505426651616,5.853918377359473e-10,5.065777746566779e-10,6.849177465443171e-10
TUR.59.4_1,2068,10,albopictus,15.737095440135283,52.45166938385959,0.1571608985559323,0.011062807603798113,0.01098212312879172,0.011153407355175723,0,0,0,1,1,1,0.015094044694135222,0,0,0
TUR.59.4_1,2068,11,albopictus,11.818872381659116,71.81735377986696,0.09116111637788912,4.388352565831206e-5,4.248658439628257e-5,4.535346694366555e-5,0,0,0,1,1,1,0.009074685868309396,0,0,0
TUR.59.4_1,2068,12,albopictus,8.64513848809635,75.13090909159918,0.07498144955092381,0,0,0,0,0,0,1,1,1,0.007230006151800139,0,0,0
TUR.59.4_1,2069,1,albopictus,7.830763849265435,79.70058865760862,0.07955972477999533,0,0,0,0,0,0,1,1,1,0.0076697642998402316,0,0,0
TUR.59.4_1,2069,2,albopictus,5.731287973768572,69.43217961094446,0.059513081819128795,0,0,0,0,0,0,1,1,1,0.006356115515005922,0,0,0
TUR.59.4_1,2069,3,albopictus,12.071367642458746,58.52553881855775,0.07305727039172855,7.92293641977815e-5,7.695993742334496e-5,8.142785249349655e-5,0,0,0,1,1,1,0.007045124358313393,0,0,0
TUR.59.4_1,2069,4,albopictus,12.741328085170073,69.15381444869193,0.09660480295067267,5.500533818928118e-4,5.402485310247128e-4,5.597515896366752e-4,0,0,0,1,1,1,0.009613967753630992,0,0,0
TUR.59.4_1,2069,5,albopictus,15.594365260180304,59.07985691418763,0.1350279705998246,0.011074321494149744,0.010990886478812429,0.011160989969754415,0,0,0,1,1,1,0.01298221746806405,0,0,0
TUR.59.4_1,2069,6,albopictus,25.191978538737576,38.83055166350898,0.1518755239387965,0.11609594177875399,0.11551608173442529,0.11665687202621462,5.9377068784005614e-8,5.158283906403494e-8,6.766583720285713e-8,0.9999999406229312,0.9999999323341628,0.9999999484171609,0.015072803174432714,8.949788708560695e-10,7.774979803906376e-10,1.0199138457918721e-9
TUR.59.4_1,2069,7,albopictus,27.746924905215995,37.614307969470836,0.17835263178920174,0.11577834961387976,0.11505135934834505,0.1165540899251444,5.512878160029988e-8,4.614423859128358e-8,6.60394187168567e-8,0.9999999448712183,0.9999999339605813,0.9999999538557613,0.017111832766099067,9.433544913431308e-10,7.896124938930194e-10,1.1300554890532445e-9
TUR.59.4_1,2069,8,albopictus,27.360860712387982,46.37081685114699,0.21178250781900204,0.14291100187439018,0.1421519102923234,0.14371119563463766,1.6738300978325516e-5,1.4495490987562198e-5,1.93540156822658e-5,0.9999832616990216,0.9999806459843177,0.9999855045090124,0.020286484720238418,3.395612870395523e-7,2.9406255643153426e-7,3.926249434135399e-7
TUR.59.4_1,2069,9,albopictus,24.509500615737018,49.62524712283173,0.16880088564903642,0.1361143352627149,0.13552436849028854,0.13673063250659512,4.555214509819771e-6,4.045794865031871e-6,5.133426321024536e-6,0.9999954447854902,0.999994866573679,0.9999959542051349,0.016738418126487575,7.624708512120648e-8,6.772020610489982e-8,8.592543618282553e-8
TUR.59.4_1,2069,10,albopictus,18.29053934882669,49.213121105050995,0.16634622801189067,0.03650402728891085,0.03630996687290981,0.0366935359549696,0,0,0,1,1,1,0.015969141409752585,0,0,0
TUR.59.4_1,2069,11,albopictus,12.765146185370053,66.10577541072634,0.09648906305672456,5.43480470318579e-4,5.334930640773861e-4,5.538584075745286e-4,0,0,0,1,1,1,0.009602504969862036,0,0,0
TUR.59.4_1,2069,12,albopictus,8.8362715104047,71.9040108982398,0.07936376934890743,0,0,0,0,0,0,1,1,1,0.007650946137626735,0,0,0
TUR.59.4_1,2070,1,albopictus,7.72418454552398,75.6564678690344,0.07436488618001055,0,0,0,0,0,0,1,1,1,0.007170768357378177,0,0,0
TUR.59.4_1,2070,2,albopictus,4.833678263075212,66.58737675449915,0.055627185337045956,0,0,0,0,0,0,1,1,1,0.005942329673879421,0,0,0
TUR.59.4_1,2070,3,albopictus,9.826594731386969,72.9324487611847,0.06828700843707805,0,0,0,0,0,0,1,1,1,0.006586632583014396,0,0,0
TUR.59.4_1,2070,4,albopictus,13.367388571009917,61.40891088423881,0.09029700889155767,0.001358897685168722,0.001339680307556004,0.0013783173484598662,0,0,0,1,1,1,0.008989055570439941,0,0,0
TUR.59.4_1,2070,5,albopictus,14.737033030566046,72.92768482556458,0.12621134239140286,0.007117462640143787,0.0070580148594287405,0.007175943049712353,0,0,0,1,1,1,0.01213971272731551,0,0,0
TUR.59.4_1,2070,6,albopictus,23.62888535331277,41.43103078948554,0.14195883762129238,0.1070966275528649,0.10655913122650838,0.10761142960248099,6.3332288638973114e-9,5.492454360767063e-9,7.221245904021067e-9,0.9999999936667712,0.9999999927787541,0.9999999945075456,0.01409559731666754,8.927064377979236e-11,7.741942494954714e-11,1.0178777438771581e-10
TUR.59.4_1,2070,7,albopictus,27.42152932110955,40.11923274364076,0.16670712725044823,0.1239628057295667,0.12324554716184219,0.12470342366823411,3.6055260826384215e-7,3.065983645411663e-7,4.2300803002603967e-07,0.9999996394473918,0.9999995769919701,0.9999996934016355,0.016003508808394074,5.770106842239856e-9,4.906649627573772e-9,6.769612734543151e-9
TUR.59.4_1,2070,8,albopictus,28.50866687999052,41.916955614574725,0.19795420525181717,0.12363272862043068,0.12284118965192493,0.12442286538056431,3.353510353955036e-7,2.8019620214592146e-7,3.9773758780115017e-07,0.9999996646489646,0.9999996022624122,0.9999997198037979,0.018974532081435957,6.363128979654749e-9,5.316591826714301e-9,7.546884619725875e-9
TUR.59.4_1,2070,9,albopictus,22.919910543105182,41.56648171145478,0.1577790607381775,0.09829149184688941,0.09783046865405212,0.09876483857363631,5.76033422849953e-10,5.0369935444827265e-10,6.575062799774044e-10,0.9999999994239666,0.9999999993424937,0.9999999994963006,0.015654086971153225,9.017277299584247e-12,7.884953501846995e-12,1.0292660490845712e-11
TUR.59.4_1,2070,10,albopictus,17.040031040416046,59.81274573884006,0.1554846795509372,0.02511851252480981,0.024971037865721225,0.025262653482771093,0,0,0,1,1,1,0.014934265469365937,0,0,0
TUR.59.4_1,2070,11,albopictus,10.903052259893979,56.934068257406025,0.0901888262141573,6.340042927742508e-9,5.302881527943587e-9,7.48182743336574e-9,0,0,0,1,1,1,0.008978334490718165,0,0,0
TUR.59.4_1,2070,12,albopictus,5.602208838743322,71.97388089335699,0.07418172562522606,0,0,0,0,0,0,1,1,1,0.007153170089843619,0,0,0
TUR.59.4_1,2071,1,albopictus,5.921708616263726,72.17459531044065,0.07891589784662825,0,0,0,0,0,0,1,1,1,0.007607934412465545,0,0,0
TUR.59.4_1,2071,2,albopictus,6.533301847822527,75.57251469395227,0.05903147978909678,0,0,0,0,0,0,1,1,1,0.006304841951593421,0,0,0
TUR.59.4_1,2071,3,albopictus,11.768631360110113,59.163421051223764,0.07246606374179927,2.491767577863086e-5,2.4011441357858187e-5,2.585390285484434e-5,0,0,0,1,1,1,0.006988312262902752,0,0,0
TUR.59.4_1,2071,4,albopictus,14.306585157618803,58.70932210860404,0.0958230408945035,0.003924075860417758,0.003881508431374158,0.003966420021126962,0,0,0,1,1,1,0.009536540105073543,0,0,0
TUR.59.4_1,2071,5,albopictus,17.387148043688605,60.025165599490364,0.13393527395625954,0.02952399742808818,0.029361345428258794,0.02968492927102862,0,0,0,1,1,1,0.012877839915456879,0,0,0
TUR.59.4_1,2071,6,albopictus,21.58431443046121,52.25136236297187,0.1506464906169565,0.09407446526038885,0.09369817252627158,0.09449574349989606,1.6809088432268027e-10,1.4991445307366292e-10,1.9025026276597858e-10,0.9999999998319091,0.9999999998097497,0.9999999998500855,0.014951744900904007,2.51325202256008e-12,2.241482659315952e-12,2.8445733962068674e-12
TUR.59.4_1,2071,7,albopictus,27.404464272891776,36.71676310863099,0.1769093358464327,0.114643880187079,0.11387578787283782,0.11541722355878137,4.2005828819968726e-8,3.47324854987896e-8,5.037676373831345e-8,0.9999999579941712,0.9999999496232362,0.9999999652675146,0.016974539451992676,7.130295985182101e-10,5.895679453649675e-10,8.551223635397157e-10
TUR.59.4_1,2071,8,albopictus,27.72302234874052,42.54367604304152,0.21006868486490127,0.13006125959219464,0.12931521645919128,0.13078459659325153,1.3351484407810864e-6,1.1383249894691973e-6,1.5468403070734159e-6,0.9999986648515592,0.9999984531596929,0.9999988616750105,0.020123982001768348,2.6868503191967657e-8,2.2907631600241266e-8,3.112858649915525e-8
TUR.59.4_1,2071,9,albopictus,24.903549306532916,49.35860359866181,0.16743488599459327,0.13993549560393578,0.13928311910975447,0.14055592378721415,9.55902274416287e-6,8.423140505489646e-6,1.0736068622899108e-5,0.9999904409772559,0.9999892639313771,0.9999915768594945,0.016604095454353596,1.5871892609441736e-7,1.3985862897858228e-7,1.7826270821910735e-7
TUR.59.4_1,2071,10,albopictus,20.2919755823472,42.75594871125217,0.16500009236154456,0.060894056661322186,0.06059296026954044,0.061218747661385374,7.33746396974766e-16,6.661338147750939e-16,8.881784197001252e-16,0.9999999999999992,0.9999999999999991,0.9999999999999993,0.015840942186718276,1.1623234254190106e-17,1.0552187248470364e-17,1.4069582997960485e-17
TUR.59.4_1,2071,11,albopictus,11.709545065374936,68.79482417781618,0.095708237610896807,2.504446081078053e-5,2.4142673945205023e-5,2.5998872546501432e-5,0,0,0,1,1,1,0.009525169194053884,0,0,0
TUR.59.4_1,2071,12,albopictus,8.37170098809635,64.74824155009527,0.07872152815989307,0,0,0,0,0,0,1,1,1,0.007589267372234532,0,0,0
TUR.59.4_1,2072,1,albopictus,5.443079504020074,69.6068081400305,0.07964973213311577,0,0,0,0,0,0,1,1,1,0.007678407844576851,0,0,0
TUR.59.4_1,2072,2,albopictus,8.453375833875993,69.75436131260462,0.06170828183037318,0,0,0,0,0,0,1,1,1,0.006363283376083162,0,0,0
TUR.59.4_1,2072,3,albopictus,9.24829425531275,66.3478769228058,0.07313992140079562,0,0,0,0,0,0,1,1,1,0.0070530664609795846,0,0,0
TUR.59.4_1,2072,4,albopictus,11.717470968470854,72.50766576705131,0.09671409370848207,2.8823989593094378e-5,2.788293862974841e-5,2.98280709971413e-5,0,0,0,1,1,1,0.00962479169848185,0,0,0
TUR.59.4_1,2072,5,albopictus,17.946242472704718,57.405578654910286,0.13518073018093837,0.03596035966349519,0.0357773793977008,0.03615807876364486,0,0,0,1,1,1,0.012996808626954959,0,0,0
TUR.59.4_1,2072,6,albopictus,26.75600823234109,28.383629361262884,0.1520473434611907,0.09591473999284751,0.09526416105850313,0.09658345941013495,2.9055306116632097e-10,2.3886494726621524e-10,3.514552593397724e-10,0.999999999709447,0.9999999996485448,0.9999999997611351,0.01508972600110381,4.384366081781739e-12,3.604406605515298e-12,5.303363565084046e-12
TUR.59.4_1,2072,7,albopictus,27.17270234051873,32.613724320789196,0.17855440534175995,0.10487094406762268,0.10418678901366545,0.10556776788298608,3.5336315619138857e-9,2.9315177424438233e-9,4.232815800642164e-9,0.9999999964663684,0.9999999957671842,0.9999999970684823,0.0171310249178116,6.05347303375123e-11,5.0219903492811944e-11,7.251247295330758e-11
TUR.59.4_1,2072,8,albopictus,27.79753864512724,39.236631060131366,0.2120221011939001,0.1200878088895426,0.11935366398925051,0.12083026490014523,1.508946549751977e-7,1.2703452684781346e-7,1.781375771003901e-7,0.999999849105345,0.9999998218624229,0.9999998729654732,0.020309200540845063,3.0645498084329145e-9,2.57996968136361e-9,3.6178317771920723e-9
TUR.59.4_1,2072,9,albopictus,25.864555471083698,29.913512351103215,0.16899185313872636,0.09898879705846095,0.09835402581495277,0.09958241604518092,7.032380852090014e-10,5.850087941849936e-10,8.283369268280438e-10,0.9999999992967619,0.9999999991716632,0.9999999994149912,0.016757195046797846,1.178429775818388e-11,9.803106468249954e-12,1.3880603447322645e-11
TUR.59.4_1,2072,10,albopictus,20.234030330882355,48.747022319650604,0.16653441850307604,0.06580417317537961,0.06549080575250965,0.06611045464888778,6.71784849970436e-15,5.88418203051333e-15,7.66053886991358e-15,0.9999999999999932,0.9999999999999923,0.9999999999999941,0.015987062399849483,1.0739866315750883e-16,9.407078529388964e-17,1.2246951292978085e-16
TUR.59.4_1,2072,11,albopictus,13.081965376349057,66.07901149471071,0.09659822287590222,9.549080708162057e-4,9.398020723706699e-4,9.705249977151188e-4,0,0,0,1,1,1,0.00961331607200222,0,0,0
TUR.59.4_1,2072,12,albopictus,4.948938117307775,66.0796700779273,0.07945355501411065,0,0,0,0,0,0,1,1,1,0.007659568556932839,0,0,0
TUR.59.4_1,2073,1,albopictus,6.727152379996636,68.53049893592893,0.07525593105461015,0,0,0,0,0,0,1,1,1,0.007256376479054305,0,0,0
TUR.59.4_1,2073,2,albopictus,6.512482183821062,79.58353916904993,0.05629371386857619,0,0,0,0,0,0,1,1,1,0.006013316546192526,0,0,0
TUR.59.4_1,2073,3,albopictus,8.807473561343024,65.69190921040345,0.06910522778756975,0,0,0,0,0,0,1,1,1,0.006665290440447502,0,0,0
TUR.59.4_1,2073,4,albopictus,12.148861730799956,63.46054662642631,0.09137895349064891,1.1434981653480231e-4,1.1117959233440352e-4,1.1753235422553039e-4,0,0,0,1,1,1,0.009096271664138289,0,0,0
TUR.59.4_1,2073,5,albopictus,19.598096034106085,54.8610878407013,0.12772361485668934,0.0606921444150517,0.060423457836790206,0.06096143710985562,6.701306176637444e-16,5.551115123125783e-16,7.771561172376096e-16,0.9999999999999993,0.9999999999999992,0.9999999999999994,0.012284274462892264,8.232068433368956e-18,6.81914217475891e-18,9.546799044662474e-18
TUR.59.4_1,2073,6,albopictus,24.371101463542264,39.177799740901555,0.14365979759264738,0.11040919038473104,0.10988478581666641,0.1109450916601467,1.4774773671399898e-8,1.2914799935037635e-8,1.686136552880857e-8,0.9999999852252264,0.9999999831386345,0.9999999870852001,0.014263281447518206,2.1073675519855861e-10,1.8420742631183164e-10,2.4049840212687823e-10
TUR.59.4_1,2073,7,albopictus,27.23234131756951,39.660782426257946,0.16870462282834991,0.12310407929078752,0.12238116896211981,0.12381175823964896,2.9806268236387545e-7,2.528079455971222e-7,3.476027200854936e-7,0.9999997019373177,0.9999996523972798,0.9999997471920544,0.016193702873988025,4.82673851602447e-9,4.093896755183125e-9,5.628975167254513e-9
TUR.59.4_1,2073,8,albopictus,27.727535135605756,43.95694508601027,0.20032610533874937,0.13432584399328001,0.1336233517309406,0.1351559168608261,3.19510506051901e-6,2.7650713772586765e-6,3.7600248477959175e-6,0.9999968048949395,0.9999962399751522,0.9999972349286228,0.019199689567586886,6.13450252977909e-8,5.308851207558652e-8,7.219130984409475e-8
TUR.59.4_1,2073,9,albopictus,24.957019918105182,38.69354546267548,0.15966957964584555,0.1141839937633346,0.11359682724471376,0.11483575729155486,3.75324475074823e-8,3.2452614603939443e-8,4.381214051829563e-8,0.9999999624675525,0.9999999561878594,0.9999999675473854,0.015840161837723077,5.945200426843658e-10,5.140546673836562e-10,6.939913962668673e-10
TUR.59.4_1,2073,10,albopictus,15.23436030219583,64.62574164948458,0.15734770703486636,0.009324465083410328,0.009248326782403773,0.00939820349132551,0,0,0,1,1,1,0.015111849899327234,0,0,0
TUR.59.4_1,2073,11,albopictus,10.383621145697202,70.13980251033571,0.09126947456141289,0,0,0,0,0,0,1,1,1,0.00908542329683959,0,0,0
TUR.59.4_1,2073,12,albopictus,6.517433867735021,77.30116665995855,0.07507057585821515,0,0,0,0,0,0,1,1,1,0.0072385688816670735,0,0,0
TUR.59.4_1,2074,1,albopictus,4.658285411841729,69.06052823280393,0.07809888157614664,0,0,0,0,0,0,1,1,1,0.007529466749381264,0,0,0
TUR.59.4_1,2074,2,albopictus,8.03994561994777,75.81288639805383,0.05842032689374441,0,0,0,0,0,0,1,1,1,0.006239771999104082,0,0,0
TUR.59.4_1,2074,3,albopictus,9.002924344118902,73.22936953755189,0.07171582260217653,0,0,0,0,0,0,1,1,1,0.0069162130436278835,0,0,0
TUR.59.4_1,2074,4,albopictus,14.696542585597319,51.266988887168495,0.09483098497631592,0.0050146005665163956,0.0049602264240435935,0.005067157117930586,0,0,0,1,1,1,0.009438275717251976,0,0,0
TUR.59.4_1,2074,5,albopictus,17.16823973375208,68.3513222157013,0.13254864209880607,0.029953246188259383,0.029810754693435346,0.030113961521338488,0,0,0,1,1,1,0.012745368927402412,0,0,0
TUR.59.4_1,2074,6,albopictus,24.3767071611741,43.98939947234687,0.14908684753763407,0.12103506942713804,0.12045447608481488,0.12155693942281061,1.8699856614123878e-7,1.6352393579222023e-7,2.100234312241156e-7,0.9999998130014338,0.9999997899765688,0.9999998364760643,0.01479810055031161,2.7672235845221477e-9,2.419843644235975e-9,3.107947853175918e-9
TUR.59.4_1,2074,7,albopictus,28.675553826724784,34.82039317454896,0.17507779353708033,0.10232390735673498,0.1016043033136527,0.10304434872013492,1.7801094841507492e-9,1.4538754006254705e-9,2.1546386508308755e-9,0.9999999982198905,0.9999999978453613,0.9999999985461246,0.016800286649430674,2.990634960110276e-11,2.4425523483063765e-11,3.619854695990127e-11
TUR.59.4_1,2074,8,albopictus,27.377971536972943,46.5933281426509,0.20789384382353268,0.14359459037308345,0.14279824365761057,0.1444145584308437,1.8993592900604985e-5,1.6348967631776846e-5,2.2019343368978592e-5,0.9999810064070994,0.999977980656631,0.9999836510323683,0.019917727273656816,3.7830920334111433e-7,3.256342784955742e-7,4.385752759683193e-7
TUR.59.4_1,2074,9,albopictus,24.79121219410616,45.9677573462204,0.1657014326621649,0.13002700733939382,0.1294053897965071,0.13061281388950055,1.3239729144443047e-6,1.1600886873519567e-6,1.4926859209535292e-6,0.9999986760270856,0.999998507314079,0.9999988399113127,0.016433613587879425,2.1757659276796248e-8,1.906444921561232e-8,2.453022363301823e-8
TUR.59.4_1,2074,10,albopictus,19.176781261668488,55.93103950104709,0.16329184644698438,0.054305085038362566,0.05404764502171513,0.05454639424125011,0,0,0,1,1,1,0.015678233348720427,0,0,0
TUR.59.4_1,2074,11,albopictus,12.44353954932269,68.32769923885134,0.09471737025107542,2.834674212868675e-4,2.771263662049399e-4,2.896820194476071e-4,0,0,0,1,1,1,0.009427021413505599,0,0,0
TUR.59.4_1,2074,12,albopictus,8.057267413419837,74.73324216044684,0.07790652419872916,0,0,0,0,0,0,1,1,1,0.007510991510104592,0,0,0
TUR.59.4_1,2075,1,albopictus,5.711345228202203,65.594723179093,0.07564197189145959,0,0,0,0,0,0,1,1,1,0.007293463487500151,0,0,0
TUR.59.4_1,2075,2,albopictus,4.9861893829177415,77.03385655186243,0.05658248409713691,0,0,0,0,0,0,1,1,1,0.006044069687776266,0,0,0
TUR.59.4_1,2075,3,albopictus,10.11151160913355,71.75726260395814,0.06945971732204147,0,0,0,0,0,0,1,1,1,0.00669936663905113,0,0,0
TUR.59.4_1,2075,4,albopictus,13.504860723719878,62.722440852500526,0.09184770070009288,0.001679813990100055,0.0016565622954864364,0.0017023913301268366,0,0,0,1,1,1,0.009142718911277381,0,0,0
TUR.59.4_1,2075,5,albopictus,16.010866305407355,60.56378559460755,0.12837879951089198,0.01468741830015692,0.014581579075382064,0.014784176524036794,0,0,0,1,1,1,0.01234689856005644,0,0,0
TUR.59.4_1,2075,6,albopictus,25.04063423942117,32.24996618377265,0.1443967301866252,0.10086164190523125,0.1002919966836495,0.10144750813443602,1.1877876159305245e-9,1.0105369818713684e-9,1.3924123742903306e-9,0.9999999988122124,0.9999999986075876,0.999999998989463,0.01433592092266367,1.7028029334899207e-11,1.4486978261535145e-11,1.9961513689564544e-11
TUR.59.4_1,2075,7,albopictus,29.24465706769158,30.374649613757946,0.16957002802451668,0.0860733814680934,0.08534011356619009,0.08680126728481576,1.3806580989594864e-11,1.0763559488147224e-11,1.7385959338866995e-11,0.9999999999861934,0.999999999982614,0.9999999999892365,0.016276092109248075,2.2471718390043942e-13,1.7518868565245525e-13,2.8297547560704095e-13
TUR.59.4_1,2075,8,albopictus,26.37014377818388,40.54054799128371,0.20135371945851413,0.1254331976733429,0.12478315436573988,0.1261144032666281,4.975433485885361e-7,4.304655584458361e-7,5.752231441946698e-7,0.9999995024566514,0.9999994247768559,0.9999995695344416,0.019297221903138873,9.601204404143758e-9,8.306789402987894e-9,1.1100208657345792e-8
TUR.59.4_1,2075,9,albopictus,21.935009114882526,57.636263968534855,0.16048863772249272,0.10968776152050752,0.1092311413796002,0.11013803977612645,1.2306287030749984e-8,1.0941697212163425e-8,1.3767622988880569e-8,0.999999987693713,0.999999986232377,0.9999999890583028,0.015920766943080755,1.9592552775122778e-10,1.742002112766103e-10,2.191911169661684e-10
TUR.59.4_1,2075,10,albopictus,17.85279520820169,46.38834540925021,0.15815485458654574,0.02963695659142985,0.029463375947805376,0.02981033464440883,0,0,0,1,1,1,0.01518877754571235,0,0,0
TUR.59.4_1,2075,11,albopictus,11.04622166297015,74.80755763728884,0.09173766017608463,1.7708070157479327e-7,1.6155567428561713e-7,1.942389498682826e-7,0,0,0,1,1,1,0.009131815405843291,0,0,0
TUR.59.4_1,2075,12,albopictus,7.3599216797772575,71.63906491435309,0.0754556658773134,0,0,0,0,0,0,1,1,1,0.007275565210212331,0,0,0
TUR.81.6_1,2025,1,aegypti,5.779921812169691,80.47095238336914,1.3172110912425776e-4,0,0,0,0,0,0,1,1,1,1.2747122863587812e-5,0,0,0
TUR.81.6_1,2025,2,aegypti,4.760240375119098,77.69281993082922,9.853137584746186e-5,0,0,0,0,0,0,1,1,1,1.0556877402256859e-5,0,0,0
TUR.81.6_1,2025,3,aegypti,4.094910288558287,81.18496996974257,1.209554798260056e-4,0,0,0,0,0,0,1,1,1,1.1705300507869332e-5,0,0,0
TUR.81.6_1,2025,4,aegypti,8.359876674764298,78.46498834996325,1.599413751943062e-4,0,0,0,0,0,0,1,1,1,1.599400961393993e-5,0,0,0
TUR.81.6_1,2025,5,aegypti,13.871016586528105,77.55293363615462,2.2355575134768102e-4,0,0,0,0,0,0,1,1,1,2.1634193527186873e-5,0,0,0
TUR.81.6_1,2025,6,aegypti,18.970891980563895,80.33396819250854,2.514489902694609e-4,0.02565896949044708,0.02548934218453083,0.025826124530893748,0,0,0,1,1,1,2.5144582896596823e-5,0,0,0
TUR.81.6_1,2025,7,aegypti,22.26643960616168,72.40091830762508,2.952851651946776e-4,0.10047407804178,0.09999374611761391,0.1009727665640402,1.0657852270723468e-9,9.296931252622542e-10,1.2211758382285609e-9,0.9999999989342148,0.9999999987788242,0.9999999990703069,2.8575575439004908e-5,3.045542615798282e-14,2.6566516036055787e-14,3.489580228959029e-14
TUR.81.6_1,2025,8,aegypti,21.506611487444708,84.8764401841341,3.5063252041377135e-4,0.09511267161207958,0.09467248924962243,0.09554722095306321,2.2887666717430478e-10,2.0050818783090565e-10,2.596233783513924e-10,0.9999999997711233,0.9999999997403767,0.9999999997994918,3.3931603705017466e-5,7.76615236788369e-15,6.803564369089496e-15,8.809437586777257e-15
TUR.81.6_1,2025,9,aegypti,17.44926379708683,83.55658835195622,2.7947105071483115e-4,0.008039985701790441,0.007975417904542084,0.008104246263585302,0,0,0,1,1,1,2.794671455474962e-5,0,0,0
TUR.81.6_1,2025,10,aegypti,15.611001968383789,79.31659173352973,2.7540705693683266e-4,4.160943827685162e-4,4.109715935536665e-4,4.212833454200978e-4,0,0,0,1,1,1,2.6651940663313667e-5,0,0,0
TUR.81.6_1,2025,11,aegypti,9.46683285516851,80.64316960458311,1.5974975327451036e-4,0,0,0,0,0,0,1,1,1,1.597484772819513e-5,0,0,0
TUR.81.6_1,2025,12,aegypti,7.745657286223243,74.09463078580839,1.3139668031567157e-4,0,0,0,0,0,0,1,1,1,1.2715726926959547e-5,0,0,0
TUR.81.6_1,2026,1,aegypti,1.0630886975456684,83.3131078399121,1.4990742118232877e-4,0,0,0,0,0,0,1,1,1,1.4507064563407113e-5,0,0,0
TUR.81.6_1,2026,2,aegypti,2.372895299511798,82.21414408854406,1.1213528763188686e-4,0,0,0,0,0,0,1,1,1,1.201442292964039e-5,0,0,0
TUR.81.6_1,2026,3,aegypti,7.881332064376158,71.57740313624647,1.3765541589452407e-4,0,0,0,0,0,0,1,1,1,1.3321403130039933e-5,0,0,0
TUR.81.6_1,2026,4,aegypti,13.12348942195668,74.2710567703734,1.8202396908999484e-4,0,0,0,0,0,0,1,1,1,1.8202231246378098e-5,0,0,0
TUR.81.6_1,2026,5,aegypti,16.610295379863068,73.32482999845931,2.544213786067877e-4,0.002539971729275298,0.002513570442688926,0.0025647168434252718,0,0,0,1,1,1,2.462112063139621e-5,0,0,0
TUR.81.6_1,2026,6,aegypti,19.438379315768973,69.35413268225463,2.861657477742391e-4,0.028663363712550162,0.028488173897723477,0.02885686325267007,0,0,0,1,1,1,2.861616532712219e-5,0,0,0
TUR.81.6_1,2026,7,aegypti,23.933660675497617,64.38329059156062,3.360542431052165e-4,0.13555908654497759,0.1348792869239671,0.13628080769322212,4.083663885627198e-6,3.5582387520327607e-6,4.698735770367057e-6,0.9999959163361144,0.9999953012642296,0.9999964417612479,3.2520849550743414e-5,1.3280421884028635e-10,1.1571694712048241e-10,1.5280687906680355e-10
TUR.81.6_1,2026,8,aegypti,23.712114951189825,63.97077001811847,3.9904323055998936e-4,0.1280065341143008,0.12731705751422673,0.12873281642820644,8.657625915861056e-7,7.451511767037066e-7,1.0068838434379446e-6,0.9999991342374084,0.9999989931161566,0.9999992548488232,3.8616341198283166e-5,3.343258363339893e-11,2.8775012083892528e-11,3.8882170045238396e-11
TUR.81.6_1,2026,9,aegypti,22.72679065255558,72.34095114492497,3.1805672444084216e-4,0.11536488263716994,0.11480980122918466,0.11591486355828402,4.985966273240994e-8,4.353913791166342e-8,5.673540332817861e-8,0.9999999501403373,0.9999999432645967,0.999999956460862,3.1805166649023775e-5,1.5857948822684181e-12,1.384769537035284e-12,1.8044789577522987e-12
TUR.81.6_1,2026,10,aegypti,14.929178237915039,80.08586358411567,3.1343162804580593e-4,2.0254698507526776e-5,1.9911469064707055e-5,2.058094741165583e-5,0,0,0,1,1,1,3.0331633023461535e-5,0,0,0
TUR.81.6_1,2026,11,aegypti,10.152120330754448,78.39503117684873,1.8180589054488095e-4,0,0,0,0,0,0,1,1,1,1.818042378853857e-5,0,0,0
TUR.81.6_1,2026,12,aegypti,6.793300947722266,79.59640080533964,1.495381995262422e-4,0,0,0,0,0,0,1,1,1,1.4471333953047782e-5,0,0,0
TUR.81.6_1,2027,1,aegypti,5.055871767156264,83.04572807916992,1.4270941537430554e-4,0,0,0,0,0,0,1,1,1,1.3810493218913145e-5,0,0,0
TUR.81.6_1,2027,2,aegypti,6.0958526721772035,85.36736521891515,1.0675096145715425e-4,0,0,0,0,0,0,1,1,1,1.143753760413091e-5,0,0,0
TUR.81.6_1,2027,3,aegypti,8.37680974076776,71.0414229116371,1.310457065465826e-4,0,0,0,0,0,0,1,1,1,1.2681762154853615e-5,0,0,0
TUR.81.6_1,2027,4,aegypti,10.618586582296036,75.98060572056872,1.7328384417572757e-4,0,0,0,0,0,0,1,1,1,1.732823428202135e-5,0,0,0
TUR.81.6_1,2027,5,aegypti,14.461651886210722,85.69834226652571,2.422049950118118e-4,0,0,0,0,0,0,1,1,1,2.343891836986689e-5,0,0,0
TUR.81.6_1,2027,6,aegypti,18.17627909604241,78.69822600500854,2.7242511573420837e-4,0.01422657652484437,0.014125654416677322,0.014324075884726119,0,0,0,1,1,1,2.7242140499539325e-5,0,0,0
TUR.81.6_1,2027,7,aegypti,22.66223161360797,79.43972903760555,3.199181480766713e-4,0.1279426200631082,0.12733481761706847,0.12848812339872703,8.531141212022586e-7,7.479886614952802e-7,9.561051426937306e-7,0.9999991468858788,0.9999990438948573,0.9999992520113384,3.095934153130031e-5,2.6411851443475852e-11,2.3157236432772558e-11,2.9600385652487824e-11
TUR.81.6_1,2027,8,aegypti,24.01403107362635,71.79520239116535,3.798826348498568e-4,0.158483237179698,0.15772133681438838,0.15929273428091362,2.4438130936557266e-4,2.1597036986695516e-4,2.772848124167227e-4,0.9997556186906345,0.9997227151875834,0.999784029630133,3.676215988590581e-5,8.983984768024193e-9,7.93953726766722e-9,1.0193588607996959e-8
TUR.81.6_1,2027,9,aegypti,20.263560519498938,78.13656729482732,3.0278480440012903e-4,0.05058109051965874,0.05033009166311242,0.05084448848177509,0,0,0,1,1,1,3.0278022051466458e-5,0,0,0
TUR.81.6_1,2027,10,aegypti,13.713155746459961,82.48263024671333,2.9838178820933863e-4,0,0,0,0,0,0,1,1,1,2.8875240025705295e-5,0,0,0
TUR.81.6_1,2027,11,aegypti,9.050938346806694,77.30441685800108,1.7307623696433393e-4,0,0,0,0,0,0,1,1,1,1.7307473920369354e-5,0,0,0
TUR.81.6_1,2027,12,aegypti,7.002432188566993,82.28325230680448,1.4235792239104917e-4,0,0,0,0,0,0,1,1,1,1.3776478238081147e-5,0,0,0
TUR.81.6_1,2028,1,aegypti,4.397819322698256,80.6212361968457,1.3555681020973998e-4,0,0,0,0,0,0,1,1,1,1.3118314942217602e-5,0,0,0
TUR.81.6_1,2028,2,aegypti,5.974257289486774,81.04944071940344,1.0502204620687174e-4,0,0,0,0,0,0,1,1,1,1.0864290590828496e-5,0,0,0
TUR.81.6_1,2028,3,aegypti,7.814534807906432,77.15713030909804,1.2447768722577757e-4,0,0,0,0,0,0,1,1,1,1.2046155240530432e-5,0,0,0
TUR.81.6_1,2028,4,aegypti,9.097120327108048,79.1202236404906,1.6459884665446215e-4,0,0,0,0,0,0,1,1,1,1.6459749202279994e-5,0,0,0
TUR.81.6_1,2028,5,aegypti,15.797992790446562,77.82775968595931,2.3006566493564805e-4,6.447785565868438e-4,6.369743036783465e-4,6.527464622270475e-4,0,0,0,1,1,1,2.226417133699421e-5,0,0,0
TUR.81.6_1,2028,6,aegypti,19.068519620334403,83.89037230627807,2.5877115124527036e-4,0.028817976541409534,0.02866720787465955,0.02898370322163572,0,0,0,1,1,1,2.5876780314848524e-5,0,0,0
TUR.81.6_1,2028,7,aegypti,21.12739579817828,82.04809695752742,3.0388382972304544e-4,0.07848396643138367,0.07810125536069572,0.07882914037776932,1.0076053325036582e-12,8.753886504564433e-13,1.1387668585882694e-12,0.9999999999989924,0.9999999999988611,0.9999999999991246,2.9407680139592607e-5,2.9631335325215433e-17,2.5743149430452725e-17,3.348849153093251e-17
TUR.81.6_1,2028,8,aegypti,23.11370339113123,74.1935788560091,3.608428925257139e-4,0.1327547485084716,0.1320914512614721,0.13335804076437963,2.323096893564469e-6,2.0248503566133723e-6,2.620638808539799e-6,0.9999976769031065,0.9999973793611915,0.9999979751496434,3.491967021596043e-5,8.112177740299338e-11,7.070710668960884e-11,9.151184294935725e-11
TUR.81.6_1,2028,9,aegypti,18.236417041105383,74.93612021230778,2.876092103440255e-4,0.0140685355755372,0.013961058092387053,0.014171755292439392,0,0,0,1,1,1,2.876050744304859e-5,0,0,0
TUR.81.6_1,2028,10,aegypti,15.033516883850098,74.65061425550239,2.834268736106017e-4,3.8939941971165024e-5,3.8248408644599e-5,3.962333748350619e-5,0,0,0,1,1,1,2.7428030968335015e-5,0,0,0
TUR.81.6_1,2028,11,aegypti,10.37286255640142,82.82196446542295,1.6440164472998332e-4,0,0,0,0,0,0,1,1,1,1.6440029334208184e-5,0,0,0
TUR.81.6_1,2028,12,aegypti,4.911677202757667,83.48388249479277,1.352229340776266e-4,0,0,0,0,0,0,1,1,1,1.3086004772122628e-5,0,0,0
TUR.81.6_1,2029,1,aegypti,0.51829378043904,82.03407036432617,1.279821415562858e-4,0,0,0,0,0,0,1,1,1,1.2385291839334123e-5,0,0,0
TUR.81.6_1,2029,2,aegypti,2.6615820518311337,80.40381083659094,9.573451495575935e-5,0,0,0,0,0,0,1,1,1,1.0257216853881701e-5,0,0,0
TUR.81.6_1,2029,3,aegypti,6.060286188826842,77.21100909327772,1.1752209986705538e-4,0,0,0,0,0,0,1,1,1,1.1373041765239122e-5,0,0,0
TUR.81.6_1,2029,4,aegypti,8.898010295980118,75.14293634801012,1.5540136168694791e-4,0,0,0,0,0,0,1,1,1,1.554001542136696e-5,0,0,0
TUR.81.6_1,2029,5,aegypti,15.861232841716093,82.92502683683821,2.172100129198784e-4,8.103840204527735e-4,8.01125164783343e-4,8.197765346604002e-4,0,0,0,1,1,1,2.102010290550016e-5,0,0,0
TUR.81.6_1,2029,6,aegypti,21.089427976047293,79.14705565588744,2.443114887264856e-4,0.0737793960595049,0.07339956811641156,0.07414885228978536,1.7437251642604678e-13,1.5020762411666056e-13,2.003980315024023e-13,0.9999999999998256,0.9999999999997996,0.9999999999998498,2.4430850434575824e-5,4.260068868705365e-18,3.669699998927118e-18,4.895894335018605e-18
TUR.81.6_1,2029,7,aegypti,22.140852142782773,72.65455752881648,2.869033525656583e-4,0.0969468443383204,0.09647230611054428,0.09740854970711367,3.914421174977534e-10,3.402779336081352e-10,4.4619684891333836e-10,0.9999999996085579,0.9999999995538031,0.9999999996597221,2.7764455131196186e-5,1.08681771077268e-14,9.447631419799224e-15,1.2388412391335505e-14
TUR.81.6_1,2029,8,aegypti,24.220659873064825,70.55978216411457,3.4067964626307895e-4,0.16197301510934364,0.16122983206865593,0.16272869780655394,4.2124584710164414e-4,3.751383445079748e-4,4.718770553263363e-4,0.9995787541528983,0.9995281229446736,0.999624861655492,3.296845455402764e-5,1.388782456624343e-8,1.2367731462384331e-8,1.55570572536147e-8
TUR.81.6_1,2029,9,aegypti,19.81766627816593,79.04799765371403,2.715381293952568e-4,0.04106683371383977,0.04085160492070772,0.04128288126078636,0,0,0,1,1,1,2.7153444278060768e-5,0,0,0
TUR.81.6_1,2029,10,aegypti,14.380169868469238,80.7068428931977,2.675894940517067e-4,0,0,0,0,0,0,1,1,1,2.589542219666452e-5,0,0,0
TUR.81.6_1,2029,11,aegypti,10.48591301721685,78.27186223153623,1.552151790482832e-4,0,0,0,0,0,0,1,1,1,1.5521397446649488e-5,0,0,0
TUR.81.6_1,2029,12,aegypti,3.972173056181739,84.30119664274198,1.2766692181678113e-4,0,0,0,0,0,0,1,1,1,1.2354787080615104e-5,0,0,0
TUR.81.6_1,2030,1,aegypti,4.07062987720265,78.56641899713867,1.5119593775999427e-4,0,0,0,0,0,0,1,1,1,1.4631757899286058e-5,0,0,0
TUR.81.6_1,2030,2,aegypti,4.965065299588092,74.78556285075109,1.1309913702583542e-4,0,0,0,0,0,0,1,1,1,1.2117691261526176e-5,0,0,0
TUR.81.6_1,2030,3,aegypti,6.897886419997496,80.69971758937147,1.388386213955366e-4,0,0,0,0,0,0,1,1,1,1.3435905356296018e-5,0,0,0
TUR.81.6_1,2030,4,aegypti,10.869403881185196,74.73730432896716,1.835885407426528e-4,0,0,0,0,0,0,1,1,1,1.8358685551556064e-5,0,0,0
TUR.81.6_1,2030,5,aegypti,16.43534191916971,76.78021329924056,2.566082360782976e-4,0.0020784363852884937,0.0020588067204159437,0.0020980327406335485,0,0,0,1,1,1,2.483274676656766e-5,0,0,0
TUR.81.6_1,2030,6,aegypti,19.482460050021903,74.52398589270385,2.8862546128981395e-4,0.03188575459828137,0.03169726404361633,0.03207180589083062,0,0,0,1,1,1,2.8862129609730225e-5,0,0,0
TUR.81.6_1,2030,7,aegypti,23.61794870039996,73.53804141553523,3.3894276896885095e-4,0.14923107119159174,0.14854842165967114,0.1499791988887782,5.218160055047094e-5,4.620936279702559e-5,5.932365207843571e-5,0.9999478183994496,0.9999406763479216,0.9999537906372029,3.2800375181940566e-5,1.7115760756496033e-9,1.515684436660846e-9,1.9458380453355994e-9
TUR.81.6_1,2030,8,aegypti,24.273762366350958,67.18601812602863,4.024731729452724e-4,0.15363745972376072,0.15287244270406747,0.1544479396058576,1.1086624105182008e-4,9.72879478658012e-5,1.2661233383809146e-4,0.9998891337589482,0.999873387666162,0.9999027120521342,3.8948258233584276e-5,4.3180469858730905e-9,3.78919611649271e-9,4.931329873882766e-9
TUR.81.6_1,2030,9,aegypti,19.51525805978214,75.33462637685857,3.2079055415285863e-4,0.03289334377183433,0.03269630013955273,0.033105156648643885,0,0,0,1,1,1,3.207854088793649e-5,0,0,0
TUR.81.6_1,2030,10,aegypti,15.28196907043457,83.1311821876313,3.1612570313239226e-4,1.5420649237811736e-4,1.5197635866968188e-4,1.5644485205718362e-4,0,0,0,1,1,1,3.059234202529293e-5,0,0,0
TUR.81.6_1,2030,11,aegypti,9.96853421014898,74.96722813729795,1.8336858772182325e-4,0,0,0,0,0,0,1,1,1,1.833669065298693e-5,0,0,0
TUR.81.6_1,2030,12,aegypti,8.732701620634863,74.13631016813261,1.5082354249034712e-4,0,0,0,0,0,0,1,1,1,1.4595720174037652e-5,0,0,0
TUR.81.6_1,2031,1,aegypti,8.165344518773695,76.88197075495117,1.4463673481771768e-4,0,0,0,0,0,0,1,1,1,1.3997005410493202e-5,0,0,0
TUR.81.6_1,2031,2,aegypti,0.7662644973572568,80.97381816080969,1.0819265472651339e-4,0,0,0,0,0,0,1,1,1,1.1592002961524628e-5,0,0,0
TUR.81.6_1,2031,3,aegypti,6.5651237017968125,75.01600176905897,1.328155052493554e-4,0,0,0,0,0,0,1,1,1,1.2853030810333621e-5,0,0,0
TUR.81.6_1,2031,4,aegypti,9.156615299337052,80.3790127029906,1.7562407744788495e-4,0,0,0,0,0,0,1,1,1,1.75622535265596e-5,0,0,0
TUR.81.6_1,2031,5,aegypti,16.69314869712381,79.98850339933821,2.4547602232947996e-4,0.003173604015490768,0.0031445992630787195,0.003204121736268848,0,0,0,1,1,1,2.3755461930896615e-5,0,0,0
TUR.81.6_1,2031,6,aegypti,20.86675646725823,70.64131072180541,2.761042718785399e-4,0.058657597715345886,0.058336709105144186,0.05897975756032052,2.3481216970822063e-16,2.220446049250313e-16,3.3306690738754696e-16,0.9999999999999998,0.9999999999999997,0.9999999999999998,2.7610046023474055e-5,6.483174812515772e-21,6.130661761244228e-21,9.195992641866342e-21
TUR.81.6_1,2031,7,aegypti,21.77236001631793,73.63641482862117,3.2423870720356114e-4,0.08709378402798794,0.08667866990656445,0.087512779454068,1.91635449731109e-11,1.67057950806182e-11,2.1891524704109598e-11,0.9999999999808364,0.9999999999781084,0.9999999999832943,3.137744712444768e-5,6.013031191107624e-16,5.241852018139557e-16,6.86900158876739e-16
TUR.81.6_1,2031,8,aegypti,25.303776404436896,68.13967336894855,3.850130264672594e-4,0.1890279512938263,0.18809539281663332,0.18997949699836927,0.013101436014791384,0.01193454842639306,0.014355951651219468,0.9868985639852086,0.9856440483487805,0.9880654515736069,3.725863102199689e-5,4.881415703334136e-7,4.4466493623313266e-7,5.348831055424131e-7
TUR.81.6_1,2031,9,aegypti,18.87248347787296,75.0325099828156,3.0687397426435635e-4,0.02217915402953622,0.02203426657521827,0.02231789247995956,0,0,0,1,1,1,3.0686926573042506e-5,0,0,0
TUR.81.6_1,2031,10,aegypti,16.89408779144287,77.07890557630317,3.024114944516885e-4,0.0039271321035581975,0.003889682419779517,0.003961728939705282,0,0,0,1,1,1,2.9265200261030522e-5,0,0,0
TUR.81.6_1,2031,11,aegypti,7.826132038060356,85.02840062264951,1.7541366645922081e-4,0,0,0,0,0,0,1,1,1,1.754121279706755e-5,0,0,0
TUR.81.6_1,2031,12,aegypti,6.080566248472999,80.71471745573027,1.4428049485081573e-4,0,0,0,0,0,0,1,1,1,1.3962531056899152e-5,0,0,0
TUR.81.6_1,2032,1,aegypti,3.854997676961562,81.78128563532226,1.2757269203973647e-4,0,0,0,0,0,0,1,1,1,1.234566818253402e-5,0,0,0
TUR.81.6_1,2032,2,aegypti,2.041742383557208,83.19729075602453,9.883638555231773e-5,0,0,0,0,0,0,1,1,1,1.0224401408298611e-5,0,0,0
TUR.81.6_1,2032,3,aegypti,1.133142734275145,84.01424700831679,1.171461148554804e-4,0,0,0,0,0,0,1,1,1,1.1336656532079381e-5,0,0,0
TUR.81.6_1,2032,4,aegypti,10.0706224862267,78.6879497757445,1.549041906626152e-4,0,0,0,0,0,0,1,1,1,1.5490299090314963e-5,0,0,0
TUR.81.6_1,2032,5,aegypti,15.548527801738066,79.6366433529515,2.1651509928819325e-4,3.519643962642659e-4,3.472975338874162e-4,3.5661138016530083e-4,0,0,0,1,1,1,2.0952854610567506e-5,0,0,0
TUR.81.6_1,2032,6,aegypti,21.32117655697991,69.85712340491088,2.4352987013712544e-4,0.06937634068406719,0.0690229299484475,0.06975003981886663,3.030731221542737e-14,2.609024107869118e-14,3.519406988061746e-14,0.9999999999999697,0.9999999999999648,0.9999999999999739,2.4352690482176698e-5,7.380645937289958e-19,6.353675655947382e-19,8.570702906107745e-19
TUR.81.6_1,2032,7,aegypti,23.374651123495664,71.17324191602351,2.8598547107394455e-4,0.13462333289475548,0.13396334838182036,0.13527873792072145,3.3877962740429533e-6,2.9612945823903614e-6,3.8530740907982695e-6,0.9999966122037259,0.9999961469259092,0.9999970387054176,2.7675630352441694e-5,9.375939738979204e-11,8.195569422692383e-11,1.0663625425750327e-10
TUR.81.6_1,2032,8,aegypti,22.966854712542364,73.06426824809894,3.395897198501874e-4,0.12503097862394644,0.12439706023803095,0.12560813146243718,4.554477211382579e-7,3.9548727049643076e-7,5.153958001352653e-7,0.9999995445522789,0.9999994846041999,0.9999996045127294,3.2862981276249315e-5,1.496736993207699e-11,1.2996890765319151e-11,1.693744252970276e-11
TUR.81.6_1,2032,9,aegypti,18.985997424406165,88.98210257314763,2.706694054119446e-4,0.029529416789756395,0.029371088805160296,0.029688596146841047,0,0,0,1,1,1,2.7066574234901886e-5,0,0,0
TUR.81.6_1,2032,10,aegypti,15.152314186096191,89.5906319556977,2.6673340282178326e-4,9.861845622551347e-5,9.728494834783151e-5,9.995413144590844e-5,0,0,0,1,1,1,2.5812576800232634e-5,0,0,0
TUR.81.6_1,2032,11,aegypti,5.37314389032476,85.54476567391904,1.5471860367261258e-4,0,0,0,0,0,0,1,1,1,1.5471740678618673e-5,0,0,0
TUR.81.6_1,2032,12,aegypti,8.055064520415137,78.09398991666777,1.2725848077351076e-4,0,0,0,0,0,0,1,1,1,1.2315261015638512e-5,0,0,0
TUR.81.6_1,2033,1,aegypti,2.3956373158623188,83.6246541655957,1.4709783348365997e-4,0,0,0,0,0,0,1,1,1,1.4235172887011593e-5,0,0,0
TUR.81.6_1,2033,2,aegypti,2.542660295086749,82.04480204752844,1.1003363100786928e-4,0,0,0,0,0,0,1,1,1,1.1789248114291162e-5,0,0,0
TUR.81.6_1,2033,3,aegypti,6.7222844607689805,80.52648455714491,1.350754571433026e-4,0,0,0,0,0,0,1,1,1,1.3071732997360641e-5,0,0,0
TUR.81.6_1,2033,4,aegypti,10.608138126485489,76.71916162877184,1.7861244816338173e-4,0,0,0,0,0,0,1,1,1,1.786108530521524e-5,0,0,0
TUR.81.6_1,2033,5,aegypti,14.619978988871855,77.50701231047103,2.4965297441455913e-4,0,0,0,0,0,0,1,1,1,2.4159673416290772e-5,0,0,0
TUR.81.6_1,2033,6,aegypti,21.33835986081292,70.22054198401244,2.808023857846484e-4,0.07026015567376102,0.06988372955081934,0.07061941228780677,4.345168669317445e-14,3.718969576738118e-14,5.007383396815612e-14,0.9999999999999566,0.9999999999999499,0.9999999999999628,2.8079844332284942e-5,1.2201165983195557e-18,1.0442808679131e-18,1.4060654629465058e-18
TUR.81.6_1,2033,7,aegypti,21.400905777426328,84.92497378858211,3.297558633447809e-4,0.0914608507163841,0.09106185041546534,0.0918589577873825,7.608906027467555e-11,6.714870603996559e-11,8.582512756039052e-11,0.999999999923911,0.9999999999141749,0.9999999999328513,3.1911348565172304e-5,2.4281045244215765e-15,2.1428057641416327e-15,2.7387955612299977e-15
TUR.81.6_1,2033,8,aegypti,22.457728049334357,75.48289312602863,3.915643016118703e-4,0.11242308303210324,0.11188337358319601,0.11296195655268353,2.439027778600167e-8,2.1298993044260862e-8,2.7787100967402445e-8,0.9999999756097222,0.999999972212899,0.999999978701007,3.789260156805696e-5,9.242110782791917e-13,8.070742572269933e-13,1.052925545689151e-12
TUR.81.6_1,2033,9,aegypti,19.865601764005774,70.12297934316716,3.1209565691383157e-4,0.036570592356773735,0.036342664189385206,0.036788910173953936,0,0,0,1,1,1,3.120907867792955e-5,0,0,0
TUR.81.6_1,2033,10,aegypti,16.18439292907715,77.74740075452583,3.0755724477921526e-4,0.0013981262496912297,0.0013835485923809959,0.0014131123595349892,0,0,0,1,1,1,2.97631614017968e-5,0,0,0
TUR.81.6_1,2033,11,aegypti,12.731919982854057,76.83368321542295,1.7839845687954464e-4,0,0,0,0,0,0,1,1,1,1.7839686558884793e-5,0,0,0
TUR.81.6_1,2033,12,aegypti,8.766747793730566,81.02138096891386,1.4673553183603495e-4,0,0,0,0,0,0,1,1,1,1.4200111935758208e-5,0,0,0
TUR.81.6_1,2034,1,aegypti,5.12805871402516,74.63069664606445,1.497344775506244e-4,0,0,0,0,0,0,1,1,1,1.449032832556707e-5,0,0,0
TUR.81.6_1,2034,2,aegypti,4.15935403020943,81.02822337321203,1.1200592056164897e-4,0,0,0,0,0,0,1,1,1,1.2000562338521092e-5,0,0,0
TUR.81.6_1,2034,3,aegypti,4.796331549392027,79.57074267482069,1.3749660702861994e-4,0,0,0,0,0,0,1,1,1,1.330603473481684e-5,0,0,0
TUR.81.6_1,2034,4,aegypti,8.794178051107071,82.60788690953356,1.8181397357393974e-4,0,0,0,0,0,0,1,1,1,1.8181232076752707e-5,0,0,0
TUR.81.6_1,2034,5,aegypti,16.66332634757547,73.75842374845931,2.541278604016684e-4,0.0027536798630371597,0.0027242059696044444,0.002782163807363753,0,0,0,1,1,1,2.459271634269733e-5,0,0,0
TUR.81.6_1,2034,6,aegypti,20.162706403171317,72.74683287756713,2.8583560705606017e-4,0.044247469770549004,0.04399462816065615,0.04448294031090499,0,0,0,1,1,1,2.8583152199557205e-5,0,0,0
TUR.81.6_1,2034,7,aegypti,21.417879272909726,77.74681979688289,3.356665475475589e-4,0.08197231784830147,0.08158101828634497,0.08236764551492316,3.4552440908441895e-12,3.0103225467925655e-12,3.949779392442565e-12,0.9999999999965448,0.9999999999960502,0.9999999999969897,3.2483331845245544e-5,1.1223784040921555e-16,9.778530624868761e-17,1.2830199472022416e-16
TUR.81.6_1,2034,8,aegypti,23.30756249147303,80.98029150249347,3.9858286652360084e-4,0.15748156397113425,0.156843284151742,0.15814151858409314,2.0808647631852828e-4,1.8748056207172902e-4,2.3099026508541232e-4,0.9997919135236815,0.9997690097349146,0.9998125194379283,3.8571791559305346e-5,8.0262681908686e-9,7.23146116165214e-9,8.909708357103212e-9
TUR.81.6_1,2034,9,aegypti,20.87367557076847,75.42516440176091,3.1768979207299163e-4,0.063605259878354,0.06329248726972392,0.0639417754446397,2.5469626407925715e-15,2.220446049250313e-15,2.9976021664879227e-15,0.9999999999999974,0.999999999999997,0.9999999999999978,3.176847457864174e-5,8.091311790676904e-20,7.054018386885405e-20,9.522924822295297e-20
TUR.81.6_1,2034,10,aegypti,14.827462196350098,83.93862389905708,3.1307003151097307e-4,7.410831022869839e-6,7.291838905233123e-6,7.533954756599646e-6,0,0,0,1,1,1,3.0296640871174674e-5,0,0,0
TUR.81.6_1,2034,11,aegypti,9.710333564702202,78.22177525643858,1.8159614661940953e-4,0,0,0,0,0,0,1,1,1,1.8159449777122028e-5,0,0,0
TUR.81.6_1,2034,12,aegypti,5.772948107298682,82.40387303434355,1.4936568185433094e-4,0,0,0,0,0,0,1,1,1,1.4454638936012287e-5,0,0,0
TUR.81.6_1,2035,1,aegypti,5.435592455022475,83.32937370905273,1.448453991644034e-4,0,0,0,0,0,0,1,1,1,1.4017198451510282e-5,0,0,0
TUR.81.6_1,2035,2,aegypti,6.579292117672809,78.92614970377844,1.0834874197255885e-4,0,0,0,0,0,0,1,1,1,1.1608726400935687e-5,0,0,0
TUR.81.6_1,2035,3,aegypti,6.2665044314721055,79.97748095607069,1.330071153591074e-4,0,0,0,0,0,0,1,1,1,1.2871573485617738e-5,0,0,0
TUR.81.6_1,2035,4,aegypti,10.51362614070668,79.25569116978747,1.758774465759224e-4,0,0,0,0,0,0,1,1,1,1.758758999415022e-5,0,0,0
TUR.81.6_1,2035,5,aegypti,15.178305710063261,74.95159238859603,2.4583016537544234e-4,8.524964069540406e-5,8.403041888515223e-5,8.658373127352499e-5,0,0,0,1,1,1,2.3789733023860116e-5,0,0,0
TUR.81.6_1,2035,6,aegypti,20.86305239621331,72.95394805090697,2.765026016498894e-4,0.060833739873400794,0.06051546629834852,0.06117597508233526,7.143174940438257e-16,6.661338147750939e-16,8.881784197001252e-16,0.9999999999999993,0.9999999999999991,0.9999999999999993,2.7649877900048914e-5,1.9750791492180697e-20,1.8418518643625146e-20,2.455802485816686e-20
TUR.81.6_1,2035,7,aegypti,23.023061920614804,75.57975131543758,3.247064795028607e-4,0.1327267157984758,0.13208815174361166,0.1333505145859572,2.3100250797434276e-6,2.0234823815246104e-6,2.6166487234913214e-06,0.9999976899749202,0.9999973833512764,0.9999979765176185,3.142271399003693e-5,7.258725739058997e-11,6.358330813852664e-11,8.222220445066302e-11
TUR.81.6_1,2035,8,aegypti,23.221394202288458,68.64854254009113,3.855684765867228e-4,0.12372628421429543,0.12307811239693417,0.12435415170327853,3.419742877089904e-7,2.953889628343198e-7,3.9177245337307373e-7,0.9999996580257123,0.9999996082275465,0.9999997046110372,3.731238225512801e-5,1.2759875344422973e-11,1.1021665895219941e-11,1.4617963537285442e-11
TUR.81.6_1,2035,9,aegypti,21.501981005949133,75.711198032132,3.0731669483209754e-4,0.08179545311910857,0.08141167939928605,0.08221200494644143,3.250914648589287e-12,2.838276835781528e-12,3.743905185871199e-12,0.999999999996749,0.9999999999962561,0.9999999999971617,3.0731197270261745e-5,9.990449937458101e-17,8.722364534801644e-17,1.1505468882816377e-16
TUR.81.6_1,2035,10,aegypti,15.967299461364746,64.752874845102,3.0284777709454233e-4,7.397616622058391e-4,7.300757844341194e-4,7.501913025026163e-4,0,0,0,1,1,1,2.930741992546171e-5,0,0,0
TUR.81.6_1,2035,11,aegypti,9.672895172063042,76.92522069100889,1.7566673203179192e-4,0,0,0,0,0,0,1,1,1,1.7566518910050455e-5,0,0,0
TUR.81.6_1,2035,12,aegypti,8.99779160934336,79.85176426969511,1.444886452576642e-4,0,0,0,0,0,0,1,1,1,1.3982674363255398e-5,0,0,0
TUR.81.6_1,2036,1,aegypti,6.585394662969252,85.35133110651367,1.600541746635326e-4,0,0,0,0,0,0,1,1,1,1.5488993721390898e-5,0,0,0
TUR.81.6_1,2036,2,aegypti,6.214978992062457,82.76127085856359,1.2400127224230356e-4,0,0,0,0,0,0,1,1,1,1.2827635543333216e-5,0,0,0
TUR.81.6_1,2036,3,aegypti,5.4863296992638535,81.47029406642226,1.4697287035687177e-4,0,0,0,0,0,0,1,1,1,1.4223079853326048e-5,0,0,0
TUR.81.6_1,2036,4,aegypti,13.012435955159805,76.52270471959216,1.9434458889293335e-4,0,0,0,0,0,0,1,1,1,1.9434270041474022e-5,0,0,0
TUR.81.6_1,2036,5,aegypti,15.696760261760039,79.7336663632054,2.7164234731340845e-4,5.235608635032246e-4,5.166174441537413e-4,5.300247987541104e-4,0,0,0,1,1,1,2.6287623569265506e-5,0,0,0
TUR.81.6_1,2036,6,aegypti,21.31718066159417,82.07844451086791,3.055353912150259e-4,0.08461546348637847,0.08422188664037093,0.08498172080739286,8.47558345729027e-12,7.413925029453594e-12,9.55671375368894e-12,0.9999999999915244,0.9999999999904433,0.9999999999925862,3.0553072366878986e-5,2.5895511472211202e-16,2.265181879475111e-16,2.9198696690600587e-16
TUR.81.6_1,2036,7,aegypti,24.03047769209918,70.17556125196101,3.588006791002287e-4,0.154350551261883,0.15355763410751844,0.15509113433944755,1.2483354600328312e-4,1.0915462362375006e-4,1.4082039915033482e-4,0.9998751664539968,0.9998591796008496,0.9998908453763763,3.4722043540380554e-5,4.3344758196260954e-9,3.790071594097701e-9,4.889572030671695e-9
TUR.81.6_1,2036,8,aegypti,23.980805060442755,66.7006246018587,4.2605318948597684e-4,0.14307772564629198,0.14231137376876882,0.14380750330819567,1.725818738560303e-5,1.4933274420914077e-5,1.9699954037505354e-5,0.9999827418126144,0.9999803000459625,0.9999850667255792,4.12301038371643e-5,7.115568579496521e-10,6.157004550031571e-10,8.122311505537097e-10
TUR.81.6_1,2036,9,aegypti,19.97257350472843,70.32867926382146,3.395849660081172e-4,0.03875618642873472,0.03851496206898346,0.038988813338551136,0,0,0,1,1,1,3.3957920017591015e-5,0,0,0
TUR.81.6_1,2036,10,aegypti,16.642136573791504,83.48265313489692,3.346468116431879e-4,0.003128398204485797,0.003098973722622092,0.0031562858820634106,0,0,0,1,1,1,3.238465092614273e-5,0,0,0
TUR.81.6_1,2036,11,aegypti,12.28250668329351,86.44903966073545,1.941117493091774e-4,0,0,0,0,0,0,1,1,1,1.941098653523987e-5,0,0,0
TUR.81.6_1,2036,12,aegypti,8.150489172514746,80.45720250211698,1.5965996157543637e-4,0,0,0,0,0,0,1,1,1,1.545084465792712e-5,0,0,0
TUR.81.6_1,2037,1,aegypti,2.9237506810356586,85.70323692926758,1.5965245747947865e-4,0,0,0,0,0,0,1,1,1,1.5450118466264762e-5,0,0,0
TUR.81.6_1,2037,2,aegypti,9.757138072567829,74.51740489176672,1.1942486969223716e-4,0,0,0,0,0,0,1,1,1,1.2795439890411764e-5,0,0,0
TUR.81.6_1,2037,3,aegypti,8.20278515885858,74.90493304347304,1.466039857105562e-4,0,0,0,0,0,0,1,1,1,1.4187381846220148e-5,0,0,0
TUR.81.6_1,2037,4,aegypti,10.387953800313614,83.26135980992419,1.9385680679571336e-4,0,0,0,0,0,0,1,1,1,1.9385492778467572e-5,0,0,0
TUR.81.6_1,2037,5,aegypti,16.73299416373758,79.41580289884993,2.7096055691923755e-4,0.0033161649445721253,0.0032828632484453407,0.0033481691256969297,0,0,0,1,1,1,2.6221645585966513e-5,0,0,0
TUR.81.6_1,2037,6,aegypti,19.814256696140067,81.65164855139525,3.047685332605505e-4,0.042680852522791496,0.04244943218037879,0.04290513603821668,0,0,0,1,1,1,3.0476388911515606e-5,0,0,0
TUR.81.6_1,2037,7,aegypti,24.56407373091754,70.11839419873836,3.5790013152783455e-4,0.1722113949174376,0.17134452589050772,0.1730603047009393,0.0018379261119329609,0.0016321589329634455,0.0020554947359237214,0.998162073888067,0.9979445052640763,0.9983678410670366,3.463489679755849e-5,6.365638120833603e-8,5.6529656200402126e-8,7.119184804664282e-8
TUR.81.6_1,2037,8,aegypti,23.738941809710333,74.97291387798175,4.2498384600963635e-4,0.15771592303409915,0.1570251039219788,0.15841652877707554,2.1613852804657952e-4,1.9307446275513838e-4,2.4134276755575221e-4,0.9997838614719534,0.9997586572324443,0.9998069255372448,4.112662324595728e-5,8.889047811907447e-9,7.940500688146189e-9,9.925613074402064e-9
TUR.81.6_1,2037,9,aegypti,20.505101428312415,75.31579703115544,3.387326476191803e-4,0.054103106936965094,0.05380647716150382,0.05438519366289444,0,0,0,1,1,1,3.387269106935875e-5,0,0,0
TUR.81.6_1,2037,10,aegypti,16.229007720947266,79.54579400403755,3.3380688744184453e-4,0.0015568224828360535,0.0015399482640666422,0.0015735044677808252,0,0,0,1,1,1,3.2303370567920986e-5,0,0,0
TUR.81.6_1,2037,11,aegypti,9.22282479089849,81.72552128915342,1.9362455161197145e-4,0,0,0,0,0,0,1,1,1,1.9362267710043568e-5,0,0,0
TUR.81.6_1,2037,12,aegypti,6.278075060423682,81.69855839811308,1.592592338199431e-4,0,0,0,0,0,0,1,1,1,1.541206515098814e-5,0,0,0
TUR.81.6_1,2038,1,aegypti,4.312656683080336,78.77145897516601,1.474705501450034e-4,0,0,0,0,0,0,1,1,1,1.4271241727259465e-5,0,0,0
TUR.81.6_1,2038,2,aegypti,4.631099521237262,75.44777903727453,1.1031243434992735e-4,0,0,0,0,0,0,1,1,1,1.1819119548284185e-5,0,0,0
TUR.81.6_1,2038,3,aegypti,4.968700552687926,81.16327197169569,1.354177114935101e-4,0,0,0,0,0,0,1,1,1,1.3104853952561335e-5,0,0,0
TUR.81.6_1,2038,4,aegypti,13.926497501485489,76.17945825963122,1.7906501659200664e-4,0,0,0,0,0,0,1,1,1,1.7906341338802534e-5,0,0,0
TUR.81.6_1,2038,5,aegypti,16.05941304038553,76.32317441984603,2.5028554541111687e-4,0.001085615204838859,0.001073319665163945,0.001098698606679517,0,0,0,1,1,1,2.4220888483528213e-5,0,0,0
TUR.81.6_1,2038,6,aegypti,18.349315671359793,85.81804564612182,2.815138831959175e-4,0.01812168427841212,0.018006432121540485,0.018240547461180125,0,0,0,1,1,1,2.8150992072983883e-5,0,0,0
TUR.81.6_1,2038,7,aegypti,21.088052917929257,83.78215915235164,3.3059139913435413e-4,0.07940953302281359,0.07901597645513754,0.07980401354429204,1.4052328189961826e-12,1.2177953090386496e-12,1.6133039348886767e-12,0.9999999999985948,0.9999999999983866,0.9999999999987822,3.199220428373728e-5,4.495649541153789e-17,3.895995630254145e-17,5.161314905671573e-17
TUR.81.6_1,2038,8,aegypti,24.156843802508185,75.5541745591341,3.9255644769411866e-4,0.17533541096537428,0.1745843126270478,0.1761390400033322,0.0027691404738373736,0.002510609597317892,0.0030641867963559946,0.9972308595261626,0.996935813203644,0.9974893904026821,3.7988612062167526e-5,1.0519580320625474e-7,9.537457403206403e-8,1.1640420349278381e-7
TUR.81.6_1,2038,9,aegypti,18.965577349943274,77.750992954007,3.128864452518367e-4,0.02457796668834573,0.024431730746287975,0.024730305624865525,0,0,0,1,1,1,3.1288155040609666e-5,0,0,0
TUR.81.6_1,2038,10,aegypti,16.688790321350098,78.05711602552192,3.083365336832821e-4,0.0030581587426323446,0.0030293603638423157,0.0030892622358753767,0,0,0,1,1,1,2.9838574209573032e-5,0,0,0
TUR.81.6_1,2038,11,aegypti,7.844034412327934,80.04025670175108,1.7885048309680598e-4,0,0,0,0,0,0,1,1,1,1.7884888373176366e-5,0,0,0
TUR.81.6_1,2038,12,aegypti,6.036004385527442,76.97317845426542,1.4710733049704276e-4,0,0,0,0,0,0,1,1,1,1.4236091939734408e-5,0,0,0
TUR.81.6_1,2039,1,aegypti,7.6240852299858535,81.89490257868164,1.6297251210575846e-4,0,0,0,0,0,0,1,1,1,1.577140905961727e-5,0,0,0
TUR.81.6_1,2039,2,aegypti,5.774123012143024,78.5734809415714,1.2190837102616145e-4,0,0,0,0,0,0,1,1,1,1.3061525878876878e-5,0,0,0
TUR.81.6_1,2039,3,aegypti,8.864461565718932,75.55453784083632,1.496526906830553e-4,0,0,0,0,0,0,1,1,1,1.4482413582039833e-5,0,0,0
TUR.81.6_1,2039,4,aegypti,11.444177669637345,79.65212213902575,1.978881583852789e-4,0,0,0,0,0,0,1,1,1,1.9788620041150118e-5,0,0,0
TUR.81.6_1,2039,5,aegypti,16.826332176432892,76.43643278166243,2.7659532048468217e-4,0.003569887717221945,0.0035358985912830997,0.0036046975801928348,0,0,0,1,1,1,2.6766930838473257e-5,0,0,0
TUR.81.6_1,2039,6,aegypti,24.11420634213616,58.70803740637572,3.111063510102476e-4,0.12638387973313173,0.1256551499187199,0.12710340732410233,6.11570445012588e-7,5.20690882607755e-7,7.118139668971235e-7,0.9999993884295549,0.9999992881860331,0.9999994793091174,3.111015117018834e-5,1.902604899556097e-11,1.6198772070866048e-11,2.214464011522095e-11
TUR.81.6_1,2039,7,aegypti,21.949501205893124,81.11468631299617,3.653428480771734e-4,0.10480869835858002,0.104343953512939,0.10529820564246152,3.468172079190701e-9,3.057482650392629e-9,3.9415453068070145e-9,0.9999999965318279,0.9999999960584547,0.9999999969425174,3.5355134483827655e-5,1.2261769027284342e-13,1.0809771028660122e-13,1.3935386439626176e-13
TUR.81.6_1,2039,8,aegypti,22.738299033221075,75.5467282700716,4.3382160276148485e-4,0.12237702358682515,0.12181012655595089,0.12296217293552318,2.5310794304922444e-7,2.2236643693052116e-7,2.878582729598511e-7,0.999999746892057,0.9999997121417271,0.9999997776335631,4.198185448844871e-5,1.0625940834963104e-11,9.335355398331946e-12,1.2084824128696619e-11
TUR.81.6_1,2039,9,aegypti,20.5779125550214,79.30378836416325,3.457767665231729e-4,0.059552420632241684,0.05923570231442357,0.059850734784920256,3.879119248040297e-16,3.3306690738754696e-16,4.440892098500626e-16,0.9999999999999997,0.9999999999999996,0.9999999999999997,3.4577078851349974e-5,1.3412861211327876e-20,1.151648071951449e-20,1.535530762601932e-20
TUR.81.6_1,2039,10,aegypti,13.80925464630127,84.83933495862739,3.4074857264000576e-4,0,0,0,0,0,0,1,1,1,3.297512462863139e-5,0,0,0
TUR.81.6_1,2039,11,aegypti,11.861833312932182,74.25777073983701,1.976510733360314e-4,0,0,0,0,0,0,1,1,1,1.9764912005171276e-5,0,0,0
TUR.81.6_1,2039,12,aegypti,9.232101759489844,75.32355839811308,1.6257111115881612e-4,0,0,0,0,0,0,1,1,1,1.573256441855797e-5,0,0,0
TUR.81.6_1,2040,1,aegypti,4.691452306859633,83.31208550104492,1.3800345313598917e-4,0,0,0,0,0,0,1,1,1,1.335508370425842e-5,0,0,0
TUR.81.6_1,2040,2,aegypti,4.4270222774323305,78.46446452311437,1.0691757211999029e-4,0,0,0,0,0,0,1,1,1,1.1060377328786508e-5,0,0,0
TUR.81.6_1,2040,3,aegypti,5.380852366195006,79.20698840235976,1.2672436485455614e-4,0,0,0,0,0,0,1,1,1,1.2263573013537865e-5,0,0,0
TUR.81.6_1,2040,4,aegypti,10.072545093648575,79.73204767613512,1.6756966459575788e-4,0,0,0,0,0,0,1,1,1,1.6756826062391816e-5,0,0,0
TUR.81.6_1,2040,5,aegypti,15.71406468223123,78.61084074064681,2.342180828836411e-4,5.358132385822613e-4,5.290320481290107e-4,5.427533015116893e-4,0,0,0,1,1,1,2.266600920763917e-5,0,0,0
TUR.81.6_1,2040,6,aegypti,22.134546307956473,70.03014281409057,2.634416698693956e-4,0.09252315275408833,0.0920686205155244,0.09303406238630967,1.0540526129698691e-10,9.151355229164437e-11,1.2273352612002241e-10,0.9999999998945948,0.9999999998772665,0.9999999999084864,2.6343819982455052e-5,2.7767772288114598e-15,2.4108165475260666e-15,3.2332699179178156e-15
TUR.81.6_1,2040,7,aegypti,24.98078935286578,67.29060489209773,3.093685797790775e-4,0.17605847718927722,0.17508009443245737,0.17693397772355457,0.0030380101685736085,0.0026767289546196973,0.0033863831426339977,0.9969619898314264,0.996613616857366,0.9973232710453803,2.9938446653110518e-5,9.095330536344827e-8,8.013710701271811e-8,1.0138305106274067e-7
TUR.81.6_1,2040,8,aegypti,24.148956915911505,63.57190908672199,3.67355687486877e-4,0.13978114721499807,0.13906527523190104,0.14051682187709155,9.288374000067434e-6,8.078212842893563e-6,1.0656792660748704e-5,0.999990711626,0.9999893432073393,0.9999919217871571,3.5549918488642085e-5,3.302009385944197e-10,2.8717980809876777e-10,3.7884811043997566e-10
TUR.81.6_1,2040,9,aegypti,20.530438647550696,78.23355215810857,2.928002224290956e-4,0.057322072997223986,0.057036266050688664,0.05761987296592306,1.1102230246251565e-16,1.1102230246251565e-16,1.1102230246251565e-16,0.9999999999999999,0.9999999999999999,0.9999999999999999,2.9279593587228092e-5,3.250687895220771e-21,3.250687895220771e-21,3.250687895220771e-21
TUR.81.6_1,2040,10,aegypti,13.823752403259277,84.30737542493598,2.885423993769233e-4,0,0,0,0,0,0,1,1,1,2.7923068148139052e-5,0,0,0
TUR.81.6_1,2040,11,aegypti,7.361363151494194,87.47308751229795,1.673689034056632e-4,0,0,0,0,0,0,1,1,1,1.6736750279577883e-5,0,0,0
TUR.81.6_1,2040,12,aegypti,5.059526285704444,80.40201909147245,1.3766355092760844e-4,0,0,0,0,0,0,1,1,1,1.3322190380860022e-5,0,0,0
TUR.81.6_1,2041,1,aegypti,6.696902078740736,77.5570501006543,1.651155507857121e-4,0,0,0,0,0,0,1,1,1,1.597879660730772e-5,0,0,0
TUR.81.6_1,2041,2,aegypti,5.1629326930817445,75.86084208659094,1.235114288126774e-4,0,0,0,0,0,0,1,1,1,1.3233279812174814e-5,0,0,0
TUR.81.6_1,2041,3,aegypti,8.5524918086388535,76.91537768458632,1.5162057778591104e-4,0,0,0,0,0,0,1,1,1,1.4672851493258143e-5,0,0,0
TUR.81.6_1,2041,4,aegypti,12.379793209188126,74.79961359410387,2.004903271329094e-4,0,0,0,0,0,0,1,1,1,2.0048831732788486e-5,0,0,0
TUR.81.6_1,2041,5,aegypti,16.820976341471955,79.161362591232745,2.802324643369423e-4,0.003703837247962233,0.0036697395728233252,0.003736744849759935,0,0,0,1,1,1,2.7118903018208407e-5,0,0,0
TUR.81.6_1,2041,6,aegypti,20.22398760739495,78.28438475744994,3.1519730435679435e-4,0.04974923516931472,0.04947697767467406,0.050021615491541854,0,0,0,1,1,1,3.151923369415499e-5,0,0,0
TUR.81.6_1,2041,7,aegypti,20.969988037558164,78.9282925752032,3.7014699476889114e-4,0.07003986754832786,0.06968488607605819,0.070373724629353,3.9722225508853626e-14,3.430589146091734e-14,4.5413672822292023e-14,0.9999999999999603,0.9999999999999546,0.9999999999999657,3.582003536028999e-5,1.42285152231655e-18,1.2288382451963295e-18,1.6267193663351408e-18
TUR.81.6_1,2041,8,aegypti,21.283239981707403,79.49108709575519,4.3952622412925284e-4,0.08010149683374246,0.07969803400749295,0.0804789495875356,1.7969528087746767e-12,1.553646100660444e-12,2.0479756779323567e-12,0.999999999998203,0.999999999997952,0.9999999999984464,4.2533891291829384e-5,7.643139542496957e-17,6.608261435146594e-17,8.710837485348544e-17
TUR.81.6_1,2041,9,aegypti,21.342200503629797,69.4517986180695,3.5032362522783336e-4,0.06946185021439179,0.06906042765502154,0.06984450927508111,3.1392555221998465e-14,2.653433028854124e-14,3.6637359812630166e-14,0.9999999999999686,0.9999999999999634,0.9999999999999735,3.50317488967411e-5,1.0997361117641288e-18,9.295439958113686e-19,1.2834707891956135e-18
TUR.81.6_1,2041,10,aegypti,14.758193969726563,84.40573357923286,3.4522931213325626e-4,2.211950697857316e-6,2.1732849108582033e-6,2.2507687040541894e-06,0,0,0,1,1,1,3.340873018686796e-5,0,0,0
TUR.81.6_1,2041,11,aegypti,11.192855575505424,82.22407933358701,2.0025012448779002e-4,0,0,0,0,0,0,1,1,1,2.0024811949514998e-5,0,0,0
TUR.81.6_1,2041,12,aegypti,9.039849600371191,83.04585606657011,1.6470887153910836e-4,0,0,0,0,0,0,1,1,1,1.5939441179169123e-5,0,0,0
TUR.81.6_1,2042,1,aegypti,8.029641431920668,74.71745812067383,1.5747257149968777e-4,0,0,0,0,0,0,1,1,1,1.5239164995572985e-5,0,0,0
TUR.81.6_1,2042,2,aegypti,7.009969531613239,77.65013346842687,1.1779424901034804e-4,0,0,0,0,0,0,1,1,1,1.2620732751877917e-5,0,0,0
TUR.81.6_1,2042,3,aegypti,6.946451807723326,72.67427355860976,1.4460226285531618e-4,0,0,0,0,0,0,1,1,1,1.3993669460754532e-5,0,0,0
TUR.81.6_1,2042,4,aegypti,11.734721225850723,76.002036689807,1.9120989648883425e-4,0,0,0,0,0,0,1,1,1,1.912080684396411e-5,0,0,0
TUR.81.6_1,2042,5,aegypti,16.230392540202423,68.28461545988509,2.6726087619756433e-4,0.0012905978437913039,0.0012751185589069494,0.0013064898365431996,0,0,0,1,1,1,2.5863621291866146e-5,0,0,0
TUR.81.6_1,2042,6,aegypti,19.55845454159905,73.64820006506713,3.006072402668519e-4,0.03281352627815738,0.03260256461460575,0.0330090933981832,0,0,0,1,1,1,3.0060272207643735e-5,0,0,0
TUR.81.6_1,2042,7,aegypti,23.398637939901914,81.84171420606258,3.5301338257827245e-4,0.16376914481878144,0.16310960695330115,0.16446861616493536,5.527879476861281e-4,4.998952049831946e-4,6.128449414338572e-4,0.9994472120523139,0.9993871550585661,0.9995001047950168,3.416200187633667e-5,1.8884342906069806e-8,1.7077420930607597e-8,2.0936010039166863e-8
TUR.81.6_1,2042,8,aegypti,23.22701706605799,74.95327581645832,4.1918113966749873e-4,0.13866600911612945,0.13800652632478358,0.1393006301753926,7.495047953952394e-6,6.584785137214722e-6,8.451466787226525e-6,0.9999925049520461,0.9999915485332128,0.9999934152148628,4.056509395633512e-5,3.040373244593162e-10,2.6711242777339423e-10,3.4283454429268967e-10
TUR.81.6_1,2042,9,aegypti,20.224835620206946,79.9239665868195,3.3410761045345167e-4,0.05106833737728475,0.050793462814736456,0.051348205729982874,0,0,0,1,1,1,3.3410202912032005e-5,0,0,0
TUR.81.6_1,2042,10,aegypti,13.091562271118164,77.12988519056098,3.292491063379386e-4,0,0,0,0,0,0,1,1,1,3.186230912821664e-5,0,0,0
TUR.81.6_1,2042,11,aegypti,9.899169662419487,83.21500035409483,1.909808125047517e-4,0,0,0,0,0,0,1,1,1,1.9097898883324582e-5,0,0,0
TUR.81.6_1,2042,12,aegypti,7.763750395354102,78.28023869596464,1.5708471689463387e-4,0,0,0,0,0,0,1,1,1,1.520163125023899e-5,0,0,0
TUR.81.6_1,2043,1,aegypti,2.744568628423354,89.75706993708008,1.4284533652987908e-4,0,0,0,0,0,0,1,1,1,1.3823646697330716e-5,0,0,0
TUR.81.6_1,2043,2,aegypti,5.487305461483844,77.69198069743078,1.0685263459485008e-4,0,0,0,0,0,0,1,1,1,1.1448431029958961e-5,0,0,0
TUR.81.6_1,2043,3,aegypti,6.456929827437682,73.20999438380507,1.311705188010512e-4,0,0,0,0,0,0,1,1,1,1.2693840606869955e-5,0,0,0
TUR.81.6_1,2043,4,aegypti,10.110468906514786,71.16586267857653,1.7344888542602502e-4,0,0,0,0,0,0,1,1,1,1.734473812087245e-5,0,0,0
TUR.81.6_1,2043,5,aegypti,15.181269729838652,84.13618558927962,2.4243567904006142e-4,1.0242196511920492e-4,1.0097623741073098e-4,1.0380975179587356e-4,0,0,0,1,1,1,2.3461242107170044e-5,0,0,0
TUR.81.6_1,2043,6,aegypti,19.240865735446707,76.09502318518432,2.726845824024778e-4,0.028398909336894266,0.02822436420999502,0.02857761730643066,0,0,0,1,1,1,2.7268086459253382e-5,0,0,0
TUR.81.6_1,2043,7,aegypti,22.838100601645078,74.00878268750789,3.202228486758678e-4,0.1226133209197432,0.12195772646426106,0.12317700288756471,2.668724567416181e-7,2.2987962565723664e-7,3.0196105780533336e-7,0.9999997331275433,0.9999996980389422,0.9999997701203743,3.0988827772748806e-5,8.27006459925636e-12,7.1237001279560734e-12,9.35741921440652e-12
TUR.81.6_1,2043,8,aegypti,22.866905829485724,71.30925573589191,3.802444476046473e-4,0.11790236391912412,0.11733449316174774,0.11848444371092423,9.089835152853442e-8,7.939074206375629e-8,1.0387699424241337e-7,0.9999999091016485,0.9999998961230058,0.9999999206092579,3.679717273563643e-5,3.344802342580083e-12,2.921354849330397e-12,3.822379700396796e-12
TUR.81.6_1,2043,9,aegypti,19.63219951180851,77.24736899160466,3.0307318663753247e-4,0.03616528038822343,0.0359455686501103,0.03636280123213843,0,0,0,1,1,1,3.0306859401640907e-5,0,0,0
TUR.81.6_1,2043,10,aegypti,15.202729225158691,82.45291375501411,2.986659768688545e-4,1.0946974534210092e-4,1.0792665717173008e-4,1.1102188756589835e-4,0,0,0,1,1,1,2.890274135958215e-5,0,0,0
TUR.81.6_1,2043,11,aegypti,11.618657806340385,82.19593449716123,1.732410804826737e-4,0,0,0,0,0,0,1,1,1,1.732395798681452e-5,0,0,0
TUR.81.6_1,2043,12,aegypti,6.683136305388282,83.24172551237089,1.4249350877310879e-4,0,0,0,0,0,0,1,1,1,1.3789599319968815e-5,0,0,0
TUR.81.6_1,2044,1,aegypti,7.810738367192885,79.36591850885742,1.5152011634758547e-4,0,0,0,0,0,0,1,1,1,1.4663129561109933e-5,0,0,0
TUR.81.6_1,2044,2,aegypti,2.4204331031617,79.51144633463781,1.1738954786340445e-4,0,0,0,0,0,0,1,1,1,1.2143672595721355e-5,0,0,0
TUR.81.6_1,2044,3,aegypti,7.048222208724303,78.40572650050429,1.3913630471199288e-4,0,0,0,0,0,0,1,1,1,1.3464713031763331e-5,0,0,0
TUR.81.6_1,2044,4,aegypti,10.223530811422012,77.42202722935778,1.8398217217692025e-4,0,0,0,0,0,0,1,1,1,1.8398047971546205e-5,0,0,0
TUR.81.6_1,2044,5,aegypti,14.905170524821562,83.41348356291243,2.571584287406704e-4,1.7436134298096228e-5,1.7149481557133062e-5,1.7709515562416123e-5,0,0,0,1,1,1,2.4885989894141147e-5,0,0,0
TUR.81.6_1,2044,6,aegypti,18.397316007053153,79.98395445959838,2.892443019529296e-4,0.017186563489710267,0.017068677689007227,0.017304824656110253,0,0,0,1,1,1,2.8924011888031842e-5,0,0,0
TUR.81.6_1,2044,7,aegypti,22.28343598982867,74.77953464063289,3.3966949476417615e-4,0.10521809016333324,0.10469440019864948,0.10573756410220107,3.867699890913734e-9,3.3573660573882337e-9,4.426786190392384e-9,0.9999999961323001,0.9999999955732138,0.999999996642634,3.2870701175413686e-5,1.2713400735040545e-13,1.1035897640888542e-13,1.4551156603183601e-13
TUR.81.6_1,2044,8,aegypti,24.757992407854864,65.49661459209308,4.0333611401817247e-4,0.16337164511781396,0.16253842777761068,0.16418949751733122,5.210631213723362e-4,4.584317531068e-4,5.878891665062391e-4,0.9994789368786277,0.9994121108334938,0.9995415682468932,3.90317654038741e-5,2.0338013514015403e-8,1.7893400640951345e-8,2.2946352030550605e-8
TUR.81.6_1,2044,9,aegypti,20.621876941007727,70.82155340932927,3.2147835985913987e-4,0.052998660532853896,0.05270144663367884,0.05327796606655247,0,0,0,1,1,1,3.214731924972014e-5,0,0,0
TUR.81.6_1,2044,10,aegypti,18.231196403503418,75.26976250989692,3.1680350695080837e-4,0.014080799612512525,0.013983378726608327,0.014190436824502523,0,0,0,1,1,1,3.065793393441929e-5,0,0,0
TUR.81.6_1,2044,11,aegypti,8.942708709660698,77.63360234384092,1.8376174755572439e-4,0,0,0,0,0,0,1,1,1,1.837600591469979e-5,0,0,0
TUR.81.6_1,2044,12,aegypti,5.797086557921241,81.46071202360136,1.5114692262677403e-4,0,0,0,0,0,0,1,1,1,1.4627014568668883e-5,0,0,0
TUR.81.6_1,2045,1,aegypti,5.616821569554945,79.00679527887695,1.5755472340803838e-4,0,0,0,0,0,0,1,1,1,1.5247115059069394e-5,0,0,0
TUR.81.6_1,2045,2,aegypti,3.194875537472613,81.2707465665714,1.178557011239242e-4,0,0,0,0,0,0,1,1,1,1.2627316823721202e-5,0,0,0
TUR.81.6_1,2045,3,aegypti,8.539802218184752,74.58452136134413,1.4467770044887453e-4,0,0,0,0,0,0,1,1,1,1.4000969770888716e-5,0,0,0
TUR.81.6_1,2045,4,aegypti,11.601844829671524,81.70132410435778,1.9130964883136913e-4,0,0,0,0,0,0,1,1,1,1.913078188742201e-5,0,0,0
TUR.81.6_1,2045,5,aegypti,17.775987709269806,72.67402738615462,2.6740030359624075e-4,0.00924236323002139,0.00916698802639217,0.009317020009322226,0,0,0,1,1,1,2.587711391688341e-5,0,0,0
TUR.81.6_1,2045,6,aegypti,19.913675336276786,79.6345205606726,3.007640641392047e-4,0.04355993782079112,0.043314986988716324,0.043792931765348035,0,0,0,1,1,1,3.0075954123298665e-5,0,0,0
TUR.81.6_1,2045,7,aegypti,23.081901718588437,71.9183056977618,3.5319754622515986e-4,0.1264281849466663,0.12581412564011343,0.12702176359923475,6.168758289458731e-7,5.389822723217419e-7,6.994554092282224e-7,0.999999383124171,0.9999993005445907,0.9999994610177277,3.417982355569116e-5,2.1084706989140663e-11,1.8422318967602622e-11,2.390726247249439e-11
TUR.81.6_1,2045,8,aegypti,24.268858573015997,68.12574972392902,4.1939982238945036e-4,0.15623497428947775,0.15546202635696763,0.15702082191070674,1.7018900329449348e-4,1.4967967474422694e-4,1.9294095820021062e-4,0.9998298109967055,0.9998070590417998,0.9998503203252558,4.058625594172138e-5,6.907334446176776e-9,6.074937588442805e-9,7.830751111154715e-9
TUR.81.6_1,2045,9,aegypti,20.899298892301672,73.91582602285466,3.342819111429738e-4,0.06273021368343756,0.062385652802134844,0.06308454749062907,1.7177370637000421e-15,1.4432899320127035e-15,1.9984014443252818e-15,0.9999999999999983,0.999999999999998,0.9999999999999986,3.342763239855273e-5,5.741988312273437e-20,4.8245765291852816e-20,6.680182886564236e-20
TUR.81.6_1,2045,10,aegypti,15.880757331848145,76.45614098890083,3.294208723931367e-4,7.574421175498115e-4,7.48250869681862e-4,7.66844248420199e-4,0,0,0,1,1,1,3.18789311198886e-5,0,0,0
TUR.81.6_1,2045,11,aegypti,11.761374214116264,73.13802739266904,1.9108044533640105e-4,0,0,0,0,0,0,1,1,1,1.91078619761198e-5,0,0,0
TUR.81.6_1,2045,12,aegypti,9.722508749541113,78.94950444303495,1.5716666646301087e-4,0,0,0,0,0,0,1,1,1,1.520956173306498e-5,0,0,0
TUR.81.6_1,2046,1,aegypti,5.433524412267348,77.1148885405957,1.5987956489424185e-4,0,0,0,0,0,0,1,1,1,1.5472096263402513e-5,0,0,0
TUR.81.6_1,2046,2,aegypti,5.740253745633014,80.49990306071203,1.1959475291133965e-4,0,0,0,0,0,0,1,1,1,1.2813641430797773e-5,0,0,0
TUR.81.6_1,2046,3,aegypti,4.769057894454283,78.00400836085585,1.468125315276037e-4,0,0,0,0,0,0,1,1,1,1.4207563412971247e-5,0,0,0
TUR.81.6_1,2046,4,aegypti,14.51728062068715,82.29875910191637,1.9413257028172973e-4,0,0,0,0,0,0,1,1,1,1.9413068592100124e-5,0,0,0
TUR.81.6_1,2046,5,aegypti,16.982507789836212,80.22265714689681,2.7134600135621175e-4,0.004595031807918444,0.004555136171564007,0.00463470318651785,0,0,0,1,1,1,2.625894568164533e-5,0,0,0
TUR.81.6_1,2046,6,aegypti,21.063188580905692,79.08505156653197,3.05202069923767e-4,0.07293253658131317,0.07257020610100282,0.07328751560326388,1.2557055395490124e-13,1.0869083411080283e-13,1.4377665724651934e-13,0.9999999999998744,0.9999999999998562,0.9999999999998913,3.051974125556356e-5,3.8323808160213695e-18,3.317216133913084e-18,4.388026377753618e-18
TUR.81.6_1,2046,7,aegypti,22.27952973982867,71.17882663282039,3.5840924848662073e-4,0.09881871581758889,0.09831286901403655,0.0993088727725761,6.692433903721095e-10,5.781849943264916e-10,7.669108459396057e-10,0.9999999993307566,0.9999999992330891,0.999999999421815,3.4684164473053336e-5,2.3212147824170087e-14,2.0053863439071447e-14,2.659966191673775e-14
TUR.81.6_1,2046,8,aegypti,25.871098181780646,70.42110265972003,4.255883903060858e-4,0.2156584237046146,0.2146099111674002,0.21671814559831193,0.08105880677697966,0.07741399404725907,0.08476792865374976,0.9189411932230204,0.9152320713462503,0.922586005952741,4.118512512485406e-5,3.338417099581276e-6,3.1883050312510726e-6,3.4911777481793854e-6
TUR.81.6_1,2046,9,aegypti,22.18743632821476,71.07455557607732,3.3921449861672333e-4,0.09579843279176455,0.09534500404619276,0.09625742617436898,2.8020909426107466e-10,2.4462475656239494e-10,3.196320486065218e-10,0.9999999997197909,0.999999999680368,0.9999999997553752,3.392087453579773e-5,9.504937530219433e-15,8.297885675703061e-15,1.0842198618401829e-14
TUR.81.6_1,2046,10,aegypti,13.373441696166992,88.12639092786567,3.34281731490185e-4,0,0,0,0,0,0,1,1,1,3.2349321732350056e-5,0,0,0
TUR.81.6_1,2046,11,aegypti,10.761336067143608,83.07694646005186,1.938999847123791e-4,0,0,0,0,0,0,1,1,1,1.938981048643651e-5,0,0,0
TUR.81.6_1,2046,12,aegypti,6.4420107217396,80.64873082242948,1.5948578186963195e-4,0,0,0,0,0,0,1,1,1,1.5433988817648014e-5,0,0,0
TUR.81.6_1,2047,1,aegypti,7.197446149938246,80.36951958307617,1.5880227962338121e-4,0,0,0,0,0,0,1,1,1,1.536784445765882e-5,0,0,0
TUR.81.6_1,2047,2,aegypti,5.110591231900104,84.74677500895422,1.1878891092728854e-4,0,0,0,0,0,0,1,1,1,1.2727302320825196e-5,0,0,0
TUR.81.6_1,2047,3,aegypti,9.380625391707701,73.48723895167616,1.4582329329758306e-4,0,0,0,0,0,0,1,1,1,1.4111832036589611e-5,0,0,0
TUR.81.6_1,2047,4,aegypti,9.999133152120255,79.01589929967028,1.9282448466930536e-4,0,0,0,0,0,0,1,1,1,1.9282262561759467e-5,0,0,0
TUR.81.6_1,2047,5,aegypti,15.774686897502226,75.34930509611556,2.6951764354975075e-4,5.850459462266824e-4,5.77744376909899e-4,5.921935817004986e-4,0,0,0,1,1,1,2.6082012460015847e-05,0,0,0
TUR.81.6_1,2047,6,aegypti,22.964942960178153,58.46298125403197,3.031455863776519e-4,0.09612490881685468,0.09557817275013374,0.09670314591168742,3.0859662603077707e-10,2.61995888872768e-10,3.6388544677468105e-10,0.9999999996914034,0.9999999996361146,0.9999999997380041,3.0314099156214525e-5,9.354828720770229e-15,7.942169353809652e-15,1.1030859515031105e-14
TUR.81.6_1,2047,7,aegypti,23.111488510580624,78.71035892041805,3.559942493928324e-4,0.1435987355242116,0.1429249335806578,0.14418533358440025,1.899078745381355e-5,1.673773683570634e-5,2.111463907095157e-5,0.9999810092125462,0.999978885360929,0.9999832622631643,3.4450462962021255e-5,6.542414197972217e-10,5.766227829265602e-10,7.274090912702638e-10
TUR.81.6_1,2047,8,aegypti,24.17115082460291,78.60377325298175,4.227207311113081e-4,0.18603992817931392,0.18525448858379964,0.18682887653790692,0.009671322679711358,0.008893072405177588,0.010491863445969155,0.9903286773202886,0.9895081365540308,0.9911069275948224,4.09076211099757e-5,3.9563080381394716e-7,3.6379443645458506e-7,4.2919717458531017e-7
TUR.81.6_1,2047,9,aegypti,20.315449939054602,70.8932163121613,3.369288357600355e-4,0.04619375457475336,0.04593524491318197,0.04647091743599795,0,0,0,1,1,1,3.3692315977162934e-5,0,0,0
TUR.81.6_1,2047,10,aegypti,14.580817222595215,77.78534173352973,3.320293061355728e-4,0,0,0,0,0,0,1,1,1,3.213135211277418e-5,0,0,0
TUR.81.6_1,2047,11,aegypti,12.316652992192436,74.82359715585264,1.9259346628590652e-4,0,0,0,0,0,0,1,1,1,1.925916116851667e-5,0,0,0
TUR.81.6_1,2047,12,aegypti,4.913914522703956,79.22973210416777,1.584111499500774e-4,0,0,0,0,0,0,1,1,1,1.5329993779955586e-5,0,0,0
TUR.81.6_1,2048,1,aegypti,5.629986566655775,81.7811711944043,1.6506443956564447e-4,0,0,0,0,0,0,1,1,1,1.5973850439165993e-5,0,0,0
TUR.81.6_1,2048,2,aegypti,6.446002780514606,76.1187690275089,1.2788295307592686e-4,0,0,0,0,0,0,1,1,1,1.3229183501439756e-5,0,0,0
TUR.81.6_1,2048,3,aegypti,10.569406176314635,73.876238890641,1.515736439103244e-4,0,0,0,0,0,0,1,1,1,1.4668309571863603e-5,0,0,0
TUR.81.6_1,2048,4,aegypti,13.557768863790177,74.34381830601794,2.0042826571481305e-4,0,0,0,0,0,0,1,1,1,2.0042625715421813e-5,0,0,0
TUR.81.6_1,2048,5,aegypti,15.110250557170195,78.325974407639,2.8014571888452025e-4,6.490279743306778e-5,6.387055511731523e-5,6.58633430139271e-5,0,0,0,1,1,1,2.7110508524552657e-5,0,0,0
TUR.81.6_1,2048,6,aegypti,19.794668225681082,72.98622801916869,3.150997356013922e-4,0.036892597613049825,0.036673140689986464,0.037111781923044825,0,0,0,1,1,1,3.150947712615704e-5,0,0,0
TUR.81.6_1,2048,7,aegypti,22.553348709555234,72.37886172803523,3.700324164362206e-4,0.10970785896978782,0.10914706495311398,0.11025429625008176,1.2378889780451097e-8,1.0709985640011689e-8,1.4176986729008689e-8,0.9999999876211102,0.9999999858230133,0.9999999892900143,3.5808947531745794e-5,4.432750146494375e-13,3.835133138489294e-13,5.076629739373286e-13
TUR.81.6_1,2048,8,aegypti,25.5486380072201,68.24231542827472,4.3939016958163417e-4,0.19681086292257766,0.19581638419492817,0.19792499964486965,0.026164150378546903,0.024127305639893588,0.02853877203509127,0.9738358496214531,0.9714612279649086,0.9758726943601064,4.25207252826576e-5,1.1125186505003348e-6,1.0259105349246306e-6,1.213489285608507e-6
TUR.81.6_1,2048,9,aegypti,18.28266643075382,84.71640127920232,3.5021518318334574e-4,0.016939755626062536,0.01682616930715658,0.017048028057403155,0,0,0,1,1,1,3.5020905072125075e-5,0,0,0
TUR.81.6_1,2048,10,aegypti,15.701812744140625,80.66324853284614,3.451224470241719e-4,5.386190842969139e-4,5.324041439702156e-4,5.452522547728238e-4,0,0,0,1,1,1,3.339838874760748e-5,0,0,0
TUR.81.6_1,2048,11,aegypti,10.790670135441948,85.68426915292295,2.0018813742398795e-4,0,0,0,0,0,0,1,1,1,2.001861336731192e-5,0,0,0
TUR.81.6_1,2048,12,aegypti,7.688589891966651,78.1784473141287,1.6465788620586584e-4,0,0,0,0,0,0,1,1,1,1.593450719339362e-5,0,0,0
TUR.81.6_1,2049,1,aegypti,3.9944365445305317,84.67674767145508,1.4996363472159473e-4,0,0,0,0,0,0,1,1,1,1.4512504504349266e-5,0,0,0
TUR.81.6_1,2049,2,aegypti,7.460865794735797,79.85173258952062,1.1217733706042537e-4,0,0,0,0,0,0,1,1,1,1.2018928171486642e-5,0,0,0
TUR.81.6_1,2049,3,aegypti,8.262573862777037,75.39484698390272,1.377070350743187e-4,0,0,0,0,0,0,1,1,1,1.3326398468072043e-5,0,0,0
TUR.81.6_1,2049,4,aegypti,12.656158489339493,74.83174097447497,1.820922259611563e-4,0,0,0,0,0,0,1,1,1,1.8209056809270763e-5,0,0,0
TUR.81.6_1,2049,5,aegypti,15.305674637065215,78.48009580656478,2.5451678366441335e-4,1.5529220950688844e-4,1.5302307633532653e-4,1.5756707775150421e-4,0,0,0,1,1,1,2.463035315147799e-5,0,0,0
TUR.81.6_1,2049,6,aegypti,20.992172269260184,75.00582030432494,2.862730566010617e-4,0.0663315467896375,0.06600392398743997,0.06667209849634534,8.435696585706864e-15,7.327471962526033e-15,9.769962616701378e-15,0.9999999999999916,0.9999999999999902,0.9999999999999927,2.862689590266143e-5,2.4148780802546684e-19,2.0976277710090301e-19,2.79683702801204e-19
TUR.81.6_1,2049,7,aegypti,22.803474594565,71.60048038037898,3.361802595375005e-4,0.11640326092629194,0.11581220225265167,0.11699112033928238,6.387388900253033e-8,5.536363493763297e-8,7.322490716554775e-8,0.999999936126111,0.9999999267750928,0.9999999446363651,3.253304429262638e-5,2.07801206006162e-12,1.8011475876268107e-12,2.3822291481402192e-12
TUR.81.6_1,2049,8,aegypti,23.272186896380255,70.8013669419466,3.991928671299002e-4,0.13028447006257013,0.12964994552238204,0.13091002010684855,1.3971327290505098e-6,1.2211341185730529e-6,1.5875605568760331e-6,0.9999986028672709,0.9999984124394431,0.9999987788658814,3.863082159738518e-5,5.3972385203818126e-11,4.71734142810758e-11,6.13287686477235e-11
TUR.81.6_1,2049,9,aegypti,18.246760592741126,79.82727926992497,3.181759920129687e-4,0.015293343705171297,0.015191424504834907,0.015401345040595722,0,0,0,1,1,1,3.181709302690905e-5,0,0,0
TUR.81.6_1,2049,10,aegypti,11.975860595703125,89.18487786634223,3.13549161260582e-4,0,0,0,0,0,0,1,1,1,3.0343006860444888e-5,0,0,0
TUR.81.6_1,2049,11,aegypti,9.99119923395269,82.42227574471983,1.8187406563912464e-4,0,0,0,0,0,0,1,1,1,1.8187241174083546e-5,0,0,0
TUR.81.6_1,2049,12,aegypti,7.018387636717628,83.11911351285917,1.4959427461168186e-4,0,0,0,0,0,0,1,1,1,1.4476760495707452e-5,0,0,0
TUR.81.6_1,2050,1,aegypti,3.856162590139052,75.9137395537793,1.53205367757644e-4,0,0,0,0,0,0,1,1,1,1.4826216002572501e-5,0,0,0
TUR.81.6_1,2050,2,aegypti,6.516419231015094,81.89127574137609,1.1460225147464266e-4,0,0,0,0,0,0,1,1,1,1.2278737273718754e-5,0,0,0
TUR.81.6_1,2050,3,aegypti,5.1661111361840195,79.81177050685194,1.4068381971764617e-4,0,0,0,0,0,0,1,1,1,1.3614470520728617e-5,0,0,0
TUR.81.6_1,2050,4,aegypti,14.604357761495255,67.37772333531481,1.8602847614342149e-4,0,0,0,0,0,0,1,1,1,1.860267458242415e-5,0,0,0
TUR.81.6_1,2050,5,aegypti,18.277193153605744,76.20248502775618,2.600186206088544e-4,0.014806599040712921,0.014698967228008208,0.014912211944358399,0,0,0,1,1,1,2.516277572905956e-5,0,0,0
TUR.81.6_1,2050,6,aegypti,21.530839948093192,78.07414153235229,2.9246136236357083e-4,0.08594140773349673,0.08552259233724151,0.08634950453835336,1.3155858735736104e-11,1.1433171076546956e-11,1.5004048004030322e-11,0.9999999999868442,0.999999999984996,0.9999999999885669,2.9245708572323004e-5,3.8475241060398785e-16,3.343711893622047e-16,4.388040153310155e-16
TUR.81.6_1,2050,7,aegypti,23.469947983236874,73.33084231885555,3.4344739903724344e-4,0.14334732196346245,0.1426494803055835,0.14400725477469123,1.8133557526048393e-5,1.5903411152845548e-5,2.043626461031289e-5,0.999981866442474,0.9999795637353898,0.9999840965888471,3.323629273033202e-5,6.026922261780597e-10,5.285704284868015e-10,6.792256729028838e-10
TUR.81.6_1,2050,8,aegypti,24.489399573382208,70.68401159526691,4.0782213720282594e-4,0.17156794390312866,0.17070999652069055,0.1724225250144938,0.0016849469935523512,0.0014965834204753252,0.001887890936671338,0.9983150530064476,0.9981121090633287,0.9985034165795247,3.94658796406544e-5,6.649791524841957e-8,5.906398114467807e-8,7.450727648135333e-8
TUR.81.6_1,2050,9,aegypti,20.031434283537024,78.26364249013982,3.250539369660971e-4,0.04525918786331157,0.04500164586246441,0.045493994257235514,0,0,0,1,1,1,3.250486540207209e-5,0,0,0
TUR.81.6_1,2050,10,aegypti,15.332056045532227,86.41693353040473,3.203270889653284e-4,1.9762811728319323e-4,1.9486800980986804e-4,2.003249300897745e-4,0,0,0,1,1,1,3.099891523006271e-5,0,0,0
TUR.81.6_1,2050,11,aegypti,10.191919067326713,84.34874364022764,1.8580559989459598e-4,0,0,0,0,0,0,1,1,1,1.8580387371902596e-5,0,0,0
TUR.81.6_1,2050,12,aegypti,5.298784575041602,82.69151646696073,1.5282802326623273e-4,0,0,0,0,0,0,1,1,1,1.4789699334549766e-5,0,0,0
TUR.81.6_1,2051,1,aegypti,6.852034849279066,81.5656713164746,1.5802838292121118e-4,0,0,0,0,0,0,1,1,1,1.5292952376566582e-5,0,0,0
TUR.81.6_1,2051,2,aegypti,3.3990204921540097,82.00571665934484,1.1821001277394323e-4,0,0,0,0,0,0,1,1,1,1.2665278306234207e-5,0,0,0
TUR.81.6_1,2051,3,aegypti,10.101032877669615,71.79738909816054,1.4511264754331422e-4,0,0,0,0,0,0,1,1,1,1.4043060834967314e-5,0,0,0
TUR.81.6_1,2051,4,aegypti,9.716848415486954,77.41709101109606,1.918847863656216e-4,0,0,0,0,0,0,1,1,1,1.9188294538841077e-5,0,0,0
TUR.81.6_1,2051,5,aegypti,14.502213562236113,74.75764555021712,2.682041937931448e-4,0,0,0,0,0,0,1,1,1,2.595490772616671e-5,0,0,0
TUR.81.6_1,2051,6,aegypti,19.311046628391043,70.485083609989,3.016682563913856e-4,0.027112161220603077,0.026938624049634444,0.027295070088918363,0,0,0,1,1,1,3.0166370625028804e-5,0,0,0
TUR.81.6_1,2051,7,aegypti,23.98960511824664,71.93560916455867,3.54259370169121e-4,0.1580313214280735,0.15728304150794103,0.1588301132443888,2.2738656665598943e-4,2.0127844505576085e-4,2.5772938012018907e-4,0.999772613433344,0.9997422706198797,0.9997987215549443,3.428257719406691e-5,7.7953975242778e-9,6.9003438301258775e-9,8.835627369149397e-9
TUR.81.6_1,2051,8,aegypti,25.283072135027716,61.22397817851886,4.2066067139099553e-4,0.16383823950038276,0.1629390766304664,0.16474339016124623,5.590793780028547e-4,4.8716696908233383e-4,6.383607335020663e-4,0.9994409206219972,0.999361639266498,0.9995128330309176,4.0708268627343e-5,2.2759153503748048e-8,1.9831723843772148e-8,2.5986560220549835e-8
TUR.81.6_1,2051,9,aegypti,19.403823123258704,71.64328116201482,3.352868686832463e-4,0.029137937157075012,0.02893744582142031,0.029322463646051965,0,0,0,1,1,1,3.352812478818468e-5,0,0,0
TUR.81.6_1,2051,10,aegypti,14.656684875488281,73.0341134010102,3.304112161078255e-4,0,0,0,0,0,0,1,1,1,3.197476777438979e-5,0,0,0
TUR.81.6_1,2051,11,aegypti,13.09127018732183,77.03049870614561,1.9165489381218863e-4,0,0,0,0,0,0,1,1,1,1.9165305724433424e-5,0,0,0
TUR.81.6_1,2051,12,aegypti,7.960456213530372,77.89085728727323,1.5763915935382102e-4,0,0,0,0,0,0,1,1,1,1.5255286155091419e-5,0,0,0
TUR.81.6_1,2052,1,aegypti,4.300410074346205,75.85469566950195,1.5259842045248703e-4,0,0,0,0,0,0,1,1,1,1.4767480035704494e-5,0,0,0
TUR.81.6_1,2052,2,aegypti,3.8682940593537167,80.60171733073156,1.182249592555345e-4,0,0,0,0,0,0,1,1,1,1.2230093410670051e-5,0,0,0
TUR.81.6_1,2052,3,aegypti,4.268615389571471,80.93791491603163,1.401264785062606e-4,0,0,0,0,0,0,1,1,1,1.356053500733978e-5,0,0,0
TUR.81.6_1,2052,4,aegypti,13.170298618428848,82.08508264927966,1.8529149490098667e-4,0,0,0,0,0,0,1,1,1,1.852897782650409e-5,0,0,0
TUR.81.6_1,2052,5,aegypti,14.816792572245879,81.02246946379134,2.5898851570209396e-4,6.03187301142452e-6,5.930319348384549e-6,6.136831899631247e-6,0,0,0,1,1,1,2.5063090660859544e-5,0,0,0
TUR.81.6_1,2052,6,aegypti,20.32697489682366,76.84585478918822,2.913027304021247e-4,0.05106403538557776,0.050764783246179244,0.05135530873441898,0,0,0,1,1,1,2.9129848757913912e-5,0,0,0
TUR.81.6_1,2052,7,aegypti,23.112327743979062,75.95484286817195,3.420867778242936e-4,0.13686065078917675,0.13623189390494908,0.13748747638358935,5.2762208177834504e-6,4.653642411123205e-6,5.952561916006127e-6,0.9999947237791822,0.999994047438084,0.9999953463575889,3.3104624077351374e-5,1.7466730672181655e-10,1.5405708261065277e-10,1.9705732452654125e-10
TUR.81.6_1,2052,8,aegypti,23.536509177264044,80.4049817490755,4.0620648527899656e-4,0.16539830984312823,0.1646995315918027,0.1660797291351221,7.040597406270663e-4,6.342235495018e-4,7.769455872874947e-4,0.999295940259373,0.9992230544127125,0.9993657764504982,3.930953238706625e-5,2.7676259176609128e-8,2.4931031159781122e-8,3.0541367726465976e-8
TUR.81.6_1,2052,9,aegypti,21.560218081754797,74.82689017080388,3.237661843634315e-4,0.0823590354098052,0.08193316602678499,0.08275772304582373,3.948356641636508e-12,3.400607573311731e-12,4.514771889674307e-12,0.9999999999960516,0.9999999999954853,0.9999999999965994,3.237609431927524e-5,1.278323670357604e-16,1.100983915363823e-16,1.461706805301079e-16
TUR.81.6_1,2052,10,aegypti,14.858379364013672,81.83451318128364,3.1905806251891923e-4,1.044887156310543e-5,1.0268062735846722e-5,1.0626875855452468e-5,0,0,0,1,1,1,3.087611001850732e-5,0,0,0
TUR.81.6_1,2052,11,aegypti,12.292171218815971,74.69418736581358,1.8506950161168527e-4,0,0,0,0,0,0,1,1,1,1.8506778908577992e-5,0,0,0
TUR.81.6_1,2052,12,aegypti,9.415603003081152,82.86061436735136,1.5222257087098344e-4,0,0,0,0,0,0,1,1,1,1.4731108032073337e-5,0,0,0
TUR.81.6_1,2053,1,aegypti,7.0575592938591445,80.44708000788086,1.588530757332294e-4,0,0,0,0,0,0,1,1,1,1.53727601346354e-5,0,0,0
TUR.81.6_1,2053,2,aegypti,3.900241672116168,82.20304331950109,1.1882690795467706e-4,0,0,0,0,0,0,1,1,1,1.2731373379093469e-5,0,0,0
TUR.81.6_1,2053,3,aegypti,6.377061510787291,81.13875109767226,1.4586993781705933e-4,0,0,0,0,0,0,1,1,1,1.411634595860356e-5,0,0,0
TUR.81.6_1,2053,4,aegypti,12.37982944881215,77.30791437535387,1.928861634671659e-4,0,0,0,0,0,0,1,1,1,1.9288430322506045e-5,0,0,0
TUR.81.6_1,2053,5,aegypti,17.515270317302033,82.49993223234603,0.00026960385420025425,0.008442657425198419,0.00838003948934697,0.008502004452304398,0,0,0,1,1,1,2.6090355208507887e-5,0,0,0
TUR.81.6_1,2053,6,aegypti,21.149108914767996,80.05482390539916,3.032425536034509e-4,0.07667283269252408,0.07629188399994292,0.0770260417521076,5.197419161717676e-13,4.501871098128163e-13,5.907885292089077e-13,0.9999999999994803,0.9999999999994093,0.9999999999995498,3.0323795584763502e-5,1.576054762282597e-17,1.365138189285932e-17,1.7914950593553995e-17
TUR.81.6_1,2053,7,aegypti,22.677686859579648,84.19159060987117,3.561081213286785e-4,0.1393553308181676,0.13876424705892154,0.13994181946936093,8.553769295779002e-6,7.623644203394453e-6,9.5534434547212e-6,0.9999914462307042,0.9999904465565453,0.9999923763557966,3.446148244712344e-5,2.9477557044323145e-10,2.627220808983923e-10,3.292258239244609e-10
TUR.81.6_1,2053,8,aegypti,23.573898932513067,72.26855291606769,4.2285594685722536e-4,0.14431192684825841,0.1435713946017451,0.1449512637075757,2.1652309861230013e-5,1.886209551155149e-5,2.4283622712290008e-5,0.9999783476901388,0.9999757163772877,0.9999811379044884,4.092070596928288e-5,8.860278053871975e-10,7.718502643927289e-10,9.93702984878619e-10
TUR.81.6_1,2053,9,aegypti,20.45772098092472,69.57170218252263,3.3703660923906163e-4,0.048263287664092915,0.04796960616276205,0.04855536554042373,0,0,0,1,1,1,3.3703092961911985e-5,0,0,0
TUR.81.6_1,2053,10,aegypti,15.75853443145752,70.88770531995551,3.3213551240129696e-4,5.206890767486987e-4,5.139948542508451e-4,5.2725529043442e-4,0,0,0,1,1,1,3.214162980813562e-5,0,0,0
TUR.81.6_1,2053,11,aegypti,11.10477516931646,70.72273656014951,1.9265507118788088e-4,0,0,0,0,0,0,1,1,1,1.9265321540062885e-5,0,0,0
TUR.81.6_1,2053,12,aegypti,8.880853972014258,83.32589299283964,1.5846182094921623e-4,0,0,0,0,0,0,1,1,1,1.533489734983906e-5,0,0,0
TUR.81.6_1,2054,1,aegypti,6.500059885137221,76.69725548395508,1.5548148689725045e-4,0,0,0,0,0,0,1,1,1,1.5046482306768638e-5,0,0,0
TUR.81.6_1,2054,2,aegypti,2.7026632419403867,86.66392741373937,1.1630485747233892e-4,0,0,0,0,0,0,1,1,1,1.2461157088305974e-5,0,0,0
TUR.81.6_1,2054,3,aegypti,5.969102526412291,76.90471942042616,1.4277391055048713e-4,0,0,0,0,0,0,1,1,1,1.3816734601324043e-5,0,0,0
TUR.81.6_1,2054,4,aegypti,10.889428180806778,81.48290216832262,1.88792236847496e-4,0,0,0,0,0,0,1,1,1,1.887904547337449e-5,0,0,0
TUR.81.6_1,2054,5,aegypti,15.827922905192656,81.00277036711165,2.63881627288608e-4,7.288628609281138e-4,7.199654099127564e-4,7.375043380056503e-4,0,0,0,1,1,1,2.553660560844495e-5,0,0,0
TUR.81.6_1,2054,6,aegypti,19.092824963962332,84.73493865149291,2.9680635963236197e-4,0.029633967534481078,0.029464291799129332,0.029785880412718027,0,0,0,1,1,1,2.9680195497538975e-5,0,0,0
TUR.81.6_1,2054,7,aegypti,22.854580093832578,79.94034701856258,3.485498782116895e-4,0.13652040351952696,0.13594569177386429,0.1371070310500466,4.933978767277081e-6,4.397952684362383e-6,5.5263645626774105e-6,0.9999950660212327,0.9999944736354374,0.9999956020473156,3.3730064503911805e-5,1.6642342208118719e-10,1.4834322772869523e-10,1.8640463317124143e-10
TUR.81.6_1,2054,8,aegypti,24.710352561053107,72.59868826152668,4.1388100958849173e-4,0.1857404030140837,0.1847848501083521,0.1866268347638229,0.009373853080504263,0.008455824689001539,0.010274890032785507,0.9906261469194957,0.9897251099672145,0.9915441753109984,4.005219881719757e-5,3.7544342726355665e-7,3.386743716072575e-7,4.1153193841796684e-7
TUR.81.6_1,2054,9,aegypti,21.584872470182532,68.00729101919255,3.298831508387034e-4,0.07413414363353452,0.07369830312837373,0.07455791123419138,1.9996349021056404e-13,1.6852907958053722e-13,2.343791827286168e-13,0.9999999999998,0.9999999999997656,0.9999999999998315,3.298777097537897e-5,6.596349818503522e-18,5.559398679894178e-18,7.73164680124811e-18
TUR.81.6_1,2054,10,aegypti,15.121016502380371,79.1654839454438,3.250860776926801e-4,6.970219994253017e-5,6.864538285006375e-5,7.073040459456999e-5,0,0,0,1,1,1,3.1459448143644764e-5,0,0,0
TUR.81.6_1,2054,11,aegypti,12.32096932214849,75.99107762460264,1.8856604940335707e-4,0,0,0,0,0,0,1,1,1,1.885642715571123e-5,0,0,0
TUR.81.6_1,2054,12,aegypti,4.157224020537208,84.31727940641386,1.5509853632929174e-4,0,0,0,0,0,0,1,1,1,1.5009423131262523e-5,0,0,0
TUR.81.6_1,2055,1,aegypti,4.595829767339369,78.5260213530957,1.5267633020042223e-4,0,0,0,0,0,0,1,1,1,1.4775019577362158e-5,0,0,0
TUR.81.6_1,2055,2,aegypti,3.576295196133502,81.23195109538,1.1420651537179171e-4,0,0,0,0,0,0,1,1,1,1.223633749669606e-5,0,0,0
TUR.81.6_1,2055,3,aegypti,5.560385847792906,80.0542402944496,1.4019802065320488e-4,0,0,0,0,0,0,1,1,1,1.3567458347019112e-5,0,0,0
TUR.81.6_1,2055,4,aegypti,10.645148319356583,80.08743250279528,1.8538609623184888e-4,0,0,0,0,0,0,1,1,1,1.853843778421016e-5,0,0,0
TUR.81.6_1,2055,5,aegypti,14.460016334758086,81.0078362850804,2.591207433484657e-4,0,0,0,0,0,0,1,1,1,2.5075886563863392e-5,0,0,0
TUR.81.6_1,2055,6,aegypti,21.91053202572991,72.43055632727416,2.9145145620302867e-4,0.08947004955014586,0.089013403369588,0.08993116249092199,4.0961738334566177e-11,3.536531623105077e-11,4.722372770604721e-11,0.9999999999590382,0.9999999999527762,0.9999999999646347,2.9144720904650256e-5,1.1938184315302446e-15,1.0307122712586725e-15,1.3763223640699458e-15
TUR.81.6_1,2055,7,aegypti,22.086702515097226,78.23825961621883,3.422614316283975e-4,0.10465182622966346,0.10416520126059858,0.10512614334471353,3.3263383406589854e-9,2.9146099117527415e-9,3.765805867139704e-9,0.9999999966736617,0.9999999962341941,0.9999999970853901,3.3121525498724935e-5,1.1017340016752297e-13,9.653632651095485e-14,1.2472923505171568e-13
TUR.81.6_1,2055,8,aegypti,23.164486548479864,75.51398290874347,4.0641387566209427e-4,0.13773974654649895,0.1371295800369616,0.13837894812128268,6.2639650218309085e-6,5.550792370423441e-6,7.0772880244179825e-6,0.9999937360349782,0.9999929227119756,0.9999944492076295,3.9329601634996436e-5,2.463592489641614e-10,2.183104526873315e-10,2.783469186564902e-10
TUR.81.6_1,2055,9,aegypti,22.301520571989172,68.52348059438786,3.2393148451358324e-4,0.09503737651637108,0.09454540797089916,0.09554246875045327,2.239982787033412e-10,1.930805099137345e-10,2.592610265361728e-10,0.9999999997760017,0.9999999997407389,0.9999999998069194,3.239262379894914e-5,7.255891973649493e-15,6.254384320544871e-15,8.398144898315615e-15
TUR.81.6_1,2055,10,aegypti,13.803400039672852,76.26587914808051,3.1922095891819945e-4,0,0,0,0,0,0,1,1,1,3.0891873699312455e-5,0,0,0
TUR.81.6_1,2055,11,aegypti,12.942865112248588,77.76530095223936,1.8516398960296534e-4,0,0,0,0,0,0,1,1,1,1.851622753279436e-5,0,0,0
TUR.81.6_1,2055,12,aegypti,8.340004286345312,78.01534611783964,1.52300288727377e-4,0,0,0,0,0,0,1,1,1,1.4738629004140691e-5,0,0,0
TUR.81.6_1,2056,1,aegypti,7.7924788418938125,79.09299980768554,1.687195353137959e-4,0,0,0,0,0,0,1,1,1,1.632756366976018e-5,0,0,0
TUR.81.6_1,2056,2,aegypti,6.966407119351276,77.17057261637609,1.3071472253080681e-4,0,0,0,0,0,0,1,1,1,1.3522121250941765e-5,0,0,0
TUR.81.6_1,2056,3,aegypti,10.20959725450067,77.55585772609022,1.5493000693343406e-4,0,0,0,0,0,0,1,1,1,1.4993114079597802e-5,0,0,0
TUR.81.6_1,2056,4,aegypti,11.094132465474747,84.20080530552966,2.0486643848995062e-4,0,0,0,0,0,0,1,1,1,2.048643399910066e-5,0,0,0
TUR.81.6_1,2056,5,aegypti,16.66173466514139,79.09149259611556,2.8634911089707075e-4,0.0029963654001037014,0.0029680709156905114,0.0030257068279220664,0,0,0,1,1,1,2.771082032848593e-5,0,0,0
TUR.81.6_1,2056,6,aegypti,21.21274950925042,71.7709951700476,3.220771300472884e-4,0.0687004367412085,0.06832608915919673,0.06907450122023201,2.2935542354218797e-14,1.9539925233402755e-14,2.6648128148565317e-14,0.999999999999977,0.9999999999999734,0.9999999999999805,3.220719434193775e-5,7.386894699400692e-19,6.293261694191359e-19,8.58261442129705e-19
TUR.81.6_1,2056,7,aegypti,22.592682053061093,70.33729297193172,3.782262098150565e-4,0.10711619725232392,0.10659826000192046,0.10765914521317532,6.367127704520747e-9,5.548920098408239e-9,7.3109013065675296e-9,0.9999999936328723,0.9999999926890987,0.9999999944510799,3.6601866569063723e-5,2.330487586690574e-13,2.031008330443343e-13,2.675926341225783e-13
TUR.81.6_1,2056,8,aegypti,24.96213211732752,64.44049658061847,4.4911978272449817e-4,0.16589414886463758,0.16497716312902175,0.1667481672115199,7.576983836013941e-4,6.608339963166427e-4,8.561449417104129e-4,0.9992423016163986,0.9991438550582895,0.9993391660036833,4.3462260268412045e-5,3.29312843530389e-8,2.872133914212877e-8,3.720999428410241e-8
TUR.81.6_1,2056,9,aegypti,19.886679873746985,75.57788199209294,3.5797015469847e-4,0.040315712222443366,0.040069942979273396,0.04055021947687172,0,0,0,1,1,1,3.579637476436304e-5,0,0,0
TUR.81.6_1,2056,10,aegypti,16.405110359191895,79.98546075208442,3.527646478036318e-4,0.0020907137250042564,0.0020666777350014944,0.0021117850812077733,0,0,0,1,1,1,3.413793159112721e-5,0,0,0
TUR.81.6_1,2056,11,aegypti,11.542646148625542,84.54319401864561,2.0462099293092946e-4,0,0,0,0,0,0,1,1,1,2.0461889945755374e-5,0,0,0
TUR.81.6_1,2056,12,aegypti,4.680129847105811,81.53024632535917,1.6830397946104769e-4,0,0,0,0,0,0,1,1,1,1.6287349242971594e-5,0,0,0
TUR.81.6_1,2057,1,aegypti,4.158376974218031,85.13233696588867,1.4502944776972199e-4,0,0,0,0,0,0,1,1,1,1.4035009357038497e-5,0,0,0
TUR.81.6_1,2057,2,aegypti,2.134182988720782,81.35586009196203,1.0848641589912545e-4,0,0,0,0,0,0,1,1,1,1.16234770074497e-5,0,0,0
TUR.81.6_1,2057,3,aegypti,5.68890633653192,79.03246600245741,1.331761215838167e-4,0,0,0,0,0,0,1,1,1,1.2887928716120989e-5,0,0,0
TUR.81.6_1,2057,4,aegypti,10.061145824544571,79.7315059891234,1.7610092622343643e-4,0,0,0,0,0,0,1,1,1,1.7609937565610245e-5,0,0,0
TUR.81.6_1,2057,5,aegypti,16.935077751384064,78.51349729582259,2.461425308309113e-4,0.004224305175371618,0.004186265105472488,0.004264178325237355,0,0,0,1,1,1,2.3819961219362362e-5,0,0,0
TUR.81.6_1,2057,6,aegypti,20.83419802609612,80.98258879797729,2.7685394120567923e-4,0.06837766517857792,0.06804662593071216,0.06873777519404842,2.0046186932631827e-14,1.7430501486614958e-14,2.3206436772227332e-14,0.9999999999999799,0.9999999999999768,0.9999999999999826,2.7685010883571337e-5,5.549789034040177e-19,4.825636233630415e-19,6.424704546080238e-19
TUR.81.6_1,2057,7,aegypti,22.11048905989703,83.04895907910945,3.251190695819047e-4,0.11426837027250573,0.11379143497318393,0.11477958519827128,3.826917149163389e-8,3.4027356915489196e-8,4.322337534556908e-8,0.9999999617308285,0.9999999567766247,0.9999999659726431,3.146264080677863e-5,1.2040491966142898e-12,1.0705905082360912e-12,1.3599215329542114e-12
TUR.81.6_1,2057,8,aegypti,23.64924492555506,80.53391851665363,3.860584012980355e-4,0.17051670520339904,0.16972085025435046,0.1712174269925934,0.0014591762925194721,0.0013053611048470582,0.0016041516888352092,0.9985408237074805,0.9983958483111648,0.998694638895153,3.735979255381494e-5,5.451452358797227e-8,4.8768020084904766e-8,5.993077431973532e-8
TUR.81.6_1,2057,9,aegypti,20.42975352792179,81.94898337148747,3.0770718848533926e-4,0.05805538320112725,0.05777009264977806,0.05834621120987282,2.1604940059205546e-16,1.1102230246251565e-16,2.220446049250313e-16,0.9999999999999998,0.9999999999999998,0.9999999999999999,3.0770245434852406e-5,6.6478930822702934e-21,3.416183495514025e-21,6.83236699102805e-21
TUR.81.6_1,2057,10,aegypti,14.300053596496582,76.05451440198676,3.032325922928133e-4,0,0,0,0,0,0,1,1,1,2.934465901383021e-5,0,0,0
TUR.81.6_1,2057,11,aegypti,8.125185707036186,84.05284520272764,1.758899439337083e-4,0,0,0,0,0,0,1,1,1,1.758883970792713e-5,0,0,0
TUR.81.6_1,2057,12,aegypti,7.367746195372413,82.98067051969511,1.4467224055166356e-4,0,0,0,0,0,0,1,1,1,1.4000441401096353e-5,0,0,0
TUR.81.6_1,2058,1,aegypti,5.06850175296559,86.66560875543945,1.5673230348169453e-4,0,0,0,0,0,0,1,1,1,1.5167527244286383e-5,0,0,0
TUR.81.6_1,2058,2,aegypti,6.766257583218463,82.40969309977453,1.1724050613045823e-4,0,0,0,0,0,0,1,1,1,1.2561403904598478e-5,0,0,0
TUR.81.6_1,2058,3,aegypti,6.487241888747496,79.26922137355116,1.4392249729676968e-4,0,0,0,0,0,0,1,1,1,1.3927886615472396e-5,0,0,0
TUR.81.6_1,2058,4,aegypti,12.590587658040665,78.14909326939684,1.903110315643178e-4,0,0,0,0,0,0,1,1,1,1.9030922066121114e-5,0,0,0
TUR.81.6_1,2058,5,aegypti,15.376019561991972,83.00342649504134,2.6600450070800617e-4,2.1749125554043278e-4,2.1476786433638354e-4,2.201453501727141e-4,0,0,0,1,1,1,2.5742039704290676e-5,0,0,0
TUR.81.6_1,2058,6,aegypti,20.370407132541434,75.86506560461791,2.9919410575188535e-4,0.05130645960664119,0.05101299156559692,0.05159816238517997,0,0,0,1,1,1,2.9918962994091025e-5,0,0,0
TUR.81.6_1,2058,7,aegypti,22.495821167440976,69.28175097974422,3.513538902961717e-4,0.10220328161930743,0.10170635854144053,0.1026918828114192,1.7175933637592066e-9,1.495273374563233e-9,1.9579273730085946e-9,0.9999999982824066,0.9999999980420726,0.9999999985047267,3.400141132237078e-5,5.84005984457512e-14,5.084140504791387e-14,6.65722939489941e-14
TUR.81.6_1,2058,8,aegypti,24.82775940614588,70.7428952622591,4.1721059718834446e-4,0.1832564733099088,0.1822978946978717,0.1841963486142871,0.0071594907544080075,0.006420970169041126,0.007932516171225812,0.992840509245592,0.9920674838287742,0.9935790298309589,4.037440401460923e-5,2.8906017225732836e-7,2.5924284377062017e-7,3.2027061274949207e-7
TUR.81.6_1,2058,9,aegypti,19.55899928597843,80.28352469228825,3.325369929406277e-4,0.036408692684933644,0.03620660917758124,0.03660846136090772,0,0,0,1,1,1,3.3253146395906263e-5,0,0,0
TUR.81.6_1,2058,10,aegypti,18.33091449737549,73.08561944349067,3.2770132832775155e-4,0.014696790399301165,0.014589204482312922,0.014803842176514911,0,0,0,1,1,1,3.17125289207576e-5,0,0,0
TUR.81.6_1,2058,11,aegypti,12.123711326543022,78.06371708993467,1.900830244887104e-4,0,0,0,0,0,0,1,1,1,1.9008121792229993e-5,0,0,0
TUR.81.6_1,2058,12,aegypti,5.066990217741798,86.97926671110136,1.563462721551775e-4,0,0,0,0,0,0,1,1,1,1.5130169939925331e-5,0,0,0
TUR.81.6_1,2059,1,aegypti,3.5758076134849994,79.43439232477539,1.5031053132316544e-4,0,0,0,0,0,0,1,1,1,1.4546074655452657e-5,0,0,0
TUR.81.6_1,2059,2,aegypti,5.379509269314655,75.65265879801672,1.1243682621639144e-4,0,0,0,0,0,0,1,1,1,1.204673024646219e-5,0,0,0
TUR.81.6_1,2059,3,aegypti,6.541791105971617,82.13550860499647,1.3802557965059776e-4,0,0,0,0,0,0,1,1,1,1.335722495121594e-5,0,0,0
TUR.81.6_1,2059,4,aegypti,14.302794498555802,75.50585138707262,1.825134425746082e-4,0,0,0,0,0,0,1,1,1,1.8251177702710564e-5,0,0,0
TUR.81.6_1,2059,5,aegypti,18.916238868937775,61.497239056076495,2.5510553311330344e-4,0.01840068522566234,0.018247442475917763,0.01853749045946165,0,0,0,1,1,1,2.468732749971725e-5,0,0,0
TUR.81.6_1,2059,6,aegypti,20.448560742770926,74.9300527872351,2.869352648133428e-4,0.052393330930819944,0.05208523606652327,0.052674013144295255,0,0,0,1,1,1,2.8693114826006116e-5,0,0,0
TUR.81.6_1,2059,7,aegypti,21.93352143904742,84.17234164746883,3.369579133318034e-4,0.10963746379197571,0.10916057727398394,0.11008905384968809,1.2152878701043868e-8,1.0746907111447436e-8,1.3598554596261359e-8,0.9999999878471213,0.9999999864014454,0.999999989253093,3.260829866025272e-5,3.962846982654626e-13,3.5043835676407183e-13,4.4342572962264273e-13
TUR.81.6_1,2059,8,aegypti,24.413746497210333,78.05434240581378,4.001162819913478e-4,0.19398917499713972,0.19314133487679389,0.1948445415287835,0.020695755474240872,0.019208950578195758,0.022252802881748614,0.9793042445257591,0.9777471971182514,0.9807910494218043,3.8720180869700194e-5,8.013433951976946e-7,7.437740407048718e-7,8.616325524390921e-7
TUR.81.6_1,2059,9,aegypti,20.587483630460852,77.99604147695622,3.1891199824898446e-4,0.0585794295026708,0.058267289562518476,0.058882895193280674,2.258193632087568e-16,2.220446049250313e-16,3.3306690738754696e-16,0.9999999999999998,0.9999999999999997,0.9999999999999998,3.18906913059358e-5,7.201535602993461e-21,7.081155951812646e-21,1.062173392771897e-20
TUR.81.6_1,2059,10,aegypti,16.513846397399902,73.75187920911567,3.1427446468943376e-4,0.0022258376973359572,0.0022014191007339854,0.002250631892441455,0,0,0,1,1,1,3.0413195382550384e-5,0,0,0
TUR.81.6_1,2059,11,aegypti,10.785506942692924,74.63397618417295,1.8229477760306966e-4,0,0,0,0,0,0,1,1,1,1.8229311604334164e-5,0,0,0
TUR.81.6_1,2059,12,aegypti,7.495300135191749,82.23686558805448,1.4994031680766869e-4,0,0,0,0,0,0,1,1,1,1.4510247964838463e-5,0,0,0
TUR.81.6_1,2060,1,aegypti,4.0854359093834365,86.36771141657226,1.5556050841430456e-4,0,0,0,0,0,0,1,1,1,1.5054129435254637e-5,0,0,0
TUR.81.6_1,2060,2,aegypti,3.2925751796540097,80.99695811442297,1.2051982395700907e-4,0,0,0,0,0,0,1,1,1,1.2467490275724913e-5,0,0,0
TUR.81.6_1,2060,3,aegypti,5.984996462569518,77.97188098048476,1.4284647360112798e-4,0,0,0,0,0,0,1,1,1,1.3823756734976378e-5,0,0,0
TUR.81.6_1,2060,4,aegypti,11.942358059041641,74.23191034703356,1.888881881357261e-4,0,0,0,0,0,0,1,1,1,1.88886404209887e-5,0,0,0
TUR.81.6_1,2060,5,aegypti,15.662301147685332,75.60688871427962,2.6401574181842866e-4,4.4612873775403945e-4,4.402970532507677e-4,4.518789993926166e-4,0,0,0,1,1,1,2.5549584102391165e-5,0,0,0
TUR.81.6_1,2060,6,aegypti,22.365287808810965,72.8338613809851,2.9695720774474814e-4,0.10440784590576198,0.10391579552431206,0.10490663663459428,3.117023085974502e-9,2.7259483975639043e-9,3.5525180713813498e-9,0.9999999968829769,0.9999999964474818,0.9999999972740516,2.9695279860963986e-5,9.256087287109844e-14,8.094780055220645e-14,1.054930183408012e-13
TUR.81.6_1,2060,7,aegypti,23.90469758650836,75.82094699414851,3.487270243188881e-4,0.16646689248618235,0.16574312117848983,0.1671832197850443,8.231496736508582e-4,7.396550105084914e-4,9.115828863181463e-4,0.9991768503263492,0.9990884171136818,0.9992603449894915,3.3747207097145626e-5,2.777900250864335e-8,2.4961290820071486e-8,3.0763376450792235e-8
TUR.81.6_1,2060,8,aegypti,25.95672669130213,66.70959295513019,4.140913594244125e-4,0.2021268521188406,0.20103894108463105,0.20313095708204154,0.03870985303319544,0.03589797105044132,0.04137893107711006,0.9612901469668046,0.95862106892289,0.9641020289495588,4.0072554437387e-5,1.5512026929359747e-6,1.4385233991105521e-6,1.6581594681483775e-6
TUR.81.6_1,2060,9,aegypti,21.070145831388587,67.27919882558903,3.300508098156662e-4,0.06029889384709744,0.05995694251492806,0.06062677784617419,5.564437799421284e-16,4.440892098500626e-16,6.661338147750939e-16,0.9999999999999994,0.9999999999999993,0.9999999999999996,3.300453631982503e-5,1.8365168945040703e-20,1.465695845573879e-20,2.1985437683608186e-20
TUR.81.6_1,2060,10,aegypti,13.626066207885742,76.78731774671333,3.252512986173386e-4,0,0,0,0,0,0,1,1,1,3.147543676229603e-5,0,0,0
TUR.81.6_1,2060,11,aegypti,11.6482693938648,80.97620793466123,1.886618857346535e-4,0,0,0,0,0,0,1,1,1,1.8866010608076245e-5,0,0,0
TUR.81.6_1,2060,12,aegypti,6.248361906584571,86.89605290494902,1.5517736321651922e-4,0,0,0,0,0,0,1,1,1,1.5017051425147976e-5,0,0,0
TUR.81.6_1,2061,1,aegypti,2.8765423718620746,81.73892723688476,1.4515585705966386e-4,0,0,0,0,0,0,1,1,1,1.4047242342329902e-5,0,0,0
TUR.81.6_1,2061,2,aegypti,2.5177245727356747,83.56691966227453,1.0858097387347506e-4,0,0,0,0,0,0,1,1,1,1.1633608101191406e-5,0,0,0
TUR.81.6_1,2061,3,aegypti,6.187042380080504,84.49495226954726,1.3329219938198466e-4,0,0,0,0,0,0,1,1,1,1.289916190660989e-5,0,0,0
TUR.81.6_1,2061,4,aegypti,12.13697819148793,72.83925592808825,1.7625441776177118e-4,0,0,0,0,0,0,1,1,1,1.7625286448996746e-5,0,0,0
TUR.81.6_1,2061,5,aegypti,16.116008842692658,67.9376687435765,2.4635707141577406e-4,0.0010453579693981024,0.0010329398192320375,0.0010580831475705277,0,0,0,1,1,1,2.384072271666149e-5,0,0,0
TUR.81.6_1,2061,6,aegypti,21.57966044369866,64.31616881506713,2.7709525019956705e-4,0.06949095092537316,0.06909606959813261,0.06988872658493726,3.17730286525375e-14,2.6975643940829744e-14,3.730349362740526e-14,0.9999999999999682,0.9999999999999627,0.999999999999973,2.7709141114606872e-5,8.804033345716092e-19,7.474719246138412e-19,1.0336477689896105e-18
TUR.81.6_1,2061,7,aegypti,24.14289872786578,73.12186557325008,3.2540244700190064e-4,0.16709121624157788,0.16630039066763186,0.16786914763420355,9.009221505420243e-4,8.023168350530129e-4,0.0010056663713840174,0.999099077849458,0.9989943336286159,0.9991976831649471,3.149006356484296e-5,2.8370095787543367e-8,2.5265008134963005e-8,3.1668497959907683e-8
TUR.81.6_1,2061,8,aegypti,25.38325371461756,67.65629400493488,3.8639489412162854e-4,0.1895948288919823,0.18860835649341295,0.1905742123721171,0.013846598292468301,0.012560479676118938,0.015191574468169267,0.9861534017075317,0.9848084255318308,0.987439520323881,3.7392355158316626e-5,5.177569210865153e-7,4.6966591700825715e-7,5.680487479278002e-7
TUR.81.6_1,2061,9,aegypti,19.487136111539954,85.80288046621403,3.0797538951488605e-4,0.038045660095779046,0.037831794977467366,0.038250330370614205,0,0,0,1,1,1,3.079706471220689e-5,0,0,0
TUR.81.6_1,2061,10,aegypti,13.814666748046875,75.13123559339301,3.03496893214236e-4,0,0,0,0,0,0,1,1,1,2.937023577143094e-5,0,0,0
TUR.81.6_1,2061,11,aegypti,12.01945851129644,77.83222600106748,1.7604325157751787e-4,0,0,0,0,0,0,1,1,1,1.760417020257865e-5,0,0,0
TUR.81.6_1,2061,12,aegypti,8.198047003325293,79.28218419157011,1.4479833849579608e-4,0,0,0,0,0,0,1,1,1,1.4012644257044293e-5,0,0,0
TUR.81.6_1,2062,1,aegypti,2.596298259847304,85.5084203399121,1.5655633055630186e-4,0,0,0,0,0,0,1,1,1,1.5150497864491186e-5,0,0,0
TUR.81.6_1,2062,2,aegypti,5.634467422085651,74.15262828043859,1.1710887305686723e-4,0,0,0,0,0,0,1,1,1,1.2547300538012784e-5,0,0,0
TUR.81.6_1,2062,3,aegypti,6.767635012374205,79.98513323878554,1.437609067228004e-4,0,0,0,0,0,0,1,1,1,1.3912249035685775e-5,0,0,0
TUR.81.6_1,2062,4,aegypti,10.21701149379506,76.56029474644762,1.9009735775097543e-4,0,0,0,0,0,0,1,1,1,1.9009555091265007e-5,0,0,0
TUR.81.6_1,2062,5,aegypti,15.456439102397246,75.6937493710179,2.657058412158826e-4,2.4876864077404273e-4,2.453351766674608e-4,2.520852633799999e-4,0,0,0,1,1,1,2.571313791632779e-5,0,0,0
TUR.81.6_1,2062,6,aegypti,19.060419110690848,81.06241515295775,2.98858182264003e-4,0.02745842022054326,0.02730569141367906,0.027627609839280923,0,0,0,1,1,1,2.9885371649829295e-5,0,0,0
TUR.81.6_1,2062,7,aegypti,23.54245584151324,73.07771426709773,3.509594038339043e-4,0.1453087669824355,0.14464391950233527,0.14601380178341639,2.5961725641195475e-5,2.2961316532477125e-5,2.9433425265287805e-5,0.9999740382743588,0.9999705665747347,0.9999770386834675,3.396323651050359e-5,8.817442281727274e-10,7.79840623985057e-10,9.996543835992014e-10
TUR.81.6_1,2062,8,aegypti,23.34860672670252,75.55109228374347,4.167421693807953e-4,0.14465834406960368,0.14397753017024195,0.1453246605025163,2.306268808912071e-5,2.0325064192866503e-5,2.5987341743599623e-5,0.9999769373119108,0.9999740126582564,0.9999796749358072,4.0329074120437625e-5,9.30096857362683e-10,8.19691020336766e-10,1.0480454313707717e-9
TUR.81.6_1,2062,9,aegypti,20.376546130460852,77.91195791982732,3.3216363335776495e-4,0.05315018889069949,0.05284543859629429,0.053433925329422365,0,0,0,1,1,1,3.3215811678477536e-5,0,0,0
TUR.81.6_1,2062,10,aegypti,14.880533218383789,81.10913323743598,3.2733339804075977e-4,1.3099601788662006e-5,1.2888571689812016e-5,1.3306119258095184e-5,0,0,0,1,1,1,3.167692389249854e-5,0,0,0
TUR.81.6_1,2062,11,aegypti,10.70114682001226,80.92902012948545,1.8986960667283128e-4,0,0,0,0,0,0,1,1,1,1.898678041611923e-5,0,0,0
TUR.81.6_1,2062,12,aegypti,8.439263662871191,77.68758732877714,1.561707326507217e-4,0,0,0,0,0,0,1,1,1,1.5113182502801692e-5,0,0,0
TUR.81.6_1,2063,1,aegypti,7.540890974156996,75.5675252593457,1.7125984322822167e-4,0,0,0,0,0,0,1,1,1,1.6573395875352226e-5,0,0,0
TUR.81.6_1,2063,2,aegypti,7.619369327145465,76.20113597086828,1.2810754550190545e-4,0,0,0,0,0,0,1,1,1,1.3725714248180587e-5,0,0,0
TUR.81.6_1,2063,3,aegypti,7.977186823592467,80.3618574819496,1.5726269426607193e-4,0,0,0,0,0,0,1,1,1,1.521885460487038e-5,0,0,0
TUR.81.6_1,2063,4,aegypti,14.895426792256973,66.42137491612536,2.0795098844516666e-4,1.1359590948012026e-5,1.1153453130212246e-5,1.1564714218005524e-5,0,0,0,1,1,1,2.0794882627961364e-5,0,0,0
TUR.81.6_1,2063,5,aegypti,14.100015724406523,77.40245908781478,2.906604961278783e-4,0,0,0,0,0,0,1,1,1,2.8128039508468206e-5,0,0,0
TUR.81.6_1,2063,6,aegypti,19.08312609616448,77.78977873938354,3.2692645043566523e-4,0.026479658946120917,0.026315982465263715,0.026639782669561334,0,0,0,1,1,1,3.2692110644827466e-5,0,0,0
TUR.81.6_1,2063,7,aegypti,23.328664947958554,80.26572543653133,3.839209329095071e-4,0.15639137770035913,0.15573358017966799,0.15709646015431977,1.7450740682729206e-4,1.5649459215063833e-4,1.9531217359479712e-4,0.9998254925931727,0.9998046878264052,0.9998435054078494,3.715294848072315e-5,6.483464695358976e-9,5.814235519684446e-9,7.256423123225554e-9
TUR.81.6_1,2063,8,aegypti,25.916380545672247,69.08348669292316,4.5588190743316506e-4,0.21112975607459603,0.21012460997580912,0.21218168665483442,0.06565373343999727,0.06235745167029115,0.06914497592766473,0.9343462665600027,0.9308550240723352,0.9376425483297088,4.4116630777968346e-5,2.896421517367513e-6,2.7510006715932403e-6,3.0504433731522937e-6
TUR.81.6_1,2063,9,aegypti,20.00571559457218,70.45200079702458,3.633598946323635e-4,0.03948481328223463,0.03924728393586169,0.039710437692669215,0,0,0,1,1,1,3.6335329319125975e-5,0,0,0
TUR.81.6_1,2063,10,aegypti,13.939825057983398,76.85170983655708,3.580760115711913e-4,0,0,0,0,0,0,1,1,1,3.465191685725344e-5,0,0,0
TUR.81.6_1,2063,11,aegypti,10.453731277409721,82.47930546884092,2.0770184736093565e-4,0,0,0,0,0,0,1,1,1,2.076996903732642e-5,0,0,0
TUR.81.6_1,2063,12,aegypti,7.334136805113624,81.15211827360136,1.708380306025416e-4,0,0,0,0,0,0,1,1,1,1.653257597444835e-5,0,0,0
TUR.81.6_1,2064,1,aegypti,4.986424726598402,78.87561546930664,1.5507380414888532e-4,0,0,0,0,0,0,1,1,1,1.5007029730340626e-5,0,0,0
TUR.81.6_1,2064,2,aegypti,2.5202997318085507,81.19171366862219,1.2014275195470353e-4,0,0,0,0,0,0,1,1,1,1.2428483312842964e-5,0,0,0
TUR.81.6_1,2064,3,aegypti,7.679826403365416,79.794695921891,1.4239954790828697e-4,0,0,0,0,0,0,1,1,1,1.3780506458394015e-5,0,0,0
TUR.81.6_1,2064,4,aegypti,12.051343959920548,82.95968592076403,1.8829721110826537e-4,0,0,0,0,0,0,1,1,1,1.882954383269908e-5,0,0,0
TUR.81.6_1,2064,5,aegypti,18.269508445964142,76.61535734220931,2.631897121982462e-4,0.014812185405564055,0.014708445791428635,0.01492129028414939,0,0,0,1,1,1,2.546964779126526e-5,0,0,0
TUR.81.6_1,2064,6,aegypti,21.648210553561942,73.15165618078979,2.960281137148455e-4,0.08266106981440759,0.0822316356741811,0.08309987354948363,4.3798189519606014e-12,3.769295986444376e-12,5.073716446979404e-12,0.9999999999956202,0.9999999999949263,0.9999999999962307,2.9602373212589406e-5,1.296530352195099e-16,1.1158010653944178e-16,1.5019404783833738e-16
TUR.81.6_1,2064,7,aegypti,23.075082947226132,84.40107852491023,3.4763595736408666e-4,0.15688887559568845,0.15626362115807405,0.15748686207091325,1.8911002792860155e-4,1.706421424226917e-4,2.079904294350232e-4,0.9998108899720713,0.999792009570565,0.9998293578575773,3.3641623530256126e-5,6.361968365370235e-9,5.740678713780543e-9,6.997135724949353e-9
TUR.81.6_1,2064,8,aegypti,25.582380911883185,66.82521642925128,4.127957861908233e-4,0.19219955654433132,0.19114038889500795,0.19317433367416714,0.01767065034162837,0.016019830124642954,0.019265021995745778,0.9823293496583716,0.9807349780042542,0.9839801698753571,3.994718139888054e-5,7.05892674633219e-7,6.399470599683631e-7,7.695833283174801e-7
TUR.81.6_1,2064,9,aegypti,20.332665667814368,83.62703818105778,3.290181753856313e-4,0.056951175066461385,0.056667047668772064,0.05724478845856523,1.1102230246251565e-16,1.1102230246251565e-16,1.1102230246251565e-16,0.9999999999999999,0.9999999999999999,0.9999999999999999,3.2901276279750924e-5,3.652775446533299e-21,3.652775446533299e-21,3.652775446533299e-21
TUR.81.6_1,2064,10,aegypti,17.25382900238037,80.1383843360688,3.2423368048286585e-4,0.006233674910768773,0.006182266559466979,0.006283232581421532,0,0,0,1,1,1,3.137696068278295e-5,0,0,0
TUR.81.6_1,2064,11,aegypti,11.365543106023003,80.03575535897764,1.8807161674257397e-4,0,0,0,0,0,0,1,1,1,1.8806984820707306e-5,0,0,0
TUR.81.6_1,2064,12,aegypti,5.246534666594337,81.77363926969511,1.5469185770265934e-4,0,0,0,0,0,0,1,1,1,1.497006772510634e-5,0,0,0
TUR.81.6_1,2065,1,aegypti,6.14001635944142,79.42049919733398,1.612574558591797e-4,0,0,0,0,0,0,1,1,1,1.560543847833884e-5,0,0,0
TUR.81.6_1,2065,2,aegypti,6.7999518504914125,80.23414073161047,1.2062545705166872e-4,0,0,0,0,0,0,1,1,1,1.292407259612105e-5,0,0,0
TUR.81.6_1,2065,3,aegypti,7.751485491500182,78.44748980616835,1.4807780680443694e-4,0,0,0,0,0,0,1,1,1,1.4330007660379174e-5,0,0,0
TUR.81.6_1,2065,4,aegypti,11.435163539998673,84.41773188023669,1.9580566411813276e-4,0,0,0,0,0,0,1,1,1,1.9580374713723536e-5,0,0,0
TUR.81.6_1,2065,5,aegypti,16.169241035685822,84.19662565275618,2.736845441455172e-4,0.0015140644826694034,0.0014982578532346934,0.001529778799950014,0,0,0,1,1,1,2.6485250305907648e-5,0,0,0
TUR.81.6_1,2065,6,aegypti,21.14532092038323,86.03536894934447,3.078323946616812e-4,0.08424123507706982,0.08385720628255988,0.08461943361899965,7.47738726492031e-12,6.557851484068067e-12,8.469669410260394e-12,0.9999999999925226,0.9999999999915303,0.9999999999934421,3.078276566714777e-5,2.301746599785569e-16,2.0186880551402453e-16,2.6071984873425537e-16
TUR.81.6_1,2065,7,aegypti,22.150739838095273,80.2853482392657,3.6149812895465644e-4,0.11060587995309125,0.1101113176501866,0.11110114056900044,1.5518489316912465e-8,1.367514635419731e-8,1.7532075652360035e-8,0.9999999844815107,0.9999999824679243,0.9999999863248537,3.498307797666911e-5,5.428845218536553e-13,4.783987112512468e-13,6.133259696393729e-13
TUR.81.6_1,2065,8,aegypti,23.327835700091192,74.10974706889972,4.2925624115477365e-4,0.14023433870665736,0.13959195158555915,0.1408949427892405,1.0120337740885055e-5,8.93624227626122e-6,1.1447308041206972e-5,0.9999898796622592,0.9999885526919587,0.9999910637577237,4.154006375101105e-5,4.203994749381283e-10,3.7121207385037114e-10,4.75521905809199e-10
TUR.81.6_1,2065,9,aegypti,20.29673694161808,70.96430319570622,3.421379528626057e-4,0.04583016826384939,0.04557896480428439,0.046097541327817,0,0,0,1,1,1,3.421321000107724e-5,0,0,0
TUR.81.6_1,2065,10,aegypti,13.126330375671387,84.65184258802192,3.3716267364103955e-4,0,0,0,0,0,0,1,1,1,3.262811352777728e-5,0,0,0
TUR.81.6_1,2065,11,aegypti,11.586253860417534,81.56802769784483,1.955710740552448e-4,0,0,0,0,0,0,1,1,1,1.9556916166507676e-5,0,0,0
TUR.81.6_1,2065,12,aegypti,9.412913641508887,77.40794713102323,1.6086027909208546e-4,0,0,0,0,0,0,1,1,1,1.5567002616068137e-5,0,0,0
TUR.81.6_1,2066,1,aegypti,7.094702047460219,78.4905217803418,1.573951041866159e-4,0,0,0,0,0,0,1,1,1,1.5231668273107957e-5,0,0,0
TUR.81.6_1,2066,2,aegypti,4.654486476498493,81.73491130045812,1.1773630111580842e-4,0,0,0,0,0,0,1,1,1,1.2614524127152471e-5,0,0,0
TUR.81.6_1,2066,3,aegypti,5.993834162459654,76.3104429922035,1.4453112698282214e-4,0,0,0,0,0,0,1,1,1,1.3986785440400773e-5,0,0,0
TUR.81.6_1,2066,4,aegypti,12.11610702907338,84.27008783726794,1.9111583238120796e-4,0,0,0,0,0,0,1,1,1,1.9111400612947804e-5,0,0,0
TUR.81.6_1,2066,5,aegypti,15.372617805705351,76.46353239103743,2.671293994472257e-4,1.9101938885079467e-4,1.8840124258700898e-4,1.936519698104779e-4,0,0,0,1,1,1,2.5850898064394556e-5,0,0,0
TUR.81.6_1,2066,6,aegypti,19.721284894382254,80.23696807043822,3.0045935905190994e-4,0.03975220545982298,0.03952581257615567,0.03997517460179239,0,0,0,1,1,1,3.0045484530560884e-5,0,0,0
TUR.81.6_1,2066,7,aegypti,22.84763734480914,78.16510135205867,3.5283972060040354e-4,0.1321485143560223,0.1315171498618049,0.13275572585340525,2.0524082722607197e-6,1.7995865093406449e-6,2.319006787238065e-6,0.9999979475917278,0.9999976809932127,0.9999982004134906,3.4145196452506354e-5,7.007988365709141e-11,6.144723489471647e-11,7.918294232493933e-11
TUR.81.6_1,2066,8,aegypti,23.13061012941248,85.73192419292316,4.189749270155354e-4,0.1630188336133869,0.1623587147758939,0.1636947278261165,4.936616078628245e-4,4.4605857223421194e-4,5.459383829893028e-4,0.9995063383921372,0.9994540616170108,0.9995539414277658,4.0545138702552386e-5,2.001557836292324e-8,1.8085506680698608e-8,2.2135147461348446e-8
TUR.81.6_1,2066,9,aegypti,20.274504885954016,86.56736105703435,3.3394324901188637e-4,0.05799882373009661,0.05773236897844631,0.05827921952184017,2.1049828546892967e-16,1.1102230246251565e-16,2.220446049250313e-16,0.9999999999999998,0.9999999999999998,0.9999999999999999,3.3393767316924894e-5,7.02933076556107e-21,3.7074529354225054e-21,7.414905870845011e-21
TUR.81.6_1,2066,10,aegypti,15.160974502563477,81.4293770728852,3.290871349967939e-4,8.863476001250092e-5,8.738648742524145e-5,8.991928496777768e-5,0,0,0,1,1,1,3.1846634981569366e-5,0,0,0
TUR.81.6_1,2066,11,aegypti,12.621542671147514,80.98031254891904,1.908868610930733e-4,0,0,0,0,0,0,1,1,1,1.9088503921516065e-5,0,0,0
TUR.81.6_1,2066,12,aegypti,5.966530165251563,86.09304387174589,1.5700744038338758e-4,0,0,0,0,0,0,1,1,1,1.5194152991893084e-5,0,0,0
TUR.81.6_1,2067,1,aegypti,7.790907186620375,75.65118157038086,1.632425748973058e-4,0,0,0,0,0,0,1,1,1,1.5797543755913246e-5,0,0,0
TUR.81.6_1,2067,2,aegypti,5.321603118496784,81.99978099039953,1.2211038616703962e-4,0,0,0,0,0,0,1,1,1,1.3083170075312012e-5,0,0,0
TUR.81.6_1,2067,3,aegypti,8.350705767379088,78.32506854151991,1.4990068111338142e-4,0,0,0,0,0,0,1,1,1,1.450641230804628e-5,0,0,0
TUR.81.6_1,2067,4,aegypti,9.487847370259903,81.43967401890856,1.9821608011746038e-4,0,0,0,0,0,0,1,1,1,1.982141156497974e-5,0,0,0
TUR.81.6_1,2067,5,aegypti,14.361395920024199,86.39801878019759,2.770536683582828e-4,0,0,0,0,0,0,1,1,1,2.6811285896100046e-5,0,0,0
TUR.81.6_1,2067,6,aegypti,21.053953198825614,73.47221282141479,3.1162188733313014e-4,0.06635029756973199,0.06598561432396313,0.06673075851666173,8.510303572961675e-15,7.216449660063518e-15,9.992007221626409e-15,0.9999999999999915,0.99999999999999,0.9999999999999928,3.116170319739098e-5,2.651955540603277e-19,2.2487686244581235e-19,3.113679633865094e-19
TUR.81.6_1,2067,7,aegypti,22.81143777510699,67.83888751538875,3.6594826004603077e-4,0.10917238912561171,0.10858171159605944,0.10969339886282871,1.0808117814953278e-8,9.269942372047702e-9,1.2304216329139804e-8,0.9999999891918822,0.9999999876957837,0.9999999907300576,3.541372066573345e-5,3.8275566522109276e-13,3.2828314975114384e-13,4.357380800909133e-13
TUR.81.6_1,2067,8,aegypti,24.13602127748377,70.67391790630207,4.345404913124528e-4,0.15943385579276778,0.15866419993707562,0.16015649815709615,2.840236934099344e-4,2.510349510279841e-4,3.175440541563185e-4,0.99971597630659,0.9996824559458437,0.9997489650489719,4.205142142510443e-5,1.1943600026295806e-8,1.0556376518108212e-8,1.3353178842363532e-8
TUR.81.6_1,2067,9,aegypti,21.174712405485266,71.33652609609685,3.463497554132187e-4,0.06720396654718963,0.06681903468343707,0.06755477158151585,1.2246204050825327e-14,1.0325074129013956e-14,1.4210854715202004e-14,0.9999999999999878,0.9999999999999858,0.9999999999999897,3.4634375757458535e-5,4.241396326987952e-19,3.5760249710788325e-19,4.921840820409576e-19
TUR.81.6_1,2067,10,aegypti,17.455430030822754,72.50411462171333,3.413132292778271e-4,0.006808445063097883,0.006746627771276783,0.006864808596199267,0,0,0,1,1,1,3.3029767016024e-5,0,0,0
TUR.81.6_1,2067,11,aegypti,11.196197250310112,84.36286564950498,1.9797860219306234e-4,0,0,0,0,0,0,1,1,1,1.9797664242982016e-5,0,0,0
TUR.81.6_1,2067,12,aegypti,6.770858130034278,80.65468175016386,1.628405087862885e-4,0,0,0,0,0,0,1,1,1,1.5758634746232403e-5,0,0,0
TUR.81.6_1,2068,1,aegypti,2.9918582860161274,84.62147270807617,1.5664216199931427e-4,0,0,0,0,0,0,1,1,1,1.5158804007375792e-5,0,0,0
TUR.81.6_1,2068,2,aegypti,5.893553554135211,84.96969065836828,1.2135783034421275e-4,0,0,0,0,0,0,1,1,1,1.2554179507073826e-5,0,0,0
TUR.81.6_1,2068,3,aegypti,6.756263876662535,78.88560778712538,1.438397231208914e-4,0,0,0,0,0,0,1,1,1,1.391987632282099e-5,0,0,0
TUR.81.6_1,2068,4,aegypti,12.053913158528946,79.25613367467028,1.902015779410542e-4,0,0,0,0,0,0,1,1,1,1.9019976912004743e-5,0,0,0
TUR.81.6_1,2068,5,aegypti,17.89123734305887,80.01049131437728,2.658515134840517e-4,0.011466756378463085,0.011383706605950936,0.011549355297829815,0,0,0,1,1,1,2.5727234870043247e-5,0,0,0
TUR.81.6_1,2068,6,aegypti,20.567258862888114,77.38295653479369,2.9902203018346193e-4,0.05749281866161666,0.05719582755747243,0.05780487162294183,1.1379786002407854e-16,1.1102230246251565e-16,1.1379786002407602e-16,0.9999999999999999,0.9999999999999999,0.9999999999999999,2.9901755951966535e-5,3.4027558382960456e-21,3.3197617934595564e-21,3.40275583829597e-21
TUR.81.6_1,2068,7,aegypti,24.344505478354062,70.10029346021297,3.51151816059988e-4,0.16478194501271726,0.16398557033899533,0.16557705105704199,6.430951655500666e-4,5.702513078895855e-4,7.218679076346574e-4,0.9993569048344499,0.9992781320923653,0.9994297486921104,3.3981856415898903e-05,2.18535675774811e-8,1.937819806568245e-8,2.45304115884863e-8
TUR.81.6_1,2068,8,aegypti,23.375771185931036,71.59364904643878,4.1697064677059467e-4,0.13568935999078854,0.13501630665154396,0.13634765122212647,4.188677040864563e-6,3.656859905207255e-6,4.7610327663455415e-6,0.9999958113229591,0.9999952389672336,0.9999963431400948,4.035118394363213e-5,1.690180777563947e-10,1.475586266911111e-10,1.9211330891646865e-10
TUR.81.6_1,2068,9,aegypti,22.84921382455265,64.59362906240544,3.3234574087054347e-4,0.10413419956001307,0.103551152393004,0.1046450657345616,2.8982316341297222e-9,2.471100085665867e-9,3.313501772961303e-9,0.9999999971017683,0.9999999966864982,0.9999999975288999,3.323402182475732e-5,9.631989338186925e-14,8.21245941781791e-14,1.10120990238968e-13
TUR.81.6_1,2068,10,aegypti,12.761392593383789,82.71678399427192,3.2751285739446436e-4,0,0,0,0,0,0,1,1,1,3.1694290376416134e-5,0,0,0
TUR.81.6_1,2068,11,aegypti,11.572043159428764,77.25011082772764,1.8997370199920369e-4,0,0,0,0,0,0,1,1,1,1.8997189751068788e-5,0,0,0
TUR.81.6_1,2068,12,aegypti,9.063384375151465,80.16781193815214,1.562563526910745e-4,0,0,0,0,0,0,1,1,1,1.512146818793969e-5,0,0,0
TUR.81.6_1,2069,1,aegypti,6.940159601323744,79.35918175348633,1.6579717369673874e-4,0,0,0,0,0,0,1,1,1,1.60447590585866e-5,0,0,0
TUR.81.6_1,2069,2,aegypti,4.311116992550739,85.49608073405187,1.2402130337780311e-4,0,0,0,0,0,0,1,1,1,1.3287908505410506e-5,0,0,0
TUR.81.6_1,2069,3,aegypti,9.226654673323912,74.18247515773085,1.5224649133015438e-4,0,0,0,0,0,0,1,1,1,1.4733422881052505e-5,0,0,0
TUR.81.6_1,2069,4,aegypti,12.235453647725723,78.47333490758044,2.0131798267330353e-4,0,0,0,0,0,0,1,1,1,2.0131595624084397e-5,0,0,0
TUR.81.6_1,2069,5,aegypti,13.877583587870879,82.88375944181868,2.813893079364493e-4,0,0,0,0,0,0,1,1,1,2.723085258227176e-5,0,0,0
TUR.81.6_1,2069,6,aegypti,20.747707394992606,74.89171507971557,3.1649848830416383e-4,0.059776400395081405,0.05945139764697553,0.06010653519204258,4.383160501220118e-16,3.3306690738754696e-16,5.551115123125783e-16,0.9999999999999996,0.9999999999999994,0.9999999999999997,3.1649347979278986e-5,1.387241719521464e-20,1.054135045229076e-20,1.75689174204846e-20
TUR.81.6_1,2069,7,aegypti,24.295986343832578,70.9889615205157,3.716750196634668e-4,0.1658789562814169,0.16508871966907643,0.16671550687963024,7.55830116072849e-4,6.718123955356953e-4,8.521099719417446e-4,0.9992441698839272,0.9991478900280583,0.9993281876044643,3.596790342941247e-5,2.7185624623949852e-8,2.4163683365310142e-8,3.064860918204005e-8
TUR.81.6_1,2069,8,aegypti,25.11507858949549,68.94851125957355,4.4134065737274757e-4,0.18618397830803673,0.18520794802934717,0.18708636884085683,0.009821729941130975,0.008848949981580508,0.01077356479211091,0.990178270058869,0.9892264352078891,0.9911510500184195,4.270947412177151e-5,4.1948092075176175e-7,3.779340002431632e-7,4.601332866878895e-7
TUR.81.6_1,2069,9,aegypti,22.739033923429602,66.94291418813786,3.517698161413658e-4,0.10530059015965575,0.10476362774401128,0.10585641267487048,3.954355346058591e-9,3.4198598841683746e-9,4.5676085247414734e-9,0.9999999960456446,0.9999999954323914,0.9999999965801402,3.5176362911393255e-5,1.3909983873356506e-13,1.2029823239162205e-13,1.6067185510347963e-13
TUR.81.6_1,2069,10,aegypti,14.290814399719238,83.36069726331489,3.466544729227048e-4,0,0,0,0,0,0,1,1,1,3.354664435573085e-5,0,0,0
TUR.81.6_1,2069,11,aegypti,11.458595016423393,76.39623662118467,2.0107678843396163e-4,0,0,0,0,0,0,1,1,1,2.010747668534929e-5,0,0,0
TUR.81.6_1,2069,12,aegypti,8.8067830415333,79.97758824430448,1.6538881561437057e-4,0,0,0,0,0,0,1,1,1,1.600524116773805e-5,0,0,0
TUR.81.6_1,2070,1,aegypti,6.248122495763441,85.8691838897168,1.549714756432336e-4,0,0,0,0,0,0,1,1,1,1.4997127120386367e-5,0,0,0
TUR.81.6_1,2070,2,aegypti,2.733723699170001,86.8968451993839,1.1592335362007054e-4,0,0,0,0,0,0,1,1,1,1.2420282184066878e-5,0,0,0
TUR.81.6_1,2070,3,aegypti,9.37301220963983,77.71270281886366,1.423055827603827e-4,0,0,0,0,0,0,1,1,1,1.3771413182261938e-5,0,0,0
TUR.81.6_1,2070,4,aegypti,11.437829059713028,77.32537043004137,1.881729594828097e-4,0,0,0,0,0,0,1,1,1,1.8817118904057573e-5,0,0,0
TUR.81.6_1,2070,5,aegypti,14.191907966838164,90.27352994963118,2.630160412800666e-4,0,0,0,0,0,0,1,1,1,2.5452841356132794e-5,0,0,0
TUR.81.6_1,2070,6,aegypti,20.37416842404534,78.57245543616088,2.958327737302905e-4,0.0536433297235328,0.05334165516484727,0.05392521746726919,0,0,0,1,1,1,2.9582839792152704e-5,0,0,0
TUR.81.6_1,2070,7,aegypti,23.542410065146054,73.50627261670711,3.474065629268824e-4,0.14644051690378906,0.14575232928187895,0.14708910300837125,3.1834913725558575e-5,2.8077834056533524e-5,3.56880512053126e-5,0.9999681650862744,0.9999643119487946,0.9999719221659434,3.3619424815167775e-5,1.0702714884937693e-9,9.43960631036386e-10,1.1998117542968645e-9
TUR.81.6_1,2070,8,aegypti,27.18487610536463,61.23303808452472,4.1252339475648616e-4,0.2039695165508022,0.20273054542438937,0.20520566713296456,0.04370772013953277,0.04029811730008753,0.04720643452140016,0.9562922798604673,0.9527935654785998,0.9597018826999124,3.992082199022473e-5,1.7448481152888483e-6,1.6087339672779903e-6,1.8845196693220155e-6
TUR.81.6_1,2070,9,aegypti,20.19365619210636,70.04293173574528,3.288010662587594e-4,0.04301120504837214,0.04276351659725029,0.04325902394028848,0,0,0,1,1,1,3.287956608111209e-5,0,0,0
TUR.81.6_1,2070,10,aegypti,17.26932430267334,76.72748803479926,3.240197284992419e-4,0.006007514050169988,0.005953918276873072,0.00606125723619185,0,0,0,1,1,1,3.135625630157346e-5,0,0,0
TUR.81.6_1,2070,11,aegypti,9.488468864384819,75.8742715943292,1.8794751398000623e-4,0,0,0,0,0,0,1,1,1,1.8794574777714068e-5,0,0,0
TUR.81.6_1,2070,12,aegypti,3.8796451898182136,83.47175938688261,1.5458978123189708e-4,0,0,0,0,0,0,1,1,1,1.496018950475353e-5,0,0,0
TUR.81.6_1,2071,1,aegypti,3.9268651429344623,83.26978813776367,1.6445548119846428e-4,0,0,0,0,0,0,1,1,1,1.591491992392058e-5,0,0,0
TUR.81.6_1,2071,2,aegypti,5.858438788967975,79.53155741862219,1.2301767678599777e-4,0,0,0,0,0,0,1,1,1,1.3180378507948731e-5,0,0,0
TUR.81.6_1,2071,3,aegypti,10.468862200484557,69.18078906153944,1.510144560019774e-4,0,0,0,0,0,0,1,1,1,1.4614195405382446e-5,0,0,0
TUR.81.6_1,2071,4,aegypti,13.331959766500137,73.46242487340075,1.9968884255530266e-4,0,0,0,0,0,0,1,1,1,1.9968684878635123e-5,0,0,0
TUR.81.6_1,2071,5,aegypti,15.699238861308379,73.19613737150618,2.7911220082337186e-4,4.69639104524905e-4,4.628018913916867e-4,4.760275546903261e-4,0,0,0,1,1,1,2.701049335429584e-5,0,0,0
TUR.81.6_1,2071,6,aegypti,19.627313641940848,80.01311400549682,3.1393726462341744e-4,0.03764774525741731,0.03742893342121457,0.03786183221216386,0,0,0,1,1,1,3.139323368450686e-5,0,0,0
TUR.81.6_1,2071,7,aegypti,23.068067718954648,70.05157977613094,3.6866728693461695e-4,0.12184144027891966,0.12125143688956587,0.12245887460214855,2.2446375417828347e-7,1.9600304802802615e-7,2.5724684732664206e-7,0.9999997755362459,0.9999997427531526,0.999999803996952,3.5676842947029996e-5,8.008158105119367e-12,6.992769961635067e-12,9.177755370691211e-12
TUR.81.6_1,2071,8,aegypti,26.33214058595545,66.40478338481769,4.377691643492077e-4,0.21045065956257009,0.2093334047080872,0.2115519067184058,0.06342761947410261,0.05980989250128098,0.06704347150263679,0.9365723805258974,0.9329565284973632,0.940190107498719,4.2363860466521075e-5,2.687038821124478e-6,2.5337779404418927e-6,2.8402202719288867e-6
TUR.81.6_1,2071,9,aegypti,21.880297885221594,73.57676047109685,3.489231637352185e-4,0.090306717777283,0.08985038696518233,0.090794310883688,5.324992213839863e-11,4.604281400588662e-11,6.1808214102399e-11,0.99999999994675,0.9999999999381918,0.9999999999539572,3.489170764370275e-5,1.85798071530294e-15,1.606512405386778e-15,2.156594136440292e-15
TUR.81.6_1,2071,10,aegypti,17.973532676696777,73.19779443128364,3.4384921577963436e-4,0.011065997378450479,0.01097910311898424,0.011157648522761538,0,0,0,1,1,1,3.327517692830462e-5,0,0,0
TUR.81.6_1,2071,11,aegypti,10.245990493718315,77.78380223397764,1.9944960014960388e-4,0,0,0,0,0,0,1,1,1,1.9944761115553433e-5,0,0,0
TUR.81.6_1,2071,12,aegypti,6.939036688383887,78.22463566862089,1.6405042770183486e-4,0,0,0,0,0,0,1,1,1,1.5875721821489996e-5,0,0,0
TUR.81.6_1,2072,1,aegypti,5.421170515172621,77.38340508112304,1.6598474303286404e-4,0,0,0,0,0,0,1,1,1,1.606291063838139e-5,0,0,0
TUR.81.6_1,2072,2,aegypti,7.278162776547321,81.93825755289953,1.2859595416461533e-4,0,0,0,0,0,0,1,1,1,1.3302941256232437e-5,0,0,0
TUR.81.6_1,2072,3,aegypti,7.357802057967467,77.67772967433241,1.5241873053465637e-4,0,0,0,0,0,0,1,1,1,1.4750090945536698e-5,0,0,0
TUR.81.6_1,2072,4,aegypti,10.738110584371231,84.68691980748278,2.0154573734196382e-4,0,0,0,0,0,0,1,1,1,2.0154370632186058e-5,0,0,0
TUR.81.6_1,2072,5,aegypti,16.76838120292215,77.56642240568587,2.8170764874109374e-4,0.0033729701056857252,0.003341405977782779,0.0034055452135452855,0,0,0,1,1,1,2.7261658917532294e-5,0,0,0
TUR.81.6_1,2072,6,aegypti,21.278745679294364,71.43588164465697,3.16856548758466e-4,0.07007146641641172,0.06969179696759648,0.07043401431048593,4.0254244382254e-14,3.441691376337985e-14,4.652112028935562e-14,0.9999999999999597,0.9999999999999534,0.9999999999999656,3.168515289075913e-5,1.2754618877536997e-18,1.0905051746207627e-18,1.4740288090176293e-18
TUR.81.6_1,2072,7,aegypti,21.678751160116757,78.34503299268367,3.720955023239261e-4,0.09108871585707397,0.09064238384517202,0.09151805182428636,6.786942863268308e-11,5.895998966831684e-11,7.729542561563108e-11,0.9999999999321306,0.9999999999227045,0.99999999994104,3.600859383534605e-5,2.4438826894712905e-15,2.1230663205026202e-15,2.783299586323462e-15
TUR.81.6_1,2072,8,aegypti,24.4091116400326,69.40559973003253,4.4183995402698325e-4,0.1647412805094341,0.16387770991306347,0.16560050736837184,6.393473714387816e-4,5.611206892220139e-4,7.243562013782263e-4,0.9993606526285612,0.9992756437986218,0.9994388793107779,4.275779108797728e-5,2.7337081340626836e-8,2.3992281204896695e-8,3.0971871131810995e-8
TUR.81.6_1,2072,9,aegypti,22.011414752287024,64.47297400259099,3.521677796856856e-4,0.08076465609994149,0.08031497243104242,0.08118503755735756,2.271078436422158e-12,1.933067594883653e-12,2.6229018956769323e-12,0.9999999999977289,0.9999999999973771,0.9999999999980669,3.521615786516996e-5,7.997865674122608e-17,6.807521358546713e-17,9.23685272230124e-17
TUR.81.6_1,2072,10,aegypti,17.166638374328613,71.25065087659614,3.470466493868821e-4,0.004921592122106988,0.004875146156642167,0.004968102296426071,0,0,0,1,1,1,3.3584595642954795e-5,0,0,0
TUR.81.6_1,2072,11,aegypti,11.737522819462944,76.83450719003233,2.0130427023522414e-4,0,0,0,0,0,0,1,1,1,2.0130224407832742e-5,0,0,0
TUR.81.6_1,2072,12,aegypti,3.6433494897449714,85.13136632047636,1.6557592296762423e-4,0,0,0,0,0,0,1,1,1,1.602334804096106e-5,0,0,0
TUR.81.6_1,2073,1,aegypti,5.2775395337273086,83.13753258356445,1.568283538847572e-4,0,0,0,0,0,0,1,1,1,1.5176822303564208e-5,0,0,0
TUR.81.6_1,2073,2,aegypti,7.023814498501666,79.91573558024328,1.173123547386835e-4,0,0,0,0,0,0,1,1,1,1.2569101873083355e-5,0,0,0
TUR.81.6_1,2073,3,aegypti,6.130315447554869,79.68648058985976,1.440106974544146e-4,0,0,0,0,0,0,1,1,1,1.3936421995652815e-5,0,0,0
TUR.81.6_1,2073,4,aegypti,10.094965976827286,77.85006678013903,1.904276600504879e-4,0,0,0,0,0,0,1,1,1,1.904258469276332e-5,0,0,0
TUR.81.6_1,2073,5,aegypti,16.597255790934845,74.52961820646712,2.661675164931501e-4,0.0025432714390348703,0.0025178628976963873,0.00256952692367368,0,0,0,1,1,1,2.575781501923391e-5,0,0,0
TUR.81.6_1,2073,6,aegypti,21.997938184177176,69.1949224771765,2.9937746115350354e-4,0.08721483381335475,0.08678193197812803,0.08766331700145023,1.993833587121685e-11,1.7276879926697573e-11,2.2979512737109074e-11,0.9999999999800616,0.9999999999770205,0.999999999982723,2.993729798550504e-5,5.968999023117031e-16,5.172231026253358e-16,6.87944520372543e-16
TUR.81.6_1,2073,7,aegypti,25.77020471236285,61.864404025398514,3.5156921082698053e-4,0.17817008835934128,0.17714933975446653,0.17923325369735787,0.003952760533275737,0.0034785820858457134,0.004488639366530717,0.9960472394667242,0.9955113606334692,0.9965214179141543,3.40222480844643e-5,1.3448179948158655e-7,1.1834918270681615e-7,1.5271360208980072e-7
TUR.81.6_1,2073,8,aegypti,24.7241693945492,72.18916525127277,4.1746627674598346e-4,0.18479505006277527,0.18382947800514696,0.18567462220988548,0.008473800879471617,0.007619782505387429,0.009299384771533243,0.9915261991205284,0.9907006152284668,0.9923802174946126,4.039914619824447e-5,3.4233432058458643e-7,3.078327074339723e-7,3.756872049388997e-7
TUR.81.6_1,2073,9,aegypti,20.780173526090735,68.91180914663396,3.3274078189475943e-4,0.0549977978884708,0.054667620317282506,0.055312448716166626,0,0,0,1,1,1,3.327352461346411e-5,0,0,0
TUR.81.6_1,2073,10,aegypti,13.999387741088867,83.00022363050239,3.279021538370488e-4,0,0,0,0,0,0,1,1,1,3.173196303096759e-5,0,0,0
TUR.81.6_1,2073,11,aegypti,10.115354278508354,81.59370823983701,1.9019951324509264e-4,0,0,0,0,0,0,1,1,1,1.9019770446382367e-5,0,0,0
TUR.81.6_1,2073,12,aegypti,6.146327814635108,81.03274113737089,1.5644208598630387e-4,0,0,0,0,0,0,1,1,1,1.5139442105849277e-5,0,0,0
TUR.81.6_1,2074,1,aegypti,3.46447662746205,89.46207176813476,1.62752873643138e-4,0,0,0,0,0,0,1,1,1,1.5750154059523958e-5,0,0,0
TUR.81.6_1,2074,2,aegypti,6.92338687093819,78.99351725748937,1.2174407480929159e-4,0,0,0,0,0,0,1,1,1,1.3043922942546082e-5,0,0,0
TUR.81.6_1,2074,3,aegypti,5.952666903243346,82.42856127833632,1.494510033771168e-4,0,0,0,0,0,0,1,1,1,1.4462895738143189e-5,0,0,0
TUR.81.6_1,2074,4,aegypti,12.756765407674454,75.2031856766234,1.9762146401874464e-4,0,0,0,0,0,0,1,1,1,1.9761951131958e-5,0,0,0
TUR.81.6_1,2074,5,aegypti,17.155328834758087,82.9249505428929,2.762225522787172e-4,0.005846052656812061,0.005801721517879916,0.005896116841570682,0,0,0,1,1,1,2.673085746096593e-5,0,0,0
TUR.81.6_1,2074,6,aegypti,21.05708315793206,77.91126158850463,3.106870722020335e-4,0.07138257499218971,0.07100455529275913,0.07175133142243217,6.819422804227316e-14,5.850875339774575e-14,7.87148124459236e-14,0.9999999999999318,0.9999999999999213,0.9999999999999415,3.106822459286729e-5,2.118673592754551e-18,1.817763091209852e-18,2.4455294718553797e-18
TUR.81.6_1,2074,7,aegypti,24.647567917318906,73.8932812836993,3.648504746060632e-4,0.18811714381538824,0.18723313602187555,0.18895621396831097,0.011969391515674171,0.010936749919923612,0.012998964538237607,0.9880306084843258,0.9870010354617623,0.9890632500800763,3.5307487121771786e-5,4.2260913679511024e-7,3.861491569517416e-7,4.589607730301924e-7
TUR.81.6_1,2074,8,aegypti,24.259300849016974,77.18601812602863,4.3323694030122744e-4,0.18475943898543432,0.18395148741947065,0.18557438493104692,0.008439741156277592,0.0077226549951180615,0.009201131824002569,0.9915602588437225,0.9907988681759974,0.992277345004882,4.192527662405521e-5,3.5383848261236157e-7,3.237744469424665e-7,3.857599969757053e-7
TUR.81.6_1,2074,9,aegypti,21.06156276254093,80.83641928457341,3.453107623091632e-4,0.07495920661928454,0.07456867248186227,0.0753168762353745,2.7363600274554755e-13,2.353589545478485e-13,3.1243341247488844e-13,0.9999999999997263,0.9999999999996876,0.9999999999997646,3.453048004020687e-5,9.448782531087121e-18,8.127057682298437e-18,1.0788475713357853e-17
TUR.81.6_1,2074,10,aegypti,18.40061855316162,77.00405358655708,3.4028934493548216e-4,0.016455303658771403,0.01633602732509028,0.016571500030411777,0,0,0,1,1,1,3.2930684702336954e-5,0,0,0
TUR.81.6_1,2074,11,aegypti,12.271970489445854,74.6655313599542,1.9738469848961166e-4,0,0,0,0,0,0,1,1,1,1.9738275046643494e-5,0,0,0
TUR.81.6_1,2074,12,aegypti,7.453245958861182,76.05223424039823,1.6235201366525688e-4,0,0,0,0,0,0,1,1,1,1.5711361768699916e-5,0,0,0
TUR.81.6_1,2075,1,aegypti,5.059208196752211,83.20355736383789,1.576328373072194e-4,0,0,0,0,0,0,1,1,1,1.5254674353371023e-5,0,0,0
TUR.81.6_1,2075,2,aegypti,5.472402869778522,82.36512217692297,1.1791413268444085e-4,0,0,0,0,0,0,1,1,1,1.26335772689945e-5,0,0,0
TUR.81.6_1,2075,3,aegypti,9.476004267440123,77.25329119776991,1.4474943006168554e-4,0,0,0,0,0,0,1,1,1,1.4007911249058758e-5,0,0,0
TUR.81.6_1,2075,4,aegypti,12.9159594002892,72.54325830845934,1.9140449805136024e-4,0,0,0,0,0,0,1,1,1,1.9140266627859504e-5,0,0,0
TUR.81.6_1,2075,5,aegypti,14.459546173320097,78.6693581967015,2.6753287772606865e-4,0,0,0,0,0,0,1,1,1,2.5889943339296728e-5,0,0,0
TUR.81.6_1,2075,6,aegypti,19.634168652927176,80.33476164953979,3.009131796545968e-4,0.037972955172191056,0.03776178277131623,0.038196108654257474,0,0,0,1,1,1,3.0090865226317653e-5,0,0,0
TUR.81.6_1,2075,7,aegypti,23.27055566451129,74.10350162061336,3.5337265768434065e-4,0.13815822746873913,0.13749737916239216,0.1388327587659854,6.7953735627263034e-6,5.964063256852503e-6,7.724907629680366e-6,0.9999932046264373,0.9999922750923703,0.9999940359367431,3.4196769246652714e-5,2.3237982166935574e-10,2.0395169496702512e-10,2.6416688366388644e-10
TUR.81.6_1,2075,8,aegypti,23.106611868914435,77.42582525493488,4.1960775620910375e-4,0.14024270092531246,0.13960092195726756,0.14087240899537154,1.0134316974792723e-5,8.951580744320786e-6,1.1398675996612816e-5,0.9999898656830252,0.9999886013240034,0.9999910484192557,4.060637775249454e-5,4.1151790334195096e-10,3.634912691858461e-10,4.628589433967522e-10
TUR.81.6_1,2075,9,aegypti,20.575177417081946,79.37129324697575,3.344476444383028e-4,0.05954428988416178,0.059243566452207005,0.059826913784755374,3.859135233597044e-16,3.3306690738754696e-16,4.440892098500626e-16,0.9999999999999997,0.9999999999999996,0.9999999999999997,3.344420517392699e-5,1.290657105463502e-20,1.1139157987314459e-20,1.4852210649752612e-20
TUR.81.6_1,2075,10,aegypti,14.59675121307373,75.36132287366645,3.2958419563891203e-4,0,0,0,0,0,0,1,1,1,3.189473609133131e-5,0,0,0
TUR.81.6_1,2075,11,aegypti,9.913035133305717,83.27523442391904,1.9117518091982e-4,0,0,0,0,0,0,1,1,1,1.9117335353424636e-5,0,0,0
TUR.81.6_1,2075,12,aegypti,6.404319128569434,80.96725804410917,1.572445879678261e-4,0,0,0,0,0,0,1,1,1,1.521710240914853e-5,0,0,0
